{
"type": "FeatureCollection",
"name": "land_boundary",
"crs": { "type": "name", "properties": { "name": "urn:ogc:def:crs:OGC:1.3:CRS84" } },
"features": [
{ "type": "Feature", "properties": { "mask_semantics": "2025 Census Place minus 2025 Census AREAWATER" }, "geometry": { "type": "MultiPolygon", "coordinates": [ [ [ [ -118.459216, 33.960719 ], [ -118.459257, 33.960705 ], [ -118.459289, 33.960684 ], [ -118.459347, 33.960663 ], [ -118.45938, 33.960643 ], [ -118.459421, 33.960629 ], [ -118.459454, 33.960608 ], [ -118.459496, 33.960594 ], [ -118.459528, 33.960573 ], [ -118.459603, 33.960548 ], [ -118.459635, 33.960527 ], [ -118.459693, 33.960506 ], [ -118.459726, 33.960485 ], [ -118.4598, 33.960457 ], [ -118.459833, 33.960437 ], [ -118.459891, 33.960416 ], [ -118.459924, 33.960395 ], [ -118.460031, 33.960353 ], [ -118.460072, 33.960353 ], [ -118.460154, 33.960331 ], [ -118.460229, 33.960373 ], [ -118.460215, 33.960436 ], [ -118.460188, 33.960552 ], [ -118.460163, 33.960579 ], [ -118.459735, 33.960753 ], [ -118.459636, 33.960822 ], [ -118.45929, 33.960962 ], [ -118.459249, 33.960988 ], [ -118.459191, 33.961024 ], [ -118.459076, 33.961066 ], [ -118.458944, 33.961142 ], [ -118.458648, 33.961278 ], [ -118.458228, 33.961486 ], [ -118.45789, 33.961646 ], [ -118.456919, 33.962094 ], [ -118.456737, 33.962185 ], [ -118.456499, 33.962296 ], [ -118.455947, 33.962566 ], [ -118.455716, 33.962684 ], [ -118.455247, 33.962912 ], [ -118.454893, 33.963092 ], [ -118.45486, 33.963113 ], [ -118.454819, 33.963125 ], [ -118.454786, 33.963146 ], [ -118.454728, 33.963166 ], [ -118.454679, 33.963194 ], [ -118.454489, 33.96325 ], [ -118.453888, 33.963537 ], [ -118.453847, 33.963562 ], [ -118.453809, 33.963575 ], [ -118.453773, 33.963597 ], [ -118.453732, 33.963611 ], [ -118.453608, 33.963673 ], [ -118.453579, 33.963694 ], [ -118.453114, 33.963914 ], [ -118.452694, 33.964122 ], [ -118.452529, 33.964198 ], [ -118.452258, 33.964343 ], [ -118.451961, 33.964496 ], [ -118.451862, 33.964551 ], [ -118.451606, 33.964685 ], [ -118.451549, 33.964601 ], [ -118.451482, 33.964501 ], [ -118.451458, 33.964461 ], [ -118.45187, 33.964253 ], [ -118.451919, 33.964225 ], [ -118.452628, 33.963881 ], [ -118.452694, 33.963853 ], [ -118.453575, 33.96343 ], [ -118.453676, 33.963377 ], [ -118.453706, 33.963361 ], [ -118.454406, 33.963024 ], [ -118.45448, 33.962982 ], [ -118.454522, 33.962982 ], [ -118.454546, 33.962975 ], [ -118.454826, 33.962816 ], [ -118.454925, 33.962754 ], [ -118.45523, 33.962635 ], [ -118.455337, 33.962566 ], [ -118.455461, 33.962524 ], [ -118.455568, 33.962455 ], [ -118.455625, 33.962434 ], [ -118.455979, 33.962248 ], [ -118.456605, 33.961952 ], [ -118.457108, 33.961729 ], [ -118.458084, 33.961276 ], [ -118.458841, 33.960903 ], [ -118.45896, 33.960844 ], [ -118.4591, 33.960779 ], [ -118.459141, 33.960754 ], [ -118.459182, 33.96074 ], [ -118.459216, 33.960719 ] ] ], [ [ [ -118.465588, 33.983285 ], [ -118.46573, 33.983202 ], [ -118.465848, 33.983133 ], [ -118.466408, 33.982795 ], [ -118.466506, 33.982734 ], [ -118.466739, 33.982588 ], [ -118.466772, 33.982565 ], [ -118.466799, 33.982556 ], [ -118.466825, 33.982554 ], [ -118.466847, 33.982573 ], [ -118.466862, 33.982587 ], [ -118.467313, 33.983063 ], [ -118.467274, 33.983102 ], [ -118.466988, 33.983288 ], [ -118.466863, 33.98336 ], [ -118.466625, 33.98351 ], [ -118.465974, 33.983888 ], [ -118.465134, 33.98441 ], [ -118.464966, 33.984523 ], [ -118.464853, 33.984583 ], [ -118.464613, 33.984725 ], [ -118.464585, 33.984734 ], [ -118.464364, 33.984864 ], [ -118.464258, 33.984841 ], [ -118.464161, 33.984713 ], [ -118.464088, 33.98463 ], [ -118.463965, 33.984568 ], [ -118.463796, 33.984367 ], [ -118.465484, 33.983328 ], [ -118.465498, 33.983344 ], [ -118.465588, 33.983285 ] ] ], [ [ [ -118.466046, 33.98397 ], [ -118.46683, 33.983484 ], [ -118.466899, 33.983436 ], [ -118.467041, 33.983349 ], [ -118.467296, 33.983192 ], [ -118.467316, 33.98318 ], [ -118.467359, 33.983165 ], [ -118.467437, 33.983238 ], [ -118.46748, 33.983291 ], [ -118.467542, 33.983353 ], [ -118.467777, 33.983615 ], [ -118.467822, 33.983659 ], [ -118.46783, 33.983687 ], [ -118.467796, 33.983716 ], [ -118.467518, 33.983895 ], [ -118.467101, 33.98416 ], [ -118.466545, 33.984503 ], [ -118.466524, 33.984516 ], [ -118.466536, 33.98453 ], [ -118.464988, 33.985509 ], [ -118.464881, 33.985577 ], [ -118.464636, 33.985251 ], [ -118.464552, 33.985143 ], [ -118.464539, 33.985126 ], [ -118.464466, 33.985044 ], [ -118.464425, 33.985004 ], [ -118.464385, 33.984965 ], [ -118.465919, 33.984023 ], [ -118.466046, 33.98397 ] ] ], [ [ [ -118.467704, 33.983918 ], [ -118.467877, 33.983808 ], [ -118.467902, 33.983801 ], [ -118.467927, 33.9838 ], [ -118.467963, 33.98384 ], [ -118.468059, 33.983948 ], [ -118.468133, 33.98403 ], [ -118.46815, 33.984055 ], [ -118.468208, 33.984113 ], [ -118.468259, 33.984172 ], [ -118.46836, 33.984299 ], [ -118.468373, 33.984316 ], [ -118.468328, 33.984353 ], [ -118.468149, 33.984461 ], [ -118.468032, 33.984532 ], [ -118.467054, 33.985122 ], [ -118.466294, 33.985583 ], [ -118.465559, 33.986017 ], [ -118.465396, 33.986123 ], [ -118.465353, 33.986138 ], [ -118.46532, 33.986109 ], [ -118.465274, 33.986064 ], [ -118.465142, 33.985894 ], [ -118.465123, 33.985844 ], [ -118.465104, 33.985776 ], [ -118.465096, 33.985754 ], [ -118.464999, 33.985643 ], [ -118.464971, 33.985612 ], [ -118.464987, 33.985592 ], [ -118.465024, 33.985564 ], [ -118.465062, 33.985544 ], [ -118.465164, 33.985475 ], [ -118.465448, 33.9853 ], [ -118.465592, 33.985204 ], [ -118.466445, 33.984693 ], [ -118.466597, 33.9846 ], [ -118.467593, 33.983985 ], [ -118.467704, 33.983918 ] ] ], [ [ [ -118.543905, 34.195776 ], [ -118.543907, 34.195659 ], [ -118.543968, 34.195659 ], [ -118.543905, 34.195776 ] ] ], [ [ [ -118.623488, 34.208208 ], [ -118.623504, 34.20825 ], [ -118.623423, 34.20825 ], [ -118.623423, 34.208107 ], [ -118.623488, 34.208208 ] ] ], [ [ [ -118.458098, 34.213854 ], [ -118.45822, 34.213663 ], [ -118.45821, 34.214015 ], [ -118.458128, 34.214 ], [ -118.458166, 34.213867 ], [ -118.458098, 34.213854 ] ] ], [ [ [ -118.479728, 34.218318 ], [ -118.479731, 34.218283 ], [ -118.479817, 34.218261 ], [ -118.47991, 34.218299 ], [ -118.47991, 34.218321 ], [ -118.479818, 34.21831 ], [ -118.479725, 34.218365 ], [ -118.479728, 34.218318 ] ] ], [ [ [ -118.479507, 34.21842 ], [ -118.479447, 34.218453 ], [ -118.479368, 34.218464 ], [ -118.479335, 34.218415 ], [ -118.479259, 34.218433 ], [ -118.479222, 34.218442 ], [ -118.479189, 34.218431 ], [ -118.479202, 34.218344 ], [ -118.479268, 34.218245 ], [ -118.479394, 34.218266 ], [ -118.47946, 34.218327 ], [ -118.479513, 34.218294 ], [ -118.479546, 34.218316 ], [ -118.479507, 34.21842 ] ] ], [ [ [ -118.479819, 34.218435 ], [ -118.479857, 34.218448 ], [ -118.479738, 34.218547 ], [ -118.479718, 34.21853 ], [ -118.479778, 34.21842 ], [ -118.479819, 34.218435 ] ] ], [ [ [ -118.480096, 34.218541 ], [ -118.480063, 34.218569 ], [ -118.480046, 34.218565 ], [ -118.479937, 34.218536 ], [ -118.479983, 34.21847 ], [ -118.480096, 34.218541 ] ] ], [ [ [ -118.482068, 34.218892 ], [ -118.482094, 34.218821 ], [ -118.482109, 34.218813 ], [ -118.482167, 34.218782 ], [ -118.4822, 34.218876 ], [ -118.482173, 34.218947 ], [ -118.482087, 34.218953 ], [ -118.482068, 34.218892 ] ] ], [ [ [ -118.480387, 34.21908 ], [ -118.480347, 34.218964 ], [ -118.480341, 34.21886 ], [ -118.480281, 34.218816 ], [ -118.480221, 34.218596 ], [ -118.480239, 34.218587 ], [ -118.480274, 34.218568 ], [ -118.480354, 34.218684 ], [ -118.480579, 34.21875 ], [ -118.480665, 34.218887 ], [ -118.480877, 34.218975 ], [ -118.481108, 34.219112 ], [ -118.481102, 34.219162 ], [ -118.481029, 34.21925 ], [ -118.48091, 34.219145 ], [ -118.480691, 34.219156 ], [ -118.480546, 34.219107 ], [ -118.480387, 34.21908 ] ] ], [ [ [ -118.481929, 34.219123 ], [ -118.482021, 34.219079 ], [ -118.482121, 34.219068 ], [ -118.482246, 34.218952 ], [ -118.482392, 34.218908 ], [ -118.482557, 34.218974 ], [ -118.482584, 34.21887 ], [ -118.48267, 34.218897 ], [ -118.482663, 34.218947 ], [ -118.482736, 34.218991 ], [ -118.482822, 34.219057 ], [ -118.482855, 34.219156 ], [ -118.482835, 34.21926 ], [ -118.482776, 34.219271 ], [ -118.482749, 34.219167 ], [ -118.482663, 34.219101 ], [ -118.482544, 34.219095 ], [ -118.482375, 34.219065 ], [ -118.48226, 34.219095 ], [ -118.482154, 34.219167 ], [ -118.482088, 34.219134 ], [ -118.481968, 34.219178 ], [ -118.481929, 34.219123 ] ] ], [ [ [ -118.481446, 34.219403 ], [ -118.481333, 34.219376 ], [ -118.481353, 34.219327 ], [ -118.481327, 34.219261 ], [ -118.481274, 34.219299 ], [ -118.481247, 34.21936 ], [ -118.481208, 34.219341 ], [ -118.481327, 34.219101 ], [ -118.481479, 34.219206 ], [ -118.481499, 34.21931 ], [ -118.481519, 34.219321 ], [ -118.481512, 34.219382 ], [ -118.481446, 34.219403 ] ] ], [ [ [ -118.407863, 33.992018 ], [ -118.407867, 33.99197 ], [ -118.408033, 33.991909 ], [ -118.408061, 33.991937 ], [ -118.408022, 33.991971 ], [ -118.407856, 33.992117 ], [ -118.407863, 33.992018 ] ] ], [ [ [ -118.405265, 33.993747 ], [ -118.405498, 33.993325 ], [ -118.405887, 33.992982 ], [ -118.406119, 33.99298 ], [ -118.406036, 33.993056 ], [ -118.405451, 33.993592 ], [ -118.405265, 33.993747 ] ] ], [ [ [ -118.40241, 33.996563 ], [ -118.402815, 33.995833 ], [ -118.403125, 33.995705 ], [ -118.403609, 33.995405 ], [ -118.403581, 33.995386 ], [ -118.403732, 33.99533 ], [ -118.403676, 33.995399 ], [ -118.403368, 33.995775 ], [ -118.403352, 33.995809 ], [ -118.403212, 33.995996 ], [ -118.403129, 33.996141 ], [ -118.403105, 33.996168 ], [ -118.403027, 33.996305 ], [ -118.402985, 33.996424 ], [ -118.402789, 33.996799 ], [ -118.402085, 33.998047 ], [ -118.401761, 33.99864 ], [ -118.401708, 33.998736 ], [ -118.401288, 33.999505 ], [ -118.401214, 33.999664 ], [ -118.40118, 33.999727 ], [ -118.401131, 33.999816 ], [ -118.401114, 33.999852 ], [ -118.401076, 33.999846 ], [ -118.401067, 33.999662 ], [ -118.401058, 33.999461 ], [ -118.400984, 33.999122 ], [ -118.401374, 33.998422 ], [ -118.401441, 33.998302 ], [ -118.40241, 33.996563 ] ] ], [ [ [ -118.415275, 34.002002 ], [ -118.41462, 34.00319 ], [ -118.41436, 34.003662 ], [ -118.414231, 34.003433 ], [ -118.412651, 34.00242 ], [ -118.412276, 34.00218 ], [ -118.412151, 34.0021 ], [ -118.41198, 34.00199 ], [ -118.411641, 34.001772 ], [ -118.409756, 34.000572 ], [ -118.409643, 34.0005 ], [ -118.409623, 34.000523 ], [ -118.40951, 34.000655 ], [ -118.409486, 34.000683 ], [ -118.409349, 34.00086 ], [ -118.409304, 34.000919 ], [ -118.409167, 34.001096 ], [ -118.409077, 34.001212 ], [ -118.408822, 34.001054 ], [ -118.408388, 34.000785 ], [ -118.407553, 34.000269 ], [ -118.406719, 33.999754 ], [ -118.405889, 33.999236 ], [ -118.405717, 33.999441 ], [ -118.40563, 33.999544 ], [ -118.405224, 34.000087 ], [ -118.405173, 34.000209 ], [ -118.404253, 34.001454 ], [ -118.403348, 34.00268 ], [ -118.402973, 34.003187 ], [ -118.402768, 34.003465 ], [ -118.402715, 34.00343 ], [ -118.40216, 34.003119 ], [ -118.40091, 34.002419 ], [ -118.400652, 34.002308 ], [ -118.400358, 34.002143 ], [ -118.400448, 34.001898 ], [ -118.400518, 34.001745 ], [ -118.400663, 34.001429 ], [ -118.400685, 34.001426 ], [ -118.400753, 34.001425 ], [ -118.400803, 34.001423 ], [ -118.400839, 34.001307 ], [ -118.40089, 34.001146 ], [ -118.400902, 34.001107 ], [ -118.400909, 34.001053 ], [ -118.400922, 34.000945 ], [ -118.401011, 34.000789 ], [ -118.401079, 34.000672 ], [ -118.401151, 34.000544 ], [ -118.401227, 34.000412 ], [ -118.40131, 34.000309 ], [ -118.40149, 34.000086 ], [ -118.401594, 33.999959 ], [ -118.401488, 33.9999 ], [ -118.40125, 33.999869 ], [ -118.401272, 33.999808 ], [ -118.401285, 33.999786 ], [ -118.401625, 33.999222 ], [ -118.401633, 33.999192 ], [ -118.401855, 33.998825 ], [ -118.401979, 33.99862 ], [ -118.402012, 33.998496 ], [ -118.402086, 33.998324 ], [ -118.402152, 33.998219 ], [ -118.40216, 33.998192 ], [ -118.402226, 33.998088 ], [ -118.402234, 33.998061 ], [ -118.402291, 33.99797 ], [ -118.402299, 33.997943 ], [ -118.402365, 33.99784 ], [ -118.402374, 33.997811 ], [ -118.402464, 33.997668 ], [ -118.402472, 33.997639 ], [ -118.402563, 33.997493 ], [ -118.402571, 33.997466 ], [ -118.402661, 33.997321 ], [ -118.40267, 33.997294 ], [ -118.40276, 33.997148 ], [ -118.402768, 33.997121 ], [ -118.402859, 33.996976 ], [ -118.402867, 33.996949 ], [ -118.402912, 33.996875 ], [ -118.402957, 33.996803 ], [ -118.402966, 33.996776 ], [ -118.403097, 33.9965 ], [ -118.403336, 33.996044 ], [ -118.403566, 33.995789 ], [ -118.40364, 33.995698 ], [ -118.40378, 33.995538 ], [ -118.403796, 33.995515 ], [ -118.403815, 33.995495 ], [ -118.403895, 33.995415 ], [ -118.404027, 33.995256 ], [ -118.404126, 33.995144 ], [ -118.404167, 33.995088 ], [ -118.404189, 33.995059 ], [ -118.404199, 33.995049 ], [ -118.404496, 33.994887 ], [ -118.404519, 33.994874 ], [ -118.404552, 33.994855 ], [ -118.404583, 33.994839 ], [ -118.404609, 33.994824 ], [ -118.404686, 33.994781 ], [ -118.404771, 33.994736 ], [ -118.404812, 33.994714 ], [ -118.404824, 33.994707 ], [ -118.405033, 33.994595 ], [ -118.404959, 33.994306 ], [ -118.404967, 33.99428 ], [ -118.405163, 33.994082 ], [ -118.405296, 33.993953 ], [ -118.405755, 33.993507 ], [ -118.405813, 33.993445 ], [ -118.40583, 33.993405 ], [ -118.406002, 33.993279 ], [ -118.406179, 33.993149 ], [ -118.406416, 33.992975 ], [ -118.406678, 33.992782 ], [ -118.406933, 33.992623 ], [ -118.407448, 33.992331 ], [ -118.407597, 33.992247 ], [ -118.40779, 33.992138 ], [ -118.407856, 33.992117 ], [ -118.407926, 33.992073 ], [ -118.407975, 33.992072 ], [ -118.407971, 33.992097 ], [ -118.407947, 33.992158 ], [ -118.407848, 33.992311 ], [ -118.407848, 33.992338 ], [ -118.407824, 33.992518 ], [ -118.407853, 33.99259 ], [ -118.407853, 33.992667 ], [ -118.40787, 33.992942 ], [ -118.407899, 33.993063 ], [ -118.407957, 33.993202 ], [ -118.408015, 33.993325 ], [ -118.408122, 33.993471 ], [ -118.408213, 33.993585 ], [ -118.408271, 33.993647 ], [ -118.408411, 33.993781 ], [ -118.408741, 33.994043 ], [ -118.40877, 33.994056 ], [ -118.408881, 33.994132 ], [ -118.408993, 33.9942 ], [ -118.409129, 33.994298 ], [ -118.409339, 33.994428 ], [ -118.409583, 33.994595 ], [ -118.409686, 33.994657 ], [ -118.409872, 33.994781 ], [ -118.410004, 33.994856 ], [ -118.410086, 33.994911 ], [ -118.410255, 33.995013 ], [ -118.410326, 33.995062 ], [ -118.41061, 33.995235 ], [ -118.410681, 33.995283 ], [ -118.411262, 33.995628 ], [ -118.41139, 33.99571 ], [ -118.411605, 33.995834 ], [ -118.411965, 33.996055 ], [ -118.412158, 33.996173 ], [ -118.412756, 33.996522 ], [ -118.412893, 33.996613 ], [ -118.41352, 33.996984 ], [ -118.413837, 33.997177 ], [ -118.413941, 33.997246 ], [ -118.414135, 33.997363 ], [ -118.41437, 33.997516 ], [ -118.414469, 33.997571 ], [ -118.415018, 33.997901 ], [ -118.415191, 33.998013 ], [ -118.415294, 33.99808 ], [ -118.415372, 33.998139 ], [ -118.415547, 33.998273 ], [ -118.415569, 33.9983 ], [ -118.415748, 33.998444 ], [ -118.415781, 33.998453 ], [ -118.416112, 33.998722 ], [ -118.417331, 33.999672 ], [ -118.417195, 33.99976 ], [ -118.416424, 34.000261 ], [ -118.416058, 34.000499 ], [ -118.4161, 34.000517 ], [ -118.415762, 34.001131 ], [ -118.415299, 34.00196 ], [ -118.415275, 34.002002 ] ] ], [ [ [ -118.400315, 34.001692 ], [ -118.400255, 34.001833 ], [ -118.40023, 34.001891 ], [ -118.400175, 34.00204 ], [ -118.399792, 34.001826 ], [ -118.399813, 34.00163 ], [ -118.399816, 34.001606 ], [ -118.400048, 34.001406 ], [ -118.400425, 34.001435 ], [ -118.400315, 34.001692 ] ] ], [ [ [ -118.377009, 34.026764 ], [ -118.376964, 34.0269 ], [ -118.37694, 34.026973 ], [ -118.376896, 34.026969 ], [ -118.376832, 34.027129 ], [ -118.376795, 34.02722 ], [ -118.376403, 34.028187 ], [ -118.376239, 34.028597 ], [ -118.37622, 34.028646 ], [ -118.375686, 34.029028 ], [ -118.37573, 34.028913 ], [ -118.375897, 34.028485 ], [ -118.376501, 34.027203 ], [ -118.376525, 34.027152 ], [ -118.376587, 34.026874 ], [ -118.376623, 34.026713 ], [ -118.37665, 34.026596 ], [ -118.376677, 34.026474 ], [ -118.376738, 34.026063 ], [ -118.376792, 34.02608 ], [ -118.376948, 34.026171 ], [ -118.3771, 34.026228 ], [ -118.377036, 34.026595 ], [ -118.377029, 34.026626 ], [ -118.377012, 34.026717 ], [ -118.377009, 34.026764 ] ] ], [ [ [ -118.356373, 34.063073 ], [ -118.356254, 34.063045 ], [ -118.356221, 34.063018 ], [ -118.356288, 34.062964 ], [ -118.356367, 34.062969 ], [ -118.356413, 34.063012 ], [ -118.356373, 34.063073 ] ] ], [ [ [ -118.66442, 34.19043 ], [ -118.663512, 34.190145 ], [ -118.66335, 34.190503 ], [ -118.663032, 34.190403 ], [ -118.662963, 34.190381 ], [ -118.663126, 34.190024 ], [ -118.661448, 34.189496 ], [ -118.661252, 34.18948 ], [ -118.661174, 34.189473 ], [ -118.660998, 34.189444 ], [ -118.660398, 34.189369 ], [ -118.659684, 34.189285 ], [ -118.659511, 34.189275 ], [ -118.659304, 34.18928 ], [ -118.658985, 34.189316 ], [ -118.658797, 34.189339 ], [ -118.658729, 34.189348 ], [ -118.65856, 34.18938 ], [ -118.658395, 34.189424 ], [ -118.658236, 34.18948 ], [ -118.657467, 34.18981 ], [ -118.657449, 34.189818 ], [ -118.657333, 34.190671 ], [ -118.657326, 34.190721 ], [ -118.657247, 34.191281 ], [ -118.657209, 34.191546 ], [ -118.657095, 34.192357 ], [ -118.657066, 34.192566 ], [ -118.657055, 34.192688 ], [ -118.656921, 34.194108 ], [ -118.656916, 34.194217 ], [ -118.656856, 34.194713 ], [ -118.656821, 34.194999 ], [ -118.656704, 34.195954 ], [ -118.656638, 34.19649 ], [ -118.656621, 34.196626 ], [ -118.656606, 34.196757 ], [ -118.65848, 34.196762 ], [ -118.658477, 34.196047 ], [ -118.658475, 34.195351 ], [ -118.658473, 34.194962 ], [ -118.659815, 34.194963 ], [ -118.668084, 34.194972 ], [ -118.668079, 34.195194 ], [ -118.668074, 34.195385 ], [ -118.668069, 34.195572 ], [ -118.668067, 34.195642 ], [ -118.668067, 34.195665 ], [ -118.668066, 34.195695 ], [ -118.668034, 34.19695 ], [ -118.668001, 34.198217 ], [ -118.667992, 34.198601 ], [ -118.667987, 34.198788 ], [ -118.667979, 34.1991 ], [ -118.667977, 34.199159 ], [ -118.667976, 34.199226 ], [ -118.667967, 34.199572 ], [ -118.667965, 34.199629 ], [ -118.667888, 34.20264 ], [ -118.667815, 34.205482 ], [ -118.667807, 34.205795 ], [ -118.667806, 34.206631 ], [ -118.667805, 34.20677 ], [ -118.667805, 34.206956 ], [ -118.667804, 34.207184 ], [ -118.667803, 34.20769 ], [ -118.667803, 34.207836 ], [ -118.667802, 34.208041 ], [ -118.6678, 34.209046 ], [ -118.667799, 34.209329 ], [ -118.666807, 34.209332 ], [ -118.662764, 34.209343 ], [ -118.662741, 34.212899 ], [ -118.657632, 34.212937 ], [ -118.657526, 34.212946 ], [ -118.65732, 34.212938 ], [ -118.653931, 34.212945 ], [ -118.65324, 34.212946 ], [ -118.652917, 34.214242 ], [ -118.652375, 34.216419 ], [ -118.652368, 34.216446 ], [ -118.652338, 34.216568 ], [ -118.653188, 34.216569 ], [ -118.654031, 34.216569 ], [ -118.657018, 34.216569 ], [ -118.657387, 34.216572 ], [ -118.658366, 34.216569 ], [ -118.6584, 34.216568 ], [ -118.658392, 34.222194 ], [ -118.658392, 34.222265 ], [ -118.65839, 34.223495 ], [ -118.654052, 34.223495 ], [ -118.65405, 34.224537 ], [ -118.65405, 34.224666 ], [ -118.65405, 34.2247 ], [ -118.65405, 34.224794 ], [ -118.654049, 34.22538 ], [ -118.654047, 34.227109 ], [ -118.653291, 34.22711 ], [ -118.653292, 34.227349 ], [ -118.653292, 34.22744 ], [ -118.653296, 34.227556 ], [ -118.652987, 34.227557 ], [ -118.652866, 34.227557 ], [ -118.652862, 34.227352 ], [ -118.652861, 34.22711 ], [ -118.652127, 34.227111 ], [ -118.650999, 34.227113 ], [ -118.649712, 34.227115 ], [ -118.649446, 34.228185 ], [ -118.648695, 34.231201 ], [ -118.648031, 34.233866 ], [ -118.647753, 34.234983 ], [ -118.647495, 34.236019 ], [ -118.646981, 34.238082 ], [ -118.645225, 34.237962 ], [ -118.644529, 34.237914 ], [ -118.644026, 34.237881 ], [ -118.64397, 34.237876 ], [ -118.643918, 34.237873 ], [ -118.64349, 34.237843 ], [ -118.643365, 34.237759 ], [ -118.641596, 34.237656 ], [ -118.640999, 34.237601 ], [ -118.640582, 34.237614 ], [ -118.640223, 34.237575 ], [ -118.640154, 34.237582 ], [ -118.639841, 34.237565 ], [ -118.639534, 34.237572 ], [ -118.63788, 34.237458 ], [ -118.637826, 34.237451 ], [ -118.637772, 34.23745 ], [ -118.637478, 34.237439 ], [ -118.637242, 34.237414 ], [ -118.636835, 34.237386 ], [ -118.636402, 34.237357 ], [ -118.635858, 34.23732 ], [ -118.635108, 34.237268 ], [ -118.631463, 34.237018 ], [ -118.630725, 34.237772 ], [ -118.630056, 34.238471 ], [ -118.629954, 34.238578 ], [ -118.630468, 34.238579 ], [ -118.631606, 34.238575 ], [ -118.632444, 34.238572 ], [ -118.63245, 34.238783 ], [ -118.632458, 34.239079 ], [ -118.632467, 34.239295 ], [ -118.632468, 34.239449 ], [ -118.632476, 34.239738 ], [ -118.632483, 34.239995 ], [ -118.632487, 34.240141 ], [ -118.632494, 34.240391 ], [ -118.632495, 34.240426 ], [ -118.632522, 34.241404 ], [ -118.632531, 34.241728 ], [ -118.632533, 34.241796 ], [ -118.632535, 34.241864 ], [ -118.632537, 34.241948 ], [ -118.632561, 34.242796 ], [ -118.632609, 34.245619 ], [ -118.63264, 34.247427 ], [ -118.632649, 34.248387 ], [ -118.632649, 34.249481 ], [ -118.632604, 34.254716 ], [ -118.632602, 34.25493 ], [ -118.6326, 34.255193 ], [ -118.632573, 34.258252 ], [ -118.632564, 34.25934 ], [ -118.632554, 34.260491 ], [ -118.632545, 34.261482 ], [ -118.632544, 34.261589 ], [ -118.63254, 34.262098 ], [ -118.632535, 34.262243 ], [ -118.632533, 34.262906 ], [ -118.632546, 34.263351 ], [ -118.632548, 34.263429 ], [ -118.632556, 34.263483 ], [ -118.632705, 34.264477 ], [ -118.633267, 34.268229 ], [ -118.633281, 34.268322 ], [ -118.633283, 34.268335 ], [ -118.633426, 34.269289 ], [ -118.633437, 34.269365 ], [ -118.633447, 34.269434 ], [ -118.633461, 34.269522 ], [ -118.633242, 34.269688 ], [ -118.632926, 34.269944 ], [ -118.631503, 34.271098 ], [ -118.631141, 34.271406 ], [ -118.631055, 34.271479 ], [ -118.630792, 34.271693 ], [ -118.629563, 34.272694 ], [ -118.629263, 34.27293 ], [ -118.628921, 34.273181 ], [ -118.628746, 34.273304 ], [ -118.628388, 34.27354 ], [ -118.62802, 34.273766 ], [ -118.627643, 34.273982 ], [ -118.627257, 34.274186 ], [ -118.626863, 34.274379 ], [ -118.626461, 34.27456 ], [ -118.626257, 34.274647 ], [ -118.625844, 34.27481 ], [ -118.625635, 34.274888 ], [ -118.625212, 34.275033 ], [ -118.624784, 34.275166 ], [ -118.62435, 34.275287 ], [ -118.623911, 34.275395 ], [ -118.62362, 34.275458 ], [ -118.623468, 34.27549 ], [ -118.623021, 34.275573 ], [ -118.622571, 34.275642 ], [ -118.617359, 34.276368 ], [ -118.616705, 34.276459 ], [ -118.614753, 34.276731 ], [ -118.610461, 34.277316 ], [ -118.6089, 34.27753 ], [ -118.608553, 34.277577 ], [ -118.607336, 34.277744 ], [ -118.606999, 34.277776 ], [ -118.606661, 34.277793 ], [ -118.606323, 34.277796 ], [ -118.605984, 34.277783 ], [ -118.605647, 34.277756 ], [ -118.605312, 34.277715 ], [ -118.604976, 34.277658 ], [ -118.60482, 34.277623 ], [ -118.604145, 34.277465 ], [ -118.60353, 34.277242 ], [ -118.601337, 34.276425 ], [ -118.600937, 34.276253 ], [ -118.600637, 34.276139 ], [ -118.598464, 34.275345 ], [ -118.597299, 34.27492 ], [ -118.596965, 34.274798 ], [ -118.596208, 34.274521 ], [ -118.596101, 34.274716 ], [ -118.596012, 34.27484 ], [ -118.595867, 34.274961 ], [ -118.595651, 34.275258 ], [ -118.594709, 34.276135 ], [ -118.593723, 34.277184 ], [ -118.593355, 34.277457 ], [ -118.592572, 34.278037 ], [ -118.592102, 34.278976 ], [ -118.591997, 34.279185 ], [ -118.591992, 34.279233 ], [ -118.591978, 34.279366 ], [ -118.591776, 34.279992 ], [ -118.591699, 34.28023 ], [ -118.591909, 34.280627 ], [ -118.591932, 34.280777 ], [ -118.591965, 34.280997 ], [ -118.59217, 34.282357 ], [ -118.591986, 34.282293 ], [ -118.591971, 34.282296 ], [ -118.591583, 34.282364 ], [ -118.591438, 34.282392 ], [ -118.591282, 34.282427 ], [ -118.591137, 34.282445 ], [ -118.591016, 34.282468 ], [ -118.590826, 34.282502 ], [ -118.590841, 34.282599 ], [ -118.590845, 34.282622 ], [ -118.590859, 34.282713 ], [ -118.590863, 34.282738 ], [ -118.5909, 34.28298 ], [ -118.590911, 34.283048 ], [ -118.59093, 34.28317 ], [ -118.590955, 34.283334 ], [ -118.591001, 34.28363 ], [ -118.591031, 34.283822 ], [ -118.591107, 34.284313 ], [ -118.591118, 34.284381 ], [ -118.591121, 34.284402 ], [ -118.59114, 34.284613 ], [ -118.591132, 34.284711 ], [ -118.591152, 34.284823 ], [ -118.591207, 34.284941 ], [ -118.591243, 34.285119 ], [ -118.591237, 34.285164 ], [ -118.59118, 34.285589 ], [ -118.591173, 34.285746 ], [ -118.591228, 34.285858 ], [ -118.591376, 34.286045 ], [ -118.591431, 34.286345 ], [ -118.591447, 34.286439 ], [ -118.591538, 34.286985 ], [ -118.591624, 34.2875 ], [ -118.591457, 34.288091 ], [ -118.590875, 34.290151 ], [ -118.59085, 34.290239 ], [ -118.59016, 34.292647 ], [ -118.589787, 34.294008 ], [ -118.589537, 34.294888 ], [ -118.589195, 34.296089 ], [ -118.589169, 34.296181 ], [ -118.588681, 34.297843 ], [ -118.588629, 34.298019 ], [ -118.588232, 34.299412 ], [ -118.58781, 34.300895 ], [ -118.587639, 34.301495 ], [ -118.587183, 34.303094 ], [ -118.586878, 34.30315 ], [ -118.585296, 34.30344 ], [ -118.585091, 34.303478 ], [ -118.580089, 34.301654 ], [ -118.579837, 34.301558 ], [ -118.579601, 34.301477 ], [ -118.576856, 34.300476 ], [ -118.574024, 34.299443 ], [ -118.572961, 34.299056 ], [ -118.571762, 34.298619 ], [ -118.571579, 34.29795 ], [ -118.571017, 34.296931 ], [ -118.570159, 34.295804 ], [ -118.570146, 34.295355 ], [ -118.568708, 34.294639 ], [ -118.567741, 34.295074 ], [ -118.56742, 34.294953 ], [ -118.566445, 34.295392 ], [ -118.566367, 34.295427 ], [ -118.566087, 34.295818 ], [ -118.564467, 34.296888 ], [ -118.564371, 34.296987 ], [ -118.56355, 34.297847 ], [ -118.562096, 34.29879 ], [ -118.559767, 34.299192 ], [ -118.557391, 34.299243 ], [ -118.554792, 34.297124 ], [ -118.554553, 34.296753 ], [ -118.55443, 34.296567 ], [ -118.554034, 34.296414 ], [ -118.553583, 34.296473 ], [ -118.551695, 34.29672 ], [ -118.551246, 34.296778 ], [ -118.550136, 34.296923 ], [ -118.549804, 34.296967 ], [ -118.548895, 34.297231 ], [ -118.546701, 34.297867 ], [ -118.543615, 34.298364 ], [ -118.540943, 34.298794 ], [ -118.540876, 34.298802 ], [ -118.540849, 34.29881 ], [ -118.540821, 34.298814 ], [ -118.540899, 34.298964 ], [ -118.541073, 34.299295 ], [ -118.541168, 34.299478 ], [ -118.541557, 34.30022 ], [ -118.541681, 34.300357 ], [ -118.541908, 34.300607 ], [ -118.542593, 34.301361 ], [ -118.542647, 34.301498 ], [ -118.542792, 34.30187 ], [ -118.543092, 34.302637 ], [ -118.543335, 34.303258 ], [ -118.543464, 34.303349 ], [ -118.544171, 34.303851 ], [ -118.544296, 34.30394 ], [ -118.544026, 34.304708 ], [ -118.543672, 34.305715 ], [ -118.543885, 34.306174 ], [ -118.544291, 34.30705 ], [ -118.544711, 34.307955 ], [ -118.544993, 34.308564 ], [ -118.545573, 34.30974 ], [ -118.545717, 34.310033 ], [ -118.546133, 34.311034 ], [ -118.546667, 34.312316 ], [ -118.546785, 34.3126 ], [ -118.547095, 34.313346 ], [ -118.545956, 34.31501 ], [ -118.545511, 34.315658 ], [ -118.545579, 34.315804 ], [ -118.545744, 34.316154 ], [ -118.545821, 34.316319 ], [ -118.546222, 34.317173 ], [ -118.546296, 34.317332 ], [ -118.546252, 34.317322 ], [ -118.544134, 34.316839 ], [ -118.543439, 34.316681 ], [ -118.534011, 34.314531 ], [ -118.533864, 34.314641 ], [ -118.528718, 34.318524 ], [ -118.525651, 34.320832 ], [ -118.524192, 34.32193 ], [ -118.522625, 34.323113 ], [ -118.521809, 34.323727 ], [ -118.520587, 34.32465 ], [ -118.517769, 34.326776 ], [ -118.514173, 34.329488 ], [ -118.508764, 34.33357 ], [ -118.508542, 34.333738 ], [ -118.508501, 34.333767 ], [ -118.508462, 34.333798 ], [ -118.508341, 34.33389 ], [ -118.508001, 34.334146 ], [ -118.507788, 34.334306 ], [ -118.507766, 34.334322 ], [ -118.507725, 34.334368 ], [ -118.507716, 34.334377 ], [ -118.507672, 34.334405 ], [ -118.507629, 34.334435 ], [ -118.507525, 34.334504 ], [ -118.507444, 34.334564 ], [ -118.507364, 34.334625 ], [ -118.507274, 34.334693 ], [ -118.50723, 34.334726 ], [ -118.507098, 34.334825 ], [ -118.506869, 34.334998 ], [ -118.506832, 34.335026 ], [ -118.506637, 34.335173 ], [ -118.506612, 34.335191 ], [ -118.506514, 34.335262 ], [ -118.506455, 34.335308 ], [ -118.506396, 34.335355 ], [ -118.506346, 34.335393 ], [ -118.506004, 34.335651 ], [ -118.505766, 34.335831 ], [ -118.504007, 34.337157 ], [ -118.50381, 34.337306 ], [ -118.503199, 34.336938 ], [ -118.497485, 34.333495 ], [ -118.494057, 34.33143 ], [ -118.493976, 34.331381 ], [ -118.4936, 34.331154 ], [ -118.492967, 34.330773 ], [ -118.49094, 34.330657 ], [ -118.490261, 34.330612 ], [ -118.489906, 34.330597 ], [ -118.488785, 34.330533 ], [ -118.488762, 34.330532 ], [ -118.486895, 34.330433 ], [ -118.484403, 34.330279 ], [ -118.480427, 34.330232 ], [ -118.47822, 34.330206 ], [ -118.477363, 34.330195 ], [ -118.476855, 34.330189 ], [ -118.476645, 34.330187 ], [ -118.475816, 34.330177 ], [ -118.472339, 34.330118 ], [ -118.469419, 34.330095 ], [ -118.469129, 34.330093 ], [ -118.469029, 34.330092 ], [ -118.468863, 34.330091 ], [ -118.464911, 34.330061 ], [ -118.462944, 34.330046 ], [ -118.460978, 34.33003 ], [ -118.459664, 34.33002 ], [ -118.458942, 34.330014 ], [ -118.458219, 34.330009 ], [ -118.453049, 34.329975 ], [ -118.449417, 34.329951 ], [ -118.446917, 34.329942 ], [ -118.445912, 34.329938 ], [ -118.445569, 34.329937 ], [ -118.442438, 34.329925 ], [ -118.441988, 34.329924 ], [ -118.440635, 34.329919 ], [ -118.440514, 34.329918 ], [ -118.431831, 34.329879 ], [ -118.431282, 34.329879 ], [ -118.430036, 34.329879 ], [ -118.429307, 34.329879 ], [ -118.429253, 34.329876 ], [ -118.429199, 34.329879 ], [ -118.426481, 34.329879 ], [ -118.423001, 34.329879 ], [ -118.419983, 34.329879 ], [ -118.419462, 34.32988 ], [ -118.41901, 34.329881 ], [ -118.418831, 34.329602 ], [ -118.418764, 34.329524 ], [ -118.418696, 34.329464 ], [ -118.418637, 34.329433 ], [ -118.418572, 34.329416 ], [ -118.418502, 34.329413 ], [ -118.418437, 34.329425 ], [ -118.418213, 34.32949 ], [ -118.419456, 34.327926 ], [ -118.419691, 34.327832 ], [ -118.420331, 34.327757 ], [ -118.420741, 34.327723 ], [ -118.420751, 34.325573 ], [ -118.420208, 34.325599 ], [ -118.419051, 34.325656 ], [ -118.41714, 34.324948 ], [ -118.415894, 34.324487 ], [ -118.41435, 34.324441 ], [ -118.414349, 34.324692 ], [ -118.413591, 34.32469 ], [ -118.413591, 34.325103 ], [ -118.413489, 34.325161 ], [ -118.412242, 34.325884 ], [ -118.412207, 34.325904 ], [ -118.412448, 34.326296 ], [ -118.413585, 34.327408 ], [ -118.41358, 34.329568 ], [ -118.41358, 34.3296 ], [ -118.413579, 34.329881 ], [ -118.412357, 34.329872 ], [ -118.411461, 34.329865 ], [ -118.409053, 34.329846 ], [ -118.407839, 34.329835 ], [ -118.405202, 34.329811 ], [ -118.405116, 34.327658 ], [ -118.405113, 34.327595 ], [ -118.404988, 34.324466 ], [ -118.404982, 34.324314 ], [ -118.404948, 34.323462 ], [ -118.404921, 34.322807 ], [ -118.404914, 34.322622 ], [ -118.40491, 34.322475 ], [ -118.404912, 34.322077 ], [ -118.403921, 34.321725 ], [ -118.40272, 34.321299 ], [ -118.401479, 34.320239 ], [ -118.400945, 34.319783 ], [ -118.400663, 34.319542 ], [ -118.400578, 34.319548 ], [ -118.399556, 34.319622 ], [ -118.399222, 34.319653 ], [ -118.398918, 34.319676 ], [ -118.398616, 34.31969 ], [ -118.396891, 34.319814 ], [ -118.39626, 34.31986 ], [ -118.396278, 34.31807 ], [ -118.396524, 34.318071 ], [ -118.396526, 34.317827 ], [ -118.39653, 34.317419 ], [ -118.396877, 34.317278 ], [ -118.397057, 34.317205 ], [ -118.397279, 34.317115 ], [ -118.397472, 34.317054 ], [ -118.39762, 34.317008 ], [ -118.398293, 34.317022 ], [ -118.398427, 34.317034 ], [ -118.398986, 34.316772 ], [ -118.399719, 34.316461 ], [ -118.400681, 34.316439 ], [ -118.400786, 34.316436 ], [ -118.400788, 34.316387 ], [ -118.40079, 34.316324 ], [ -118.400768, 34.316194 ], [ -118.400784, 34.3158 ], [ -118.400774, 34.315655 ], [ -118.400772, 34.315615 ], [ -118.400765, 34.31544 ], [ -118.400766, 34.315405 ], [ -118.400769, 34.31532 ], [ -118.400769, 34.315287 ], [ -118.40077, 34.315252 ], [ -118.400772, 34.315179 ], [ -118.400793, 34.314383 ], [ -118.400904, 34.310027 ], [ -118.401016, 34.3099 ], [ -118.401059, 34.309813 ], [ -118.401079, 34.309722 ], [ -118.401836, 34.309877 ], [ -118.401937, 34.309772 ], [ -118.402446, 34.309608 ], [ -118.402479, 34.309429 ], [ -118.403016, 34.309389 ], [ -118.40304, 34.309512 ], [ -118.403068, 34.309609 ], [ -118.403095, 34.309645 ], [ -118.403083, 34.309671 ], [ -118.40308, 34.30972 ], [ -118.403324, 34.310024 ], [ -118.403818, 34.310038 ], [ -118.403861, 34.310049 ], [ -118.403881, 34.31005 ], [ -118.404114, 34.309038 ], [ -118.404025, 34.309027 ], [ -118.403835, 34.309003 ], [ -118.403566, 34.30897 ], [ -118.403652, 34.308836 ], [ -118.40369, 34.308644 ], [ -118.403667, 34.308342 ], [ -118.403751, 34.307917 ], [ -118.405469, 34.307912 ], [ -118.405468, 34.307664 ], [ -118.405455, 34.304364 ], [ -118.4056, 34.300726 ], [ -118.401658, 34.300677 ], [ -118.401512, 34.300676 ], [ -118.401367, 34.300674 ], [ -118.401052, 34.30067 ], [ -118.401133, 34.298753 ], [ -118.401151, 34.298594 ], [ -118.401145, 34.298561 ], [ -118.401145, 34.298507 ], [ -118.401163, 34.298436 ], [ -118.401157, 34.298189 ], [ -118.401204, 34.297083 ], [ -118.401205, 34.297065 ], [ -118.401379, 34.297068 ], [ -118.40346, 34.297106 ], [ -118.403508, 34.293513 ], [ -118.403625, 34.293516 ], [ -118.40561, 34.293568 ], [ -118.409072, 34.293659 ], [ -118.40896, 34.291808 ], [ -118.40987, 34.291833 ], [ -118.410217, 34.291843 ], [ -118.410348, 34.291968 ], [ -118.410304, 34.291244 ], [ -118.410294, 34.291071 ], [ -118.410106, 34.290638 ], [ -118.409884, 34.290128 ], [ -118.409862, 34.290078 ], [ -118.409701, 34.289705 ], [ -118.4094, 34.289012 ], [ -118.408994, 34.288624 ], [ -118.408349, 34.288003 ], [ -118.407619, 34.287307 ], [ -118.407581, 34.287271 ], [ -118.40749, 34.287184 ], [ -118.407384, 34.287085 ], [ -118.406299, 34.286052 ], [ -118.406168, 34.285927 ], [ -118.406068, 34.285938 ], [ -118.405802, 34.285967 ], [ -118.405511, 34.285998 ], [ -118.405214, 34.28603 ], [ -118.404986, 34.286055 ], [ -118.404695, 34.286086 ], [ -118.404119, 34.286149 ], [ -118.403705, 34.286194 ], [ -118.402851, 34.286286 ], [ -118.402041, 34.286374 ], [ -118.401832, 34.286397 ], [ -118.401588, 34.286423 ], [ -118.401252, 34.287915 ], [ -118.40124, 34.287972 ], [ -118.401143, 34.28845 ], [ -118.400821, 34.288445 ], [ -118.400807, 34.288582 ], [ -118.40081, 34.288727 ], [ -118.400919, 34.289932 ], [ -118.400913, 34.290081 ], [ -118.400906, 34.290143 ], [ -118.400889, 34.290218 ], [ -118.400631, 34.291351 ], [ -118.400294, 34.292431 ], [ -118.400232, 34.292572 ], [ -118.399908, 34.293211 ], [ -118.39986, 34.293306 ], [ -118.399814, 34.29342 ], [ -118.399731, 34.293418 ], [ -118.39866, 34.29339 ], [ -118.397588, 34.293363 ], [ -118.396984, 34.293348 ], [ -118.396943, 34.293964 ], [ -118.396743, 34.296983 ], [ -118.393926, 34.296979 ], [ -118.393926, 34.297024 ], [ -118.393905, 34.298797 ], [ -118.393635, 34.298788 ], [ -118.387396, 34.29878 ], [ -118.387394, 34.298233 ], [ -118.387391, 34.297975 ], [ -118.387379, 34.296943 ], [ -118.386472, 34.296949 ], [ -118.384894, 34.296959 ], [ -118.383532, 34.296957 ], [ -118.382878, 34.296956 ], [ -118.382912, 34.295268 ], [ -118.382938, 34.293965 ], [ -118.382951, 34.29333 ], [ -118.382371, 34.293329 ], [ -118.382372, 34.292202 ], [ -118.382372, 34.291526 ], [ -118.384057, 34.291528 ], [ -118.386859, 34.291532 ], [ -118.386888, 34.291512 ], [ -118.386911, 34.291494 ], [ -118.386916, 34.289734 ], [ -118.386166, 34.289733 ], [ -118.385442, 34.289732 ], [ -118.384619, 34.289731 ], [ -118.384618, 34.288175 ], [ -118.385762, 34.284817 ], [ -118.38492, 34.284618 ], [ -118.382926, 34.284148 ], [ -118.38271, 34.284098 ], [ -118.381859, 34.283897 ], [ -118.379267, 34.283616 ], [ -118.377103, 34.283364 ], [ -118.376547, 34.283435 ], [ -118.374801, 34.28366 ], [ -118.374675, 34.282827 ], [ -118.374534, 34.282827 ], [ -118.373804, 34.282829 ], [ -118.373712, 34.28283 ], [ -118.373619, 34.28283 ], [ -118.372637, 34.282832 ], [ -118.373519, 34.283166 ], [ -118.373519, 34.283332 ], [ -118.373519, 34.283562 ], [ -118.373518, 34.284418 ], [ -118.373517, 34.284831 ], [ -118.373514, 34.285408 ], [ -118.373514, 34.285471 ], [ -118.373513, 34.285627 ], [ -118.373512, 34.285944 ], [ -118.373517, 34.286146 ], [ -118.372641, 34.286141 ], [ -118.372053, 34.286138 ], [ -118.372098, 34.286091 ], [ -118.372144, 34.286008 ], [ -118.372098, 34.285997 ], [ -118.372011, 34.285992 ], [ -118.371899, 34.285997 ], [ -118.371806, 34.286008 ], [ -118.371727, 34.28603 ], [ -118.371713, 34.286058 ], [ -118.371733, 34.286124 ], [ -118.371758, 34.286137 ], [ -118.370873, 34.286132 ], [ -118.369838, 34.286127 ], [ -118.370144, 34.285603 ], [ -118.370199, 34.285478 ], [ -118.370226, 34.285394 ], [ -118.370273, 34.285227 ], [ -118.370474, 34.28451 ], [ -118.370507, 34.28439 ], [ -118.370524, 34.284257 ], [ -118.370522, 34.284156 ], [ -118.370495, 34.283813 ], [ -118.370507, 34.283703 ], [ -118.370531, 34.283608 ], [ -118.370585, 34.28348 ], [ -118.370664, 34.283337 ], [ -118.37135, 34.282343 ], [ -118.371281, 34.282317 ], [ -118.370754, 34.282117 ], [ -118.370176, 34.281898 ], [ -118.36988, 34.282599 ], [ -118.369515, 34.283462 ], [ -118.369203, 34.283359 ], [ -118.369052, 34.283308 ], [ -118.3689, 34.283258 ], [ -118.368816, 34.28313 ], [ -118.368625, 34.282841 ], [ -118.368105, 34.282052 ], [ -118.367648, 34.280851 ], [ -118.367481, 34.280411 ], [ -118.367407, 34.280369 ], [ -118.367281, 34.280589 ], [ -118.366815, 34.280615 ], [ -118.366423, 34.280637 ], [ -118.364279, 34.280765 ], [ -118.36387, 34.280622 ], [ -118.363525, 34.280491 ], [ -118.363115, 34.280358 ], [ -118.361314, 34.279728 ], [ -118.360874, 34.279856 ], [ -118.360516, 34.27996 ], [ -118.360299, 34.279918 ], [ -118.357182, 34.279322 ], [ -118.356705, 34.27923 ], [ -118.356166, 34.279127 ], [ -118.354708, 34.278848 ], [ -118.353988, 34.278845 ], [ -118.353041, 34.278842 ], [ -118.352655, 34.278839 ], [ -118.351735, 34.278833 ], [ -118.351734, 34.279435 ], [ -118.351732, 34.280342 ], [ -118.351731, 34.28125 ], [ -118.351729, 34.282475 ], [ -118.349927, 34.282473 ], [ -118.348997, 34.282472 ], [ -118.344733, 34.282467 ], [ -118.343116, 34.282465 ], [ -118.3372, 34.282454 ], [ -118.33391, 34.282448 ], [ -118.328421, 34.282438 ], [ -118.326831, 34.282435 ], [ -118.326914, 34.28606 ], [ -118.324555, 34.286065 ], [ -118.323737, 34.286067 ], [ -118.318853, 34.286077 ], [ -118.318513, 34.286078 ], [ -118.317162, 34.286082 ], [ -118.316977, 34.286083 ], [ -118.316871, 34.286083 ], [ -118.313348, 34.286091 ], [ -118.310028, 34.286098 ], [ -118.309974, 34.286094 ], [ -118.30992, 34.286098 ], [ -118.308216, 34.286102 ], [ -118.307852, 34.286102 ], [ -118.301137, 34.286098 ], [ -118.300312, 34.286117 ], [ -118.299522, 34.286141 ], [ -118.299505, 34.289488 ], [ -118.299505, 34.289678 ], [ -118.299504, 34.289747 ], [ -118.299489, 34.292908 ], [ -118.299487, 34.29326 ], [ -118.299486, 34.293353 ], [ -118.295873, 34.293358 ], [ -118.290607, 34.293364 ], [ -118.290608, 34.293228 ], [ -118.290617, 34.29284 ], [ -118.290562, 34.292839 ], [ -118.286878, 34.292793 ], [ -118.286284, 34.292786 ], [ -118.286284, 34.292776 ], [ -118.286286, 34.292649 ], [ -118.286307, 34.292075 ], [ -118.286318, 34.291766 ], [ -118.286413, 34.289095 ], [ -118.286464, 34.287139 ], [ -118.28658, 34.282717 ], [ -118.28661, 34.281562 ], [ -118.28669, 34.278491 ], [ -118.282515, 34.278458 ], [ -118.279708, 34.278435 ], [ -118.273812, 34.278389 ], [ -118.273753, 34.280227 ], [ -118.273697, 34.28197 ], [ -118.269129, 34.28192 ], [ -118.264927, 34.281859 ], [ -118.260833, 34.281809 ], [ -118.256156, 34.281748 ], [ -118.251006, 34.281616 ], [ -118.243862, 34.2816 ], [ -118.238789, 34.281589 ], [ -118.238453, 34.281581 ], [ -118.238458, 34.281087 ], [ -118.23845, 34.280649 ], [ -118.23845, 34.277631 ], [ -118.238473, 34.273982 ], [ -118.23848, 34.270412 ], [ -118.238482, 34.26961 ], [ -118.238487, 34.267213 ], [ -118.238487, 34.26709 ], [ -118.238519, 34.267091 ], [ -118.238546, 34.26709 ], [ -118.238671, 34.267088 ], [ -118.238816, 34.267086 ], [ -118.238903, 34.267084 ], [ -118.238903, 34.267063 ], [ -118.241577, 34.267088 ], [ -118.245118, 34.267121 ], [ -118.245163, 34.267122 ], [ -118.247586, 34.267144 ], [ -118.253728, 34.267202 ], [ -118.25391, 34.267203 ], [ -118.254612, 34.2672 ], [ -118.25669, 34.26719 ], [ -118.25665, 34.264056 ], [ -118.256635, 34.262874 ], [ -118.256571, 34.25781 ], [ -118.256507, 34.252788 ], [ -118.2565, 34.252266 ], [ -118.257174, 34.252275 ], [ -118.265264, 34.25238 ], [ -118.265295, 34.250402 ], [ -118.265297, 34.250265 ], [ -118.266672, 34.250779 ], [ -118.266675, 34.250309 ], [ -118.26668, 34.249461 ], [ -118.266686, 34.248493 ], [ -118.266689, 34.247928 ], [ -118.266691, 34.247772 ], [ -118.266044, 34.247768 ], [ -118.266084, 34.247589 ], [ -118.266083, 34.247495 ], [ -118.266053, 34.246221 ], [ -118.266052, 34.246194 ], [ -118.266035, 34.24546 ], [ -118.266029, 34.245198 ], [ -118.266016, 34.244608 ], [ -118.266015, 34.244583 ], [ -118.265999, 34.243892 ], [ -118.266004, 34.243182 ], [ -118.266006, 34.242973 ], [ -118.266008, 34.242714 ], [ -118.266008, 34.242658 ], [ -118.266008, 34.242577 ], [ -118.266015, 34.241651 ], [ -118.266016, 34.241569 ], [ -118.266016, 34.241535 ], [ -118.26602, 34.240957 ], [ -118.266023, 34.240512 ], [ -118.266024, 34.240356 ], [ -118.266569, 34.240694 ], [ -118.266594, 34.24071 ], [ -118.266733, 34.240796 ], [ -118.266735, 34.240459 ], [ -118.266736, 34.240268 ], [ -118.266755, 34.23776 ], [ -118.266757, 34.237488 ], [ -118.266766, 34.236309 ], [ -118.266766, 34.236276 ], [ -118.266766, 34.23624 ], [ -118.266768, 34.23598 ], [ -118.26677, 34.235775 ], [ -118.266772, 34.235516 ], [ -118.266773, 34.235319 ], [ -118.266775, 34.234988 ], [ -118.266776, 34.234874 ], [ -118.266777, 34.23471 ], [ -118.266778, 34.23459 ], [ -118.266779, 34.234494 ], [ -118.266781, 34.234236 ], [ -118.266784, 34.233889 ], [ -118.266787, 34.233543 ], [ -118.266787, 34.233422 ], [ -118.266797, 34.232017 ], [ -118.266798, 34.231856 ], [ -118.266801, 34.231444 ], [ -118.266803, 34.231235 ], [ -118.266804, 34.231103 ], [ -118.266807, 34.230677 ], [ -118.266852, 34.224391 ], [ -118.26686, 34.223411 ], [ -118.266871, 34.221846 ], [ -118.267669, 34.22184 ], [ -118.275587, 34.221781 ], [ -118.27772, 34.221766 ], [ -118.282278, 34.221732 ], [ -118.288428, 34.221686 ], [ -118.289514, 34.221678 ], [ -118.291225, 34.221666 ], [ -118.291662, 34.221663 ], [ -118.291871, 34.221661 ], [ -118.292761, 34.221654 ], [ -118.295629, 34.221632 ], [ -118.298498, 34.221611 ], [ -118.302796, 34.221579 ], [ -118.304173, 34.221568 ], [ -118.30581, 34.221556 ], [ -118.306067, 34.221557 ], [ -118.306347, 34.221552 ], [ -118.309359, 34.221529 ], [ -118.31043, 34.22152 ], [ -118.311502, 34.221512 ], [ -118.31929, 34.221452 ], [ -118.322746, 34.221427 ], [ -118.32305, 34.221423 ], [ -118.325563, 34.221404 ], [ -118.328899, 34.221378 ], [ -118.330947, 34.221362 ], [ -118.335338, 34.221328 ], [ -118.33658, 34.221319 ], [ -118.337462, 34.221312 ], [ -118.337062, 34.220531 ], [ -118.335599, 34.217674 ], [ -118.335399, 34.217283 ], [ -118.335128, 34.216753 ], [ -118.334546, 34.215618 ], [ -118.334845, 34.215514 ], [ -118.335218, 34.215383 ], [ -118.336083, 34.214795 ], [ -118.336417, 34.214568 ], [ -118.336032, 34.214309 ], [ -118.336929, 34.213387 ], [ -118.337595, 34.212703 ], [ -118.337706, 34.212589 ], [ -118.337719, 34.21204 ], [ -118.33774, 34.211271 ], [ -118.338011, 34.211275 ], [ -118.339567, 34.211301 ], [ -118.339806, 34.211194 ], [ -118.339813, 34.210942 ], [ -118.339829, 34.210319 ], [ -118.339843, 34.210109 ], [ -118.33984, 34.209906 ], [ -118.33993, 34.206503 ], [ -118.34094, 34.206521 ], [ -118.340994, 34.206521 ], [ -118.341347, 34.206527 ], [ -118.342432, 34.206547 ], [ -118.342567, 34.206549 ], [ -118.342626, 34.206551 ], [ -118.342712, 34.206552 ], [ -118.343007, 34.206557 ], [ -118.343276, 34.206562 ], [ -118.344132, 34.206577 ], [ -118.344328, 34.206581 ], [ -118.345451, 34.206598 ], [ -118.346436, 34.206612 ], [ -118.346506, 34.206614 ], [ -118.347608, 34.20663 ], [ -118.348555, 34.206644 ], [ -118.348687, 34.206646 ], [ -118.34971, 34.206662 ], [ -118.349964, 34.206666 ], [ -118.350369, 34.206672 ], [ -118.350847, 34.206679 ], [ -118.351913, 34.206694 ], [ -118.353619, 34.20672 ], [ -118.354164, 34.206728 ], [ -118.357327, 34.206776 ], [ -118.357624, 34.206781 ], [ -118.358039, 34.206787 ], [ -118.358277, 34.206791 ], [ -118.358817, 34.206799 ], [ -118.35893, 34.206801 ], [ -118.359112, 34.206804 ], [ -118.360725, 34.206828 ], [ -118.360811, 34.20683 ], [ -118.361853, 34.206824 ], [ -118.362987, 34.206818 ], [ -118.362959, 34.206639 ], [ -118.362918, 34.206367 ], [ -118.362686, 34.204826 ], [ -118.362435, 34.203164 ], [ -118.362171, 34.201419 ], [ -118.362171, 34.201361 ], [ -118.362197, 34.201298 ], [ -118.362225, 34.201263 ], [ -118.362261, 34.201234 ], [ -118.362314, 34.20121 ], [ -118.362372, 34.201197 ], [ -118.363268, 34.201196 ], [ -118.365812, 34.201196 ], [ -118.370312, 34.201197 ], [ -118.370313, 34.196379 ], [ -118.370148, 34.196346 ], [ -118.365949, 34.195516 ], [ -118.365948, 34.195548 ], [ -118.365949, 34.195579 ], [ -118.365948, 34.1956 ], [ -118.361151, 34.194651 ], [ -118.361116, 34.194385 ], [ -118.361049, 34.193974 ], [ -118.360824, 34.192485 ], [ -118.360779, 34.192188 ], [ -118.3605, 34.190333 ], [ -118.360218, 34.188468 ], [ -118.360194, 34.188303 ], [ -118.359966, 34.186792 ], [ -118.360003, 34.186593 ], [ -118.359744, 34.18488 ], [ -118.359404, 34.183063 ], [ -118.359127, 34.181224 ], [ -118.358947, 34.180027 ], [ -118.358856, 34.179429 ], [ -118.358803, 34.179077 ], [ -118.358732, 34.178605 ], [ -118.358624, 34.17789 ], [ -118.358578, 34.177583 ], [ -118.358311, 34.175818 ], [ -118.35795, 34.173432 ], [ -118.357832, 34.17265 ], [ -118.357758, 34.172162 ], [ -118.357065, 34.170543 ], [ -118.356732, 34.169765 ], [ -118.35638, 34.168944 ], [ -118.356357, 34.168889 ], [ -118.356308, 34.168775 ], [ -118.356255, 34.168651 ], [ -118.356075, 34.168068 ], [ -118.355916, 34.167696 ], [ -118.355578, 34.166906 ], [ -118.355223, 34.166078 ], [ -118.354861, 34.165231 ], [ -118.354705, 34.164947 ], [ -118.355415, 34.164911 ], [ -118.356046, 34.164911 ], [ -118.356046, 34.164942 ], [ -118.356099, 34.164936 ], [ -118.356288, 34.16492 ], [ -118.356476, 34.164909 ], [ -118.357158, 34.164908 ], [ -118.357158, 34.16484 ], [ -118.357154, 34.163097 ], [ -118.357151, 34.161287 ], [ -118.356036, 34.161287 ], [ -118.354978, 34.161288 ], [ -118.354682, 34.161288 ], [ -118.35402, 34.161288 ], [ -118.353103, 34.161289 ], [ -118.353034, 34.161128 ], [ -118.352925, 34.160873 ], [ -118.352156, 34.159076 ], [ -118.352138, 34.159033 ], [ -118.351969, 34.15864 ], [ -118.351812, 34.158271 ], [ -118.351554, 34.157668 ], [ -118.351235, 34.156925 ], [ -118.350751, 34.155794 ], [ -118.350196, 34.154497 ], [ -118.349988, 34.154012 ], [ -118.349958, 34.153941 ], [ -118.349896, 34.153804 ], [ -118.349819, 34.153616 ], [ -118.34974, 34.153432 ], [ -118.349664, 34.153256 ], [ -118.349216, 34.152209 ], [ -118.34845, 34.150419 ], [ -118.348067, 34.149523 ], [ -118.34768, 34.148618 ], [ -118.347555, 34.148327 ], [ -118.347308, 34.147748 ], [ -118.3468, 34.146562 ], [ -118.346767, 34.146485 ], [ -118.346624, 34.146151 ], [ -118.346446, 34.145735 ], [ -118.34643, 34.145696 ], [ -118.346198, 34.145153 ], [ -118.345949, 34.144573 ], [ -118.345523, 34.143585 ], [ -118.345166, 34.142747 ], [ -118.345394, 34.142658 ], [ -118.345691, 34.142572 ], [ -118.34581, 34.142537 ], [ -118.346696, 34.142378 ], [ -118.347264, 34.142356 ], [ -118.347899, 34.142388 ], [ -118.34903, 34.142558 ], [ -118.351516, 34.143085 ], [ -118.352044, 34.143173 ], [ -118.353856, 34.143365 ], [ -118.355066, 34.143425 ], [ -118.357681, 34.143489 ], [ -118.358298, 34.143504 ], [ -118.358814, 34.143517 ], [ -118.361432, 34.143572 ], [ -118.361747, 34.143579 ], [ -118.361889, 34.143582 ], [ -118.362158, 34.143593 ], [ -118.363938, 34.143663 ], [ -118.364461, 34.143675 ], [ -118.364833, 34.143684 ], [ -118.365775, 34.143707 ], [ -118.366675, 34.143728 ], [ -118.367484, 34.14375 ], [ -118.367735, 34.143757 ], [ -118.37019, 34.143825 ], [ -118.370389, 34.14383 ], [ -118.371171, 34.143852 ], [ -118.371448, 34.14388 ], [ -118.371759, 34.143847 ], [ -118.373207, 34.143577 ], [ -118.373769, 34.143444 ], [ -118.374258, 34.143296 ], [ -118.374681, 34.143094 ], [ -118.375249, 34.142823 ], [ -118.375897, 34.142393 ], [ -118.3759, 34.142344 ], [ -118.376483, 34.141995 ], [ -118.376658, 34.141912 ], [ -118.376926, 34.141786 ], [ -118.377673, 34.141561 ], [ -118.377976, 34.141478 ], [ -118.378153, 34.141431 ], [ -118.378805, 34.141257 ], [ -118.378961, 34.141221 ], [ -118.379128, 34.141171 ], [ -118.379597, 34.141045 ], [ -118.380113, 34.140914 ], [ -118.380959, 34.140766 ], [ -118.381206, 34.140732 ], [ -118.381832, 34.140645 ], [ -118.382246, 34.140661 ], [ -118.382678, 34.140678 ], [ -118.383347, 34.140774 ], [ -118.383372, 34.140778 ], [ -118.384661, 34.141125 ], [ -118.385884, 34.141581 ], [ -118.386505, 34.141888 ], [ -118.386534, 34.141906 ], [ -118.386954, 34.142214 ], [ -118.387392, 34.142636 ], [ -118.387601, 34.142663 ], [ -118.38772, 34.142719 ], [ -118.387752, 34.142778 ], [ -118.387739, 34.142889 ], [ -118.38767, 34.143032 ], [ -118.387721, 34.143105 ], [ -118.387952, 34.143566 ], [ -118.388137, 34.144006 ], [ -118.38844, 34.144754 ], [ -118.388678, 34.14532 ], [ -118.388836, 34.14574 ], [ -118.389153, 34.146585 ], [ -118.38938, 34.147065 ], [ -118.389715, 34.147772 ], [ -118.389985, 34.148234 ], [ -118.390243, 34.148525 ], [ -118.391215, 34.149394 ], [ -118.391466, 34.149609 ], [ -118.391889, 34.149895 ], [ -118.392093, 34.15002 ], [ -118.392569, 34.150313 ], [ -118.392696, 34.150366 ], [ -118.393151, 34.150626 ], [ -118.393179, 34.150639 ], [ -118.393885, 34.150865 ], [ -118.39427, 34.15097 ], [ -118.394824, 34.151093 ], [ -118.395362, 34.151226 ], [ -118.395974, 34.151413 ], [ -118.396346, 34.151549 ], [ -118.39647, 34.151498 ], [ -118.396541, 34.15162 ], [ -118.396952, 34.151771 ], [ -118.397633, 34.152123 ], [ -118.398466, 34.152596 ], [ -118.399133, 34.153096 ], [ -118.399816, 34.153644 ], [ -118.39988, 34.153695 ], [ -118.402498, 34.155889 ], [ -118.403068, 34.156348 ], [ -118.403416, 34.156628 ], [ -118.403681, 34.156841 ], [ -118.404309, 34.157247 ], [ -118.404968, 34.157618 ], [ -118.405082, 34.157682 ], [ -118.405224, 34.15773 ], [ -118.40573, 34.157902 ], [ -118.406405, 34.158095 ], [ -118.407912, 34.158458 ], [ -118.408937, 34.158744 ], [ -118.409446, 34.158995 ], [ -118.409717, 34.159129 ], [ -118.410325, 34.159503 ], [ -118.41064, 34.159768 ], [ -118.410927, 34.160008 ], [ -118.411048, 34.160145 ], [ -118.411065, 34.160164 ], [ -118.411343, 34.160481 ], [ -118.411687, 34.160987 ], [ -118.411756, 34.161145 ], [ -118.41199, 34.16168 ], [ -118.41209, 34.16191 ], [ -118.412127, 34.162054 ], [ -118.412211, 34.162378 ], [ -118.412242, 34.162499 ], [ -118.412513, 34.164521 ], [ -118.412565, 34.16487 ], [ -118.41279, 34.166363 ], [ -118.412895, 34.167523 ], [ -118.413011, 34.168292 ], [ -118.413022, 34.168364 ], [ -118.41307, 34.168677 ], [ -118.413377, 34.170705 ], [ -118.4134, 34.170934 ], [ -118.413516, 34.172079 ], [ -118.413525, 34.172132 ], [ -118.413564, 34.172377 ], [ -118.413667, 34.173014 ], [ -118.413833, 34.174212 ], [ -118.414004, 34.175224 ], [ -118.414077, 34.176532 ], [ -118.414051, 34.179404 ], [ -118.414049, 34.179665 ], [ -118.414095, 34.180918 ], [ -118.414188, 34.181341 ], [ -118.414333, 34.18182 ], [ -118.414518, 34.182226 ], [ -118.414836, 34.18282 ], [ -118.415993, 34.184491 ], [ -118.416819, 34.185772 ], [ -118.417453, 34.186673 ], [ -118.417646, 34.186948 ], [ -118.419048, 34.189065 ], [ -118.419749, 34.190065 ], [ -118.421805, 34.193089 ], [ -118.421973, 34.193362 ], [ -118.422163, 34.193671 ], [ -118.422365, 34.193937 ], [ -118.422521, 34.194142 ], [ -118.422606, 34.194254 ], [ -118.422969, 34.19482 ], [ -118.424517, 34.197063 ], [ -118.425588, 34.198695 ], [ -118.426025, 34.19952 ], [ -118.426515, 34.200735 ], [ -118.426645, 34.201191 ], [ -118.426713, 34.201427 ], [ -118.426924, 34.202714 ], [ -118.427063, 34.204544 ], [ -118.427037, 34.205313 ], [ -118.426957, 34.205869 ], [ -118.426637, 34.207108 ], [ -118.426582, 34.207321 ], [ -118.426487, 34.207688 ], [ -118.426137, 34.208931 ], [ -118.424859, 34.213465 ], [ -118.424709, 34.214006 ], [ -118.424162, 34.215976 ], [ -118.423893, 34.216944 ], [ -118.42364, 34.21775 ], [ -118.423489, 34.21823 ], [ -118.423024, 34.219848 ], [ -118.422777, 34.220705 ], [ -118.422715, 34.220923 ], [ -118.422527, 34.221661 ], [ -118.422423, 34.222072 ], [ -118.422139, 34.222957 ], [ -118.421874, 34.223649 ], [ -118.421543, 34.224232 ], [ -118.421484, 34.224306 ], [ -118.4211, 34.224787 ], [ -118.420299, 34.225507 ], [ -118.420234, 34.225555 ], [ -118.417863, 34.227326 ], [ -118.416997, 34.227989 ], [ -118.416943, 34.22803 ], [ -118.415454, 34.229085 ], [ -118.414316, 34.229964 ], [ -118.413713, 34.230381 ], [ -118.413164, 34.230761 ], [ -118.410518, 34.2327 ], [ -118.410499, 34.232714 ], [ -118.410305, 34.232855 ], [ -118.410151, 34.232969 ], [ -118.410071, 34.233027 ], [ -118.41006, 34.233036 ], [ -118.410049, 34.233044 ], [ -118.410038, 34.233052 ], [ -118.410022, 34.233063 ], [ -118.409655, 34.233332 ], [ -118.409629, 34.233351 ], [ -118.409542, 34.233415 ], [ -118.409265, 34.233618 ], [ -118.407524, 34.234849 ], [ -118.407122, 34.235156 ], [ -118.406962, 34.235278 ], [ -118.404592, 34.236987 ], [ -118.40391, 34.237558 ], [ -118.403875, 34.23759 ], [ -118.40334, 34.238075 ], [ -118.402904, 34.238586 ], [ -118.401354, 34.240709 ], [ -118.400119, 34.242401 ], [ -118.400076, 34.24246 ], [ -118.39954, 34.243032 ], [ -118.399202, 34.243356 ], [ -118.398864, 34.24363 ], [ -118.398575, 34.243842 ], [ -118.398349, 34.244008 ], [ -118.398166, 34.244142 ], [ -118.397255, 34.244812 ], [ -118.395593, 34.246246 ], [ -118.394785, 34.247004 ], [ -118.392514, 34.249021 ], [ -118.391852, 34.249669 ], [ -118.391554, 34.249999 ], [ -118.391662, 34.250003 ], [ -118.391448, 34.250232 ], [ -118.391242, 34.250495 ], [ -118.391005, 34.250823 ], [ -118.390632, 34.251308 ], [ -118.39005, 34.252205 ], [ -118.389629, 34.252854 ], [ -118.389563, 34.252956 ], [ -118.388442, 34.254748 ], [ -118.387664, 34.256061 ], [ -118.387341, 34.256672 ], [ -118.387221, 34.2569 ], [ -118.386962, 34.257438 ], [ -118.386695, 34.257968 ], [ -118.38508, 34.260361 ], [ -118.384955, 34.260546 ], [ -118.384871, 34.260676 ], [ -118.384284, 34.260547 ], [ -118.384131, 34.260852 ], [ -118.384871, 34.261161 ], [ -118.385413, 34.261332 ], [ -118.386109, 34.261519 ], [ -118.386222, 34.261549 ], [ -118.386397, 34.261248 ], [ -118.385863, 34.261019 ], [ -118.385947, 34.260825 ], [ -118.386029, 34.260581 ], [ -118.386878, 34.25804 ], [ -118.387038, 34.257724 ], [ -118.387614, 34.256714 ], [ -118.388844, 34.254554 ], [ -118.390108, 34.252504 ], [ -118.390203, 34.252349 ], [ -118.390777, 34.251418 ], [ -118.391021, 34.251105 ], [ -118.391212, 34.250877 ], [ -118.391608, 34.250327 ], [ -118.391944, 34.250003 ], [ -118.391792, 34.250003 ], [ -118.392064, 34.249675 ], [ -118.393574, 34.248301 ], [ -118.394348, 34.24762 ], [ -118.396202, 34.245889 ], [ -118.396725, 34.245433 ], [ -118.39829, 34.244259 ], [ -118.398471, 34.244123 ], [ -118.398695, 34.243955 ], [ -118.399281, 34.243515 ], [ -118.399586, 34.243273 ], [ -118.400519, 34.242163 ], [ -118.401175, 34.241312 ], [ -118.401491, 34.240838 ], [ -118.401685, 34.240548 ], [ -118.403049, 34.238734 ], [ -118.403532, 34.238124 ], [ -118.404007, 34.237714 ], [ -118.40436, 34.23741 ], [ -118.406478, 34.235838 ], [ -118.40712, 34.235404 ], [ -118.407269, 34.235295 ], [ -118.409589, 34.233596 ], [ -118.409678, 34.233534 ], [ -118.409714, 34.233509 ], [ -118.409807, 34.233445 ], [ -118.410133, 34.233218 ], [ -118.410162, 34.233198 ], [ -118.410194, 34.233176 ], [ -118.410241, 34.233143 ], [ -118.410438, 34.233006 ], [ -118.410523, 34.232948 ], [ -118.410611, 34.232884 ], [ -118.410668, 34.232842 ], [ -118.41386, 34.23052 ], [ -118.415169, 34.229568 ], [ -118.41593, 34.229035 ], [ -118.417154, 34.228138 ], [ -118.417863, 34.227618 ], [ -118.41736, 34.228244 ], [ -118.417326, 34.2283 ], [ -118.417009, 34.228827 ], [ -118.416784, 34.229464 ], [ -118.416771, 34.229638 ], [ -118.416738, 34.230102 ], [ -118.41679, 34.230404 ], [ -118.416896, 34.230707 ], [ -118.417022, 34.230937 ], [ -118.417346, 34.231399 ], [ -118.418031, 34.232104 ], [ -118.418041, 34.232114 ], [ -118.419239, 34.233197 ], [ -118.421202, 34.23507 ], [ -118.421336, 34.235198 ], [ -118.424365, 34.238041 ], [ -118.425863, 34.239447 ], [ -118.426464, 34.240021 ], [ -118.427513, 34.241024 ], [ -118.429612, 34.243029 ], [ -118.430646, 34.244018 ], [ -118.431654, 34.244982 ], [ -118.433014, 34.246217 ], [ -118.433633, 34.24678 ], [ -118.43383, 34.246975 ], [ -118.435413, 34.248538 ], [ -118.436942, 34.249984 ], [ -118.436982, 34.250022 ], [ -118.437084, 34.250014 ], [ -118.437119, 34.250046 ], [ -118.438485, 34.251384 ], [ -118.43934, 34.2522 ], [ -118.440116, 34.252946 ], [ -118.441178, 34.253966 ], [ -118.441499, 34.254249 ], [ -118.441622, 34.254375 ], [ -118.44172, 34.254477 ], [ -118.441934, 34.254741 ], [ -118.442208, 34.255126 ], [ -118.442384, 34.255355 ], [ -118.442571, 34.255614 ], [ -118.44262, 34.255683 ], [ -118.442849, 34.255969 ], [ -118.442951, 34.256157 ], [ -118.443048, 34.256335 ], [ -118.443254, 34.256732 ], [ -118.443414, 34.257095 ], [ -118.443574, 34.257422 ], [ -118.443635, 34.257583 ], [ -118.443646, 34.257627 ], [ -118.443693, 34.257808 ], [ -118.443734, 34.257964 ], [ -118.443895, 34.258693 ], [ -118.443912, 34.258929 ], [ -118.443918, 34.259012 ], [ -118.443948, 34.259448 ], [ -118.443887, 34.260203 ], [ -118.443795, 34.260634 ], [ -118.443738, 34.26086 ], [ -118.443704, 34.260997 ], [ -118.443498, 34.261695 ], [ -118.443353, 34.262118 ], [ -118.443223, 34.262606 ], [ -118.443145, 34.262852 ], [ -118.443093, 34.263015 ], [ -118.442956, 34.263408 ], [ -118.442921, 34.263491 ], [ -118.442819, 34.263735 ], [ -118.442895, 34.263728 ], [ -118.442979, 34.263735 ], [ -118.443005, 34.263655 ], [ -118.44302, 34.263637 ], [ -118.443028, 34.263592 ], [ -118.443043, 34.263552 ], [ -118.443093, 34.26343 ], [ -118.443194, 34.263131 ], [ -118.443299, 34.26282 ], [ -118.443387, 34.262825 ], [ -118.443432, 34.262828 ], [ -118.44349, 34.262831 ], [ -118.443658, 34.262854 ], [ -118.443749, 34.262816 ], [ -118.443879, 34.262671 ], [ -118.444093, 34.26237 ], [ -118.44436, 34.262057 ], [ -118.444795, 34.261682 ], [ -118.444955, 34.261325 ], [ -118.44558, 34.260506 ], [ -118.447912, 34.257447 ], [ -118.451066, 34.25331 ], [ -118.45144, 34.252731 ], [ -118.451784, 34.252181 ], [ -118.451807, 34.252002 ], [ -118.451623, 34.252093 ], [ -118.451463, 34.252334 ], [ -118.451074, 34.252982 ], [ -118.447656, 34.257458 ], [ -118.445434, 34.260368 ], [ -118.444779, 34.261225 ], [ -118.444535, 34.261382 ], [ -118.444413, 34.261595 ], [ -118.44423, 34.261885 ], [ -118.44394, 34.26227 ], [ -118.443727, 34.262572 ], [ -118.443628, 34.26269 ], [ -118.44346, 34.262694 ], [ -118.443338, 34.262664 ], [ -118.443635, 34.261672 ], [ -118.443818, 34.261084 ], [ -118.4439, 34.260742 ], [ -118.443899, 34.260722 ], [ -118.44394, 34.260577 ], [ -118.443994, 34.260287 ], [ -118.444093, 34.259478 ], [ -118.444071, 34.25908 ], [ -118.44407, 34.259055 ], [ -118.444024, 34.258692 ], [ -118.443879, 34.257968 ], [ -118.443786, 34.257627 ], [ -118.44378, 34.257605 ], [ -118.443528, 34.257041 ], [ -118.44333, 34.256633 ], [ -118.443147, 34.256244 ], [ -118.443051, 34.256083 ], [ -118.442933, 34.255885 ], [ -118.442667, 34.255528 ], [ -118.44243, 34.25521 ], [ -118.442239, 34.254939 ], [ -118.44188, 34.25447 ], [ -118.441706, 34.2543 ], [ -118.441529, 34.254127 ], [ -118.441156, 34.253806 ], [ -118.44021, 34.252877 ], [ -118.439843, 34.252517 ], [ -118.438783, 34.251494 ], [ -118.437257, 34.250003 ], [ -118.437201, 34.250003 ], [ -118.437164, 34.249973 ], [ -118.437072, 34.249889 ], [ -118.435857, 34.248791 ], [ -118.433899, 34.246924 ], [ -118.433497, 34.246541 ], [ -118.433088, 34.246151 ], [ -118.432852, 34.245925 ], [ -118.430763, 34.243932 ], [ -118.430509, 34.24369 ], [ -118.429709, 34.242942 ], [ -118.428457, 34.241772 ], [ -118.427601, 34.24096 ], [ -118.426547, 34.239961 ], [ -118.424767, 34.238273 ], [ -118.424454, 34.237976 ], [ -118.422585, 34.236203 ], [ -118.421975, 34.235625 ], [ -118.421308, 34.234992 ], [ -118.419212, 34.233004 ], [ -118.418189, 34.231989 ], [ -118.417657, 34.23146 ], [ -118.417254, 34.231003 ], [ -118.417135, 34.230795 ], [ -118.417022, 34.230536 ], [ -118.416969, 34.230195 ], [ -118.416969, 34.229904 ], [ -118.417002, 34.229552 ], [ -118.417102, 34.229112 ], [ -118.417261, 34.228783 ], [ -118.417482, 34.228448 ], [ -118.417876, 34.227931 ], [ -118.418359, 34.227442 ], [ -118.419273, 34.22665 ], [ -118.4201, 34.225985 ], [ -118.420409, 34.22572 ], [ -118.420735, 34.225441 ], [ -118.421371, 34.224787 ], [ -118.421602, 34.224512 ], [ -118.421788, 34.224238 ], [ -118.421943, 34.223971 ], [ -118.422046, 34.223792 ], [ -118.422357, 34.223028 ], [ -118.42277, 34.221661 ], [ -118.423058, 34.220705 ], [ -118.423158, 34.220374 ], [ -118.423301, 34.219848 ], [ -118.423519, 34.219043 ], [ -118.423733, 34.218255 ], [ -118.423853, 34.217812 ], [ -118.424709, 34.21487 ], [ -118.424819, 34.214492 ], [ -118.425144, 34.213239 ], [ -118.425506, 34.21196 ], [ -118.425726, 34.211182 ], [ -118.42635, 34.208973 ], [ -118.426679, 34.207809 ], [ -118.426797, 34.207364 ], [ -118.426824, 34.207263 ], [ -118.426762, 34.207133 ], [ -118.426884, 34.207038 ], [ -118.426942, 34.206821 ], [ -118.427043, 34.20644 ], [ -118.427195, 34.205715 ], [ -118.427201, 34.205643 ], [ -118.427222, 34.205418 ], [ -118.427268, 34.204923 ], [ -118.427268, 34.204619 ], [ -118.427268, 34.204137 ], [ -118.427222, 34.203335 ], [ -118.427116, 34.202455 ], [ -118.426997, 34.201746 ], [ -118.42686, 34.201238 ], [ -118.426848, 34.201191 ], [ -118.426833, 34.201136 ], [ -118.426587, 34.200218 ], [ -118.42631, 34.199591 ], [ -118.425946, 34.198882 ], [ -118.425819, 34.198676 ], [ -118.425536, 34.198217 ], [ -118.425026, 34.197475 ], [ -118.424563, 34.196728 ], [ -118.422718, 34.194111 ], [ -118.422599, 34.193937 ], [ -118.422521, 34.193822 ], [ -118.421335, 34.19208 ], [ -118.419775, 34.18979 ], [ -118.417693, 34.186673 ], [ -118.417256, 34.186019 ], [ -118.416634, 34.185124 ], [ -118.41631, 34.184656 ], [ -118.415728, 34.183755 ], [ -118.415021, 34.182694 ], [ -118.41473, 34.182177 ], [ -118.414528, 34.181705 ], [ -118.414499, 34.181638 ], [ -118.41436, 34.18105 ], [ -118.414268, 34.180456 ], [ -118.414268, 34.180322 ], [ -118.414267, 34.179404 ], [ -118.414262, 34.17601 ], [ -118.414225, 34.175574 ], [ -118.41415, 34.174696 ], [ -118.41384, 34.172596 ], [ -118.413784, 34.172132 ], [ -118.413774, 34.172053 ], [ -118.413681, 34.171288 ], [ -118.413318, 34.168957 ], [ -118.413289, 34.168676 ], [ -118.413257, 34.168372 ], [ -118.413249, 34.168291 ], [ -118.413213, 34.167951 ], [ -118.412785, 34.164869 ], [ -118.412559, 34.163246 ], [ -118.412467, 34.162636 ], [ -118.412221, 34.16168 ], [ -118.412189, 34.161553 ], [ -118.411963, 34.161112 ], [ -118.411958, 34.161103 ], [ -118.411859, 34.16091 ], [ -118.411594, 34.160503 ], [ -118.411382, 34.160238 ], [ -118.411278, 34.160201 ], [ -118.41121, 34.160104 ], [ -118.411126, 34.159975 ], [ -118.411126, 34.159919 ], [ -118.411079, 34.15986 ], [ -118.411065, 34.159849 ], [ -118.410563, 34.159448 ], [ -118.409909, 34.159041 ], [ -118.409446, 34.158807 ], [ -118.409016, 34.15859 ], [ -118.408216, 34.158331 ], [ -118.407311, 34.158106 ], [ -118.406372, 34.157908 ], [ -118.40573, 34.157721 ], [ -118.405467, 34.157618 ], [ -118.405281, 34.157545 ], [ -118.405224, 34.157517 ], [ -118.404646, 34.157231 ], [ -118.404071, 34.15689 ], [ -118.40378, 34.156693 ], [ -118.403496, 34.1565 ], [ -118.403417, 34.156429 ], [ -118.403007, 34.156065 ], [ -118.401249, 34.154625 ], [ -118.399816, 34.153437 ], [ -118.399656, 34.153305 ], [ -118.398691, 34.152535 ], [ -118.39801, 34.152123 ], [ -118.396946, 34.151578 ], [ -118.39647, 34.151411 ], [ -118.396086, 34.151276 ], [ -118.395362, 34.151071 ], [ -118.39427, 34.15078 ], [ -118.393754, 34.150644 ], [ -118.393178, 34.15044 ], [ -118.393089, 34.150366 ], [ -118.39286, 34.15028 ], [ -118.392259, 34.149961 ], [ -118.392093, 34.14994 ], [ -118.392004, 34.149788 ], [ -118.391684, 34.14957 ], [ -118.391294, 34.149262 ], [ -118.391016, 34.14896 ], [ -118.390734, 34.148706 ], [ -118.390395, 34.148399 ], [ -118.390012, 34.147915 ], [ -118.389609, 34.147129 ], [ -118.388876, 34.145304 ], [ -118.38922, 34.145799 ], [ -118.38955, 34.146123 ], [ -118.389934, 34.146409 ], [ -118.390641, 34.146701 ], [ -118.390731, 34.146724 ], [ -118.39152, 34.146932 ], [ -118.391968, 34.147036 ], [ -118.392085, 34.14687 ], [ -118.392233, 34.147098 ], [ -118.392776, 34.147224 ], [ -118.393596, 34.147356 ], [ -118.394151, 34.14735 ], [ -118.394819, 34.147092 ], [ -118.39507, 34.14695 ], [ -118.395745, 34.146422 ], [ -118.396158, 34.145977 ], [ -118.396254, 34.145873 ], [ -118.396618, 34.145367 ], [ -118.396982, 34.144977 ], [ -118.397174, 34.144818 ], [ -118.397365, 34.144713 ], [ -118.39765, 34.144647 ], [ -118.397914, 34.144636 ], [ -118.398483, 34.144697 ], [ -118.39876, 34.144785 ], [ -118.399031, 34.144796 ], [ -118.399362, 34.14478 ], [ -118.399732, 34.144719 ], [ -118.400083, 34.144593 ], [ -118.40038, 34.144423 ], [ -118.400711, 34.144148 ], [ -118.400832, 34.144096 ], [ -118.400876, 34.144077 ], [ -118.404982, 34.143709 ], [ -118.405194, 34.143703 ], [ -118.405365, 34.143699 ], [ -118.40555, 34.143732 ], [ -118.405801, 34.143836 ], [ -118.408188, 34.145222 ], [ -118.409401, 34.145815 ], [ -118.409628, 34.145926 ], [ -118.411003, 34.146525 ], [ -118.411678, 34.146756 ], [ -118.412319, 34.146861 ], [ -118.413304, 34.146822 ], [ -118.413628, 34.146773 ], [ -118.413772, 34.146782 ], [ -118.414501, 34.146828 ], [ -118.414858, 34.146922 ], [ -118.415182, 34.147048 ], [ -118.415387, 34.147087 ], [ -118.415611, 34.147098 ], [ -118.416524, 34.147026 ], [ -118.417092, 34.147092 ], [ -118.417522, 34.147257 ], [ -118.417813, 34.147472 ], [ -118.41813, 34.147752 ], [ -118.41858, 34.148027 ], [ -118.418851, 34.148148 ], [ -118.419234, 34.148214 ], [ -118.419551, 34.148176 ], [ -118.420285, 34.148126 ], [ -118.420583, 34.148137 ], [ -118.420827, 34.148181 ], [ -118.421132, 34.148324 ], [ -118.421488, 34.148627 ], [ -118.422467, 34.149534 ], [ -118.422502, 34.149563 ], [ -118.422824, 34.149825 ], [ -118.423187, 34.150083 ], [ -118.423845, 34.150355 ], [ -118.424291, 34.15054 ], [ -118.426057, 34.151172 ], [ -118.426865, 34.151441 ], [ -118.426916, 34.151458 ], [ -118.427663, 34.151832 ], [ -118.428258, 34.152211 ], [ -118.428741, 34.152546 ], [ -118.42921, 34.152904 ], [ -118.43007, 34.153624 ], [ -118.430546, 34.15397 ], [ -118.430969, 34.154234 ], [ -118.43123, 34.15435 ], [ -118.432093, 34.154734 ], [ -118.433051, 34.155064 ], [ -118.433455, 34.155223 ], [ -118.434017, 34.155322 ], [ -118.434413, 34.155311 ], [ -118.434638, 34.155339 ], [ -118.435141, 34.15535 ], [ -118.43567, 34.155328 ], [ -118.436477, 34.155229 ], [ -118.43681, 34.155205 ], [ -118.43809, 34.155114 ], [ -118.439756, 34.155278 ], [ -118.439963, 34.155319 ], [ -118.440305, 34.155388 ], [ -118.440358, 34.155404 ], [ -118.440792, 34.155534 ], [ -118.440873, 34.155559 ], [ -118.441277, 34.155702 ], [ -118.441792, 34.155833 ], [ -118.442202, 34.155888 ], [ -118.442352, 34.155893 ], [ -118.44254, 34.155899 ], [ -118.443253, 34.155832 ], [ -118.443525, 34.155806 ], [ -118.444067, 34.155833 ], [ -118.444329, 34.155896 ], [ -118.444616, 34.155965 ], [ -118.444999, 34.156119 ], [ -118.446798, 34.157262 ], [ -118.447122, 34.157433 ], [ -118.447545, 34.157592 ], [ -118.447605, 34.157609 ], [ -118.44816, 34.157768 ], [ -118.448576, 34.157865 ], [ -118.448696, 34.157729 ], [ -118.448806, 34.157919 ], [ -118.449026, 34.157971 ], [ -118.450765, 34.158196 ], [ -118.451618, 34.158235 ], [ -118.452306, 34.158218 ], [ -118.45306, 34.158244 ], [ -118.453251, 34.158251 ], [ -118.454177, 34.158234 ], [ -118.454818, 34.158344 ], [ -118.455243, 34.158438 ], [ -118.455466, 34.158487 ], [ -118.457053, 34.15908 ], [ -118.457304, 34.15919 ], [ -118.457425, 34.159096 ], [ -118.457503, 34.159278 ], [ -118.457801, 34.159437 ], [ -118.457953, 34.159547 ], [ -118.458422, 34.160212 ], [ -118.458733, 34.160542 ], [ -118.458885, 34.160652 ], [ -118.458991, 34.160707 ], [ -118.459176, 34.160767 ], [ -118.459725, 34.160861 ], [ -118.460968, 34.160773 ], [ -118.461623, 34.160723 ], [ -118.461792, 34.160746 ], [ -118.46198, 34.160772 ], [ -118.462449, 34.160943 ], [ -118.462602, 34.16102 ], [ -118.46319, 34.161256 ], [ -118.463699, 34.161377 ], [ -118.464063, 34.161404 ], [ -118.464546, 34.161426 ], [ -118.464903, 34.161459 ], [ -118.465196, 34.161505 ], [ -118.465392, 34.161536 ], [ -118.466047, 34.161706 ], [ -118.466158, 34.161609 ], [ -118.466233, 34.161768 ], [ -118.46641, 34.161827 ], [ -118.467217, 34.162096 ], [ -118.46727, 34.162111 ], [ -118.467879, 34.162288 ], [ -118.468269, 34.162453 ], [ -118.468672, 34.16259 ], [ -118.469043, 34.162777 ], [ -118.469367, 34.162892 ], [ -118.469412, 34.162915 ], [ -118.469429, 34.162924 ], [ -118.469497, 34.162959 ], [ -118.469654, 34.16304 ], [ -118.469677, 34.163052 ], [ -118.469692, 34.163063 ], [ -118.469706, 34.163071 ], [ -118.470293, 34.163431 ], [ -118.470315, 34.163451 ], [ -118.470352, 34.163484 ], [ -118.470861, 34.163936 ], [ -118.471318, 34.164299 ], [ -118.471589, 34.164606 ], [ -118.471751, 34.164847 ], [ -118.471781, 34.164892 ], [ -118.472462, 34.165623 ], [ -118.473528, 34.166827 ], [ -118.473606, 34.166924 ], [ -118.474891, 34.168525 ], [ -118.475049, 34.168689 ], [ -118.475552, 34.169255 ], [ -118.475969, 34.169651 ], [ -118.476075, 34.169788 ], [ -118.476789, 34.170316 ], [ -118.477114, 34.170525 ], [ -118.477552, 34.170767 ], [ -118.4778, 34.170905 ], [ -118.477823, 34.170915 ], [ -118.479263, 34.171502 ], [ -118.483847, 34.173292 ], [ -118.486958, 34.174515 ], [ -118.492406, 34.176657 ], [ -118.492632, 34.176746 ], [ -118.497798, 34.178794 ], [ -118.50092, 34.180002 ], [ -118.500921, 34.180031 ], [ -118.501104, 34.180103 ], [ -118.501236, 34.180156 ], [ -118.504061, 34.181275 ], [ -118.508749, 34.183069 ], [ -118.50908, 34.183251 ], [ -118.509272, 34.183311 ], [ -118.50947, 34.183306 ], [ -118.509748, 34.18324 ], [ -118.51029, 34.183328 ], [ -118.510422, 34.183373 ], [ -118.510852, 34.183521 ], [ -118.512089, 34.184038 ], [ -118.51273, 34.184263 ], [ -118.513577, 34.184511 ], [ -118.514674, 34.184775 ], [ -118.516367, 34.185023 ], [ -118.518307, 34.185029 ], [ -118.518487, 34.18503 ], [ -118.522977, 34.185046 ], [ -118.523583, 34.185048 ], [ -118.524972, 34.185076 ], [ -118.525832, 34.185191 ], [ -118.526791, 34.185466 ], [ -118.527295, 34.185641 ], [ -118.527551, 34.18573 ], [ -118.527935, 34.185879 ], [ -118.528314, 34.186117 ], [ -118.528398, 34.18617 ], [ -118.529171, 34.186603 ], [ -118.530177, 34.187166 ], [ -118.53095, 34.187633 ], [ -118.531663, 34.187993 ], [ -118.532028, 34.188177 ], [ -118.532319, 34.188375 ], [ -118.533047, 34.188788 ], [ -118.53348, 34.189002 ], [ -118.534541, 34.189525 ], [ -118.535097, 34.189827 ], [ -118.535665, 34.19008 ], [ -118.535943, 34.190157 ], [ -118.536029, 34.190171 ], [ -118.536364, 34.190224 ], [ -118.537147, 34.190262 ], [ -118.537874, 34.190245 ], [ -118.538411, 34.190246 ], [ -118.538576, 34.190197 ], [ -118.538853, 34.190272 ], [ -118.539216, 34.190288 ], [ -118.54026, 34.19022 ], [ -118.540395, 34.190159 ], [ -118.540499, 34.190201 ], [ -118.54062, 34.190196 ], [ -118.540647, 34.19022 ], [ -118.540906, 34.190239 ], [ -118.54134, 34.190273 ], [ -118.541784, 34.190367 ], [ -118.542134, 34.190493 ], [ -118.542451, 34.19068 ], [ -118.543033, 34.191159 ], [ -118.543305, 34.191505 ], [ -118.543589, 34.192 ], [ -118.543682, 34.19223 ], [ -118.543761, 34.192489 ], [ -118.54384, 34.193845 ], [ -118.54385, 34.195659 ], [ -118.54386, 34.197473 ], [ -118.54387, 34.199287 ], [ -118.543878, 34.200827 ], [ -118.543866, 34.201055 ], [ -118.543861, 34.201164 ], [ -118.543839, 34.20158 ], [ -118.543842, 34.202068 ], [ -118.543848, 34.202929 ], [ -118.543855, 34.203922 ], [ -118.54386, 34.204748 ], [ -118.543867, 34.205738 ], [ -118.543871, 34.206395 ], [ -118.543831, 34.20728 ], [ -118.543877, 34.208203 ], [ -118.543876, 34.208377 ], [ -118.543869, 34.209359 ], [ -118.543864, 34.210127 ], [ -118.543865, 34.210189 ], [ -118.543874, 34.210976 ], [ -118.543888, 34.212052 ], [ -118.543896, 34.212721 ], [ -118.543888, 34.212965 ], [ -118.54387, 34.213556 ], [ -118.543871, 34.213845 ], [ -118.543874, 34.214741 ], [ -118.543876, 34.215497 ], [ -118.543888, 34.215635 ], [ -118.543909, 34.215865 ], [ -118.543975, 34.216134 ], [ -118.544114, 34.216409 ], [ -118.544498, 34.216788 ], [ -118.544808, 34.216999 ], [ -118.545007, 34.217135 ], [ -118.545662, 34.217877 ], [ -118.545754, 34.218037 ], [ -118.546026, 34.218514 ], [ -118.546085, 34.218833 ], [ -118.546085, 34.218944 ], [ -118.546086, 34.219404 ], [ -118.546087, 34.220576 ], [ -118.546091, 34.223687 ], [ -118.546081, 34.224602 ], [ -118.546071, 34.225514 ], [ -118.546061, 34.226416 ], [ -118.546058, 34.22671 ], [ -118.546084, 34.22823 ], [ -118.546104, 34.229364 ], [ -118.54615, 34.229513 ], [ -118.546203, 34.229991 ], [ -118.546229, 34.230013 ], [ -118.546249, 34.229996 ], [ -118.546216, 34.228655 ], [ -118.546222, 34.22823 ], [ -118.54623, 34.22766 ], [ -118.546208, 34.226416 ], [ -118.546177, 34.224692 ], [ -118.54619, 34.224602 ], [ -118.546204, 34.224511 ], [ -118.546191, 34.220686 ], [ -118.546193, 34.220574 ], [ -118.546218, 34.219273 ], [ -118.546178, 34.218795 ], [ -118.546118, 34.218443 ], [ -118.545821, 34.217921 ], [ -118.545093, 34.21708 ], [ -118.544934, 34.216926 ], [ -118.544808, 34.216849 ], [ -118.54459, 34.216717 ], [ -118.544319, 34.216481 ], [ -118.54416, 34.216244 ], [ -118.544068, 34.216019 ], [ -118.54402, 34.215635 ], [ -118.544002, 34.215486 ], [ -118.543989, 34.214029 ], [ -118.544035, 34.212759 ], [ -118.543987, 34.208377 ], [ -118.543977, 34.207516 ], [ -118.544003, 34.206048 ], [ -118.543984, 34.205807 ], [ -118.543992, 34.204748 ], [ -118.543997, 34.204053 ], [ -118.543964, 34.201558 ], [ -118.543982, 34.201164 ], [ -118.543987, 34.201054 ], [ -118.543991, 34.200959 ], [ -118.543983, 34.199286 ], [ -118.543974, 34.197473 ], [ -118.543965, 34.19577 ], [ -118.543968, 34.195659 ], [ -118.543999, 34.194418 ], [ -118.54396, 34.193845 ], [ -118.543946, 34.192885 ], [ -118.543867, 34.192307 ], [ -118.543721, 34.191934 ], [ -118.543457, 34.191444 ], [ -118.5431, 34.19101 ], [ -118.542875, 34.190818 ], [ -118.542299, 34.190444 ], [ -118.541876, 34.190268 ], [ -118.541676, 34.190218 ], [ -118.541585, 34.190196 ], [ -118.541036, 34.190119 ], [ -118.541612, 34.189922 ], [ -118.541982, 34.189746 ], [ -118.544757, 34.188622 ], [ -118.546202, 34.188037 ], [ -118.546553, 34.187905 ], [ -118.54694, 34.187803 ], [ -118.547056, 34.187773 ], [ -118.547618, 34.187696 ], [ -118.54814, 34.187669 ], [ -118.54855, 34.187696 ], [ -118.54898, 34.187696 ], [ -118.549121, 34.187691 ], [ -118.549282, 34.187697 ], [ -118.549827, 34.187697 ], [ -118.550171, 34.187675 ], [ -118.55072, 34.187702 ], [ -118.551732, 34.187702 ], [ -118.55201, 34.187669 ], [ -118.552433, 34.18773 ], [ -118.55316, 34.187917 ], [ -118.553492, 34.188052 ], [ -118.553954, 34.188241 ], [ -118.554225, 34.188378 ], [ -118.554507, 34.188583 ], [ -118.555482, 34.189291 ], [ -118.556256, 34.189802 ], [ -118.556725, 34.190028 ], [ -118.557195, 34.190154 ], [ -118.557585, 34.190236 ], [ -118.557886, 34.19025 ], [ -118.558921, 34.190297 ], [ -118.561038, 34.19028 ], [ -118.562228, 34.190314 ], [ -118.562599, 34.190324 ], [ -118.563194, 34.190291 ], [ -118.56453, 34.19033 ], [ -118.567559, 34.190302 ], [ -118.568201, 34.190308 ], [ -118.569286, 34.190363 ], [ -118.570483, 34.190753 ], [ -118.570877, 34.190904 ], [ -118.570968, 34.190937 ], [ -118.571076, 34.19098 ], [ -118.576985, 34.193242 ], [ -118.577521, 34.193462 ], [ -118.578, 34.193792 ], [ -118.578031, 34.193813 ], [ -118.578087, 34.193841 ], [ -118.579288, 34.194451 ], [ -118.579678, 34.194632 ], [ -118.579711, 34.194643 ], [ -118.57976, 34.19466 ], [ -118.580697, 34.194967 ], [ -118.581146, 34.195165 ], [ -118.581517, 34.195412 ], [ -118.58198, 34.195802 ], [ -118.582542, 34.19655 ], [ -118.582774, 34.196946 ], [ -118.58282, 34.197187 ], [ -118.58286, 34.197303 ], [ -118.582841, 34.198886 ], [ -118.582854, 34.200194 ], [ -118.582881, 34.20037 ], [ -118.582875, 34.200933 ], [ -118.582873, 34.201169 ], [ -118.582862, 34.202206 ], [ -118.582853, 34.203088 ], [ -118.582849, 34.20353 ], [ -118.582857, 34.203898 ], [ -118.582875, 34.204662 ], [ -118.582874, 34.204688 ], [ -118.582925, 34.204607 ], [ -118.582926, 34.204502 ], [ -118.582972, 34.204604 ], [ -118.58297, 34.204086 ], [ -118.582967, 34.203092 ], [ -118.582964, 34.202297 ], [ -118.58296, 34.201169 ], [ -118.58296, 34.201051 ], [ -118.582968, 34.200933 ], [ -118.583, 34.200425 ], [ -118.58298, 34.199573 ], [ -118.582992, 34.197319 ], [ -118.582973, 34.197176 ], [ -118.582834, 34.196825 ], [ -118.582668, 34.196528 ], [ -118.582364, 34.196077 ], [ -118.582013, 34.195643 ], [ -118.581418, 34.195203 ], [ -118.584077, 34.195318 ], [ -118.587179, 34.195312 ], [ -118.587371, 34.19529 ], [ -118.588446, 34.195294 ], [ -118.590341, 34.195301 ], [ -118.590596, 34.195292 ], [ -118.591134, 34.195273 ], [ -118.592814, 34.195311 ], [ -118.594255, 34.19531 ], [ -118.595446, 34.19531 ], [ -118.596621, 34.19531 ], [ -118.597028, 34.19531 ], [ -118.597471, 34.195309 ], [ -118.598265, 34.195309 ], [ -118.598615, 34.195331 ], [ -118.599003, 34.195327 ], [ -118.60026, 34.195315 ], [ -118.600335, 34.195314 ], [ -118.601513, 34.195352 ], [ -118.60155, 34.195351 ], [ -118.602221, 34.19533 ], [ -118.602386, 34.195363 ], [ -118.60273, 34.195544 ], [ -118.602758, 34.195567 ], [ -118.60284, 34.195636 ], [ -118.6029, 34.195686 ], [ -118.602981, 34.195753 ], [ -118.603253, 34.196083 ], [ -118.603319, 34.196209 ], [ -118.60371, 34.196731 ], [ -118.604087, 34.197099 ], [ -118.604259, 34.197209 ], [ -118.60459, 34.19728 ], [ -118.605264, 34.197275 ], [ -118.60584, 34.197293 ], [ -118.606005, 34.197298 ], [ -118.606137, 34.197302 ], [ -118.606415, 34.197376 ], [ -118.606998, 34.197532 ], [ -118.608108, 34.198036 ], [ -118.608705, 34.198307 ], [ -118.608923, 34.198372 ], [ -118.60932, 34.198422 ], [ -118.609981, 34.198389 ], [ -118.610292, 34.198393 ], [ -118.61466, 34.198206 ], [ -118.614875, 34.198215 ], [ -118.615187, 34.198199 ], [ -118.615403, 34.198234 ], [ -118.616488, 34.198243 ], [ -118.617246, 34.19834 ], [ -118.61731, 34.198354 ], [ -118.617626, 34.198417 ], [ -118.617695, 34.198439 ], [ -118.618586, 34.198789 ], [ -118.618923, 34.198945 ], [ -118.619179, 34.199148 ], [ -118.619375, 34.199337 ], [ -118.619524, 34.199614 ], [ -118.619536, 34.199654 ], [ -118.619779, 34.200264 ], [ -118.619881, 34.200459 ], [ -118.620117, 34.200912 ], [ -118.620189, 34.200989 ], [ -118.620193, 34.201086 ], [ -118.620247, 34.201209 ], [ -118.620481, 34.201748 ], [ -118.620554, 34.201841 ], [ -118.6207, 34.202242 ], [ -118.621389, 34.203775 ], [ -118.621522, 34.204132 ], [ -118.621873, 34.204825 ], [ -118.623119, 34.2076 ], [ -118.623165, 34.207787 ], [ -118.623297, 34.208016 ], [ -118.623377, 34.208155 ], [ -118.62339, 34.208187 ], [ -118.623423, 34.20825 ], [ -118.623446, 34.208323 ], [ -118.623669, 34.208869 ], [ -118.625388, 34.212445 ], [ -118.62583, 34.213365 ], [ -118.625923, 34.213559 ], [ -118.62597, 34.213586 ], [ -118.626604, 34.214812 ], [ -118.626961, 34.215577 ], [ -118.627377, 34.216346 ], [ -118.627767, 34.217171 ], [ -118.62819, 34.218029 ], [ -118.628474, 34.218688 ], [ -118.62856, 34.218991 ], [ -118.62854, 34.219199 ], [ -118.628586, 34.219199 ], [ -118.628672, 34.219167 ], [ -118.628679, 34.218969 ], [ -118.628583, 34.218716 ], [ -118.62856, 34.218655 ], [ -118.628355, 34.21815 ], [ -118.628071, 34.217556 ], [ -118.62782, 34.21705 ], [ -118.627556, 34.216533 ], [ -118.627461, 34.216354 ], [ -118.627067, 34.215615 ], [ -118.626855, 34.215153 ], [ -118.626743, 34.214873 ], [ -118.626639, 34.214652 ], [ -118.626388, 34.214117 ], [ -118.626089, 34.213499 ], [ -118.626021, 34.213364 ], [ -118.625924, 34.213169 ], [ -118.625848, 34.213124 ], [ -118.623781, 34.208842 ], [ -118.623569, 34.208287 ], [ -118.62355, 34.20825 ], [ -118.623422, 34.208006 ], [ -118.623311, 34.207792 ], [ -118.622814, 34.206638 ], [ -118.622674, 34.206402 ], [ -118.622344, 34.205641 ], [ -118.622005, 34.204858 ], [ -118.621938, 34.204712 ], [ -118.621708, 34.204207 ], [ -118.621396, 34.203522 ], [ -118.621362, 34.20338 ], [ -118.620673, 34.201852 ], [ -118.620329, 34.201171 ], [ -118.620259, 34.200989 ], [ -118.620053, 34.200459 ], [ -118.620031, 34.200401 ], [ -118.619971, 34.200346 ], [ -118.619865, 34.200126 ], [ -118.619686, 34.199659 ], [ -118.619663, 34.199624 ], [ -118.619567, 34.199473 ], [ -118.619509, 34.199409 ], [ -118.6193, 34.199114 ], [ -118.618946, 34.198815 ], [ -118.618068, 34.198409 ], [ -118.618043, 34.19828 ], [ -118.618963, 34.19805 ], [ -118.620178, 34.197624 ], [ -118.620811, 34.197433 ], [ -118.623215, 34.197542 ], [ -118.623391, 34.197574 ], [ -118.623435, 34.19758 ], [ -118.62405, 34.197602 ], [ -118.624374, 34.197546 ], [ -118.623792, 34.197486 ], [ -118.623391, 34.197473 ], [ -118.622153, 34.197398 ], [ -118.621843, 34.197351 ], [ -118.620888, 34.197358 ], [ -118.620731, 34.197332 ], [ -118.620431, 34.197407 ], [ -118.618852, 34.197975 ], [ -118.618808, 34.197984 ], [ -118.618211, 34.198104 ], [ -118.617596, 34.198099 ], [ -118.616609, 34.198165 ], [ -118.615197, 34.198106 ], [ -118.61473, 34.198119 ], [ -118.61466, 34.198112 ], [ -118.614034, 34.198104 ], [ -118.613868, 34.198103 ], [ -118.611906, 34.19824 ], [ -118.611574, 34.198237 ], [ -118.610967, 34.198283 ], [ -118.610807, 34.19827 ], [ -118.610292, 34.198304 ], [ -118.609128, 34.198312 ], [ -118.60902, 34.198284 ], [ -118.608764, 34.198219 ], [ -118.608107, 34.197914 ], [ -118.60752, 34.197642 ], [ -118.606757, 34.197376 ], [ -118.606687, 34.197351 ], [ -118.606217, 34.197219 ], [ -118.606004, 34.197209 ], [ -118.60584, 34.197201 ], [ -118.605436, 34.197181 ], [ -118.604616, 34.197192 ], [ -118.604484, 34.197181 ], [ -118.604272, 34.197099 ], [ -118.603935, 34.196813 ], [ -118.603173, 34.195791 ], [ -118.602917, 34.195562 ], [ -118.602909, 34.195555 ], [ -118.60284, 34.195512 ], [ -118.602472, 34.195281 ], [ -118.602723, 34.195187 ], [ -118.602849, 34.195103 ], [ -118.603345, 34.194774 ], [ -118.603464, 34.194643 ], [ -118.604517, 34.19375 ], [ -118.604541, 34.19373 ], [ -118.605434, 34.192943 ], [ -118.605826, 34.192537 ], [ -118.605966, 34.192285 ], [ -118.60599, 34.192254 ], [ -118.606399, 34.191937 ], [ -118.60727, 34.191135 ], [ -118.607342, 34.191063 ], [ -118.608083, 34.190356 ], [ -118.608333, 34.190148 ], [ -118.610814, 34.187935 ], [ -118.611508, 34.187348 ], [ -118.612375, 34.186549 ], [ -118.612486, 34.186455 ], [ -118.613999, 34.184949 ], [ -118.614277, 34.184708 ], [ -118.614619, 34.18444 ], [ -118.614772, 34.184317 ], [ -118.615368, 34.183754 ], [ -118.616221, 34.182794 ], [ -118.616591, 34.182244 ], [ -118.616803, 34.181846 ], [ -118.617052, 34.18124 ], [ -118.617217, 34.180605 ], [ -118.617318, 34.180366 ], [ -118.617447, 34.180162 ], [ -118.617523, 34.180039 ], [ -118.617972, 34.179615 ], [ -118.618435, 34.17923 ], [ -118.618503, 34.179187 ], [ -118.618712, 34.179054 ], [ -118.619677, 34.178565 ], [ -118.620176, 34.178276 ], [ -118.620325, 34.178191 ], [ -118.62163, 34.177423 ], [ -118.621777, 34.177368 ], [ -118.623036, 34.176535 ], [ -118.623329, 34.176322 ], [ -118.62365, 34.176089 ], [ -118.623901, 34.175946 ], [ -118.62426, 34.1757 ], [ -118.624862, 34.175326 ], [ -118.625537, 34.174889 ], [ -118.626623, 34.174235 ], [ -118.626979, 34.17409 ], [ -118.627725, 34.173815 ], [ -118.627774, 34.173729 ], [ -118.627932, 34.173661 ], [ -118.628022, 34.173623 ], [ -118.628199, 34.173487 ], [ -118.628325, 34.173377 ], [ -118.628444, 34.173239 ], [ -118.62853, 34.173086 ], [ -118.628801, 34.17263 ], [ -118.628921, 34.172443 ], [ -118.629026, 34.172316 ], [ -118.629086, 34.172256 ], [ -118.629139, 34.17219 ], [ -118.629159, 34.172124 ], [ -118.629126, 34.172091 ], [ -118.62906, 34.17208 ], [ -118.629007, 34.172135 ], [ -118.628934, 34.172223 ], [ -118.628815, 34.17241 ], [ -118.628676, 34.172646 ], [ -118.628543, 34.172849 ], [ -118.628391, 34.173102 ], [ -118.628272, 34.17325 ], [ -118.628194, 34.173337 ], [ -118.628153, 34.173382 ], [ -118.627802, 34.173646 ], [ -118.627557, 34.173767 ], [ -118.627319, 34.173827 ], [ -118.626731, 34.173997 ], [ -118.626407, 34.174151 ], [ -118.626135, 34.174327 ], [ -118.625924, 34.174447 ], [ -118.625454, 34.174725 ], [ -118.623919, 34.175786 ], [ -118.623328, 34.176194 ], [ -118.623042, 34.176392 ], [ -118.621557, 34.177369 ], [ -118.621277, 34.177553 ], [ -118.619979, 34.178276 ], [ -118.61971, 34.178427 ], [ -118.618699, 34.17895 ], [ -118.618356, 34.179167 ], [ -118.618328, 34.179187 ], [ -118.617529, 34.179863 ], [ -118.61737, 34.180072 ], [ -118.617133, 34.180459 ], [ -118.616825, 34.181516 ], [ -118.616454, 34.182207 ], [ -118.616276, 34.182479 ], [ -118.615941, 34.182918 ], [ -118.615146, 34.1838 ], [ -118.614798, 34.184138 ], [ -118.614619, 34.184289 ], [ -118.614272, 34.184611 ], [ -118.614089, 34.184784 ], [ -118.612415, 34.186384 ], [ -118.612344, 34.186456 ], [ -118.61145, 34.187261 ], [ -118.611124, 34.187553 ], [ -118.610522, 34.188046 ], [ -118.609999, 34.188547 ], [ -118.608504, 34.189827 ], [ -118.60808, 34.190203 ], [ -118.607033, 34.191135 ], [ -118.606841, 34.191314 ], [ -118.605989, 34.192046 ], [ -118.605825, 34.192396 ], [ -118.605771, 34.192443 ], [ -118.605473, 34.192746 ], [ -118.604357, 34.19375 ], [ -118.603867, 34.194192 ], [ -118.6031, 34.194824 ], [ -118.602956, 34.194917 ], [ -118.60284, 34.194998 ], [ -118.60275, 34.19505 ], [ -118.602492, 34.19516 ], [ -118.602227, 34.195231 ], [ -118.602042, 34.195253 ], [ -118.601549, 34.195238 ], [ -118.601182, 34.195226 ], [ -118.60026, 34.195225 ], [ -118.599003, 34.195224 ], [ -118.59747, 34.195223 ], [ -118.597028, 34.195223 ], [ -118.596621, 34.195223 ], [ -118.595956, 34.195222 ], [ -118.595672, 34.1952 ], [ -118.595446, 34.195203 ], [ -118.594806, 34.195211 ], [ -118.59464, 34.195189 ], [ -118.594255, 34.195215 ], [ -118.594131, 34.195223 ], [ -118.592814, 34.195212 ], [ -118.590596, 34.195193 ], [ -118.5904, 34.195191 ], [ -118.588952, 34.195218 ], [ -118.588446, 34.195216 ], [ -118.587847, 34.195213 ], [ -118.587563, 34.19518 ], [ -118.587278, 34.195219 ], [ -118.586306, 34.195197 ], [ -118.585611, 34.195219 ], [ -118.583078, 34.195192 ], [ -118.581166, 34.195066 ], [ -118.580855, 34.194912 ], [ -118.579863, 34.194605 ], [ -118.579711, 34.194538 ], [ -118.579261, 34.194341 ], [ -118.578394, 34.193863 ], [ -118.578233, 34.193791 ], [ -118.578083, 34.193725 ], [ -118.577984, 34.193643 ], [ -118.577482, 34.193341 ], [ -118.57598, 34.19278 ], [ -118.575272, 34.192473 ], [ -118.573817, 34.191929 ], [ -118.573393, 34.191736 ], [ -118.572355, 34.191374 ], [ -118.571568, 34.191044 ], [ -118.571118, 34.190885 ], [ -118.570968, 34.190827 ], [ -118.570476, 34.190637 ], [ -118.569471, 34.190308 ], [ -118.569299, 34.190264 ], [ -118.568618, 34.190225 ], [ -118.567374, 34.190203 ], [ -118.567176, 34.190225 ], [ -118.565674, 34.190214 ], [ -118.564861, 34.190236 ], [ -118.563829, 34.190198 ], [ -118.562228, 34.190196 ], [ -118.55867, 34.190192 ], [ -118.557367, 34.190094 ], [ -118.556877, 34.189962 ], [ -118.556534, 34.18983 ], [ -118.556157, 34.189626 ], [ -118.555144, 34.188928 ], [ -118.554622, 34.188516 ], [ -118.554225, 34.188257 ], [ -118.553822, 34.188065 ], [ -118.553492, 34.18794 ], [ -118.553226, 34.18784 ], [ -118.552129, 34.187592 ], [ -118.549121, 34.187595 ], [ -118.54834, 34.187596 ], [ -118.547638, 34.187597 ], [ -118.547339, 34.187635 ], [ -118.547075, 34.187669 ], [ -118.546586, 34.187801 ], [ -118.545971, 34.18802 ], [ -118.545697, 34.188132 ], [ -118.544757, 34.188518 ], [ -118.541307, 34.189933 ], [ -118.541049, 34.19002 ], [ -118.540719, 34.190075 ], [ -118.540395, 34.190093 ], [ -118.539045, 34.190168 ], [ -118.538615, 34.190146 ], [ -118.538576, 34.190146 ], [ -118.537742, 34.190135 ], [ -118.537087, 34.190168 ], [ -118.53636, 34.190119 ], [ -118.536029, 34.190056 ], [ -118.535778, 34.190009 ], [ -118.535566, 34.189926 ], [ -118.53348, 34.1889 ], [ -118.533152, 34.188738 ], [ -118.532081, 34.188095 ], [ -118.531663, 34.187887 ], [ -118.531473, 34.187793 ], [ -118.530243, 34.187089 ], [ -118.530157, 34.187017 ], [ -118.529826, 34.186858 ], [ -118.529382, 34.186603 ], [ -118.528536, 34.186117 ], [ -118.52771, 34.185642 ], [ -118.527353, 34.185554 ], [ -118.527295, 34.185532 ], [ -118.526996, 34.185417 ], [ -118.52636, 34.185245 ], [ -118.525898, 34.18512 ], [ -118.525488, 34.185052 ], [ -118.525237, 34.18501 ], [ -118.524399, 34.18495 ], [ -118.523702, 34.184953 ], [ -118.522971, 34.184958 ], [ -118.522756, 34.184959 ], [ -118.522532, 34.184926 ], [ -118.522001, 34.184928 ], [ -118.520062, 34.184934 ], [ -118.519889, 34.184935 ], [ -118.519489, 34.184936 ], [ -118.519049, 34.18493 ], [ -118.518487, 34.184923 ], [ -118.518251, 34.18492 ], [ -118.516923, 34.184902 ], [ -118.515944, 34.184864 ], [ -118.515455, 34.184798 ], [ -118.514278, 34.184572 ], [ -118.513233, 34.184275 ], [ -118.512082, 34.183878 ], [ -118.510526, 34.183206 ], [ -118.510323, 34.183119 ], [ -118.509834, 34.183009 ], [ -118.50953, 34.18302 ], [ -118.509391, 34.18297 ], [ -118.508935, 34.182684 ], [ -118.508478, 34.182486 ], [ -118.508068, 34.182354 ], [ -118.507877, 34.182327 ], [ -118.507698, 34.18225 ], [ -118.507401, 34.182035 ], [ -118.501235, 34.179737 ], [ -118.501103, 34.179688 ], [ -118.50101, 34.179654 ], [ -118.500918, 34.179619 ], [ -118.500914, 34.179562 ], [ -118.492883, 34.176394 ], [ -118.484105, 34.172957 ], [ -118.481611, 34.171996 ], [ -118.478727, 34.170903 ], [ -118.478256, 34.170695 ], [ -118.478116, 34.170634 ], [ -118.477977, 34.170572 ], [ -118.477894, 34.170535 ], [ -118.476961, 34.170008 ], [ -118.476399, 34.169596 ], [ -118.473843, 34.166748 ], [ -118.473779, 34.166678 ], [ -118.473302, 34.166211 ], [ -118.472072, 34.164848 ], [ -118.472032, 34.164804 ], [ -118.471754, 34.164414 ], [ -118.470901, 34.163645 ], [ -118.470495, 34.163373 ], [ -118.47042, 34.163323 ], [ -118.470048, 34.163073 ], [ -118.469719, 34.162887 ], [ -118.469673, 34.162861 ], [ -118.46965, 34.162848 ], [ -118.469492, 34.162758 ], [ -118.469437, 34.162727 ], [ -118.469402, 34.162708 ], [ -118.46932, 34.162661 ], [ -118.46854, 34.162343 ], [ -118.467799, 34.162052 ], [ -118.467383, 34.161909 ], [ -118.467204, 34.161848 ], [ -118.466529, 34.161689 ], [ -118.466158, 34.161569 ], [ -118.465987, 34.161513 ], [ -118.465339, 34.16136 ], [ -118.464975, 34.161299 ], [ -118.464096, 34.161272 ], [ -118.463973, 34.161256 ], [ -118.463673, 34.161217 ], [ -118.463269, 34.161091 ], [ -118.462337, 34.160684 ], [ -118.461973, 34.160596 ], [ -118.461791, 34.160572 ], [ -118.461768, 34.160569 ], [ -118.460201, 34.160712 ], [ -118.45993, 34.160723 ], [ -118.459609, 34.160683 ], [ -118.45954, 34.160674 ], [ -118.459295, 34.160625 ], [ -118.459104, 34.160553 ], [ -118.458951, 34.160449 ], [ -118.458793, 34.160306 ], [ -118.458125, 34.159443 ], [ -118.457972, 34.159328 ], [ -118.457675, 34.159163 ], [ -118.457426, 34.159055 ], [ -118.457219, 34.158965 ], [ -118.455612, 34.158344 ], [ -118.455243, 34.158263 ], [ -118.454964, 34.158201 ], [ -118.454322, 34.158086 ], [ -118.45339, 34.158097 ], [ -118.452445, 34.158059 ], [ -118.45175, 34.158075 ], [ -118.450904, 34.158031 ], [ -118.449158, 34.157801 ], [ -118.448696, 34.157689 ], [ -118.448299, 34.157592 ], [ -118.447684, 34.157411 ], [ -118.447604, 34.157381 ], [ -118.447261, 34.157251 ], [ -118.446943, 34.157075 ], [ -118.445164, 34.155954 ], [ -118.444781, 34.155795 ], [ -118.444328, 34.155685 ], [ -118.444239, 34.155663 ], [ -118.443697, 34.15563 ], [ -118.442711, 34.155712 ], [ -118.442374, 34.155707 ], [ -118.441964, 34.155647 ], [ -118.441449, 34.155515 ], [ -118.441277, 34.155453 ], [ -118.441052, 34.155372 ], [ -118.440873, 34.155318 ], [ -118.440483, 34.155201 ], [ -118.439962, 34.155095 ], [ -118.439941, 34.155091 ], [ -118.438281, 34.154927 ], [ -118.436742, 34.155011 ], [ -118.436668, 34.155015 ], [ -118.435868, 34.155114 ], [ -118.435352, 34.155136 ], [ -118.434856, 34.155125 ], [ -118.434632, 34.155097 ], [ -118.434248, 34.155097 ], [ -118.433812, 34.155042 ], [ -118.433164, 34.154888 ], [ -118.432205, 34.154558 ], [ -118.43123, 34.154119 ], [ -118.431094, 34.154058 ], [ -118.430671, 34.153794 ], [ -118.430195, 34.153448 ], [ -118.429342, 34.152733 ], [ -118.429046, 34.152504 ], [ -118.428873, 34.15237 ], [ -118.42839, 34.152035 ], [ -118.427802, 34.151656 ], [ -118.427132, 34.15132 ], [ -118.427055, 34.151282 ], [ -118.426864, 34.15122 ], [ -118.426195, 34.151002 ], [ -118.424487, 34.150382 ], [ -118.424416, 34.150355 ], [ -118.424323, 34.150316 ], [ -118.42334, 34.149908 ], [ -118.422976, 34.149649 ], [ -118.422619, 34.149358 ], [ -118.422502, 34.149249 ], [ -118.421641, 34.148451 ], [ -118.421284, 34.148143 ], [ -118.420973, 34.148005 ], [ -118.420728, 34.147956 ], [ -118.420431, 34.14795 ], [ -118.419697, 34.148 ], [ -118.41938, 34.148038 ], [ -118.418996, 34.147972 ], [ -118.418725, 34.147851 ], [ -118.418276, 34.147576 ], [ -118.417958, 34.14729 ], [ -118.417661, 34.147081 ], [ -118.417238, 34.146917 ], [ -118.416663, 34.14685 ], [ -118.41575, 34.146922 ], [ -118.415526, 34.146911 ], [ -118.415321, 34.146872 ], [ -118.414997, 34.146746 ], [ -118.41464, 34.146652 ], [ -118.413772, 34.146597 ], [ -118.413696, 34.146608 ], [ -118.413443, 34.146647 ], [ -118.412465, 34.146679 ], [ -118.411823, 34.146575 ], [ -118.411156, 34.146338 ], [ -118.409794, 34.145733 ], [ -118.409412, 34.145546 ], [ -118.408353, 34.145029 ], [ -118.40596, 34.143644 ], [ -118.405702, 34.143539 ], [ -118.405517, 34.143506 ], [ -118.405194, 34.143515 ], [ -118.405134, 34.143517 ], [ -118.40087, 34.143895 ], [ -118.400831, 34.143906 ], [ -118.400678, 34.14395 ], [ -118.400565, 34.144016 ], [ -118.400314, 34.144241 ], [ -118.400129, 34.14434 ], [ -118.399679, 34.144505 ], [ -118.399084, 34.144565 ], [ -118.398899, 34.144565 ], [ -118.398364, 34.144433 ], [ -118.397835, 34.144405 ], [ -118.397577, 34.144427 ], [ -118.3972, 34.144554 ], [ -118.396982, 34.144675 ], [ -118.39683, 34.144828 ], [ -118.396075, 34.145757 ], [ -118.395937, 34.145927 ], [ -118.395626, 34.146252 ], [ -118.395017, 34.146724 ], [ -118.394475, 34.146982 ], [ -118.394204, 34.147076 ], [ -118.393893, 34.147125 ], [ -118.39351, 34.147103 ], [ -118.393034, 34.14702 ], [ -118.392085, 34.146815 ], [ -118.391533, 34.146695 ], [ -118.390991, 34.146613 ], [ -118.390509, 34.146497 ], [ -118.390218, 34.146376 ], [ -118.389894, 34.146145 ], [ -118.389517, 34.145788 ], [ -118.389088, 34.145238 ], [ -118.388712, 34.144347 ], [ -118.388547, 34.143924 ], [ -118.388349, 34.143396 ], [ -118.388091, 34.142918 ], [ -118.387675, 34.142423 ], [ -118.3876, 34.142351 ], [ -118.387114, 34.141888 ], [ -118.387087, 34.141862 ], [ -118.386459, 34.141466 ], [ -118.385507, 34.141081 ], [ -118.384846, 34.140839 ], [ -118.383452, 34.140459 ], [ -118.382751, 34.140365 ], [ -118.381852, 34.140337 ], [ -118.381078, 34.140403 ], [ -118.380219, 34.140573 ], [ -118.379498, 34.140737 ], [ -118.379115, 34.140864 ], [ -118.37896, 34.1409 ], [ -118.377521, 34.141231 ], [ -118.376847, 34.141478 ], [ -118.376219, 34.14178 ], [ -118.375901, 34.141961 ], [ -118.375899, 34.141995 ], [ -118.375202, 34.142465 ], [ -118.374291, 34.142884 ], [ -118.373729, 34.143098 ], [ -118.371911, 34.143478 ], [ -118.371442, 34.143556 ], [ -118.371137, 34.143523 ], [ -118.370388, 34.143501 ], [ -118.37019, 34.143496 ], [ -118.367582, 34.14342 ], [ -118.367331, 34.143413 ], [ -118.365994, 34.143374 ], [ -118.365774, 34.143367 ], [ -118.364832, 34.143336 ], [ -118.363839, 34.143304 ], [ -118.363033, 34.143277 ], [ -118.362784, 34.143269 ], [ -118.362727, 34.143268 ], [ -118.36156, 34.143229 ], [ -118.36143, 34.143225 ], [ -118.35893, 34.143143 ], [ -118.359198, 34.143089 ], [ -118.359373, 34.143094 ], [ -118.359386, 34.142706 ], [ -118.361156, 34.142749 ], [ -118.361134, 34.142712 ], [ -118.361267, 34.142686 ], [ -118.360915, 34.142038 ], [ -118.360918, 34.141929 ], [ -118.36092, 34.141832 ], [ -118.360934, 34.14129 ], [ -118.36094, 34.141222 ], [ -118.360958, 34.141136 ], [ -118.360994, 34.14104 ], [ -118.361209, 34.140664 ], [ -118.362151, 34.139028 ], [ -118.361798, 34.138852 ], [ -118.361683, 34.138829 ], [ -118.361236, 34.138763 ], [ -118.361117, 34.138745 ], [ -118.360689, 34.13873 ], [ -118.359819, 34.13875 ], [ -118.359824, 34.139156 ], [ -118.359821, 34.139345 ], [ -118.358269, 34.139345 ], [ -118.358227, 34.139487 ], [ -118.358072, 34.139481 ], [ -118.35792, 34.139465 ], [ -118.35776, 34.139436 ], [ -118.357574, 34.139385 ], [ -118.357312, 34.139279 ], [ -118.35719, 34.139214 ], [ -118.35699, 34.139076 ], [ -118.356977, 34.139067 ], [ -118.356988, 34.139047 ], [ -118.357007, 34.139015 ], [ -118.35715, 34.138745 ], [ -118.357255, 34.138548 ], [ -118.357287, 34.138489 ], [ -118.357309, 34.138447 ], [ -118.357317, 34.138433 ], [ -118.357326, 34.138414 ], [ -118.357301, 34.138392 ], [ -118.357344, 34.138311 ], [ -118.357402, 34.138276 ], [ -118.357611, 34.138151 ], [ -118.357666, 34.138201 ], [ -118.357723, 34.138249 ], [ -118.357788, 34.138298 ], [ -118.357853, 34.138349 ], [ -118.357927, 34.138399 ], [ -118.358006, 34.138444 ], [ -118.35809, 34.138483 ], [ -118.358176, 34.138516 ], [ -118.358266, 34.138544 ], [ -118.358358, 34.138565 ], [ -118.358452, 34.13858 ], [ -118.35849, 34.138584 ], [ -118.35882, 34.138616 ], [ -118.358837, 34.138401 ], [ -118.358866, 34.138045 ], [ -118.357828, 34.137986 ], [ -118.357856, 34.137631 ], [ -118.357792, 34.137562 ], [ -118.35777, 34.137506 ], [ -118.357742, 34.137322 ], [ -118.357714, 34.137255 ], [ -118.357657, 34.137177 ], [ -118.357519, 34.137117 ], [ -118.357531, 34.136761 ], [ -118.357522, 34.136724 ], [ -118.357483, 34.136674 ], [ -118.357338, 34.136516 ], [ -118.357301, 34.136471 ], [ -118.357274, 34.13643 ], [ -118.357231, 34.136336 ], [ -118.356963, 34.135507 ], [ -118.356952, 34.135464 ], [ -118.356939, 34.135404 ], [ -118.356933, 34.135346 ], [ -118.356925, 34.135271 ], [ -118.356933, 34.135208 ], [ -118.356989, 34.135041 ], [ -118.356532, 34.134882 ], [ -118.355601, 34.134596 ], [ -118.354378, 34.134183 ], [ -118.353738, 34.134041 ], [ -118.353551, 34.134012 ], [ -118.35326, 34.13398 ], [ -118.353033, 34.13398 ], [ -118.352822, 34.134029 ], [ -118.352612, 34.134093 ], [ -118.352417, 34.134134 ], [ -118.352136, 34.134159 ], [ -118.352119, 34.134171 ], [ -118.352094, 34.134167 ], [ -118.352055, 34.134175 ], [ -118.352032, 34.13419 ], [ -118.352017, 34.134203 ], [ -118.351998, 34.134193 ], [ -118.351877, 34.134171 ], [ -118.351614, 34.134122 ], [ -118.351592, 34.13411 ], [ -118.351611, 34.134071 ], [ -118.351611, 34.134029 ], [ -118.351595, 34.133991 ], [ -118.351564, 34.13396 ], [ -118.351391, 34.133869 ], [ -118.351265, 34.133789 ], [ -118.351148, 34.133701 ], [ -118.35102, 34.133583 ], [ -118.350926, 34.133477 ], [ -118.350779, 34.133283 ], [ -118.350689, 34.133188 ], [ -118.350588, 34.133101 ], [ -118.350479, 34.133025 ], [ -118.350087, 34.132777 ], [ -118.349915, 34.132648 ], [ -118.349787, 34.132536 ], [ -118.349641, 34.132386 ], [ -118.349512, 34.132225 ], [ -118.349372, 34.132033 ], [ -118.349016, 34.131585 ], [ -118.348775, 34.131386 ], [ -118.348405, 34.131988 ], [ -118.348657, 34.132464 ], [ -118.348475, 34.13284 ], [ -118.348453, 34.132885 ], [ -118.347462, 34.133144 ], [ -118.347774, 34.133465 ], [ -118.347677, 34.133608 ], [ -118.347231, 34.133739 ], [ -118.346714, 34.133891 ], [ -118.346717, 34.134193 ], [ -118.346489, 34.134351 ], [ -118.346564, 34.134646 ], [ -118.346157, 34.134688 ], [ -118.345861, 34.134677 ], [ -118.34565, 34.135016 ], [ -118.345576, 34.135109 ], [ -118.345177, 34.135388 ], [ -118.344213, 34.136061 ], [ -118.344384, 34.13666 ], [ -118.344424, 34.136801 ], [ -118.344206, 34.137378 ], [ -118.344075, 34.137724 ], [ -118.344028, 34.137849 ], [ -118.343818, 34.138048 ], [ -118.34323, 34.138214 ], [ -118.345017, 34.142397 ], [ -118.344944, 34.142428 ], [ -118.344263, 34.142796 ], [ -118.343602, 34.143192 ], [ -118.342743, 34.143742 ], [ -118.340883, 34.144723 ], [ -118.340759, 34.144788 ], [ -118.34035, 34.144979 ], [ -118.339735, 34.145188 ], [ -118.339115, 34.145323 ], [ -118.338804, 34.145228 ], [ -118.338345, 34.145496 ], [ -118.337554, 34.145689 ], [ -118.337131, 34.145771 ], [ -118.334468, 34.146648 ], [ -118.33329, 34.147037 ], [ -118.332583, 34.147245 ], [ -118.332309, 34.14736 ], [ -118.332219, 34.147399 ], [ -118.331498, 34.147762 ], [ -118.331208, 34.147944 ], [ -118.33091, 34.148164 ], [ -118.330328, 34.148692 ], [ -118.329562, 34.149505 ], [ -118.329055, 34.150169 ], [ -118.329026, 34.150181 ], [ -118.327367, 34.151723 ], [ -118.3266, 34.152248 ], [ -118.326243, 34.152408 ], [ -118.325602, 34.152749 ], [ -118.325053, 34.152941 ], [ -118.323678, 34.153238 ], [ -118.31981, 34.153931 ], [ -118.317449, 34.154404 ], [ -118.316002, 34.154661 ], [ -118.315938, 34.154573 ], [ -118.315818, 34.154453 ], [ -118.315709, 34.154433 ], [ -118.314675, 34.154278 ], [ -118.314635, 34.154272 ], [ -118.314571, 34.154261 ], [ -118.314407, 34.154235 ], [ -118.314244, 34.154209 ], [ -118.314081, 34.154182 ], [ -118.313918, 34.154156 ], [ -118.313755, 34.15413 ], [ -118.313591, 34.154104 ], [ -118.313429, 34.154077 ], [ -118.313387, 34.154071 ], [ -118.312906, 34.153993 ], [ -118.312786, 34.154191 ], [ -118.31271, 34.154318 ], [ -118.312615, 34.154477 ], [ -118.312486, 34.15469 ], [ -118.312399, 34.15483 ], [ -118.312314, 34.15496 ], [ -118.312225, 34.155205 ], [ -118.31219, 34.155302 ], [ -118.312189, 34.155345 ], [ -118.310798, 34.155635 ], [ -118.306169, 34.156482 ], [ -118.305118, 34.156701 ], [ -118.303729, 34.156811 ], [ -118.303075, 34.156811 ], [ -118.301832, 34.156773 ], [ -118.301309, 34.156784 ], [ -118.30086, 34.156745 ], [ -118.300496, 34.15669 ], [ -118.299517, 34.156613 ], [ -118.297977, 34.156421 ], [ -118.296463, 34.156261 ], [ -118.294115, 34.155952 ], [ -118.292952, 34.155799 ], [ -118.29235, 34.15576 ], [ -118.291907, 34.155769 ], [ -118.29154, 34.155777 ], [ -118.291285, 34.155782 ], [ -118.290155, 34.155754 ], [ -118.289777, 34.155752 ], [ -118.289403, 34.155751 ], [ -118.289349, 34.155751 ], [ -118.289004, 34.155749 ], [ -118.287469, 34.155771 ], [ -118.2871, 34.155776 ], [ -118.283556, 34.15594 ], [ -118.283146, 34.155923 ], [ -118.282504, 34.15594 ], [ -118.281969, 34.155874 ], [ -118.281546, 34.155747 ], [ -118.281195, 34.155593 ], [ -118.280825, 34.15539 ], [ -118.280455, 34.155137 ], [ -118.280184, 34.154845 ], [ -118.279986, 34.154526 ], [ -118.27984, 34.154191 ], [ -118.279761, 34.153883 ], [ -118.279661, 34.153236 ], [ -118.279645, 34.153131 ], [ -118.279632, 34.153044 ], [ -118.279618, 34.152958 ], [ -118.279604, 34.152862 ], [ -118.279589, 34.152767 ], [ -118.279576, 34.152685 ], [ -118.279075, 34.149705 ], [ -118.278903, 34.148947 ], [ -118.278626, 34.147479 ], [ -118.278463, 34.146799 ], [ -118.278237, 34.145847 ], [ -118.277596, 34.143686 ], [ -118.276808, 34.141093 ], [ -118.276792, 34.141038 ], [ -118.276765, 34.140946 ], [ -118.27675, 34.140894 ], [ -118.276452, 34.139805 ], [ -118.276151, 34.138706 ], [ -118.2759, 34.137705 ], [ -118.275517, 34.136518 ], [ -118.274817, 34.134022 ], [ -118.274032, 34.131554 ], [ -118.273821, 34.130751 ], [ -118.273728, 34.130432 ], [ -118.273484, 34.129448 ], [ -118.272837, 34.127178 ], [ -118.272639, 34.126579 ], [ -118.272289, 34.125814 ], [ -118.272007, 34.125015 ], [ -118.270998, 34.122645 ], [ -118.270873, 34.122107 ], [ -118.27055, 34.121366 ], [ -118.270444, 34.121123 ], [ -118.270246, 34.120925 ], [ -118.270173, 34.120815 ], [ -118.268595, 34.117313 ], [ -118.268205, 34.116543 ], [ -118.267941, 34.116103 ], [ -118.267776, 34.115905 ], [ -118.267571, 34.115564 ], [ -118.266462, 34.114443 ], [ -118.265638, 34.113618 ], [ -118.265525, 34.113505 ], [ -118.265414, 34.113394 ], [ -118.264832, 34.112812 ], [ -118.263529, 34.111506 ], [ -118.263467, 34.11146 ], [ -118.262657, 34.110863 ], [ -118.261818, 34.110296 ], [ -118.261387, 34.110047 ], [ -118.260952, 34.109796 ], [ -118.26043, 34.109548 ], [ -118.260114, 34.10942 ], [ -118.259393, 34.10913 ], [ -118.256636, 34.108243 ], [ -118.25638, 34.108161 ], [ -118.255878, 34.108073 ], [ -118.255411, 34.108063 ], [ -118.254503, 34.108045 ], [ -118.254072, 34.108073 ], [ -118.25196, 34.10821 ], [ -118.251177, 34.108262 ], [ -118.250902, 34.10828 ], [ -118.250903, 34.108317 ], [ -118.250475, 34.10835 ], [ -118.249831, 34.108354 ], [ -118.249743, 34.108349 ], [ -118.249511, 34.108334 ], [ -118.249418, 34.108328 ], [ -118.248919, 34.108247 ], [ -118.24803, 34.108103 ], [ -118.247473, 34.107972 ], [ -118.247078, 34.107879 ], [ -118.246265, 34.107582 ], [ -118.24566, 34.107278 ], [ -118.245379, 34.107137 ], [ -118.244775, 34.106747 ], [ -118.244308, 34.106445 ], [ -118.244031, 34.106163 ], [ -118.243838, 34.105967 ], [ -118.243447, 34.105524 ], [ -118.243329, 34.10539 ], [ -118.242939, 34.104786 ], [ -118.242849, 34.104592 ], [ -118.24274, 34.104357 ], [ -118.242628, 34.104044 ], [ -118.242605, 34.103591 ], [ -118.242601, 34.103522 ], [ -118.242645, 34.102423 ], [ -118.2427, 34.101024 ], [ -118.242711, 34.100746 ], [ -118.242678, 34.100141 ], [ -118.242578, 34.099718 ], [ -118.242406, 34.099278 ], [ -118.242274, 34.099003 ], [ -118.240579, 34.096466 ], [ -118.240343, 34.096113 ], [ -118.240003, 34.095738 ], [ -118.23978, 34.095492 ], [ -118.2395, 34.095245 ], [ -118.239119, 34.09491 ], [ -118.238916, 34.094773 ], [ -118.238842, 34.094723 ], [ -118.238108, 34.094333 ], [ -118.237308, 34.094025 ], [ -118.236165, 34.093721 ], [ -118.236152, 34.093718 ], [ -118.234057, 34.0934 ], [ -118.233654, 34.093312 ], [ -118.233486, 34.093265 ], [ -118.233125, 34.093164 ], [ -118.232735, 34.093005 ], [ -118.232492, 34.092874 ], [ -118.231909, 34.09256 ], [ -118.231731, 34.092439 ], [ -118.231433, 34.092236 ], [ -118.231116, 34.091977 ], [ -118.231022, 34.091879 ], [ -118.230812, 34.091659 ], [ -118.230416, 34.091202 ], [ -118.229797, 34.090485 ], [ -118.229761, 34.090444 ], [ -118.229311, 34.089713 ], [ -118.229132, 34.089334 ], [ -118.228961, 34.088799 ], [ -118.228821, 34.088361 ], [ -118.228695, 34.087834 ], [ -118.22855, 34.087229 ], [ -118.22848, 34.086807 ], [ -118.228411, 34.086388 ], [ -118.228325, 34.085738 ], [ -118.228197, 34.084764 ], [ -118.228034, 34.083527 ], [ -118.227996, 34.083238 ], [ -118.227992, 34.083205 ], [ -118.227976, 34.08309 ], [ -118.227969, 34.083036 ], [ -118.227961, 34.082974 ], [ -118.227874, 34.082309 ], [ -118.227818, 34.081884 ], [ -118.227787, 34.08165 ], [ -118.22765, 34.08129 ], [ -118.227635, 34.081249 ], [ -118.227457, 34.080892 ], [ -118.227027, 34.080144 ], [ -118.226965, 34.080015 ], [ -118.226902, 34.079885 ], [ -118.22684, 34.079754 ], [ -118.226782, 34.079633 ], [ -118.226761, 34.079562 ], [ -118.226709, 34.079386 ], [ -118.226531, 34.078429 ], [ -118.226213, 34.077401 ], [ -118.225529, 34.073867 ], [ -118.225157, 34.071942 ], [ -118.224891, 34.070565 ], [ -118.224697, 34.069563 ], [ -118.224597, 34.068964 ], [ -118.224584, 34.06853 ], [ -118.224656, 34.067876 ], [ -118.224705, 34.067651 ], [ -118.224722, 34.067573 ], [ -118.226916, 34.062341 ], [ -118.226966, 34.062221 ], [ -118.227064, 34.061834 ], [ -118.227076, 34.061749 ], [ -118.227143, 34.061273 ], [ -118.227123, 34.060828 ], [ -118.226632, 34.056936 ], [ -118.226613, 34.056623 ], [ -118.226665, 34.056161 ], [ -118.226797, 34.055699 ], [ -118.226949, 34.055435 ], [ -118.22716, 34.055133 ], [ -118.227267, 34.055015 ], [ -118.228711, 34.053417 ], [ -118.228775, 34.053346 ], [ -118.22885, 34.053263 ], [ -118.228865, 34.053228 ], [ -118.228888, 34.053178 ], [ -118.228948, 34.053042 ], [ -118.228958, 34.053019 ], [ -118.229087, 34.05273 ], [ -118.229179, 34.052368 ], [ -118.230303, 34.04795 ], [ -118.230326, 34.047859 ], [ -118.230333, 34.047574 ], [ -118.22897, 34.041544 ], [ -118.228292, 34.038549 ], [ -118.227389, 34.034552 ], [ -118.226254, 34.029532 ], [ -118.226244, 34.029486 ], [ -118.226213, 34.029352 ], [ -118.226182, 34.029215 ], [ -118.226151, 34.029075 ], [ -118.226122, 34.028948 ], [ -118.226091, 34.028812 ], [ -118.22536, 34.025577 ], [ -118.224093, 34.019975 ], [ -118.224119, 34.019459 ], [ -118.223914, 34.018371 ], [ -118.223747, 34.017484 ], [ -118.223722, 34.017389 ], [ -118.223716, 34.01732 ], [ -118.223445, 34.016216 ], [ -118.223422, 34.016146 ], [ -118.223187, 34.015424 ], [ -118.223006, 34.014942 ], [ -118.223232, 34.014941 ], [ -118.22338, 34.015338 ], [ -118.223395, 34.015369 ], [ -118.223705, 34.015363 ], [ -118.223692, 34.014942 ], [ -118.224206, 34.014942 ], [ -118.224388, 34.014943 ], [ -118.225696, 34.014937 ], [ -118.225702, 34.015007 ], [ -118.225707, 34.015319 ], [ -118.227501, 34.015281 ], [ -118.227523, 34.015252 ], [ -118.227649, 34.015003 ], [ -118.227673, 34.014921 ], [ -118.227758, 34.01492 ], [ -118.227802, 34.01492 ], [ -118.227861, 34.01492 ], [ -118.228003, 34.014919 ], [ -118.228109, 34.014919 ], [ -118.22824, 34.014918 ], [ -118.228372, 34.014917 ], [ -118.228503, 34.014917 ], [ -118.228635, 34.014916 ], [ -118.228767, 34.014916 ], [ -118.228898, 34.014915 ], [ -118.22903, 34.014914 ], [ -118.229162, 34.014914 ], [ -118.229293, 34.014913 ], [ -118.229425, 34.014913 ], [ -118.229556, 34.014912 ], [ -118.229688, 34.014911 ], [ -118.229738, 34.014911 ], [ -118.2302, 34.014908 ], [ -118.230332, 34.014908 ], [ -118.23033, 34.014818 ], [ -118.230564, 34.014816 ], [ -118.230718, 34.014814 ], [ -118.231146, 34.014809 ], [ -118.232901, 34.014791 ], [ -118.233467, 34.014786 ], [ -118.23355, 34.014785 ], [ -118.233708, 34.014783 ], [ -118.234928, 34.014769 ], [ -118.237228, 34.014742 ], [ -118.238242, 34.01473 ], [ -118.239484, 34.014716 ], [ -118.239533, 34.014715 ], [ -118.239708, 34.014713 ], [ -118.239702, 34.014205 ], [ -118.239731, 34.013731 ], [ -118.239745, 34.013494 ], [ -118.239731, 34.012602 ], [ -118.239687, 34.01086 ], [ -118.239636, 34.009797 ], [ -118.239593, 34.008887 ], [ -118.23954, 34.008092 ], [ -118.239538, 34.008047 ], [ -118.239534, 34.008006 ], [ -118.239532, 34.007965 ], [ -118.239529, 34.00792 ], [ -118.239463, 34.00703 ], [ -118.239379, 34.006004 ], [ -118.239293, 34.004977 ], [ -118.239205, 34.003918 ], [ -118.239107, 34.002762 ], [ -118.239013, 34.001637 ], [ -118.238934, 34.000701 ], [ -118.23889, 34.000172 ], [ -118.238873, 33.999967 ], [ -118.238825, 33.999401 ], [ -118.23871, 33.998034 ], [ -118.238591, 33.996614 ], [ -118.238571, 33.996373 ], [ -118.238557, 33.996209 ], [ -118.238396, 33.99429 ], [ -118.23837, 33.99398 ], [ -118.238283, 33.992948 ], [ -118.23809, 33.990673 ], [ -118.238048, 33.990285 ], [ -118.237997, 33.989898 ], [ -118.23794, 33.989534 ], [ -118.237918, 33.989393 ], [ -118.239021, 33.989403 ], [ -118.240995, 33.98942 ], [ -118.241159, 33.989422 ], [ -118.243139, 33.989443 ], [ -118.243283, 33.989445 ], [ -118.243345, 33.989445 ], [ -118.243441, 33.989446 ], [ -118.24367, 33.989449 ], [ -118.245561, 33.989469 ], [ -118.247748, 33.989493 ], [ -118.24788, 33.989494 ], [ -118.249919, 33.989494 ], [ -118.252094, 33.989493 ], [ -118.254055, 33.989493 ], [ -118.254667, 33.989489 ], [ -118.256436, 33.989498 ], [ -118.256436, 33.989474 ], [ -118.256436, 33.989459 ], [ -118.256436, 33.989317 ], [ -118.256436, 33.989214 ], [ -118.256436, 33.988639 ], [ -118.256436, 33.988607 ], [ -118.256436, 33.988325 ], [ -118.256436, 33.98786 ], [ -118.256437, 33.987241 ], [ -118.256437, 33.987072 ], [ -118.256437, 33.986137 ], [ -118.256437, 33.985697 ], [ -118.256438, 33.985217 ], [ -118.256438, 33.98446 ], [ -118.256438, 33.98431 ], [ -118.256439, 33.983409 ], [ -118.256439, 33.983276 ], [ -118.256439, 33.982458 ], [ -118.256438, 33.982212 ], [ -118.256437, 33.982054 ], [ -118.256436, 33.981859 ], [ -118.256435, 33.981608 ], [ -118.256431, 33.980811 ], [ -118.256427, 33.980015 ], [ -118.256422, 33.979215 ], [ -118.256417, 33.978404 ], [ -118.256412, 33.977561 ], [ -118.256407, 33.976723 ], [ -118.256401, 33.97575 ], [ -118.256396, 33.974777 ], [ -118.256395, 33.973898 ], [ -118.256395, 33.973115 ], [ -118.256395, 33.973012 ], [ -118.256395, 33.972318 ], [ -118.256395, 33.972105 ], [ -118.256395, 33.971518 ], [ -118.256395, 33.971198 ], [ -118.256395, 33.970721 ], [ -118.256395, 33.97029 ], [ -118.256395, 33.969802 ], [ -118.256395, 33.969384 ], [ -118.256395, 33.968914 ], [ -118.256394, 33.968477 ], [ -118.256394, 33.968035 ], [ -118.256394, 33.967473 ], [ -118.256394, 33.966565 ], [ -118.256394, 33.966517 ], [ -118.256394, 33.965646 ], [ -118.256394, 33.96561 ], [ -118.256394, 33.964737 ], [ -118.256394, 33.964703 ], [ -118.256393, 33.963821 ], [ -118.256393, 33.963796 ], [ -118.256393, 33.96289 ], [ -118.256393, 33.961983 ], [ -118.256393, 33.961076 ], [ -118.256393, 33.960171 ], [ -118.256261, 33.96017 ], [ -118.255899, 33.960169 ], [ -118.255898, 33.960124 ], [ -118.255898, 33.959727 ], [ -118.2559, 33.959262 ], [ -118.2559, 33.959184 ], [ -118.255903, 33.958416 ], [ -118.255904, 33.9584 ], [ -118.255906, 33.958355 ], [ -118.255904, 33.95831 ], [ -118.255909, 33.957485 ], [ -118.25591, 33.95744 ], [ -118.255909, 33.957395 ], [ -118.255913, 33.95657 ], [ -118.255914, 33.956525 ], [ -118.255913, 33.95648 ], [ -118.255919, 33.955626 ], [ -118.255924, 33.954727 ], [ -118.255926, 33.953906 ], [ -118.255929, 33.953276 ], [ -118.25593, 33.95306 ], [ -118.255043, 33.952076 ], [ -118.2541, 33.951032 ], [ -118.253995, 33.9511 ], [ -118.253985, 33.951256 ], [ -118.253533, 33.95126 ], [ -118.253534, 33.951188 ], [ -118.253552, 33.949265 ], [ -118.25357, 33.94742 ], [ -118.253585, 33.947394 ], [ -118.253595, 33.947378 ], [ -118.253597, 33.946946 ], [ -118.253598, 33.946552 ], [ -118.2536, 33.946121 ], [ -118.253602, 33.945669 ], [ -118.253602, 33.945549 ], [ -118.253614, 33.944903 ], [ -118.253628, 33.944091 ], [ -118.253634, 33.943772 ], [ -118.25364, 33.943277 ], [ -118.253454, 33.943278 ], [ -118.251536, 33.943286 ], [ -118.250356, 33.943285 ], [ -118.249893, 33.943285 ], [ -118.249422, 33.943284 ], [ -118.249176, 33.943274 ], [ -118.249138, 33.943273 ], [ -118.249126, 33.944265 ], [ -118.249114, 33.945304 ], [ -118.24911, 33.945633 ], [ -118.249109, 33.946114 ], [ -118.249108, 33.946523 ], [ -118.249106, 33.946953 ], [ -118.249105, 33.947481 ], [ -118.249039, 33.948261 ], [ -118.249007, 33.949075 ], [ -118.248999, 33.949289 ], [ -118.248998, 33.949304 ], [ -118.248839, 33.953358 ], [ -118.248454, 33.953363 ], [ -118.247591, 33.953359 ], [ -118.247485, 33.953358 ], [ -118.247484, 33.953384 ], [ -118.24745, 33.954257 ], [ -118.247015, 33.954259 ], [ -118.246828, 33.954259 ], [ -118.244312, 33.95427 ], [ -118.24421, 33.95427 ], [ -118.244214, 33.953783 ], [ -118.244219, 33.95326 ], [ -118.244101, 33.953259 ], [ -118.243421, 33.953256 ], [ -118.243332, 33.95326 ], [ -118.243282, 33.953262 ], [ -118.243255, 33.953263 ], [ -118.243218, 33.953265 ], [ -118.24316, 33.953268 ], [ -118.24301, 33.953275 ], [ -118.242643, 33.953275 ], [ -118.242462, 33.953275 ], [ -118.242419, 33.953274 ], [ -118.241902, 33.953274 ], [ -118.241755, 33.953274 ], [ -118.240898, 33.953273 ], [ -118.240843, 33.953272 ], [ -118.240743, 33.953272 ], [ -118.240565, 33.953272 ], [ -118.239634, 33.953271 ], [ -118.239504, 33.953271 ], [ -118.238972, 33.95327 ], [ -118.238547, 33.95327 ], [ -118.237944, 33.953269 ], [ -118.23741, 33.953268 ], [ -118.236525, 33.953266 ], [ -118.236474, 33.953267 ], [ -118.236271, 33.953267 ], [ -118.235134, 33.953265 ], [ -118.234477, 33.953265 ], [ -118.233995, 33.953264 ], [ -118.233998, 33.95276 ], [ -118.234012, 33.950543 ], [ -118.234026, 33.948243 ], [ -118.233927, 33.948244 ], [ -118.233432, 33.94825 ], [ -118.233156, 33.948254 ], [ -118.232879, 33.948257 ], [ -118.232291, 33.948263 ], [ -118.232004, 33.948266 ], [ -118.231718, 33.94827 ], [ -118.231167, 33.948277 ], [ -118.230887, 33.94828 ], [ -118.230686, 33.948282 ], [ -118.230622, 33.948278 ], [ -118.230579, 33.948275 ], [ -118.230014, 33.94828 ], [ -118.228995, 33.9483 ], [ -118.228619, 33.948302 ], [ -118.228602, 33.948301 ], [ -118.228533, 33.948001 ], [ -118.228367, 33.947223 ], [ -118.228237, 33.946625 ], [ -118.228065, 33.945824 ], [ -118.228021, 33.945621 ], [ -118.227476, 33.943091 ], [ -118.227488, 33.94309 ], [ -118.227808, 33.943089 ], [ -118.229497, 33.9431 ], [ -118.228646, 33.939007 ], [ -118.228753, 33.938874 ], [ -118.228874, 33.938465 ], [ -118.22896, 33.93818 ], [ -118.229038, 33.937917 ], [ -118.229213, 33.937331 ], [ -118.229227, 33.937284 ], [ -118.229358, 33.936847 ], [ -118.229623, 33.935961 ], [ -118.229836, 33.935247 ], [ -118.229878, 33.935106 ], [ -118.229885, 33.935083 ], [ -118.230012, 33.934657 ], [ -118.230097, 33.934372 ], [ -118.23013, 33.934262 ], [ -118.230212, 33.933987 ], [ -118.230394, 33.93338 ], [ -118.230508, 33.932996 ], [ -118.230521, 33.932954 ], [ -118.230651, 33.932517 ], [ -118.230673, 33.932445 ], [ -118.230782, 33.932083 ], [ -118.230899, 33.931691 ], [ -118.230892, 33.93166 ], [ -118.23086, 33.931512 ], [ -118.230798, 33.93122 ], [ -118.23079, 33.93118 ], [ -118.230712, 33.930819 ], [ -118.230626, 33.930416 ], [ -118.230623, 33.930401 ], [ -118.230534, 33.929987 ], [ -118.230482, 33.929744 ], [ -118.230448, 33.929584 ], [ -118.230445, 33.92957 ], [ -118.230399, 33.929352 ], [ -118.230362, 33.929176 ], [ -118.230324, 33.929001 ], [ -118.230411, 33.929005 ], [ -118.230582, 33.929013 ], [ -118.232064, 33.929084 ], [ -118.233438, 33.92915 ], [ -118.233516, 33.929154 ], [ -118.233586, 33.929158 ], [ -118.233657, 33.929161 ], [ -118.234405, 33.929196 ], [ -118.234488, 33.9292 ], [ -118.235406, 33.929256 ], [ -118.236311, 33.929311 ], [ -118.238058, 33.929416 ], [ -118.238322, 33.929432 ], [ -118.238639, 33.929451 ], [ -118.238738, 33.929457 ], [ -118.239046, 33.929476 ], [ -118.239135, 33.92948 ], [ -118.239872, 33.929515 ], [ -118.239978, 33.929521 ], [ -118.240105, 33.92952 ], [ -118.243465, 33.929515 ], [ -118.244644, 33.929508 ], [ -118.246257, 33.929486 ], [ -118.247268, 33.929472 ], [ -118.2474, 33.929471 ], [ -118.248332, 33.92947 ], [ -118.249277, 33.929469 ], [ -118.249384, 33.929469 ], [ -118.252214, 33.929465 ], [ -118.252861, 33.929464 ], [ -118.253325, 33.929463 ], [ -118.254268, 33.929462 ], [ -118.254269, 33.929383 ], [ -118.254056, 33.929174 ], [ -118.254076, 33.929091 ], [ -118.253705, 33.928764 ], [ -118.253551, 33.928628 ], [ -118.253503, 33.928585 ], [ -118.25353, 33.928542 ], [ -118.25377, 33.928353 ], [ -118.253785, 33.928281 ], [ -118.253804, 33.928184 ], [ -118.253805, 33.928045 ], [ -118.253806, 33.927981 ], [ -118.25381, 33.92768 ], [ -118.253812, 33.927443 ], [ -118.253814, 33.9273 ], [ -118.25355, 33.9273 ], [ -118.25356, 33.92635 ], [ -118.253575, 33.92493 ], [ -118.25358, 33.924433 ], [ -118.253581, 33.924307 ], [ -118.25357, 33.924168 ], [ -118.253577, 33.924015 ], [ -118.253579, 33.923747 ], [ -118.253589, 33.923587 ], [ -118.253593, 33.923186 ], [ -118.253594, 33.923095 ], [ -118.254265, 33.923095 ], [ -118.254384, 33.923095 ], [ -118.255643, 33.923096 ], [ -118.256512, 33.923096 ], [ -118.256733, 33.923096 ], [ -118.261387, 33.923098 ], [ -118.265186, 33.9231 ], [ -118.269453, 33.923102 ], [ -118.269544, 33.923107 ], [ -118.269651, 33.923113 ], [ -118.273228, 33.923114 ], [ -118.273228, 33.923282 ], [ -118.273901, 33.923282 ], [ -118.274458, 33.923282 ], [ -118.277284, 33.923281 ], [ -118.277332, 33.923281 ], [ -118.277332, 33.923112 ], [ -118.277317, 33.92302 ], [ -118.277289, 33.922856 ], [ -118.277534, 33.922433 ], [ -118.277634, 33.922458 ], [ -118.277684, 33.922471 ], [ -118.277931, 33.922503 ], [ -118.278177, 33.92251 ], [ -118.278221, 33.922509 ], [ -118.278224, 33.923103 ], [ -118.278225, 33.923193 ], [ -118.278226, 33.923218 ], [ -118.278386, 33.923122 ], [ -118.279874, 33.923122 ], [ -118.279906, 33.923199 ], [ -118.280442, 33.923199 ], [ -118.280497, 33.923199 ], [ -118.280966, 33.923199 ], [ -118.281047, 33.923199 ], [ -118.281254, 33.923199 ], [ -118.281397, 33.923199 ], [ -118.281449, 33.923104 ], [ -118.281501, 33.923103 ], [ -118.281639, 33.9231 ], [ -118.281936, 33.923093 ], [ -118.281959, 33.923201 ], [ -118.282086, 33.923201 ], [ -118.282088, 33.92309 ], [ -118.282099, 33.922509 ], [ -118.282109, 33.921946 ], [ -118.282121, 33.921441 ], [ -118.282121, 33.921037 ], [ -118.282128, 33.920532 ], [ -118.282139, 33.919734 ], [ -118.28214, 33.919642 ], [ -118.282151, 33.918834 ], [ -118.28216, 33.918231 ], [ -118.282163, 33.918073 ], [ -118.282164, 33.917906 ], [ -118.282168, 33.917609 ], [ -118.282184, 33.916423 ], [ -118.282198, 33.915389 ], [ -118.282212, 33.914359 ], [ -118.282221, 33.913707 ], [ -118.282222, 33.913327 ], [ -118.282225, 33.912297 ], [ -118.282228, 33.911375 ], [ -118.282229, 33.91087 ], [ -118.28223, 33.910623 ], [ -118.282231, 33.910361 ], [ -118.282233, 33.909176 ], [ -118.282243, 33.905515 ], [ -118.282254, 33.9019 ], [ -118.282257, 33.900984 ], [ -118.282258, 33.900461 ], [ -118.282263, 33.898718 ], [ -118.282268, 33.897315 ], [ -118.283141, 33.897014 ], [ -118.283168, 33.896996 ], [ -118.283201, 33.896985 ], [ -118.283204, 33.896948 ], [ -118.283149, 33.895611 ], [ -118.283141, 33.895429 ], [ -118.283117, 33.894842 ], [ -118.283113, 33.894747 ], [ -118.28309, 33.894196 ], [ -118.283085, 33.894064 ], [ -118.28306, 33.893471 ], [ -118.283056, 33.893366 ], [ -118.283052, 33.89327 ], [ -118.283029, 33.892722 ], [ -118.282985, 33.891649 ], [ -118.282974, 33.891388 ], [ -118.282959, 33.891021 ], [ -118.282938, 33.890507 ], [ -118.282909, 33.889823 ], [ -118.282879, 33.88909 ], [ -118.282849, 33.888353 ], [ -118.282819, 33.887635 ], [ -118.282791, 33.886962 ], [ -118.282783, 33.886766 ], [ -118.282764, 33.886324 ], [ -118.282731, 33.885526 ], [ -118.282729, 33.885466 ], [ -118.282724, 33.885339 ], [ -118.282617, 33.882761 ], [ -118.282616, 33.882732 ], [ -118.282579, 33.88184 ], [ -118.282546, 33.881047 ], [ -118.282536, 33.880817 ], [ -118.282508, 33.880147 ], [ -118.282488, 33.879649 ], [ -118.282478, 33.879406 ], [ -118.282442, 33.878543 ], [ -118.282433, 33.878331 ], [ -118.282409, 33.877744 ], [ -118.282377, 33.876988 ], [ -118.282344, 33.876188 ], [ -118.282316, 33.875515 ], [ -118.282303, 33.875199 ], [ -118.282284, 33.874731 ], [ -118.28228, 33.874127 ], [ -118.28214, 33.87364 ], [ -118.282125, 33.873282 ], [ -118.282117, 33.873095 ], [ -118.282107, 33.872853 ], [ -118.282069, 33.872867 ], [ -118.281914, 33.872931 ], [ -118.281585, 33.87305 ], [ -118.281597, 33.87282 ], [ -118.281608, 33.872631 ], [ -118.281611, 33.872571 ], [ -118.281643, 33.872019 ], [ -118.281643, 33.871995 ], [ -118.281641, 33.871779 ], [ -118.281635, 33.871185 ], [ -118.281634, 33.87111 ], [ -118.281627, 33.870297 ], [ -118.281618, 33.869357 ], [ -118.281618, 33.869331 ], [ -118.281613, 33.868896 ], [ -118.281606, 33.868074 ], [ -118.281599, 33.867402 ], [ -118.281596, 33.867044 ], [ -118.281593, 33.866779 ], [ -118.281589, 33.866366 ], [ -118.281588, 33.866255 ], [ -118.281583, 33.8657 ], [ -118.281576, 33.864969 ], [ -118.281567, 33.864052 ], [ -118.281556, 33.862877 ], [ -118.281555, 33.862802 ], [ -118.281635, 33.862767 ], [ -118.282176, 33.862528 ], [ -118.282348, 33.862458 ], [ -118.282921, 33.862236 ], [ -118.283262, 33.862093 ], [ -118.283428, 33.862019 ], [ -118.283853, 33.86183 ], [ -118.28402, 33.861966 ], [ -118.284452, 33.862284 ], [ -118.284662, 33.862399 ], [ -118.284827, 33.862517 ], [ -118.284881, 33.862514 ], [ -118.284866, 33.862329 ], [ -118.284928, 33.862486 ], [ -118.284902, 33.862798 ], [ -118.284981, 33.862803 ], [ -118.285153, 33.862586 ], [ -118.285267, 33.862524 ], [ -118.285287, 33.862725 ], [ -118.285289, 33.862751 ], [ -118.285428, 33.862792 ], [ -118.285471, 33.862802 ], [ -118.285527, 33.862814 ], [ -118.28561, 33.862814 ], [ -118.285915, 33.862855 ], [ -118.286178, 33.862974 ], [ -118.286219, 33.862998 ], [ -118.286277, 33.86302 ], [ -118.286623, 33.863323 ], [ -118.286664, 33.863386 ], [ -118.286673, 33.863413 ], [ -118.286706, 33.86346 ], [ -118.28678, 33.863639 ], [ -118.286796, 33.863689 ], [ -118.286829, 33.863736 ], [ -118.286838, 33.863765 ], [ -118.286871, 33.863812 ], [ -118.286978, 33.864088 ], [ -118.287036, 33.864225 ], [ -118.287126, 33.864488 ], [ -118.287275, 33.864847 ], [ -118.28735, 33.865151 ], [ -118.287482, 33.865343 ], [ -118.287535, 33.865568 ], [ -118.28765, 33.865894 ], [ -118.287738, 33.86613 ], [ -118.287961, 33.866689 ], [ -118.287998, 33.866864 ], [ -118.28801, 33.866896 ], [ -118.288155, 33.867158 ], [ -118.288216, 33.867302 ], [ -118.288506, 33.868047 ], [ -118.288518, 33.868085 ], [ -118.288663, 33.868557 ], [ -118.28896, 33.869246 ], [ -118.288993, 33.869289 ], [ -118.289191, 33.869778 ], [ -118.289232, 33.869888 ], [ -118.289257, 33.869922 ], [ -118.289298, 33.870018 ], [ -118.289315, 33.870135 ], [ -118.289372, 33.870295 ], [ -118.289777, 33.870798 ], [ -118.289843, 33.870867 ], [ -118.289991, 33.870992 ], [ -118.290123, 33.871081 ], [ -118.290197, 33.871093 ], [ -118.290296, 33.871122 ], [ -118.290432, 33.871138 ], [ -118.290594, 33.871164 ], [ -118.290728, 33.87118 ], [ -118.290804, 33.871187 ], [ -118.290816, 33.871388 ], [ -118.290817, 33.871402 ], [ -118.290893, 33.872676 ], [ -118.290894, 33.872696 ], [ -118.290902, 33.872872 ], [ -118.290906, 33.872961 ], [ -118.290967, 33.874235 ], [ -118.290977, 33.874441 ], [ -118.290995, 33.874817 ], [ -118.291009, 33.875126 ], [ -118.291036, 33.875721 ], [ -118.291049, 33.875997 ], [ -118.291061, 33.876267 ], [ -118.291073, 33.876529 ], [ -118.291084, 33.876761 ], [ -118.291101, 33.877151 ], [ -118.291111, 33.877393 ], [ -118.291123, 33.877689 ], [ -118.291133, 33.877935 ], [ -118.291136, 33.878012 ], [ -118.291182, 33.879142 ], [ -118.291208, 33.879778 ], [ -118.291246, 33.880683 ], [ -118.291256, 33.880933 ], [ -118.291264, 33.88113 ], [ -118.291283, 33.881592 ], [ -118.291308, 33.882197 ], [ -118.291309, 33.882218 ], [ -118.291314, 33.882341 ], [ -118.291238, 33.882501 ], [ -118.29132, 33.882498 ], [ -118.291331, 33.882748 ], [ -118.291363, 33.883306 ], [ -118.291391, 33.884146 ], [ -118.2914, 33.884433 ], [ -118.291432, 33.885216 ], [ -118.291582, 33.888843 ], [ -118.291726, 33.892478 ], [ -118.291778, 33.893805 ], [ -118.291788, 33.894121 ], [ -118.291771, 33.894202 ], [ -118.291689, 33.894588 ], [ -118.291688, 33.895098 ], [ -118.291686, 33.895647 ], [ -118.291684, 33.896449 ], [ -118.291682, 33.896878 ], [ -118.291682, 33.896898 ], [ -118.29168, 33.897592 ], [ -118.291678, 33.898293 ], [ -118.291676, 33.898974 ], [ -118.291674, 33.8997 ], [ -118.291667, 33.901912 ], [ -118.291663, 33.903271 ], [ -118.29166, 33.904595 ], [ -118.291659, 33.904785 ], [ -118.291646, 33.909161 ], [ -118.291644, 33.909774 ], [ -118.291643, 33.910241 ], [ -118.291639, 33.911271 ], [ -118.291636, 33.912301 ], [ -118.291633, 33.913332 ], [ -118.29163, 33.914363 ], [ -118.291627, 33.915392 ], [ -118.291607, 33.916422 ], [ -118.291602, 33.917554 ], [ -118.291599, 33.918376 ], [ -118.291592, 33.920053 ], [ -118.291588, 33.921122 ], [ -118.291583, 33.923334 ], [ -118.291509, 33.923685 ], [ -118.291503, 33.925058 ], [ -118.291549, 33.925859 ], [ -118.291542, 33.927324 ], [ -118.291539, 33.927949 ], [ -118.291538, 33.928041 ], [ -118.291538, 33.928082 ], [ -118.291538, 33.928119 ], [ -118.291537, 33.928489 ], [ -118.291534, 33.928769 ], [ -118.291535, 33.928896 ], [ -118.291534, 33.929013 ], [ -118.291533, 33.929282 ], [ -118.291532, 33.929437 ], [ -118.291531, 33.929589 ], [ -118.291529, 33.930056 ], [ -118.291525, 33.930962 ], [ -118.291622, 33.931371 ], [ -118.291618, 33.933352 ], [ -118.291616, 33.934575 ], [ -118.291613, 33.935795 ], [ -118.291612, 33.936441 ], [ -118.29161, 33.93731 ], [ -118.29161, 33.938017 ], [ -118.291641, 33.938204 ], [ -118.291639, 33.939056 ], [ -118.291637, 33.939881 ], [ -118.291635, 33.940705 ], [ -118.291633, 33.941502 ], [ -118.291632, 33.942317 ], [ -118.29163, 33.943034 ], [ -118.291628, 33.943751 ], [ -118.291627, 33.944584 ], [ -118.291625, 33.945491 ], [ -118.291623, 33.946337 ], [ -118.291621, 33.947001 ], [ -118.291621, 33.947183 ], [ -118.29162, 33.947841 ], [ -118.291619, 33.948706 ], [ -118.291618, 33.949131 ], [ -118.291617, 33.949751 ], [ -118.291616, 33.950071 ], [ -118.291614, 33.950977 ], [ -118.291612, 33.951884 ], [ -118.291611, 33.952164 ], [ -118.29161, 33.952791 ], [ -118.291609, 33.953352 ], [ -118.291607, 33.954151 ], [ -118.291606, 33.954567 ], [ -118.291605, 33.955056 ], [ -118.291604, 33.955795 ], [ -118.291601, 33.95695 ], [ -118.291599, 33.957926 ], [ -118.291596, 33.959125 ], [ -118.291596, 33.959495 ], [ -118.291793, 33.959494 ], [ -118.29242, 33.959492 ], [ -118.292439, 33.9595 ], [ -118.292473, 33.959514 ], [ -118.293108, 33.959512 ], [ -118.293476, 33.959507 ], [ -118.294433, 33.959509 ], [ -118.295879, 33.959505 ], [ -118.297623, 33.9595 ], [ -118.300044, 33.959494 ], [ -118.300267, 33.959481 ], [ -118.300267, 33.959445 ], [ -118.300249, 33.959022 ], [ -118.300249, 33.958958 ], [ -118.30025, 33.958429 ], [ -118.300251, 33.958236 ], [ -118.300251, 33.957911 ], [ -118.300252, 33.95745 ], [ -118.300252, 33.957387 ], [ -118.300252, 33.956872 ], [ -118.300252, 33.956664 ], [ -118.300253, 33.955926 ], [ -118.300253, 33.955878 ], [ -118.300253, 33.955738 ], [ -118.300254, 33.955137 ], [ -118.300254, 33.955092 ], [ -118.300254, 33.955004 ], [ -118.300255, 33.954306 ], [ -118.300255, 33.954105 ], [ -118.300256, 33.95352 ], [ -118.300256, 33.953451 ], [ -118.300256, 33.953193 ], [ -118.300257, 33.952933 ], [ -118.300257, 33.952734 ], [ -118.300258, 33.952397 ], [ -118.300258, 33.952346 ], [ -118.300258, 33.952139 ], [ -118.300258, 33.952125 ], [ -118.300258, 33.951922 ], [ -118.300259, 33.951532 ], [ -118.30026, 33.951336 ], [ -118.30026, 33.951139 ], [ -118.30026, 33.951083 ], [ -118.30026, 33.95093 ], [ -118.30026, 33.950723 ], [ -118.30026, 33.95058 ], [ -118.300261, 33.950356 ], [ -118.300261, 33.950323 ], [ -118.300262, 33.950093 ], [ -118.300261, 33.950044 ], [ -118.300262, 33.949999 ], [ -118.300759, 33.949998 ], [ -118.302402, 33.949993 ], [ -118.302448, 33.949993 ], [ -118.302449, 33.949645 ], [ -118.302449, 33.949539 ], [ -118.302449, 33.949104 ], [ -118.30245, 33.94866 ], [ -118.30245, 33.9482 ], [ -118.302451, 33.94774 ], [ -118.302451, 33.9473 ], [ -118.302452, 33.946975 ], [ -118.302452, 33.94679 ], [ -118.302452, 33.946385 ], [ -118.302452, 33.946162 ], [ -118.302453, 33.94594 ], [ -118.302454, 33.945474 ], [ -118.304636, 33.945469 ], [ -118.30518, 33.945467 ], [ -118.305187, 33.9432 ], [ -118.305191, 33.941845 ], [ -118.305337, 33.941839 ], [ -118.305736, 33.941838 ], [ -118.306807, 33.941836 ], [ -118.307861, 33.941835 ], [ -118.309015, 33.941833 ], [ -118.309017, 33.940927 ], [ -118.309017, 33.940715 ], [ -118.309019, 33.94002 ], [ -118.309022, 33.939111 ], [ -118.309025, 33.93821 ], [ -118.309636, 33.938211 ], [ -118.310172, 33.938211 ], [ -118.311227, 33.938212 ], [ -118.312299, 33.938213 ], [ -118.313387, 33.938214 ], [ -118.313382, 33.940026 ], [ -118.313377, 33.941838 ], [ -118.313375, 33.943195 ], [ -118.313372, 33.94546 ], [ -118.313643, 33.94546 ], [ -118.313813, 33.94546 ], [ -118.314278, 33.945461 ], [ -118.314297, 33.945461 ], [ -118.315359, 33.945462 ], [ -118.31571, 33.945462 ], [ -118.315991, 33.945462 ], [ -118.316755, 33.945462 ], [ -118.317238, 33.945462 ], [ -118.31772, 33.945463 ], [ -118.317721, 33.946074 ], [ -118.317721, 33.946121 ], [ -118.317722, 33.949091 ], [ -118.317724, 33.951234 ], [ -118.317724, 33.952717 ], [ -118.317725, 33.954531 ], [ -118.317726, 33.956345 ], [ -118.317744, 33.956395 ], [ -118.317743, 33.958021 ], [ -118.317761, 33.95809 ], [ -118.317761, 33.959498 ], [ -118.317761, 33.959932 ], [ -118.317761, 33.959972 ], [ -118.317761, 33.960028 ], [ -118.317761, 33.960849 ], [ -118.317761, 33.960905 ], [ -118.317762, 33.961803 ], [ -118.317759, 33.962714 ], [ -118.317757, 33.963648 ], [ -118.317755, 33.964581 ], [ -118.317754, 33.965486 ], [ -118.317753, 33.966392 ], [ -118.317752, 33.966958 ], [ -118.317752, 33.967279 ], [ -118.317751, 33.968186 ], [ -118.31775, 33.969088 ], [ -118.317749, 33.969989 ], [ -118.317747, 33.970808 ], [ -118.317747, 33.970923 ], [ -118.319911, 33.97092 ], [ -118.32184, 33.970917 ], [ -118.321847, 33.970872 ], [ -118.321863, 33.970833 ], [ -118.321887, 33.970796 ], [ -118.322315, 33.970796 ], [ -118.322339, 33.970833 ], [ -118.322355, 33.970872 ], [ -118.322362, 33.970916 ], [ -118.322799, 33.970915 ], [ -118.323027, 33.970915 ], [ -118.324291, 33.970913 ], [ -118.326471, 33.970909 ], [ -118.326471, 33.970786 ], [ -118.326472, 33.97039 ], [ -118.326473, 33.969999 ], [ -118.326476, 33.969088 ], [ -118.326478, 33.968163 ], [ -118.326478, 33.968002 ], [ -118.32648, 33.967267 ], [ -118.326579, 33.967266 ], [ -118.326633, 33.967267 ], [ -118.328664, 33.967261 ], [ -118.330136, 33.967257 ], [ -118.330777, 33.967255 ], [ -118.330847, 33.967255 ], [ -118.330882, 33.967255 ], [ -118.331368, 33.967254 ], [ -118.331932, 33.967252 ], [ -118.33303, 33.967249 ], [ -118.33303, 33.967825 ], [ -118.33303, 33.968101 ], [ -118.333029, 33.968623 ], [ -118.333028, 33.969065 ], [ -118.333027, 33.969973 ], [ -118.333042, 33.97087 ], [ -118.33304, 33.971282 ], [ -118.333036, 33.971813 ], [ -118.333034, 33.972203 ], [ -118.333024, 33.972696 ], [ -118.333064, 33.972696 ], [ -118.333285, 33.972695 ], [ -118.334162, 33.972689 ], [ -118.334348, 33.972696 ], [ -118.335212, 33.972691 ], [ -118.33521, 33.974447 ], [ -118.33521, 33.974499 ], [ -118.33521, 33.974547 ], [ -118.335207, 33.975424 ], [ -118.335206, 33.975633 ], [ -118.335206, 33.975663 ], [ -118.335204, 33.975982 ], [ -118.335204, 33.976042 ], [ -118.335201, 33.976825 ], [ -118.335201, 33.976842 ], [ -118.335198, 33.977506 ], [ -118.335196, 33.978108 ], [ -118.335192, 33.978929 ], [ -118.335192, 33.978946 ], [ -118.33519, 33.979741 ], [ -118.33519, 33.979757 ], [ -118.335192, 33.980582 ], [ -118.335186, 33.981758 ], [ -118.335827, 33.981754 ], [ -118.338557, 33.981739 ], [ -118.339559, 33.981733 ], [ -118.339619, 33.981733 ], [ -118.340681, 33.981727 ], [ -118.341744, 33.981721 ], [ -118.34284, 33.981715 ], [ -118.343954, 33.981709 ], [ -118.3454, 33.981705 ], [ -118.347334, 33.9817 ], [ -118.349992, 33.981692 ], [ -118.353252, 33.981684 ], [ -118.354782, 33.98168 ], [ -118.355295, 33.981678 ], [ -118.355417, 33.981678 ], [ -118.356049, 33.981674 ], [ -118.356111, 33.981674 ], [ -118.356327, 33.981677 ], [ -118.356751, 33.981675 ], [ -118.357004, 33.981674 ], [ -118.357538, 33.98167 ], [ -118.357728, 33.98167 ], [ -118.357925, 33.981669 ], [ -118.358544, 33.981667 ], [ -118.359115, 33.981665 ], [ -118.360058, 33.981662 ], [ -118.360978, 33.981661 ], [ -118.363847, 33.981649 ], [ -118.366252, 33.981645 ], [ -118.366726, 33.981895 ], [ -118.366927, 33.981633 ], [ -118.366946, 33.981643 ], [ -118.367171, 33.981642 ], [ -118.367348, 33.981642 ], [ -118.370151, 33.981634 ], [ -118.370341, 33.981636 ], [ -118.370328, 33.98142 ], [ -118.370236, 33.980047 ], [ -118.370231, 33.979929 ], [ -118.370218, 33.979661 ], [ -118.370171, 33.979093 ], [ -118.370157, 33.978923 ], [ -118.370147, 33.978808 ], [ -118.370146, 33.978768 ], [ -118.370136, 33.978211 ], [ -118.370128, 33.977816 ], [ -118.370118, 33.977272 ], [ -118.370108, 33.976608 ], [ -118.370105, 33.975811 ], [ -118.370105, 33.975718 ], [ -118.370101, 33.97501 ], [ -118.370113, 33.974466 ], [ -118.370114, 33.974412 ], [ -118.370115, 33.97438 ], [ -118.37011, 33.973161 ], [ -118.37011, 33.973073 ], [ -118.370109, 33.972973 ], [ -118.370109, 33.972923 ], [ -118.370109, 33.9729 ], [ -118.370107, 33.9724 ], [ -118.370107, 33.972333 ], [ -118.370107, 33.972282 ], [ -118.370101, 33.971062 ], [ -118.370101, 33.971044 ], [ -118.370097, 33.970127 ], [ -118.370097, 33.970089 ], [ -118.37009, 33.968457 ], [ -118.370123, 33.968307 ], [ -118.370145, 33.968209 ], [ -118.370154, 33.968085 ], [ -118.370152, 33.96804 ], [ -118.370148, 33.967993 ], [ -118.37034, 33.967993 ], [ -118.370797, 33.967992 ], [ -118.371496, 33.967991 ], [ -118.371818, 33.96799 ], [ -118.371851, 33.96799 ], [ -118.37197, 33.96799 ], [ -118.372366, 33.967989 ], [ -118.372823, 33.967648 ], [ -118.372897, 33.967607 ], [ -118.372766, 33.967447 ], [ -118.372665, 33.967313 ], [ -118.37254, 33.967131 ], [ -118.372465, 33.967173 ], [ -118.371918, 33.967387 ], [ -118.371616, 33.966852 ], [ -118.371258, 33.963538 ], [ -118.371239, 33.963367 ], [ -118.371295, 33.963345 ], [ -118.373565, 33.962435 ], [ -118.375301, 33.961738 ], [ -118.375606, 33.9616 ], [ -118.375892, 33.961454 ], [ -118.376078, 33.96135 ], [ -118.376348, 33.961183 ], [ -118.376607, 33.961005 ], [ -118.376855, 33.960816 ], [ -118.37709, 33.960616 ], [ -118.377313, 33.960406 ], [ -118.377522, 33.960187 ], [ -118.377722, 33.959953 ], [ -118.377759, 33.959904 ], [ -118.377932, 33.959675 ], [ -118.378094, 33.95943 ], [ -118.378241, 33.959178 ], [ -118.378371, 33.95892 ], [ -118.378382, 33.958896 ], [ -118.378411, 33.958832 ], [ -118.378449, 33.958745 ], [ -118.378485, 33.958656 ], [ -118.378512, 33.958586 ], [ -118.378583, 33.958389 ], [ -118.378664, 33.958117 ], [ -118.378678, 33.958061 ], [ -118.378834, 33.95748 ], [ -118.378833, 33.955569 ], [ -118.37885, 33.95437 ], [ -118.378843, 33.952647 ], [ -118.378768, 33.952646 ], [ -118.378699, 33.952646 ], [ -118.378615, 33.952646 ], [ -118.378391, 33.952644 ], [ -118.378325, 33.952644 ], [ -118.377964, 33.952641 ], [ -118.377678, 33.952642 ], [ -118.377063, 33.952643 ], [ -118.377019, 33.952643 ], [ -118.376512, 33.952645 ], [ -118.375436, 33.952648 ], [ -118.375306, 33.952648 ], [ -118.374858, 33.95265 ], [ -118.374672, 33.952651 ], [ -118.373501, 33.952657 ], [ -118.372541, 33.952662 ], [ -118.371775, 33.952665 ], [ -118.37108, 33.952667 ], [ -118.37094, 33.952668 ], [ -118.37058, 33.95267 ], [ -118.370057, 33.952672 ], [ -118.370057, 33.952655 ], [ -118.370058, 33.952027 ], [ -118.370053, 33.95072 ], [ -118.37005, 33.950149 ], [ -118.37005, 33.95001 ], [ -118.370048, 33.94933 ], [ -118.370047, 33.949092 ], [ -118.370045, 33.948344 ], [ -118.370044, 33.947925 ], [ -118.370044, 33.947909 ], [ -118.370043, 33.947816 ], [ -118.370043, 33.947758 ], [ -118.370041, 33.947005 ], [ -118.37004, 33.946612 ], [ -118.37004, 33.946521 ], [ -118.37004, 33.946345 ], [ -118.370039, 33.945975 ], [ -118.370037, 33.94542 ], [ -118.370037, 33.94486 ], [ -118.370037, 33.944846 ], [ -118.370036, 33.943894 ], [ -118.370035, 33.943104 ], [ -118.370035, 33.942996 ], [ -118.370034, 33.941793 ], [ -118.370034, 33.941713 ], [ -118.370033, 33.940823 ], [ -118.370033, 33.940742 ], [ -118.370033, 33.940705 ], [ -118.370032, 33.94012 ], [ -118.370032, 33.939983 ], [ -118.370031, 33.938188 ], [ -118.370029, 33.935766 ], [ -118.370029, 33.935627 ], [ -118.370028, 33.934829 ], [ -118.370028, 33.934518 ], [ -118.370028, 33.934279 ], [ -118.370027, 33.933741 ], [ -118.370027, 33.933426 ], [ -118.370026, 33.932957 ], [ -118.370026, 33.932794 ], [ -118.370026, 33.932772 ], [ -118.370026, 33.932685 ], [ -118.370025, 33.931402 ], [ -118.370026, 33.931111 ], [ -118.370033, 33.930929 ], [ -118.369939, 33.930927 ], [ -118.369664, 33.930924 ], [ -118.369484, 33.930932 ], [ -118.369251, 33.930943 ], [ -118.368817, 33.93095 ], [ -118.368529, 33.930949 ], [ -118.368387, 33.930946 ], [ -118.368383, 33.930508 ], [ -118.368377, 33.930436 ], [ -118.368385, 33.930245 ], [ -118.368376, 33.929902 ], [ -118.368376, 33.92988 ], [ -118.368376, 33.929713 ], [ -118.368376, 33.929619 ], [ -118.368375, 33.929266 ], [ -118.368375, 33.929241 ], [ -118.368375, 33.929021 ], [ -118.368544, 33.929021 ], [ -118.368874, 33.92902 ], [ -118.36904, 33.92902 ], [ -118.369239, 33.928981 ], [ -118.370015, 33.928945 ], [ -118.371894, 33.929017 ], [ -118.374381, 33.929013 ], [ -118.374382, 33.929112 ], [ -118.374999, 33.929098 ], [ -118.376539, 33.929098 ], [ -118.377117, 33.929105 ], [ -118.377152, 33.929111 ], [ -118.377356, 33.929035 ], [ -118.378429, 33.929008 ], [ -118.378669, 33.929008 ], [ -118.378724, 33.929008 ], [ -118.378726, 33.930545 ], [ -118.378726, 33.930591 ], [ -118.378728, 33.930895 ], [ -118.378773, 33.930904 ], [ -118.378869, 33.930923 ], [ -118.379267, 33.930926 ], [ -118.379363, 33.930926 ], [ -118.380286, 33.930923 ], [ -118.380765, 33.930922 ], [ -118.382306, 33.930899 ], [ -118.383154, 33.930887 ], [ -118.384798, 33.930885 ], [ -118.387474, 33.930884 ], [ -118.389999, 33.930887 ], [ -118.391894, 33.93089 ], [ -118.394145, 33.930896 ], [ -118.39436, 33.930896 ], [ -118.396105, 33.9309 ], [ -118.397616, 33.930889 ], [ -118.398015, 33.930886 ], [ -118.398753, 33.930882 ], [ -118.399256, 33.93088 ], [ -118.399257, 33.930908 ], [ -118.399256, 33.930979 ], [ -118.40207, 33.931279 ], [ -118.402135, 33.931277 ], [ -118.403089, 33.931316 ], [ -118.403966, 33.931299 ], [ -118.411232, 33.931305 ], [ -118.411367, 33.931296 ], [ -118.415962, 33.931292 ], [ -118.425047, 33.931288 ], [ -118.425316, 33.93128 ], [ -118.425842, 33.931255 ], [ -118.426285, 33.931212 ], [ -118.427102, 33.931103 ], [ -118.428428, 33.930935 ], [ -118.428769, 33.930891 ], [ -118.428764, 33.930818 ], [ -118.428756, 33.927902 ], [ -118.428754, 33.927201 ], [ -118.427667, 33.927203 ], [ -118.427662, 33.925018 ], [ -118.42766, 33.923582 ], [ -118.426574, 33.923583 ], [ -118.426571, 33.921769 ], [ -118.424396, 33.92177 ], [ -118.424391, 33.919958 ], [ -118.423854, 33.919958 ], [ -118.422749, 33.919957 ], [ -118.422222, 33.919957 ], [ -118.422222, 33.918874 ], [ -118.422221, 33.917985 ], [ -118.42221, 33.917843 ], [ -118.422221, 33.917704 ], [ -118.422221, 33.916329 ], [ -118.427552, 33.916321 ], [ -118.429447, 33.916318 ], [ -118.429656, 33.916325 ], [ -118.42977, 33.916586 ], [ -118.429803, 33.916642 ], [ -118.429811, 33.916669 ], [ -118.429878, 33.916745 ], [ -118.429914, 33.916775 ], [ -118.42996, 33.916813 ], [ -118.430067, 33.916875 ], [ -118.430169, 33.916925 ], [ -118.430253, 33.916966 ], [ -118.43034, 33.917034 ], [ -118.430431, 33.917146 ], [ -118.430472, 33.917243 ], [ -118.430517, 33.917368 ], [ -118.430546, 33.917517 ], [ -118.430571, 33.917593 ], [ -118.430687, 33.917883 ], [ -118.430828, 33.918215 ], [ -118.430886, 33.918338 ], [ -118.431076, 33.918823 ], [ -118.431167, 33.919002 ], [ -118.431192, 33.919029 ], [ -118.431208, 33.919062 ], [ -118.431307, 33.919174 ], [ -118.431365, 33.91925 ], [ -118.431398, 33.919313 ], [ -118.431448, 33.919463 ], [ -118.431504, 33.9196 ], [ -118.431638, 33.919774 ], [ -118.431655, 33.919808 ], [ -118.431696, 33.919857 ], [ -118.431721, 33.919904 ], [ -118.431746, 33.919933 ], [ -118.431762, 33.919974 ], [ -118.431799, 33.92003 ], [ -118.431853, 33.920133 ], [ -118.432018, 33.920512 ], [ -118.432142, 33.920761 ], [ -118.432283, 33.920996 ], [ -118.432308, 33.921049 ], [ -118.432357, 33.921112 ], [ -118.432374, 33.921148 ], [ -118.432415, 33.921195 ], [ -118.432506, 33.92132 ], [ -118.432539, 33.921383 ], [ -118.432589, 33.921443 ], [ -118.432621, 33.921506 ], [ -118.432646, 33.921532 ], [ -118.432837, 33.921857 ], [ -118.432861, 33.921886 ], [ -118.432886, 33.921933 ], [ -118.432911, 33.921953 ], [ -118.433002, 33.922072 ], [ -118.433018, 33.922105 ], [ -118.433043, 33.922134 ], [ -118.433175, 33.922397 ], [ -118.433299, 33.922623 ], [ -118.433415, 33.922851 ], [ -118.433605, 33.923251 ], [ -118.433754, 33.923528 ], [ -118.433787, 33.923569 ], [ -118.433795, 33.923595 ], [ -118.433828, 33.923645 ], [ -118.433836, 33.923672 ], [ -118.43387, 33.923721 ], [ -118.433878, 33.923748 ], [ -118.434085, 33.924156 ], [ -118.434159, 33.924328 ], [ -118.434221, 33.924459 ], [ -118.434349, 33.924694 ], [ -118.434614, 33.925218 ], [ -118.434788, 33.925584 ], [ -118.435044, 33.926176 ], [ -118.43511, 33.926342 ], [ -118.435218, 33.926681 ], [ -118.435317, 33.926935 ], [ -118.435425, 33.927177 ], [ -118.435574, 33.927473 ], [ -118.43564, 33.927619 ], [ -118.435737, 33.927852 ], [ -118.435814, 33.928067 ], [ -118.435859, 33.928164 ], [ -118.43606, 33.928563 ], [ -118.436153, 33.928702 ], [ -118.436161, 33.928728 ], [ -118.436186, 33.928764 ], [ -118.436194, 33.928791 ], [ -118.436298, 33.92902 ], [ -118.436343, 33.929096 ], [ -118.436633, 33.929681 ], [ -118.436839, 33.930123 ], [ -118.437063, 33.930585 ], [ -118.437187, 33.93082 ], [ -118.437286, 33.930992 ], [ -118.437317, 33.931053 ], [ -118.437344, 33.931089 ], [ -118.43736, 33.931131 ], [ -118.437385, 33.931165 ], [ -118.437393, 33.931192 ], [ -118.437418, 33.931228 ], [ -118.437431, 33.931261 ], [ -118.437575, 33.931537 ], [ -118.437617, 33.931606 ], [ -118.437683, 33.931729 ], [ -118.437708, 33.931765 ], [ -118.437716, 33.931792 ], [ -118.437741, 33.931828 ], [ -118.437753, 33.931862 ], [ -118.437856, 33.932061 ], [ -118.43803, 33.932433 ], [ -118.438196, 33.932848 ], [ -118.438419, 33.933364 ], [ -118.438614, 33.933772 ], [ -118.438742, 33.934021 ], [ -118.438891, 33.934297 ], [ -118.438907, 33.934337 ], [ -118.438957, 33.934413 ], [ -118.438965, 33.934442 ], [ -118.439006, 33.934503 ], [ -118.439019, 33.934539 ], [ -118.439106, 33.934705 ], [ -118.439221, 33.934938 ], [ -118.439321, 33.935153 ], [ -118.439395, 33.935296 ], [ -118.439552, 33.935655 ], [ -118.439734, 33.93605 ], [ -118.439809, 33.936193 ], [ -118.440172, 33.936829 ], [ -118.440384, 33.937219 ], [ -118.440388, 33.937242 ], [ -118.440834, 33.938132 ], [ -118.440859, 33.938161 ], [ -118.440884, 33.938214 ], [ -118.440908, 33.93825 ], [ -118.440921, 33.938284 ], [ -118.441016, 33.93847 ], [ -118.441165, 33.938781 ], [ -118.441272, 33.938988 ], [ -118.441529, 33.939463 ], [ -118.441554, 33.939525 ], [ -118.441645, 33.939671 ], [ -118.441653, 33.939698 ], [ -118.441868, 33.940036 ], [ -118.441925, 33.940118 ], [ -118.441967, 33.940161 ], [ -118.442066, 33.940275 ], [ -118.442198, 33.940408 ], [ -118.442239, 33.940444 ], [ -118.442305, 33.940477 ], [ -118.442347, 33.940483 ], [ -118.442462, 33.940471 ], [ -118.442602, 33.940428 ], [ -118.442953, 33.940291 ], [ -118.442973, 33.940298 ], [ -118.442997, 33.940325 ], [ -118.443031, 33.940505 ], [ -118.443072, 33.940615 ], [ -118.44313, 33.940704 ], [ -118.443204, 33.940843 ], [ -118.443271, 33.941009 ], [ -118.443345, 33.941159 ], [ -118.443411, 33.941278 ], [ -118.44356, 33.94145 ], [ -118.443667, 33.941595 ], [ -118.443725, 33.941698 ], [ -118.443775, 33.941815 ], [ -118.4438, 33.941925 ], [ -118.4438, 33.941968 ], [ -118.443816, 33.942092 ], [ -118.44385, 33.942181 ], [ -118.443891, 33.942242 ], [ -118.44394, 33.942304 ], [ -118.443998, 33.942367 ], [ -118.444056, 33.942443 ], [ -118.444205, 33.942705 ], [ -118.444279, 33.942801 ], [ -118.444304, 33.94285 ], [ -118.444329, 33.942877 ], [ -118.444354, 33.942926 ], [ -118.444378, 33.942953 ], [ -118.444461, 33.943085 ], [ -118.444685, 33.943484 ], [ -118.444709, 33.943513 ], [ -118.444966, 33.943981 ], [ -118.44499, 33.944008 ], [ -118.445081, 33.944167 ], [ -118.445106, 33.944193 ], [ -118.445119, 33.944229 ], [ -118.445172, 33.944339 ], [ -118.445218, 33.944454 ], [ -118.44523, 33.944512 ], [ -118.445259, 33.944584 ], [ -118.445272, 33.944642 ], [ -118.44533, 33.944788 ], [ -118.445396, 33.944911 ], [ -118.445487, 33.945025 ], [ -118.445685, 33.945251 ], [ -118.445768, 33.94536 ], [ -118.445834, 33.945477 ], [ -118.445908, 33.945629 ], [ -118.445991, 33.945775 ], [ -118.446015, 33.945801 ], [ -118.446057, 33.945878 ], [ -118.446082, 33.945904 ], [ -118.446181, 33.946077 ], [ -118.446322, 33.946337 ], [ -118.446363, 33.946395 ], [ -118.446379, 33.946428 ], [ -118.446429, 33.946491 ], [ -118.446436, 33.946504 ], [ -118.446446, 33.946525 ], [ -118.446536, 33.946636 ], [ -118.446553, 33.94667 ], [ -118.446594, 33.946719 ], [ -118.446611, 33.946753 ], [ -118.446636, 33.946782 ], [ -118.446673, 33.946851 ], [ -118.446718, 33.946918 ], [ -118.446917, 33.947263 ], [ -118.447, 33.947442 ], [ -118.447107, 33.947658 ], [ -118.447239, 33.947904 ], [ -118.447264, 33.94794 ], [ -118.44733, 33.948077 ], [ -118.447578, 33.948497 ], [ -118.447744, 33.948802 ], [ -118.447942, 33.949154 ], [ -118.447967, 33.94918 ], [ -118.448232, 33.949601 ], [ -118.448232, 33.949644 ], [ -118.448223, 33.949664 ], [ -118.448686, 33.950173 ], [ -118.448679, 33.95018 ], [ -118.448664, 33.950223 ], [ -118.448641, 33.950275 ], [ -118.448656, 33.950354 ], [ -118.448661, 33.950377 ], [ -118.448724, 33.95063 ], [ -118.448808, 33.950809 ], [ -118.448844, 33.950884 ], [ -118.448902, 33.950996 ], [ -118.449224, 33.95158 ], [ -118.449572, 33.952187 ], [ -118.450052, 33.952995 ], [ -118.450134, 33.953085 ], [ -118.450184, 33.953188 ], [ -118.450266, 33.953277 ], [ -118.450324, 33.953389 ], [ -118.450407, 33.953478 ], [ -118.450456, 33.953581 ], [ -118.450539, 33.95367 ], [ -118.450605, 33.953794 ], [ -118.450663, 33.953856 ], [ -118.450729, 33.953975 ], [ -118.450812, 33.954064 ], [ -118.450843, 33.954117 ], [ -118.451109, 33.954568 ], [ -118.451192, 33.954657 ], [ -118.451514, 33.955201 ], [ -118.451597, 33.955283 ], [ -118.451895, 33.955787 ], [ -118.452019, 33.955926 ], [ -118.452052, 33.955988 ], [ -118.452126, 33.956071 ], [ -118.452143, 33.956104 ], [ -118.4522, 33.956167 ], [ -118.452225, 33.956214 ], [ -118.452267, 33.956256 ], [ -118.452301, 33.95633 ], [ -118.452308, 33.956346 ], [ -118.45225, 33.956401 ], [ -118.452366, 33.956663 ], [ -118.452432, 33.956802 ], [ -118.452598, 33.957098 ], [ -118.452705, 33.957216 ], [ -118.452747, 33.95727 ], [ -118.452846, 33.957449 ], [ -118.452928, 33.957538 ], [ -118.452978, 33.95765 ], [ -118.453069, 33.957739 ], [ -118.45311, 33.957786 ], [ -118.453168, 33.957912 ], [ -118.453263, 33.958007 ], [ -118.453284, 33.958034 ], [ -118.453362, 33.958177 ], [ -118.453418, 33.958275 ], [ -118.453524, 33.958455 ], [ -118.453626, 33.958556 ], [ -118.453747, 33.958676 ], [ -118.453813, 33.958756 ], [ -118.454465, 33.9594 ], [ -118.454507, 33.959451 ], [ -118.454886, 33.959814 ], [ -118.45501, 33.959883 ], [ -118.455105, 33.959925 ], [ -118.455646, 33.960407 ], [ -118.455908, 33.960621 ], [ -118.45643, 33.961047 ], [ -118.456447, 33.961061 ], [ -118.456553, 33.961161 ], [ -118.456225, 33.961316 ], [ -118.455978, 33.961454 ], [ -118.455936, 33.961468 ], [ -118.455895, 33.961493 ], [ -118.454289, 33.962202 ], [ -118.453655, 33.962492 ], [ -118.453317, 33.962651 ], [ -118.453227, 33.962701 ], [ -118.452116, 33.963315 ], [ -118.451885, 33.963453 ], [ -118.451775, 33.963522 ], [ -118.451597, 33.963634 ], [ -118.451296, 33.963813 ], [ -118.451226, 33.963862 ], [ -118.451144, 33.963913 ], [ -118.450839, 33.964103 ], [ -118.45065, 33.964213 ], [ -118.450436, 33.964344 ], [ -118.450387, 33.964345 ], [ -118.450263, 33.964428 ], [ -118.450037, 33.964559 ], [ -118.449967, 33.964609 ], [ -118.449374, 33.964941 ], [ -118.449316, 33.964969 ], [ -118.449094, 33.965093 ], [ -118.449036, 33.965121 ], [ -118.448962, 33.965169 ], [ -118.448924, 33.96519 ], [ -118.448777, 33.965273 ], [ -118.44874, 33.9653 ], [ -118.448369, 33.965507 ], [ -118.447521, 33.96597 ], [ -118.445553, 33.967069 ], [ -118.44531, 33.9672 ], [ -118.445282, 33.967221 ], [ -118.444507, 33.967658 ], [ -118.442506, 33.968757 ], [ -118.442012, 33.96902 ], [ -118.441605, 33.969248 ], [ -118.441526, 33.969296 ], [ -118.440769, 33.969711 ], [ -118.439756, 33.970284 ], [ -118.439427, 33.970462 ], [ -118.438961, 33.970722 ], [ -118.438834, 33.9708 ], [ -118.438587, 33.970943 ], [ -118.437277, 33.971668 ], [ -118.4368, 33.971944 ], [ -118.435873, 33.972456 ], [ -118.43577, 33.972525 ], [ -118.43386, 33.973597 ], [ -118.433777, 33.973639 ], [ -118.433414, 33.973842 ], [ -118.43239, 33.974413 ], [ -118.432353, 33.97444 ], [ -118.432262, 33.974489 ], [ -118.432009, 33.974636 ], [ -118.431867, 33.974719 ], [ -118.431178, 33.975129 ], [ -118.430838, 33.975333 ], [ -118.430072, 33.975804 ], [ -118.429919, 33.975893 ], [ -118.429882, 33.975921 ], [ -118.429619, 33.976086 ], [ -118.428801, 33.976626 ], [ -118.428771, 33.976646 ], [ -118.428627, 33.976736 ], [ -118.428575, 33.976771 ], [ -118.428482, 33.976834 ], [ -118.428454, 33.976848 ], [ -118.428342, 33.976931 ], [ -118.42824, 33.976993 ], [ -118.42798, 33.977165 ], [ -118.427853, 33.977241 ], [ -118.427338, 33.977587 ], [ -118.427301, 33.977608 ], [ -118.427021, 33.977794 ], [ -118.426786, 33.977961 ], [ -118.426749, 33.977982 ], [ -118.426545, 33.978117 ], [ -118.42643, 33.978193 ], [ -118.426346, 33.978243 ], [ -118.426235, 33.978319 ], [ -118.426197, 33.97834 ], [ -118.42602, 33.978459 ], [ -118.425983, 33.97848 ], [ -118.425773, 33.978624 ], [ -118.425736, 33.978645 ], [ -118.425625, 33.978721 ], [ -118.425535, 33.978769 ], [ -118.425427, 33.978811 ], [ -118.425345, 33.978832 ], [ -118.425271, 33.978838 ], [ -118.424776, 33.978839 ], [ -118.424747, 33.978835 ], [ -118.424611, 33.978838 ], [ -118.424306, 33.978867 ], [ -118.424109, 33.978923 ], [ -118.423796, 33.979046 ], [ -118.423763, 33.979067 ], [ -118.423713, 33.979088 ], [ -118.42354, 33.979178 ], [ -118.423194, 33.979337 ], [ -118.422993, 33.979434 ], [ -118.422972, 33.979448 ], [ -118.422939, 33.979455 ], [ -118.422898, 33.979481 ], [ -118.422659, 33.979594 ], [ -118.422585, 33.979635 ], [ -118.422543, 33.979649 ], [ -118.422502, 33.979672 ], [ -118.42225, 33.97979 ], [ -118.421901, 33.979954 ], [ -118.421596, 33.980077 ], [ -118.421291, 33.980169 ], [ -118.421135, 33.980202 ], [ -118.420887, 33.980266 ], [ -118.4205, 33.980376 ], [ -118.42022, 33.980465 ], [ -118.420006, 33.980542 ], [ -118.419536, 33.980721 ], [ -118.4191, 33.980922 ], [ -118.418853, 33.981051 ], [ -118.41863, 33.981158 ], [ -118.418317, 33.98133 ], [ -118.417943, 33.98156 ], [ -118.417873, 33.981608 ], [ -118.417835, 33.981629 ], [ -118.417584, 33.981801 ], [ -118.416913, 33.982291 ], [ -118.41623, 33.982804 ], [ -118.414698, 33.983917 ], [ -118.414679, 33.98393 ], [ -118.414607, 33.983813 ], [ -118.414437, 33.983534 ], [ -118.413951, 33.982738 ], [ -118.413576, 33.982124 ], [ -118.413308, 33.981685 ], [ -118.413087, 33.981323 ], [ -118.412658, 33.98062 ], [ -118.412461, 33.980297 ], [ -118.410181, 33.981295 ], [ -118.409987, 33.980978 ], [ -118.409957, 33.980928 ], [ -118.409928, 33.98088 ], [ -118.409086, 33.981247 ], [ -118.409134, 33.981288 ], [ -118.409182, 33.981329 ], [ -118.409795, 33.981857 ], [ -118.410461, 33.982428 ], [ -118.411136, 33.983007 ], [ -118.411806, 33.983581 ], [ -118.412476, 33.984155 ], [ -118.413129, 33.984714 ], [ -118.41317, 33.98475 ], [ -118.413341, 33.984898 ], [ -118.413322, 33.984942 ], [ -118.412987, 33.985196 ], [ -118.412633, 33.985476 ], [ -118.412364, 33.985667 ], [ -118.412129, 33.985805 ], [ -118.41176, 33.986075 ], [ -118.411717, 33.9861 ], [ -118.411606, 33.986176 ], [ -118.411462, 33.986268 ], [ -118.411408, 33.986295 ], [ -118.411301, 33.986364 ], [ -118.411087, 33.986482 ], [ -118.410898, 33.986578 ], [ -118.410857, 33.986592 ], [ -118.410614, 33.986711 ], [ -118.410455, 33.98682 ], [ -118.410147, 33.986941 ], [ -118.40987, 33.987035 ], [ -118.409251, 33.987229 ], [ -118.409169, 33.987229 ], [ -118.409062, 33.987264 ], [ -118.408715, 33.987369 ], [ -118.408201, 33.987499 ], [ -118.408132, 33.98751 ], [ -118.407959, 33.987551 ], [ -118.407659, 33.987606 ], [ -118.407207, 33.987672 ], [ -118.407137, 33.987683 ], [ -118.40669, 33.987725 ], [ -118.40639, 33.987747 ], [ -118.406311, 33.987748 ], [ -118.406016, 33.987753 ], [ -118.405444, 33.987755 ], [ -118.405126, 33.98774 ], [ -118.404758, 33.987706 ], [ -118.404574, 33.987682 ], [ -118.404134, 33.987601 ], [ -118.40399, 33.987566 ], [ -118.403745, 33.98749 ], [ -118.403651, 33.987457 ], [ -118.403543, 33.987434 ], [ -118.403495, 33.987455 ], [ -118.403483, 33.98748 ], [ -118.403469, 33.987513 ], [ -118.403486, 33.987556 ], [ -118.403551, 33.9876 ], [ -118.403594, 33.98762 ], [ -118.403817, 33.987676 ], [ -118.403971, 33.987708 ], [ -118.403995, 33.987713 ], [ -118.404065, 33.987723 ], [ -118.404102, 33.987734 ], [ -118.404522, 33.987804 ], [ -118.40484, 33.98784 ], [ -118.405062, 33.98786 ], [ -118.40527, 33.98787 ], [ -118.405384, 33.987875 ], [ -118.405945, 33.987884 ], [ -118.406242, 33.987881 ], [ -118.406439, 33.987884 ], [ -118.40659, 33.987867 ], [ -118.406724, 33.987862 ], [ -118.406843, 33.987852 ], [ -118.40721, 33.98782 ], [ -118.407606, 33.987773 ], [ -118.407981, 33.987712 ], [ -118.408203, 33.987671 ], [ -118.408583, 33.987588 ], [ -118.408912, 33.987505 ], [ -118.409208, 33.987417 ], [ -118.409256, 33.987302 ], [ -118.409434, 33.987349 ], [ -118.409619, 33.987295 ], [ -118.409769, 33.98725 ], [ -118.410017, 33.987166 ], [ -118.410601, 33.986931 ], [ -118.410634, 33.986908 ], [ -118.410758, 33.986862 ], [ -118.410791, 33.986841 ], [ -118.410848, 33.98682 ], [ -118.411433, 33.986516 ], [ -118.411742, 33.986328 ], [ -118.411997, 33.986156 ], [ -118.412607, 33.985707 ], [ -118.413417, 33.985092 ], [ -118.413463, 33.985057 ], [ -118.413498, 33.985032 ], [ -118.41439, 33.984379 ], [ -118.414418, 33.984365 ], [ -118.414785, 33.984103 ], [ -118.415267, 33.983757 ], [ -118.415497, 33.983583 ], [ -118.416107, 33.983148 ], [ -118.416667, 33.982727 ], [ -118.417655, 33.982001 ], [ -118.417819, 33.981884 ], [ -118.418095, 33.981696 ], [ -118.418375, 33.981524 ], [ -118.418635, 33.981378 ], [ -118.418663, 33.981358 ], [ -118.418696, 33.981351 ], [ -118.418754, 33.981316 ], [ -118.419125, 33.981123 ], [ -118.419183, 33.981102 ], [ -118.419215, 33.981081 ], [ -118.419454, 33.98097 ], [ -118.419776, 33.98084 ], [ -118.41985, 33.980805 ], [ -118.419883, 33.980798 ], [ -118.419941, 33.98077 ], [ -118.419973, 33.980763 ], [ -118.420014, 33.980743 ], [ -118.420187, 33.980686 ], [ -118.420229, 33.980666 ], [ -118.420262, 33.980659 ], [ -118.420649, 33.980535 ], [ -118.420921, 33.980459 ], [ -118.421397, 33.980341 ], [ -118.421415, 33.980337 ], [ -118.421704, 33.980279 ], [ -118.421868, 33.98023 ], [ -118.422091, 33.980153 ], [ -118.422347, 33.980051 ], [ -118.422379, 33.98003 ], [ -118.422606, 33.979919 ], [ -118.422635, 33.979898 ], [ -118.422733, 33.979848 ], [ -118.422824, 33.979802 ], [ -118.422876, 33.979777 ], [ -118.422972, 33.979732 ], [ -118.423005, 33.979725 ], [ -118.423079, 33.97969 ], [ -118.423112, 33.979683 ], [ -118.423203, 33.979642 ], [ -118.423343, 33.979599 ], [ -118.423547, 33.979545 ], [ -118.423739, 33.979509 ], [ -118.423969, 33.979488 ], [ -118.424208, 33.979481 ], [ -118.424332, 33.979495 ], [ -118.424407, 33.979522 ], [ -118.424464, 33.979557 ], [ -118.42453, 33.979626 ], [ -118.424547, 33.97966 ], [ -118.424547, 33.979689 ], [ -118.424533, 33.979716 ], [ -118.424042, 33.980106 ], [ -118.423987, 33.980158 ], [ -118.423765, 33.980325 ], [ -118.423293, 33.980704 ], [ -118.423197, 33.980778 ], [ -118.422645, 33.981201 ], [ -118.422575, 33.981263 ], [ -118.422285, 33.98149 ], [ -118.421772, 33.981893 ], [ -118.419965, 33.983311 ], [ -118.419451, 33.983718 ], [ -118.419414, 33.983752 ], [ -118.419056, 33.984045 ], [ -118.418899, 33.984166 ], [ -118.418825, 33.984228 ], [ -118.417287, 33.985389 ], [ -118.416604, 33.985905 ], [ -118.416453, 33.986019 ], [ -118.4164, 33.986091 ], [ -118.416285, 33.986178 ], [ -118.416215, 33.986226 ], [ -118.416178, 33.986247 ], [ -118.416119, 33.986286 ], [ -118.415956, 33.986394 ], [ -118.415553, 33.986706 ], [ -118.414799, 33.987291 ], [ -118.413978, 33.98795 ], [ -118.413749, 33.988135 ], [ -118.41366, 33.988201 ], [ -118.41316, 33.98857 ], [ -118.412962, 33.988722 ], [ -118.412456, 33.98911 ], [ -118.412353, 33.989183 ], [ -118.412135, 33.989337 ], [ -118.411597, 33.989757 ], [ -118.411439, 33.98988 ], [ -118.411019, 33.990105 ], [ -118.409956, 33.990706 ], [ -118.409314, 33.991101 ], [ -118.409067, 33.991246 ], [ -118.408828, 33.991377 ], [ -118.408457, 33.991571 ], [ -118.407709, 33.992031 ], [ -118.406967, 33.991606 ], [ -118.405149, 33.990501 ], [ -118.405673, 33.989955 ], [ -118.40614, 33.989468 ], [ -118.406203, 33.989404 ], [ -118.406108, 33.989346 ], [ -118.405309, 33.98886 ], [ -118.404633, 33.988449 ], [ -118.404451, 33.988339 ], [ -118.404069, 33.988107 ], [ -118.403842, 33.987968 ], [ -118.402975, 33.987441 ], [ -118.402899, 33.987395 ], [ -118.402097, 33.986907 ], [ -118.401239, 33.986386 ], [ -118.400654, 33.986761 ], [ -118.400634, 33.986754 ], [ -118.400386, 33.986651 ], [ -118.400345, 33.986629 ], [ -118.400229, 33.986585 ], [ -118.399891, 33.986423 ], [ -118.399631, 33.986272 ], [ -118.399412, 33.986126 ], [ -118.399375, 33.986106 ], [ -118.399231, 33.985995 ], [ -118.399082, 33.985873 ], [ -118.398917, 33.985717 ], [ -118.398488, 33.98528 ], [ -118.398455, 33.98523 ], [ -118.398405, 33.985172 ], [ -118.398314, 33.985079 ], [ -118.398281, 33.985052 ], [ -118.397934, 33.9847 ], [ -118.39791, 33.984669 ], [ -118.39753, 33.984299 ], [ -118.397344, 33.984141 ], [ -118.397109, 33.983974 ], [ -118.396911, 33.983868 ], [ -118.396659, 33.983763 ], [ -118.396585, 33.983741 ], [ -118.396572, 33.983748 ], [ -118.396544, 33.983762 ], [ -118.396552, 33.983798 ], [ -118.396626, 33.983908 ], [ -118.396662, 33.983948 ], [ -118.396716, 33.983988 ], [ -118.397047, 33.984176 ], [ -118.397183, 33.984271 ], [ -118.397332, 33.984396 ], [ -118.397596, 33.984647 ], [ -118.397811, 33.984875 ], [ -118.39796, 33.98502 ], [ -118.398418, 33.985488 ], [ -118.398472, 33.985555 ], [ -118.398885, 33.98597 ], [ -118.399124, 33.98617 ], [ -118.39938, 33.986354 ], [ -118.399668, 33.986526 ], [ -118.399842, 33.986619 ], [ -118.400205, 33.986789 ], [ -118.400238, 33.986795 ], [ -118.400353, 33.98685 ], [ -118.400451, 33.986889 ], [ -118.400019, 33.987162 ], [ -118.399731, 33.987344 ], [ -118.399496, 33.987492 ], [ -118.399441, 33.987527 ], [ -118.399182, 33.987678 ], [ -118.39901, 33.987789 ], [ -118.398963, 33.987818 ], [ -118.398761, 33.987957 ], [ -118.398733, 33.987974 ], [ -118.398668, 33.988015 ], [ -118.398447, 33.987772 ], [ -118.398288, 33.987597 ], [ -118.398064, 33.98735 ], [ -118.39707, 33.986256 ], [ -118.396644, 33.985786 ], [ -118.396534, 33.98568 ], [ -118.3965, 33.985632 ], [ -118.396273, 33.985382 ], [ -118.395851, 33.984913 ], [ -118.395605, 33.984626 ], [ -118.395267, 33.984232 ], [ -118.395038, 33.984 ], [ -118.394945, 33.983905 ], [ -118.394895, 33.983854 ], [ -118.395085, 33.983818 ], [ -118.395562, 33.983728 ], [ -118.395629, 33.983715 ], [ -118.395772, 33.983688 ], [ -118.396034, 33.983638 ], [ -118.396274, 33.983593 ], [ -118.398363, 33.983205 ], [ -118.398461, 33.983164 ], [ -118.398362, 33.983067 ], [ -118.397569, 33.98219 ], [ -118.397635, 33.982093 ], [ -118.39765, 33.98207 ], [ -118.396819, 33.98168 ], [ -118.395909, 33.981253 ], [ -118.394658, 33.980666 ], [ -118.393541, 33.980141 ], [ -118.3931, 33.979934 ], [ -118.393085, 33.979961 ], [ -118.392628, 33.979744 ], [ -118.392256, 33.979564 ], [ -118.392092, 33.97949 ], [ -118.391971, 33.979436 ], [ -118.391834, 33.979372 ], [ -118.391525, 33.979227 ], [ -118.390919, 33.978942 ], [ -118.391001, 33.978949 ], [ -118.387054, 33.977097 ], [ -118.386654, 33.976907 ], [ -118.386719, 33.97675 ], [ -118.386735, 33.976719 ], [ -118.386585, 33.976633 ], [ -118.386602, 33.976696 ], [ -118.386526, 33.976847 ], [ -118.386404, 33.97709 ], [ -118.386112, 33.976953 ], [ -118.385717, 33.976761 ], [ -118.385536, 33.976683 ], [ -118.385419, 33.976658 ], [ -118.385248, 33.976637 ], [ -118.385086, 33.976627 ], [ -118.384576, 33.976597 ], [ -118.383901, 33.976557 ], [ -118.382729, 33.976488 ], [ -118.381638, 33.976424 ], [ -118.380514, 33.976358 ], [ -118.380468, 33.976357 ], [ -118.380341, 33.976355 ], [ -118.38014, 33.976371 ], [ -118.379971, 33.976401 ], [ -118.379813, 33.976438 ], [ -118.379375, 33.976539 ], [ -118.379202, 33.976579 ], [ -118.378191, 33.976813 ], [ -118.377958, 33.976867 ], [ -118.377627, 33.976944 ], [ -118.377394, 33.976989 ], [ -118.377354, 33.976997 ], [ -118.377184, 33.97702 ], [ -118.377158, 33.977022 ], [ -118.377012, 33.977035 ], [ -118.376819, 33.977046 ], [ -118.375644, 33.97711 ], [ -118.374402, 33.977177 ], [ -118.372865, 33.97726 ], [ -118.371809, 33.977318 ], [ -118.371807, 33.978048 ], [ -118.371802, 33.979847 ], [ -118.371807, 33.981946 ], [ -118.371805, 33.982058 ], [ -118.371696, 33.982037 ], [ -118.371699, 33.982567 ], [ -118.371703, 33.983002 ], [ -118.370751, 33.983005 ], [ -118.370561, 33.983006 ], [ -118.370425, 33.983006 ], [ -118.370242, 33.983007 ], [ -118.36926, 33.98301 ], [ -118.368434, 33.983013 ], [ -118.367536, 33.983016 ], [ -118.366521, 33.983019 ], [ -118.366214, 33.98302 ], [ -118.365579, 33.983019 ], [ -118.365453, 33.983021 ], [ -118.365401, 33.983022 ], [ -118.364486, 33.983025 ], [ -118.363466, 33.983029 ], [ -118.363412, 33.983028 ], [ -118.363358, 33.983029 ], [ -118.362375, 33.983031 ], [ -118.361314, 33.983036 ], [ -118.36126, 33.983034 ], [ -118.361206, 33.983036 ], [ -118.360198, 33.983039 ], [ -118.360144, 33.983037 ], [ -118.36009, 33.983039 ], [ -118.358516, 33.983045 ], [ -118.358462, 33.983042 ], [ -118.358408, 33.983045 ], [ -118.357912, 33.983047 ], [ -118.357859, 33.983044 ], [ -118.357804, 33.983047 ], [ -118.356879, 33.983047 ], [ -118.355903, 33.983053 ], [ -118.35585, 33.98305 ], [ -118.355795, 33.983053 ], [ -118.355322, 33.983055 ], [ -118.354755, 33.983056 ], [ -118.354701, 33.983053 ], [ -118.354647, 33.983056 ], [ -118.352683, 33.983059 ], [ -118.352683, 33.983504 ], [ -118.352683, 33.984396 ], [ -118.352682, 33.985279 ], [ -118.352682, 33.98615 ], [ -118.352682, 33.987061 ], [ -118.352681, 33.987962 ], [ -118.352681, 33.988877 ], [ -118.352681, 33.989335 ], [ -118.351637, 33.989343 ], [ -118.350443, 33.989353 ], [ -118.349041, 33.989364 ], [ -118.346115, 33.989387 ], [ -118.344857, 33.989396 ], [ -118.343923, 33.989404 ], [ -118.342964, 33.989411 ], [ -118.342487, 33.989415 ], [ -118.342485, 33.988948 ], [ -118.342493, 33.98881 ], [ -118.342494, 33.988508 ], [ -118.342485, 33.988489 ], [ -118.342476, 33.988471 ], [ -118.342474, 33.988453 ], [ -118.341939, 33.988457 ], [ -118.339858, 33.988472 ], [ -118.33775, 33.988487 ], [ -118.337266, 33.988491 ], [ -118.337266, 33.988527 ], [ -118.337265, 33.988986 ], [ -118.337319, 33.988986 ], [ -118.337751, 33.988984 ], [ -118.337753, 33.989466 ], [ -118.337699, 33.98947 ], [ -118.337254, 33.989474 ], [ -118.33726, 33.990824 ], [ -118.337269, 33.993076 ], [ -118.337276, 33.99492 ], [ -118.337282, 33.996308 ], [ -118.336654, 33.996311 ], [ -118.33559, 33.996316 ], [ -118.335536, 33.996314 ], [ -118.335482, 33.996316 ], [ -118.334412, 33.996321 ], [ -118.333291, 33.996326 ], [ -118.332165, 33.996331 ], [ -118.331629, 33.996333 ], [ -118.331623, 33.997586 ], [ -118.331556, 33.998247 ], [ -118.331527, 33.998328 ], [ -118.331498, 33.998412 ], [ -118.331491, 34.000006 ], [ -118.331485, 34.001492 ], [ -118.331695, 34.002149 ], [ -118.331708, 34.002189 ], [ -118.331782, 34.002379 ], [ -118.331857, 34.002543 ], [ -118.331974, 34.002756 ], [ -118.332115, 34.002972 ], [ -118.332221, 34.003112 ], [ -118.332354, 34.003268 ], [ -118.332473, 34.003393 ], [ -118.332509, 34.00343 ], [ -118.332683, 34.003589 ], [ -118.332874, 34.003744 ], [ -118.332897, 34.00376 ], [ -118.333262, 34.004016 ], [ -118.333461, 34.004174 ], [ -118.333478, 34.004189 ], [ -118.333514, 34.004221 ], [ -118.333665, 34.00436 ], [ -118.333801, 34.004501 ], [ -118.33391, 34.004625 ], [ -118.334029, 34.004776 ], [ -118.334267, 34.00511 ], [ -118.334984, 34.006115 ], [ -118.335119, 34.006329 ], [ -118.33524, 34.006548 ], [ -118.335347, 34.006773 ], [ -118.33544, 34.007002 ], [ -118.335519, 34.007235 ], [ -118.335582, 34.00747 ], [ -118.335631, 34.007709 ], [ -118.335664, 34.007949 ], [ -118.335679, 34.008109 ], [ -118.335688, 34.008258 ], [ -118.336042, 34.008116 ], [ -118.33623, 34.008041 ], [ -118.336449, 34.007953 ], [ -118.336617, 34.007874 ], [ -118.336697, 34.007828 ], [ -118.336799, 34.007763 ], [ -118.336895, 34.007691 ], [ -118.336985, 34.007614 ], [ -118.337069, 34.007533 ], [ -118.337114, 34.007481 ], [ -118.337163, 34.007424 ], [ -118.337242, 34.00732 ], [ -118.337318, 34.007218 ], [ -118.337342, 34.007178 ], [ -118.337366, 34.007118 ], [ -118.33738, 34.007094 ], [ -118.337394, 34.00707 ], [ -118.337465, 34.00698 ], [ -118.337515, 34.006915 ], [ -118.337654, 34.006763 ], [ -118.337678, 34.006737 ], [ -118.337765, 34.006651 ], [ -118.337948, 34.006489 ], [ -118.337978, 34.006468 ], [ -118.338078, 34.006397 ], [ -118.338229, 34.006301 ], [ -118.338385, 34.006211 ], [ -118.33851, 34.006147 ], [ -118.338765, 34.006034 ], [ -118.339233, 34.005864 ], [ -118.339421, 34.005795 ], [ -118.339512, 34.005756 ], [ -118.339575, 34.00573 ], [ -118.339724, 34.005658 ], [ -118.339962, 34.005525 ], [ -118.340056, 34.005465 ], [ -118.340655, 34.005062 ], [ -118.340844, 34.00495 ], [ -118.341042, 34.00485 ], [ -118.341225, 34.004772 ], [ -118.341248, 34.004762 ], [ -118.341515, 34.004669 ], [ -118.341679, 34.004623 ], [ -118.341903, 34.004572 ], [ -118.342072, 34.004542 ], [ -118.342302, 34.004515 ], [ -118.342417, 34.004506 ], [ -118.34259, 34.004499 ], [ -118.345687, 34.004487 ], [ -118.345904, 34.004489 ], [ -118.34625, 34.004505 ], [ -118.346594, 34.004535 ], [ -118.346936, 34.004581 ], [ -118.34736, 34.004654 ], [ -118.348929, 34.004922 ], [ -118.349099, 34.004947 ], [ -118.349269, 34.004965 ], [ -118.349555, 34.004978 ], [ -118.349727, 34.004975 ], [ -118.349898, 34.004966 ], [ -118.350069, 34.004949 ], [ -118.35035, 34.004904 ], [ -118.350516, 34.004867 ], [ -118.35068, 34.004823 ], [ -118.350893, 34.004753 ], [ -118.351049, 34.004693 ], [ -118.351201, 34.004626 ], [ -118.351349, 34.004553 ], [ -118.351538, 34.004445 ], [ -118.351674, 34.004357 ], [ -118.351846, 34.004231 ], [ -118.352037, 34.004067 ], [ -118.353768, 34.002348 ], [ -118.353958, 34.002161 ], [ -118.35408, 34.00205 ], [ -118.354274, 34.001881 ], [ -118.354526, 34.001683 ], [ -118.35479, 34.001497 ], [ -118.355254, 34.001196 ], [ -118.355475, 34.001045 ], [ -118.35564, 34.000913 ], [ -118.355794, 34.000771 ], [ -118.355936, 34.000621 ], [ -118.356034, 34.000504 ], [ -118.356152, 34.00034 ], [ -118.356257, 34.000171 ], [ -118.356347, 33.999995 ], [ -118.356405, 33.99986 ], [ -118.356469, 33.999677 ], [ -118.356517, 33.999491 ], [ -118.356539, 33.999376 ], [ -118.356732, 33.998208 ], [ -118.356772, 33.998072 ], [ -118.356818, 33.997961 ], [ -118.356888, 33.997834 ], [ -118.356974, 33.997714 ], [ -118.357042, 33.997638 ], [ -118.357075, 33.997601 ], [ -118.35711, 33.997569 ], [ -118.357169, 33.997515 ], [ -118.357272, 33.997435 ], [ -118.357405, 33.99735 ], [ -118.357431, 33.997337 ], [ -118.357549, 33.997278 ], [ -118.357624, 33.997246 ], [ -118.357686, 33.997224 ], [ -118.357789, 33.997151 ], [ -118.357805, 33.997145 ], [ -118.357808, 33.997165 ], [ -118.357871, 33.99747 ], [ -118.358109, 33.9989 ], [ -118.358137, 33.999048 ], [ -118.358191, 33.99927 ], [ -118.358259, 33.999489 ], [ -118.35834, 33.999705 ], [ -118.358435, 33.999918 ], [ -118.358733, 34.000488 ], [ -118.358911, 34.000761 ], [ -118.35897, 34.000873 ], [ -118.359033, 34.00102 ], [ -118.35908, 34.00117 ], [ -118.35911, 34.001322 ], [ -118.359125, 34.001477 ], [ -118.359123, 34.001631 ], [ -118.359105, 34.001785 ], [ -118.359079, 34.001907 ], [ -118.35905, 34.002004 ], [ -118.357533, 34.00705 ], [ -118.357492, 34.007243 ], [ -118.357466, 34.007439 ], [ -118.357458, 34.007635 ], [ -118.357465, 34.007832 ], [ -118.357551, 34.008547 ], [ -118.357566, 34.00872 ], [ -118.357567, 34.008907 ], [ -118.357552, 34.009093 ], [ -118.357543, 34.009145 ], [ -118.357711, 34.009135 ], [ -118.357796, 34.00913 ], [ -118.358615, 34.009057 ], [ -118.361436, 34.008332 ], [ -118.361405, 34.007816 ], [ -118.361417, 34.007753 ], [ -118.361448, 34.00769 ], [ -118.361493, 34.007639 ], [ -118.361546, 34.0076 ], [ -118.361612, 34.00757 ], [ -118.361651, 34.007559 ], [ -118.361982, 34.007483 ], [ -118.361973, 34.007291 ], [ -118.361986, 34.007175 ], [ -118.362003, 34.00711 ], [ -118.362015, 34.007062 ], [ -118.362061, 34.006952 ], [ -118.362122, 34.006848 ], [ -118.36221, 34.006738 ], [ -118.362302, 34.006651 ], [ -118.36239, 34.006584 ], [ -118.362486, 34.006525 ], [ -118.362557, 34.006484 ], [ -118.362602, 34.006441 ], [ -118.36263, 34.006396 ], [ -118.362654, 34.00635 ], [ -118.362656, 34.006316 ], [ -118.365027, 34.005555 ], [ -118.365513, 34.005877 ], [ -118.36623, 34.006352 ], [ -118.366843, 34.007076 ], [ -118.367173, 34.007088 ], [ -118.366732, 34.015381 ], [ -118.366719, 34.015622 ], [ -118.372649, 34.015839 ], [ -118.372654, 34.015743 ], [ -118.372822, 34.012587 ], [ -118.372858, 34.011921 ], [ -118.372921, 34.011919 ], [ -118.373093, 34.011913 ], [ -118.373117, 34.011982 ], [ -118.373201, 34.012224 ], [ -118.373298, 34.012443 ], [ -118.373512, 34.012887 ], [ -118.373567, 34.013011 ], [ -118.373802, 34.013528 ], [ -118.373856, 34.013663 ], [ -118.373926, 34.013867 ], [ -118.373999, 34.014145 ], [ -118.374027, 34.014285 ], [ -118.374057, 34.014496 ], [ -118.374075, 34.014709 ], [ -118.374079, 34.014851 ], [ -118.37407, 34.015134 ], [ -118.374056, 34.015276 ], [ -118.374011, 34.015557 ], [ -118.373979, 34.015697 ], [ -118.373942, 34.015835 ], [ -118.373899, 34.015973 ], [ -118.373851, 34.016109 ], [ -118.373833, 34.01615 ], [ -118.373736, 34.016376 ], [ -118.373636, 34.016572 ], [ -118.373367, 34.017062 ], [ -118.372799, 34.018096 ], [ -118.3727, 34.018299 ], [ -118.372675, 34.018357 ], [ -118.372813, 34.018363 ], [ -118.374132, 34.018431 ], [ -118.375792, 34.018517 ], [ -118.375891, 34.01852 ], [ -118.375888, 34.018464 ], [ -118.375874, 34.018229 ], [ -118.375871, 34.018189 ], [ -118.375854, 34.018049 ], [ -118.376068, 34.018035 ], [ -118.376609, 34.018022 ], [ -118.376767, 34.018018 ], [ -118.377507, 34.017989 ], [ -118.377567, 34.017974 ], [ -118.377626, 34.01793 ], [ -118.377973, 34.018018 ], [ -118.378458, 34.018456 ], [ -118.378588, 34.018574 ], [ -118.37876, 34.018729 ], [ -118.378897, 34.018817 ], [ -118.379428, 34.019157 ], [ -118.379528, 34.019221 ], [ -118.379666, 34.019309 ], [ -118.379719, 34.019343 ], [ -118.38017, 34.019633 ], [ -118.38024, 34.019677 ], [ -118.380508, 34.01986 ], [ -118.38089, 34.020121 ], [ -118.381315, 34.020567 ], [ -118.381347, 34.02069 ], [ -118.380956, 34.020755 ], [ -118.380529, 34.020829 ], [ -118.380483, 34.020836 ], [ -118.379682, 34.020962 ], [ -118.378861, 34.021098 ], [ -118.378335, 34.021181 ], [ -118.37808, 34.021221 ], [ -118.377927, 34.021245 ], [ -118.377949, 34.021382 ], [ -118.377952, 34.02197 ], [ -118.377952, 34.022033 ], [ -118.378001, 34.022095 ], [ -118.377776, 34.022226 ], [ -118.377611, 34.022381 ], [ -118.377569, 34.022436 ], [ -118.377531, 34.022486 ], [ -118.377366, 34.022704 ], [ -118.377195, 34.023001 ], [ -118.377056, 34.023298 ], [ -118.377003, 34.023551 ], [ -118.376984, 34.023685 ], [ -118.376981, 34.023708 ], [ -118.376961, 34.023752 ], [ -118.37681, 34.023871 ], [ -118.376697, 34.023988 ], [ -118.376369, 34.025849 ], [ -118.376476, 34.025911 ], [ -118.376643, 34.026008 ], [ -118.376539, 34.026591 ], [ -118.376532, 34.026629 ], [ -118.376518, 34.026689 ], [ -118.376475, 34.026866 ], [ -118.376413, 34.027124 ], [ -118.37591, 34.028243 ], [ -118.375641, 34.028907 ], [ -118.3756, 34.029011 ], [ -118.375566, 34.029099 ], [ -118.375, 34.029529 ], [ -118.374992, 34.029552 ], [ -118.374959, 34.029562 ], [ -118.374352, 34.029957 ], [ -118.373643, 34.030421 ], [ -118.371924, 34.029935 ], [ -118.371901, 34.029929 ], [ -118.371803, 34.030146 ], [ -118.37157, 34.030662 ], [ -118.371483, 34.030856 ], [ -118.371476, 34.030871 ], [ -118.371251, 34.03137 ], [ -118.371096, 34.031714 ], [ -118.370767, 34.032442 ], [ -118.370564, 34.032892 ], [ -118.369904, 34.034353 ], [ -118.369656, 34.034909 ], [ -118.369598, 34.035039 ], [ -118.369577, 34.03508 ], [ -118.370527, 34.034679 ], [ -118.370574, 34.034658 ], [ -118.370623, 34.034639 ], [ -118.37125, 34.034374 ], [ -118.37208, 34.034024 ], [ -118.372899, 34.033678 ], [ -118.373728, 34.033332 ], [ -118.374288, 34.033098 ], [ -118.374908, 34.032839 ], [ -118.375184, 34.032724 ], [ -118.375187, 34.032767 ], [ -118.375131, 34.032982 ], [ -118.375108, 34.033068 ], [ -118.374957, 34.033295 ], [ -118.374836, 34.033434 ], [ -118.37451, 34.033812 ], [ -118.374416, 34.033921 ], [ -118.37429, 34.034026 ], [ -118.374211, 34.034059 ], [ -118.373975, 34.034326 ], [ -118.37347, 34.034897 ], [ -118.372886, 34.035557 ], [ -118.372841, 34.035608 ], [ -118.372793, 34.035662 ], [ -118.372649, 34.035825 ], [ -118.372501, 34.035992 ], [ -118.372321, 34.036196 ], [ -118.371988, 34.036572 ], [ -118.371833, 34.036682 ], [ -118.371506, 34.036914 ], [ -118.368792, 34.038165 ], [ -118.36849, 34.038304 ], [ -118.368358, 34.038459 ], [ -118.367982, 34.038633 ], [ -118.366826, 34.03917 ], [ -118.365714, 34.039686 ], [ -118.364351, 34.040319 ], [ -118.364317, 34.040331 ], [ -118.36408, 34.040412 ], [ -118.36307, 34.040712 ], [ -118.362516, 34.040877 ], [ -118.361978, 34.041038 ], [ -118.360723, 34.041423 ], [ -118.359392, 34.041832 ], [ -118.358126, 34.042228 ], [ -118.357875, 34.042307 ], [ -118.356987, 34.042666 ], [ -118.356816, 34.042764 ], [ -118.356029, 34.043239 ], [ -118.35572, 34.043434 ], [ -118.355698, 34.043444 ], [ -118.353946, 34.044253 ], [ -118.353953, 34.044264 ], [ -118.35398, 34.044297 ], [ -118.355498, 34.04362 ], [ -118.355665, 34.043523 ], [ -118.356442, 34.043071 ], [ -118.356931, 34.042811 ], [ -118.357313, 34.042608 ], [ -118.357643, 34.042476 ], [ -118.358085, 34.042338 ], [ -118.359351, 34.041944 ], [ -118.360685, 34.041529 ], [ -118.36105, 34.041415 ], [ -118.361936, 34.041148 ], [ -118.362472, 34.040986 ], [ -118.363029, 34.040819 ], [ -118.363889, 34.04056 ], [ -118.364282, 34.04043 ], [ -118.364318, 34.040418 ], [ -118.365011, 34.040096 ], [ -118.365602, 34.039823 ], [ -118.365697, 34.039731 ], [ -118.365741, 34.039759 ], [ -118.366701, 34.039315 ], [ -118.366799, 34.039235 ], [ -118.366854, 34.039245 ], [ -118.368238, 34.038607 ], [ -118.368417, 34.038524 ], [ -118.368844, 34.038329 ], [ -118.371427, 34.037149 ], [ -118.371797, 34.036946 ], [ -118.372035, 34.036751 ], [ -118.372239, 34.036583 ], [ -118.372466, 34.036325 ], [ -118.372563, 34.036214 ], [ -118.372717, 34.036038 ], [ -118.372864, 34.03587 ], [ -118.373021, 34.035692 ], [ -118.373045, 34.035665 ], [ -118.373132, 34.035565 ], [ -118.373633, 34.034994 ], [ -118.37413, 34.034428 ], [ -118.374363, 34.034163 ], [ -118.374363, 34.034131 ], [ -118.374583, 34.033861 ], [ -118.374745, 34.033663 ], [ -118.374911, 34.033482 ], [ -118.375029, 34.033355 ], [ -118.375168, 34.033151 ], [ -118.375215, 34.033034 ], [ -118.375267, 34.032904 ], [ -118.375284, 34.032682 ], [ -118.375919, 34.032417 ], [ -118.376209, 34.032339 ], [ -118.376369, 34.032296 ], [ -118.377691, 34.031941 ], [ -118.37872, 34.031665 ], [ -118.378906, 34.031615 ], [ -118.379693, 34.031407 ], [ -118.380602, 34.031167 ], [ -118.381522, 34.030923 ], [ -118.382434, 34.030682 ], [ -118.38332, 34.030448 ], [ -118.384206, 34.030214 ], [ -118.384273, 34.030174 ], [ -118.385696, 34.029323 ], [ -118.385906, 34.029198 ], [ -118.386396, 34.028905 ], [ -118.386662, 34.029207 ], [ -118.386799, 34.029129 ], [ -118.386975, 34.029258 ], [ -118.387171, 34.0294 ], [ -118.38776, 34.029064 ], [ -118.388154, 34.028839 ], [ -118.389115, 34.028285 ], [ -118.389393, 34.028124 ], [ -118.389907, 34.027835 ], [ -118.38998, 34.027791 ], [ -118.390371, 34.027563 ], [ -118.390981, 34.027214 ], [ -118.391544, 34.026893 ], [ -118.392432, 34.026387 ], [ -118.392622, 34.026278 ], [ -118.392762, 34.026199 ], [ -118.393207, 34.025693 ], [ -118.393479, 34.025386 ], [ -118.393637, 34.025457 ], [ -118.393803, 34.025532 ], [ -118.393937, 34.025706 ], [ -118.394197, 34.025559 ], [ -118.394062, 34.025385 ], [ -118.394084, 34.02531 ], [ -118.394286, 34.025192 ], [ -118.394321, 34.025237 ], [ -118.394594, 34.025082 ], [ -118.394706, 34.025002 ], [ -118.394809, 34.024929 ], [ -118.395546, 34.02451 ], [ -118.395651, 34.024492 ], [ -118.395754, 34.024475 ], [ -118.396573, 34.02401 ], [ -118.39705, 34.023739 ], [ -118.397006, 34.023681 ], [ -118.397484, 34.023409 ], [ -118.39835, 34.022917 ], [ -118.397481, 34.021789 ], [ -118.397535, 34.021738 ], [ -118.397501, 34.021705 ], [ -118.397455, 34.021662 ], [ -118.398194, 34.021221 ], [ -118.398796, 34.020862 ], [ -118.398858, 34.020826 ], [ -118.398931, 34.020784 ], [ -118.398999, 34.020848 ], [ -118.399101, 34.020787 ], [ -118.399492, 34.021294 ], [ -118.400151, 34.020916 ], [ -118.400249, 34.02086 ], [ -118.400551, 34.021251 ], [ -118.400474, 34.021298 ], [ -118.400608, 34.021472 ], [ -118.401285, 34.021087 ], [ -118.400442, 34.019993 ], [ -118.400516, 34.019949 ], [ -118.400476, 34.019897 ], [ -118.400681, 34.019779 ], [ -118.401192, 34.019461 ], [ -118.401791, 34.019088 ], [ -118.402418, 34.018698 ], [ -118.402514, 34.018641 ], [ -118.403057, 34.01832 ], [ -118.403402, 34.018117 ], [ -118.403524, 34.018044 ], [ -118.40379, 34.017885 ], [ -118.404015, 34.017751 ], [ -118.404528, 34.017458 ], [ -118.404656, 34.017384 ], [ -118.405, 34.017177 ], [ -118.405222, 34.017026 ], [ -118.40546, 34.016854 ], [ -118.405537, 34.01691 ], [ -118.405574, 34.016946 ], [ -118.405719, 34.017088 ], [ -118.406864, 34.018574 ], [ -118.406918, 34.018543 ], [ -118.408086, 34.017877 ], [ -118.408678, 34.017539 ], [ -118.408775, 34.017484 ], [ -118.408792, 34.017475 ], [ -118.409498, 34.017072 ], [ -118.409512, 34.017064 ], [ -118.410121, 34.016719 ], [ -118.410835, 34.016352 ], [ -118.41085, 34.016344 ], [ -118.411762, 34.015832 ], [ -118.411777, 34.015824 ], [ -118.412762, 34.015263 ], [ -118.413729, 34.01471 ], [ -118.413749, 34.014699 ], [ -118.41471, 34.014149 ], [ -118.415208, 34.013864 ], [ -118.415717, 34.013574 ], [ -118.415731, 34.013566 ], [ -118.41692, 34.012887 ], [ -118.417094, 34.012788 ], [ -118.41794, 34.012276 ], [ -118.418235, 34.012109 ], [ -118.418411, 34.01201 ], [ -118.418456, 34.011984 ], [ -118.418729, 34.01183 ], [ -118.418766, 34.011809 ], [ -118.419628, 34.011319 ], [ -118.420526, 34.010819 ], [ -118.420554, 34.010803 ], [ -118.421329, 34.01037 ], [ -118.421411, 34.010324 ], [ -118.420085, 34.008645 ], [ -118.419622, 34.008899 ], [ -118.419308, 34.009062 ], [ -118.41923, 34.009103 ], [ -118.418996, 34.008813 ], [ -118.41799, 34.007564 ], [ -118.417626, 34.007109 ], [ -118.417382, 34.006802 ], [ -118.417344, 34.006749 ], [ -118.417438, 34.006693 ], [ -118.417789, 34.006487 ], [ -118.418193, 34.006249 ], [ -118.418481, 34.006079 ], [ -118.419029, 34.005757 ], [ -118.419774, 34.005309 ], [ -118.420358, 34.004958 ], [ -118.420518, 34.004862 ], [ -118.421249, 34.004422 ], [ -118.420981, 34.004083 ], [ -118.419705, 34.002467 ], [ -118.418355, 34.000758 ], [ -118.418315, 34.00071 ], [ -118.418265, 34.00065 ], [ -118.418239, 34.000619 ], [ -118.418677, 34.000346 ], [ -118.419124, 34.000068 ], [ -118.419178, 34.000034 ], [ -118.419274, 33.999917 ], [ -118.4193, 33.999885 ], [ -118.419337, 33.99984 ], [ -118.419542, 33.999589 ], [ -118.419711, 33.999381 ], [ -118.420052, 33.998965 ], [ -118.420232, 33.998833 ], [ -118.4204, 33.998688 ], [ -118.420484, 33.99867 ], [ -118.420538, 33.998663 ], [ -118.420624, 33.998655 ], [ -118.421054, 33.998608 ], [ -118.421348, 33.998575 ], [ -118.4217, 33.998537 ], [ -118.422762, 33.998422 ], [ -118.425888, 33.998081 ], [ -118.42598, 33.99807 ], [ -118.42651, 33.998732 ], [ -118.426643, 33.998913 ], [ -118.426842, 33.999186 ], [ -118.426915, 33.999301 ], [ -118.427429, 33.999988 ], [ -118.427562, 34.000138 ], [ -118.427627, 34.000214 ], [ -118.427915, 34.0006 ], [ -118.42795, 34.000648 ], [ -118.428202, 34.000986 ], [ -118.428434, 34.001275 ], [ -118.428489, 34.001344 ], [ -118.428989, 34.001079 ], [ -118.42928, 34.000925 ], [ -118.429671, 34.000716 ], [ -118.430402, 34.000328 ], [ -118.430836, 34.000102 ], [ -118.430528, 33.999698 ], [ -118.430463, 33.999616 ], [ -118.430327, 33.999446 ], [ -118.430654, 33.999294 ], [ -118.431202, 33.99901 ], [ -118.431594, 33.998806 ], [ -118.431958, 33.99862 ], [ -118.432706, 33.998238 ], [ -118.432757, 33.998213 ], [ -118.4335, 33.997847 ], [ -118.433601, 33.997794 ], [ -118.43472, 33.997206 ], [ -118.435307, 33.996899 ], [ -118.435811, 33.996917 ], [ -118.436756, 33.996445 ], [ -118.437073, 33.99629 ], [ -118.437123, 33.996266 ], [ -118.437423, 33.996112 ], [ -118.437575, 33.996036 ], [ -118.438426, 33.995612 ], [ -118.43924, 33.995205 ], [ -118.440061, 33.994795 ], [ -118.440887, 33.994383 ], [ -118.441587, 33.994032 ], [ -118.441684, 33.993985 ], [ -118.441698, 33.993978 ], [ -118.442457, 33.993599 ], [ -118.44335, 33.995317 ], [ -118.44431, 33.994653 ], [ -118.444341, 33.994632 ], [ -118.444713, 33.994375 ], [ -118.445053, 33.994282 ], [ -118.445338, 33.994206 ], [ -118.446423, 33.993913 ], [ -118.447508, 33.99362 ], [ -118.448472, 33.993359 ], [ -118.448102, 33.992616 ], [ -118.447216, 33.990836 ], [ -118.447178, 33.990759 ], [ -118.447079, 33.990579 ], [ -118.447023, 33.990519 ], [ -118.44695, 33.990553 ], [ -118.444563, 33.991745 ], [ -118.442122, 33.992964 ], [ -118.442051, 33.993 ], [ -118.441946, 33.992888 ], [ -118.441197, 33.993262 ], [ -118.440407, 33.993657 ], [ -118.439703, 33.994008 ], [ -118.439615, 33.994055 ], [ -118.439545, 33.994092 ], [ -118.438784, 33.994472 ], [ -118.437976, 33.994876 ], [ -118.437174, 33.995276 ], [ -118.437147, 33.995253 ], [ -118.435819, 33.994175 ], [ -118.435086, 33.993581 ], [ -118.435057, 33.993557 ], [ -118.434044, 33.992736 ], [ -118.433117, 33.991984 ], [ -118.432498, 33.991481 ], [ -118.432463, 33.991453 ], [ -118.432446, 33.991429 ], [ -118.432317, 33.991246 ], [ -118.432204, 33.991085 ], [ -118.430874, 33.989192 ], [ -118.429717, 33.989756 ], [ -118.429817, 33.989835 ], [ -118.430182, 33.990125 ], [ -118.430198, 33.990234 ], [ -118.430299, 33.990917 ], [ -118.430374, 33.991429 ], [ -118.430476, 33.992125 ], [ -118.430518, 33.99241 ], [ -118.430787, 33.994235 ], [ -118.431094, 33.996317 ], [ -118.431101, 33.996364 ], [ -118.431102, 33.996381 ], [ -118.430244, 33.996412 ], [ -118.430047, 33.996428 ], [ -118.429006, 33.996511 ], [ -118.428437, 33.996556 ], [ -118.428038, 33.996599 ], [ -118.426615, 33.996754 ], [ -118.42519, 33.996909 ], [ -118.423706, 33.997071 ], [ -118.421969, 33.99726 ], [ -118.4215, 33.997314 ], [ -118.420206, 33.997463 ], [ -118.420045, 33.997494 ], [ -118.420001, 33.997503 ], [ -118.419835, 33.997549 ], [ -118.419674, 33.997608 ], [ -118.41952, 33.997678 ], [ -118.419381, 33.997755 ], [ -118.419263, 33.997831 ], [ -118.419134, 33.997929 ], [ -118.419016, 33.998037 ], [ -118.418909, 33.998153 ], [ -118.418053, 33.999202 ], [ -118.417431, 33.999606 ], [ -118.417152, 33.999386 ], [ -118.416379, 33.998777 ], [ -118.416202, 33.998638 ], [ -118.415913, 33.998418 ], [ -118.415532, 33.998122 ], [ -118.415435, 33.998046 ], [ -118.415327, 33.997962 ], [ -118.415265, 33.997922 ], [ -118.415092, 33.997812 ], [ -118.41489, 33.997695 ], [ -118.414864, 33.997679 ], [ -118.414772, 33.997622 ], [ -118.414452, 33.997425 ], [ -118.414395, 33.997398 ], [ -118.414159, 33.997245 ], [ -118.413866, 33.997066 ], [ -118.413821, 33.997033 ], [ -118.412859, 33.99646 ], [ -118.412756, 33.996391 ], [ -118.41267, 33.996343 ], [ -118.412067, 33.995984 ], [ -118.412033, 33.995963 ], [ -118.411601, 33.995697 ], [ -118.411456, 33.995613 ], [ -118.411093, 33.995387 ], [ -118.410486, 33.994979 ], [ -118.410449, 33.994959 ], [ -118.410193, 33.994793 ], [ -118.410107, 33.994731 ], [ -118.409962, 33.994645 ], [ -118.40974, 33.994503 ], [ -118.409504, 33.994345 ], [ -118.409467, 33.994326 ], [ -118.409315, 33.994215 ], [ -118.408893, 33.993931 ], [ -118.4086, 33.993704 ], [ -118.40841, 33.993515 ], [ -118.408245, 33.993312 ], [ -118.408138, 33.993126 ], [ -118.408072, 33.992966 ], [ -118.408038, 33.992739 ], [ -118.408038, 33.992552 ], [ -118.408054, 33.992455 ], [ -118.408095, 33.992393 ], [ -118.408079, 33.992353 ], [ -118.408054, 33.992207 ], [ -118.408058, 33.992155 ], [ -118.408072, 33.992126 ], [ -118.408103, 33.992062 ], [ -118.40821, 33.99193 ], [ -118.408317, 33.991823 ], [ -118.408597, 33.991648 ], [ -118.409932, 33.9909 ], [ -118.41045, 33.990576 ], [ -118.410739, 33.990408 ], [ -118.411241, 33.990092 ], [ -118.411299, 33.990071 ], [ -118.411406, 33.990002 ], [ -118.41153, 33.98996 ], [ -118.411653, 33.989884 ], [ -118.411706, 33.989869 ], [ -118.411752, 33.989856 ], [ -118.411801, 33.989828 ], [ -118.412267, 33.989496 ], [ -118.412588, 33.989276 ], [ -118.412954, 33.989046 ], [ -118.413305, 33.988785 ], [ -118.414132, 33.988135 ], [ -118.414844, 33.987622 ], [ -118.415528, 33.987111 ], [ -118.415828, 33.98693 ], [ -118.415847, 33.986917 ], [ -118.416541, 33.986385 ], [ -118.417372, 33.985755 ], [ -118.417527, 33.985645 ], [ -118.418295, 33.9851 ], [ -118.418966, 33.984684 ], [ -118.419188, 33.984526 ], [ -118.419798, 33.984118 ], [ -118.420217, 33.983739 ], [ -118.420316, 33.983634 ], [ -118.421243, 33.982902 ], [ -118.421629, 33.982604 ], [ -118.422214, 33.982162 ], [ -118.422453, 33.981981 ], [ -118.422613, 33.981857 ], [ -118.42279, 33.98172 ], [ -118.422942, 33.981608 ], [ -118.423008, 33.981567 ], [ -118.423671, 33.98107 ], [ -118.423692, 33.981049 ], [ -118.423986, 33.980826 ], [ -118.424066, 33.980766 ], [ -118.424131, 33.980719 ], [ -118.424873, 33.980177 ], [ -118.425829, 33.979494 ], [ -118.426191, 33.97923 ], [ -118.426504, 33.979017 ], [ -118.426685, 33.978884 ], [ -118.426816, 33.978795 ], [ -118.427022, 33.978644 ], [ -118.427508, 33.978318 ], [ -118.427887, 33.978056 ], [ -118.427916, 33.978043 ], [ -118.428056, 33.977953 ], [ -118.428488, 33.977648 ], [ -118.428525, 33.977627 ], [ -118.42907, 33.977262 ], [ -118.429237, 33.97715 ], [ -118.429727, 33.976854 ], [ -118.429826, 33.976798 ], [ -118.429913, 33.976734 ], [ -118.430082, 33.976638 ], [ -118.430963, 33.976113 ], [ -118.431564, 33.975768 ], [ -118.431877, 33.97558 ], [ -118.432198, 33.975393 ], [ -118.432383, 33.975276 ], [ -118.432417, 33.975256 ], [ -118.432432, 33.975279 ], [ -118.432552, 33.975442 ], [ -118.432612, 33.975524 ], [ -118.432697, 33.975627 ], [ -118.432743, 33.975682 ], [ -118.432775, 33.975721 ], [ -118.432808, 33.975761 ], [ -118.432878, 33.975838 ], [ -118.432911, 33.975873 ], [ -118.432986, 33.975955 ], [ -118.433003, 33.975974 ], [ -118.433094, 33.976062 ], [ -118.433166, 33.976137 ], [ -118.433318, 33.976275 ], [ -118.433399, 33.976349 ], [ -118.433557, 33.976479 ], [ -118.433645, 33.976551 ], [ -118.433904, 33.976741 ], [ -118.434515, 33.977152 ], [ -118.435724, 33.97796 ], [ -118.435826, 33.978028 ], [ -118.435929, 33.978097 ], [ -118.436544, 33.978509 ], [ -118.436663, 33.978691 ], [ -118.437047, 33.978973 ], [ -118.437316, 33.979172 ], [ -118.437717, 33.979481 ], [ -118.438036, 33.979735 ], [ -118.438091, 33.979781 ], [ -118.438145, 33.979826 ], [ -118.438726, 33.980317 ], [ -118.438977, 33.980543 ], [ -118.439221, 33.980761 ], [ -118.439524, 33.98105 ], [ -118.43982, 33.981342 ], [ -118.44011, 33.981639 ], [ -118.440394, 33.98194 ], [ -118.440671, 33.982245 ], [ -118.440847, 33.982445 ], [ -118.440943, 33.982554 ], [ -118.441207, 33.982867 ], [ -118.441465, 33.983183 ], [ -118.441604, 33.98338 ], [ -118.441794, 33.983421 ], [ -118.442514, 33.983558 ], [ -118.44622, 33.98426 ], [ -118.447747, 33.984549 ], [ -118.448302, 33.984661 ], [ -118.448941, 33.984809 ], [ -118.449258, 33.98489 ], [ -118.452298, 33.985691 ], [ -118.45486, 33.986365 ], [ -118.455051, 33.986416 ], [ -118.455116, 33.986374 ], [ -118.456348, 33.98559 ], [ -118.457406, 33.984917 ], [ -118.458371, 33.984302 ], [ -118.458571, 33.984175 ], [ -118.458624, 33.984141 ], [ -118.460406, 33.983006 ], [ -118.461075, 33.98258 ], [ -118.461879, 33.982068 ], [ -118.462683, 33.981556 ], [ -118.462795, 33.981484 ], [ -118.463372, 33.981117 ], [ -118.46348, 33.981049 ], [ -118.463171, 33.980699 ], [ -118.462456, 33.979891 ], [ -118.462333, 33.979751 ], [ -118.462021, 33.979415 ], [ -118.461975, 33.979366 ], [ -118.461938, 33.979245 ], [ -118.461911, 33.979098 ], [ -118.461904, 33.978998 ], [ -118.4619, 33.978906 ], [ -118.461896, 33.97881 ], [ -118.461888, 33.978602 ], [ -118.461867, 33.978477 ], [ -118.461831, 33.978354 ], [ -118.4618, 33.978275 ], [ -118.461421, 33.978357 ], [ -118.461336, 33.978259 ], [ -118.460622, 33.977439 ], [ -118.459724, 33.976379 ], [ -118.458643, 33.975102 ], [ -118.457602, 33.973721 ], [ -118.457478, 33.973786 ], [ -118.455555, 33.971222 ], [ -118.454942, 33.9704 ], [ -118.454838, 33.970258 ], [ -118.454806, 33.970214 ], [ -118.454532, 33.969839 ], [ -118.454761, 33.969675 ], [ -118.453193, 33.967045 ], [ -118.45307, 33.966863 ], [ -118.453334, 33.966741 ], [ -118.453375, 33.966715 ], [ -118.453416, 33.966701 ], [ -118.453449, 33.966681 ], [ -118.45349, 33.966667 ], [ -118.453523, 33.966646 ], [ -118.453564, 33.966632 ], [ -118.453654, 33.966584 ], [ -118.454676, 33.966107 ], [ -118.454708, 33.966087 ], [ -118.454742, 33.966079 ], [ -118.454816, 33.966038 ], [ -118.454955, 33.965969 ], [ -118.455304, 33.965803 ], [ -118.455351, 33.965781 ], [ -118.455747, 33.965587 ], [ -118.455788, 33.965575 ], [ -118.455821, 33.965552 ], [ -118.455862, 33.965541 ], [ -118.455903, 33.965515 ], [ -118.456595, 33.965187 ], [ -118.456874, 33.96505 ], [ -118.457048, 33.964965 ], [ -118.457624, 33.964697 ], [ -118.45816, 33.96444 ], [ -118.458278, 33.964394 ], [ -118.4583, 33.964402 ], [ -118.45843, 33.964324 ], [ -118.458527, 33.964269 ], [ -118.458654, 33.964198 ], [ -118.458983, 33.964025 ], [ -118.459115, 33.963962 ], [ -118.459246, 33.963893 ], [ -118.45937, 33.963817 ], [ -118.459566, 33.963734 ], [ -118.459642, 33.963692 ], [ -118.459766, 33.963637 ], [ -118.459844, 33.963602 ], [ -118.459946, 33.963547 ], [ -118.460222, 33.963424 ], [ -118.460334, 33.963368 ], [ -118.461099, 33.96305 ], [ -118.461199, 33.96298 ], [ -118.461436, 33.962891 ], [ -118.461544, 33.962822 ], [ -118.461739, 33.962745 ], [ -118.461767, 33.962734 ], [ -118.461775, 33.962855 ], [ -118.461742, 33.962876 ], [ -118.461668, 33.962904 ], [ -118.461503, 33.962994 ], [ -118.461372, 33.963076 ], [ -118.460161, 33.963576 ], [ -118.459733, 33.96379 ], [ -118.459667, 33.963852 ], [ -118.45966, 33.963866 ], [ -118.459655, 33.963875 ], [ -118.459573, 33.964261 ], [ -118.459553, 33.964417 ], [ -118.459521, 33.964936 ], [ -118.459543, 33.965677 ], [ -118.45961, 33.966312 ], [ -118.459648, 33.966528 ], [ -118.459747, 33.966811 ], [ -118.459774, 33.966881 ], [ -118.459904, 33.967217 ], [ -118.459966, 33.967352 ], [ -118.459972, 33.967382 ], [ -118.459987, 33.967467 ], [ -118.460037, 33.967597 ], [ -118.46012, 33.967702 ], [ -118.460145, 33.967832 ], [ -118.460186, 33.967895 ], [ -118.460286, 33.968148 ], [ -118.46041, 33.968514 ], [ -118.460438, 33.968576 ], [ -118.460493, 33.968701 ], [ -118.460584, 33.968929 ], [ -118.460705, 33.969062 ], [ -118.460741, 33.969128 ], [ -118.460766, 33.969155 ], [ -118.461113, 33.969748 ], [ -118.461229, 33.969873 ], [ -118.461303, 33.969962 ], [ -118.461336, 33.970025 ], [ -118.461427, 33.970128 ], [ -118.461452, 33.970177 ], [ -118.461527, 33.970261 ], [ -118.461543, 33.970293 ], [ -118.461601, 33.970356 ], [ -118.461634, 33.970418 ], [ -118.461733, 33.970528 ], [ -118.461758, 33.970575 ], [ -118.461799, 33.970617 ], [ -118.462032, 33.971019 ], [ -118.462097, 33.971087 ], [ -118.462551, 33.971616 ], [ -118.462791, 33.971906 ], [ -118.463064, 33.97221 ], [ -118.463303, 33.972502 ], [ -118.463493, 33.972691 ], [ -118.463782, 33.973013 ], [ -118.463881, 33.973113 ], [ -118.464072, 33.973442 ], [ -118.464551, 33.973898 ], [ -118.464551, 33.973966 ], [ -118.464592, 33.974042 ], [ -118.464683, 33.974138 ], [ -118.464898, 33.974388 ], [ -118.465394, 33.974993 ], [ -118.465514, 33.975131 ], [ -118.465559, 33.975194 ], [ -118.465576, 33.975228 ], [ -118.465634, 33.97529 ], [ -118.465692, 33.975449 ], [ -118.465919, 33.975677 ], [ -118.465944, 33.975713 ], [ -118.466051, 33.975828 ], [ -118.466076, 33.975864 ], [ -118.466187, 33.975978 ], [ -118.466237, 33.976038 ], [ -118.466377, 33.976185 ], [ -118.466559, 33.976388 ], [ -118.466667, 33.976495 ], [ -118.466757, 33.976602 ], [ -118.466939, 33.976785 ], [ -118.466989, 33.976843 ], [ -118.467104, 33.976957 ], [ -118.46722, 33.977088 ], [ -118.467237, 33.977113 ], [ -118.467336, 33.977213 ], [ -118.467452, 33.977343 ], [ -118.467559, 33.977474 ], [ -118.467683, 33.977613 ], [ -118.4677, 33.977637 ], [ -118.467803, 33.977742 ], [ -118.467827, 33.977778 ], [ -118.467964, 33.977938 ], [ -118.467985, 33.977959 ], [ -118.468071, 33.978045 ], [ -118.468121, 33.978106 ], [ -118.468228, 33.978219 ], [ -118.468261, 33.978253 ], [ -118.46841, 33.978418 ], [ -118.468448, 33.978464 ], [ -118.468476, 33.978498 ], [ -118.468635, 33.978656 ], [ -118.469253, 33.979273 ], [ -118.46941, 33.979454 ], [ -118.469521, 33.979568 ], [ -118.469546, 33.979606 ], [ -118.469649, 33.979713 ], [ -118.469716, 33.9798 ], [ -118.470261, 33.980341 ], [ -118.470286, 33.980451 ], [ -118.470856, 33.981008 ], [ -118.470913, 33.981071 ], [ -118.47093, 33.981127 ], [ -118.471013, 33.981223 ], [ -118.471343, 33.981519 ], [ -118.471434, 33.981633 ], [ -118.471624, 33.981822 ], [ -118.471639, 33.98184 ], [ -118.471651, 33.981855 ], [ -118.471608, 33.98189 ], [ -118.471476, 33.981959 ], [ -118.471864, 33.982428 ], [ -118.471939, 33.98251 ], [ -118.472509, 33.98309 ], [ -118.472658, 33.983261 ], [ -118.472716, 33.983364 ], [ -118.4729, 33.983555 ], [ -118.472922, 33.983578 ], [ -118.472972, 33.983621 ], [ -118.473286, 33.983964 ], [ -118.473303, 33.984 ], [ -118.473459, 33.984172 ], [ -118.473484, 33.984219 ], [ -118.474479, 33.984978 ], [ -118.474607, 33.985053 ], [ -118.474896, 33.985203 ], [ -118.475127, 33.985272 ], [ -118.475292, 33.985356 ], [ -118.475499, 33.985444 ], [ -118.476216, 33.985478 ], [ -118.476319, 33.985447 ], [ -118.476446, 33.985437 ], [ -118.476406, 33.985608 ], [ -118.476336, 33.985792 ], [ -118.476283, 33.986113 ], [ -118.476272, 33.986346 ], [ -118.476271, 33.98637 ], [ -118.476342, 33.986849 ], [ -118.476392, 33.986925 ], [ -118.4764, 33.986954 ], [ -118.47645, 33.987028 ], [ -118.476458, 33.987057 ], [ -118.4765, 33.98712 ], [ -118.476508, 33.987147 ], [ -118.476577, 33.98726 ], [ -118.476673, 33.987416 ], [ -118.476709, 33.987451 ], [ -118.477153, 33.987888 ], [ -118.477301, 33.988062 ], [ -118.477318, 33.988098 ], [ -118.477359, 33.988138 ], [ -118.477409, 33.9882 ], [ -118.477607, 33.988545 ], [ -118.477864, 33.988815 ], [ -118.477897, 33.988855 ], [ -118.477971, 33.988994 ], [ -118.478029, 33.989054 ], [ -118.478048, 33.989077 ], [ -118.478112, 33.989159 ], [ -118.478286, 33.989461 ], [ -118.478484, 33.98982 ], [ -118.478567, 33.989916 ], [ -118.478761, 33.990103 ], [ -118.478893, 33.990268 ], [ -118.479104, 33.990513 ], [ -118.47922, 33.990627 ], [ -118.479269, 33.990685 ], [ -118.479377, 33.990792 ], [ -118.479559, 33.990997 ], [ -118.4796, 33.991048 ], [ -118.480368, 33.991797 ], [ -118.480402, 33.991837 ], [ -118.480526, 33.992113 ], [ -118.480749, 33.99234 ], [ -118.48084, 33.992454 ], [ -118.480943, 33.992561 ], [ -118.480997, 33.99263 ], [ -118.481183, 33.992844 ], [ -118.481299, 33.992987 ], [ -118.481394, 33.993103 ], [ -118.481452, 33.993161 ], [ -118.481609, 33.99334 ], [ -118.48165, 33.993398 ], [ -118.481906, 33.993622 ], [ -118.481997, 33.993725 ], [ -118.482311, 33.994104 ], [ -118.482336, 33.994151 ], [ -118.482505, 33.994346 ], [ -118.482551, 33.994408 ], [ -118.482576, 33.994455 ], [ -118.482617, 33.994498 ], [ -118.482791, 33.99471 ], [ -118.482807, 33.994745 ], [ -118.483063, 33.99504 ], [ -118.483105, 33.9951 ], [ -118.483328, 33.995278 ], [ -118.483473, 33.995416 ], [ -118.483344, 33.99551 ], [ -118.482165, 33.996281 ], [ -118.482025, 33.996365 ], [ -118.48172, 33.996573 ], [ -118.481682, 33.996599 ], [ -118.481612, 33.996527 ], [ -118.48144, 33.996341 ], [ -118.481429, 33.99633 ], [ -118.480883, 33.996696 ], [ -118.479897, 33.997329 ], [ -118.479917, 33.997353 ], [ -118.479237, 33.997673 ], [ -118.478808, 33.997889 ], [ -118.478463, 33.99808 ], [ -118.478376, 33.998128 ], [ -118.47816, 33.998275 ], [ -118.478117, 33.998303 ], [ -118.478066, 33.998316 ], [ -118.477989, 33.998333 ], [ -118.47789, 33.998378 ], [ -118.477658, 33.998545 ], [ -118.47762, 33.998572 ], [ -118.477219, 33.998781 ], [ -118.476622, 33.999092 ], [ -118.476583, 33.999112 ], [ -118.476205, 33.999311 ], [ -118.475847, 33.9995 ], [ -118.475731, 33.999561 ], [ -118.475618, 33.999621 ], [ -118.475555, 33.999655 ], [ -118.47545, 33.99971 ], [ -118.475202, 33.999841 ], [ -118.475104, 33.999893 ], [ -118.474875, 34.000014 ], [ -118.474721, 34.000097 ], [ -118.474334, 34.000301 ], [ -118.473929, 34.000502 ], [ -118.473584, 34.000682 ], [ -118.473441, 34.000757 ], [ -118.473142, 34.000913 ], [ -118.472879, 34.001051 ], [ -118.4728, 34.001092 ], [ -118.472434, 34.001286 ], [ -118.472069, 34.00148 ], [ -118.47201, 34.001511 ], [ -118.471647, 34.001703 ], [ -118.47143, 34.001818 ], [ -118.471343, 34.001856 ], [ -118.471318, 34.001882 ], [ -118.471293, 34.001907 ], [ -118.471081, 34.002019 ], [ -118.470194, 34.002487 ], [ -118.470048, 34.002565 ], [ -118.469852, 34.002669 ], [ -118.469815, 34.002687 ], [ -118.46979, 34.002702 ], [ -118.469682, 34.002759 ], [ -118.469528, 34.002839 ], [ -118.469387, 34.002914 ], [ -118.469208, 34.003009 ], [ -118.469049, 34.003093 ], [ -118.468925, 34.003164 ], [ -118.468903, 34.003175 ], [ -118.468777, 34.003237 ], [ -118.468637, 34.00331 ], [ -118.468498, 34.003384 ], [ -118.468364, 34.003456 ], [ -118.46822, 34.003531 ], [ -118.46808, 34.003605 ], [ -118.467941, 34.003679 ], [ -118.467926, 34.003687 ], [ -118.46775, 34.00378 ], [ -118.46761, 34.003854 ], [ -118.467471, 34.003927 ], [ -118.467332, 34.004001 ], [ -118.467193, 34.004075 ], [ -118.467053, 34.004148 ], [ -118.466914, 34.004222 ], [ -118.466788, 34.004289 ], [ -118.466742, 34.004312 ], [ -118.466727, 34.00432 ], [ -118.466713, 34.004328 ], [ -118.466671, 34.00435 ], [ -118.466598, 34.004388 ], [ -118.466575, 34.004359 ], [ -118.464088, 34.005773 ], [ -118.463899, 34.005849 ], [ -118.463799, 34.005902 ], [ -118.463131, 34.00626 ], [ -118.462675, 34.006502 ], [ -118.460928, 34.00743 ], [ -118.460298, 34.007755 ], [ -118.459802, 34.00801 ], [ -118.458757, 34.008556 ], [ -118.457844, 34.009037 ], [ -118.45748, 34.009236 ], [ -118.457205, 34.009382 ], [ -118.457134, 34.009419 ], [ -118.45624, 34.009861 ], [ -118.455995, 34.00999 ], [ -118.455935, 34.010023 ], [ -118.450958, 34.012637 ], [ -118.450648, 34.012792 ], [ -118.447512, 34.014456 ], [ -118.447028, 34.014711 ], [ -118.44661, 34.014934 ], [ -118.443517, 34.016576 ], [ -118.443945, 34.017093 ], [ -118.44527, 34.018694 ], [ -118.445885, 34.019437 ], [ -118.445927, 34.01942 ], [ -118.446387, 34.019976 ], [ -118.447057, 34.020785 ], [ -118.448345, 34.02234 ], [ -118.448518, 34.022549 ], [ -118.448763, 34.022846 ], [ -118.448866, 34.022971 ], [ -118.448929, 34.023047 ], [ -118.449059, 34.023203 ], [ -118.449212, 34.023389 ], [ -118.449512, 34.023751 ], [ -118.449812, 34.024113 ], [ -118.450112, 34.024475 ], [ -118.450321, 34.024728 ], [ -118.450411, 34.024837 ], [ -118.450562, 34.025018 ], [ -118.450711, 34.025199 ], [ -118.450862, 34.02538 ], [ -118.451011, 34.025561 ], [ -118.451063, 34.025622 ], [ -118.451124, 34.025696 ], [ -118.451273, 34.025877 ], [ -118.451423, 34.026058 ], [ -118.451573, 34.026239 ], [ -118.451723, 34.026421 ], [ -118.451873, 34.026601 ], [ -118.452023, 34.026782 ], [ -118.452173, 34.026963 ], [ -118.452251, 34.027058 ], [ -118.452323, 34.027144 ], [ -118.452558, 34.027428 ], [ -118.452675, 34.027569 ], [ -118.452685, 34.027581 ], [ -118.452837, 34.027765 ], [ -118.452857, 34.027789 ], [ -118.452886, 34.027823 ], [ -118.4529, 34.02784 ], [ -118.453, 34.027961 ], [ -118.453045, 34.028016 ], [ -118.453065, 34.02804 ], [ -118.453325, 34.028149 ], [ -118.454664, 34.028709 ], [ -118.454777, 34.028759 ], [ -118.454897, 34.028812 ], [ -118.455191, 34.028939 ], [ -118.455276, 34.028977 ], [ -118.455324, 34.028997 ], [ -118.455446, 34.029047 ], [ -118.455857, 34.029214 ], [ -118.456193, 34.029351 ], [ -118.456314, 34.029401 ], [ -118.456428, 34.029447 ], [ -118.456727, 34.029569 ], [ -118.456927, 34.02965 ], [ -118.457078, 34.029713 ], [ -118.457138, 34.029736 ], [ -118.457152, 34.029784 ], [ -118.457389, 34.030583 ], [ -118.457442, 34.030762 ], [ -118.457469, 34.030851 ], [ -118.457478, 34.030879 ], [ -118.457654, 34.031474 ], [ -118.457704, 34.031638 ], [ -118.459084, 34.031347 ], [ -118.459175, 34.031328 ], [ -118.459195, 34.031345 ], [ -118.459936, 34.031978 ], [ -118.46146, 34.03328 ], [ -118.463027, 34.034619 ], [ -118.464183, 34.035606 ], [ -118.464551, 34.03592 ], [ -118.464594, 34.035957 ], [ -118.464633, 34.03599 ], [ -118.465022, 34.036323 ], [ -118.46616, 34.037295 ], [ -118.467208, 34.03819 ], [ -118.467722, 34.038629 ], [ -118.468174, 34.039015 ], [ -118.468216, 34.039051 ], [ -118.469291, 34.039969 ], [ -118.469535, 34.040178 ], [ -118.469726, 34.040341 ], [ -118.470385, 34.040904 ], [ -118.470888, 34.041334 ], [ -118.47096, 34.041276 ], [ -118.471374, 34.04163 ], [ -118.471513, 34.041749 ], [ -118.471275, 34.041942 ], [ -118.473721, 34.044036 ], [ -118.474278, 34.044314 ], [ -118.474345, 34.044258 ], [ -118.474372, 34.044224 ], [ -118.474382, 34.044208 ], [ -118.474465, 34.044279 ], [ -118.476256, 34.045812 ], [ -118.47655, 34.046064 ], [ -118.477191, 34.046619 ], [ -118.477283, 34.046699 ], [ -118.477408, 34.046608 ], [ -118.47746, 34.046576 ], [ -118.477548, 34.046523 ], [ -118.477697, 34.046448 ], [ -118.477719, 34.046439 ], [ -118.477853, 34.046384 ], [ -118.477869, 34.046379 ], [ -118.478049, 34.046323 ], [ -118.478217, 34.046285 ], [ -118.478323, 34.046268 ], [ -118.478348, 34.046265 ], [ -118.478362, 34.046152 ], [ -118.478438, 34.045629 ], [ -118.479015, 34.045687 ], [ -118.479136, 34.045189 ], [ -118.479291, 34.045216 ], [ -118.479375, 34.045147 ], [ -118.479463, 34.045076 ], [ -118.479647, 34.045107 ], [ -118.479745, 34.044703 ], [ -118.479966, 34.044525 ], [ -118.480054, 34.0446 ], [ -118.480161, 34.044529 ], [ -118.480015, 34.044456 ], [ -118.480949, 34.043682 ], [ -118.48159, 34.043171 ], [ -118.48188, 34.042925 ], [ -118.48194, 34.042873 ], [ -118.481975, 34.042846 ], [ -118.482141, 34.042721 ], [ -118.482836, 34.042188 ], [ -118.483073, 34.042004 ], [ -118.483493, 34.041658 ], [ -118.483766, 34.04143 ], [ -118.483981, 34.041635 ], [ -118.484141, 34.041762 ], [ -118.484446, 34.042007 ], [ -118.484969, 34.042452 ], [ -118.48502, 34.042496 ], [ -118.485155, 34.042612 ], [ -118.485225, 34.042673 ], [ -118.48537, 34.042798 ], [ -118.485603, 34.042995 ], [ -118.486171, 34.043479 ], [ -118.486567, 34.043821 ], [ -118.486785, 34.044003 ], [ -118.486901, 34.044099 ], [ -118.486973, 34.044158 ], [ -118.487053, 34.044224 ], [ -118.487264, 34.044399 ], [ -118.487829, 34.044887 ], [ -118.488428, 34.045398 ], [ -118.488796, 34.045708 ], [ -118.488881, 34.045781 ], [ -118.489384, 34.046213 ], [ -118.489624, 34.046418 ], [ -118.489983, 34.046724 ], [ -118.490516, 34.047183 ], [ -118.491113, 34.047692 ], [ -118.491283, 34.047842 ], [ -118.491413, 34.047956 ], [ -118.491481, 34.048011 ], [ -118.491825, 34.048302 ], [ -118.492016, 34.048455 ], [ -118.492258, 34.04865 ], [ -118.492679, 34.049032 ], [ -118.492732, 34.049078 ], [ -118.492951, 34.049267 ], [ -118.493023, 34.049329 ], [ -118.493643, 34.049862 ], [ -118.493714, 34.049921 ], [ -118.493862, 34.050045 ], [ -118.494342, 34.05045 ], [ -118.494468, 34.05056 ], [ -118.494539, 34.050487 ], [ -118.494476, 34.050433 ], [ -118.494641, 34.050162 ], [ -118.494855, 34.050345 ], [ -118.494905, 34.05021 ], [ -118.495334, 34.049722 ], [ -118.495405, 34.04959 ], [ -118.496873, 34.04807 ], [ -118.49774, 34.047172 ], [ -118.498804, 34.04607 ], [ -118.502535, 34.042205 ], [ -118.503602, 34.0411 ], [ -118.503965, 34.040724 ], [ -118.504273, 34.041009 ], [ -118.50458, 34.041293 ], [ -118.50464, 34.04126 ], [ -118.505223, 34.041058 ], [ -118.506598, 34.040582 ], [ -118.50731, 34.040196 ], [ -118.507532, 34.040076 ], [ -118.507555, 34.04007 ], [ -118.508096, 34.03913 ], [ -118.508323, 34.039205 ], [ -118.508346, 34.039154 ], [ -118.508116, 34.039077 ], [ -118.508157, 34.038781 ], [ -118.508263, 34.03835 ], [ -118.508185, 34.038337 ], [ -118.508216, 34.038185 ], [ -118.508217, 34.038091 ], [ -118.508085, 34.038099 ], [ -118.507948, 34.037468 ], [ -118.507688, 34.036269 ], [ -118.507783, 34.036013 ], [ -118.50817, 34.034963 ], [ -118.508217, 34.034836 ], [ -118.508704, 34.033962 ], [ -118.508802, 34.033358 ], [ -118.508755, 34.033272 ], [ -118.508661, 34.033151 ], [ -118.508692, 34.033087 ], [ -118.508717, 34.033033 ], [ -118.508672, 34.032975 ], [ -118.508902, 34.032914 ], [ -118.509205, 34.032844 ], [ -118.509346, 34.032794 ], [ -118.509473, 34.032702 ], [ -118.509621, 34.032572 ], [ -118.509719, 34.032453 ], [ -118.509817, 34.032323 ], [ -118.509943, 34.03219 ], [ -118.5101, 34.032073 ], [ -118.510248, 34.031961 ], [ -118.510362, 34.031841 ], [ -118.510468, 34.031712 ], [ -118.510607, 34.031512 ], [ -118.510697, 34.031414 ], [ -118.510874, 34.031304 ], [ -118.511134, 34.031166 ], [ -118.511278, 34.031067 ], [ -118.511384, 34.030944 ], [ -118.511503, 34.0308 ], [ -118.511684, 34.030669 ], [ -118.511882, 34.030552 ], [ -118.511958, 34.030498 ], [ -118.512324, 34.030194 ], [ -118.512641, 34.029929 ], [ -118.513258, 34.029286 ], [ -118.513506, 34.028991 ], [ -118.513725, 34.028739 ], [ -118.513807, 34.028679 ], [ -118.513885, 34.028631 ], [ -118.513977, 34.028567 ], [ -118.51406, 34.028491 ], [ -118.514123, 34.028421 ], [ -118.514531, 34.027997 ], [ -118.514613, 34.027929 ], [ -118.514711, 34.027873 ], [ -118.514988, 34.027546 ], [ -118.51518, 34.027071 ], [ -118.515241, 34.02694 ], [ -118.515925, 34.02639 ], [ -118.515937, 34.02638 ], [ -118.515965, 34.026356 ], [ -118.516034, 34.026301 ], [ -118.516078, 34.026262 ], [ -118.517415, 34.02518 ], [ -118.517904, 34.025476 ], [ -118.518986, 34.026179 ], [ -118.519309, 34.026394 ], [ -118.519758, 34.026652 ], [ -118.519923, 34.026736 ], [ -118.520042, 34.026806 ], [ -118.520081, 34.026856 ], [ -118.52009, 34.026898 ], [ -118.520108, 34.026977 ], [ -118.520101, 34.027087 ], [ -118.520101, 34.027245 ], [ -118.520147, 34.027328 ], [ -118.52022, 34.027411 ], [ -118.520273, 34.02746 ], [ -118.520431, 34.027505 ], [ -118.520841, 34.02755 ], [ -118.521065, 34.027583 ], [ -118.52123, 34.027603 ], [ -118.521382, 34.027658 ], [ -118.521896, 34.028039 ], [ -118.522015, 34.028132 ], [ -118.522147, 34.028225 ], [ -118.522254, 34.028292 ], [ -118.522464, 34.028413 ], [ -118.522794, 34.028571 ], [ -118.522966, 34.028659 ], [ -118.523157, 34.028774 ], [ -118.523401, 34.028929 ], [ -118.523632, 34.029095 ], [ -118.523837, 34.029221 ], [ -118.523863, 34.029239 ], [ -118.524319, 34.029562 ], [ -118.525262, 34.030166 ], [ -118.525493, 34.030326 ], [ -118.525962, 34.030552 ], [ -118.526272, 34.030722 ], [ -118.526747, 34.030937 ], [ -118.526932, 34.031025 ], [ -118.527269, 34.031106 ], [ -118.527342, 34.031047 ], [ -118.527441, 34.031079 ], [ -118.52756, 34.031096 ], [ -118.52787, 34.031184 ], [ -118.528002, 34.031235 ], [ -118.528154, 34.0313 ], [ -118.528246, 34.031371 ], [ -118.528352, 34.031476 ], [ -118.528517, 34.031614 ], [ -118.528761, 34.031755 ], [ -118.529025, 34.031916 ], [ -118.529229, 34.032031 ], [ -118.529691, 34.032273 ], [ -118.529976, 34.032394 ], [ -118.530484, 34.032543 ], [ -118.530649, 34.032378 ], [ -118.530913, 34.032461 ], [ -118.531098, 34.032537 ], [ -118.531282, 34.032619 ], [ -118.531454, 34.032707 ], [ -118.531771, 34.032879 ], [ -118.532431, 34.033186 ], [ -118.532972, 34.033456 ], [ -118.533203, 34.03356 ], [ -118.533382, 34.033632 ], [ -118.533745, 34.033753 ], [ -118.534233, 34.033961 ], [ -118.535171, 34.034412 ], [ -118.535936, 34.034774 ], [ -118.53624, 34.034886 ], [ -118.536338, 34.034917 ], [ -118.536511, 34.034972 ], [ -118.536742, 34.035039 ], [ -118.537092, 34.035082 ], [ -118.537197, 34.035117 ], [ -118.537342, 34.035183 ], [ -118.53762, 34.035337 ], [ -118.53787, 34.03544 ], [ -118.538062, 34.035539 ], [ -118.538174, 34.035612 ], [ -118.538735, 34.035907 ], [ -118.539448, 34.036205 ], [ -118.540188, 34.036502 ], [ -118.540386, 34.036601 ], [ -118.540538, 34.036683 ], [ -118.540716, 34.036789 ], [ -118.540868, 34.036893 ], [ -118.541086, 34.03703 ], [ -118.54131, 34.037155 ], [ -118.541779, 34.037337 ], [ -118.542102, 34.037493 ], [ -118.5423, 34.037569 ], [ -118.542518, 34.037672 ], [ -118.542663, 34.037756 ], [ -118.542782, 34.037849 ], [ -118.542934, 34.037931 ], [ -118.543145, 34.038009 ], [ -118.543482, 34.038102 ], [ -118.54409, 34.038261 ], [ -118.545067, 34.03858 ], [ -118.545252, 34.038664 ], [ -118.54543, 34.038734 ], [ -118.545595, 34.038772 ], [ -118.545839, 34.038805 ], [ -118.546733, 34.038833 ], [ -118.547417, 34.038855 ], [ -118.547615, 34.038866 ], [ -118.547826, 34.038884 ], [ -118.547978, 34.038911 ], [ -118.548117, 34.038943 ], [ -118.548645, 34.03897 ], [ -118.548883, 34.038999 ], [ -118.549404, 34.039053 ], [ -118.549735, 34.039103 ], [ -118.549839, 34.039107 ], [ -118.549893, 34.039108 ], [ -118.549949, 34.039112 ], [ -118.550117, 34.039125 ], [ -118.550276, 34.03913 ], [ -118.55056, 34.039109 ], [ -118.550692, 34.039064 ], [ -118.550989, 34.038981 ], [ -118.551141, 34.038959 ], [ -118.551379, 34.038916 ], [ -118.551557, 34.038877 ], [ -118.551723, 34.038835 ], [ -118.551817, 34.038811 ], [ -118.552567, 34.038619 ], [ -118.552838, 34.038543 ], [ -118.552934, 34.038518 ], [ -118.553029, 34.038494 ], [ -118.553188, 34.038433 ], [ -118.553313, 34.038366 ], [ -118.553405, 34.038295 ], [ -118.553518, 34.038172 ], [ -118.553623, 34.038087 ], [ -118.553796, 34.037998 ], [ -118.553845, 34.037983 ], [ -118.554152, 34.037884 ], [ -118.554273, 34.037856 ], [ -118.554515, 34.037801 ], [ -118.554891, 34.037762 ], [ -118.555373, 34.037763 ], [ -118.55571, 34.03779 ], [ -118.555975, 34.037832 ], [ -118.555987, 34.037834 ], [ -118.556122, 34.037885 ], [ -118.556381, 34.037983 ], [ -118.556984, 34.038225 ], [ -118.557156, 34.038306 ], [ -118.55744, 34.038456 ], [ -118.55876, 34.038955 ], [ -118.559044, 34.039053 ], [ -118.559288, 34.039124 ], [ -118.559731, 34.039274 ], [ -118.560147, 34.039427 ], [ -118.560325, 34.03951 ], [ -118.560631, 34.039632 ], [ -118.560926, 34.039757 ], [ -118.561091, 34.039846 ], [ -118.561269, 34.039911 ], [ -118.562312, 34.04024 ], [ -118.562847, 34.0404 ], [ -118.563441, 34.040566 ], [ -118.563633, 34.040593 ], [ -118.563785, 34.040598 ], [ -118.563976, 34.04062 ], [ -118.564465, 34.040709 ], [ -118.564643, 34.040736 ], [ -118.56496, 34.040829 ], [ -118.56498, 34.04084 ], [ -118.565244, 34.04094 ], [ -118.565429, 34.040922 ], [ -118.565686, 34.040923 ], [ -118.565831, 34.040944 ], [ -118.56634, 34.0411 ], [ -118.566901, 34.041193 ], [ -118.567, 34.041209 ], [ -118.567122, 34.041223 ], [ -118.567179, 34.041229 ], [ -118.567174, 34.041263 ], [ -118.567172, 34.041275 ], [ -118.567161, 34.041329 ], [ -118.567141, 34.041383 ], [ -118.567142, 34.041559 ], [ -118.567252, 34.041762 ], [ -118.56732, 34.041888 ], [ -118.567333, 34.041918 ], [ -118.567931, 34.043039 ], [ -118.569897, 34.046724 ], [ -118.570107, 34.047117 ], [ -118.57012, 34.048187 ], [ -118.570129, 34.049083 ], [ -118.570165, 34.051728 ], [ -118.5703, 34.062084 ], [ -118.570348, 34.065717 ], [ -118.57037, 34.067428 ], [ -118.570395, 34.069346 ], [ -118.577505, 34.070578 ], [ -118.587036, 34.07223 ], [ -118.587987, 34.072394 ], [ -118.598127, 34.07415 ], [ -118.599204, 34.074337 ], [ -118.599188, 34.074362 ], [ -118.599176, 34.074382 ], [ -118.599121, 34.074472 ], [ -118.598981, 34.074699 ], [ -118.598045, 34.076214 ], [ -118.597886, 34.076473 ], [ -118.59779, 34.076629 ], [ -118.595632, 34.080127 ], [ -118.595156, 34.080899 ], [ -118.59464, 34.081735 ], [ -118.59347, 34.08363 ], [ -118.593302, 34.083904 ], [ -118.593213, 34.084048 ], [ -118.591232, 34.087259 ], [ -118.589843, 34.08951 ], [ -118.588276, 34.092051 ], [ -118.587598, 34.093149 ], [ -118.587169, 34.093845 ], [ -118.587114, 34.093934 ], [ -118.586901, 34.094279 ], [ -118.585754, 34.09614 ], [ -118.584606, 34.098 ], [ -118.579947, 34.105552 ], [ -118.578988, 34.107106 ], [ -118.577384, 34.109705 ], [ -118.576329, 34.111415 ], [ -118.575477, 34.112795 ], [ -118.572779, 34.117165 ], [ -118.572493, 34.117628 ], [ -118.564942, 34.12986 ], [ -118.564752, 34.130168 ], [ -118.564991, 34.130259 ], [ -118.565316, 34.130383 ], [ -118.565814, 34.130573 ], [ -118.568733, 34.131688 ], [ -118.574144, 34.133739 ], [ -118.575736, 34.134342 ], [ -118.577617, 34.135065 ], [ -118.58128, 34.136472 ], [ -118.582036, 34.136758 ], [ -118.584038, 34.137515 ], [ -118.588971, 34.139381 ], [ -118.589493, 34.139579 ], [ -118.590303, 34.139887 ], [ -118.591938, 34.140509 ], [ -118.595469, 34.141851 ], [ -118.598509, 34.143007 ], [ -118.601918, 34.144302 ], [ -118.604561, 34.145307 ], [ -118.605634, 34.145715 ], [ -118.605817, 34.145785 ], [ -118.606269, 34.145956 ], [ -118.609648, 34.14724 ], [ -118.610146, 34.14743 ], [ -118.612148, 34.148191 ], [ -118.612198, 34.148207 ], [ -118.612246, 34.148229 ], [ -118.612583, 34.148357 ], [ -118.614978, 34.149267 ], [ -118.614971, 34.147277 ], [ -118.616637, 34.147273 ], [ -118.616993, 34.147276 ], [ -118.619069, 34.147273 ], [ -118.622888, 34.147268 ], [ -118.623783, 34.147267 ], [ -118.624515, 34.147268 ], [ -118.628992, 34.147273 ], [ -118.628978, 34.147349 ], [ -118.629429, 34.148726 ], [ -118.629566, 34.149145 ], [ -118.629712, 34.14959 ], [ -118.629799, 34.149857 ], [ -118.629811, 34.149893 ], [ -118.629939, 34.149864 ], [ -118.630075, 34.149833 ], [ -118.630194, 34.150195 ], [ -118.630255, 34.150381 ], [ -118.630516, 34.150566 ], [ -118.63125, 34.151087 ], [ -118.631432, 34.150961 ], [ -118.631608, 34.150866 ], [ -118.632107, 34.150559 ], [ -118.632162, 34.150525 ], [ -118.637346, 34.156325 ], [ -118.638483, 34.157597 ], [ -118.638536, 34.157655 ], [ -118.638636, 34.157607 ], [ -118.638775, 34.157543 ], [ -118.638829, 34.157518 ], [ -118.639146, 34.157413 ], [ -118.639673, 34.157258 ], [ -118.640164, 34.157111 ], [ -118.640416, 34.15703 ], [ -118.640697, 34.156941 ], [ -118.640949, 34.15685 ], [ -118.64121, 34.156745 ], [ -118.641273, 34.156718 ], [ -118.641271, 34.156784 ], [ -118.64127, 34.157924 ], [ -118.641269, 34.158104 ], [ -118.641269, 34.158136 ], [ -118.641269, 34.158314 ], [ -118.641269, 34.158325 ], [ -118.641231, 34.15834 ], [ -118.64109, 34.158398 ], [ -118.640933, 34.158462 ], [ -118.640837, 34.158502 ], [ -118.640299, 34.158722 ], [ -118.640286, 34.158729 ], [ -118.640272, 34.158737 ], [ -118.639958, 34.158913 ], [ -118.63995, 34.158937 ], [ -118.640011, 34.159005 ], [ -118.639974, 34.159085 ], [ -118.639942, 34.159154 ], [ -118.639923, 34.159148 ], [ -118.639735, 34.159091 ], [ -118.640115, 34.15958 ], [ -118.64014, 34.159601 ], [ -118.640143, 34.159629 ], [ -118.640247, 34.15975 ], [ -118.641238, 34.161026 ], [ -118.641477, 34.161334 ], [ -118.641975, 34.161975 ], [ -118.642952, 34.161978 ], [ -118.644517, 34.161982 ], [ -118.645553, 34.161985 ], [ -118.64555, 34.162542 ], [ -118.645545, 34.163636 ], [ -118.645534, 34.165696 ], [ -118.650436, 34.165711 ], [ -118.654281, 34.165722 ], [ -118.654264, 34.169427 ], [ -118.658017, 34.169438 ], [ -118.658527, 34.169439 ], [ -118.658629, 34.16944 ], [ -118.658618, 34.171419 ], [ -118.658618, 34.171517 ], [ -118.658609, 34.173025 ], [ -118.658609, 34.173095 ], [ -118.658598, 34.175051 ], [ -118.658598, 34.175209 ], [ -118.658595, 34.175672 ], [ -118.658619, 34.175675 ], [ -118.659192, 34.175737 ], [ -118.658595, 34.176063 ], [ -118.658589, 34.176749 ], [ -118.661105, 34.176749 ], [ -118.662363, 34.176749 ], [ -118.664458, 34.176749 ], [ -118.666795, 34.176747 ], [ -118.667411, 34.176747 ], [ -118.668153, 34.17675 ], [ -118.668157, 34.181235 ], [ -118.668154, 34.181253 ], [ -118.668156, 34.182 ], [ -118.668158, 34.182536 ], [ -118.668161, 34.183778 ], [ -118.668162, 34.184141 ], [ -118.668163, 34.184681 ], [ -118.668153, 34.184926 ], [ -118.668156, 34.18498 ], [ -118.668164, 34.185148 ], [ -118.668169, 34.187155 ], [ -118.66817, 34.187523 ], [ -118.668176, 34.189867 ], [ -118.668146, 34.191078 ], [ -118.66814, 34.191331 ], [ -118.667902, 34.191335 ], [ -118.667325, 34.191344 ], [ -118.66657, 34.191107 ], [ -118.66442, 34.19043 ] ], [ [ -118.582856, 34.205047 ], [ -118.582868, 34.205507 ], [ -118.582883, 34.206047 ], [ -118.582884, 34.206485 ], [ -118.582885, 34.207407 ], [ -118.582886, 34.208316 ], [ -118.582887, 34.209036 ], [ -118.582888, 34.209581 ], [ -118.582891, 34.211324 ], [ -118.58297, 34.211742 ], [ -118.583036, 34.211956 ], [ -118.583275, 34.21239 ], [ -118.583665, 34.212874 ], [ -118.583956, 34.213137 ], [ -118.58436, 34.213423 ], [ -118.58485, 34.213791 ], [ -118.585512, 34.214346 ], [ -118.586273, 34.215044 ], [ -118.586769, 34.215737 ], [ -118.586981, 34.216132 ], [ -118.5871, 34.216632 ], [ -118.58716, 34.217897 ], [ -118.587121, 34.219221 ], [ -118.587029, 34.219606 ], [ -118.586929, 34.219842 ], [ -118.586938, 34.219955 ], [ -118.586982, 34.220518 ], [ -118.587115, 34.221024 ], [ -118.587247, 34.221337 ], [ -118.587466, 34.222096 ], [ -118.587486, 34.222155 ], [ -118.587764, 34.222975 ], [ -118.587789, 34.223025 ], [ -118.588149, 34.223747 ], [ -118.588353, 34.224157 ], [ -118.588517, 34.224289 ], [ -118.588865, 34.224571 ], [ -118.588896, 34.224596 ], [ -118.589287, 34.224838 ], [ -118.58967, 34.225118 ], [ -118.589895, 34.225256 ], [ -118.590617, 34.225585 ], [ -118.590702, 34.225637 ], [ -118.591371, 34.226047 ], [ -118.592245, 34.22675 ], [ -118.592493, 34.226985 ], [ -118.592629, 34.227113 ], [ -118.592729, 34.22725 ], [ -118.592854, 34.227503 ], [ -118.59289, 34.227562 ], [ -118.593192, 34.228052 ], [ -118.593252, 34.228198 ], [ -118.593265, 34.228228 ], [ -118.593397, 34.228668 ], [ -118.593437, 34.22913 ], [ -118.59351, 34.229311 ], [ -118.593464, 34.230053 ], [ -118.593332, 34.230553 ], [ -118.593226, 34.231328 ], [ -118.592807, 34.233094 ], [ -118.592804, 34.233109 ], [ -118.592652, 34.233626 ], [ -118.592592, 34.234098 ], [ -118.59254, 34.235055 ], [ -118.592487, 34.235302 ], [ -118.592485, 34.235458 ], [ -118.59248, 34.235747 ], [ -118.59254, 34.236302 ], [ -118.592593, 34.236423 ], [ -118.592627, 34.236863 ], [ -118.593037, 34.237907 ], [ -118.593263, 34.23866 ], [ -118.593488, 34.239188 ], [ -118.593786, 34.240067 ], [ -118.594031, 34.240672 ], [ -118.594084, 34.240875 ], [ -118.594184, 34.241125 ], [ -118.59431, 34.241441 ], [ -118.594396, 34.241771 ], [ -118.594661, 34.242469 ], [ -118.594791, 34.242779 ], [ -118.595038, 34.24337 ], [ -118.595694, 34.244508 ], [ -118.595782, 34.244639 ], [ -118.596727, 34.246046 ], [ -118.597019, 34.246541 ], [ -118.597529, 34.247244 ], [ -118.597939, 34.247947 ], [ -118.597999, 34.248173 ], [ -118.598072, 34.248261 ], [ -118.598218, 34.248618 ], [ -118.598357, 34.249107 ], [ -118.598437, 34.249492 ], [ -118.598468, 34.249974 ], [ -118.59847, 34.250003 ], [ -118.598529, 34.250003 ], [ -118.598609, 34.250003 ], [ -118.598607, 34.249974 ], [ -118.598582, 34.249503 ], [ -118.598397, 34.248689 ], [ -118.598171, 34.248085 ], [ -118.597906, 34.247557 ], [ -118.597681, 34.247189 ], [ -118.597065, 34.246343 ], [ -118.595409, 34.243749 ], [ -118.594906, 34.242683 ], [ -118.594339, 34.24122 ], [ -118.594197, 34.240853 ], [ -118.594177, 34.240748 ], [ -118.593899, 34.240034 ], [ -118.593733, 34.239468 ], [ -118.592746, 34.23683 ], [ -118.592712, 34.236423 ], [ -118.592593, 34.235835 ], [ -118.592573, 34.235571 ], [ -118.592585, 34.235458 ], [ -118.592777, 34.233631 ], [ -118.592903, 34.233257 ], [ -118.593418, 34.230971 ], [ -118.59361, 34.229635 ], [ -118.593609, 34.229327 ], [ -118.593483, 34.228497 ], [ -118.593377, 34.228198 ], [ -118.593304, 34.227992 ], [ -118.593099, 34.227712 ], [ -118.59294, 34.227398 ], [ -118.59289, 34.227319 ], [ -118.592855, 34.227264 ], [ -118.592742, 34.227085 ], [ -118.592638, 34.226984 ], [ -118.592503, 34.226854 ], [ -118.591457, 34.225964 ], [ -118.590702, 34.225514 ], [ -118.590637, 34.225475 ], [ -118.590226, 34.225299 ], [ -118.589637, 34.224948 ], [ -118.589063, 34.224571 ], [ -118.588651, 34.2243 ], [ -118.588516, 34.224143 ], [ -118.58842, 34.22403 ], [ -118.587919, 34.223023 ], [ -118.587863, 34.222909 ], [ -118.587619, 34.222154 ], [ -118.58739, 34.221447 ], [ -118.587102, 34.220557 ], [ -118.587056, 34.219953 ], [ -118.587048, 34.219842 ], [ -118.587167, 34.219584 ], [ -118.58724, 34.219139 ], [ -118.587286, 34.217627 ], [ -118.587206, 34.216583 ], [ -118.58708, 34.216072 ], [ -118.586862, 34.215671 ], [ -118.586392, 34.215 ], [ -118.586008, 34.214632 ], [ -118.585214, 34.213951 ], [ -118.584175, 34.213121 ], [ -118.583606, 34.21261 ], [ -118.583195, 34.211945 ], [ -118.583069, 34.211533 ], [ -118.583054, 34.211305 ], [ -118.58301, 34.210637 ], [ -118.58301, 34.210587 ], [ -118.58301, 34.209792 ], [ -118.583009, 34.209104 ], [ -118.583009, 34.208389 ], [ -118.583006, 34.208316 ], [ -118.582982, 34.207768 ], [ -118.58299, 34.20711 ], [ -118.583, 34.206308 ], [ -118.583008, 34.205668 ], [ -118.582975, 34.205506 ], [ -118.582972, 34.204688 ], [ -118.582925, 34.204688 ], [ -118.582874, 34.204688 ], [ -118.582856, 34.205047 ] ], [ [ -118.466936, 34.059731 ], [ -118.466687, 34.059443 ], [ -118.466364, 34.059067 ], [ -118.465581, 34.058159 ], [ -118.464778, 34.057228 ], [ -118.464599, 34.056974 ], [ -118.463684, 34.055913 ], [ -118.462934, 34.055044 ], [ -118.462476, 34.054512 ], [ -118.462347, 34.054364 ], [ -118.461805, 34.053744 ], [ -118.461721, 34.053647 ], [ -118.461466, 34.053356 ], [ -118.460731, 34.052514 ], [ -118.459995, 34.051672 ], [ -118.459221, 34.050785 ], [ -118.457089, 34.048312 ], [ -118.456841, 34.048024 ], [ -118.456673, 34.04783 ], [ -118.456576, 34.047717 ], [ -118.454074, 34.049212 ], [ -118.452278, 34.047128 ], [ -118.452222, 34.04706 ], [ -118.451941, 34.047228 ], [ -118.450989, 34.047796 ], [ -118.4505, 34.048088 ], [ -118.450229, 34.04825 ], [ -118.450037, 34.048365 ], [ -118.449544, 34.048659 ], [ -118.449253, 34.048833 ], [ -118.449085, 34.048933 ], [ -118.44866, 34.049187 ], [ -118.448567, 34.049243 ], [ -118.448376, 34.049357 ], [ -118.448359, 34.049367 ], [ -118.448398, 34.04944 ], [ -118.448175, 34.049578 ], [ -118.449095, 34.051996 ], [ -118.448392, 34.052407 ], [ -118.449087, 34.053351 ], [ -118.445776, 34.05533 ], [ -118.445624, 34.055295 ], [ -118.446284, 34.05606 ], [ -118.446946, 34.056829 ], [ -118.447715, 34.057721 ], [ -118.447989, 34.058069 ], [ -118.44867, 34.058931 ], [ -118.448886, 34.059205 ], [ -118.449929, 34.060527 ], [ -118.450128, 34.060779 ], [ -118.450692, 34.06138 ], [ -118.450726, 34.061416 ], [ -118.450905, 34.061606 ], [ -118.451313, 34.062041 ], [ -118.45141, 34.062146 ], [ -118.451534, 34.06228 ], [ -118.452047, 34.062834 ], [ -118.452679, 34.063517 ], [ -118.452967, 34.063827 ], [ -118.453126, 34.063998 ], [ -118.454033, 34.065047 ], [ -118.454192, 34.06525 ], [ -118.454301, 34.065419 ], [ -118.4544, 34.065597 ], [ -118.454481, 34.065777 ], [ -118.454534, 34.065919 ], [ -118.454573, 34.066058 ], [ -118.45463, 34.066301 ], [ -118.454642, 34.06638 ], [ -118.454681, 34.066799 ], [ -118.454791, 34.066724 ], [ -118.458567, 34.065722 ], [ -118.459523, 34.065469 ], [ -118.459623, 34.065445 ], [ -118.456034, 34.061275 ], [ -118.455161, 34.060243 ], [ -118.455455, 34.060066 ], [ -118.455664, 34.059941 ], [ -118.455674, 34.059935 ], [ -118.455801, 34.059859 ], [ -118.456082, 34.05969 ], [ -118.457257, 34.058986 ], [ -118.457608, 34.058776 ], [ -118.457929, 34.058583 ], [ -118.458781, 34.058073 ], [ -118.459931, 34.059051 ], [ -118.4611, 34.060046 ], [ -118.462814, 34.063109 ], [ -118.462888, 34.063481 ], [ -118.462922, 34.063654 ], [ -118.463076, 34.064441 ], [ -118.4632, 34.065066 ], [ -118.463723, 34.065537 ], [ -118.465336, 34.066989 ], [ -118.466731, 34.067708 ], [ -118.466783, 34.067663 ], [ -118.468179, 34.066478 ], [ -118.468714, 34.066023 ], [ -118.468893, 34.065871 ], [ -118.468763, 34.065186 ], [ -118.468577, 34.064203 ], [ -118.468501, 34.063803 ], [ -118.468257, 34.062513 ], [ -118.468213, 34.062284 ], [ -118.467953, 34.06091 ], [ -118.466936, 34.059731 ] ], [ [ -118.454848, 34.28379 ], [ -118.454793, 34.283699 ], [ -118.454761, 34.283713 ], [ -118.454741, 34.283709 ], [ -118.454001, 34.283011 ], [ -118.453675, 34.282703 ], [ -118.45317, 34.282225 ], [ -118.452961, 34.282044 ], [ -118.452701, 34.281782 ], [ -118.452587, 34.281674 ], [ -118.452347, 34.281454 ], [ -118.452114, 34.281228 ], [ -118.451127, 34.280296 ], [ -118.449883, 34.27912 ], [ -118.448641, 34.277946 ], [ -118.447048, 34.276442 ], [ -118.44692, 34.27632 ], [ -118.446183, 34.275624 ], [ -118.444963, 34.274471 ], [ -118.443808, 34.27338 ], [ -118.443734, 34.27331 ], [ -118.443314, 34.27363 ], [ -118.442647, 34.274116 ], [ -118.442021, 34.274573 ], [ -118.441374, 34.275045 ], [ -118.440727, 34.275516 ], [ -118.440043, 34.276015 ], [ -118.439425, 34.276465 ], [ -118.439299, 34.276557 ], [ -118.439096, 34.276705 ], [ -118.438864, 34.276874 ], [ -118.438764, 34.276947 ], [ -118.438404, 34.27721 ], [ -118.438106, 34.277427 ], [ -118.437493, 34.277874 ], [ -118.436847, 34.278345 ], [ -118.436388, 34.27868 ], [ -118.436291, 34.278739 ], [ -118.436142, 34.278865 ], [ -118.435976, 34.278973 ], [ -118.435899, 34.279045 ], [ -118.435933, 34.279102 ], [ -118.435929, 34.279124 ], [ -118.435906, 34.27914 ], [ -118.435695, 34.279295 ], [ -118.435586, 34.279372 ], [ -118.435058, 34.278873 ], [ -118.434108, 34.277975 ], [ -118.433992, 34.27787 ], [ -118.433714, 34.277744 ], [ -118.433614, 34.277816 ], [ -118.433051, 34.278227 ], [ -118.432956, 34.278298 ], [ -118.432862, 34.278371 ], [ -118.432769, 34.278444 ], [ -118.432705, 34.278497 ], [ -118.432621, 34.278568 ], [ -118.432533, 34.278645 ], [ -118.432477, 34.278695 ], [ -118.432421, 34.278746 ], [ -118.430604, 34.280447 ], [ -118.430539, 34.280518 ], [ -118.430569, 34.280549 ], [ -118.429242, 34.281521 ], [ -118.427291, 34.28294 ], [ -118.425669, 34.284123 ], [ -118.424018, 34.285327 ], [ -118.423243, 34.285892 ], [ -118.422393, 34.286512 ], [ -118.420769, 34.287697 ], [ -118.420729, 34.287727 ], [ -118.420687, 34.287757 ], [ -118.417448, 34.290119 ], [ -118.417123, 34.290356 ], [ -118.417407, 34.290624 ], [ -118.417448, 34.290655 ], [ -118.418195, 34.291351 ], [ -118.418595, 34.291729 ], [ -118.418632, 34.291764 ], [ -118.415792, 34.293841 ], [ -118.418242, 34.29615 ], [ -118.418282, 34.296187 ], [ -118.418562, 34.296451 ], [ -118.42004, 34.29537 ], [ -118.421401, 34.294375 ], [ -118.423467, 34.296322 ], [ -118.426354, 34.299041 ], [ -118.427805, 34.300409 ], [ -118.42925, 34.30177 ], [ -118.429321, 34.301837 ], [ -118.430274, 34.302678 ], [ -118.430342, 34.302738 ], [ -118.431107, 34.303403 ], [ -118.431265, 34.303541 ], [ -118.431337, 34.303604 ], [ -118.431365, 34.303631 ], [ -118.431441, 34.303703 ], [ -118.431922, 34.304126 ], [ -118.432177, 34.304323 ], [ -118.432424, 34.304559 ], [ -118.432569, 34.304687 ], [ -118.432863, 34.304425 ], [ -118.433607, 34.303761 ], [ -118.434351, 34.303098 ], [ -118.435095, 34.302434 ], [ -118.435772, 34.30183 ], [ -118.435852, 34.301755 ], [ -118.435905, 34.301706 ], [ -118.436221, 34.30143 ], [ -118.436613, 34.30108 ], [ -118.437316, 34.300454 ], [ -118.438821, 34.299112 ], [ -118.440297, 34.297796 ], [ -118.441788, 34.296467 ], [ -118.442449, 34.295878 ], [ -118.442473, 34.295856 ], [ -118.442547, 34.295923 ], [ -118.442716, 34.295772 ], [ -118.442773, 34.295721 ], [ -118.442834, 34.29567 ], [ -118.442898, 34.295616 ], [ -118.443473, 34.295156 ], [ -118.443437, 34.295125 ], [ -118.443577, 34.295 ], [ -118.443572, 34.294875 ], [ -118.444697, 34.293871 ], [ -118.444781, 34.293803 ], [ -118.445004, 34.293994 ], [ -118.445183, 34.294139 ], [ -118.445216, 34.294166 ], [ -118.4455, 34.294406 ], [ -118.44702, 34.293053 ], [ -118.44707, 34.293015 ], [ -118.447172, 34.292896 ], [ -118.44743, 34.292667 ], [ -118.447609, 34.292512 ], [ -118.447713, 34.292438 ], [ -118.447825, 34.292359 ], [ -118.447921, 34.29228 ], [ -118.448033, 34.292181 ], [ -118.448063, 34.292155 ], [ -118.448133, 34.292093 ], [ -118.448178, 34.292059 ], [ -118.44825, 34.291964 ], [ -118.448297, 34.29192 ], [ -118.448813, 34.291463 ], [ -118.44926, 34.291066 ], [ -118.449684, 34.290688 ], [ -118.450002, 34.290404 ], [ -118.449784, 34.29013 ], [ -118.449663, 34.289978 ], [ -118.449441, 34.289699 ], [ -118.449483, 34.289671 ], [ -118.449563, 34.289614 ], [ -118.449768, 34.289472 ], [ -118.450208, 34.289166 ], [ -118.450507, 34.288958 ], [ -118.450603, 34.288887 ], [ -118.451352, 34.288326 ], [ -118.451601, 34.28814 ], [ -118.451641, 34.288111 ], [ -118.451816, 34.287989 ], [ -118.45195, 34.287895 ], [ -118.452522, 34.287494 ], [ -118.452511, 34.287457 ], [ -118.454141, 34.286266 ], [ -118.456008, 34.284903 ], [ -118.455678, 34.284595 ], [ -118.455491, 34.284416 ], [ -118.45537, 34.284304 ], [ -118.455295, 34.284234 ], [ -118.455245, 34.284187 ], [ -118.454926, 34.283885 ], [ -118.454848, 34.28379 ] ], [ [ -118.426962, 34.083044 ], [ -118.426246, 34.083052 ], [ -118.425226, 34.083097 ], [ -118.424928, 34.083108 ], [ -118.424358, 34.083109 ], [ -118.424369, 34.083074 ], [ -118.422778, 34.083093 ], [ -118.422733, 34.081227 ], [ -118.422757, 34.081078 ], [ -118.422785, 34.080892 ], [ -118.42279, 34.079959 ], [ -118.422863, 34.079933 ], [ -118.423023, 34.079931 ], [ -118.423229, 34.079928 ], [ -118.423828, 34.07974 ], [ -118.423665, 34.07938 ], [ -118.423606, 34.079251 ], [ -118.423477, 34.078813 ], [ -118.423632, 34.078764 ], [ -118.423422, 34.078298 ], [ -118.423391, 34.078192 ], [ -118.423376, 34.078084 ], [ -118.42335, 34.077748 ], [ -118.423329, 34.077657 ], [ -118.423296, 34.077569 ], [ -118.423242, 34.077474 ], [ -118.423192, 34.077408 ], [ -118.423049, 34.077242 ], [ -118.422992, 34.077175 ], [ -118.422962, 34.077158 ], [ -118.422921, 34.077152 ], [ -118.42288, 34.07716 ], [ -118.422851, 34.077178 ], [ -118.422767, 34.077048 ], [ -118.422821, 34.076977 ], [ -118.42286, 34.076898 ], [ -118.423167, 34.076034 ], [ -118.423289, 34.075689 ], [ -118.422546, 34.075273 ], [ -118.421839, 34.075093 ], [ -118.420928, 34.075428 ], [ -118.420722, 34.074987 ], [ -118.420687, 34.074916 ], [ -118.420378, 34.074237 ], [ -118.419642, 34.072652 ], [ -118.419016, 34.072494 ], [ -118.418658, 34.072399 ], [ -118.418462, 34.072361 ], [ -118.418442, 34.07231 ], [ -118.418333, 34.072019 ], [ -118.417678, 34.070737 ], [ -118.417382, 34.070206 ], [ -118.416713, 34.069273 ], [ -118.416413, 34.068893 ], [ -118.416392, 34.068866 ], [ -118.416979, 34.068543 ], [ -118.417097, 34.06856 ], [ -118.417253, 34.068383 ], [ -118.416319, 34.067079 ], [ -118.416224, 34.066946 ], [ -118.414344, 34.064324 ], [ -118.414279, 34.064233 ], [ -118.414212, 34.064139 ], [ -118.414082, 34.063982 ], [ -118.413921, 34.063761 ], [ -118.413755, 34.063523 ], [ -118.413664, 34.0634 ], [ -118.413514, 34.063165 ], [ -118.414166, 34.062841 ], [ -118.412204, 34.060101 ], [ -118.411551, 34.060425 ], [ -118.411033, 34.0597 ], [ -118.410764, 34.059271 ], [ -118.410696, 34.059177 ], [ -118.410645, 34.059106 ], [ -118.409322, 34.057258 ], [ -118.408551, 34.05618 ], [ -118.408538, 34.056162 ], [ -118.407109, 34.054166 ], [ -118.40707, 34.054112 ], [ -118.406323, 34.053081 ], [ -118.406202, 34.052914 ], [ -118.406106, 34.052781 ], [ -118.405896, 34.052853 ], [ -118.405574, 34.052964 ], [ -118.405665, 34.053164 ], [ -118.405725, 34.053294 ], [ -118.405813, 34.053485 ], [ -118.405882, 34.053677 ], [ -118.405954, 34.053876 ], [ -118.406122, 34.054145 ], [ -118.405694, 34.054142 ], [ -118.405562, 34.054141 ], [ -118.405562, 34.054312 ], [ -118.405285, 34.054402 ], [ -118.405362, 34.054544 ], [ -118.405452, 34.054861 ], [ -118.405714, 34.054829 ], [ -118.405929, 34.05483 ], [ -118.40595, 34.054988 ], [ -118.405958, 34.055167 ], [ -118.405952, 34.055346 ], [ -118.405937, 34.055479 ], [ -118.405925, 34.055545 ], [ -118.40591, 34.055624 ], [ -118.405925, 34.055668 ], [ -118.405922, 34.057104 ], [ -118.405658, 34.057104 ], [ -118.405091, 34.057103 ], [ -118.404548, 34.057102 ], [ -118.403993, 34.057101 ], [ -118.403993, 34.057069 ], [ -118.403994, 34.057024 ], [ -118.403455, 34.057023 ], [ -118.403453, 34.05694 ], [ -118.403362, 34.05694 ], [ -118.403261, 34.056831 ], [ -118.403026, 34.056981 ], [ -118.402927, 34.057055 ], [ -118.402771, 34.056887 ], [ -118.40247, 34.057082 ], [ -118.402463, 34.057099 ], [ -118.402183, 34.057099 ], [ -118.402371, 34.056996 ], [ -118.40227, 34.056886 ], [ -118.402211, 34.056918 ], [ -118.401888, 34.057095 ], [ -118.401737, 34.057098 ], [ -118.401556, 34.057099 ], [ -118.401679, 34.057029 ], [ -118.401584, 34.056915 ], [ -118.401271, 34.057098 ], [ -118.400751, 34.057098 ], [ -118.400907, 34.056997 ], [ -118.400785, 34.056867 ], [ -118.400428, 34.057097 ], [ -118.400282, 34.057097 ], [ -118.400247, 34.057058 ], [ -118.400202, 34.057025 ], [ -118.400072, 34.056887 ], [ -118.400044, 34.056855 ], [ -118.400001, 34.056808 ], [ -118.399924, 34.056866 ], [ -118.399717, 34.057026 ], [ -118.399713, 34.057096 ], [ -118.399681, 34.057096 ], [ -118.39908, 34.057096 ], [ -118.39908, 34.057035 ], [ -118.3985, 34.057034 ], [ -118.3985, 34.057094 ], [ -118.398461, 34.057095 ], [ -118.398164, 34.057088 ], [ -118.397948, 34.057095 ], [ -118.397755, 34.057086 ], [ -118.397328, 34.057094 ], [ -118.396729, 34.057093 ], [ -118.396675, 34.057092 ], [ -118.396409, 34.057092 ], [ -118.395912, 34.057091 ], [ -118.394894, 34.05709 ], [ -118.394349, 34.057089 ], [ -118.393862, 34.057089 ], [ -118.39332, 34.057088 ], [ -118.392828, 34.057088 ], [ -118.392301, 34.057087 ], [ -118.391796, 34.057087 ], [ -118.391275, 34.057086 ], [ -118.390763, 34.057086 ], [ -118.390298, 34.057085 ], [ -118.389853, 34.057085 ], [ -118.389321, 34.057087 ], [ -118.388806, 34.057088 ], [ -118.388267, 34.05709 ], [ -118.387783, 34.057091 ], [ -118.387282, 34.057092 ], [ -118.387264, 34.057092 ], [ -118.38676, 34.057093 ], [ -118.386244, 34.057094 ], [ -118.385723, 34.057096 ], [ -118.385193, 34.057098 ], [ -118.384715, 34.057099 ], [ -118.384133, 34.057099 ], [ -118.383666, 34.057099 ], [ -118.383615, 34.059366 ], [ -118.383579, 34.060926 ], [ -118.383551, 34.062195 ], [ -118.383534, 34.062937 ], [ -118.383435, 34.062937 ], [ -118.382715, 34.062939 ], [ -118.382354, 34.06294 ], [ -118.382264, 34.06294 ], [ -118.38131, 34.062943 ], [ -118.38126, 34.062943 ], [ -118.381193, 34.062944 ], [ -118.381104, 34.062944 ], [ -118.380861, 34.062944 ], [ -118.3803, 34.062946 ], [ -118.380244, 34.062946 ], [ -118.379915, 34.062947 ], [ -118.37931, 34.062948 ], [ -118.378319, 34.062951 ], [ -118.377375, 34.062954 ], [ -118.37733, 34.062954 ], [ -118.377294, 34.060943 ], [ -118.377268, 34.059522 ], [ -118.377169, 34.059529 ], [ -118.376463, 34.059578 ], [ -118.376336, 34.059588 ], [ -118.376164, 34.0596 ], [ -118.376006, 34.059611 ], [ -118.376001, 34.059965 ], [ -118.372868, 34.061829 ], [ -118.372244, 34.0622 ], [ -118.372229, 34.062287 ], [ -118.37203, 34.063843 ], [ -118.372027, 34.063867 ], [ -118.372258, 34.064245 ], [ -118.372695, 34.06492 ], [ -118.373017, 34.065395 ], [ -118.373272, 34.065843 ], [ -118.373359, 34.065996 ], [ -118.374095, 34.067178 ], [ -118.374326, 34.067549 ], [ -118.374509, 34.067843 ], [ -118.375064, 34.068735 ], [ -118.375076, 34.068753 ], [ -118.375136, 34.068859 ], [ -118.375268, 34.069088 ], [ -118.375415, 34.069343 ], [ -118.375481, 34.06946 ], [ -118.375517, 34.069575 ], [ -118.375575, 34.069757 ], [ -118.375676, 34.069952 ], [ -118.375755, 34.070097 ], [ -118.375778, 34.070088 ], [ -118.375887, 34.070042 ], [ -118.375966, 34.069914 ], [ -118.376035, 34.069807 ], [ -118.376036, 34.069785 ], [ -118.376041, 34.069578 ], [ -118.376174, 34.069576 ], [ -118.376189, 34.069579 ], [ -118.376182, 34.069402 ], [ -118.376182, 34.069336 ], [ -118.376254, 34.069335 ], [ -118.376317, 34.069336 ], [ -118.377375, 34.069324 ], [ -118.377378, 34.069431 ], [ -118.377403, 34.069709 ], [ -118.378462, 34.069705 ], [ -118.379513, 34.0697 ], [ -118.380573, 34.069696 ], [ -118.381637, 34.069692 ], [ -118.382669, 34.069688 ], [ -118.383728, 34.069684 ], [ -118.383755, 34.069766 ], [ -118.383759, 34.070817 ], [ -118.383762, 34.071666 ], [ -118.383762, 34.071683 ], [ -118.383764, 34.072122 ], [ -118.383781, 34.072122 ], [ -118.383846, 34.072119 ], [ -118.384722, 34.072074 ], [ -118.385717, 34.072082 ], [ -118.385946, 34.072079 ], [ -118.386744, 34.072083 ], [ -118.387385, 34.072087 ], [ -118.387702, 34.072088 ], [ -118.388688, 34.07208 ], [ -118.389297, 34.072075 ], [ -118.389701, 34.072078 ], [ -118.390295, 34.072082 ], [ -118.390479, 34.072083 ], [ -118.390611, 34.072084 ], [ -118.390704, 34.072083 ], [ -118.390704, 34.072111 ], [ -118.390705, 34.072338 ], [ -118.390709, 34.07356 ], [ -118.390714, 34.07529 ], [ -118.390718, 34.076501 ], [ -118.39034, 34.076502 ], [ -118.389837, 34.076503 ], [ -118.389733, 34.07649 ], [ -118.389596, 34.076474 ], [ -118.388732, 34.076472 ], [ -118.387724, 34.076471 ], [ -118.386884, 34.076469 ], [ -118.386795, 34.076468 ], [ -118.386703, 34.076466 ], [ -118.385816, 34.076465 ], [ -118.384837, 34.076464 ], [ -118.38428, 34.076463 ], [ -118.383841, 34.076463 ], [ -118.38372, 34.07643 ], [ -118.383609, 34.076399 ], [ -118.381712, 34.076396 ], [ -118.381694, 34.076396 ], [ -118.381693, 34.076711 ], [ -118.380665, 34.076713 ], [ -118.380646, 34.07671 ], [ -118.380628, 34.076709 ], [ -118.38061, 34.076709 ], [ -118.380577, 34.076705 ], [ -118.380548, 34.076702 ], [ -118.380529, 34.076698 ], [ -118.380497, 34.076691 ], [ -118.380483, 34.076688 ], [ -118.380456, 34.076681 ], [ -118.380434, 34.076674 ], [ -118.380423, 34.07667 ], [ -118.380412, 34.076667 ], [ -118.3804, 34.076662 ], [ -118.380376, 34.076653 ], [ -118.380351, 34.076642 ], [ -118.380318, 34.076626 ], [ -118.380247, 34.076583 ], [ -118.380132, 34.07652 ], [ -118.380057, 34.076488 ], [ -118.379966, 34.076453 ], [ -118.379874, 34.076435 ], [ -118.37977, 34.076404 ], [ -118.379711, 34.076402 ], [ -118.379401, 34.076391 ], [ -118.379298, 34.076391 ], [ -118.379065, 34.076391 ], [ -118.378913, 34.07639 ], [ -118.378842, 34.07639 ], [ -118.378802, 34.07639 ], [ -118.378648, 34.076606 ], [ -118.378587, 34.076605 ], [ -118.377617, 34.076596 ], [ -118.377167, 34.076592 ], [ -118.377152, 34.077499 ], [ -118.37722, 34.078173 ], [ -118.377567, 34.078742 ], [ -118.377134, 34.078925 ], [ -118.377108, 34.078878 ], [ -118.377037, 34.078905 ], [ -118.376985, 34.078927 ], [ -118.376893, 34.078966 ], [ -118.377227, 34.080131 ], [ -118.377248, 34.080207 ], [ -118.377063, 34.080206 ], [ -118.376549, 34.080156 ], [ -118.375887, 34.080158 ], [ -118.375264, 34.080159 ], [ -118.375246, 34.080971 ], [ -118.37525, 34.082011 ], [ -118.374202, 34.082019 ], [ -118.374197, 34.081261 ], [ -118.374209, 34.080161 ], [ -118.373728, 34.080162 ], [ -118.373152, 34.080163 ], [ -118.372128, 34.080166 ], [ -118.37121, 34.080168 ], [ -118.371071, 34.080168 ], [ -118.370294, 34.080169 ], [ -118.370298, 34.0815 ], [ -118.370299, 34.082057 ], [ -118.370301, 34.083112 ], [ -118.370302, 34.083157 ], [ -118.37124, 34.083143 ], [ -118.372199, 34.083129 ], [ -118.373155, 34.083114 ], [ -118.3741, 34.0831 ], [ -118.374251, 34.083098 ], [ -118.376339, 34.083067 ], [ -118.376496, 34.083059 ], [ -118.37662, 34.083033 ], [ -118.377033, 34.08304 ], [ -118.377006, 34.084849 ], [ -118.376951, 34.08863 ], [ -118.376409, 34.088922 ], [ -118.376284, 34.088989 ], [ -118.375758, 34.088997 ], [ -118.375758, 34.089135 ], [ -118.375383, 34.08914 ], [ -118.375279, 34.089287 ], [ -118.375186, 34.089418 ], [ -118.374757, 34.089425 ], [ -118.374757, 34.089699 ], [ -118.374328, 34.089706 ], [ -118.374228, 34.089709 ], [ -118.374229, 34.08976 ], [ -118.374231, 34.089829 ], [ -118.374234, 34.089955 ], [ -118.37413, 34.089957 ], [ -118.373701, 34.089964 ], [ -118.373701, 34.090046 ], [ -118.373272, 34.090052 ], [ -118.373174, 34.090149 ], [ -118.373074, 34.090248 ], [ -118.372498, 34.090256 ], [ -118.372494, 34.088838 ], [ -118.372489, 34.08705 ], [ -118.372486, 34.085755 ], [ -118.372485, 34.085438 ], [ -118.371723, 34.085449 ], [ -118.370981, 34.08546 ], [ -118.370981, 34.085598 ], [ -118.370304, 34.085607 ], [ -118.37023, 34.085609 ], [ -118.370232, 34.086611 ], [ -118.370232, 34.086759 ], [ -118.370233, 34.087084 ], [ -118.370095, 34.087086 ], [ -118.369935, 34.087088 ], [ -118.369088, 34.087101 ], [ -118.368025, 34.087117 ], [ -118.366961, 34.087133 ], [ -118.366596, 34.087138 ], [ -118.36643, 34.087139 ], [ -118.366442, 34.088725 ], [ -118.366443, 34.088924 ], [ -118.365903, 34.088932 ], [ -118.364843, 34.088948 ], [ -118.363787, 34.088963 ], [ -118.363269, 34.088971 ], [ -118.363267, 34.088778 ], [ -118.362712, 34.088787 ], [ -118.362701, 34.087191 ], [ -118.362219, 34.087198 ], [ -118.362067, 34.0872 ], [ -118.361512, 34.087201 ], [ -118.361443, 34.087201 ], [ -118.361329, 34.0872 ], [ -118.360516, 34.087192 ], [ -118.359476, 34.087184 ], [ -118.358436, 34.087175 ], [ -118.357395, 34.087166 ], [ -118.356354, 34.087158 ], [ -118.355314, 34.087149 ], [ -118.354273, 34.08714 ], [ -118.353233, 34.087132 ], [ -118.3528, 34.087129 ], [ -118.352802, 34.088708 ], [ -118.352802, 34.088962 ], [ -118.352236, 34.088958 ], [ -118.351116, 34.088949 ], [ -118.349831, 34.088939 ], [ -118.349806, 34.088939 ], [ -118.349644, 34.088938 ], [ -118.348704, 34.08893 ], [ -118.348663, 34.08893 ], [ -118.34623, 34.08891 ], [ -118.346156, 34.088909 ], [ -118.344059, 34.088893 ], [ -118.344005, 34.088894 ], [ -118.343393, 34.088895 ], [ -118.343388, 34.088928 ], [ -118.34339, 34.090168 ], [ -118.343401, 34.090185 ], [ -118.343401, 34.090205 ], [ -118.343401, 34.090215 ], [ -118.34338, 34.090221 ], [ -118.34338, 34.090699 ], [ -118.343381, 34.092567 ], [ -118.343382, 34.094328 ], [ -118.344086, 34.094327 ], [ -118.344627, 34.09433 ], [ -118.345172, 34.094335 ], [ -118.346234, 34.094343 ], [ -118.347158, 34.09435 ], [ -118.347906, 34.094356 ], [ -118.348321, 34.094359 ], [ -118.349104, 34.094365 ], [ -118.349537, 34.094368 ], [ -118.350073, 34.094372 ], [ -118.35063, 34.094376 ], [ -118.351728, 34.094385 ], [ -118.352818, 34.094393 ], [ -118.353908, 34.094401 ], [ -118.354595, 34.094406 ], [ -118.354998, 34.094409 ], [ -118.355061, 34.094409 ], [ -118.356032, 34.094416 ], [ -118.356664, 34.09442 ], [ -118.357076, 34.094423 ], [ -118.358166, 34.094431 ], [ -118.359256, 34.094439 ], [ -118.360347, 34.094446 ], [ -118.361542, 34.094455 ], [ -118.361541, 34.094535 ], [ -118.361641, 34.094536 ], [ -118.361652, 34.097178 ], [ -118.363006, 34.097159 ], [ -118.364458, 34.097139 ], [ -118.365946, 34.097119 ], [ -118.366721, 34.097108 ], [ -118.36672, 34.096888 ], [ -118.367341, 34.096879 ], [ -118.367342, 34.097098 ], [ -118.367421, 34.097097 ], [ -118.368168, 34.097087 ], [ -118.36817, 34.097724 ], [ -118.368184, 34.097839 ], [ -118.368202, 34.09798 ], [ -118.36874, 34.097972 ], [ -118.368961, 34.09781 ], [ -118.369614, 34.09733 ], [ -118.369799, 34.097213 ], [ -118.369992, 34.097107 ], [ -118.370143, 34.097035 ], [ -118.370488, 34.096892 ], [ -118.371397, 34.096515 ], [ -118.37154, 34.096445 ], [ -118.371574, 34.096428 ], [ -118.371736, 34.09633 ], [ -118.371892, 34.096219 ], [ -118.372035, 34.096097 ], [ -118.372243, 34.095901 ], [ -118.372352, 34.095815 ], [ -118.372472, 34.09574 ], [ -118.3726, 34.095676 ], [ -118.372736, 34.095623 ], [ -118.372853, 34.095588 ], [ -118.373898, 34.095353 ], [ -118.374645, 34.095185 ], [ -118.374801, 34.095156 ], [ -118.375053, 34.095093 ], [ -118.375391, 34.095016 ], [ -118.376577, 34.09475 ], [ -118.377385, 34.094212 ], [ -118.378565, 34.093427 ], [ -118.379107, 34.093066 ], [ -118.379297, 34.092955 ], [ -118.379488, 34.092858 ], [ -118.379881, 34.092683 ], [ -118.381181, 34.092104 ], [ -118.381182, 34.09271 ], [ -118.381183, 34.093323 ], [ -118.383369, 34.093327 ], [ -118.38337, 34.093724 ], [ -118.384378, 34.093722 ], [ -118.38446, 34.093587 ], [ -118.385038, 34.093588 ], [ -118.385038, 34.093558 ], [ -118.385036, 34.093202 ], [ -118.38553, 34.093203 ], [ -118.385529, 34.092915 ], [ -118.385528, 34.092763 ], [ -118.385556, 34.092791 ], [ -118.385706, 34.092942 ], [ -118.385838, 34.092867 ], [ -118.385896, 34.092822 ], [ -118.385941, 34.092768 ], [ -118.385971, 34.092702 ], [ -118.385987, 34.092606 ], [ -118.385996, 34.092574 ], [ -118.386021, 34.092536 ], [ -118.386051, 34.092512 ], [ -118.386047, 34.092464 ], [ -118.38604, 34.091036 ], [ -118.386561, 34.091039 ], [ -118.388657, 34.091052 ], [ -118.389742, 34.091051 ], [ -118.391442, 34.09105 ], [ -118.392679, 34.091049 ], [ -118.393141, 34.09105 ], [ -118.393954, 34.091051 ], [ -118.394545, 34.091065 ], [ -118.39485, 34.091053 ], [ -118.395343, 34.091054 ], [ -118.395844, 34.091055 ], [ -118.39585, 34.093402 ], [ -118.395853, 34.09435 ], [ -118.395907, 34.094941 ], [ -118.395914, 34.095013 ], [ -118.395933, 34.095009 ], [ -118.395974, 34.095004 ], [ -118.396031, 34.095013 ], [ -118.396077, 34.095034 ], [ -118.396112, 34.095066 ], [ -118.396134, 34.095106 ], [ -118.396143, 34.095134 ], [ -118.396154, 34.095163 ], [ -118.396354, 34.095097 ], [ -118.396449, 34.095065 ], [ -118.396504, 34.095066 ], [ -118.396506, 34.096182 ], [ -118.395867, 34.096177 ], [ -118.395412, 34.096173 ], [ -118.395307, 34.096259 ], [ -118.394681, 34.096769 ], [ -118.392557, 34.098499 ], [ -118.392589, 34.098666 ], [ -118.392105, 34.099059 ], [ -118.392084, 34.099054 ], [ -118.392081, 34.099794 ], [ -118.392079, 34.100474 ], [ -118.392072, 34.102547 ], [ -118.392064, 34.105077 ], [ -118.392072, 34.105094 ], [ -118.392081, 34.105412 ], [ -118.392085, 34.105547 ], [ -118.392099, 34.106052 ], [ -118.3921, 34.10608 ], [ -118.392125, 34.106092 ], [ -118.392169, 34.106104 ], [ -118.392244, 34.106133 ], [ -118.392285, 34.106153 ], [ -118.392321, 34.106179 ], [ -118.392342, 34.106207 ], [ -118.392363, 34.106246 ], [ -118.392374, 34.106284 ], [ -118.392381, 34.106313 ], [ -118.392164, 34.106449 ], [ -118.391889, 34.106636 ], [ -118.391563, 34.107079 ], [ -118.391315, 34.107417 ], [ -118.391332, 34.107511 ], [ -118.39136, 34.107665 ], [ -118.391241, 34.10796 ], [ -118.391115, 34.108267 ], [ -118.390958, 34.108542 ], [ -118.390791, 34.108836 ], [ -118.390574, 34.109203 ], [ -118.390638, 34.109566 ], [ -118.39114, 34.112423 ], [ -118.391583, 34.112426 ], [ -118.39231, 34.112432 ], [ -118.393106, 34.112427 ], [ -118.394892, 34.112415 ], [ -118.394971, 34.112414 ], [ -118.395856, 34.112414 ], [ -118.396584, 34.112414 ], [ -118.396579, 34.111644 ], [ -118.396707, 34.111651 ], [ -118.397202, 34.111619 ], [ -118.397641, 34.111588 ], [ -118.397686, 34.111582 ], [ -118.397958, 34.111523 ], [ -118.398094, 34.111492 ], [ -118.398438, 34.111499 ], [ -118.399203, 34.111487 ], [ -118.39968, 34.111113 ], [ -118.399778, 34.111054 ], [ -118.399884, 34.111005 ], [ -118.400057, 34.110941 ], [ -118.400073, 34.110935 ], [ -118.400051, 34.11091 ], [ -118.398672, 34.108752 ], [ -118.401038, 34.108744 ], [ -118.401038, 34.108733 ], [ -118.401013, 34.10632 ], [ -118.40096, 34.101025 ], [ -118.400928, 34.097898 ], [ -118.400911, 34.096302 ], [ -118.4009, 34.095129 ], [ -118.40089, 34.094207 ], [ -118.400888, 34.093994 ], [ -118.400979, 34.093962 ], [ -118.401226, 34.093875 ], [ -118.401274, 34.093884 ], [ -118.401294, 34.093856 ], [ -118.401322, 34.093839 ], [ -118.401361, 34.093833 ], [ -118.401399, 34.09384 ], [ -118.401428, 34.093861 ], [ -118.401444, 34.093885 ], [ -118.401548, 34.09416 ], [ -118.401572, 34.094186 ], [ -118.401608, 34.094204 ], [ -118.401643, 34.094209 ], [ -118.401677, 34.094205 ], [ -118.401734, 34.094182 ], [ -118.401791, 34.094142 ], [ -118.401835, 34.094092 ], [ -118.401935, 34.093913 ], [ -118.401989, 34.09385 ], [ -118.402064, 34.093791 ], [ -118.402133, 34.093753 ], [ -118.402218, 34.093721 ], [ -118.402281, 34.093707 ], [ -118.402303, 34.093704 ], [ -118.402315, 34.093681 ], [ -118.402345, 34.093661 ], [ -118.40238, 34.093656 ], [ -118.402419, 34.093667 ], [ -118.403122, 34.094304 ], [ -118.40419, 34.095274 ], [ -118.404479, 34.095536 ], [ -118.40532, 34.0963 ], [ -118.405325, 34.096606 ], [ -118.40533, 34.096866 ], [ -118.405354, 34.098275 ], [ -118.405376, 34.099482 ], [ -118.40541, 34.101461 ], [ -118.406201, 34.101458 ], [ -118.407125, 34.101473 ], [ -118.407233, 34.101489 ], [ -118.407327, 34.101488 ], [ -118.407425, 34.101489 ], [ -118.40826, 34.101502 ], [ -118.408694, 34.101508 ], [ -118.408697, 34.101363 ], [ -118.408666, 34.101363 ], [ -118.408628, 34.10102 ], [ -118.408624, 34.100982 ], [ -118.40867, 34.100754 ], [ -118.408723, 34.10066 ], [ -118.408751, 34.100613 ], [ -118.408784, 34.100538 ], [ -118.408809, 34.100392 ], [ -118.408984, 34.100266 ], [ -118.409038, 34.100214 ], [ -118.409058, 34.100156 ], [ -118.409051, 34.100069 ], [ -118.408983, 34.09987 ], [ -118.408938, 34.099713 ], [ -118.408929, 34.099435 ], [ -118.408964, 34.099249 ], [ -118.408973, 34.099225 ], [ -118.409013, 34.099085 ], [ -118.409005, 34.099001 ], [ -118.408923, 34.098822 ], [ -118.408893, 34.098691 ], [ -118.40889, 34.098679 ], [ -118.408887, 34.098666 ], [ -118.408877, 34.098631 ], [ -118.408871, 34.098588 ], [ -118.408871, 34.098545 ], [ -118.408884, 34.098342 ], [ -118.408896, 34.098161 ], [ -118.408899, 34.098142 ], [ -118.408904, 34.098112 ], [ -118.40891, 34.098093 ], [ -118.408914, 34.098083 ], [ -118.408934, 34.098021 ], [ -118.40895, 34.097976 ], [ -118.408987, 34.097929 ], [ -118.409035, 34.097855 ], [ -118.409061, 34.09781 ], [ -118.409091, 34.097746 ], [ -118.409108, 34.097688 ], [ -118.4091, 34.097643 ], [ -118.409085, 34.097617 ], [ -118.409059, 34.097591 ], [ -118.409067, 34.097554 ], [ -118.408816, 34.097357 ], [ -118.408734, 34.097273 ], [ -118.408641, 34.097147 ], [ -118.408892, 34.097119 ], [ -118.409054, 34.09657 ], [ -118.409186, 34.096429 ], [ -118.409266, 34.096343 ], [ -118.409374, 34.096228 ], [ -118.409429, 34.096211 ], [ -118.409466, 34.096185 ], [ -118.409494, 34.09615 ], [ -118.409505, 34.096113 ], [ -118.409501, 34.096075 ], [ -118.409481, 34.096038 ], [ -118.409419, 34.09594 ], [ -118.409391, 34.095885 ], [ -118.40925, 34.095604 ], [ -118.409209, 34.095555 ], [ -118.40919, 34.095538 ], [ -118.40944, 34.094859 ], [ -118.409626, 34.094704 ], [ -118.411471, 34.093496 ], [ -118.41164, 34.09311 ], [ -118.411725, 34.092549 ], [ -118.411758, 34.092321 ], [ -118.411751, 34.09225 ], [ -118.411883, 34.092244 ], [ -118.41191, 34.092367 ], [ -118.411969, 34.092479 ], [ -118.412131, 34.092626 ], [ -118.412306, 34.092712 ], [ -118.412348, 34.092734 ], [ -118.412454, 34.092798 ], [ -118.412534, 34.092856 ], [ -118.412609, 34.092917 ], [ -118.412695, 34.093 ], [ -118.413077, 34.093415 ], [ -118.413172, 34.093501 ], [ -118.413382, 34.093674 ], [ -118.41346, 34.093743 ], [ -118.413831, 34.094096 ], [ -118.413874, 34.094149 ], [ -118.413917, 34.094226 ], [ -118.413934, 34.094268 ], [ -118.414346, 34.094264 ], [ -118.414821, 34.094265 ], [ -118.416512, 34.094266 ], [ -118.417254, 34.094267 ], [ -118.41895, 34.094269 ], [ -118.420182, 34.09427 ], [ -118.420426, 34.094266 ], [ -118.42069, 34.094271 ], [ -118.42167, 34.094272 ], [ -118.422294, 34.094273 ], [ -118.42274, 34.094315 ], [ -118.422762, 34.093954 ], [ -118.422755, 34.093528 ], [ -118.422759, 34.093348 ], [ -118.422754, 34.093215 ], [ -118.422679, 34.093156 ], [ -118.422656, 34.090643 ], [ -118.422685, 34.090643 ], [ -118.422906, 34.090642 ], [ -118.422972, 34.090642 ], [ -118.422979, 34.090632 ], [ -118.423003, 34.090624 ], [ -118.423044, 34.090598 ], [ -118.423075, 34.090562 ], [ -118.423318, 34.090535 ], [ -118.423592, 34.090505 ], [ -118.423648, 34.090438 ], [ -118.423692, 34.090411 ], [ -118.423738, 34.090399 ], [ -118.423808, 34.090401 ], [ -118.423879, 34.090415 ], [ -118.423949, 34.090444 ], [ -118.423979, 34.090462 ], [ -118.424098, 34.090449 ], [ -118.424129, 34.090544 ], [ -118.424145, 34.090639 ], [ -118.4245, 34.090638 ], [ -118.426385, 34.090633 ], [ -118.427041, 34.090631 ], [ -118.427035, 34.090076 ], [ -118.427031, 34.089684 ], [ -118.427028, 34.089372 ], [ -118.426991, 34.085864 ], [ -118.426973, 34.084124 ], [ -118.426968, 34.083614 ], [ -118.426962, 34.083044 ] ], [ [ -118.417404, 34.105979 ], [ -118.417408, 34.105718 ], [ -118.417411, 34.105549 ], [ -118.417413, 34.105518 ], [ -118.417458, 34.105199 ], [ -118.417423, 34.105199 ], [ -118.41739, 34.105199 ], [ -118.416384, 34.105203 ], [ -118.415695, 34.105206 ], [ -118.415009, 34.105208 ], [ -118.414909, 34.105208 ], [ -118.414029, 34.105212 ], [ -118.409751, 34.105152 ], [ -118.40974, 34.107728 ], [ -118.409735, 34.108854 ], [ -118.410059, 34.108858 ], [ -118.410489, 34.108864 ], [ -118.410676, 34.108867 ], [ -118.411809, 34.108883 ], [ -118.411789, 34.110697 ], [ -118.413969, 34.110727 ], [ -118.414117, 34.110739 ], [ -118.414075, 34.111985 ], [ -118.415061, 34.111973 ], [ -118.415145, 34.111972 ], [ -118.415869, 34.111964 ], [ -118.415868, 34.112016 ], [ -118.415877, 34.112044 ], [ -118.415887, 34.112074 ], [ -118.415921, 34.11212 ], [ -118.415997, 34.112188 ], [ -118.416033, 34.11224 ], [ -118.416057, 34.112302 ], [ -118.416063, 34.112366 ], [ -118.416043, 34.112481 ], [ -118.416041, 34.112494 ], [ -118.416041, 34.112512 ], [ -118.416074, 34.112514 ], [ -118.416136, 34.112511 ], [ -118.416628, 34.112506 ], [ -118.416709, 34.112505 ], [ -118.417491, 34.112497 ], [ -118.417497, 34.111985 ], [ -118.417542, 34.107897 ], [ -118.417548, 34.107885 ], [ -118.417582, 34.107788 ], [ -118.417594, 34.107708 ], [ -118.41759, 34.107556 ], [ -118.4176, 34.107241 ], [ -118.417598, 34.10717 ], [ -118.41757, 34.107031 ], [ -118.417553, 34.106936 ], [ -118.417525, 34.106769 ], [ -118.417441, 34.106459 ], [ -118.417425, 34.106382 ], [ -118.417404, 34.105979 ] ], [ [ -118.357668, 34.07612 ], [ -118.358372, 34.076118 ], [ -118.358352, 34.075678 ], [ -118.357562, 34.075686 ], [ -118.357562, 34.07573 ], [ -118.357562, 34.075984 ], [ -118.357561, 34.076076 ], [ -118.357561, 34.076121 ], [ -118.357668, 34.07612 ] ], [ [ -118.551523, 34.043709 ], [ -118.551603, 34.043742 ], [ -118.551669, 34.043793 ], [ -118.551702, 34.043842 ], [ -118.551768, 34.043913 ], [ -118.55182, 34.043951 ], [ -118.55188, 34.04398 ], [ -118.551952, 34.043983 ], [ -118.552018, 34.043969 ], [ -118.552098, 34.043914 ], [ -118.55217, 34.04382 ], [ -118.552223, 34.043705 ], [ -118.552236, 34.04361 ], [ -118.552243, 34.043501 ], [ -118.552231, 34.043493 ], [ -118.551992, 34.043324 ], [ -118.55184, 34.043286 ], [ -118.551675, 34.043281 ], [ -118.551517, 34.043391 ], [ -118.551418, 34.043505 ], [ -118.551391, 34.043582 ], [ -118.551523, 34.043709 ] ], [ [ -118.522564, 34.056763 ], [ -118.522458, 34.056769 ], [ -118.522412, 34.05679 ], [ -118.522396, 34.056816 ], [ -118.522366, 34.056863 ], [ -118.522412, 34.05727 ], [ -118.522478, 34.057605 ], [ -118.522524, 34.057697 ], [ -118.522583, 34.057764 ], [ -118.522656, 34.057793 ], [ -118.522821, 34.057736 ], [ -118.522808, 34.057604 ], [ -118.522676, 34.056807 ], [ -118.52265, 34.05678 ], [ -118.522564, 34.056763 ] ], [ [ -118.56841, 34.07367 ], [ -118.568535, 34.073709 ], [ -118.568648, 34.073725 ], [ -118.5688, 34.073741 ], [ -118.569037, 34.073754 ], [ -118.569156, 34.073714 ], [ -118.569282, 34.073659 ], [ -118.569388, 34.073567 ], [ -118.56946, 34.073462 ], [ -118.569546, 34.073324 ], [ -118.569652, 34.073138 ], [ -118.569929, 34.072688 ], [ -118.569975, 34.072473 ], [ -118.569962, 34.07234 ], [ -118.569942, 34.072257 ], [ -118.569883, 34.072165 ], [ -118.56981, 34.072099 ], [ -118.569698, 34.072032 ], [ -118.569579, 34.071989 ], [ -118.569467, 34.071968 ], [ -118.569341, 34.071972 ], [ -118.569037, 34.072032 ], [ -118.568773, 34.072076 ], [ -118.568324, 34.072131 ], [ -118.568218, 34.07216 ], [ -118.568159, 34.072203 ], [ -118.567683, 34.072435 ], [ -118.567631, 34.072512 ], [ -118.567598, 34.072594 ], [ -118.567584, 34.072682 ], [ -118.567598, 34.072747 ], [ -118.567716, 34.072928 ], [ -118.568106, 34.073435 ], [ -118.568212, 34.073562 ], [ -118.568285, 34.073622 ], [ -118.56841, 34.07367 ] ], [ [ -118.495579, 34.086535 ], [ -118.495493, 34.086338 ], [ -118.495177, 34.086445 ], [ -118.495341, 34.086658 ], [ -118.495579, 34.086535 ] ], [ [ -118.500839, 34.097049 ], [ -118.500892, 34.097014 ], [ -118.500813, 34.096833 ], [ -118.500793, 34.096657 ], [ -118.500773, 34.09663 ], [ -118.500727, 34.096653 ], [ -118.500687, 34.096697 ], [ -118.500682, 34.096715 ], [ -118.500628, 34.096905 ], [ -118.50078, 34.097059 ], [ -118.500839, 34.097049 ] ], [ [ -118.518928, 34.142185 ], [ -118.518974, 34.142113 ], [ -118.51912, 34.142075 ], [ -118.519265, 34.142119 ], [ -118.519324, 34.142119 ], [ -118.51945, 34.142047 ], [ -118.519695, 34.142069 ], [ -118.519774, 34.142042 ], [ -118.519913, 34.141927 ], [ -118.520085, 34.141872 ], [ -118.520144, 34.141833 ], [ -118.520177, 34.141729 ], [ -118.520184, 34.141531 ], [ -118.520211, 34.141465 ], [ -118.520145, 34.141344 ], [ -118.520059, 34.141102 ], [ -118.519986, 34.141031 ], [ -118.5199, 34.14102 ], [ -118.519622, 34.141097 ], [ -118.519351, 34.14114 ], [ -118.518948, 34.141157 ], [ -118.518598, 34.141113 ], [ -118.518501, 34.141172 ], [ -118.51832, 34.141283 ], [ -118.51789, 34.14136 ], [ -118.517599, 34.141393 ], [ -118.517434, 34.141343 ], [ -118.517348, 34.141261 ], [ -118.517309, 34.1412 ], [ -118.517296, 34.141052 ], [ -118.517302, 34.140991 ], [ -118.517368, 34.140843 ], [ -118.517481, 34.140749 ], [ -118.517488, 34.140711 ], [ -118.517461, 34.140673 ], [ -118.517322, 34.140629 ], [ -118.517249, 34.140629 ], [ -118.517216, 34.140601 ], [ -118.517144, 34.140442 ], [ -118.517117, 34.140293 ], [ -118.517124, 34.140178 ], [ -118.517038, 34.140139 ], [ -118.516516, 34.140189 ], [ -118.51641, 34.140188 ], [ -118.516356, 34.140189 ], [ -118.516133, 34.140188 ], [ -118.515908, 34.140238 ], [ -118.515842, 34.140287 ], [ -118.515861, 34.140353 ], [ -118.515987, 34.140436 ], [ -118.516086, 34.140529 ], [ -118.516172, 34.140826 ], [ -118.516145, 34.140941 ], [ -118.516099, 34.141007 ], [ -118.516007, 34.141068 ], [ -118.515762, 34.141161 ], [ -118.515643, 34.141298 ], [ -118.51555, 34.141364 ], [ -118.515431, 34.141403 ], [ -118.515319, 34.141425 ], [ -118.515193, 34.141408 ], [ -118.514988, 34.141309 ], [ -118.514916, 34.141293 ], [ -118.514836, 34.141304 ], [ -118.514783, 34.141342 ], [ -118.515074, 34.141826 ], [ -118.515114, 34.141941 ], [ -118.515047, 34.142117 ], [ -118.514842, 34.142288 ], [ -118.514756, 34.14243 ], [ -118.514703, 34.14248 ], [ -118.514598, 34.142502 ], [ -118.514406, 34.142474 ], [ -118.514373, 34.142562 ], [ -118.514426, 34.142793 ], [ -118.514399, 34.142897 ], [ -118.51434, 34.142969 ], [ -118.513771, 34.143189 ], [ -118.513639, 34.143172 ], [ -118.513143, 34.142985 ], [ -118.513011, 34.142902 ], [ -118.512912, 34.142886 ], [ -118.512832, 34.142935 ], [ -118.512786, 34.143205 ], [ -118.512726, 34.143342 ], [ -118.512561, 34.143567 ], [ -118.512442, 34.143644 ], [ -118.512131, 34.143683 ], [ -118.511801, 34.143682 ], [ -118.511708, 34.143649 ], [ -118.511662, 34.143622 ], [ -118.51155, 34.143452 ], [ -118.511457, 34.143374 ], [ -118.511047, 34.143253 ], [ -118.510995, 34.143209 ], [ -118.510935, 34.142907 ], [ -118.510889, 34.142874 ], [ -118.510777, 34.142726 ], [ -118.510625, 34.142676 ], [ -118.510426, 34.142692 ], [ -118.510122, 34.14261 ], [ -118.509898, 34.142522 ], [ -118.509812, 34.142428 ], [ -118.509772, 34.142214 ], [ -118.509785, 34.142099 ], [ -118.509752, 34.142 ], [ -118.5097, 34.141961 ], [ -118.509528, 34.141906 ], [ -118.509429, 34.141835 ], [ -118.509356, 34.141829 ], [ -118.509204, 34.14189 ], [ -118.509131, 34.14195 ], [ -118.509052, 34.142126 ], [ -118.508979, 34.142175 ], [ -118.508648, 34.142367 ], [ -118.508337, 34.142428 ], [ -118.508212, 34.142532 ], [ -118.508212, 34.142587 ], [ -118.508284, 34.142609 ], [ -118.508562, 34.142653 ], [ -118.508701, 34.142725 ], [ -118.508793, 34.142785 ], [ -118.508873, 34.142879 ], [ -118.508892, 34.142994 ], [ -118.508859, 34.143176 ], [ -118.50882, 34.143247 ], [ -118.508872, 34.14339 ], [ -118.508872, 34.143549 ], [ -118.508833, 34.14361 ], [ -118.508753, 34.143665 ], [ -118.508674, 34.14378 ], [ -118.508482, 34.143906 ], [ -118.508277, 34.144126 ], [ -118.508264, 34.144192 ], [ -118.508283, 34.144231 ], [ -118.508317, 34.144231 ], [ -118.50866, 34.144137 ], [ -118.50876, 34.144121 ], [ -118.508878, 34.144148 ], [ -118.509017, 34.144247 ], [ -118.509295, 34.144726 ], [ -118.50938, 34.144852 ], [ -118.509513, 34.144962 ], [ -118.509592, 34.14499 ], [ -118.509698, 34.145001 ], [ -118.509903, 34.144979 ], [ -118.510015, 34.14499 ], [ -118.510154, 34.14505 ], [ -118.510174, 34.145122 ], [ -118.510101, 34.145243 ], [ -118.509969, 34.145364 ], [ -118.509902, 34.145485 ], [ -118.509836, 34.145523 ], [ -118.509677, 34.14577 ], [ -118.509261, 34.146012 ], [ -118.509003, 34.146226 ], [ -118.508844, 34.146435 ], [ -118.508771, 34.146638 ], [ -118.508778, 34.146787 ], [ -118.50885, 34.146941 ], [ -118.509002, 34.147056 ], [ -118.509181, 34.147133 ], [ -118.509822, 34.147227 ], [ -118.510007, 34.147298 ], [ -118.510139, 34.14737 ], [ -118.510344, 34.147529 ], [ -118.510496, 34.147595 ], [ -118.510708, 34.147771 ], [ -118.510893, 34.147854 ], [ -118.511064, 34.147892 ], [ -118.512915, 34.148093 ], [ -118.515943, 34.148422 ], [ -118.516135, 34.148466 ], [ -118.516247, 34.148477 ], [ -118.516452, 34.148417 ], [ -118.516975, 34.148098 ], [ -118.517255, 34.14798 ], [ -118.517702, 34.147791 ], [ -118.517874, 34.147675 ], [ -118.517973, 34.147576 ], [ -118.517967, 34.147532 ], [ -118.517841, 34.147411 ], [ -118.517782, 34.14734 ], [ -118.517663, 34.147038 ], [ -118.51761, 34.146966 ], [ -118.517458, 34.146878 ], [ -118.517213, 34.14679 ], [ -118.517101, 34.146719 ], [ -118.516975, 34.146587 ], [ -118.516956, 34.146526 ], [ -118.516969, 34.146411 ], [ -118.516995, 34.146345 ], [ -118.517075, 34.146268 ], [ -118.517121, 34.146152 ], [ -118.517148, 34.145993 ], [ -118.517174, 34.145955 ], [ -118.517346, 34.1459 ], [ -118.517439, 34.145889 ], [ -118.51763, 34.145922 ], [ -118.517776, 34.145883 ], [ -118.518014, 34.145669 ], [ -118.518239, 34.145526 ], [ -118.518265, 34.145466 ], [ -118.518325, 34.145422 ], [ -118.518364, 34.145422 ], [ -118.518507, 34.145486 ], [ -118.518708, 34.145576 ], [ -118.518814, 34.145713 ], [ -118.518886, 34.145933 ], [ -118.518913, 34.145939 ], [ -118.518933, 34.145922 ], [ -118.518953, 34.145829 ], [ -118.519019, 34.14573 ], [ -118.519045, 34.145708 ], [ -118.519124, 34.145691 ], [ -118.519177, 34.145708 ], [ -118.519243, 34.145796 ], [ -118.519362, 34.145878 ], [ -118.519415, 34.145972 ], [ -118.519402, 34.146093 ], [ -118.519415, 34.146126 ], [ -118.519448, 34.14612 ], [ -118.519521, 34.14601 ], [ -118.519607, 34.145977 ], [ -118.5197, 34.145994 ], [ -118.51977, 34.146074 ], [ -118.519792, 34.146076 ], [ -118.519805, 34.146016 ], [ -118.519785, 34.145928 ], [ -118.519627, 34.145862 ], [ -118.519594, 34.145829 ], [ -118.519574, 34.145719 ], [ -118.519534, 34.145642 ], [ -118.519396, 34.145593 ], [ -118.519263, 34.145422 ], [ -118.519224, 34.145395 ], [ -118.519098, 34.145367 ], [ -118.518986, 34.145285 ], [ -118.518966, 34.145219 ], [ -118.518979, 34.145164 ], [ -118.519158, 34.145059 ], [ -118.519184, 34.145004 ], [ -118.519151, 34.144977 ], [ -118.519059, 34.144982 ], [ -118.518979, 34.144944 ], [ -118.518788, 34.144966 ], [ -118.518722, 34.144949 ], [ -118.518506, 34.14477 ], [ -118.51849, 34.144757 ], [ -118.517929, 34.144438 ], [ -118.517856, 34.144377 ], [ -118.517823, 34.144311 ], [ -118.517896, 34.144168 ], [ -118.517843, 34.144086 ], [ -118.517565, 34.143954 ], [ -118.517433, 34.143849 ], [ -118.517407, 34.143784 ], [ -118.517413, 34.143399 ], [ -118.517473, 34.143217 ], [ -118.517638, 34.14314 ], [ -118.517896, 34.143047 ], [ -118.517923, 34.142976 ], [ -118.517936, 34.142877 ], [ -118.517976, 34.142849 ], [ -118.518062, 34.142855 ], [ -118.518266, 34.14291 ], [ -118.518339, 34.142904 ], [ -118.518379, 34.142877 ], [ -118.518412, 34.142811 ], [ -118.518379, 34.14252 ], [ -118.518445, 34.142393 ], [ -118.518445, 34.142283 ], [ -118.518502, 34.142231 ], [ -118.518518, 34.142217 ], [ -118.518597, 34.142212 ], [ -118.518802, 34.142284 ], [ -118.518895, 34.142295 ], [ -118.518928, 34.142185 ] ], [ [ -118.499325, 34.159357 ], [ -118.499139, 34.159368 ], [ -118.498842, 34.159467 ], [ -118.498763, 34.15955 ], [ -118.49873, 34.159671 ], [ -118.498756, 34.159759 ], [ -118.498789, 34.159778 ], [ -118.498842, 34.159808 ], [ -118.499008, 34.159847 ], [ -118.49916, 34.159819 ], [ -118.499232, 34.15977 ], [ -118.499331, 34.159555 ], [ -118.499437, 34.159511 ], [ -118.499437, 34.159412 ], [ -118.499417, 34.159379 ], [ -118.499325, 34.159357 ] ], [ [ -118.496498, 34.182064 ], [ -118.49604, 34.182519 ], [ -118.495628, 34.18305 ], [ -118.495582, 34.183618 ], [ -118.496223, 34.184225 ], [ -118.496681, 34.184187 ], [ -118.496819, 34.183581 ], [ -118.49691, 34.182822 ], [ -118.497643, 34.183012 ], [ -118.497769, 34.183125 ], [ -118.498193, 34.183505 ], [ -118.498834, 34.183732 ], [ -118.4992, 34.183012 ], [ -118.498788, 34.182178 ], [ -118.499109, 34.181609 ], [ -118.498792, 34.180942 ], [ -118.498467, 34.181647 ], [ -118.497872, 34.181457 ], [ -118.497785, 34.181251 ], [ -118.497506, 34.180585 ], [ -118.496865, 34.180699 ], [ -118.496223, 34.180547 ], [ -118.495949, 34.179865 ], [ -118.495216, 34.179903 ], [ -118.495124, 34.18032 ], [ -118.494987, 34.180585 ], [ -118.495216, 34.180775 ], [ -118.494987, 34.181192 ], [ -118.49517, 34.181647 ], [ -118.495903, 34.181647 ], [ -118.496452, 34.181609 ], [ -118.496498, 34.182064 ] ], [ [ -118.488981, 34.187262 ], [ -118.48916, 34.187394 ], [ -118.489206, 34.187482 ], [ -118.489279, 34.187493 ], [ -118.489305, 34.187174 ], [ -118.489246, 34.187108 ], [ -118.489094, 34.187108 ], [ -118.489071, 34.187119 ], [ -118.489001, 34.187153 ], [ -118.488981, 34.187262 ] ], [ [ -118.48883, 34.189104 ], [ -118.48889, 34.189115 ], [ -118.489082, 34.188988 ], [ -118.489055, 34.1889 ], [ -118.488956, 34.188818 ], [ -118.488903, 34.188719 ], [ -118.488823, 34.188653 ], [ -118.488764, 34.188664 ], [ -118.488737, 34.188719 ], [ -118.488804, 34.188997 ], [ -118.48883, 34.189104 ] ], [ [ -118.488758, 34.189791 ], [ -118.488474, 34.189846 ], [ -118.488624, 34.190113 ], [ -118.488672, 34.190198 ], [ -118.488785, 34.190132 ], [ -118.488798, 34.190044 ], [ -118.488732, 34.18995 ], [ -118.488758, 34.189791 ] ], [ [ -118.488668, 34.193243 ], [ -118.488654, 34.193133 ], [ -118.488489, 34.193072 ], [ -118.48835, 34.193083 ], [ -118.488251, 34.193155 ], [ -118.488297, 34.193386 ], [ -118.488337, 34.193441 ], [ -118.488403, 34.193479 ], [ -118.488476, 34.193463 ], [ -118.488489, 34.193375 ], [ -118.488641, 34.19332 ], [ -118.488668, 34.193243 ] ], [ [ -118.629384, 34.222043 ], [ -118.629329, 34.222097 ], [ -118.62931, 34.222189 ], [ -118.629319, 34.222322 ], [ -118.629342, 34.222428 ], [ -118.629406, 34.222558 ], [ -118.629452, 34.22271 ], [ -118.629489, 34.222756 ], [ -118.629576, 34.222791 ], [ -118.629759, 34.222836 ], [ -118.63002, 34.222879 ], [ -118.630351, 34.222951 ], [ -118.630525, 34.222993 ], [ -118.63052, 34.222955 ], [ -118.630451, 34.222829 ], [ -118.63036, 34.222624 ], [ -118.630305, 34.22244 ], [ -118.630292, 34.222155 ], [ -118.63026, 34.222094 ], [ -118.630177, 34.222013 ], [ -118.630058, 34.221968 ], [ -118.629893, 34.221941 ], [ -118.629713, 34.221956 ], [ -118.629599, 34.221976 ], [ -118.629508, 34.221994 ], [ -118.629384, 34.222043 ] ], [ [ -118.644315, 34.229396 ], [ -118.644308, 34.229522 ], [ -118.644282, 34.229791 ], [ -118.644222, 34.230006 ], [ -118.644136, 34.230346 ], [ -118.644096, 34.230566 ], [ -118.644123, 34.230616 ], [ -118.644248, 34.230643 ], [ -118.644328, 34.230621 ], [ -118.644467, 34.230489 ], [ -118.644613, 34.230292 ], [ -118.644738, 34.230066 ], [ -118.644791, 34.229912 ], [ -118.644798, 34.229649 ], [ -118.644758, 34.22944 ], [ -118.644686, 34.229304 ], [ -118.644633, 34.229203 ], [ -118.644487, 34.22917 ], [ -118.644362, 34.229264 ], [ -118.644315, 34.229396 ] ], [ [ -118.627759, 34.238496 ], [ -118.627807, 34.2384 ], [ -118.627816, 34.238295 ], [ -118.627807, 34.238181 ], [ -118.627788, 34.238019 ], [ -118.627769, 34.237828 ], [ -118.627807, 34.237628 ], [ -118.627874, 34.237494 ], [ -118.627959, 34.237399 ], [ -118.628198, 34.237313 ], [ -118.628322, 34.237266 ], [ -118.628503, 34.237208 ], [ -118.628541, 34.23717 ], [ -118.628541, 34.237151 ], [ -118.628531, 34.237132 ], [ -118.628484, 34.237132 ], [ -118.628427, 34.237151 ], [ -118.628245, 34.237189 ], [ -118.628074, 34.237247 ], [ -118.627788, 34.23739 ], [ -118.627502, 34.237552 ], [ -118.627187, 34.237733 ], [ -118.62691, 34.237924 ], [ -118.626739, 34.238048 ], [ -118.626605, 34.238114 ], [ -118.6265, 34.238152 ], [ -118.626443, 34.238219 ], [ -118.626415, 34.238267 ], [ -118.626405, 34.238343 ], [ -118.626453, 34.238467 ], [ -118.626529, 34.238572 ], [ -118.626615, 34.23861 ], [ -118.62692, 34.23862 ], [ -118.627168, 34.238581 ], [ -118.627492, 34.238591 ], [ -118.627673, 34.238572 ], [ -118.627759, 34.238496 ] ], [ [ -118.624183, 34.239173 ], [ -118.624174, 34.239297 ], [ -118.624193, 34.239449 ], [ -118.624212, 34.239506 ], [ -118.624269, 34.239545 ], [ -118.624336, 34.239535 ], [ -118.624498, 34.23944 ], [ -118.624832, 34.239325 ], [ -118.625051, 34.23922 ], [ -118.625442, 34.239106 ], [ -118.625614, 34.239049 ], [ -118.62569, 34.239011 ], [ -118.6257, 34.238963 ], [ -118.625671, 34.23882 ], [ -118.625642, 34.238639 ], [ -118.625595, 34.238534 ], [ -118.625566, 34.238496 ], [ -118.62549, 34.238486 ], [ -118.625404, 34.238524 ], [ -118.625261, 34.238562 ], [ -118.625213, 34.238562 ], [ -118.625194, 34.238543 ], [ -118.625204, 34.238534 ], [ -118.625232, 34.238467 ], [ -118.625003, 34.238515 ], [ -118.62487, 34.23862 ], [ -118.624727, 34.238763 ], [ -118.624622, 34.238839 ], [ -118.62447, 34.238915 ], [ -118.624241, 34.239077 ], [ -118.624183, 34.239173 ] ], [ [ -118.547083, 34.240421 ], [ -118.547141, 34.240297 ], [ -118.547208, 34.240105 ], [ -118.547361, 34.239667 ], [ -118.547373, 34.239632 ], [ -118.547473, 34.239247 ], [ -118.547476, 34.239108 ], [ -118.547492, 34.238543 ], [ -118.547598, 34.237911 ], [ -118.547585, 34.237268 ], [ -118.547651, 34.236691 ], [ -118.547718, 34.235509 ], [ -118.547718, 34.235486 ], [ -118.547705, 34.234872 ], [ -118.547632, 34.234179 ], [ -118.547516, 34.233733 ], [ -118.547308, 34.233322 ], [ -118.547215, 34.233366 ], [ -118.54725, 34.233507 ], [ -118.547268, 34.23358 ], [ -118.547335, 34.233688 ], [ -118.547453, 34.233877 ], [ -118.547566, 34.234723 ], [ -118.547599, 34.235334 ], [ -118.547595, 34.235486 ], [ -118.547572, 34.236372 ], [ -118.547493, 34.237032 ], [ -118.547479, 34.237889 ], [ -118.547426, 34.238164 ], [ -118.547342, 34.239109 ], [ -118.547314, 34.239417 ], [ -118.547208, 34.239714 ], [ -118.546969, 34.240385 ], [ -118.546367, 34.241467 ], [ -118.546215, 34.241838 ], [ -118.546129, 34.24205 ], [ -118.545742, 34.242746 ], [ -118.54581, 34.242746 ], [ -118.545694, 34.242948 ], [ -118.545467, 34.243379 ], [ -118.545129, 34.243731 ], [ -118.545099, 34.243763 ], [ -118.54483, 34.243961 ], [ -118.544828, 34.243921 ], [ -118.544136, 34.244303 ], [ -118.543309, 34.244809 ], [ -118.542746, 34.24504 ], [ -118.54172, 34.245551 ], [ -118.541396, 34.245732 ], [ -118.541177, 34.245897 ], [ -118.540461, 34.246527 ], [ -118.539913, 34.24701 ], [ -118.539748, 34.247155 ], [ -118.539469, 34.247436 ], [ -118.538217, 34.248521 ], [ -118.538119, 34.248606 ], [ -118.537543, 34.249205 ], [ -118.537358, 34.249452 ], [ -118.537166, 34.249826 ], [ -118.537019, 34.249995 ], [ -118.537004, 34.25001 ], [ -118.536917, 34.250082 ], [ -118.536804, 34.250198 ], [ -118.536261, 34.250555 ], [ -118.536093, 34.250569 ], [ -118.535725, 34.250599 ], [ -118.534845, 34.250698 ], [ -118.534759, 34.250703 ], [ -118.534295, 34.250774 ], [ -118.533885, 34.251011 ], [ -118.533713, 34.251121 ], [ -118.532422, 34.252181 ], [ -118.531833, 34.252681 ], [ -118.531078, 34.253291 ], [ -118.530482, 34.25384 ], [ -118.530409, 34.253895 ], [ -118.530197, 34.254154 ], [ -118.530071, 34.254357 ], [ -118.529958, 34.254681 ], [ -118.529843, 34.255131 ], [ -118.52972, 34.25561 ], [ -118.52968, 34.255951 ], [ -118.529488, 34.25705 ], [ -118.529514, 34.257083 ], [ -118.529567, 34.257088 ], [ -118.529607, 34.256951 ], [ -118.529766, 34.256127 ], [ -118.529934, 34.255163 ], [ -118.529958, 34.255027 ], [ -118.530044, 34.254731 ], [ -118.530078, 34.254632 ], [ -118.530243, 34.254297 ], [ -118.530396, 34.254077 ], [ -118.530581, 34.253895 ], [ -118.53115, 34.253373 ], [ -118.531436, 34.253144 ], [ -118.531905, 34.252769 ], [ -118.532448, 34.252302 ], [ -118.532541, 34.25223 ], [ -118.533269, 34.251599 ], [ -118.533918, 34.251088 ], [ -118.534017, 34.251038 ], [ -118.534267, 34.25093 ], [ -118.534348, 34.250895 ], [ -118.534852, 34.250791 ], [ -118.535692, 34.250698 ], [ -118.536093, 34.250679 ], [ -118.536294, 34.25067 ], [ -118.536487, 34.250583 ], [ -118.536738, 34.250346 ], [ -118.536818, 34.250264 ], [ -118.536904, 34.250196 ], [ -118.537117, 34.250031 ], [ -118.537148, 34.25001 ], [ -118.537164, 34.249995 ], [ -118.537311, 34.249804 ], [ -118.537728, 34.249156 ], [ -118.53802, 34.248837 ], [ -118.538629, 34.248326 ], [ -118.539363, 34.247644 ], [ -118.53986, 34.247243 ], [ -118.540461, 34.246684 ], [ -118.540959, 34.246221 ], [ -118.541436, 34.245836 ], [ -118.541707, 34.245677 ], [ -118.542841, 34.245139 ], [ -118.543607, 34.244776 ], [ -118.543454, 34.245545 ], [ -118.543302, 34.246024 ], [ -118.543289, 34.246348 ], [ -118.543024, 34.247442 ], [ -118.54303, 34.247694 ], [ -118.543123, 34.248035 ], [ -118.543606, 34.248766 ], [ -118.543851, 34.249222 ], [ -118.54393, 34.249437 ], [ -118.544047, 34.249993 ], [ -118.544064, 34.249993 ], [ -118.544067, 34.250007 ], [ -118.544084, 34.25017 ], [ -118.544127, 34.25057 ], [ -118.544156, 34.250921 ], [ -118.544178, 34.251178 ], [ -118.544042, 34.251556 ], [ -118.543694, 34.252524 ], [ -118.543661, 34.252596 ], [ -118.5434, 34.253317 ], [ -118.543264, 34.253634 ], [ -118.543039, 34.254003 ], [ -118.542979, 34.254074 ], [ -118.54253, 34.254733 ], [ -118.542019, 34.255503 ], [ -118.541966, 34.255563 ], [ -118.541535, 34.256267 ], [ -118.541317, 34.256679 ], [ -118.541154, 34.257265 ], [ -118.541144, 34.2573 ], [ -118.540505, 34.258996 ], [ -118.540436, 34.25918 ], [ -118.540038, 34.260389 ], [ -118.540005, 34.261186 ], [ -118.539786, 34.261752 ], [ -118.539528, 34.262356 ], [ -118.539448, 34.262724 ], [ -118.539501, 34.262961 ], [ -118.539667, 34.263335 ], [ -118.540064, 34.264055 ], [ -118.540306, 34.264519 ], [ -118.54054, 34.264967 ], [ -118.5406, 34.265127 ], [ -118.540626, 34.265165 ], [ -118.540652, 34.265231 ], [ -118.540765, 34.265715 ], [ -118.540765, 34.265737 ], [ -118.54095, 34.266808 ], [ -118.541142, 34.267424 ], [ -118.541182, 34.267496 ], [ -118.541327, 34.267842 ], [ -118.541645, 34.268238 ], [ -118.541698, 34.268315 ], [ -118.542161, 34.268886 ], [ -118.542267, 34.269062 ], [ -118.542313, 34.269128 ], [ -118.542346, 34.269194 ], [ -118.542373, 34.269282 ], [ -118.542532, 34.269738 ], [ -118.542545, 34.269793 ], [ -118.542654, 34.270064 ], [ -118.542856, 34.270568 ], [ -118.542942, 34.270805 ], [ -118.543121, 34.271035 ], [ -118.543313, 34.271212 ], [ -118.543332, 34.271222 ], [ -118.543902, 34.271745 ], [ -118.545417, 34.273053 ], [ -118.54602, 34.273603 ], [ -118.546119, 34.273795 ], [ -118.546205, 34.273823 ], [ -118.546238, 34.273795 ], [ -118.546119, 34.273504 ], [ -118.544815, 34.272377 ], [ -118.543981, 34.271668 ], [ -118.543418, 34.271151 ], [ -118.543366, 34.271112 ], [ -118.543263, 34.271012 ], [ -118.543087, 34.270843 ], [ -118.542949, 34.270464 ], [ -118.542747, 34.270015 ], [ -118.542611, 34.269711 ], [ -118.542446, 34.269178 ], [ -118.542227, 34.268815 ], [ -118.541704, 34.268177 ], [ -118.54146, 34.267842 ], [ -118.541301, 34.267474 ], [ -118.541261, 34.267369 ], [ -118.541096, 34.266781 ], [ -118.540904, 34.265704 ], [ -118.540765, 34.265121 ], [ -118.540474, 34.264539 ], [ -118.540462, 34.264519 ], [ -118.540097, 34.263912 ], [ -118.539753, 34.263219 ], [ -118.539567, 34.262796 ], [ -118.539568, 34.262521 ], [ -118.539614, 34.262384 ], [ -118.539932, 34.261708 ], [ -118.540151, 34.261103 ], [ -118.54019, 34.260295 ], [ -118.540528, 34.259267 ], [ -118.54074, 34.258751 ], [ -118.54076, 34.258669 ], [ -118.541144, 34.257734 ], [ -118.54127, 34.257399 ], [ -118.54129, 34.257327 ], [ -118.541302, 34.257265 ], [ -118.541383, 34.256833 ], [ -118.541662, 34.256323 ], [ -118.541714, 34.256223 ], [ -118.541941, 34.255877 ], [ -118.542158, 34.255547 ], [ -118.542615, 34.254832 ], [ -118.54333, 34.253761 ], [ -118.543383, 34.253673 ], [ -118.543581, 34.253151 ], [ -118.543776, 34.252589 ], [ -118.543793, 34.252541 ], [ -118.544091, 34.251766 ], [ -118.544323, 34.251238 ], [ -118.54433, 34.251079 ], [ -118.544213, 34.25017 ], [ -118.544192, 34.250006 ], [ -118.544188, 34.249991 ], [ -118.54416, 34.249991 ], [ -118.544082, 34.249387 ], [ -118.543977, 34.249118 ], [ -118.543573, 34.248486 ], [ -118.543368, 34.248217 ], [ -118.543182, 34.247733 ], [ -118.543189, 34.247343 ], [ -118.543467, 34.245947 ], [ -118.543593, 34.245518 ], [ -118.543699, 34.244847 ], [ -118.543752, 34.244688 ], [ -118.543838, 34.244611 ], [ -118.544394, 34.244298 ], [ -118.54483, 34.244017 ], [ -118.544957, 34.243935 ], [ -118.54516, 34.243761 ], [ -118.545189, 34.243737 ], [ -118.545533, 34.243347 ], [ -118.545879, 34.242746 ], [ -118.546049, 34.242451 ], [ -118.546314, 34.24194 ], [ -118.546358, 34.241838 ], [ -118.546546, 34.241407 ], [ -118.546923, 34.240764 ], [ -118.547083, 34.240421 ] ], [ [ -118.621786, 34.261394 ], [ -118.621686, 34.261339 ], [ -118.621388, 34.261273 ], [ -118.621302, 34.261355 ], [ -118.621243, 34.261476 ], [ -118.62119, 34.261597 ], [ -118.621223, 34.261625 ], [ -118.621753, 34.261773 ], [ -118.621958, 34.261762 ], [ -118.622004, 34.261723 ], [ -118.622024, 34.26158 ], [ -118.622064, 34.261542 ], [ -118.622092, 34.261516 ], [ -118.622117, 34.261493 ], [ -118.622064, 34.261427 ], [ -118.621949, 34.261413 ], [ -118.621786, 34.261394 ] ], [ [ -118.571079, 34.267772 ], [ -118.571105, 34.267898 ], [ -118.571019, 34.26875 ], [ -118.570768, 34.269536 ], [ -118.570934, 34.269729 ], [ -118.57102, 34.269767 ], [ -118.571218, 34.269756 ], [ -118.57143, 34.26958 ], [ -118.571496, 34.269514 ], [ -118.571523, 34.269481 ], [ -118.571648, 34.269245 ], [ -118.571688, 34.26875 ], [ -118.57192, 34.268162 ], [ -118.571887, 34.267981 ], [ -118.571112, 34.267294 ], [ -118.570993, 34.26725 ], [ -118.57088, 34.267294 ], [ -118.570794, 34.267431 ], [ -118.570794, 34.267514 ], [ -118.571079, 34.267772 ] ], [ [ -118.587558, 34.271524 ], [ -118.587624, 34.271452 ], [ -118.587591, 34.271249 ], [ -118.587492, 34.271166 ], [ -118.587227, 34.271123 ], [ -118.58683, 34.27115 ], [ -118.586724, 34.271216 ], [ -118.586724, 34.271271 ], [ -118.587075, 34.271463 ], [ -118.587179, 34.271495 ], [ -118.587306, 34.271535 ], [ -118.587558, 34.271524 ] ], [ [ -118.526311, 34.274772 ], [ -118.526275, 34.275159 ], [ -118.526343, 34.275602 ], [ -118.526363, 34.276123 ], [ -118.526313, 34.27646 ], [ -118.526357, 34.276739 ], [ -118.526531, 34.276885 ], [ -118.526592, 34.276542 ], [ -118.526565, 34.276259 ], [ -118.52671, 34.275909 ], [ -118.526831, 34.275558 ], [ -118.526837, 34.27552 ], [ -118.526889, 34.275226 ], [ -118.526879, 34.274847 ], [ -118.526795, 34.274567 ], [ -118.526752, 34.274478 ], [ -118.526449, 34.273849 ], [ -118.526305, 34.274415 ], [ -118.526306, 34.274502 ], [ -118.526311, 34.274772 ] ], [ [ -118.591691, 34.275777 ], [ -118.591757, 34.275629 ], [ -118.592028, 34.275469 ], [ -118.591518, 34.275409 ], [ -118.591452, 34.27548 ], [ -118.591419, 34.2757 ], [ -118.591466, 34.276101 ], [ -118.591565, 34.276305 ], [ -118.59189, 34.276585 ], [ -118.591737, 34.276189 ], [ -118.591711, 34.275955 ], [ -118.591691, 34.275777 ] ], [ [ -118.487979, 34.30124 ], [ -118.48794, 34.301297 ], [ -118.487918, 34.301397 ], [ -118.487896, 34.301453 ], [ -118.487872, 34.301518 ], [ -118.487765, 34.301671 ], [ -118.487895, 34.301721 ], [ -118.488085, 34.301786 ], [ -118.488337, 34.301896 ], [ -118.488505, 34.301938 ], [ -118.488627, 34.301927 ], [ -118.488627, 34.301851 ], [ -118.48862, 34.301824 ], [ -118.48852, 34.301725 ], [ -118.488421, 34.301614 ], [ -118.48833, 34.301553 ], [ -118.488185, 34.301446 ], [ -118.488047, 34.301278 ], [ -118.487979, 34.30124 ] ], [ [ -118.494288, 34.303846 ], [ -118.494265, 34.303689 ], [ -118.494212, 34.303533 ], [ -118.494128, 34.303399 ], [ -118.493998, 34.303258 ], [ -118.493785, 34.303071 ], [ -118.492297, 34.30346 ], [ -118.492251, 34.303502 ], [ -118.492335, 34.304334 ], [ -118.494105, 34.304326 ], [ -118.494159, 34.304197 ], [ -118.49422, 34.304002 ], [ -118.494288, 34.303846 ] ], [ [ -118.490886, 34.303841 ], [ -118.49087, 34.303895 ], [ -118.490985, 34.304395 ], [ -118.491084, 34.304392 ], [ -118.492167, 34.304364 ], [ -118.492106, 34.303575 ], [ -118.492091, 34.30354 ], [ -118.490931, 34.303811 ], [ -118.490886, 34.303841 ] ], [ [ -118.491078, 34.305256 ], [ -118.492076, 34.305242 ], [ -118.492045, 34.304643 ], [ -118.492038, 34.304593 ], [ -118.491999, 34.304555 ], [ -118.491916, 34.304524 ], [ -118.490931, 34.304597 ], [ -118.490878, 34.30462 ], [ -118.490878, 34.304689 ], [ -118.490977, 34.305257 ], [ -118.491078, 34.305256 ] ], [ [ -118.494531, 34.305312 ], [ -118.494967, 34.305307 ], [ -118.494929, 34.305222 ], [ -118.494769, 34.304963 ], [ -118.494609, 34.304784 ], [ -118.494296, 34.304612 ], [ -118.49393, 34.304525 ], [ -118.493701, 34.304528 ], [ -118.493709, 34.3052 ], [ -118.493732, 34.305302 ], [ -118.493777, 34.305322 ], [ -118.494531, 34.305312 ] ], [ [ -118.493388, 34.30526 ], [ -118.49335, 34.304623 ], [ -118.493312, 34.304578 ], [ -118.493235, 34.304574 ], [ -118.492366, 34.304563 ], [ -118.492297, 34.304597 ], [ -118.492251, 34.304635 ], [ -118.492305, 34.305261 ], [ -118.492305, 34.305306 ], [ -118.492389, 34.305333 ], [ -118.493274, 34.305315 ], [ -118.493335, 34.305314 ], [ -118.493365, 34.305295 ], [ -118.493388, 34.30526 ] ], [ [ -118.487609, 34.305531 ], [ -118.487596, 34.305089 ], [ -118.487315, 34.305096 ], [ -118.487315, 34.30511 ], [ -118.487314, 34.305551 ], [ -118.487609, 34.305531 ] ], [ [ -118.492038, 34.306272 ], [ -118.492038, 34.306229 ], [ -118.491977, 34.305604 ], [ -118.491961, 34.305531 ], [ -118.491931, 34.305497 ], [ -118.491877, 34.305493 ], [ -118.491038, 34.305516 ], [ -118.490931, 34.305532 ], [ -118.490901, 34.305566 ], [ -118.490985, 34.30634 ], [ -118.491059, 34.306338 ], [ -118.491999, 34.306317 ], [ -118.492038, 34.306272 ] ], [ [ -118.493255, 34.306246 ], [ -118.493281, 34.306245 ], [ -118.493327, 34.306218 ], [ -118.493335, 34.305585 ], [ -118.493312, 34.30555 ], [ -118.493228, 34.305531 ], [ -118.492412, 34.305532 ], [ -118.492358, 34.305535 ], [ -118.492335, 34.305585 ], [ -118.492419, 34.306291 ], [ -118.493255, 34.306246 ] ], [ [ -118.494731, 34.306134 ], [ -118.494975, 34.305547 ], [ -118.49496, 34.305512 ], [ -118.493571, 34.305539 ], [ -118.493556, 34.306111 ], [ -118.493562, 34.306149 ], [ -118.493579, 34.306264 ], [ -118.493625, 34.306283 ], [ -118.494365, 34.306267 ], [ -118.494601, 34.306252 ], [ -118.494677, 34.306218 ], [ -118.494731, 34.306134 ] ], [ [ -118.487332, 34.305801 ], [ -118.48734, 34.306219 ], [ -118.487649, 34.306204 ], [ -118.487623, 34.30578 ], [ -118.487332, 34.305788 ], [ -118.487332, 34.305801 ] ], [ [ -118.530911, 34.310727 ], [ -118.530937, 34.310667 ], [ -118.530937, 34.310568 ], [ -118.530926, 34.310556 ], [ -118.530884, 34.310507 ], [ -118.530573, 34.310491 ], [ -118.530421, 34.31049 ], [ -118.530354, 34.310644 ], [ -118.530489, 34.310756 ], [ -118.53052, 34.310782 ], [ -118.530772, 34.310765 ], [ -118.530911, 34.310727 ] ], [ [ -118.529188, 34.310974 ], [ -118.529301, 34.311019 ], [ -118.529354, 34.31104 ], [ -118.529619, 34.310985 ], [ -118.529738, 34.310864 ], [ -118.529652, 34.310754 ], [ -118.529308, 34.310793 ], [ -118.529188, 34.310974 ] ], [ [ -118.492884, 34.31091 ], [ -118.492885, 34.311211 ], [ -118.492862, 34.311719 ], [ -118.492831, 34.312207 ], [ -118.492808, 34.312409 ], [ -118.492862, 34.312508 ], [ -118.492961, 34.312581 ], [ -118.49303, 34.312558 ], [ -118.49309, 34.312504 ], [ -118.493136, 34.312356 ], [ -118.493235, 34.311463 ], [ -118.493319, 34.3108 ], [ -118.493327, 34.31067 ], [ -118.493289, 34.310624 ], [ -118.493205, 34.310574 ], [ -118.493197, 34.310475 ], [ -118.493075, 34.310452 ], [ -118.493037, 34.310532 ], [ -118.492976, 34.310631 ], [ -118.492915, 34.310708 ], [ -118.4929, 34.310826 ], [ -118.492884, 34.31091 ] ], [ [ -118.497079, 34.31156 ], [ -118.496506, 34.312779 ], [ -118.498613, 34.313493 ], [ -118.499232, 34.312291 ], [ -118.497105, 34.311569 ], [ -118.497079, 34.31156 ] ], [ [ -118.496455, 34.324398 ], [ -118.496531, 34.32431 ], [ -118.496089, 34.324108 ], [ -118.495845, 34.324478 ], [ -118.495761, 34.324638 ], [ -118.495738, 34.32473 ], [ -118.495776, 34.324807 ], [ -118.49586, 34.324829 ], [ -118.495952, 34.324821 ], [ -118.496035, 34.324772 ], [ -118.496068, 34.324745 ], [ -118.496226, 34.324616 ], [ -118.496455, 34.324398 ] ], [ [ -118.428725, 33.922212 ], [ -118.428734, 33.922239 ], [ -118.428767, 33.922288 ], [ -118.428775, 33.922315 ], [ -118.428808, 33.922364 ], [ -118.42882, 33.922398 ], [ -118.429023, 33.922792 ], [ -118.429072, 33.922826 ], [ -118.429081, 33.922832 ], [ -118.429122, 33.922811 ], [ -118.429155, 33.922806 ], [ -118.429336, 33.922743 ], [ -118.429394, 33.922695 ], [ -118.429311, 33.922543 ], [ -118.429237, 33.922384 ], [ -118.429179, 33.922274 ], [ -118.429129, 33.922164 ], [ -118.429071, 33.922052 ], [ -118.428939, 33.921769 ], [ -118.428923, 33.921749 ], [ -118.428873, 33.921714 ], [ -118.428725, 33.921783 ], [ -118.428642, 33.921804 ], [ -118.428543, 33.92186 ], [ -118.428618, 33.921978 ], [ -118.428651, 33.922088 ], [ -118.428684, 33.922135 ], [ -118.428692, 33.922165 ], [ -118.428725, 33.922212 ] ], [ [ -118.428034, 33.922862 ], [ -118.428067, 33.922909 ], [ -118.428076, 33.922936 ], [ -118.428101, 33.922972 ], [ -118.428109, 33.922999 ], [ -118.428142, 33.923048 ], [ -118.42815, 33.923075 ], [ -118.428192, 33.923138 ], [ -118.428237, 33.923169 ], [ -118.428298, 33.923143 ], [ -118.428529, 33.923032 ], [ -118.428793, 33.922944 ], [ -118.428891, 33.922877 ], [ -118.428867, 33.922839 ], [ -118.428858, 33.922812 ], [ -118.428825, 33.922765 ], [ -118.428817, 33.922736 ], [ -118.428792, 33.922702 ], [ -118.428726, 33.922557 ], [ -118.428639, 33.922397 ], [ -118.428627, 33.922364 ], [ -118.428602, 33.92233 ], [ -118.428594, 33.922301 ], [ -118.428561, 33.922254 ], [ -118.428552, 33.922225 ], [ -118.428519, 33.922178 ], [ -118.428461, 33.922025 ], [ -118.428404, 33.921956 ], [ -118.428346, 33.9219 ], [ -118.428222, 33.921963 ], [ -118.428115, 33.921984 ], [ -118.428008, 33.922053 ], [ -118.427827, 33.922096 ], [ -118.427671, 33.922185 ], [ -118.427737, 33.922268 ], [ -118.427761, 33.922322 ], [ -118.427778, 33.922385 ], [ -118.427844, 33.922468 ], [ -118.427869, 33.922524 ], [ -118.427885, 33.922584 ], [ -118.42791, 33.92262 ], [ -118.427919, 33.922647 ], [ -118.427952, 33.922696 ], [ -118.42796, 33.922723 ], [ -118.427993, 33.922772 ], [ -118.428001, 33.922799 ], [ -118.428026, 33.922833 ], [ -118.428034, 33.922862 ] ], [ [ -118.427432, 33.922233 ], [ -118.427292, 33.922289 ], [ -118.427226, 33.922303 ], [ -118.427168, 33.922351 ], [ -118.427201, 33.922392 ], [ -118.427259, 33.922524 ], [ -118.427383, 33.922773 ], [ -118.427516, 33.923055 ], [ -118.427619, 33.923243 ], [ -118.427632, 33.923311 ], [ -118.427689, 33.923351 ], [ -118.427708, 33.923342 ], [ -118.427994, 33.923205 ], [ -118.427969, 33.923151 ], [ -118.427895, 33.92304 ], [ -118.42787, 33.922959 ], [ -118.427779, 33.922834 ], [ -118.427762, 33.922771 ], [ -118.427672, 33.922634 ], [ -118.427646, 33.922565 ], [ -118.427564, 33.922455 ], [ -118.427539, 33.922365 ], [ -118.427432, 33.922233 ] ], [ [ -118.429603, 33.924792 ], [ -118.429636, 33.924841 ], [ -118.429645, 33.924868 ], [ -118.42967, 33.924904 ], [ -118.429682, 33.924937 ], [ -118.429768, 33.925097 ], [ -118.429827, 33.92522 ], [ -118.429884, 33.925262 ], [ -118.429899, 33.925257 ], [ -118.430205, 33.925159 ], [ -118.430667, 33.924971 ], [ -118.430724, 33.924923 ], [ -118.430575, 33.924668 ], [ -118.430071, 33.923743 ], [ -118.430013, 33.923703 ], [ -118.429651, 33.92384 ], [ -118.429536, 33.923875 ], [ -118.429404, 33.923924 ], [ -118.429272, 33.923964 ], [ -118.429247, 33.923978 ], [ -118.429211, 33.924016 ], [ -118.429231, 33.924054 ], [ -118.429239, 33.924081 ], [ -118.429273, 33.924131 ], [ -118.429281, 33.924158 ], [ -118.429314, 33.924207 ], [ -118.429322, 33.924234 ], [ -118.429372, 33.924344 ], [ -118.429405, 33.924393 ], [ -118.429413, 33.92442 ], [ -118.429446, 33.924469 ], [ -118.429455, 33.924496 ], [ -118.429479, 33.924529 ], [ -118.429562, 33.924718 ], [ -118.429595, 33.924765 ], [ -118.429603, 33.924792 ] ], [ [ -118.428425, 33.925083 ], [ -118.428491, 33.925165 ], [ -118.428516, 33.925215 ], [ -118.428541, 33.925284 ], [ -118.428599, 33.925358 ], [ -118.428616, 33.925394 ], [ -118.42864, 33.925421 ], [ -118.428674, 33.925524 ], [ -118.428731, 33.92559 ], [ -118.428775, 33.925642 ], [ -118.428871, 33.925621 ], [ -118.429061, 33.92556 ], [ -118.429571, 33.925345 ], [ -118.429505, 33.925158 ], [ -118.429439, 33.925021 ], [ -118.429108, 33.924408 ], [ -118.429059, 33.924295 ], [ -118.428935, 33.92411 ], [ -118.428704, 33.924171 ], [ -118.428103, 33.924385 ], [ -118.428045, 33.924427 ], [ -118.428244, 33.924724 ], [ -118.42826, 33.924787 ], [ -118.428401, 33.924993 ], [ -118.428425, 33.925083 ] ], [ [ -118.431233, 33.928188 ], [ -118.431331, 33.928174 ], [ -118.431381, 33.928133 ], [ -118.43138, 33.927973 ], [ -118.431273, 33.92789 ], [ -118.431166, 33.927892 ], [ -118.431034, 33.928001 ], [ -118.431035, 33.928071 ], [ -118.431142, 33.928181 ], [ -118.431167, 33.928183 ], [ -118.431233, 33.928188 ] ], [ [ -118.430327, 33.928449 ], [ -118.430377, 33.928446 ], [ -118.430578, 33.928433 ], [ -118.43059, 33.928252 ], [ -118.430548, 33.928214 ], [ -118.430458, 33.928159 ], [ -118.430343, 33.928174 ], [ -118.430302, 33.928188 ], [ -118.430219, 33.928299 ], [ -118.430227, 33.928365 ], [ -118.430327, 33.928449 ] ], [ [ -118.430763, 33.928063 ], [ -118.430738, 33.928077 ], [ -118.430672, 33.928161 ], [ -118.430672, 33.928195 ], [ -118.430697, 33.928271 ], [ -118.430829, 33.92838 ], [ -118.430829, 33.92847 ], [ -118.430863, 33.928644 ], [ -118.430912, 33.928684 ], [ -118.430982, 33.928693 ], [ -118.43106, 33.928704 ], [ -118.431151, 33.928636 ], [ -118.4312, 33.928574 ], [ -118.4312, 33.928484 ], [ -118.431052, 33.92836 ], [ -118.430986, 33.928291 ], [ -118.430985, 33.928194 ], [ -118.430969, 33.928126 ], [ -118.430952, 33.928104 ], [ -118.430878, 33.928051 ], [ -118.430845, 33.928049 ], [ -118.430763, 33.928063 ] ], [ [ -118.431589, 33.928421 ], [ -118.431595, 33.928326 ], [ -118.431488, 33.928262 ], [ -118.431455, 33.928263 ], [ -118.431373, 33.928277 ], [ -118.431348, 33.928291 ], [ -118.431282, 33.928373 ], [ -118.431283, 33.928463 ], [ -118.431357, 33.928525 ], [ -118.431389, 33.928525 ], [ -118.431488, 33.928526 ], [ -118.431546, 33.928485 ], [ -118.431589, 33.928421 ] ], [ [ -118.430145, 33.928429 ], [ -118.43003, 33.928347 ], [ -118.429988, 33.928327 ], [ -118.429906, 33.928326 ], [ -118.429832, 33.928417 ], [ -118.429799, 33.928478 ], [ -118.429807, 33.928516 ], [ -118.429907, 33.928603 ], [ -118.429975, 33.928635 ], [ -118.429997, 33.928645 ], [ -118.430071, 33.92863 ], [ -118.430121, 33.928589 ], [ -118.430145, 33.928478 ], [ -118.430145, 33.928429 ] ], [ [ -118.430756, 33.928796 ], [ -118.430755, 33.928643 ], [ -118.430673, 33.92858 ], [ -118.430541, 33.928582 ], [ -118.430492, 33.928623 ], [ -118.43045, 33.928678 ], [ -118.430442, 33.928698 ], [ -118.430442, 33.928761 ], [ -118.43055, 33.928843 ], [ -118.430706, 33.928844 ], [ -118.430756, 33.928796 ] ], [ [ -118.429305, 33.928858 ], [ -118.429305, 33.928707 ], [ -118.429198, 33.928616 ], [ -118.42914, 33.928637 ], [ -118.429058, 33.928692 ], [ -118.429033, 33.928742 ], [ -118.429009, 33.928769 ], [ -118.428997, 33.92881 ], [ -118.429017, 33.928852 ], [ -118.429075, 33.928906 ], [ -118.429141, 33.928907 ], [ -118.429231, 33.928926 ], [ -118.429305, 33.928858 ] ], [ [ -118.431597, 33.928919 ], [ -118.431712, 33.928918 ], [ -118.431786, 33.928849 ], [ -118.431785, 33.928739 ], [ -118.431678, 33.928657 ], [ -118.431604, 33.928655 ], [ -118.43153, 33.928719 ], [ -118.431473, 33.928788 ], [ -118.431473, 33.928835 ], [ -118.43158, 33.928919 ], [ -118.431597, 33.928919 ] ], [ [ -118.429445, 33.928588 ], [ -118.429433, 33.928613 ], [ -118.429416, 33.92869 ], [ -118.429421, 33.928719 ], [ -118.429511, 33.928824 ], [ -118.429619, 33.929071 ], [ -118.42971, 33.929162 ], [ -118.429727, 33.929162 ], [ -118.429784, 33.929161 ], [ -118.429866, 33.929093 ], [ -118.429891, 33.928982 ], [ -118.429891, 33.928919 ], [ -118.429783, 33.92883 ], [ -118.429701, 33.92872 ], [ -118.429725, 33.928657 ], [ -118.429725, 33.928589 ], [ -118.429618, 33.928505 ], [ -118.429511, 33.928526 ], [ -118.429445, 33.928588 ] ], [ [ -118.430311, 33.928801 ], [ -118.43022, 33.928739 ], [ -118.430179, 33.928719 ], [ -118.430071, 33.928741 ], [ -118.43003, 33.928775 ], [ -118.429965, 33.92885 ], [ -118.430031, 33.928926 ], [ -118.430128, 33.928976 ], [ -118.430138, 33.928981 ], [ -118.430163, 33.928988 ], [ -118.430196, 33.928981 ], [ -118.43027, 33.928932 ], [ -118.430311, 33.928912 ], [ -118.430311, 33.928801 ] ], [ [ -118.430897, 33.929236 ], [ -118.430979, 33.929168 ], [ -118.431003, 33.92905 ], [ -118.43097, 33.929001 ], [ -118.430863, 33.928925 ], [ -118.430731, 33.928974 ], [ -118.430657, 33.929086 ], [ -118.430657, 33.929153 ], [ -118.430748, 33.929215 ], [ -118.430789, 33.929237 ], [ -118.430803, 33.929237 ], [ -118.430897, 33.929236 ] ], [ [ -118.431283, 33.928815 ], [ -118.431184, 33.928836 ], [ -118.431127, 33.928904 ], [ -118.431077, 33.929036 ], [ -118.431135, 33.929098 ], [ -118.431243, 33.929187 ], [ -118.431243, 33.929388 ], [ -118.431292, 33.92943 ], [ -118.431391, 33.92943 ], [ -118.431482, 33.92943 ], [ -118.431589, 33.929339 ], [ -118.43158, 33.929251 ], [ -118.431399, 33.92912 ], [ -118.431423, 33.928919 ], [ -118.431283, 33.928815 ] ], [ [ -118.429496, 33.92925 ], [ -118.429495, 33.929119 ], [ -118.429446, 33.929079 ], [ -118.429363, 33.929038 ], [ -118.429289, 33.929059 ], [ -118.42924, 33.929127 ], [ -118.429224, 33.929184 ], [ -118.429248, 33.929217 ], [ -118.429257, 33.929244 ], [ -118.429273, 33.929266 ], [ -118.429378, 33.929319 ], [ -118.429422, 33.929321 ], [ -118.429496, 33.92925 ] ], [ [ -118.431927, 33.929332 ], [ -118.432009, 33.929244 ], [ -118.432, 33.92916 ], [ -118.431934, 33.929098 ], [ -118.431844, 33.929049 ], [ -118.431761, 33.92905 ], [ -118.431691, 33.929114 ], [ -118.431688, 33.929173 ], [ -118.431712, 33.929249 ], [ -118.431819, 33.929334 ], [ -118.431846, 33.929333 ], [ -118.431927, 33.929332 ] ], [ [ -118.43116, 33.929409 ], [ -118.431053, 33.92932 ], [ -118.430979, 33.929298 ], [ -118.430897, 33.929326 ], [ -118.430847, 33.929368 ], [ -118.430806, 33.929422 ], [ -118.430802, 33.929451 ], [ -118.430848, 33.929548 ], [ -118.430955, 33.92963 ], [ -118.431014, 33.92963 ], [ -118.431087, 33.929631 ], [ -118.431169, 33.92956 ], [ -118.43116, 33.929409 ] ], [ [ -118.46075, 33.975889 ], [ -118.460718, 33.97585 ], [ -118.460731, 33.975848 ], [ -118.460821, 33.975834 ], [ -118.460883, 33.975792 ], [ -118.460903, 33.975779 ], [ -118.461022, 33.97571 ], [ -118.461101, 33.975655 ], [ -118.461144, 33.975614 ], [ -118.461157, 33.975606 ], [ -118.461224, 33.97553 ], [ -118.461265, 33.975455 ], [ -118.461289, 33.975385 ], [ -118.461289, 33.975261 ], [ -118.461273, 33.975171 ], [ -118.461173, 33.974951 ], [ -118.46114, 33.974857 ], [ -118.461109, 33.97471 ], [ -118.461079, 33.974572 ], [ -118.461077, 33.974558 ], [ -118.461061, 33.974416 ], [ -118.461048, 33.974344 ], [ -118.461015, 33.97424 ], [ -118.460966, 33.974131 ], [ -118.460908, 33.974021 ], [ -118.460823, 33.97391 ], [ -118.460569, 33.973578 ], [ -118.46056, 33.973551 ], [ -118.460358, 33.973301 ], [ -118.460337, 33.973275 ], [ -118.460007, 33.972882 ], [ -118.459924, 33.972771 ], [ -118.459693, 33.972462 ], [ -118.459503, 33.97223 ], [ -118.459271, 33.971946 ], [ -118.459085, 33.971703 ], [ -118.458916, 33.971483 ], [ -118.458816, 33.971367 ], [ -118.458646, 33.971152 ], [ -118.458593, 33.971084 ], [ -118.458445, 33.970878 ], [ -118.458271, 33.97065 ], [ -118.458239, 33.970604 ], [ -118.458023, 33.97029 ], [ -118.457829, 33.970056 ], [ -118.457784, 33.970002 ], [ -118.457552, 33.969712 ], [ -118.457405, 33.969515 ], [ -118.457304, 33.969381 ], [ -118.457246, 33.969309 ], [ -118.457189, 33.969247 ], [ -118.456949, 33.969009 ], [ -118.456938, 33.968996 ], [ -118.456767, 33.968788 ], [ -118.456759, 33.968761 ], [ -118.456627, 33.968595 ], [ -118.456485, 33.968429 ], [ -118.456437, 33.968372 ], [ -118.456346, 33.968272 ], [ -118.456098, 33.967975 ], [ -118.456036, 33.967904 ], [ -118.455982, 33.967843 ], [ -118.455875, 33.9677 ], [ -118.455648, 33.96734 ], [ -118.455643, 33.967331 ], [ -118.455602, 33.967273 ], [ -118.455585, 33.967237 ], [ -118.455486, 33.96711 ], [ -118.455404, 33.967023 ], [ -118.45537, 33.966825 ], [ -118.455338, 33.966743 ], [ -118.455312, 33.966672 ], [ -118.455262, 33.966576 ], [ -118.455238, 33.966547 ], [ -118.455205, 33.966486 ], [ -118.45518, 33.966457 ], [ -118.455081, 33.966321 ], [ -118.455056, 33.966314 ], [ -118.454982, 33.966349 ], [ -118.454949, 33.966347 ], [ -118.454908, 33.966382 ], [ -118.454879, 33.966393 ], [ -118.454862, 33.966394 ], [ -118.4548, 33.966396 ], [ -118.454759, 33.96641 ], [ -118.454726, 33.966438 ], [ -118.455016, 33.966828 ], [ -118.455055, 33.96688 ], [ -118.455197, 33.967072 ], [ -118.455253, 33.96717 ], [ -118.455414, 33.967454 ], [ -118.455586, 33.967755 ], [ -118.455727, 33.967927 ], [ -118.455768, 33.967983 ], [ -118.455793, 33.96803 ], [ -118.455818, 33.968057 ], [ -118.455876, 33.968162 ], [ -118.45595, 33.968252 ], [ -118.455991, 33.968328 ], [ -118.456033, 33.968388 ], [ -118.456041, 33.968417 ], [ -118.456102, 33.968505 ], [ -118.456165, 33.968576 ], [ -118.456256, 33.968652 ], [ -118.456446, 33.96883 ], [ -118.456644, 33.969037 ], [ -118.456712, 33.969114 ], [ -118.456793, 33.969207 ], [ -118.456916, 33.969336 ], [ -118.457205, 33.96962 ], [ -118.457404, 33.969815 ], [ -118.45771, 33.970066 ], [ -118.457744, 33.970101 ], [ -118.4578, 33.97016 ], [ -118.457833, 33.970202 ], [ -118.457908, 33.970339 ], [ -118.457966, 33.970401 ], [ -118.457965, 33.970435 ], [ -118.457948, 33.970493 ], [ -118.458067, 33.970694 ], [ -118.458413, 33.971272 ], [ -118.458582, 33.971556 ], [ -118.458644, 33.971622 ], [ -118.458722, 33.971718 ], [ -118.458826, 33.971856 ], [ -118.458851, 33.971903 ], [ -118.458876, 33.971932 ], [ -118.458884, 33.971959 ], [ -118.458941, 33.972049 ], [ -118.458958, 33.972091 ], [ -118.458983, 33.972118 ], [ -118.459008, 33.972165 ], [ -118.45914, 33.972328 ], [ -118.459198, 33.972388 ], [ -118.459223, 33.972415 ], [ -118.459363, 33.97258 ], [ -118.459595, 33.972875 ], [ -118.45963, 33.972923 ], [ -118.459892, 33.973275 ], [ -118.460051, 33.973456 ], [ -118.460116, 33.973537 ], [ -118.46028, 33.973758 ], [ -118.460322, 33.973834 ], [ -118.460347, 33.973863 ], [ -118.460388, 33.973946 ], [ -118.460504, 33.974118 ], [ -118.460578, 33.97421 ], [ -118.460685, 33.974323 ], [ -118.460743, 33.974426 ], [ -118.46076, 33.974489 ], [ -118.460768, 33.974619 ], [ -118.460793, 33.974665 ], [ -118.460798, 33.974735 ], [ -118.460789, 33.974794 ], [ -118.460776, 33.974853 ], [ -118.460742, 33.974934 ], [ -118.460685, 33.97502 ], [ -118.460622, 33.975088 ], [ -118.460551, 33.975142 ], [ -118.460506, 33.97518 ], [ -118.460341, 33.97529 ], [ -118.460218, 33.975366 ], [ -118.460189, 33.97538 ], [ -118.46007, 33.975462 ], [ -118.459987, 33.975533 ], [ -118.459946, 33.975595 ], [ -118.4602, 33.975878 ], [ -118.460314, 33.975998 ], [ -118.460386, 33.975967 ], [ -118.460623, 33.975864 ], [ -118.46066, 33.975897 ], [ -118.461433, 33.976916 ], [ -118.461565, 33.977097 ], [ -118.461929, 33.977571 ], [ -118.461954, 33.97762 ], [ -118.462123, 33.977846 ], [ -118.462309, 33.978096 ], [ -118.46235, 33.978213 ], [ -118.462383, 33.978289 ], [ -118.462423, 33.978363 ], [ -118.462483, 33.978441 ], [ -118.4625, 33.978475 ], [ -118.462677, 33.978694 ], [ -118.462747, 33.978781 ], [ -118.462755, 33.978789 ], [ -118.462871, 33.978903 ], [ -118.462946, 33.978986 ], [ -118.463036, 33.979102 ], [ -118.463061, 33.979151 ], [ -118.463086, 33.979178 ], [ -118.463276, 33.979433 ], [ -118.463334, 33.979504 ], [ -118.4634, 33.979571 ], [ -118.463475, 33.979633 ], [ -118.463693, 33.979791 ], [ -118.464197, 33.980134 ], [ -118.464242, 33.98017 ], [ -118.464317, 33.980218 ], [ -118.464358, 33.980204 ], [ -118.464393, 33.980181 ], [ -118.464428, 33.980147 ], [ -118.463874, 33.97974 ], [ -118.463777, 33.979689 ], [ -118.463469, 33.979469 ], [ -118.463162, 33.979078 ], [ -118.463059, 33.97895 ], [ -118.462995, 33.978839 ], [ -118.462858, 33.978691 ], [ -118.462778, 33.978591 ], [ -118.462717, 33.978525 ], [ -118.462633, 33.978405 ], [ -118.462562, 33.978289 ], [ -118.462517, 33.978172 ], [ -118.462453, 33.978077 ], [ -118.46236, 33.977958 ], [ -118.462236, 33.977799 ], [ -118.462228, 33.977789 ], [ -118.462229, 33.977763 ], [ -118.462181, 33.977704 ], [ -118.461792, 33.977228 ], [ -118.461369, 33.976685 ], [ -118.461022, 33.976239 ], [ -118.460972, 33.976203 ], [ -118.46093, 33.97615 ], [ -118.460808, 33.97599 ], [ -118.460774, 33.975946 ], [ -118.46075, 33.975889 ] ], [ [ -118.468265, 33.984521 ], [ -118.468343, 33.984479 ], [ -118.468374, 33.984473 ], [ -118.468471, 33.984579 ], [ -118.468546, 33.984669 ], [ -118.468562, 33.984696 ], [ -118.468653, 33.984799 ], [ -118.468795, 33.984944 ], [ -118.468808, 33.98496 ], [ -118.468817, 33.984973 ], [ -118.468872, 33.98494 ], [ -118.468903, 33.984921 ], [ -118.468948, 33.984894 ], [ -118.468827, 33.984764 ], [ -118.468695, 33.984605 ], [ -118.468753, 33.984544 ], [ -118.468761, 33.98451 ], [ -118.468752, 33.98449 ], [ -118.468645, 33.984371 ], [ -118.468587, 33.984316 ], [ -118.468298, 33.98399 ], [ -118.46824, 33.98393 ], [ -118.467695, 33.983307 ], [ -118.467637, 33.983249 ], [ -118.46686, 33.98237 ], [ -118.46667, 33.982161 ], [ -118.465695, 33.981041 ], [ -118.465547, 33.980907 ], [ -118.464861, 33.980403 ], [ -118.464812, 33.980411 ], [ -118.464779, 33.980436 ], [ -118.464757, 33.980453 ], [ -118.464729, 33.980475 ], [ -118.464882, 33.980597 ], [ -118.465369, 33.980954 ], [ -118.465563, 33.981112 ], [ -118.465604, 33.981168 ], [ -118.46596, 33.981567 ], [ -118.466216, 33.981864 ], [ -118.466233, 33.981889 ], [ -118.466381, 33.982049 ], [ -118.466638, 33.982346 ], [ -118.466704, 33.982429 ], [ -118.46658, 33.982518 ], [ -118.466409, 33.982624 ], [ -118.466267, 33.982713 ], [ -118.46586, 33.982955 ], [ -118.46558, 33.983127 ], [ -118.46551, 33.983176 ], [ -118.465405, 33.983238 ], [ -118.464695, 33.983698 ], [ -118.464388, 33.983899 ], [ -118.464263, 33.983976 ], [ -118.464245, 33.983988 ], [ -118.46418, 33.984033 ], [ -118.463982, 33.984153 ], [ -118.463763, 33.984289 ], [ -118.463682, 33.984338 ], [ -118.463695, 33.984349 ], [ -118.463726, 33.984374 ], [ -118.463889, 33.984599 ], [ -118.463971, 33.984711 ], [ -118.464238, 33.985023 ], [ -118.46445, 33.985203 ], [ -118.464537, 33.985302 ], [ -118.464547, 33.985314 ], [ -118.464814, 33.985618 ], [ -118.464991, 33.98582 ], [ -118.465085, 33.985928 ], [ -118.465273, 33.986143 ], [ -118.465358, 33.98624 ], [ -118.465336, 33.986267 ], [ -118.465376, 33.986302 ], [ -118.465409, 33.986295 ], [ -118.465492, 33.98624 ], [ -118.465553, 33.986205 ], [ -118.465796, 33.986047 ], [ -118.46676, 33.985471 ], [ -118.467151, 33.985232 ], [ -118.467419, 33.985055 ], [ -118.468099, 33.984612 ], [ -118.468265, 33.984521 ] ], [ [ -118.466026, 34.043794 ], [ -118.465933, 34.043608 ], [ -118.465808, 34.043526 ], [ -118.46566, 34.043493 ], [ -118.465471, 34.043525 ], [ -118.465392, 34.043553 ], [ -118.465306, 34.043658 ], [ -118.46528, 34.043832 ], [ -118.465319, 34.043987 ], [ -118.465419, 34.044092 ], [ -118.46563, 34.044146 ], [ -118.465868, 34.044096 ], [ -118.466006, 34.043938 ], [ -118.466026, 34.043794 ] ], [ [ -118.445739, 34.075937 ], [ -118.445884, 34.076036 ], [ -118.446049, 34.076007 ], [ -118.446261, 34.0758 ], [ -118.446413, 34.075525 ], [ -118.446584, 34.075404 ], [ -118.446769, 34.075332 ], [ -118.446967, 34.075331 ], [ -118.447251, 34.075391 ], [ -118.447681, 34.075501 ], [ -118.447859, 34.075508 ], [ -118.447972, 34.075448 ], [ -118.448223, 34.075172 ], [ -118.448256, 34.075046 ], [ -118.448196, 34.074952 ], [ -118.448084, 34.074858 ], [ -118.447892, 34.074798 ], [ -118.447654, 34.074688 ], [ -118.447469, 34.074541 ], [ -118.447264, 34.074255 ], [ -118.446069, 34.074321 ], [ -118.445673, 34.075667 ], [ -118.445673, 34.075816 ], [ -118.445739, 34.075937 ] ], [ [ -118.457, 34.117231 ], [ -118.457026, 34.11716 ], [ -118.457033, 34.117016 ], [ -118.456921, 34.116655 ], [ -118.456775, 34.116356 ], [ -118.456801, 34.116241 ], [ -118.456874, 34.116132 ], [ -118.457343, 34.115978 ], [ -118.457614, 34.115938 ], [ -118.458156, 34.116027 ], [ -118.458202, 34.115988 ], [ -118.458169, 34.115567 ], [ -118.458096, 34.115455 ], [ -118.457819, 34.11539 ], [ -118.457535, 34.115279 ], [ -118.457457, 34.115221 ], [ -118.457389, 34.11517 ], [ -118.457244, 34.115005 ], [ -118.45694, 34.114907 ], [ -118.456629, 34.114726 ], [ -118.456404, 34.114517 ], [ -118.456279, 34.114433 ], [ -118.456305, 34.114279 ], [ -118.456497, 34.114175 ], [ -118.456794, 34.114115 ], [ -118.456999, 34.114093 ], [ -118.457098, 34.114037 ], [ -118.457151, 34.113861 ], [ -118.457151, 34.113719 ], [ -118.457091, 34.113636 ], [ -118.456292, 34.113219 ], [ -118.456179, 34.113126 ], [ -118.456153, 34.112833 ], [ -118.456212, 34.112686 ], [ -118.456298, 34.112647 ], [ -118.456556, 34.112707 ], [ -118.457071, 34.112719 ], [ -118.45721, 34.112713 ], [ -118.457322, 34.112614 ], [ -118.457487, 34.112608 ], [ -118.457626, 34.112559 ], [ -118.457719, 34.112393 ], [ -118.457751, 34.111768 ], [ -118.457811, 34.111626 ], [ -118.457818, 34.111481 ], [ -118.457718, 34.111361 ], [ -118.457639, 34.111301 ], [ -118.457679, 34.111235 ], [ -118.45785, 34.111102 ], [ -118.458035, 34.110536 ], [ -118.458048, 34.110162 ], [ -118.457877, 34.110035 ], [ -118.457731, 34.109997 ], [ -118.457606, 34.110048 ], [ -118.457474, 34.110108 ], [ -118.457322, 34.11013 ], [ -118.456872, 34.110047 ], [ -118.456509, 34.109937 ], [ -118.455921, 34.109899 ], [ -118.455802, 34.109855 ], [ -118.455702, 34.109739 ], [ -118.455742, 34.109558 ], [ -118.455821, 34.109487 ], [ -118.455973, 34.109431 ], [ -118.456337, 34.109454 ], [ -118.456601, 34.109442 ], [ -118.456885, 34.109398 ], [ -118.457017, 34.109349 ], [ -118.457176, 34.109243 ], [ -118.457156, 34.109178 ], [ -118.456852, 34.109096 ], [ -118.45666, 34.109013 ], [ -118.456575, 34.108949 ], [ -118.456541, 34.108854 ], [ -118.456449, 34.108783 ], [ -118.456422, 34.108669 ], [ -118.456455, 34.108612 ], [ -118.456581, 34.108617 ], [ -118.456621, 34.108531 ], [ -118.456521, 34.108392 ], [ -118.456502, 34.108278 ], [ -118.456237, 34.10797 ], [ -118.456092, 34.107931 ], [ -118.455913, 34.107827 ], [ -118.455781, 34.107657 ], [ -118.455345, 34.107333 ], [ -118.45508, 34.107007 ], [ -118.455034, 34.106866 ], [ -118.453715, 34.106103 ], [ -118.453413, 34.107922 ], [ -118.455171, 34.113789 ], [ -118.455256, 34.115905 ], [ -118.455336, 34.11786 ], [ -118.455183, 34.118253 ], [ -118.455414, 34.118248 ], [ -118.455566, 34.118172 ], [ -118.455592, 34.118095 ], [ -118.455632, 34.117682 ], [ -118.455824, 34.11749 ], [ -118.455876, 34.117309 ], [ -118.456008, 34.11727 ], [ -118.45618, 34.117297 ], [ -118.456564, 34.117396 ], [ -118.456788, 34.117346 ], [ -118.457, 34.117231 ] ], [ [ -118.451866, 34.120551 ], [ -118.452024, 34.12036 ], [ -118.451859, 34.120337 ], [ -118.451634, 34.120277 ], [ -118.451542, 34.120436 ], [ -118.451641, 34.120448 ], [ -118.451866, 34.120551 ] ], [ [ -118.454714, 34.11921 ], [ -118.454549, 34.119397 ], [ -118.45441, 34.119601 ], [ -118.454311, 34.119821 ], [ -118.45435, 34.119981 ], [ -118.454959, 34.122986 ], [ -118.455105, 34.123119 ], [ -118.455283, 34.123212 ], [ -118.455422, 34.123212 ], [ -118.455594, 34.123156 ], [ -118.455733, 34.123091 ], [ -118.455772, 34.123008 ], [ -118.456036, 34.120288 ], [ -118.456075, 34.119573 ], [ -118.456009, 34.119447 ], [ -118.45593, 34.119331 ], [ -118.455725, 34.119205 ], [ -118.455447, 34.119084 ], [ -118.455202, 34.119068 ], [ -118.455183, 34.119067 ], [ -118.454932, 34.119122 ], [ -118.454714, 34.11921 ] ], [ [ -118.451153, 34.122311 ], [ -118.451172, 34.122338 ], [ -118.451271, 34.122321 ], [ -118.45143, 34.122191 ], [ -118.451337, 34.122147 ], [ -118.451225, 34.122081 ], [ -118.451178, 34.122135 ], [ -118.451146, 34.1223 ], [ -118.451153, 34.122311 ] ], [ [ -118.456526, 34.123041 ], [ -118.456512, 34.123134 ], [ -118.45673, 34.123113 ], [ -118.457041, 34.122954 ], [ -118.456512, 34.122827 ], [ -118.456526, 34.123041 ] ], [ [ -118.452967, 34.125832 ], [ -118.452927, 34.125898 ], [ -118.452748, 34.125954 ], [ -118.452756, 34.126046 ], [ -118.452895, 34.126151 ], [ -118.452742, 34.126387 ], [ -118.452716, 34.126498 ], [ -118.452795, 34.126458 ], [ -118.452981, 34.126249 ], [ -118.453093, 34.126195 ], [ -118.453159, 34.126034 ], [ -118.45339, 34.125843 ], [ -118.45349, 34.125695 ], [ -118.453469, 34.125558 ], [ -118.453404, 34.125508 ], [ -118.453388, 34.125507 ], [ -118.453145, 34.125485 ], [ -118.453034, 34.125558 ], [ -118.452954, 34.12566 ], [ -118.452915, 34.125756 ], [ -118.452967, 34.125832 ] ], [ [ -118.482472, 34.219354 ], [ -118.482419, 34.219464 ], [ -118.482577, 34.219485 ], [ -118.482597, 34.219546 ], [ -118.482637, 34.219551 ], [ -118.482796, 34.219474 ], [ -118.482836, 34.21948 ], [ -118.482875, 34.219535 ], [ -118.482915, 34.219518 ], [ -118.482981, 34.219441 ], [ -118.483113, 34.219463 ], [ -118.483153, 34.219447 ], [ -118.48316, 34.219353 ], [ -118.483146, 34.21932 ], [ -118.4831, 34.219304 ], [ -118.483007, 34.219084 ], [ -118.482987, 34.218941 ], [ -118.482862, 34.218782 ], [ -118.482795, 34.218738 ], [ -118.482709, 34.21871 ], [ -118.482603, 34.218716 ], [ -118.482465, 34.218787 ], [ -118.482319, 34.218744 ], [ -118.4822, 34.218634 ], [ -118.482127, 34.218634 ], [ -118.482067, 34.218667 ], [ -118.482001, 34.218755 ], [ -118.481942, 34.219074 ], [ -118.481856, 34.219161 ], [ -118.481724, 34.2192 ], [ -118.481651, 34.219195 ], [ -118.481624, 34.219156 ], [ -118.48175, 34.219063 ], [ -118.481723, 34.21887 ], [ -118.481723, 34.218826 ], [ -118.481677, 34.21881 ], [ -118.481618, 34.218832 ], [ -118.481551, 34.218892 ], [ -118.481492, 34.21903 ], [ -118.481406, 34.219041 ], [ -118.481419, 34.218958 ], [ -118.481327, 34.218914 ], [ -118.481254, 34.218903 ], [ -118.481207, 34.218837 ], [ -118.481214, 34.218788 ], [ -118.481293, 34.218738 ], [ -118.481386, 34.218799 ], [ -118.481512, 34.218771 ], [ -118.481545, 34.218694 ], [ -118.481531, 34.21865 ], [ -118.481333, 34.21859 ], [ -118.481095, 34.218552 ], [ -118.481048, 34.218535 ], [ -118.480651, 34.218596 ], [ -118.480493, 34.218563 ], [ -118.480254, 34.218437 ], [ -118.480082, 34.218393 ], [ -118.480069, 34.218371 ], [ -118.480096, 34.218349 ], [ -118.480281, 34.218321 ], [ -118.480347, 34.218266 ], [ -118.48034, 34.218217 ], [ -118.480307, 34.218156 ], [ -118.480254, 34.218118 ], [ -118.480089, 34.218134 ], [ -118.479917, 34.218107 ], [ -118.479632, 34.218123 ], [ -118.479506, 34.218025 ], [ -118.47942, 34.217992 ], [ -118.479229, 34.217959 ], [ -118.479182, 34.21797 ], [ -118.47909, 34.218091 ], [ -118.47899, 34.218091 ], [ -118.478911, 34.217975 ], [ -118.478858, 34.217942 ], [ -118.478759, 34.217964 ], [ -118.478724, 34.218009 ], [ -118.478712, 34.218025 ], [ -118.478686, 34.218124 ], [ -118.478699, 34.218212 ], [ -118.478746, 34.218316 ], [ -118.478792, 34.218333 ], [ -118.478951, 34.218217 ], [ -118.47901, 34.218245 ], [ -118.479057, 34.218322 ], [ -118.47905, 34.218377 ], [ -118.479024, 34.218377 ], [ -118.478984, 34.218338 ], [ -118.478944, 34.21836 ], [ -118.478938, 34.218492 ], [ -118.478958, 34.218591 ], [ -118.478997, 34.21864 ], [ -118.479123, 34.218646 ], [ -118.479209, 34.218618 ], [ -118.479388, 34.218624 ], [ -118.479619, 34.21869 ], [ -118.479725, 34.21869 ], [ -118.479798, 34.21864 ], [ -118.479963, 34.218662 ], [ -118.480016, 34.218646 ], [ -118.480102, 34.218662 ], [ -118.480175, 34.218849 ], [ -118.480133, 34.218923 ], [ -118.480069, 34.218915 ], [ -118.48001, 34.21881 ], [ -118.47991, 34.218766 ], [ -118.479858, 34.218783 ], [ -118.479864, 34.218909 ], [ -118.479818, 34.218964 ], [ -118.479818, 34.219019 ], [ -118.479838, 34.219063 ], [ -118.479897, 34.219058 ], [ -118.480069, 34.218953 ], [ -118.480136, 34.218942 ], [ -118.480208, 34.21914 ], [ -118.480288, 34.219195 ], [ -118.481128, 34.219481 ], [ -118.481314, 34.219497 ], [ -118.481697, 34.21948 ], [ -118.481856, 34.219497 ], [ -118.481929, 34.219469 ], [ -118.482101, 34.21948 ], [ -118.48222, 34.219304 ], [ -118.48228, 34.219249 ], [ -118.482339, 34.219222 ], [ -118.482438, 34.219222 ], [ -118.482557, 34.219255 ], [ -118.482597, 34.219299 ], [ -118.482472, 34.219354 ] ], [ [ -118.458813, 34.230194 ], [ -118.458846, 34.229936 ], [ -118.459276, 34.22838 ], [ -118.459291, 34.2283 ], [ -118.459321, 34.228135 ], [ -118.459401, 34.227704 ], [ -118.459441, 34.227715 ], [ -118.459487, 34.227814 ], [ -118.459778, 34.226066 ], [ -118.459897, 34.225286 ], [ -118.459942, 34.224703 ], [ -118.460019, 34.223693 ], [ -118.460022, 34.223653 ], [ -118.460022, 34.22307 ], [ -118.460003, 34.222751 ], [ -118.459982, 34.222411 ], [ -118.459884, 34.221922 ], [ -118.459792, 34.221462 ], [ -118.459783, 34.221416 ], [ -118.459544, 34.219811 ], [ -118.459273, 34.218591 ], [ -118.459035, 34.217894 ], [ -118.458988, 34.217755 ], [ -118.458597, 34.216398 ], [ -118.458533, 34.216193 ], [ -118.458451, 34.215931 ], [ -118.458365, 34.215475 ], [ -118.458364, 34.215376 ], [ -118.45836, 34.214513 ], [ -118.458358, 34.2141 ], [ -118.45835, 34.214044 ], [ -118.458319, 34.213831 ], [ -118.458367, 34.213568 ], [ -118.458404, 34.213369 ], [ -118.458351, 34.213281 ], [ -118.458266, 34.21314 ], [ -118.458146, 34.212941 ], [ -118.458093, 34.212919 ], [ -118.457954, 34.21304 ], [ -118.458001, 34.213221 ], [ -118.458039, 34.213264 ], [ -118.458107, 34.213342 ], [ -118.458078, 34.213511 ], [ -118.458034, 34.213771 ], [ -118.457789, 34.213683 ], [ -118.457855, 34.213738 ], [ -118.458008, 34.21382 ], [ -118.458019, 34.213838 ], [ -118.458063, 34.213909 ], [ -118.458087, 34.213947 ], [ -118.4581, 34.214183 ], [ -118.458028, 34.214601 ], [ -118.458028, 34.215139 ], [ -118.458087, 34.215749 ], [ -118.458174, 34.216145 ], [ -118.458359, 34.21681 ], [ -118.458747, 34.217896 ], [ -118.458823, 34.218107 ], [ -118.459187, 34.21974 ], [ -118.459452, 34.221389 ], [ -118.459462, 34.221464 ], [ -118.459512, 34.221849 ], [ -118.459631, 34.221649 ], [ -118.459791, 34.22255 ], [ -118.4598, 34.222778 ], [ -118.459836, 34.223716 ], [ -118.45985, 34.224085 ], [ -118.459784, 34.224605 ], [ -118.459766, 34.224705 ], [ -118.459614, 34.224706 ], [ -118.459553, 34.225258 ], [ -118.459496, 34.225659 ], [ -118.459384, 34.226439 ], [ -118.459322, 34.226869 ], [ -118.459269, 34.227301 ], [ -118.459223, 34.227677 ], [ -118.459139, 34.228133 ], [ -118.459109, 34.228298 ], [ -118.45909, 34.228402 ], [ -118.458912, 34.229023 ], [ -118.458661, 34.229749 ], [ -118.458595, 34.230409 ], [ -118.458654, 34.230826 ], [ -118.458833, 34.23142 ], [ -118.459056, 34.231845 ], [ -118.459131, 34.231986 ], [ -118.459085, 34.232134 ], [ -118.457872, 34.234546 ], [ -118.457721, 34.234948 ], [ -118.45757, 34.235147 ], [ -118.457638, 34.235139 ], [ -118.457541, 34.235461 ], [ -118.457564, 34.235575 ], [ -118.457551, 34.235713 ], [ -118.457372, 34.236296 ], [ -118.457187, 34.237257 ], [ -118.456394, 34.241105 ], [ -118.456037, 34.242573 ], [ -118.455968, 34.242705 ], [ -118.456069, 34.242706 ], [ -118.45609, 34.242706 ], [ -118.455777, 34.243096 ], [ -118.45521, 34.243675 ], [ -118.454896, 34.243998 ], [ -118.454058, 34.244855 ], [ -118.45404, 34.244873 ], [ -118.454023, 34.244892 ], [ -118.453106, 34.24586 ], [ -118.452901, 34.246217 ], [ -118.452391, 34.247251 ], [ -118.45257, 34.247262 ], [ -118.452656, 34.247273 ], [ -118.452921, 34.246685 ], [ -118.453218, 34.246135 ], [ -118.453662, 34.245514 ], [ -118.454224, 34.244876 ], [ -118.454747, 34.244359 ], [ -118.455002, 34.244071 ], [ -118.455243, 34.243799 ], [ -118.455362, 34.243677 ], [ -118.455713, 34.24332 ], [ -118.456017, 34.242974 ], [ -118.45617, 34.242721 ], [ -118.456175, 34.242707 ], [ -118.456308, 34.242309 ], [ -118.456646, 34.24083 ], [ -118.456837, 34.240149 ], [ -118.457564, 34.236708 ], [ -118.457809, 34.23574 ], [ -118.457848, 34.235463 ], [ -118.457868, 34.235317 ], [ -118.457954, 34.234982 ], [ -118.458285, 34.234201 ], [ -118.459343, 34.232156 ], [ -118.459369, 34.231969 ], [ -118.459326, 34.231846 ], [ -118.458859, 34.230518 ], [ -118.458813, 34.230194 ] ], [ [ -118.485217, 34.291673 ], [ -118.485148, 34.292794 ], [ -118.48511, 34.293165 ], [ -118.485148, 34.293417 ], [ -118.485201, 34.293493 ], [ -118.485301, 34.29355 ], [ -118.485499, 34.29355 ], [ -118.485675, 34.293481 ], [ -118.486468, 34.293211 ], [ -118.487078, 34.293024 ], [ -118.487231, 34.292963 ], [ -118.487338, 34.29289 ], [ -118.487429, 34.292753 ], [ -118.487445, 34.292627 ], [ -118.487422, 34.292459 ], [ -118.487231, 34.292165 ], [ -118.48701, 34.291803 ], [ -118.486781, 34.291402 ], [ -118.486666, 34.291299 ], [ -118.486633, 34.291284 ], [ -118.486537, 34.291238 ], [ -118.486399, 34.291235 ], [ -118.485629, 34.291288 ], [ -118.485415, 34.291319 ], [ -118.485308, 34.291368 ], [ -118.485224, 34.291467 ], [ -118.485217, 34.291673 ] ], [ [ -118.469454, 34.295198 ], [ -118.469691, 34.295354 ], [ -118.46982, 34.295503 ], [ -118.469889, 34.295663 ], [ -118.469919, 34.295877 ], [ -118.46998, 34.295942 ], [ -118.470056, 34.295953 ], [ -118.470095, 34.295865 ], [ -118.470125, 34.295698 ], [ -118.470141, 34.295465 ], [ -118.470147, 34.29528 ], [ -118.470148, 34.295255 ], [ -118.470186, 34.295117 ], [ -118.470148, 34.295037 ], [ -118.469965, 34.2949 ], [ -118.46966, 34.294656 ], [ -118.469278, 34.294366 ], [ -118.469266, 34.294378 ], [ -118.469237, 34.294406 ], [ -118.46921, 34.294431 ], [ -118.469156, 34.294561 ], [ -118.46911, 34.294698 ], [ -118.468996, 34.29479 ], [ -118.468851, 34.294896 ], [ -118.468859, 34.294984 ], [ -118.468927, 34.295084 ], [ -118.469034, 34.29514 ], [ -118.46924, 34.29516 ], [ -118.469454, 34.295198 ] ], [ [ -118.486826, 34.302789 ], [ -118.486994, 34.302598 ], [ -118.487078, 34.302453 ], [ -118.487155, 34.302228 ], [ -118.487261, 34.301961 ], [ -118.487422, 34.301587 ], [ -118.487681, 34.301007 ], [ -118.488009, 34.300168 ], [ -118.488246, 34.299619 ], [ -118.488391, 34.299233 ], [ -118.488459, 34.29907 ], [ -118.488475, 34.298833 ], [ -118.488497, 34.298604 ], [ -118.488475, 34.298299 ], [ -118.488406, 34.298009 ], [ -118.488299, 34.297754 ], [ -118.488185, 34.297467 ], [ -118.488055, 34.297292 ], [ -118.487857, 34.297124 ], [ -118.487284, 34.296617 ], [ -118.486415, 34.295861 ], [ -118.484606, 34.294309 ], [ -118.484248, 34.294007 ], [ -118.484027, 34.293909 ], [ -118.483767, 34.293844 ], [ -118.483401, 34.293817 ], [ -118.482958, 34.293829 ], [ -118.482691, 34.293889 ], [ -118.482424, 34.293988 ], [ -118.482218, 34.294088 ], [ -118.48112, 34.294542 ], [ -118.478785, 34.29553 ], [ -118.478388, 34.295682 ], [ -118.478281, 34.295751 ], [ -118.478091, 34.2959 ], [ -118.477847, 34.296113 ], [ -118.477679, 34.296319 ], [ -118.477541, 34.296506 ], [ -118.477435, 34.296747 ], [ -118.477389, 34.297113 ], [ -118.477419, 34.297391 ], [ -118.477564, 34.297719 ], [ -118.477801, 34.298032 ], [ -118.478045, 34.29831 ], [ -118.478281, 34.298551 ], [ -118.4788, 34.299008 ], [ -118.480074, 34.300195 ], [ -118.48089, 34.300912 ], [ -118.481455, 34.301469 ], [ -118.481936, 34.301903 ], [ -118.482371, 34.302342 ], [ -118.482615, 34.302556 ], [ -118.482928, 34.30272 ], [ -118.483248, 34.302842 ], [ -118.48353, 34.302957 ], [ -118.483798, 34.303048 ], [ -118.484011, 34.303071 ], [ -118.484912, 34.303117 ], [ -118.4854, 34.303132 ], [ -118.485797, 34.303155 ], [ -118.485904, 34.303155 ], [ -118.486079, 34.303155 ], [ -118.486415, 34.303037 ], [ -118.486651, 34.302934 ], [ -118.486826, 34.302789 ] ], [ [ -118.487195, 34.305311 ], [ -118.487183, 34.304654 ], [ -118.486788, 34.304671 ], [ -118.486799, 34.305335 ], [ -118.487195, 34.305311 ] ], [ [ -118.487254, 34.305979 ], [ -118.486849, 34.305996 ], [ -118.486852, 34.30672 ], [ -118.487262, 34.306719 ], [ -118.487254, 34.305979 ] ], [ [ -118.461315, 34.327165 ], [ -118.461519, 34.32701 ], [ -118.461246, 34.326768 ], [ -118.461051, 34.326919 ], [ -118.461315, 34.327165 ] ], [ [ -118.475069, 34.327931 ], [ -118.474901, 34.327987 ], [ -118.47481, 34.328049 ], [ -118.474741, 34.328136 ], [ -118.474756, 34.328167 ], [ -118.474886, 34.328255 ], [ -118.475046, 34.328373 ], [ -118.475245, 34.328537 ], [ -118.475596, 34.328865 ], [ -118.475786, 34.329018 ], [ -118.47587, 34.329059 ], [ -118.475985, 34.329037 ], [ -118.476, 34.328987 ], [ -118.475931, 34.328892 ], [ -118.475901, 34.328804 ], [ -118.47587, 34.328663 ], [ -118.475817, 34.32859 ], [ -118.47571, 34.328499 ], [ -118.475611, 34.328381 ], [ -118.475504, 34.328282 ], [ -118.475458, 34.328151 ], [ -118.475405, 34.328041 ], [ -118.475329, 34.327961 ], [ -118.475199, 34.327938 ], [ -118.475069, 34.327931 ] ], [ [ -118.411434, 33.956024 ], [ -118.411578, 33.956006 ], [ -118.411591, 33.955869 ], [ -118.411483, 33.955789 ], [ -118.411442, 33.955776 ], [ -118.411376, 33.95574 ], [ -118.411149, 33.955765 ], [ -118.411269, 33.955899 ], [ -118.411368, 33.955993 ], [ -118.411397, 33.956007 ], [ -118.411434, 33.956024 ] ], [ [ -118.364986, 34.007274 ], [ -118.362674, 34.007045 ], [ -118.362293, 34.009534 ], [ -118.365572, 34.009581 ], [ -118.364986, 34.007274 ] ], [ [ -118.426628, 34.017024 ], [ -118.426665, 34.017003 ], [ -118.426991, 34.016819 ], [ -118.427328, 34.016436 ], [ -118.427364, 34.01637 ], [ -118.427433, 34.016248 ], [ -118.427453, 34.015639 ], [ -118.427394, 34.015446 ], [ -118.427724, 34.015798 ], [ -118.427845, 34.015911 ], [ -118.428179, 34.016221 ], [ -118.428384, 34.016363 ], [ -118.428549, 34.016451 ], [ -118.428622, 34.016374 ], [ -118.428245, 34.016133 ], [ -118.42795, 34.015856 ], [ -118.427665, 34.015589 ], [ -118.427349, 34.015264 ], [ -118.427275, 34.015188 ], [ -118.426899, 34.014654 ], [ -118.426859, 34.014603 ], [ -118.425806, 34.013261 ], [ -118.425605, 34.013005 ], [ -118.425249, 34.012583 ], [ -118.425005, 34.012153 ], [ -118.424899, 34.011834 ], [ -118.424847, 34.011411 ], [ -118.424847, 34.01139 ], [ -118.424823, 34.010243 ], [ -118.424801, 34.009136 ], [ -118.424707, 34.009122 ], [ -118.424609, 34.009107 ], [ -118.424609, 34.009118 ], [ -118.424626, 34.009993 ], [ -118.424653, 34.011417 ], [ -118.424655, 34.011499 ], [ -118.424734, 34.01191 ], [ -118.424853, 34.01224 ], [ -118.424985, 34.012489 ], [ -118.425656, 34.013335 ], [ -118.426787, 34.014763 ], [ -118.427061, 34.015169 ], [ -118.427143, 34.015291 ], [ -118.427216, 34.015441 ], [ -118.427282, 34.015876 ], [ -118.427252, 34.016096 ], [ -118.427242, 34.016167 ], [ -118.427234, 34.016181 ], [ -118.42707, 34.01648 ], [ -118.426932, 34.016633 ], [ -118.426611, 34.016853 ], [ -118.426571, 34.016879 ], [ -118.42578, 34.017421 ], [ -118.425605, 34.017541 ], [ -118.425413, 34.017737 ], [ -118.425248, 34.01803 ], [ -118.425182, 34.018291 ], [ -118.425171, 34.018334 ], [ -118.424938, 34.018845 ], [ -118.424666, 34.019371 ], [ -118.42466, 34.019383 ], [ -118.42455, 34.019626 ], [ -118.424541, 34.019647 ], [ -118.424521, 34.019691 ], [ -118.424533, 34.02006 ], [ -118.424528, 34.02009 ], [ -118.424502, 34.020255 ], [ -118.424425, 34.020746 ], [ -118.42425, 34.021819 ], [ -118.423744, 34.02378 ], [ -118.423591, 34.024373 ], [ -118.423482, 34.024844 ], [ -118.423346, 34.025428 ], [ -118.423421, 34.025447 ], [ -118.423498, 34.025467 ], [ -118.423735, 34.024393 ], [ -118.423856, 34.02392 ], [ -118.424112, 34.022915 ], [ -118.424367, 34.021967 ], [ -118.424689, 34.020495 ], [ -118.424725, 34.020332 ], [ -118.42473, 34.020308 ], [ -118.424686, 34.019901 ], [ -118.424707, 34.019853 ], [ -118.424773, 34.019703 ], [ -118.424875, 34.019469 ], [ -118.425304, 34.018502 ], [ -118.42534, 34.018371 ], [ -118.425371, 34.018259 ], [ -118.42539, 34.018188 ], [ -118.425446, 34.017984 ], [ -118.425545, 34.017832 ], [ -118.425684, 34.017677 ], [ -118.425874, 34.017545 ], [ -118.426628, 34.017024 ] ], [ [ -118.411253, 34.045396 ], [ -118.411246, 34.045644 ], [ -118.411217, 34.045804 ], [ -118.411199, 34.045906 ], [ -118.411226, 34.045973 ], [ -118.411305, 34.046056 ], [ -118.411417, 34.046093 ], [ -118.411523, 34.046078 ], [ -118.411622, 34.045996 ], [ -118.411655, 34.045923 ], [ -118.411609, 34.045721 ], [ -118.411629, 34.045495 ], [ -118.411695, 34.045363 ], [ -118.411622, 34.045297 ], [ -118.411569, 34.045302 ], [ -118.411497, 34.045357 ], [ -118.411385, 34.045329 ], [ -118.411332, 34.045275 ], [ -118.411272, 34.045292 ], [ -118.411253, 34.045396 ] ], [ [ -118.356631, 34.062969 ], [ -118.356393, 34.062836 ], [ -118.355743, 34.062725 ], [ -118.355726, 34.062722 ], [ -118.355653, 34.062732 ], [ -118.355554, 34.062798 ], [ -118.355521, 34.062859 ], [ -118.355561, 34.062936 ], [ -118.35572, 34.063019 ], [ -118.35609, 34.063162 ], [ -118.356334, 34.063216 ], [ -118.356539, 34.063139 ], [ -118.356618, 34.063057 ], [ -118.356631, 34.062969 ] ], [ [ -118.411806, 34.100715 ], [ -118.411918, 34.100993 ], [ -118.412123, 34.101275 ], [ -118.412195, 34.101809 ], [ -118.412651, 34.102205 ], [ -118.412816, 34.102573 ], [ -118.412962, 34.102974 ], [ -118.412981, 34.103082 ], [ -118.413186, 34.103188 ], [ -118.413351, 34.103308 ], [ -118.413444, 34.103348 ], [ -118.413583, 34.10333 ], [ -118.413682, 34.103232 ], [ -118.413715, 34.103056 ], [ -118.413603, 34.102485 ], [ -118.413517, 34.10226 ], [ -118.413286, 34.102051 ], [ -118.413068, 34.101792 ], [ -118.412969, 34.10161 ], [ -118.412975, 34.101457 ], [ -118.413127, 34.100968 ], [ -118.413127, 34.100675 ], [ -118.412679, 34.098031 ], [ -118.412699, 34.097308 ], [ -118.412752, 34.096933 ], [ -118.412725, 34.096658 ], [ -118.412375, 34.096031 ], [ -118.412435, 34.095884 ], [ -118.412541, 34.095449 ], [ -118.412547, 34.095256 ], [ -118.412356, 34.094987 ], [ -118.411959, 34.094762 ], [ -118.410499, 34.094817 ], [ -118.41042, 34.094915 ], [ -118.410202, 34.094987 ], [ -118.410129, 34.095053 ], [ -118.410116, 34.095123 ], [ -118.410149, 34.095184 ], [ -118.410248, 34.095174 ], [ -118.410459, 34.095246 ], [ -118.410743, 34.095432 ], [ -118.410836, 34.09541 ], [ -118.410968, 34.09542 ], [ -118.411067, 34.095471 ], [ -118.41112, 34.095574 ], [ -118.41111, 34.095715 ], [ -118.4111, 34.095845 ], [ -118.411034, 34.095931 ], [ -118.410697, 34.09619 ], [ -118.410618, 34.096213 ], [ -118.410486, 34.096312 ], [ -118.410459, 34.096377 ], [ -118.410551, 34.096421 ], [ -118.410816, 34.09647 ], [ -118.411074, 34.096431 ], [ -118.411225, 34.096477 ], [ -118.411325, 34.096525 ], [ -118.411423, 34.096752 ], [ -118.411536, 34.09712 ], [ -118.411371, 34.097285 ], [ -118.411377, 34.097361 ], [ -118.411456, 34.097565 ], [ -118.411397, 34.097625 ], [ -118.411086, 34.097784 ], [ -118.410921, 34.097901 ], [ -118.410848, 34.098014 ], [ -118.410631, 34.098163 ], [ -118.410624, 34.098258 ], [ -118.410657, 34.098377 ], [ -118.410716, 34.098406 ], [ -118.411225, 34.098312 ], [ -118.411397, 34.098323 ], [ -118.411536, 34.098401 ], [ -118.411615, 34.098553 ], [ -118.411694, 34.098967 ], [ -118.411674, 34.099037 ], [ -118.41135, 34.099296 ], [ -118.411337, 34.099345 ], [ -118.411555, 34.099471 ], [ -118.411667, 34.09956 ], [ -118.411734, 34.099675 ], [ -118.411747, 34.09985 ], [ -118.411793, 34.099929 ], [ -118.411951, 34.100067 ], [ -118.412031, 34.100208 ], [ -118.412044, 34.100325 ], [ -118.411859, 34.100494 ], [ -118.411819, 34.100578 ], [ -118.411806, 34.100715 ] ], [ [ -118.359629, 34.106282 ], [ -118.359549, 34.106215 ], [ -118.359497, 34.106254 ], [ -118.359312, 34.106299 ], [ -118.359364, 34.10649 ], [ -118.359451, 34.106579 ], [ -118.359583, 34.106645 ], [ -118.359834, 34.106794 ], [ -118.360019, 34.106832 ], [ -118.360131, 34.106869 ], [ -118.360231, 34.106843 ], [ -118.360237, 34.106821 ], [ -118.360224, 34.106776 ], [ -118.359959, 34.106486 ], [ -118.359867, 34.106327 ], [ -118.359629, 34.106282 ] ], [ [ -118.407049, 34.119869 ], [ -118.407016, 34.119913 ], [ -118.407029, 34.119969 ], [ -118.407109, 34.120029 ], [ -118.407188, 34.120062 ], [ -118.407221, 34.119946 ], [ -118.407188, 34.11989 ], [ -118.407063, 34.119871 ], [ -118.407049, 34.119869 ] ], [ [ -118.411503, 34.120222 ], [ -118.411437, 34.120441 ], [ -118.411834, 34.120513 ], [ -118.411794, 34.120376 ], [ -118.411722, 34.120282 ], [ -118.411503, 34.120222 ] ], [ [ -118.410036, 34.121309 ], [ -118.410142, 34.121304 ], [ -118.410214, 34.121256 ], [ -118.410248, 34.12114 ], [ -118.410248, 34.120903 ], [ -118.410182, 34.120728 ], [ -118.410208, 34.12064 ], [ -118.4104, 34.120584 ], [ -118.410532, 34.120298 ], [ -118.410631, 34.120205 ], [ -118.410896, 34.120222 ], [ -118.410995, 34.12025 ], [ -118.411054, 34.120243 ], [ -118.411087, 34.12015 ], [ -118.411021, 34.120047 ], [ -118.410975, 34.119831 ], [ -118.411001, 34.119617 ], [ -118.410929, 34.119514 ], [ -118.410683, 34.119312 ], [ -118.410646, 34.11928 ], [ -118.410513, 34.119171 ], [ -118.410261, 34.119431 ], [ -118.410063, 34.119551 ], [ -118.409759, 34.119858 ], [ -118.409607, 34.119919 ], [ -118.409184, 34.119969 ], [ -118.409151, 34.120068 ], [ -118.409167, 34.120206 ], [ -118.40949, 34.120248 ], [ -118.409612, 34.120255 ], [ -118.409706, 34.120315 ], [ -118.40973, 34.120386 ], [ -118.409662, 34.120634 ], [ -118.409673, 34.120655 ], [ -118.409487, 34.12098 ], [ -118.409421, 34.121188 ], [ -118.409421, 34.121558 ], [ -118.409481, 34.122069 ], [ -118.409448, 34.122295 ], [ -118.409514, 34.122255 ], [ -118.40956, 34.122183 ], [ -118.409672, 34.12208 ], [ -118.409884, 34.121584 ], [ -118.409884, 34.121453 ], [ -118.40993, 34.121365 ], [ -118.410036, 34.121309 ] ], [ [ -118.408198, 34.122476 ], [ -118.408152, 34.12221 ], [ -118.407366, 34.122271 ], [ -118.407346, 34.122321 ], [ -118.407703, 34.122448 ], [ -118.407868, 34.122628 ], [ -118.408198, 34.122476 ] ], [ [ -118.380221, 34.127084 ], [ -118.380347, 34.127046 ], [ -118.380413, 34.126925 ], [ -118.380387, 34.126826 ], [ -118.380301, 34.12676 ], [ -118.380201, 34.126745 ], [ -118.380155, 34.126738 ], [ -118.380076, 34.126776 ], [ -118.380016, 34.126925 ], [ -118.380082, 34.127051 ], [ -118.380221, 34.127084 ] ], [ [ -118.348397, 34.146516 ], [ -118.348589, 34.146747 ], [ -118.348763, 34.146799 ], [ -118.348866, 34.146829 ], [ -118.348932, 34.146934 ], [ -118.348899, 34.147143 ], [ -118.348708, 34.147495 ], [ -118.348688, 34.147665 ], [ -118.348754, 34.147835 ], [ -118.348933, 34.147951 ], [ -118.349217, 34.147984 ], [ -118.349448, 34.147978 ], [ -118.349574, 34.147874 ], [ -118.349594, 34.147797 ], [ -118.349376, 34.147703 ], [ -118.349171, 34.14767 ], [ -118.349171, 34.147582 ], [ -118.349336, 34.147187 ], [ -118.349488, 34.147027 ], [ -118.349521, 34.146923 ], [ -118.349501, 34.146846 ], [ -118.349415, 34.146708 ], [ -118.349217, 34.146582 ], [ -118.349064, 34.146543 ], [ -118.349039, 34.146475 ], [ -118.348972, 34.146296 ], [ -118.348542, 34.146016 ], [ -118.348304, 34.145989 ], [ -118.348217, 34.146002 ], [ -118.348006, 34.146033 ], [ -118.347729, 34.145961 ], [ -118.347438, 34.145818 ], [ -118.347015, 34.145714 ], [ -118.346905, 34.145701 ], [ -118.346684, 34.145676 ], [ -118.346605, 34.145709 ], [ -118.346572, 34.145764 ], [ -118.346585, 34.145813 ], [ -118.346664, 34.145907 ], [ -118.34672, 34.145925 ], [ -118.346949, 34.145997 ], [ -118.346995, 34.146011 ], [ -118.347167, 34.146033 ], [ -118.347537, 34.14622 ], [ -118.348278, 34.146412 ], [ -118.348397, 34.146516 ] ], [ [ -118.379507, 34.166902 ], [ -118.379335, 34.166896 ], [ -118.379322, 34.167171 ], [ -118.3795, 34.167182 ], [ -118.379507, 34.166902 ] ], [ [ -118.361441, 34.190287 ], [ -118.361355, 34.190194 ], [ -118.361269, 34.190155 ], [ -118.361246, 34.190157 ], [ -118.361143, 34.190166 ], [ -118.361064, 34.190221 ], [ -118.361017, 34.190309 ], [ -118.361017, 34.190397 ], [ -118.361097, 34.190518 ], [ -118.361216, 34.190562 ], [ -118.361282, 34.190551 ], [ -118.361408, 34.190485 ], [ -118.361447, 34.190397 ], [ -118.361441, 34.190287 ] ], [ [ -118.390146, 34.195076 ], [ -118.39016, 34.195076 ], [ -118.390543, 34.195082 ], [ -118.390556, 34.194582 ], [ -118.390741, 34.194582 ], [ -118.390728, 34.194257 ], [ -118.390179, 34.194246 ], [ -118.390146, 34.195076 ] ], [ [ -118.377013, 34.216442 ], [ -118.377079, 34.216496 ], [ -118.377318, 34.216695 ], [ -118.37749, 34.216882 ], [ -118.377932, 34.217613 ], [ -118.378137, 34.217849 ], [ -118.37829, 34.217943 ], [ -118.378468, 34.21791 ], [ -118.378521, 34.217718 ], [ -118.378502, 34.217382 ], [ -118.378522, 34.217069 ], [ -118.378562, 34.216827 ], [ -118.378542, 34.216684 ], [ -118.378482, 34.216618 ], [ -118.378297, 34.21658 ], [ -118.378105, 34.216492 ], [ -118.377913, 34.216272 ], [ -118.377695, 34.216233 ], [ -118.377258, 34.2162 ], [ -118.376994, 34.216139 ], [ -118.376782, 34.216128 ], [ -118.376676, 34.216216 ], [ -118.377013, 34.216442 ] ], [ [ -118.416413, 34.229629 ], [ -118.416586, 34.229019 ], [ -118.41558, 34.22975 ], [ -118.414521, 34.230415 ], [ -118.414408, 34.230541 ], [ -118.414454, 34.230607 ], [ -118.414567, 34.230624 ], [ -118.415546, 34.231569 ], [ -118.415864, 34.231256 ], [ -118.416072, 34.23094 ], [ -118.416294, 34.230602 ], [ -118.416347, 34.230166 ], [ -118.416413, 34.229629 ] ], [ [ -118.377293, 34.234344 ], [ -118.377359, 34.234333 ], [ -118.377432, 34.234262 ], [ -118.377432, 34.234185 ], [ -118.377386, 34.234097 ], [ -118.377326, 34.234075 ], [ -118.377266, 34.234097 ], [ -118.377233, 34.234157 ], [ -118.377224, 34.234242 ], [ -118.37722, 34.234278 ], [ -118.377293, 34.234344 ] ], [ [ -118.384992, 34.241845 ], [ -118.385111, 34.241861 ], [ -118.385241, 34.241775 ], [ -118.385277, 34.241751 ], [ -118.385422, 34.241669 ], [ -118.385681, 34.241565 ], [ -118.38574, 34.241493 ], [ -118.385806, 34.24146 ], [ -118.385873, 34.241477 ], [ -118.386078, 34.241411 ], [ -118.386144, 34.241373 ], [ -118.38619, 34.241307 ], [ -118.386177, 34.241224 ], [ -118.386091, 34.241087 ], [ -118.386032, 34.241059 ], [ -118.385959, 34.241065 ], [ -118.385879, 34.241114 ], [ -118.385707, 34.24129 ], [ -118.385542, 34.241389 ], [ -118.385356, 34.241466 ], [ -118.385198, 34.241301 ], [ -118.385098, 34.241218 ], [ -118.384953, 34.241163 ], [ -118.384926, 34.241103 ], [ -118.384933, 34.241053 ], [ -118.384873, 34.24102 ], [ -118.384708, 34.241048 ], [ -118.384595, 34.241103 ], [ -118.384542, 34.241163 ], [ -118.384549, 34.241257 ], [ -118.384642, 34.241344 ], [ -118.384701, 34.241443 ], [ -118.384721, 34.241575 ], [ -118.384754, 34.241625 ], [ -118.384939, 34.24174 ], [ -118.384979, 34.241795 ], [ -118.384992, 34.241845 ] ], [ [ -118.383258, 34.241597 ], [ -118.383205, 34.241613 ], [ -118.383139, 34.241679 ], [ -118.383079, 34.241943 ], [ -118.383125, 34.242256 ], [ -118.383158, 34.243125 ], [ -118.383111, 34.24351 ], [ -118.383184, 34.243576 ], [ -118.383422, 34.243493 ], [ -118.383595, 34.243504 ], [ -118.38378, 34.243565 ], [ -118.383912, 34.243493 ], [ -118.384151, 34.243312 ], [ -118.38419, 34.243197 ], [ -118.384144, 34.243026 ], [ -118.384025, 34.242883 ], [ -118.38377, 34.242406 ], [ -118.383728, 34.242328 ], [ -118.383549, 34.241927 ], [ -118.383364, 34.241663 ], [ -118.383258, 34.241597 ] ], [ [ -118.395847, 34.244304 ], [ -118.396111, 34.244069 ], [ -118.395899, 34.243915 ], [ -118.395661, 34.244036 ], [ -118.395832, 34.244317 ], [ -118.395847, 34.244304 ] ], [ [ -118.393985, 34.246262 ], [ -118.394137, 34.24619 ], [ -118.39425, 34.24607 ], [ -118.394654, 34.245861 ], [ -118.39474, 34.245707 ], [ -118.394732, 34.245698 ], [ -118.394707, 34.245668 ], [ -118.394713, 34.245619 ], [ -118.394826, 34.245553 ], [ -118.395038, 34.245284 ], [ -118.395183, 34.245218 ], [ -118.395468, 34.244767 ], [ -118.395376, 34.244591 ], [ -118.395283, 34.244498 ], [ -118.395144, 34.244404 ], [ -118.394926, 34.244366 ], [ -118.394807, 34.244366 ], [ -118.394687, 34.244393 ], [ -118.394575, 34.24447 ], [ -118.39435, 34.2448 ], [ -118.394237, 34.244866 ], [ -118.394131, 34.244877 ], [ -118.394065, 34.244987 ], [ -118.39382, 34.245075 ], [ -118.393721, 34.245179 ], [ -118.393403, 34.245316 ], [ -118.39331, 34.245503 ], [ -118.39327, 34.245674 ], [ -118.393317, 34.245855 ], [ -118.393396, 34.245987 ], [ -118.393621, 34.246108 ], [ -118.393819, 34.246251 ], [ -118.393985, 34.246262 ] ], [ [ -118.380362, 34.25624 ], [ -118.380415, 34.256266 ], [ -118.380522, 34.25627 ], [ -118.380736, 34.25624 ], [ -118.380911, 34.256228 ], [ -118.38093, 34.256198 ], [ -118.380957, 34.256156 ], [ -118.380911, 34.25611 ], [ -118.380835, 34.256053 ], [ -118.380866, 34.255981 ], [ -118.381011, 34.255958 ], [ -118.381133, 34.25592 ], [ -118.381163, 34.25587 ], [ -118.381163, 34.255782 ], [ -118.381117, 34.255748 ], [ -118.380911, 34.255732 ], [ -118.380576, 34.255698 ], [ -118.380416, 34.25569 ], [ -118.380354, 34.255747 ], [ -118.380378, 34.255817 ], [ -118.380408, 34.255843 ], [ -118.380522, 34.255897 ], [ -118.380637, 34.255957 ], [ -118.380644, 34.256007 ], [ -118.380614, 34.256046 ], [ -118.380538, 34.256106 ], [ -118.380408, 34.256171 ], [ -118.380362, 34.25624 ] ], [ [ -118.380606, 34.261439 ], [ -118.380835, 34.261378 ], [ -118.380934, 34.261305 ], [ -118.381034, 34.261141 ], [ -118.381186, 34.261024 ], [ -118.381331, 34.261035 ], [ -118.381415, 34.261081 ], [ -118.381578, 34.261139 ], [ -118.381606, 34.261149 ], [ -118.381835, 34.261153 ], [ -118.381987, 34.261138 ], [ -118.382086, 34.261077 ], [ -118.382117, 34.261004 ], [ -118.382094, 34.260924 ], [ -118.382018, 34.26084 ], [ -118.381896, 34.260752 ], [ -118.381674, 34.26063 ], [ -118.381522, 34.260604 ], [ -118.381346, 34.260608 ], [ -118.381163, 34.26063 ], [ -118.380972, 34.260611 ], [ -118.380766, 34.260554 ], [ -118.380141, 34.260497 ], [ -118.379981, 34.260554 ], [ -118.379805, 34.260642 ], [ -118.379767, 34.260753 ], [ -118.379782, 34.26081 ], [ -118.379882, 34.260928 ], [ -118.380431, 34.261397 ], [ -118.380606, 34.261439 ] ], [ [ -118.379713, 34.263022 ], [ -118.379912, 34.26311 ], [ -118.380042, 34.263159 ], [ -118.380187, 34.263175 ], [ -118.380271, 34.263175 ], [ -118.380431, 34.26316 ], [ -118.380667, 34.263152 ], [ -118.380912, 34.263079 ], [ -118.380946, 34.263073 ], [ -118.381285, 34.263018 ], [ -118.381461, 34.262976 ], [ -118.381583, 34.262862 ], [ -118.38159, 34.262771 ], [ -118.381537, 34.26272 ], [ -118.381438, 34.26269 ], [ -118.381301, 34.262591 ], [ -118.381201, 34.262538 ], [ -118.380965, 34.262465 ], [ -118.380797, 34.262431 ], [ -118.380644, 34.262415 ], [ -118.380522, 34.262416 ], [ -118.380347, 34.262411 ], [ -118.380202, 34.262374 ], [ -118.380072, 34.262278 ], [ -118.379904, 34.262183 ], [ -118.379821, 34.262153 ], [ -118.379775, 34.26219 ], [ -118.379713, 34.262267 ], [ -118.379676, 34.2624 ], [ -118.379691, 34.262538 ], [ -118.379721, 34.262614 ], [ -118.379691, 34.262702 ], [ -118.379653, 34.262762 ], [ -118.379675, 34.262812 ], [ -118.379721, 34.262889 ], [ -118.379713, 34.263022 ] ], [ [ -118.379073, 34.273245 ], [ -118.379484, 34.272902 ], [ -118.378978, 34.272465 ], [ -118.378564, 34.272779 ], [ -118.379073, 34.273245 ] ], [ [ -118.387954, 34.287767 ], [ -118.387824, 34.287961 ], [ -118.387801, 34.288072 ], [ -118.387877, 34.288092 ], [ -118.387984, 34.288072 ], [ -118.388236, 34.288095 ], [ -118.388366, 34.288141 ], [ -118.388518, 34.288267 ], [ -118.388591, 34.288343 ], [ -118.388671, 34.288427 ], [ -118.388762, 34.288446 ], [ -118.388785, 34.288419 ], [ -118.388808, 34.288305 ], [ -118.388701, 34.28816 ], [ -118.388625, 34.288011 ], [ -118.388572, 34.287843 ], [ -118.388556, 34.287771 ], [ -118.388106, 34.287634 ], [ -118.387954, 34.287767 ] ], [ [ -118.432847, 34.30552 ], [ -118.433327, 34.305894 ], [ -118.433345, 34.305878 ], [ -118.433739, 34.305527 ], [ -118.433228, 34.305169 ], [ -118.432847, 34.30552 ] ], [ [ -118.413399, 34.3107 ], [ -118.413437, 34.310765 ], [ -118.413483, 34.31094 ], [ -118.413528, 34.311032 ], [ -118.413635, 34.31112 ], [ -118.413719, 34.311173 ], [ -118.413742, 34.31115 ], [ -118.413757, 34.311097 ], [ -118.413742, 34.311009 ], [ -118.413773, 34.310933 ], [ -118.413832, 34.310866 ], [ -118.413856, 34.310838 ], [ -118.414146, 34.310677 ], [ -118.414154, 34.310589 ], [ -118.414139, 34.310551 ], [ -118.414032, 34.310528 ], [ -118.413788, 34.310521 ], [ -118.413574, 34.310501 ], [ -118.413368, 34.310341 ], [ -118.413292, 34.310319 ], [ -118.413238, 34.310368 ], [ -118.413238, 34.31044 ], [ -118.413269, 34.31057 ], [ -118.413399, 34.3107 ] ], [ [ -118.412819, 34.311429 ], [ -118.412803, 34.311512 ], [ -118.412872, 34.311574 ], [ -118.413002, 34.311676 ], [ -118.413132, 34.311681 ], [ -118.4132, 34.311644 ], [ -118.413238, 34.311623 ], [ -118.413292, 34.311524 ], [ -118.413406, 34.311478 ], [ -118.413498, 34.311501 ], [ -118.413582, 34.311512 ], [ -118.413643, 34.311497 ], [ -118.413643, 34.311436 ], [ -118.413628, 34.31136 ], [ -118.413597, 34.311283 ], [ -118.413429, 34.311188 ], [ -118.413254, 34.311123 ], [ -118.413177, 34.31115 ], [ -118.413109, 34.311242 ], [ -118.413078, 34.311341 ], [ -118.412918, 34.31139 ], [ -118.412819, 34.311429 ] ], [ [ -118.415848, 34.312306 ], [ -118.415924, 34.312409 ], [ -118.415993, 34.312573 ], [ -118.416046, 34.312607 ], [ -118.416122, 34.312596 ], [ -118.416214, 34.312573 ], [ -118.416366, 34.312512 ], [ -118.416534, 34.312458 ], [ -118.416664, 34.312436 ], [ -118.416803, 34.312465 ], [ -118.416992, 34.312504 ], [ -118.417114, 34.312504 ], [ -118.417122, 34.312458 ], [ -118.417122, 34.312417 ], [ -118.417068, 34.312371 ], [ -118.416977, 34.312321 ], [ -118.416863, 34.312245 ], [ -118.416702, 34.312127 ], [ -118.416603, 34.312035 ], [ -118.416527, 34.312009 ], [ -118.416397, 34.31202 ], [ -118.416298, 34.312024 ], [ -118.416168, 34.311997 ], [ -118.416023, 34.31192 ], [ -118.415833, 34.311803 ], [ -118.415703, 34.311822 ], [ -118.415634, 34.311887 ], [ -118.415619, 34.31197 ], [ -118.415634, 34.312051 ], [ -118.415733, 34.312176 ], [ -118.415848, 34.312306 ] ], [ [ -118.427994, 34.32021 ], [ -118.428612, 34.319668 ], [ -118.427925, 34.319138 ], [ -118.427307, 34.319676 ], [ -118.427994, 34.32021 ] ], [ [ -118.304283, 33.984343 ], [ -118.303881, 33.984354 ], [ -118.303881, 33.98446 ], [ -118.30429, 33.984464 ], [ -118.304283, 33.984343 ] ], [ [ -118.318175, 33.990775 ], [ -118.318161, 33.990444 ], [ -118.317983, 33.990451 ], [ -118.317997, 33.990775 ], [ -118.318175, 33.990775 ] ], [ [ -118.276899, 34.057718 ], [ -118.276939, 34.057813 ], [ -118.276919, 34.058142 ], [ -118.2768, 34.058335 ], [ -118.277038, 34.058614 ], [ -118.277262, 34.058813 ], [ -118.277585, 34.058949 ], [ -118.278008, 34.059087 ], [ -118.278385, 34.05911 ], [ -118.278616, 34.059076 ], [ -118.278827, 34.058895 ], [ -118.278986, 34.058709 ], [ -118.279065, 34.05844 ], [ -118.279019, 34.058269 ], [ -118.278795, 34.057791 ], [ -118.27861, 34.057631 ], [ -118.278346, 34.057467 ], [ -118.278015, 34.057344 ], [ -118.27793, 34.057349 ], [ -118.277606, 34.057477 ], [ -118.2775, 34.057494 ], [ -118.277414, 34.057454 ], [ -118.277375, 34.057382 ], [ -118.277362, 34.057152 ], [ -118.277329, 34.05713 ], [ -118.277131, 34.057107 ], [ -118.277025, 34.057147 ], [ -118.276879, 34.057405 ], [ -118.276939, 34.057499 ], [ -118.276899, 34.057718 ] ], [ [ -118.277968, 34.059718 ], [ -118.277917, 34.059704 ], [ -118.277757, 34.05966 ], [ -118.277552, 34.059504 ], [ -118.277407, 34.059494 ], [ -118.277334, 34.059526 ], [ -118.277348, 34.059637 ], [ -118.277473, 34.059872 ], [ -118.277512, 34.059951 ], [ -118.277697, 34.059994 ], [ -118.278034, 34.059957 ], [ -118.278094, 34.059929 ], [ -118.27812, 34.059863 ], [ -118.278114, 34.059823 ], [ -118.277968, 34.059718 ] ], [ [ -118.282708, 34.08421 ], [ -118.281708, 34.08371 ], [ -118.281008, 34.08651 ], [ -118.282708, 34.08421 ] ], [ [ -118.316885, 34.088685 ], [ -118.31678, 34.088779 ], [ -118.316641, 34.089021 ], [ -118.316621, 34.089182 ], [ -118.316687, 34.089341 ], [ -118.316826, 34.089416 ], [ -118.316952, 34.089615 ], [ -118.317031, 34.089664 ], [ -118.317083, 34.089648 ], [ -118.31711, 34.089571 ], [ -118.317064, 34.089213 ], [ -118.317072, 34.089195 ], [ -118.317255, 34.088796 ], [ -118.317255, 34.088692 ], [ -118.317123, 34.088664 ], [ -118.316885, 34.088685 ] ], [ [ -118.334556, 34.12471 ], [ -118.334653, 34.12461 ], [ -118.334715, 34.124545 ], [ -118.334821, 34.124373 ], [ -118.334794, 34.124247 ], [ -118.334563, 34.123785 ], [ -118.334569, 34.123715 ], [ -118.334635, 34.123604 ], [ -118.334787, 34.123578 ], [ -118.335158, 34.123655 ], [ -118.335389, 34.123785 ], [ -118.335561, 34.123862 ], [ -118.335653, 34.123834 ], [ -118.335667, 34.123699 ], [ -118.335633, 34.123598 ], [ -118.335521, 34.123461 ], [ -118.335323, 34.123297 ], [ -118.334959, 34.123165 ], [ -118.334821, 34.123039 ], [ -118.334734, 34.12296 ], [ -118.334695, 34.12288 ], [ -118.334728, 34.122753 ], [ -118.334906, 34.122693 ], [ -118.335058, 34.122544 ], [ -118.335045, 34.122511 ], [ -118.33486, 34.122373 ], [ -118.334622, 34.12227 ], [ -118.334483, 34.122115 ], [ -118.334476, 34.121983 ], [ -118.334542, 34.121862 ], [ -118.33484, 34.121697 ], [ -118.334859, 34.121654 ], [ -118.334833, 34.121559 ], [ -118.334707, 34.1215 ], [ -118.334463, 34.121493 ], [ -118.334331, 34.121416 ], [ -118.334351, 34.121357 ], [ -118.334602, 34.121066 ], [ -118.334701, 34.1209 ], [ -118.334674, 34.120835 ], [ -118.334548, 34.120773 ], [ -118.334039, 34.120659 ], [ -118.333973, 34.120597 ], [ -118.333914, 34.120307 ], [ -118.333967, 34.120257 ], [ -118.334192, 34.120114 ], [ -118.334211, 34.120022 ], [ -118.334138, 34.119845 ], [ -118.334066, 34.119604 ], [ -118.333867, 34.119394 ], [ -118.333596, 34.119251 ], [ -118.333517, 34.119152 ], [ -118.333451, 34.118894 ], [ -118.33312, 34.118823 ], [ -118.333035, 34.118657 ], [ -118.333133, 34.11828 ], [ -118.333226, 34.118164 ], [ -118.33318, 34.118096 ], [ -118.332585, 34.118008 ], [ -118.332386, 34.11795 ], [ -118.33203, 34.118048 ], [ -118.331858, 34.118063 ], [ -118.331362, 34.118069 ], [ -118.330681, 34.117905 ], [ -118.330093, 34.117526 ], [ -118.33004, 34.117653 ], [ -118.329921, 34.117789 ], [ -118.329809, 34.117851 ], [ -118.329545, 34.11791 ], [ -118.329181, 34.117878 ], [ -118.329148, 34.117894 ], [ -118.329121, 34.117949 ], [ -118.329075, 34.117983 ], [ -118.328871, 34.118026 ], [ -118.328785, 34.11802 ], [ -118.328752, 34.118086 ], [ -118.328798, 34.118176 ], [ -118.328778, 34.118192 ], [ -118.328917, 34.118224 ], [ -118.328996, 34.118268 ], [ -118.329095, 34.118434 ], [ -118.329194, 34.118478 ], [ -118.3293, 34.11861 ], [ -118.32934, 34.118621 ], [ -118.32936, 34.118647 ], [ -118.329452, 34.11868 ], [ -118.329518, 34.118774 ], [ -118.329571, 34.118796 ], [ -118.32971, 34.118752 ], [ -118.329869, 34.118764 ], [ -118.330054, 34.118861 ], [ -118.330173, 34.118988 ], [ -118.330206, 34.119087 ], [ -118.330179, 34.119141 ], [ -118.329948, 34.119153 ], [ -118.329823, 34.119208 ], [ -118.32971, 34.119286 ], [ -118.329274, 34.119372 ], [ -118.329142, 34.119439 ], [ -118.329102, 34.119516 ], [ -118.329082, 34.119791 ], [ -118.329016, 34.119857 ], [ -118.32895, 34.119896 ], [ -118.328732, 34.119896 ], [ -118.328534, 34.119835 ], [ -118.328117, 34.119599 ], [ -118.328058, 34.119588 ], [ -118.327926, 34.11972 ], [ -118.327899, 34.119779 ], [ -118.327919, 34.119813 ], [ -118.328005, 34.119857 ], [ -118.328283, 34.120109 ], [ -118.328362, 34.120252 ], [ -118.328362, 34.12039 ], [ -118.328329, 34.120489 ], [ -118.328237, 34.120537 ], [ -118.327939, 34.120572 ], [ -118.327866, 34.120638 ], [ -118.327794, 34.120671 ], [ -118.327688, 34.120681 ], [ -118.327569, 34.120743 ], [ -118.327351, 34.120809 ], [ -118.327318, 34.120852 ], [ -118.327358, 34.120896 ], [ -118.327543, 34.120928 ], [ -118.327959, 34.12094 ], [ -118.328025, 34.120957 ], [ -118.328144, 34.121043 ], [ -118.32819, 34.12123 ], [ -118.328138, 34.121379 ], [ -118.32784, 34.121782 ], [ -118.327596, 34.122127 ], [ -118.327589, 34.122231 ], [ -118.32755, 34.12233 ], [ -118.327219, 34.122688 ], [ -118.327206, 34.122749 ], [ -118.327272, 34.122771 ], [ -118.327358, 34.122738 ], [ -118.327556, 34.12259 ], [ -118.327722, 34.122534 ], [ -118.327834, 34.122512 ], [ -118.327992, 34.122655 ], [ -118.328058, 34.122672 ], [ -118.328111, 34.122633 ], [ -118.328059, 34.122523 ], [ -118.328078, 34.122478 ], [ -118.328098, 34.122313 ], [ -118.328177, 34.122215 ], [ -118.328482, 34.122084 ], [ -118.328581, 34.122006 ], [ -118.32866, 34.121989 ], [ -118.328937, 34.122067 ], [ -118.328957, 34.122128 ], [ -118.329057, 34.122181 ], [ -118.329123, 34.12216 ], [ -118.329149, 34.12211 ], [ -118.329017, 34.121825 ], [ -118.329037, 34.12173 ], [ -118.329122, 34.121633 ], [ -118.329274, 34.121577 ], [ -118.329327, 34.121522 ], [ -118.329499, 34.121435 ], [ -118.329631, 34.121478 ], [ -118.32979, 34.121517 ], [ -118.32981, 34.121472 ], [ -118.32975, 34.121357 ], [ -118.329823, 34.121341 ], [ -118.329889, 34.121297 ], [ -118.329955, 34.121148 ], [ -118.330015, 34.121116 ], [ -118.3302, 34.121098 ], [ -118.330286, 34.121138 ], [ -118.330504, 34.12118 ], [ -118.33059, 34.121132 ], [ -118.330596, 34.121048 ], [ -118.330543, 34.121015 ], [ -118.330616, 34.120906 ], [ -118.331178, 34.12067 ], [ -118.331488, 34.120604 ], [ -118.331594, 34.120614 ], [ -118.3317, 34.120669 ], [ -118.331865, 34.120708 ], [ -118.331945, 34.120779 ], [ -118.331977, 34.120862 ], [ -118.332037, 34.121087 ], [ -118.331991, 34.121126 ], [ -118.331555, 34.121329 ], [ -118.331535, 34.121379 ], [ -118.331541, 34.121444 ], [ -118.331621, 34.121587 ], [ -118.331595, 34.121709 ], [ -118.331403, 34.121908 ], [ -118.331436, 34.121984 ], [ -118.331601, 34.122138 ], [ -118.331641, 34.122248 ], [ -118.331608, 34.122298 ], [ -118.331634, 34.122347 ], [ -118.331614, 34.12239 ], [ -118.331568, 34.122424 ], [ -118.33137, 34.122627 ], [ -118.331337, 34.122697 ], [ -118.331297, 34.122732 ], [ -118.331152, 34.122781 ], [ -118.33106, 34.122901 ], [ -118.331, 34.123105 ], [ -118.330874, 34.123291 ], [ -118.330656, 34.123424 ], [ -118.330577, 34.123522 ], [ -118.330557, 34.123747 ], [ -118.330518, 34.123847 ], [ -118.330227, 34.124028 ], [ -118.330352, 34.12411 ], [ -118.330306, 34.124194 ], [ -118.330147, 34.12427 ], [ -118.330115, 34.124363 ], [ -118.330095, 34.124627 ], [ -118.330035, 34.124682 ], [ -118.329917, 34.124715 ], [ -118.329606, 34.1247 ], [ -118.329573, 34.124759 ], [ -118.329778, 34.124892 ], [ -118.329897, 34.125008 ], [ -118.329907, 34.125071 ], [ -118.329827, 34.125203 ], [ -118.329709, 34.125308 ], [ -118.32955, 34.125386 ], [ -118.329477, 34.125452 ], [ -118.329497, 34.125511 ], [ -118.329543, 34.12583 ], [ -118.329425, 34.126172 ], [ -118.329418, 34.126321 ], [ -118.329577, 34.126204 ], [ -118.329808, 34.125868 ], [ -118.32992, 34.125781 ], [ -118.330039, 34.125748 ], [ -118.330138, 34.125776 ], [ -118.330184, 34.125436 ], [ -118.330264, 34.125351 ], [ -118.330389, 34.125318 ], [ -118.330482, 34.125193 ], [ -118.33062, 34.125111 ], [ -118.330779, 34.125154 ], [ -118.331322, 34.125583 ], [ -118.331387, 34.125589 ], [ -118.331401, 34.125517 ], [ -118.331242, 34.125269 ], [ -118.331116, 34.125024 ], [ -118.33108, 34.124837 ], [ -118.331212, 34.124676 ], [ -118.331212, 34.12448 ], [ -118.331278, 34.124387 ], [ -118.331364, 34.124352 ], [ -118.331523, 34.124375 ], [ -118.331628, 34.124419 ], [ -118.331754, 34.124517 ], [ -118.331807, 34.124507 ], [ -118.331919, 34.124303 ], [ -118.332005, 34.12421 ], [ -118.331826, 34.124006 ], [ -118.33184, 34.123891 ], [ -118.331879, 34.123792 ], [ -118.332058, 34.123682 ], [ -118.332177, 34.123583 ], [ -118.332361, 34.123378 ], [ -118.332441, 34.123323 ], [ -118.332586, 34.12332 ], [ -118.332679, 34.123341 ], [ -118.332738, 34.123451 ], [ -118.332725, 34.123562 ], [ -118.332745, 34.123654 ], [ -118.332831, 34.123687 ], [ -118.33293, 34.123699 ], [ -118.333142, 34.123792 ], [ -118.333201, 34.123886 ], [ -118.333206, 34.124057 ], [ -118.333208, 34.124104 ], [ -118.333122, 34.124265 ], [ -118.333135, 34.124292 ], [ -118.333254, 34.124282 ], [ -118.333578, 34.124143 ], [ -118.33369, 34.12416 ], [ -118.333882, 34.124286 ], [ -118.334034, 34.124467 ], [ -118.334074, 34.124561 ], [ -118.333995, 34.124873 ], [ -118.334021, 34.124891 ], [ -118.334233, 34.124875 ], [ -118.334384, 34.124824 ], [ -118.334556, 34.12471 ] ], [ [ -118.326717, 34.123391 ], [ -118.326671, 34.123325 ], [ -118.326658, 34.123271 ], [ -118.326605, 34.123242 ], [ -118.326413, 34.123292 ], [ -118.326327, 34.123365 ], [ -118.326307, 34.123415 ], [ -118.326327, 34.123473 ], [ -118.326446, 34.123551 ], [ -118.326585, 34.123579 ], [ -118.326706, 34.123562 ], [ -118.32675, 34.123556 ], [ -118.32681, 34.123524 ], [ -118.326717, 34.123391 ] ], [ [ -118.335601, 34.128348 ], [ -118.335837, 34.128589 ], [ -118.335916, 34.128611 ], [ -118.335942, 34.128588 ], [ -118.335936, 34.128511 ], [ -118.335925, 34.128487 ], [ -118.335731, 34.128072 ], [ -118.335718, 34.127968 ], [ -118.335896, 34.127479 ], [ -118.335988, 34.127291 ], [ -118.336127, 34.12722 ], [ -118.336418, 34.127093 ], [ -118.336458, 34.127045 ], [ -118.336067, 34.126774 ], [ -118.335981, 34.126626 ], [ -118.335968, 34.126495 ], [ -118.335988, 34.126358 ], [ -118.336067, 34.126269 ], [ -118.336008, 34.126143 ], [ -118.336015, 34.125979 ], [ -118.336107, 34.12566 ], [ -118.336047, 34.125615 ], [ -118.335836, 34.125528 ], [ -118.335757, 34.125434 ], [ -118.335743, 34.12522 ], [ -118.3357, 34.125028 ], [ -118.335607, 34.124782 ], [ -118.335449, 34.124747 ], [ -118.33535, 34.124764 ], [ -118.335109, 34.125021 ], [ -118.33462, 34.12539 ], [ -118.334633, 34.125554 ], [ -118.334521, 34.125968 ], [ -118.33497, 34.126067 ], [ -118.335089, 34.126153 ], [ -118.335188, 34.126285 ], [ -118.335274, 34.126589 ], [ -118.335314, 34.12689 ], [ -118.335314, 34.12705 ], [ -118.335288, 34.127143 ], [ -118.335182, 34.127225 ], [ -118.335155, 34.127302 ], [ -118.335248, 34.127507 ], [ -118.335228, 34.127924 ], [ -118.335308, 34.127991 ], [ -118.335493, 34.128237 ], [ -118.335601, 34.128348 ] ], [ [ -118.297496, 34.146488 ], [ -118.297443, 34.146592 ], [ -118.297489, 34.146697 ], [ -118.297648, 34.146807 ], [ -118.29772, 34.146735 ], [ -118.29778, 34.146631 ], [ -118.297714, 34.146559 ], [ -118.297694, 34.146553 ], [ -118.297496, 34.146488 ] ], [ [ -118.318051, 34.15392 ], [ -118.318144, 34.15386 ], [ -118.31819, 34.153744 ], [ -118.318144, 34.15364 ], [ -118.318322, 34.153563 ], [ -118.318507, 34.153524 ], [ -118.318692, 34.153398 ], [ -118.318884, 34.153315 ], [ -118.319109, 34.153376 ], [ -118.32145, 34.153409 ], [ -118.321946, 34.153365 ], [ -118.322422, 34.153271 ], [ -118.32264, 34.1532 ], [ -118.322706, 34.153139 ], [ -118.32264, 34.153101 ], [ -118.321959, 34.153271 ], [ -118.319228, 34.153244 ], [ -118.318957, 34.1532 ], [ -118.318706, 34.153112 ], [ -118.317218, 34.152403 ], [ -118.316629, 34.152178 ], [ -118.316253, 34.152106 ], [ -118.315664, 34.152073 ], [ -118.315181, 34.152123 ], [ -118.314692, 34.1522 ], [ -118.314005, 34.152299 ], [ -118.313502, 34.152414 ], [ -118.313191, 34.152552 ], [ -118.312927, 34.152722 ], [ -118.312662, 34.152865 ], [ -118.312477, 34.15309 ], [ -118.312338, 34.153316 ], [ -118.312233, 34.153629 ], [ -118.31216, 34.153909 ], [ -118.3122, 34.154063 ], [ -118.312332, 34.154074 ], [ -118.312808, 34.154025 ], [ -118.312897, 34.153984 ], [ -118.31294, 34.153964 ], [ -118.313033, 34.15386 ], [ -118.313687, 34.153997 ], [ -118.313938, 34.153948 ], [ -118.314421, 34.154091 ], [ -118.314619, 34.154118 ], [ -118.314805, 34.154069 ], [ -118.314904, 34.15414 ], [ -118.315096, 34.154195 ], [ -118.316054, 34.154327 ], [ -118.31743, 34.154019 ], [ -118.318051, 34.15392 ] ], [ [ -118.301924, 34.155932 ], [ -118.302427, 34.15586 ], [ -118.302409, 34.155749 ], [ -118.302407, 34.155739 ], [ -118.301891, 34.15586 ], [ -118.301924, 34.155932 ] ], [ [ -118.335436, 34.257411 ], [ -118.335621, 34.257455 ], [ -118.335727, 34.25746 ], [ -118.335786, 34.25746 ], [ -118.335892, 34.257433 ], [ -118.336078, 34.257405 ], [ -118.336237, 34.257361 ], [ -118.336369, 34.257312 ], [ -118.336468, 34.257262 ], [ -118.336534, 34.257218 ], [ -118.336587, 34.257158 ], [ -118.336647, 34.25707 ], [ -118.336687, 34.256872 ], [ -118.33668, 34.256784 ], [ -118.336634, 34.256669 ], [ -118.336534, 34.256509 ], [ -118.336468, 34.256449 ], [ -118.336395, 34.256405 ], [ -118.336296, 34.256383 ], [ -118.336058, 34.25635 ], [ -118.335945, 34.256366 ], [ -118.335462, 34.256509 ], [ -118.335303, 34.256597 ], [ -118.335243, 34.256647 ], [ -118.335164, 34.256762 ], [ -118.335138, 34.256839 ], [ -118.335131, 34.256922 ], [ -118.335118, 34.256993 ], [ -118.335131, 34.257087 ], [ -118.335164, 34.257147 ], [ -118.335263, 34.257306 ], [ -118.33533, 34.257361 ], [ -118.335436, 34.257411 ] ], [ [ -118.287323, 34.271377 ], [ -118.287416, 34.27146 ], [ -118.287548, 34.271388 ], [ -118.287441, 34.271285 ], [ -118.287422, 34.271267 ], [ -118.287323, 34.271377 ] ], [ [ -118.294857, 34.28359 ], [ -118.295145, 34.283446 ], [ -118.295476, 34.28334 ], [ -118.295593, 34.283302 ], [ -118.295973, 34.282968 ], [ -118.296121, 34.282742 ], [ -118.296269, 34.282581 ], [ -118.296297, 34.28255 ], [ -118.296553, 34.282246 ], [ -118.296777, 34.281862 ], [ -118.297028, 34.281463 ], [ -118.297049, 34.28143 ], [ -118.297033, 34.281222 ], [ -118.297033, 34.28087 ], [ -118.296873, 34.280902 ], [ -118.296649, 34.280934 ], [ -118.296297, 34.28103 ], [ -118.295977, 34.281318 ], [ -118.295625, 34.281648 ], [ -118.295465, 34.281798 ], [ -118.295406, 34.281936 ], [ -118.295369, 34.282022 ], [ -118.29534, 34.282048 ], [ -118.295049, 34.28231 ], [ -118.294857, 34.282502 ], [ -118.294598, 34.282849 ], [ -118.294597, 34.282866 ], [ -118.294505, 34.283174 ], [ -118.294153, 34.283782 ], [ -118.294057, 34.28407 ], [ -118.294217, 34.284038 ], [ -118.294441, 34.28391 ], [ -118.294697, 34.28375 ], [ -118.294857, 34.28359 ] ], [ [ -118.255509, 33.936969 ], [ -118.256076, 33.937393 ], [ -118.256537, 33.937602 ], [ -118.256986, 33.937734 ], [ -118.258126, 33.937817 ], [ -118.258675, 33.937819 ], [ -118.260819, 33.937828 ], [ -118.262987, 33.937837 ], [ -118.263943, 33.937841 ], [ -118.264128, 33.937858 ], [ -118.264372, 33.937907 ], [ -118.264952, 33.938199 ], [ -118.264952, 33.938144 ], [ -118.264755, 33.937963 ], [ -118.264645, 33.937913 ], [ -118.264306, 33.937759 ], [ -118.264141, 33.937748 ], [ -118.263943, 33.93772 ], [ -118.263746, 33.937731 ], [ -118.262964, 33.937731 ], [ -118.260818, 33.937719 ], [ -118.258796, 33.93771 ], [ -118.258676, 33.937714 ], [ -118.258527, 33.937709 ], [ -118.258107, 33.937707 ], [ -118.257216, 33.937652 ], [ -118.257014, 33.9376 ], [ -118.256579, 33.937487 ], [ -118.256537, 33.937476 ], [ -118.256089, 33.937272 ], [ -118.255594, 33.936887 ], [ -118.255245, 33.936436 ], [ -118.255094, 33.936134 ], [ -118.254943, 33.935293 ], [ -118.254945, 33.935235 ], [ -118.254949, 33.935089 ], [ -118.255044, 33.931648 ], [ -118.255027, 33.930973 ], [ -118.255018, 33.930614 ], [ -118.254862, 33.930178 ], [ -118.254788, 33.929971 ], [ -118.254603, 33.929652 ], [ -118.254504, 33.929614 ], [ -118.254471, 33.929669 ], [ -118.254742, 33.930175 ], [ -118.254886, 33.930642 ], [ -118.254886, 33.930971 ], [ -118.254885, 33.933094 ], [ -118.254771, 33.934853 ], [ -118.254792, 33.935099 ], [ -118.254805, 33.935244 ], [ -118.254876, 33.936062 ], [ -118.25506, 33.936518 ], [ -118.255158, 33.936583 ], [ -118.255159, 33.936601 ], [ -118.255225, 33.936656 ], [ -118.255509, 33.936969 ] ], [ [ -118.267403, 33.997701 ], [ -118.267403, 33.997409 ], [ -118.267227, 33.997415 ], [ -118.267231, 33.997701 ], [ -118.267403, 33.997701 ] ], [ [ -118.224205, 34.018414 ], [ -118.224291, 34.018876 ], [ -118.224859, 34.018898 ], [ -118.224905, 34.018865 ], [ -118.224918, 34.018634 ], [ -118.224878, 34.018463 ], [ -118.224792, 34.018431 ], [ -118.224257, 34.018416 ], [ -118.224205, 34.018414 ] ], [ [ -118.250403, 34.057674 ], [ -118.249677, 34.057212 ], [ -118.248613, 34.05834 ], [ -118.249334, 34.058812 ], [ -118.250403, 34.057674 ] ], [ [ -118.260775, 34.074204 ], [ -118.260847, 34.074226 ], [ -118.2609, 34.074297 ], [ -118.260959, 34.074583 ], [ -118.261157, 34.075083 ], [ -118.261276, 34.07516 ], [ -118.261375, 34.075149 ], [ -118.261422, 34.074891 ], [ -118.261409, 34.074583 ], [ -118.261415, 34.074352 ], [ -118.261343, 34.07394 ], [ -118.261422, 34.07366 ], [ -118.261435, 34.073544 ], [ -118.261436, 34.073269 ], [ -118.261357, 34.072802 ], [ -118.261364, 34.072269 ], [ -118.261311, 34.072027 ], [ -118.261245, 34.071857 ], [ -118.261186, 34.071626 ], [ -118.261153, 34.07095 ], [ -118.26108, 34.070818 ], [ -118.260975, 34.070702 ], [ -118.260499, 34.070405 ], [ -118.260367, 34.07035 ], [ -118.260268, 34.070356 ], [ -118.260189, 34.070383 ], [ -118.260143, 34.070427 ], [ -118.260123, 34.07057 ], [ -118.260261, 34.071114 ], [ -118.260281, 34.071307 ], [ -118.260155, 34.071774 ], [ -118.260135, 34.072115 ], [ -118.260035, 34.072901 ], [ -118.259936, 34.073533 ], [ -118.259857, 34.073769 ], [ -118.259678, 34.073928 ], [ -118.259487, 34.074055 ], [ -118.259288, 34.074241 ], [ -118.259182, 34.074461 ], [ -118.259262, 34.074676 ], [ -118.259361, 34.074808 ], [ -118.259565, 34.07494 ], [ -118.259684, 34.074951 ], [ -118.259856, 34.074896 ], [ -118.260114, 34.074753 ], [ -118.260173, 34.074654 ], [ -118.260418, 34.074577 ], [ -118.260484, 34.0745 ], [ -118.260649, 34.074253 ], [ -118.260708, 34.074209 ], [ -118.260775, 34.074204 ] ], [ [ -118.235394, 34.074452 ], [ -118.235315, 34.074501 ], [ -118.234899, 34.075183 ], [ -118.235315, 34.075381 ], [ -118.235764, 34.074699 ], [ -118.235751, 34.074567 ], [ -118.235685, 34.074479 ], [ -118.235526, 34.07443 ], [ -118.235394, 34.074452 ] ], [ [ -118.229066, 34.076708 ], [ -118.228914, 34.076581 ], [ -118.228716, 34.076647 ], [ -118.228512, 34.076675 ], [ -118.228333, 34.076637 ], [ -118.228181, 34.076538 ], [ -118.227844, 34.076406 ], [ -118.227857, 34.07656 ], [ -118.228181, 34.07673 ], [ -118.22834, 34.076856 ], [ -118.228532, 34.076944 ], [ -118.22873, 34.076911 ], [ -118.229066, 34.076708 ] ], [ [ -118.239007, 34.07771 ], [ -118.237607, 34.07771 ], [ -118.238707, 34.07971 ], [ -118.239007, 34.07771 ] ], [ [ -118.230448, 34.079022 ], [ -118.229986, 34.078461 ], [ -118.229734, 34.078203 ], [ -118.22916, 34.078665 ], [ -118.229048, 34.078808 ], [ -118.229048, 34.078973 ], [ -118.229147, 34.079126 ], [ -118.22957, 34.079478 ], [ -118.230561, 34.080055 ], [ -118.230925, 34.080209 ], [ -118.23111, 34.080242 ], [ -118.231321, 34.080225 ], [ -118.231433, 34.080093 ], [ -118.231341, 34.079939 ], [ -118.230845, 34.079401 ], [ -118.230448, 34.079022 ] ], [ [ -118.265014, 34.102051 ], [ -118.265721, 34.102064 ], [ -118.26588, 34.101963 ], [ -118.265992, 34.1018 ], [ -118.265999, 34.101608 ], [ -118.265894, 34.100732 ], [ -118.265894, 34.09981 ], [ -118.26598, 34.099084 ], [ -118.266066, 34.0986 ], [ -118.266186, 34.098193 ], [ -118.266324, 34.097935 ], [ -118.266332, 34.096517 ], [ -118.266372, 34.096298 ], [ -118.2662, 34.096006 ], [ -118.266088, 34.095913 ], [ -118.26584, 34.095788 ], [ -118.265632, 34.095726 ], [ -118.265348, 34.095445 ], [ -118.265282, 34.095312 ], [ -118.265362, 34.094962 ], [ -118.265731, 34.094692 ], [ -118.265877, 34.09456 ], [ -118.26591, 34.09446 ], [ -118.265943, 34.09418 ], [ -118.266023, 34.094015 ], [ -118.26634, 34.093599 ], [ -118.266366, 34.093423 ], [ -118.266333, 34.093363 ], [ -118.266241, 34.093318 ], [ -118.265118, 34.092769 ], [ -118.264893, 34.092712 ], [ -118.264583, 34.092813 ], [ -118.264384, 34.092921 ], [ -118.2642, 34.093064 ], [ -118.263961, 34.09341 ], [ -118.263961, 34.093455 ], [ -118.263773, 34.093778 ], [ -118.263545, 34.094169 ], [ -118.263208, 34.09456 ], [ -118.262679, 34.09501 ], [ -118.262414, 34.095267 ], [ -118.262216, 34.095581 ], [ -118.261812, 34.096647 ], [ -118.261759, 34.097235 ], [ -118.261858, 34.097746 ], [ -118.26199, 34.098153 ], [ -118.262287, 34.098698 ], [ -118.262452, 34.098932 ], [ -118.262861, 34.099512 ], [ -118.262986, 34.099764 ], [ -118.263059, 34.100002 ], [ -118.263706, 34.101578 ], [ -118.263812, 34.101904 ], [ -118.264023, 34.102046 ], [ -118.264135, 34.102058 ], [ -118.265014, 34.102051 ] ], [ [ -118.265073, 34.102272 ], [ -118.264452, 34.10224 ], [ -118.264274, 34.102239 ], [ -118.264148, 34.102295 ], [ -118.264125, 34.102343 ], [ -118.264109, 34.102376 ], [ -118.264115, 34.102453 ], [ -118.264815, 34.103767 ], [ -118.264888, 34.103861 ], [ -118.265653, 34.103874 ], [ -118.266117, 34.103882 ], [ -118.266269, 34.10379 ], [ -118.266289, 34.103734 ], [ -118.266256, 34.102372 ], [ -118.266223, 34.102323 ], [ -118.266131, 34.102268 ], [ -118.265073, 34.102272 ] ], [ [ -118.271929, 34.109843 ], [ -118.271863, 34.109822 ], [ -118.271758, 34.10985 ], [ -118.271262, 34.110234 ], [ -118.270773, 34.11059 ], [ -118.27072, 34.110656 ], [ -118.270713, 34.110706 ], [ -118.270752, 34.110789 ], [ -118.271611, 34.111576 ], [ -118.27171, 34.11164 ], [ -118.27179, 34.111669 ], [ -118.271862, 34.111645 ], [ -118.272728, 34.111037 ], [ -118.272715, 34.110464 ], [ -118.271929, 34.109843 ] ] ], [ [ [ -118.341781, 34.145064 ], [ -118.341636, 34.145132 ], [ -118.341491, 34.145201 ], [ -118.341346, 34.14527 ], [ -118.341201, 34.145338 ], [ -118.341117, 34.145379 ], [ -118.340901, 34.145455 ], [ -118.34074, 34.145514 ], [ -118.34036, 34.145547 ], [ -118.339992, 34.14559 ], [ -118.339891, 34.145559 ], [ -118.339934, 34.145551 ], [ -118.340053, 34.145529 ], [ -118.340303, 34.145459 ], [ -118.34039, 34.145435 ], [ -118.340498, 34.145385 ], [ -118.340881, 34.145205 ], [ -118.341163, 34.145073 ], [ -118.341737, 34.144756 ], [ -118.342736, 34.144204 ], [ -118.344085, 34.143417 ], [ -118.344304, 34.143268 ], [ -118.343143, 34.144166 ], [ -118.342313, 34.144811 ], [ -118.342216, 34.144857 ], [ -118.342084, 34.144918 ], [ -118.341926, 34.144995 ], [ -118.341781, 34.145064 ] ] ], [ [ [ -118.332147, 34.147965 ], [ -118.331585, 34.148142 ], [ -118.331958, 34.147932 ], [ -118.332318, 34.147729 ], [ -118.332481, 34.14767 ], [ -118.332735, 34.147581 ], [ -118.33459, 34.146968 ], [ -118.336595, 34.146305 ], [ -118.337242, 34.14614 ], [ -118.337013, 34.146274 ], [ -118.336637, 34.146494 ], [ -118.336574, 34.146515 ], [ -118.334668, 34.147142 ], [ -118.332571, 34.147831 ], [ -118.332147, 34.147965 ] ] ], [ [ [ -118.330557, 34.149019 ], [ -118.330197, 34.149554 ], [ -118.330067, 34.149747 ], [ -118.329801, 34.149858 ], [ -118.329965, 34.149653 ], [ -118.330066, 34.149536 ], [ -118.330302, 34.149263 ], [ -118.330557, 34.149019 ] ] ], [ [ [ -118.405259, 34.157618 ], [ -118.405224, 34.157618 ], [ -118.405224, 34.157603 ], [ -118.405259, 34.157618 ] ] ], [ [ [ -118.413722, 34.172132 ], [ -118.413686, 34.172186 ], [ -118.413679, 34.172132 ], [ -118.413722, 34.172132 ] ] ], [ [ [ -118.422521, 34.19401 ], [ -118.42247, 34.193937 ], [ -118.422521, 34.193937 ], [ -118.422521, 34.19401 ] ] ], [ [ [ -118.443008, 34.263425 ], [ -118.443018, 34.263534 ], [ -118.443012, 34.263577 ], [ -118.442995, 34.263561 ], [ -118.442951, 34.263519 ], [ -118.443008, 34.263425 ] ] ], [ [ [ -118.241153, 33.758541 ], [ -118.240767, 33.758296 ], [ -118.246812, 33.756531 ], [ -118.247012, 33.756473 ], [ -118.24797, 33.756193 ], [ -118.248966, 33.755902 ], [ -118.24869, 33.755244 ], [ -118.248681, 33.755221 ], [ -118.24866, 33.755172 ], [ -118.248607, 33.755047 ], [ -118.248517, 33.754832 ], [ -118.247938, 33.753451 ], [ -118.247742, 33.752983 ], [ -118.247654, 33.752774 ], [ -118.247439, 33.752262 ], [ -118.24735, 33.752049 ], [ -118.247231, 33.751766 ], [ -118.243452, 33.74276 ], [ -118.237136, 33.727707 ], [ -118.23768, 33.727521 ], [ -118.251035, 33.723516 ], [ -118.245768, 33.716062 ], [ -118.245768, 33.715697 ], [ -118.24725, 33.715212 ], [ -118.257679, 33.716669 ], [ -118.260596, 33.724205 ], [ -118.259908, 33.725542 ], [ -118.260556, 33.725825 ], [ -118.259381, 33.728702 ], [ -118.25849, 33.728459 ], [ -118.258328, 33.729026 ], [ -118.252939, 33.730606 ], [ -118.252899, 33.731052 ], [ -118.250906, 33.7317 ], [ -118.241393, 33.734536 ], [ -118.2467, 33.747865 ], [ -118.246862, 33.748229 ], [ -118.247288, 33.748736 ], [ -118.247592, 33.749019 ], [ -118.248148, 33.749292 ], [ -118.249434, 33.749799 ], [ -118.24983, 33.75002 ], [ -118.250164, 33.750315 ], [ -118.250509, 33.75064 ], [ -118.251582, 33.749728 ], [ -118.252253, 33.748951 ], [ -118.252263, 33.748915 ], [ -118.252278, 33.748863 ], [ -118.252392, 33.748688 ], [ -118.252418, 33.748649 ], [ -118.252492, 33.748545 ], [ -118.252517, 33.748518 ], [ -118.252549, 33.748454 ], [ -118.252624, 33.748283 ], [ -118.252632, 33.748255 ], [ -118.252662, 33.748212 ], [ -118.252682, 33.748167 ], [ -118.252706, 33.748083 ], [ -118.252813, 33.747931 ], [ -118.252878, 33.74783 ], [ -118.252995, 33.747649 ], [ -118.253009, 33.7476 ], [ -118.25302, 33.747559 ], [ -118.253068, 33.747496 ], [ -118.253102, 33.74745 ], [ -118.253135, 33.747373 ], [ -118.253168, 33.747285 ], [ -118.253284, 33.747105 ], [ -118.253382, 33.74689 ], [ -118.253465, 33.746725 ], [ -118.253597, 33.746484 ], [ -118.253663, 33.746339 ], [ -118.253683, 33.746314 ], [ -118.25377, 33.746207 ], [ -118.253795, 33.746119 ], [ -118.253849, 33.746032 ], [ -118.25391, 33.745933 ], [ -118.253927, 33.745856 ], [ -118.253964, 33.745556 ], [ -118.253932, 33.745185 ], [ -118.253878, 33.745023 ], [ -118.253616, 33.744762 ], [ -118.25341, 33.744685 ], [ -118.251795, 33.744917 ], [ -118.251382, 33.744997 ], [ -118.251305, 33.744954 ], [ -118.25129, 33.744916 ], [ -118.251282, 33.744878 ], [ -118.251362, 33.744766 ], [ -118.251403, 33.744752 ], [ -118.251469, 33.744738 ], [ -118.251527, 33.744711 ], [ -118.251636, 33.744651 ], [ -118.251692, 33.744621 ], [ -118.251721, 33.74461 ], [ -118.252134, 33.743555 ], [ -118.252904, 33.741975 ], [ -118.25177, 33.738896 ], [ -118.251283, 33.737437 ], [ -118.250906, 33.737357 ], [ -118.245287, 33.738896 ], [ -118.243869, 33.7361 ], [ -118.247839, 33.735047 ], [ -118.247758, 33.734763 ], [ -118.24792, 33.734399 ], [ -118.250906, 33.733435 ], [ -118.254322, 33.732333 ], [ -118.259143, 33.730874 ], [ -118.259751, 33.731199 ], [ -118.260561, 33.731118 ], [ -118.264217, 33.730257 ], [ -118.26453, 33.730929 ], [ -118.264622, 33.730986 ], [ -118.264764, 33.730834 ], [ -118.26486, 33.730768 ], [ -118.264926, 33.730819 ], [ -118.264962, 33.73093 ], [ -118.264764, 33.731082 ], [ -118.264764, 33.731209 ], [ -118.264714, 33.731264 ], [ -118.264633, 33.731269 ], [ -118.264349, 33.731507 ], [ -118.264146, 33.73168 ], [ -118.263812, 33.732044 ], [ -118.263503, 33.732591 ], [ -118.263483, 33.732875 ], [ -118.263417, 33.734548 ], [ -118.264595, 33.734611 ], [ -118.264836, 33.734614 ], [ -118.264847, 33.734616 ], [ -118.2649, 33.734627 ], [ -118.264953, 33.735086 ], [ -118.264953, 33.73514 ], [ -118.265372, 33.735398 ], [ -118.26496, 33.735844 ], [ -118.264986, 33.735891 ], [ -118.264997, 33.735911 ], [ -118.264967, 33.736486 ], [ -118.265049, 33.736679 ], [ -118.265144, 33.736773 ], [ -118.265173, 33.736802 ], [ -118.265197, 33.736833 ], [ -118.265303, 33.736946 ], [ -118.265337, 33.73699 ], [ -118.265596, 33.737428 ], [ -118.266034, 33.738169 ], [ -118.266206, 33.738471 ], [ -118.266264, 33.738513 ], [ -118.267062, 33.738176 ], [ -118.267095, 33.738169 ], [ -118.267235, 33.738107 ], [ -118.267268, 33.738099 ], [ -118.267408, 33.738037 ], [ -118.267441, 33.73803 ], [ -118.267613, 33.737954 ], [ -118.267646, 33.737947 ], [ -118.267803, 33.73788 ], [ -118.267836, 33.737873 ], [ -118.267909, 33.737838 ], [ -118.267942, 33.737831 ], [ -118.268033, 33.73779 ], [ -118.268066, 33.737782 ], [ -118.26814, 33.737748 ], [ -118.268173, 33.737741 ], [ -118.268477, 33.737611 ], [ -118.26851, 33.737604 ], [ -118.268683, 33.737528 ], [ -118.268716, 33.737521 ], [ -118.268872, 33.737452 ], [ -118.268905, 33.737445 ], [ -118.269209, 33.737315 ], [ -118.269242, 33.737308 ], [ -118.269284, 33.737287 ], [ -118.269317, 33.73728 ], [ -118.269374, 33.737253 ], [ -118.269407, 33.737246 ], [ -118.269448, 33.737225 ], [ -118.269481, 33.737218 ], [ -118.269539, 33.73719 ], [ -118.269571, 33.737183 ], [ -118.269646, 33.737148 ], [ -118.269678, 33.737141 ], [ -118.269736, 33.737114 ], [ -118.269769, 33.737107 ], [ -118.26981, 33.737086 ], [ -118.269843, 33.737081 ], [ -118.2699, 33.737053 ], [ -118.269933, 33.737046 ], [ -118.270698, 33.736716 ], [ -118.270715, 33.736659 ], [ -118.270526, 33.736467 ], [ -118.270411, 33.736433 ], [ -118.270288, 33.736357 ], [ -118.269622, 33.7361 ], [ -118.269524, 33.735991 ], [ -118.269039, 33.735308 ], [ -118.268547, 33.734529 ], [ -118.268521, 33.734438 ], [ -118.268309, 33.734177 ], [ -118.268194, 33.733978 ], [ -118.268194, 33.733894 ], [ -118.268215, 33.73388 ], [ -118.268293, 33.733825 ], [ -118.268182, 33.73377 ], [ -118.268046, 33.733648 ], [ -118.267915, 33.733635 ], [ -118.267847, 33.733659 ], [ -118.267668, 33.733721 ], [ -118.267643, 33.733701 ], [ -118.26779, 33.733595 ], [ -118.268294, 33.733232 ], [ -118.268269, 33.733143 ], [ -118.268261, 33.733095 ], [ -118.268262, 33.733057 ], [ -118.268269, 33.732689 ], [ -118.268185, 33.731168 ], [ -118.268181, 33.731065 ], [ -118.268169, 33.730763 ], [ -118.268194, 33.730508 ], [ -118.268212, 33.730261 ], [ -118.268223, 33.730104 ], [ -118.268312, 33.72983 ], [ -118.268321, 33.729774 ], [ -118.268273, 33.729706 ], [ -118.268199, 33.729689 ], [ -118.267932, 33.729748 ], [ -118.267862, 33.729758 ], [ -118.267595, 33.729817 ], [ -118.267528, 33.729825 ], [ -118.267487, 33.72983 ], [ -118.267451, 33.729834 ], [ -118.267423, 33.729811 ], [ -118.267369, 33.729765 ], [ -118.267366, 33.729754 ], [ -118.267356, 33.729722 ], [ -118.267274, 33.729435 ], [ -118.267115, 33.728995 ], [ -118.266475, 33.727283 ], [ -118.266262, 33.72674 ], [ -118.265533, 33.724788 ], [ -118.265522, 33.724753 ], [ -118.265484, 33.724631 ], [ -118.265386, 33.724395 ], [ -118.265277, 33.724102 ], [ -118.265148, 33.723755 ], [ -118.265091, 33.723582 ], [ -118.264804, 33.722816 ], [ -118.264739, 33.722657 ], [ -118.264722, 33.722614 ], [ -118.264703, 33.722569 ], [ -118.26472, 33.722544 ], [ -118.264739, 33.722518 ], [ -118.26479, 33.722503 ], [ -118.265569, 33.722285 ], [ -118.265928, 33.722183 ], [ -118.266205, 33.722104 ], [ -118.266293, 33.722079 ], [ -118.266597, 33.722011 ], [ -118.266704, 33.721982 ], [ -118.266745, 33.721962 ], [ -118.266869, 33.721936 ], [ -118.267608, 33.721736 ], [ -118.267658, 33.721722 ], [ -118.267718, 33.721756 ], [ -118.268265, 33.723101 ], [ -118.268404, 33.723473 ], [ -118.268519, 33.723756 ], [ -118.268601, 33.724017 ], [ -118.26888, 33.724763 ], [ -118.268929, 33.72492 ], [ -118.269092, 33.725356 ], [ -118.26922, 33.725654 ], [ -118.269229, 33.725727 ], [ -118.269232, 33.725749 ], [ -118.26926, 33.725769 ], [ -118.26929, 33.725789 ], [ -118.269352, 33.72579 ], [ -118.269388, 33.72579 ], [ -118.269446, 33.72583 ], [ -118.269511, 33.726059 ], [ -118.269593, 33.726266 ], [ -118.26958, 33.726285 ], [ -118.26956, 33.726314 ], [ -118.269503, 33.726314 ], [ -118.269475, 33.726291 ], [ -118.269453, 33.726272 ], [ -118.269429, 33.726182 ], [ -118.269289, 33.725989 ], [ -118.269184, 33.725981 ], [ -118.269075, 33.726001 ], [ -118.268919, 33.726059 ], [ -118.26887, 33.7261 ], [ -118.268967, 33.72641 ], [ -118.269034, 33.726623 ], [ -118.269052, 33.726638 ], [ -118.269091, 33.726672 ], [ -118.269227, 33.726664 ], [ -118.26956, 33.726645 ], [ -118.269581, 33.726654 ], [ -118.269749, 33.726726 ], [ -118.269765, 33.726803 ], [ -118.269724, 33.726864 ], [ -118.269814, 33.727174 ], [ -118.269912, 33.727437 ], [ -118.270086, 33.72788 ], [ -118.270265, 33.728333 ], [ -118.270339, 33.728528 ], [ -118.270388, 33.728657 ], [ -118.270453, 33.728802 ], [ -118.270412, 33.728857 ], [ -118.27014, 33.728912 ], [ -118.269886, 33.728989 ], [ -118.269623, 33.729057 ], [ -118.269096, 33.729202 ], [ -118.268915, 33.729242 ], [ -118.26889, 33.729266 ], [ -118.268865, 33.729288 ], [ -118.269054, 33.729773 ], [ -118.269112, 33.729815 ], [ -118.269211, 33.729787 ], [ -118.269482, 33.729726 ], [ -118.269938, 33.729613 ], [ -118.270557, 33.7295 ], [ -118.270625, 33.729484 ], [ -118.270851, 33.729389 ], [ -118.270905, 33.729436 ], [ -118.270921, 33.729519 ], [ -118.270938, 33.729557 ], [ -118.270946, 33.729575 ], [ -118.270896, 33.729623 ], [ -118.270658, 33.729664 ], [ -118.270444, 33.729711 ], [ -118.269775, 33.729874 ], [ -118.269132, 33.730031 ], [ -118.269062, 33.730041 ], [ -118.269004, 33.730055 ], [ -118.268963, 33.730096 ], [ -118.268955, 33.730103 ], [ -118.269115, 33.730748 ], [ -118.26956, 33.730659 ], [ -118.270361, 33.730476 ], [ -118.270813, 33.730366 ], [ -118.271134, 33.730295 ], [ -118.271084, 33.73069 ], [ -118.270723, 33.73321 ], [ -118.270524, 33.734506 ], [ -118.270473, 33.734791 ], [ -118.270314, 33.73497 ], [ -118.27029, 33.735047 ], [ -118.270347, 33.735198 ], [ -118.270412, 33.735391 ], [ -118.270445, 33.735474 ], [ -118.270494, 33.735577 ], [ -118.270568, 33.73566 ], [ -118.27063, 33.735743 ], [ -118.2707, 33.735825 ], [ -118.270724, 33.735875 ], [ -118.270823, 33.735984 ], [ -118.270864, 33.736067 ], [ -118.270905, 33.736087 ], [ -118.270947, 33.736096 ], [ -118.271287, 33.736167 ], [ -118.27155, 33.736222 ], [ -118.271568, 33.736206 ], [ -118.271579, 33.736197 ], [ -118.271612, 33.736136 ], [ -118.271695, 33.735468 ], [ -118.271629, 33.735432 ], [ -118.271506, 33.73542 ], [ -118.271457, 33.735378 ], [ -118.271556, 33.734874 ], [ -118.271605, 33.734826 ], [ -118.27162, 33.734824 ], [ -118.271737, 33.734807 ], [ -118.271757, 33.734787 ], [ -118.271786, 33.734757 ], [ -118.27196, 33.733855 ], [ -118.271894, 33.73382 ], [ -118.271779, 33.733808 ], [ -118.271714, 33.733779 ], [ -118.271747, 33.733564 ], [ -118.271825, 33.733142 ], [ -118.271833, 33.733122 ], [ -118.271895, 33.73313 ], [ -118.271912, 33.733132 ], [ -118.272002, 33.733131 ], [ -118.272068, 33.73311 ], [ -118.272093, 33.73309 ], [ -118.272113, 33.733038 ], [ -118.272138, 33.732789 ], [ -118.27215, 33.73271 ], [ -118.272208, 33.732662 ], [ -118.272244, 33.732662 ], [ -118.272282, 33.732662 ], [ -118.272348, 33.732738 ], [ -118.272496, 33.732684 ], [ -118.272849, 33.733228 ], [ -118.272693, 33.733318 ], [ -118.27276, 33.733459 ], [ -118.272881, 33.733711 ], [ -118.272906, 33.73378 ], [ -118.272934, 33.7338 ], [ -118.272966, 33.733819 ], [ -118.273087, 33.733758 ], [ -118.273169, 33.733841 ], [ -118.273464, 33.734365 ], [ -118.27332, 33.734437 ], [ -118.273283, 33.734455 ], [ -118.273505, 33.73482 ], [ -118.273513, 33.734847 ], [ -118.273612, 33.735006 ], [ -118.27362, 33.735033 ], [ -118.273718, 33.735192 ], [ -118.273726, 33.735219 ], [ -118.273825, 33.735378 ], [ -118.273833, 33.735405 ], [ -118.274153, 33.735936 ], [ -118.274259, 33.736957 ], [ -118.274283, 33.73711 ], [ -118.274489, 33.737164 ], [ -118.274618, 33.73861 ], [ -118.27468, 33.739318 ], [ -118.274787, 33.740561 ], [ -118.274797, 33.740631 ], [ -118.274739, 33.740796 ], [ -118.274641, 33.740988 ], [ -118.274583, 33.741052 ], [ -118.274501, 33.741154 ], [ -118.274435, 33.741245 ], [ -118.273306, 33.743099 ], [ -118.270475, 33.74775 ], [ -118.27043, 33.747841 ], [ -118.270348, 33.74793 ], [ -118.270306, 33.748025 ], [ -118.270224, 33.748129 ], [ -118.270158, 33.748254 ], [ -118.270197, 33.748298 ], [ -118.270232, 33.748337 ], [ -118.270275, 33.748397 ], [ -118.270011, 33.748604 ], [ -118.269701, 33.748847 ], [ -118.269314, 33.749151 ], [ -118.269302, 33.74916 ], [ -118.269216, 33.749203 ], [ -118.269158, 33.749231 ], [ -118.269117, 33.749262 ], [ -118.268838, 33.749477 ], [ -118.268776, 33.749525 ], [ -118.268134, 33.750018 ], [ -118.268098, 33.750045 ], [ -118.267905, 33.750163 ], [ -118.267841, 33.75021 ], [ -118.266102, 33.751483 ], [ -118.262326, 33.754859 ], [ -118.259525, 33.75771 ], [ -118.258168, 33.759257 ], [ -118.255702, 33.760322 ], [ -118.253476, 33.761061 ], [ -118.251607, 33.761719 ], [ -118.251519, 33.761742 ], [ -118.251467, 33.761769 ], [ -118.24545, 33.763889 ], [ -118.24533, 33.76374 ], [ -118.243705, 33.761717 ], [ -118.242424, 33.760123 ], [ -118.242264, 33.759923 ], [ -118.242172, 33.759809 ], [ -118.241153, 33.758541 ] ] ], [ [ [ -118.285314, 33.860916 ], [ -118.285136, 33.860684 ], [ -118.285211, 33.860481 ], [ -118.285303, 33.860532 ], [ -118.285488, 33.860636 ], [ -118.285615, 33.861044 ], [ -118.286042, 33.860853 ], [ -118.286124, 33.860816 ], [ -118.287416, 33.86024 ], [ -118.287881, 33.860033 ], [ -118.289429, 33.859187 ], [ -118.289566, 33.859126 ], [ -118.289709, 33.859062 ], [ -118.290523, 33.858699 ], [ -118.290522, 33.857693 ], [ -118.290521, 33.856796 ], [ -118.290521, 33.856654 ], [ -118.29052, 33.856129 ], [ -118.29052, 33.85609 ], [ -118.290518, 33.854223 ], [ -118.289829, 33.854218 ], [ -118.288397, 33.854228 ], [ -118.288185, 33.854228 ], [ -118.287615, 33.854231 ], [ -118.28736, 33.854231 ], [ -118.287018, 33.854233 ], [ -118.286903, 33.854232 ], [ -118.285999, 33.854229 ], [ -118.286001, 33.854157 ], [ -118.285254, 33.854157 ], [ -118.285275, 33.85225 ], [ -118.286036, 33.852248 ], [ -118.286035, 33.85215 ], [ -118.286029, 33.851661 ], [ -118.286023, 33.851368 ], [ -118.286001, 33.850387 ], [ -118.286007, 33.850118 ], [ -118.286021, 33.849458 ], [ -118.286021, 33.849385 ], [ -118.286022, 33.849207 ], [ -118.286023, 33.848324 ], [ -118.286022, 33.847395 ], [ -118.286022, 33.847192 ], [ -118.286022, 33.846932 ], [ -118.286022, 33.84684 ], [ -118.286017, 33.846253 ], [ -118.287835, 33.846265 ], [ -118.290371, 33.846288 ], [ -118.290767, 33.846266 ], [ -118.291583, 33.846219 ], [ -118.291675, 33.84632 ], [ -118.291727, 33.846339 ], [ -118.291946, 33.846341 ], [ -118.293056, 33.846323 ], [ -118.294342, 33.846343 ], [ -118.295995, 33.846334 ], [ -118.296848, 33.846343 ], [ -118.297512, 33.846342 ], [ -118.298284, 33.846349 ], [ -118.299099, 33.846323 ], [ -118.299207, 33.846319 ], [ -118.299205, 33.846221 ], [ -118.299195, 33.845869 ], [ -118.299191, 33.845602 ], [ -118.299195, 33.84524 ], [ -118.299196, 33.844858 ], [ -118.299197, 33.843654 ], [ -118.299202, 33.843284 ], [ -118.2992, 33.842444 ], [ -118.299198, 33.842019 ], [ -118.299203, 33.841951 ], [ -118.299203, 33.841558 ], [ -118.299202, 33.841023 ], [ -118.2992, 33.83884 ], [ -118.299199, 33.838676 ], [ -118.299199, 33.838349 ], [ -118.299199, 33.838181 ], [ -118.299199, 33.837781 ], [ -118.299198, 33.837294 ], [ -118.299197, 33.836121 ], [ -118.299196, 33.835571 ], [ -118.299196, 33.835116 ], [ -118.299195, 33.834412 ], [ -118.299194, 33.833708 ], [ -118.299193, 33.832997 ], [ -118.299193, 33.832534 ], [ -118.299193, 33.832119 ], [ -118.299192, 33.831549 ], [ -118.299191, 33.830319 ], [ -118.299191, 33.830005 ], [ -118.299191, 33.829904 ], [ -118.29919, 33.828895 ], [ -118.29919, 33.828581 ], [ -118.299189, 33.828113 ], [ -118.299189, 33.827839 ], [ -118.299188, 33.827185 ], [ -118.299186, 33.826315 ], [ -118.299185, 33.825696 ], [ -118.299185, 33.825319 ], [ -118.299185, 33.824894 ], [ -118.299185, 33.824741 ], [ -118.299184, 33.824506 ], [ -118.299182, 33.823613 ], [ -118.299182, 33.823312 ], [ -118.299181, 33.823022 ], [ -118.299158, 33.822732 ], [ -118.299113, 33.822471 ], [ -118.299084, 33.822352 ], [ -118.299072, 33.8223 ], [ -118.299043, 33.82221 ], [ -118.299072, 33.821989 ], [ -118.299071, 33.821071 ], [ -118.29907, 33.820279 ], [ -118.29907, 33.820215 ], [ -118.299071, 33.819863 ], [ -118.299083, 33.819742 ], [ -118.299073, 33.819312 ], [ -118.299065, 33.818985 ], [ -118.299074, 33.818925 ], [ -118.299143, 33.816954 ], [ -118.299184, 33.815784 ], [ -118.299258, 33.813646 ], [ -118.298491, 33.813363 ], [ -118.298493, 33.813241 ], [ -118.298494, 33.813139 ], [ -118.298439, 33.813091 ], [ -118.29834, 33.813055 ], [ -118.29836, 33.81287 ], [ -118.298494, 33.810437 ], [ -118.298614, 33.809843 ], [ -118.298687, 33.808972 ], [ -118.298701, 33.808246 ], [ -118.298728, 33.806935 ], [ -118.298796, 33.806248 ], [ -118.298853, 33.804882 ], [ -118.299004, 33.803614 ], [ -118.299016, 33.8034 ], [ -118.299114, 33.803405 ], [ -118.299616, 33.803418 ], [ -118.299638, 33.802814 ], [ -118.299145, 33.802799 ], [ -118.299139, 33.802545 ], [ -118.299137, 33.802487 ], [ -118.299131, 33.802177 ], [ -118.299133, 33.80172 ], [ -118.299134, 33.801536 ], [ -118.299137, 33.800398 ], [ -118.299138, 33.800122 ], [ -118.299138, 33.80003 ], [ -118.29914, 33.799524 ], [ -118.299142, 33.79906 ], [ -118.299143, 33.798735 ], [ -118.299146, 33.797796 ], [ -118.299097, 33.797788 ], [ -118.299065, 33.797783 ], [ -118.298925, 33.797761 ], [ -118.297627, 33.797764 ], [ -118.297456, 33.79779 ], [ -118.295918, 33.797785 ], [ -118.29492, 33.797781 ], [ -118.294797, 33.797781 ], [ -118.293712, 33.797777 ], [ -118.292741, 33.797774 ], [ -118.29177, 33.797771 ], [ -118.290859, 33.797767 ], [ -118.290815, 33.797767 ], [ -118.290714, 33.797767 ], [ -118.289861, 33.797764 ], [ -118.28895, 33.797761 ], [ -118.288927, 33.797762 ], [ -118.288342, 33.797818 ], [ -118.287022, 33.797818 ], [ -118.286737, 33.797818 ], [ -118.286607, 33.797696 ], [ -118.286546, 33.797643 ], [ -118.285789, 33.797641 ], [ -118.285771, 33.797641 ], [ -118.28573, 33.797641 ], [ -118.285599, 33.79764 ], [ -118.28293, 33.797631 ], [ -118.282938, 33.797707 ], [ -118.282989, 33.79817 ], [ -118.282991, 33.798186 ], [ -118.282997, 33.798241 ], [ -118.282706, 33.798256 ], [ -118.280961, 33.798345 ], [ -118.279943, 33.798397 ], [ -118.278845, 33.798453 ], [ -118.277289, 33.798533 ], [ -118.276363, 33.79858 ], [ -118.275354, 33.798632 ], [ -118.275295, 33.798635 ], [ -118.275234, 33.798638 ], [ -118.275024, 33.798649 ], [ -118.274783, 33.798657 ], [ -118.27454, 33.798659 ], [ -118.274354, 33.798655 ], [ -118.274109, 33.798652 ], [ -118.273878, 33.798657 ], [ -118.273592, 33.798672 ], [ -118.273204, 33.798691 ], [ -118.272613, 33.798721 ], [ -118.271386, 33.798784 ], [ -118.270322, 33.798821 ], [ -118.269411, 33.798851 ], [ -118.268501, 33.798897 ], [ -118.267592, 33.798944 ], [ -118.267441, 33.798981 ], [ -118.267295, 33.799017 ], [ -118.267283, 33.79902 ], [ -118.266551, 33.799057 ], [ -118.266343, 33.799068 ], [ -118.265883, 33.799062 ], [ -118.265871, 33.799062 ], [ -118.265234, 33.799094 ], [ -118.264625, 33.799125 ], [ -118.264585, 33.799127 ], [ -118.264587, 33.799422 ], [ -118.264589, 33.799696 ], [ -118.264592, 33.799975 ], [ -118.264592, 33.799995 ], [ -118.264592, 33.800043 ], [ -118.264592, 33.80007 ], [ -118.2646, 33.800965 ], [ -118.264605, 33.801527 ], [ -118.264597, 33.802744 ], [ -118.264625, 33.804496 ], [ -118.264593, 33.804536 ], [ -118.264504, 33.804555 ], [ -118.264412, 33.804551 ], [ -118.264359, 33.804557 ], [ -118.264277, 33.804559 ], [ -118.264194, 33.804561 ], [ -118.264131, 33.804563 ], [ -118.263972, 33.804569 ], [ -118.263802, 33.804572 ], [ -118.263755, 33.804573 ], [ -118.263673, 33.804576 ], [ -118.26359, 33.804578 ], [ -118.263508, 33.80458 ], [ -118.263426, 33.804582 ], [ -118.263343, 33.804585 ], [ -118.263261, 33.804587 ], [ -118.263179, 33.804589 ], [ -118.263097, 33.804592 ], [ -118.263084, 33.804592 ], [ -118.262932, 33.804596 ], [ -118.262836, 33.804599 ], [ -118.262677, 33.804604 ], [ -118.262603, 33.804605 ], [ -118.262521, 33.804608 ], [ -118.262439, 33.80461 ], [ -118.26234, 33.804613 ], [ -118.262261, 33.804616 ], [ -118.261222, 33.804645 ], [ -118.261168, 33.804644 ], [ -118.260483, 33.804663 ], [ -118.260106, 33.804674 ], [ -118.260085, 33.804674 ], [ -118.259592, 33.804688 ], [ -118.258763, 33.804711 ], [ -118.257933, 33.804734 ], [ -118.256674, 33.804769 ], [ -118.256512, 33.804774 ], [ -118.257116, 33.803108 ], [ -118.257529, 33.801969 ], [ -118.258445, 33.799442 ], [ -118.256797, 33.799526 ], [ -118.256592, 33.799536 ], [ -118.254625, 33.799637 ], [ -118.254452, 33.799687 ], [ -118.254232, 33.799698 ], [ -118.252876, 33.799764 ], [ -118.24634, 33.800102 ], [ -118.246025, 33.800118 ], [ -118.245991, 33.800119 ], [ -118.245973, 33.800119 ], [ -118.244274, 33.800162 ], [ -118.242648, 33.800245 ], [ -118.238596, 33.800452 ], [ -118.238391, 33.800463 ], [ -118.237879, 33.80049 ], [ -118.237508, 33.800508 ], [ -118.237482, 33.800481 ], [ -118.237446, 33.800442 ], [ -118.235406, 33.798259 ], [ -118.234812, 33.797625 ], [ -118.233678, 33.796416 ], [ -118.233659, 33.796388 ], [ -118.233616, 33.796385 ], [ -118.233608, 33.796338 ], [ -118.233548, 33.796277 ], [ -118.233477, 33.796202 ], [ -118.233228, 33.795936 ], [ -118.230493, 33.793019 ], [ -118.230261, 33.792772 ], [ -118.230284, 33.792729 ], [ -118.230919, 33.791832 ], [ -118.230998, 33.79172 ], [ -118.231152, 33.791503 ], [ -118.232948, 33.788827 ], [ -118.234335, 33.786786 ], [ -118.234882, 33.785981 ], [ -118.235301, 33.785365 ], [ -118.235411, 33.785203 ], [ -118.23712, 33.782689 ], [ -118.237297, 33.782428 ], [ -118.237996, 33.781399 ], [ -118.238472, 33.780699 ], [ -118.240303, 33.778005 ], [ -118.240519, 33.777836 ], [ -118.24121, 33.777295 ], [ -118.241223, 33.777286 ], [ -118.241335, 33.777213 ], [ -118.241349, 33.777212 ], [ -118.241432, 33.777204 ], [ -118.24157, 33.77719 ], [ -118.241605, 33.777354 ], [ -118.241773, 33.777405 ], [ -118.241829, 33.777422 ], [ -118.241947, 33.777408 ], [ -118.242165, 33.777382 ], [ -118.242621, 33.777354 ], [ -118.242771, 33.777345 ], [ -118.243323, 33.777069 ], [ -118.243468, 33.776963 ], [ -118.243471, 33.776926 ], [ -118.243475, 33.77686 ], [ -118.243646, 33.776716 ], [ -118.243534, 33.776611 ], [ -118.245791, 33.775434 ], [ -118.246739, 33.774951 ], [ -118.246851, 33.775049 ], [ -118.24688, 33.775091 ], [ -118.246897, 33.775116 ], [ -118.246963, 33.775115 ], [ -118.247041, 33.775065 ], [ -118.247147, 33.774972 ], [ -118.247296, 33.774934 ], [ -118.247477, 33.774844 ], [ -118.247641, 33.774761 ], [ -118.247772, 33.774697 ], [ -118.248206, 33.774433 ], [ -118.248693, 33.77407 ], [ -118.24891, 33.773795 ], [ -118.249075, 33.773689 ], [ -118.249469, 33.773266 ], [ -118.249469, 33.772975 ], [ -118.249627, 33.772694 ], [ -118.249791, 33.772623 ], [ -118.24987, 33.772471 ], [ -118.249831, 33.772399 ], [ -118.249732, 33.772123 ], [ -118.249712, 33.772046 ], [ -118.250093, 33.771402 ], [ -118.250461, 33.770711 ], [ -118.250904, 33.770163 ], [ -118.251269, 33.769767 ], [ -118.251434, 33.76958 ], [ -118.251762, 33.769223 ], [ -118.252264, 33.768702 ], [ -118.252552, 33.768392 ], [ -118.252823, 33.768085 ], [ -118.252889, 33.768001 ], [ -118.253554, 33.767349 ], [ -118.253826, 33.767022 ], [ -118.254129, 33.766669 ], [ -118.255307, 33.765521 ], [ -118.255338, 33.765491 ], [ -118.25556, 33.765649 ], [ -118.255618, 33.765583 ], [ -118.255626, 33.765574 ], [ -118.255786, 33.765653 ], [ -118.255869, 33.765596 ], [ -118.255897, 33.765607 ], [ -118.255915, 33.765616 ], [ -118.256078, 33.765698 ], [ -118.256201, 33.765609 ], [ -118.255851, 33.76536 ], [ -118.255823, 33.76534 ], [ -118.255938, 33.765215 ], [ -118.255749, 33.76509 ], [ -118.255855, 33.765001 ], [ -118.256012, 33.765133 ], [ -118.256817, 33.764283 ], [ -118.256735, 33.764221 ], [ -118.256579, 33.764311 ], [ -118.256472, 33.764222 ], [ -118.256866, 33.763821 ], [ -118.256973, 33.763932 ], [ -118.256817, 33.764062 ], [ -118.256924, 33.764172 ], [ -118.257289, 33.763762 ], [ -118.25732, 33.763725 ], [ -118.257369, 33.763672 ], [ -118.257508, 33.763516 ], [ -118.257771, 33.763207 ], [ -118.257824, 33.763133 ], [ -118.25784, 33.763114 ], [ -118.257811, 33.763103 ], [ -118.257746, 33.76307 ], [ -118.257573, 33.76316 ], [ -118.257528, 33.763176 ], [ -118.257516, 33.763131 ], [ -118.257828, 33.762801 ], [ -118.257918, 33.762897 ], [ -118.257902, 33.763008 ], [ -118.257984, 33.763041 ], [ -118.25849, 33.762477 ], [ -118.258626, 33.762326 ], [ -118.258658, 33.76229 ], [ -118.258633, 33.762268 ], [ -118.258482, 33.762137 ], [ -118.258448, 33.762107 ], [ -118.258502, 33.762054 ], [ -118.258855, 33.761664 ], [ -118.258962, 33.761545 ], [ -118.259381, 33.76109 ], [ -118.259455, 33.761089 ], [ -118.259562, 33.761222 ], [ -118.259645, 33.762415 ], [ -118.259673, 33.762776 ], [ -118.259684, 33.762913 ], [ -118.259728, 33.763475 ], [ -118.259733, 33.763708 ], [ -118.259861, 33.765036 ], [ -118.259973, 33.76626 ], [ -118.260504, 33.766291 ], [ -118.260586, 33.766182 ], [ -118.2607, 33.766178 ], [ -118.262569, 33.766118 ], [ -118.262661, 33.766118 ], [ -118.263111, 33.766119 ], [ -118.263168, 33.766119 ], [ -118.263451, 33.76597 ], [ -118.263481, 33.765954 ], [ -118.263448, 33.765891 ], [ -118.26348, 33.765867 ], [ -118.263604, 33.765774 ], [ -118.263604, 33.765755 ], [ -118.263604, 33.765691 ], [ -118.263665, 33.765643 ], [ -118.263778, 33.765688 ], [ -118.263797, 33.765696 ], [ -118.263799, 33.765666 ], [ -118.263807, 33.765572 ], [ -118.263817, 33.765443 ], [ -118.263789, 33.765346 ], [ -118.263677, 33.76496 ], [ -118.263624, 33.764921 ], [ -118.261547, 33.763381 ], [ -118.261357, 33.76329 ], [ -118.261186, 33.761161 ], [ -118.261143, 33.760296 ], [ -118.261096, 33.759341 ], [ -118.26109, 33.759226 ], [ -118.261394, 33.758882 ], [ -118.2616, 33.758663 ], [ -118.261797, 33.75844 ], [ -118.261912, 33.758302 ], [ -118.262873, 33.757381 ], [ -118.263227, 33.756985 ], [ -118.26328, 33.756908 ], [ -118.263465, 33.756723 ], [ -118.264188, 33.755967 ], [ -118.265199, 33.754967 ], [ -118.265248, 33.754895 ], [ -118.26547, 33.754671 ], [ -118.265667, 33.754446 ], [ -118.266144, 33.75388 ], [ -118.266374, 33.753618 ], [ -118.26662, 33.753433 ], [ -118.266727, 33.753522 ], [ -118.266407, 33.753843 ], [ -118.266333, 33.753943 ], [ -118.266234, 33.754066 ], [ -118.266179, 33.754143 ], [ -118.266259, 33.754183 ], [ -118.266809, 33.753616 ], [ -118.266889, 33.753515 ], [ -118.266975, 33.753404 ], [ -118.267061, 33.753295 ], [ -118.26722, 33.753093 ], [ -118.267389, 33.753112 ], [ -118.267393, 33.753135 ], [ -118.267414, 33.753242 ], [ -118.267447, 33.753456 ], [ -118.267459, 33.753481 ], [ -118.267473, 33.753481 ], [ -118.267545, 33.753478 ], [ -118.267578, 33.753105 ], [ -118.267677, 33.753104 ], [ -118.267755, 33.753978 ], [ -118.267959, 33.756436 ], [ -118.26786, 33.756457 ], [ -118.267602, 33.756503 ], [ -118.267552, 33.756517 ], [ -118.267503, 33.756544 ], [ -118.267511, 33.756869 ], [ -118.267615, 33.756923 ], [ -118.267643, 33.756938 ], [ -118.267907, 33.757778 ], [ -118.267919, 33.757837 ], [ -118.26794, 33.757897 ], [ -118.267952, 33.757956 ], [ -118.267965, 33.757985 ], [ -118.267977, 33.758043 ], [ -118.267998, 33.758104 ], [ -118.26803, 33.758241 ], [ -118.268125, 33.758569 ], [ -118.268097, 33.758579 ], [ -118.268081, 33.758581 ], [ -118.26792, 33.758603 ], [ -118.267819, 33.758622 ], [ -118.267792, 33.758731 ], [ -118.267914, 33.758759 ], [ -118.267957, 33.758697 ], [ -118.268068, 33.758701 ], [ -118.267941, 33.75913 ], [ -118.267859, 33.759373 ], [ -118.267711, 33.759884 ], [ -118.26721, 33.760376 ], [ -118.267087, 33.760524 ], [ -118.267025, 33.760608 ], [ -118.266922, 33.760715 ], [ -118.266865, 33.760787 ], [ -118.266438, 33.761263 ], [ -118.266335, 33.761169 ], [ -118.266437, 33.761076 ], [ -118.266333, 33.761027 ], [ -118.266289, 33.761084 ], [ -118.26615, 33.761241 ], [ -118.2661, 33.761248 ], [ -118.266051, 33.761256 ], [ -118.265977, 33.761297 ], [ -118.266018, 33.761353 ], [ -118.266059, 33.761366 ], [ -118.266158, 33.761388 ], [ -118.266228, 33.761425 ], [ -118.265932, 33.76144 ], [ -118.265936, 33.761545 ], [ -118.26609, 33.761596 ], [ -118.266076, 33.761641 ], [ -118.266035, 33.761732 ], [ -118.266011, 33.761955 ], [ -118.265747, 33.761877 ], [ -118.265567, 33.762027 ], [ -118.265715, 33.762125 ], [ -118.265797, 33.762063 ], [ -118.265928, 33.762145 ], [ -118.265982, 33.762239 ], [ -118.26597, 33.762262 ], [ -118.265912, 33.762339 ], [ -118.265526, 33.762754 ], [ -118.265699, 33.762919 ], [ -118.26583, 33.762807 ], [ -118.265937, 33.762939 ], [ -118.265882, 33.763009 ], [ -118.265962, 33.763049 ], [ -118.266085, 33.762897 ], [ -118.266258, 33.762721 ], [ -118.266422, 33.762526 ], [ -118.26657, 33.762371 ], [ -118.266685, 33.762234 ], [ -118.266833, 33.76208 ], [ -118.267096, 33.761766 ], [ -118.267655, 33.761201 ], [ -118.268279, 33.76055 ], [ -118.269043, 33.759662 ], [ -118.269659, 33.759045 ], [ -118.269914, 33.758758 ], [ -118.269939, 33.758724 ], [ -118.26998, 33.758634 ], [ -118.269897, 33.757268 ], [ -118.269822, 33.75613 ], [ -118.269776, 33.75554 ], [ -118.269693, 33.754587 ], [ -118.269716, 33.75416 ], [ -118.269733, 33.753856 ], [ -118.269923, 33.753891 ], [ -118.270093, 33.753928 ], [ -118.270486, 33.754013 ], [ -118.271654, 33.754317 ], [ -118.271999, 33.754386 ], [ -118.272057, 33.754432 ], [ -118.272057, 33.754475 ], [ -118.271977, 33.75455 ], [ -118.272049, 33.754579 ], [ -118.272205, 33.754627 ], [ -118.2726, 33.754745 ], [ -118.272707, 33.754771 ], [ -118.272773, 33.754806 ], [ -118.272791, 33.754837 ], [ -118.27288, 33.754992 ], [ -118.272903, 33.755017 ], [ -118.272962, 33.755081 ], [ -118.273143, 33.755102 ], [ -118.273209, 33.755151 ], [ -118.273604, 33.755821 ], [ -118.274025, 33.756558 ], [ -118.27393, 33.756611 ], [ -118.273917, 33.756587 ], [ -118.273852, 33.756504 ], [ -118.273761, 33.756523 ], [ -118.273778, 33.756579 ], [ -118.273885, 33.756785 ], [ -118.273943, 33.756855 ], [ -118.274148, 33.757193 ], [ -118.27414, 33.757213 ], [ -118.274099, 33.75727 ], [ -118.27405, 33.757311 ], [ -118.273968, 33.757359 ], [ -118.274019, 33.757412 ], [ -118.273676, 33.758139 ], [ -118.274003, 33.758224 ], [ -118.274021, 33.758226 ], [ -118.274021, 33.75826 ], [ -118.273722, 33.759075 ], [ -118.273386, 33.759924 ], [ -118.273131, 33.760511 ], [ -118.272846, 33.761246 ], [ -118.272687, 33.761667 ], [ -118.272587, 33.761935 ], [ -118.272514, 33.762116 ], [ -118.272374, 33.762468 ], [ -118.272336, 33.76258 ], [ -118.272205, 33.762936 ], [ -118.272089, 33.763263 ], [ -118.271212, 33.765561 ], [ -118.270957, 33.766244 ], [ -118.270707, 33.766823 ], [ -118.270629, 33.767003 ], [ -118.270687, 33.767045 ], [ -118.270743, 33.76704 ], [ -118.271224, 33.766998 ], [ -118.272634, 33.766872 ], [ -118.274124, 33.766678 ], [ -118.276423, 33.766374 ], [ -118.276468, 33.766368 ], [ -118.276731, 33.766672 ], [ -118.277044, 33.767079 ], [ -118.277019, 33.767094 ], [ -118.276954, 33.767134 ], [ -118.277283, 33.767577 ], [ -118.277621, 33.768004 ], [ -118.27823, 33.768742 ], [ -118.278373, 33.768891 ], [ -118.278568, 33.769095 ], [ -118.278593, 33.769121 ], [ -118.279456, 33.768713 ], [ -118.279505, 33.768618 ], [ -118.279522, 33.768577 ], [ -118.27953, 33.768569 ], [ -118.27955, 33.768548 ], [ -118.279904, 33.768314 ], [ -118.275544, 33.760756 ], [ -118.277475, 33.758672 ], [ -118.277705, 33.758826 ], [ -118.278464, 33.757837 ], [ -118.278252, 33.757635 ], [ -118.278318, 33.75756 ], [ -118.278598, 33.757325 ], [ -118.278417, 33.75718 ], [ -118.279271, 33.756468 ], [ -118.279403, 33.756469 ], [ -118.279498, 33.756542 ], [ -118.279526, 33.756544 ], [ -118.279567, 33.75653 ], [ -118.2796, 33.75651 ], [ -118.279674, 33.756482 ], [ -118.279732, 33.756447 ], [ -118.279765, 33.756443 ], [ -118.27983, 33.756408 ], [ -118.279855, 33.756385 ], [ -118.27988, 33.756351 ], [ -118.279904, 33.756164 ], [ -118.281191, 33.755927 ], [ -118.282515, 33.755699 ], [ -118.282539, 33.755782 ], [ -118.282461, 33.755822 ], [ -118.28233, 33.755834 ], [ -118.282272, 33.755855 ], [ -118.282244, 33.75588 ], [ -118.282266, 33.755932 ], [ -118.282272, 33.755945 ], [ -118.282474, 33.75591 ], [ -118.282638, 33.755878 ], [ -118.282667, 33.755869 ], [ -118.282745, 33.755871 ], [ -118.282988, 33.755877 ], [ -118.283028, 33.755907 ], [ -118.283098, 33.755959 ], [ -118.283128, 33.755939 ], [ -118.283177, 33.755882 ], [ -118.283226, 33.755847 ], [ -118.283715, 33.755791 ], [ -118.28381, 33.755762 ], [ -118.284562, 33.755658 ], [ -118.284632, 33.755639 ], [ -118.284743, 33.755617 ], [ -118.284978, 33.755552 ], [ -118.285147, 33.755544 ], [ -118.285352, 33.755534 ], [ -118.285405, 33.755518 ], [ -118.285594, 33.755496 ], [ -118.285636, 33.755504 ], [ -118.285677, 33.755531 ], [ -118.285767, 33.755559 ], [ -118.285874, 33.755545 ], [ -118.285894, 33.755531 ], [ -118.285952, 33.755506 ], [ -118.286055, 33.75546 ], [ -118.286112, 33.755421 ], [ -118.286318, 33.755358 ], [ -118.286478, 33.755342 ], [ -118.286565, 33.755317 ], [ -118.286737, 33.75529 ], [ -118.28677, 33.755269 ], [ -118.286902, 33.755227 ], [ -118.287074, 33.755201 ], [ -118.287115, 33.75518 ], [ -118.28721, 33.755113 ], [ -118.287481, 33.754924 ], [ -118.287543, 33.754889 ], [ -118.287594, 33.754884 ], [ -118.287744, 33.754871 ], [ -118.288044, 33.754882 ], [ -118.28811, 33.754897 ], [ -118.288135, 33.754917 ], [ -118.288156, 33.754906 ], [ -118.288176, 33.754896 ], [ -118.288258, 33.754882 ], [ -118.288283, 33.754882 ], [ -118.288369, 33.754924 ], [ -118.288414, 33.754946 ], [ -118.289146, 33.754992 ], [ -118.28927, 33.755047 ], [ -118.289393, 33.755111 ], [ -118.289644, 33.755133 ], [ -118.289655, 33.755088 ], [ -118.289574, 33.755042 ], [ -118.289467, 33.755 ], [ -118.289368, 33.754931 ], [ -118.289179, 33.754868 ], [ -118.28894, 33.754717 ], [ -118.28891, 33.754661 ], [ -118.288885, 33.754614 ], [ -118.288858, 33.754564 ], [ -118.288727, 33.754476 ], [ -118.288518, 33.754404 ], [ -118.284361, 33.755417 ], [ -118.283755, 33.755455 ], [ -118.283304, 33.755273 ], [ -118.282394, 33.754607 ], [ -118.281979, 33.754312 ], [ -118.281691, 33.754197 ], [ -118.281335, 33.754197 ], [ -118.280634, 33.754341 ], [ -118.2805, 33.754389 ], [ -118.280375, 33.754418 ], [ -118.279564, 33.754574 ], [ -118.279439, 33.754612 ], [ -118.279046, 33.754727 ], [ -118.278834, 33.754843 ], [ -118.277711, 33.755909 ], [ -118.277807, 33.755995 ], [ -118.277567, 33.756255 ], [ -118.277259, 33.756379 ], [ -118.276741, 33.755659 ], [ -118.275761, 33.754232 ], [ -118.27473, 33.752735 ], [ -118.274357, 33.752172 ], [ -118.273151, 33.750429 ], [ -118.273887, 33.750046 ], [ -118.273861, 33.750019 ], [ -118.273808, 33.749967 ], [ -118.273739, 33.749899 ], [ -118.27374, 33.749884 ], [ -118.273747, 33.749817 ], [ -118.273767, 33.749693 ], [ -118.273791, 33.749673 ], [ -118.273868, 33.749662 ], [ -118.273931, 33.749653 ], [ -118.274038, 33.74956 ], [ -118.274046, 33.749551 ], [ -118.27408, 33.749514 ], [ -118.274084, 33.749492 ], [ -118.274137, 33.749369 ], [ -118.274152, 33.749286 ], [ -118.274158, 33.749256 ], [ -118.27431, 33.748887 ], [ -118.274352, 33.748529 ], [ -118.274434, 33.74846 ], [ -118.274557, 33.74844 ], [ -118.274587, 33.748436 ], [ -118.274627, 33.748465 ], [ -118.274648, 33.74848 ], [ -118.274816, 33.74854 ], [ -118.275092, 33.748634 ], [ -118.275273, 33.748702 ], [ -118.275826, 33.748885 ], [ -118.276016, 33.748959 ], [ -118.276337, 33.749061 ], [ -118.276661, 33.749178 ], [ -118.276712, 33.749194 ], [ -118.277131, 33.749316 ], [ -118.277213, 33.749347 ], [ -118.277411, 33.749408 ], [ -118.277764, 33.749481 ], [ -118.277904, 33.749281 ], [ -118.277848, 33.74924 ], [ -118.278008, 33.749034 ], [ -118.278283, 33.748682 ], [ -118.278185, 33.748638 ], [ -118.27705, 33.748047 ], [ -118.276812, 33.74793 ], [ -118.275966, 33.747488 ], [ -118.275751, 33.747387 ], [ -118.275283, 33.747144 ], [ -118.27516, 33.747086 ], [ -118.274922, 33.746958 ], [ -118.274934, 33.746872 ], [ -118.274948, 33.746846 ], [ -118.274998, 33.746753 ], [ -118.275059, 33.746624 ], [ -118.275131, 33.746468 ], [ -118.275174, 33.746382 ], [ -118.27522, 33.746291 ], [ -118.275302, 33.746113 ], [ -118.275309, 33.746087 ], [ -118.275391, 33.745955 ], [ -118.275399, 33.745926 ], [ -118.275483, 33.745793 ], [ -118.275492, 33.745766 ], [ -118.275583, 33.745619 ], [ -118.275592, 33.745591 ], [ -118.275676, 33.745457 ], [ -118.275684, 33.74543 ], [ -118.275776, 33.745282 ], [ -118.275785, 33.745255 ], [ -118.275869, 33.745121 ], [ -118.275877, 33.745093 ], [ -118.27596, 33.744959 ], [ -118.275969, 33.744932 ], [ -118.276045, 33.744812 ], [ -118.276053, 33.744784 ], [ -118.276136, 33.74465 ], [ -118.276144, 33.744623 ], [ -118.276229, 33.744492 ], [ -118.276237, 33.744462 ], [ -118.276321, 33.74433 ], [ -118.27633, 33.744301 ], [ -118.276405, 33.744183 ], [ -118.276413, 33.744156 ], [ -118.276497, 33.744021 ], [ -118.276505, 33.743994 ], [ -118.276589, 33.74386 ], [ -118.276598, 33.743832 ], [ -118.276681, 33.743699 ], [ -118.27669, 33.743672 ], [ -118.276765, 33.743552 ], [ -118.276774, 33.743524 ], [ -118.276857, 33.743392 ], [ -118.277017, 33.743027 ], [ -118.277285, 33.74239 ], [ -118.277361, 33.742242 ], [ -118.277519, 33.741892 ], [ -118.277604, 33.74174 ], [ -118.277805, 33.741298 ], [ -118.277821, 33.741249 ], [ -118.277847, 33.741213 ], [ -118.277855, 33.741185 ], [ -118.277897, 33.741122 ], [ -118.277956, 33.740962 ], [ -118.278023, 33.740927 ], [ -118.278265, 33.741012 ], [ -118.278381, 33.741044 ], [ -118.278414, 33.741021 ], [ -118.278428, 33.741011 ], [ -118.27844, 33.741003 ], [ -118.278563, 33.740659 ], [ -118.278583, 33.740545 ], [ -118.278593, 33.74049 ], [ -118.278223, 33.740485 ], [ -118.278186, 33.74035 ], [ -118.278243, 33.740302 ], [ -118.27835, 33.740391 ], [ -118.278593, 33.740373 ], [ -118.278541, 33.739268 ], [ -118.278491, 33.739219 ], [ -118.278471, 33.739215 ], [ -118.278384, 33.739198 ], [ -118.278297, 33.739147 ], [ -118.278277, 33.739136 ], [ -118.27827, 33.739012 ], [ -118.278295, 33.739006 ], [ -118.278327, 33.738998 ], [ -118.278354, 33.738968 ], [ -118.278376, 33.738909 ], [ -118.278395, 33.738856 ], [ -118.278401, 33.738839 ], [ -118.278459, 33.738824 ], [ -118.278516, 33.738809 ], [ -118.278517, 33.738795 ], [ -118.278521, 33.738705 ], [ -118.278389, 33.738686 ], [ -118.27836, 33.738675 ], [ -118.278355, 33.738634 ], [ -118.278347, 33.738574 ], [ -118.278344, 33.738551 ], [ -118.2785, 33.738507 ], [ -118.278479, 33.738488 ], [ -118.278344, 33.738364 ], [ -118.27855, 33.738206 ], [ -118.278638, 33.738296 ], [ -118.278686, 33.738293 ], [ -118.278677, 33.738261 ], [ -118.278665, 33.738219 ], [ -118.278649, 33.73802 ], [ -118.278624, 33.737991 ], [ -118.278608, 33.737958 ], [ -118.278553, 33.737884 ], [ -118.278526, 33.737848 ], [ -118.278507, 33.737776 ], [ -118.278425, 33.737347 ], [ -118.278358, 33.736995 ], [ -118.27817, 33.73615 ], [ -118.278072, 33.735659 ], [ -118.278066, 33.735585 ], [ -118.278047, 33.735335 ], [ -118.27774, 33.734808 ], [ -118.277569, 33.734498 ], [ -118.277526, 33.734418 ], [ -118.277272, 33.733961 ], [ -118.277224, 33.73388 ], [ -118.277009, 33.733512 ], [ -118.27696, 33.733409 ], [ -118.276903, 33.733256 ], [ -118.276804, 33.733181 ], [ -118.276706, 33.733175 ], [ -118.276697, 33.733161 ], [ -118.276653, 33.733085 ], [ -118.276566, 33.73294 ], [ -118.276527, 33.732867 ], [ -118.276361, 33.732554 ], [ -118.276361, 33.732471 ], [ -118.27635, 33.732461 ], [ -118.276312, 33.732424 ], [ -118.276238, 33.732231 ], [ -118.276223, 33.732179 ], [ -118.276172, 33.732008 ], [ -118.276125, 33.731975 ], [ -118.276115, 33.731968 ], [ -118.275839, 33.731998 ], [ -118.275827, 33.731976 ], [ -118.275794, 33.731933 ], [ -118.275729, 33.73185 ], [ -118.275696, 33.731788 ], [ -118.275665, 33.731722 ], [ -118.275638, 33.731664 ], [ -118.275716, 33.731575 ], [ -118.275784, 33.731496 ], [ -118.275795, 33.731484 ], [ -118.275715, 33.731363 ], [ -118.275663, 33.731285 ], [ -118.275639, 33.731222 ], [ -118.275598, 33.731148 ], [ -118.275573, 33.731119 ], [ -118.275549, 33.731072 ], [ -118.275524, 33.731043 ], [ -118.275507, 33.731009 ], [ -118.275483, 33.730983 ], [ -118.275417, 33.730864 ], [ -118.275402, 33.730831 ], [ -118.275216, 33.730438 ], [ -118.275204, 33.730404 ], [ -118.275179, 33.730368 ], [ -118.275107, 33.730204 ], [ -118.275064, 33.730105 ], [ -118.274977, 33.729956 ], [ -118.274903, 33.729825 ], [ -118.274794, 33.729624 ], [ -118.274794, 33.729592 ], [ -118.274794, 33.729513 ], [ -118.274784, 33.729506 ], [ -118.274736, 33.729473 ], [ -118.274535, 33.729486 ], [ -118.274379, 33.729497 ], [ -118.27435, 33.729445 ], [ -118.274283, 33.729353 ], [ -118.274178, 33.729211 ], [ -118.274189, 33.729197 ], [ -118.274268, 33.729094 ], [ -118.27432, 33.729026 ], [ -118.274334, 33.72901 ], [ -118.274659, 33.729237 ], [ -118.275156, 33.729514 ], [ -118.275501, 33.72972 ], [ -118.275711, 33.729867 ], [ -118.275838, 33.729931 ], [ -118.276097, 33.730106 ], [ -118.276503, 33.730361 ], [ -118.277359, 33.730925 ], [ -118.278072, 33.731362 ], [ -118.278533, 33.731652 ], [ -118.278548, 33.731684 ], [ -118.27859, 33.731776 ], [ -118.278716, 33.731761 ], [ -118.27873, 33.731747 ], [ -118.278649, 33.73166 ], [ -118.27864, 33.731651 ], [ -118.27864, 33.73143 ], [ -118.278599, 33.731356 ], [ -118.278114, 33.730791 ], [ -118.277975, 33.730639 ], [ -118.277835, 33.730383 ], [ -118.277466, 33.730169 ], [ -118.277047, 33.729914 ], [ -118.27643, 33.729548 ], [ -118.274782, 33.728459 ], [ -118.274314, 33.728149 ], [ -118.274039, 33.727996 ], [ -118.273817, 33.727872 ], [ -118.273743, 33.727831 ], [ -118.273702, 33.727741 ], [ -118.273391, 33.726914 ], [ -118.273317, 33.72666 ], [ -118.273356, 33.726636 ], [ -118.273408, 33.726605 ], [ -118.273367, 33.726516 ], [ -118.273269, 33.72626 ], [ -118.273211, 33.726129 ], [ -118.273022, 33.725529 ], [ -118.27299, 33.725426 ], [ -118.272646, 33.72455 ], [ -118.272609, 33.724341 ], [ -118.272596, 33.724316 ], [ -118.272531, 33.724324 ], [ -118.272481, 33.724372 ], [ -118.272494, 33.724554 ], [ -118.272415, 33.724557 ], [ -118.272392, 33.72453 ], [ -118.272366, 33.724501 ], [ -118.272342, 33.724468 ], [ -118.272276, 33.724322 ], [ -118.272243, 33.724232 ], [ -118.272194, 33.724075 ], [ -118.272209, 33.724067 ], [ -118.272265, 33.724037 ], [ -118.272391, 33.723971 ], [ -118.27235, 33.723888 ], [ -118.272227, 33.723585 ], [ -118.272063, 33.723122 ], [ -118.27181, 33.722449 ], [ -118.271637, 33.722006 ], [ -118.271389, 33.721248 ], [ -118.271367, 33.721179 ], [ -118.271314, 33.721022 ], [ -118.271226, 33.720749 ], [ -118.271165, 33.720561 ], [ -118.271128, 33.72045 ], [ -118.271113, 33.720402 ], [ -118.271105, 33.720379 ], [ -118.271124, 33.720363 ], [ -118.271154, 33.720338 ], [ -118.271224, 33.720328 ], [ -118.271755, 33.720188 ], [ -118.271985, 33.720131 ], [ -118.272212, 33.720072 ], [ -118.27289, 33.719899 ], [ -118.272924, 33.719891 ], [ -118.272988, 33.719877 ], [ -118.273046, 33.71992 ], [ -118.273058, 33.719978 ], [ -118.273513, 33.72118 ], [ -118.273562, 33.721339 ], [ -118.274218, 33.723089 ], [ -118.274275, 33.723262 ], [ -118.275053, 33.725351 ], [ -118.275308, 33.726006 ], [ -118.275373, 33.726233 ], [ -118.275431, 33.72626 ], [ -118.275949, 33.726124 ], [ -118.27613, 33.726068 ], [ -118.276368, 33.72602 ], [ -118.27641, 33.725966 ], [ -118.276385, 33.725889 ], [ -118.276315, 33.72573 ], [ -118.276262, 33.725566 ], [ -118.276172, 33.725323 ], [ -118.275934, 33.724649 ], [ -118.275631, 33.723814 ], [ -118.275549, 33.723573 ], [ -118.275434, 33.72327 ], [ -118.275385, 33.723111 ], [ -118.275213, 33.722657 ], [ -118.275164, 33.722497 ], [ -118.275074, 33.722257 ], [ -118.274836, 33.721581 ], [ -118.274533, 33.720748 ], [ -118.274426, 33.720437 ], [ -118.274303, 33.720105 ], [ -118.27414, 33.719692 ], [ -118.274, 33.719319 ], [ -118.273844, 33.718926 ], [ -118.273525, 33.718073 ], [ -118.273459, 33.717879 ], [ -118.27341, 33.71772 ], [ -118.273279, 33.717369 ], [ -118.273213, 33.717176 ], [ -118.273171, 33.717067 ], [ -118.273143, 33.71698 ], [ -118.273034, 33.716646 ], [ -118.272942, 33.71637 ], [ -118.27291, 33.716273 ], [ -118.27296, 33.716225 ], [ -118.273091, 33.716204 ], [ -118.273113, 33.716174 ], [ -118.273132, 33.716149 ], [ -118.2731, 33.716046 ], [ -118.272952, 33.715659 ], [ -118.272821, 33.715239 ], [ -118.272994, 33.715012 ], [ -118.273449, 33.714438 ], [ -118.273562, 33.714296 ], [ -118.273743, 33.714059 ], [ -118.273866, 33.714078 ], [ -118.273883, 33.714081 ], [ -118.274064, 33.714191 ], [ -118.274146, 33.714123 ], [ -118.274064, 33.714074 ], [ -118.273946, 33.713997 ], [ -118.273933, 33.713988 ], [ -118.273943, 33.713872 ], [ -118.273945, 33.71385 ], [ -118.273965, 33.713846 ], [ -118.273991, 33.713842 ], [ -118.274048, 33.71386 ], [ -118.274237, 33.713964 ], [ -118.275182, 33.714509 ], [ -118.275436, 33.714662 ], [ -118.275741, 33.714839 ], [ -118.276077, 33.715034 ], [ -118.276422, 33.71524 ], [ -118.276438, 33.715296 ], [ -118.27648, 33.71535 ], [ -118.276535, 33.715359 ], [ -118.276562, 33.715392 ], [ -118.276566, 33.715424 ], [ -118.276455, 33.715461 ], [ -118.276356, 33.715399 ], [ -118.276299, 33.71544 ], [ -118.276299, 33.715465 ], [ -118.276299, 33.71551 ], [ -118.276438, 33.715637 ], [ -118.276463, 33.715668 ], [ -118.276504, 33.715708 ], [ -118.276512, 33.715731 ], [ -118.276512, 33.715812 ], [ -118.276561, 33.715854 ], [ -118.276573, 33.715959 ], [ -118.276594, 33.716143 ], [ -118.276581, 33.716251 ], [ -118.276532, 33.716385 ], [ -118.276495, 33.716489 ], [ -118.276472, 33.716562 ], [ -118.276044, 33.717987 ], [ -118.276073, 33.718015 ], [ -118.275872, 33.718552 ], [ -118.275829, 33.718602 ], [ -118.275529, 33.719554 ], [ -118.275581, 33.719704 ], [ -118.276352, 33.72168 ], [ -118.276587, 33.721894 ], [ -118.276802, 33.722138 ], [ -118.276867, 33.722224 ], [ -118.276995, 33.722467 ], [ -118.277681, 33.722292 ], [ -118.27863, 33.722049 ], [ -118.279818, 33.72517 ], [ -118.280226, 33.725148 ], [ -118.281486, 33.724819 ], [ -118.283927, 33.724139 ], [ -118.283068, 33.72182 ], [ -118.281464, 33.72226 ], [ -118.281135, 33.72136 ], [ -118.282731, 33.720882 ], [ -118.281708, 33.718248 ], [ -118.280176, 33.718692 ], [ -118.279811, 33.71774 ], [ -118.281194, 33.717372 ], [ -118.281593, 33.717196 ], [ -118.281744, 33.716702 ], [ -118.281851, 33.716652 ], [ -118.282603, 33.716881 ], [ -118.28351, 33.716788 ], [ -118.283594, 33.716681 ], [ -118.283621, 33.716559 ], [ -118.28363, 33.716521 ], [ -118.283668, 33.716493 ], [ -118.283705, 33.716463 ], [ -118.283721, 33.716416 ], [ -118.283729, 33.716395 ], [ -118.283771, 33.716305 ], [ -118.283869, 33.716105 ], [ -118.284059, 33.71561 ], [ -118.284084, 33.715526 ], [ -118.284108, 33.715492 ], [ -118.284117, 33.715465 ], [ -118.28415, 33.715417 ], [ -118.284158, 33.71539 ], [ -118.284183, 33.715356 ], [ -118.284265, 33.715168 ], [ -118.284267, 33.715157 ], [ -118.284472, 33.714911 ], [ -118.284522, 33.714561 ], [ -118.284559, 33.714192 ], [ -118.284584, 33.71398 ], [ -118.284584, 33.71383 ], [ -118.284559, 33.71378 ], [ -118.284528, 33.713723 ], [ -118.284522, 33.713655 ], [ -118.284578, 33.713623 ], [ -118.28469, 33.713636 ], [ -118.284753, 33.713698 ], [ -118.28479, 33.713805 ], [ -118.284815, 33.713973 ], [ -118.284809, 33.714148 ], [ -118.284797, 33.714255 ], [ -118.284803, 33.714398 ], [ -118.284821, 33.714505 ], [ -118.284828, 33.714586 ], [ -118.284828, 33.714698 ], [ -118.284828, 33.714761 ], [ -118.284821, 33.714848 ], [ -118.284797, 33.71498 ], [ -118.284828, 33.71508 ], [ -118.284878, 33.715098 ], [ -118.284946, 33.715111 ], [ -118.285009, 33.715123 ], [ -118.285165, 33.71518 ], [ -118.285265, 33.715211 ], [ -118.28539, 33.715148 ], [ -118.28544, 33.715023 ], [ -118.285453, 33.71493 ], [ -118.28544, 33.714848 ], [ -118.285453, 33.714755 ], [ -118.285465, 33.714655 ], [ -118.285446, 33.71453 ], [ -118.285409, 33.714467 ], [ -118.285396, 33.714392 ], [ -118.285409, 33.714342 ], [ -118.285415, 33.71418 ], [ -118.285409, 33.714055 ], [ -118.285409, 33.713967 ], [ -118.285415, 33.713892 ], [ -118.285415, 33.713817 ], [ -118.285396, 33.713742 ], [ -118.285384, 33.713698 ], [ -118.285359, 33.713692 ], [ -118.285346, 33.713711 ], [ -118.285322, 33.713711 ], [ -118.285303, 33.713698 ], [ -118.285228, 33.713636 ], [ -118.285228, 33.713617 ], [ -118.285247, 33.71358 ], [ -118.285215, 33.713555 ], [ -118.285184, 33.713555 ], [ -118.285109, 33.713555 ], [ -118.285034, 33.713605 ], [ -118.285015, 33.713617 ], [ -118.284865, 33.713573 ], [ -118.284715, 33.713511 ], [ -118.284578, 33.713498 ], [ -118.284565, 33.713498 ], [ -118.284154, 33.713548 ], [ -118.283678, 33.713623 ], [ -118.282777, 33.713542 ], [ -118.282554, 33.712488 ], [ -118.282544, 33.711962 ], [ -118.282412, 33.711638 ], [ -118.282169, 33.711212 ], [ -118.281967, 33.710736 ], [ -118.281835, 33.710017 ], [ -118.279688, 33.709511 ], [ -118.27911, 33.709207 ], [ -118.277388, 33.708265 ], [ -118.277135, 33.708558 ], [ -118.273803, 33.706735 ], [ -118.273925, 33.706533 ], [ -118.277046, 33.708253 ], [ -118.277216, 33.708072 ], [ -118.277304, 33.707916 ], [ -118.277436, 33.707688 ], [ -118.278482, 33.706291 ], [ -118.2786, 33.706385 ], [ -118.27799, 33.707398 ], [ -118.278363, 33.707825 ], [ -118.279135, 33.708349 ], [ -118.281323, 33.708743 ], [ -118.282493, 33.708832 ], [ -118.283749, 33.70868 ], [ -118.285185, 33.708248 ], [ -118.285382, 33.708079 ], [ -118.285415, 33.707988 ], [ -118.285407, 33.707761 ], [ -118.285424, 33.707707 ], [ -118.28544, 33.707686 ], [ -118.28572, 33.707451 ], [ -118.285737, 33.70741 ], [ -118.285772, 33.707213 ], [ -118.285782, 33.707157 ], [ -118.285807, 33.707107 ], [ -118.285836, 33.70703 ], [ -118.285877, 33.706989 ], [ -118.285885, 33.706955 ], [ -118.285951, 33.706871 ], [ -118.285959, 33.706837 ], [ -118.285984, 33.70681 ], [ -118.285992, 33.706776 ], [ -118.286116, 33.706658 ], [ -118.286387, 33.706583 ], [ -118.286506, 33.706566 ], [ -118.28656, 33.706549 ], [ -118.286646, 33.706539 ], [ -118.286699, 33.706521 ], [ -118.286786, 33.706511 ], [ -118.286954, 33.706466 ], [ -118.28702, 33.706443 ], [ -118.287102, 33.706404 ], [ -118.28715, 33.706374 ], [ -118.287534, 33.706088 ], [ -118.287954, 33.705791 ], [ -118.287982, 33.705777 ], [ -118.288005, 33.705762 ], [ -118.288373, 33.705516 ], [ -118.288476, 33.705467 ], [ -118.28856, 33.70541 ], [ -118.288659, 33.705348 ], [ -118.28877, 33.70535 ], [ -118.289405, 33.705365 ], [ -118.289479, 33.705358 ], [ -118.289586, 33.705296 ], [ -118.289615, 33.705293 ], [ -118.289701, 33.705261 ], [ -118.290059, 33.70523 ], [ -118.290215, 33.705224 ], [ -118.290272, 33.70523 ], [ -118.290309, 33.705241 ], [ -118.290466, 33.705214 ], [ -118.290515, 33.7052 ], [ -118.290692, 33.705113 ], [ -118.290795, 33.705035 ], [ -118.290918, 33.70502 ], [ -118.291115, 33.704876 ], [ -118.291158, 33.704856 ], [ -118.291173, 33.704849 ], [ -118.291255, 33.704918 ], [ -118.291278, 33.704969 ], [ -118.291286, 33.704994 ], [ -118.291329, 33.705124 ], [ -118.291403, 33.70518 ], [ -118.291518, 33.705215 ], [ -118.291719, 33.705197 ], [ -118.291838, 33.705153 ], [ -118.291954, 33.705118 ], [ -118.292574, 33.705095 ], [ -118.292636, 33.70507 ], [ -118.292794, 33.705018 ], [ -118.292841, 33.705002 ], [ -118.29308, 33.704932 ], [ -118.293162, 33.704918 ], [ -118.293532, 33.704871 ], [ -118.293662, 33.70485 ], [ -118.293737, 33.704838 ], [ -118.293906, 33.704689 ], [ -118.293939, 33.70466 ], [ -118.294009, 33.704582 ], [ -118.294034, 33.704562 ], [ -118.294108, 33.704554 ], [ -118.294157, 33.704554 ], [ -118.294186, 33.704576 ], [ -118.294251, 33.70461 ], [ -118.294305, 33.704638 ], [ -118.294519, 33.704658 ], [ -118.294617, 33.70474 ], [ -118.294642, 33.704817 ], [ -118.294675, 33.704954 ], [ -118.294781, 33.705086 ], [ -118.294788, 33.705112 ], [ -118.294818, 33.705234 ], [ -118.29483, 33.705263 ], [ -118.294904, 33.705346 ], [ -118.294954, 33.705409 ], [ -118.294995, 33.705451 ], [ -118.295011, 33.705498 ], [ -118.295036, 33.705609 ], [ -118.295077, 33.705651 ], [ -118.295089, 33.705689 ], [ -118.295095, 33.705748 ], [ -118.295113, 33.705833 ], [ -118.295175, 33.706029 ], [ -118.295204, 33.70615 ], [ -118.295216, 33.706182 ], [ -118.295253, 33.706364 ], [ -118.295286, 33.706591 ], [ -118.29527, 33.707073 ], [ -118.295268, 33.707141 ], [ -118.295264, 33.70727 ], [ -118.295289, 33.707394 ], [ -118.29533, 33.707443 ], [ -118.295338, 33.70747 ], [ -118.295404, 33.707535 ], [ -118.295445, 33.707589 ], [ -118.295519, 33.707684 ], [ -118.295543, 33.707738 ], [ -118.295592, 33.707898 ], [ -118.295609, 33.707932 ], [ -118.295625, 33.707979 ], [ -118.29565, 33.708015 ], [ -118.295666, 33.708048 ], [ -118.295715, 33.708118 ], [ -118.295724, 33.708145 ], [ -118.295748, 33.708169 ], [ -118.295781, 33.708214 ], [ -118.295921, 33.708352 ], [ -118.296463, 33.708792 ], [ -118.2965, 33.708822 ], [ -118.296589, 33.708882 ], [ -118.296631, 33.708911 ], [ -118.297128, 33.709194 ], [ -118.297515, 33.709386 ], [ -118.297548, 33.709406 ], [ -118.297597, 33.709421 ], [ -118.297728, 33.70949 ], [ -118.29818, 33.709704 ], [ -118.298213, 33.709724 ], [ -118.298303, 33.709738 ], [ -118.298336, 33.709758 ], [ -118.298406, 33.709769 ], [ -118.298682, 33.709793 ], [ -118.298739, 33.709793 ], [ -118.298878, 33.709781 ], [ -118.298978, 33.709772 ], [ -118.299179, 33.709743 ], [ -118.299524, 33.709777 ], [ -118.299894, 33.709805 ], [ -118.300527, 33.709799 ], [ -118.30079, 33.709825 ], [ -118.301008, 33.709884 ], [ -118.301304, 33.709973 ], [ -118.301452, 33.710025 ], [ -118.301534, 33.710049 ], [ -118.301567, 33.710069 ], [ -118.301657, 33.710098 ], [ -118.30169, 33.710118 ], [ -118.301748, 33.71014 ], [ -118.30178, 33.71016 ], [ -118.301863, 33.710181 ], [ -118.302002, 33.710245 ], [ -118.302068, 33.710283 ], [ -118.302134, 33.710298 ], [ -118.302191, 33.710331 ], [ -118.302446, 33.710511 ], [ -118.302577, 33.710622 ], [ -118.302869, 33.710849 ], [ -118.302931, 33.710885 ], [ -118.303029, 33.710911 ], [ -118.303062, 33.710933 ], [ -118.303313, 33.710964 ], [ -118.303841, 33.711037 ], [ -118.30397, 33.711061 ], [ -118.304098, 33.711098 ], [ -118.304131, 33.711118 ], [ -118.304205, 33.71114 ], [ -118.304254, 33.711166 ], [ -118.304311, 33.711181 ], [ -118.304377, 33.711221 ], [ -118.304427, 33.711236 ], [ -118.30469, 33.711373 ], [ -118.304731, 33.711386 ], [ -118.304763, 33.711409 ], [ -118.30501, 33.711469 ], [ -118.305043, 33.711491 ], [ -118.305076, 33.711491 ], [ -118.305281, 33.711615 ], [ -118.305339, 33.71163 ], [ -118.305388, 33.711643 ], [ -118.305565, 33.711673 ], [ -118.305787, 33.711702 ], [ -118.305996, 33.711761 ], [ -118.306045, 33.711787 ], [ -118.306317, 33.711807 ], [ -118.30635, 33.711829 ], [ -118.306374, 33.711836 ], [ -118.306761, 33.711836 ], [ -118.307024, 33.711856 ], [ -118.30709, 33.711878 ], [ -118.307574, 33.711918 ], [ -118.307747, 33.711968 ], [ -118.30778, 33.711988 ], [ -118.307838, 33.712001 ], [ -118.30787, 33.712023 ], [ -118.307928, 33.712036 ], [ -118.308051, 33.712104 ], [ -118.308084, 33.712104 ], [ -118.308129, 33.71214 ], [ -118.30838, 33.71229 ], [ -118.30845, 33.712339 ], [ -118.308684, 33.71247 ], [ -118.30875, 33.712485 ], [ -118.308782, 33.712505 ], [ -118.309087, 33.712587 ], [ -118.309128, 33.712609 ], [ -118.309469, 33.71266 ], [ -118.309633, 33.712681 ], [ -118.309711, 33.712705 ], [ -118.309931, 33.71286 ], [ -118.309974, 33.712884 ], [ -118.310155, 33.712932 ], [ -118.310264, 33.71299 ], [ -118.310418, 33.713022 ], [ -118.310656, 33.713202 ], [ -118.31073, 33.713221 ], [ -118.310755, 33.713235 ], [ -118.31087, 33.713333 ], [ -118.310895, 33.71345 ], [ -118.311067, 33.713594 ], [ -118.311334, 33.713794 ], [ -118.311417, 33.713839 ], [ -118.311486, 33.713876 ], [ -118.311749, 33.713945 ], [ -118.311782, 33.713965 ], [ -118.312057, 33.713949 ], [ -118.31216, 33.713932 ], [ -118.312337, 33.714056 ], [ -118.312398, 33.71409 ], [ -118.312456, 33.714105 ], [ -118.312637, 33.714263 ], [ -118.312657, 33.714276 ], [ -118.312719, 33.714305 ], [ -118.312752, 33.714325 ], [ -118.312818, 33.714338 ], [ -118.312916, 33.7144 ], [ -118.313035, 33.714491 ], [ -118.313204, 33.714573 ], [ -118.313237, 33.714593 ], [ -118.313335, 33.714621 ], [ -118.313607, 33.714643 ], [ -118.313824, 33.714611 ], [ -118.313898, 33.714597 ], [ -118.314141, 33.714531 ], [ -118.314359, 33.714515 ], [ -118.3147, 33.714615 ], [ -118.314749, 33.714642 ], [ -118.314803, 33.714653 ], [ -118.315017, 33.714639 ], [ -118.315128, 33.714602 ], [ -118.3153, 33.714534 ], [ -118.315341, 33.714525 ], [ -118.315448, 33.714456 ], [ -118.315637, 33.714299 ], [ -118.31581, 33.714112 ], [ -118.315835, 33.714091 ], [ -118.315886, 33.714082 ], [ -118.316114, 33.714091 ], [ -118.316427, 33.714008 ], [ -118.316468, 33.713988 ], [ -118.3166, 33.713874 ], [ -118.316616, 33.713851 ], [ -118.316624, 33.713794 ], [ -118.316567, 33.713727 ], [ -118.316567, 33.713678 ], [ -118.316575, 33.713644 ], [ -118.316612, 33.713616 ], [ -118.316698, 33.713692 ], [ -118.316731, 33.713726 ], [ -118.316805, 33.713774 ], [ -118.316937, 33.713762 ], [ -118.316978, 33.713734 ], [ -118.317003, 33.713711 ], [ -118.317019, 33.713623 ], [ -118.317068, 33.713582 ], [ -118.317224, 33.713574 ], [ -118.317251, 33.713578 ], [ -118.317381, 33.713595 ], [ -118.317455, 33.713616 ], [ -118.317482, 33.71363 ], [ -118.31752, 33.713652 ], [ -118.317559, 33.713684 ], [ -118.317629, 33.713741 ], [ -118.317652, 33.713761 ], [ -118.317685, 33.713803 ], [ -118.317713, 33.713972 ], [ -118.317684, 33.714223 ], [ -118.317672, 33.714329 ], [ -118.31766, 33.714354 ], [ -118.31768, 33.714529 ], [ -118.317734, 33.714781 ], [ -118.317766, 33.714828 ], [ -118.317774, 33.714855 ], [ -118.317873, 33.71496 ], [ -118.317906, 33.715007 ], [ -118.31798, 33.715063 ], [ -118.318038, 33.715076 ], [ -118.318153, 33.715056 ], [ -118.31821, 33.715112 ], [ -118.31821, 33.715132 ], [ -118.318325, 33.715201 ], [ -118.318465, 33.715229 ], [ -118.318481, 33.715238 ], [ -118.318527, 33.715263 ], [ -118.318613, 33.715311 ], [ -118.318664, 33.715319 ], [ -118.318872, 33.715308 ], [ -118.318974, 33.715278 ], [ -118.319122, 33.715256 ], [ -118.319147, 33.715255 ], [ -118.319246, 33.71527 ], [ -118.31941, 33.715408 ], [ -118.319443, 33.715448 ], [ -118.319509, 33.715786 ], [ -118.31955, 33.715925 ], [ -118.319566, 33.715945 ], [ -118.319627, 33.715994 ], [ -118.319685, 33.716025 ], [ -118.319739, 33.716007 ], [ -118.319813, 33.715959 ], [ -118.319887, 33.715944 ], [ -118.319928, 33.71598 ], [ -118.319944, 33.716056 ], [ -118.319938, 33.716072 ], [ -118.319919, 33.716118 ], [ -118.319878, 33.716165 ], [ -118.319862, 33.716213 ], [ -118.319837, 33.716242 ], [ -118.319763, 33.716406 ], [ -118.319779, 33.716579 ], [ -118.319935, 33.716742 ], [ -118.320075, 33.71693 ], [ -118.320083, 33.716957 ], [ -118.320132, 33.717013 ], [ -118.320359, 33.717186 ], [ -118.320741, 33.717392 ], [ -118.321053, 33.717551 ], [ -118.321135, 33.717563 ], [ -118.32118, 33.717564 ], [ -118.321226, 33.717565 ], [ -118.321308, 33.71755 ], [ -118.321349, 33.717529 ], [ -118.321423, 33.717481 ], [ -118.321472, 33.717467 ], [ -118.321697, 33.717486 ], [ -118.321736, 33.717489 ], [ -118.321777, 33.717482 ], [ -118.32182, 33.717458 ], [ -118.32199, 33.717365 ], [ -118.322089, 33.717296 ], [ -118.322163, 33.717284 ], [ -118.32218, 33.717281 ], [ -118.322229, 33.717324 ], [ -118.32222, 33.717351 ], [ -118.322113, 33.71746 ], [ -118.322081, 33.717551 ], [ -118.322081, 33.717578 ], [ -118.322105, 33.717708 ], [ -118.322236, 33.717874 ], [ -118.322253, 33.71791 ], [ -118.322767, 33.718308 ], [ -118.323017, 33.718488 ], [ -118.323042, 33.718487 ], [ -118.323112, 33.718536 ], [ -118.323198, 33.718576 ], [ -118.323231, 33.718598 ], [ -118.323346, 33.718626 ], [ -118.323539, 33.718642 ], [ -118.32388, 33.718659 ], [ -118.323971, 33.71866 ], [ -118.324152, 33.718647 ], [ -118.324172, 33.718633 ], [ -118.32422, 33.71861 ], [ -118.324343, 33.718593 ], [ -118.324468, 33.718614 ], [ -118.324497, 33.718625 ], [ -118.324555, 33.718638 ], [ -118.324587, 33.71866 ], [ -118.324781, 33.718676 ], [ -118.325369, 33.718668 ], [ -118.32557, 33.718657 ], [ -118.325812, 33.718728 ], [ -118.325845, 33.71875 ], [ -118.325903, 33.718763 ], [ -118.325946, 33.718785 ], [ -118.325967, 33.71879 ], [ -118.326018, 33.718819 ], [ -118.326084, 33.718831 ], [ -118.326157, 33.718873 ], [ -118.326363, 33.718977 ], [ -118.326396, 33.718997 ], [ -118.326437, 33.71901 ], [ -118.32647, 33.719032 ], [ -118.326511, 33.719045 ], [ -118.326544, 33.719065 ], [ -118.326634, 33.719101 ], [ -118.326667, 33.71912 ], [ -118.326758, 33.719156 ], [ -118.32679, 33.719178 ], [ -118.326848, 33.719197 ], [ -118.326881, 33.719217 ], [ -118.326938, 33.719239 ], [ -118.326971, 33.719259 ], [ -118.327012, 33.719272 ], [ -118.327045, 33.719294 ], [ -118.327103, 33.719314 ], [ -118.327136, 33.719334 ], [ -118.327209, 33.719363 ], [ -118.327243, 33.719383 ], [ -118.327284, 33.719398 ], [ -118.327317, 33.719418 ], [ -118.327407, 33.719439 ], [ -118.32744, 33.719459 ], [ -118.327526, 33.71947 ], [ -118.328361, 33.719673 ], [ -118.329421, 33.719961 ], [ -118.329479, 33.719997 ], [ -118.329622, 33.720013 ], [ -118.330432, 33.72023 ], [ -118.330498, 33.720272 ], [ -118.330531, 33.720272 ], [ -118.330564, 33.720294 ], [ -118.330613, 33.720313 ], [ -118.330866, 33.720527 ], [ -118.330936, 33.720586 ], [ -118.331188, 33.720799 ], [ -118.331336, 33.720932 ], [ -118.331488, 33.721037 ], [ -118.331722, 33.721154 ], [ -118.331895, 33.721251 ], [ -118.332113, 33.721395 ], [ -118.332593, 33.721616 ], [ -118.332626, 33.721635 ], [ -118.332659, 33.721635 ], [ -118.332844, 33.721766 ], [ -118.333013, 33.72185 ], [ -118.333057, 33.721862 ], [ -118.333039, 33.721893 ], [ -118.330749, 33.725659 ], [ -118.330165, 33.72662 ], [ -118.329707, 33.727373 ], [ -118.329635, 33.727493 ], [ -118.328472, 33.729422 ], [ -118.328017, 33.72942 ], [ -118.326701, 33.729416 ], [ -118.325524, 33.729412 ], [ -118.321582, 33.729399 ], [ -118.32101, 33.729397 ], [ -118.321001, 33.730874 ], [ -118.320984, 33.730941 ], [ -118.320955, 33.730999 ], [ -118.320908, 33.731056 ], [ -118.320847, 33.731103 ], [ -118.320771, 33.731141 ], [ -118.320308, 33.731317 ], [ -118.3202, 33.731375 ], [ -118.320125, 33.731426 ], [ -118.320036, 33.731503 ], [ -118.319961, 33.73159 ], [ -118.319901, 33.731685 ], [ -118.319858, 33.731786 ], [ -118.319832, 33.731892 ], [ -118.319823, 33.73199 ], [ -118.318531, 33.731987 ], [ -118.31853, 33.732213 ], [ -118.318518, 33.734043 ], [ -118.318516, 33.73435 ], [ -118.318512, 33.734782 ], [ -118.318512, 33.734879 ], [ -118.31851, 33.735251 ], [ -118.318737, 33.735181 ], [ -118.319913, 33.735506 ], [ -118.320301, 33.735446 ], [ -118.320373, 33.73577 ], [ -118.319985, 33.73583 ], [ -118.320047, 33.736111 ], [ -118.32005, 33.736122 ], [ -118.319511, 33.73635 ], [ -118.319454, 33.736378 ], [ -118.319345, 33.73642 ], [ -118.318924, 33.736598 ], [ -118.318592, 33.736431 ], [ -118.318566, 33.736405 ], [ -118.318543, 33.736389 ], [ -118.318505, 33.736339 ], [ -118.3185, 33.737477 ], [ -118.318663, 33.737603 ], [ -118.318671, 33.737612 ], [ -118.318697, 33.737637 ], [ -118.318735, 33.737678 ], [ -118.318768, 33.737717 ], [ -118.318803, 33.737763 ], [ -118.318821, 33.737788 ], [ -118.318841, 33.737822 ], [ -118.318859, 33.737852 ], [ -118.318874, 33.737884 ], [ -118.318896, 33.737932 ], [ -118.318926, 33.738013 ], [ -118.318936, 33.738046 ], [ -118.318941, 33.73806 ], [ -118.318944, 33.738079 ], [ -118.318947, 33.738096 ], [ -118.318951, 33.738112 ], [ -118.318953, 33.738129 ], [ -118.318956, 33.738147 ], [ -118.318959, 33.73818 ], [ -118.318961, 33.738197 ], [ -118.318962, 33.738221 ], [ -118.31896, 33.73825 ], [ -118.318957, 33.738279 ], [ -118.31894, 33.738426 ], [ -118.318847, 33.739226 ], [ -118.318846, 33.739239 ], [ -118.318776, 33.739403 ], [ -118.318785, 33.739466 ], [ -118.318783, 33.739578 ], [ -118.318784, 33.7396 ], [ -118.318789, 33.739754 ], [ -118.318837, 33.739998 ], [ -118.318857, 33.740066 ], [ -118.318863, 33.740185 ], [ -118.318873, 33.740289 ], [ -118.318876, 33.740315 ], [ -118.31889, 33.740359 ], [ -118.3189, 33.74038 ], [ -118.318937, 33.740455 ], [ -118.318957, 33.74048 ], [ -118.318976, 33.740499 ], [ -118.319012, 33.740535 ], [ -118.31905, 33.74056 ], [ -118.319082, 33.740581 ], [ -118.319136, 33.740594 ], [ -118.319459, 33.740764 ], [ -118.319695, 33.740888 ], [ -118.319772, 33.740941 ], [ -118.319841, 33.741002 ], [ -118.319915, 33.74109 ], [ -118.319957, 33.74116 ], [ -118.319973, 33.741187 ], [ -118.320011, 33.74129 ], [ -118.320022, 33.741349 ], [ -118.320029, 33.741385 ], [ -118.320029, 33.741492 ], [ -118.320021, 33.741552 ], [ -118.319928, 33.742023 ], [ -118.31988, 33.742176 ], [ -118.319813, 33.742324 ], [ -118.319771, 33.742394 ], [ -118.319728, 33.742466 ], [ -118.319607, 33.74263 ], [ -118.319418, 33.742626 ], [ -118.319226, 33.742622 ], [ -118.318477, 33.742617 ], [ -118.318475, 33.742944 ], [ -118.31847, 33.743608 ], [ -118.318456, 33.745757 ], [ -118.318449, 33.746842 ], [ -118.318022, 33.74684 ], [ -118.317093, 33.746834 ], [ -118.316153, 33.746829 ], [ -118.315271, 33.746823 ], [ -118.314226, 33.746817 ], [ -118.313699, 33.746814 ], [ -118.313579, 33.746819 ], [ -118.313465, 33.746836 ], [ -118.313458, 33.746813 ], [ -118.312176, 33.746805 ], [ -118.312172, 33.747247 ], [ -118.312174, 33.747302 ], [ -118.312121, 33.7473 ], [ -118.311103, 33.747294 ], [ -118.311104, 33.747144 ], [ -118.311107, 33.746799 ], [ -118.309614, 33.746791 ], [ -118.309608, 33.746909 ], [ -118.309589, 33.747061 ], [ -118.30958, 33.747127 ], [ -118.309335, 33.749025 ], [ -118.309271, 33.749523 ], [ -118.309202, 33.750052 ], [ -118.309122, 33.750208 ], [ -118.309119, 33.751198 ], [ -118.309118, 33.752127 ], [ -118.309095, 33.753037 ], [ -118.309121, 33.75344 ], [ -118.309106, 33.75371 ], [ -118.309103, 33.753893 ], [ -118.309101, 33.754276 ], [ -118.309098, 33.754884 ], [ -118.309089, 33.757128 ], [ -118.309087, 33.757728 ], [ -118.306582, 33.757726 ], [ -118.301, 33.757721 ], [ -118.301113, 33.75808 ], [ -118.301878, 33.760511 ], [ -118.302001, 33.760511 ], [ -118.305431, 33.760513 ], [ -118.309038, 33.760515 ], [ -118.309038, 33.760702 ], [ -118.309035, 33.762169 ], [ -118.309028, 33.762187 ], [ -118.309035, 33.762207 ], [ -118.309034, 33.762567 ], [ -118.309035, 33.762678 ], [ -118.309099, 33.762686 ], [ -118.310635, 33.762872 ], [ -118.310789, 33.762891 ], [ -118.311013, 33.76293 ], [ -118.311606, 33.763051 ], [ -118.31088, 33.76553 ], [ -118.310846, 33.765646 ], [ -118.310751, 33.765977 ], [ -118.310652, 33.76623 ], [ -118.310477, 33.766853 ], [ -118.310228, 33.767747 ], [ -118.309987, 33.768611 ], [ -118.309517, 33.770206 ], [ -118.309502, 33.770237 ], [ -118.309499, 33.770269 ], [ -118.308938, 33.77217 ], [ -118.308927, 33.772212 ], [ -118.308915, 33.772255 ], [ -118.308902, 33.772308 ], [ -118.308889, 33.772361 ], [ -118.308877, 33.772403 ], [ -118.308868, 33.772446 ], [ -118.308854, 33.77251 ], [ -118.308849, 33.772531 ], [ -118.308841, 33.772574 ], [ -118.308833, 33.772616 ], [ -118.308821, 33.772692 ], [ -118.308813, 33.772734 ], [ -118.308807, 33.772778 ], [ -118.3088, 33.77282 ], [ -118.308793, 33.772863 ], [ -118.308788, 33.772907 ], [ -118.308784, 33.772949 ], [ -118.308777, 33.773004 ], [ -118.308772, 33.773079 ], [ -118.308769, 33.773122 ], [ -118.308764, 33.773177 ], [ -118.30876, 33.773252 ], [ -118.308757, 33.773318 ], [ -118.308755, 33.773383 ], [ -118.308754, 33.773415 ], [ -118.308754, 33.773447 ], [ -118.308755, 33.773502 ], [ -118.308755, 33.773556 ], [ -118.308754, 33.773577 ], [ -118.308754, 33.77362 ], [ -118.308757, 33.773662 ], [ -118.308762, 33.773746 ], [ -118.308764, 33.773761 ], [ -118.308765, 33.773789 ], [ -118.308768, 33.773817 ], [ -118.30877, 33.773836 ], [ -118.308772, 33.77386 ], [ -118.308776, 33.773893 ], [ -118.30878, 33.77393 ], [ -118.308783, 33.773958 ], [ -118.308788, 33.774009 ], [ -118.308791, 33.774035 ], [ -118.308793, 33.774057 ], [ -118.308798, 33.774099 ], [ -118.308801, 33.774128 ], [ -118.308806, 33.774165 ], [ -118.308812, 33.774205 ], [ -118.308818, 33.774247 ], [ -118.308821, 33.774268 ], [ -118.308831, 33.774324 ], [ -118.308839, 33.77438 ], [ -118.308847, 33.774437 ], [ -118.308923, 33.774964 ], [ -118.30885, 33.774964 ], [ -118.306427, 33.774958 ], [ -118.307653, 33.778843 ], [ -118.307699, 33.778988 ], [ -118.307826, 33.779328 ], [ -118.307889, 33.779459 ], [ -118.308256, 33.779381 ], [ -118.308562, 33.779304 ], [ -118.308835, 33.779235 ], [ -118.309486, 33.779053 ], [ -118.309566, 33.779563 ], [ -118.309602, 33.779791 ], [ -118.309691, 33.78037 ], [ -118.309718, 33.780542 ], [ -118.309762, 33.78083 ], [ -118.309819, 33.7812 ], [ -118.30985, 33.781396 ], [ -118.309894, 33.78168 ], [ -118.309916, 33.78188 ], [ -118.309924, 33.781947 ], [ -118.309746, 33.781942 ], [ -118.309503, 33.781942 ], [ -118.309413, 33.781942 ], [ -118.309039, 33.781941 ], [ -118.309039, 33.782028 ], [ -118.309038, 33.782179 ], [ -118.30894, 33.782216 ], [ -118.308709, 33.782215 ], [ -118.308704, 33.783666 ], [ -118.308699, 33.785185 ], [ -118.308697, 33.785832 ], [ -118.308697, 33.78597 ], [ -118.308697, 33.786051 ], [ -118.308695, 33.786445 ], [ -118.308694, 33.78686 ], [ -118.308718, 33.78686 ], [ -118.308715, 33.787533 ], [ -118.308713, 33.788177 ], [ -118.308713, 33.788207 ], [ -118.308693, 33.788207 ], [ -118.308692, 33.788276 ], [ -118.308687, 33.788825 ], [ -118.308687, 33.788853 ], [ -118.308688, 33.788981 ], [ -118.308686, 33.789041 ], [ -118.308685, 33.789471 ], [ -118.308685, 33.789608 ], [ -118.308688, 33.78998 ], [ -118.308692, 33.790487 ], [ -118.308697, 33.790987 ], [ -118.308701, 33.79149 ], [ -118.308705, 33.791995 ], [ -118.308709, 33.792493 ], [ -118.308714, 33.793048 ], [ -118.308718, 33.793508 ], [ -118.308724, 33.794275 ], [ -118.30873, 33.794908 ], [ -118.308737, 33.79578 ], [ -118.308741, 33.796279 ], [ -118.308745, 33.796796 ], [ -118.30875, 33.797296 ], [ -118.308753, 33.79769 ], [ -118.308753, 33.797834 ], [ -118.308751, 33.797948 ], [ -118.308761, 33.798632 ], [ -118.308768, 33.799445 ], [ -118.308774, 33.800197 ], [ -118.308778, 33.800796 ], [ -118.308781, 33.800958 ], [ -118.308781, 33.801096 ], [ -118.308786, 33.801796 ], [ -118.30879, 33.802217 ], [ -118.308793, 33.802583 ], [ -118.308799, 33.80333 ], [ -118.308805, 33.804084 ], [ -118.308812, 33.804937 ], [ -118.308818, 33.80572 ], [ -118.308823, 33.806421 ], [ -118.308829, 33.806795 ], [ -118.308856, 33.807108 ], [ -118.308871, 33.807213 ], [ -118.308913, 33.807442 ], [ -118.308955, 33.807595 ], [ -118.309021, 33.807767 ], [ -118.309082, 33.807924 ], [ -118.309165, 33.808183 ], [ -118.309228, 33.80845 ], [ -118.309269, 33.808636 ], [ -118.309296, 33.808805 ], [ -118.309217, 33.808817 ], [ -118.308924, 33.808864 ], [ -118.308443, 33.80897 ], [ -118.30841, 33.808971 ], [ -118.308348, 33.808991 ], [ -118.308254, 33.809014 ], [ -118.308311, 33.809197 ], [ -118.308498, 33.809784 ], [ -118.30862, 33.810193 ], [ -118.30873, 33.810659 ], [ -118.308804, 33.811039 ], [ -118.30884, 33.811266 ], [ -118.308859, 33.81142 ], [ -118.308884, 33.811614 ], [ -118.308916, 33.811978 ], [ -118.308918, 33.811998 ], [ -118.308935, 33.812384 ], [ -118.308935, 33.812435 ], [ -118.308938, 33.812715 ], [ -118.308936, 33.813442 ], [ -118.308936, 33.813457 ], [ -118.308935, 33.813657 ], [ -118.30893, 33.815264 ], [ -118.308929, 33.815503 ], [ -118.308924, 33.816991 ], [ -118.308924, 33.817038 ], [ -118.308925, 33.817133 ], [ -118.308933, 33.818301 ], [ -118.308939, 33.819035 ], [ -118.308953, 33.820189 ], [ -118.308964, 33.821125 ], [ -118.308967, 33.821343 ], [ -118.308983, 33.822676 ], [ -118.308984, 33.822781 ], [ -118.308985, 33.822882 ], [ -118.308991, 33.823317 ], [ -118.309005, 33.824471 ], [ -118.309019, 33.825625 ], [ -118.309033, 33.826779 ], [ -118.308995, 33.826779 ], [ -118.308901, 33.82678 ], [ -118.308915, 33.827934 ], [ -118.308929, 33.829089 ], [ -118.308944, 33.830113 ], [ -118.309009, 33.830242 ], [ -118.309023, 33.831465 ], [ -118.309035, 33.832437 ], [ -118.309036, 33.832482 ], [ -118.309048, 33.833472 ], [ -118.309049, 33.833517 ], [ -118.309059, 33.834415 ], [ -118.30906, 33.834462 ], [ -118.309072, 33.835445 ], [ -118.309124, 33.836416 ], [ -118.309119, 33.837294 ], [ -118.309118, 33.837359 ], [ -118.309114, 33.837547 ], [ -118.309115, 33.837828 ], [ -118.30912, 33.838077 ], [ -118.309122, 33.838207 ], [ -118.309128, 33.838384 ], [ -118.309106, 33.839576 ], [ -118.309106, 33.840851 ], [ -118.309111, 33.841756 ], [ -118.309115, 33.841867 ], [ -118.309119, 33.842594 ], [ -118.309123, 33.84286 ], [ -118.30913, 33.843795 ], [ -118.309136, 33.843966 ], [ -118.309138, 33.84473 ], [ -118.309132, 33.845218 ], [ -118.309132, 33.845664 ], [ -118.309128, 33.846212 ], [ -118.309137, 33.846819 ], [ -118.309137, 33.847243 ], [ -118.309137, 33.847393 ], [ -118.309132, 33.848875 ], [ -118.309141, 33.849514 ], [ -118.309123, 33.85129 ], [ -118.309135, 33.854199 ], [ -118.309138, 33.855072 ], [ -118.30915, 33.858348 ], [ -118.30915, 33.858459 ], [ -118.30915, 33.858902 ], [ -118.309149, 33.859324 ], [ -118.309149, 33.859759 ], [ -118.309149, 33.859852 ], [ -118.309149, 33.859952 ], [ -118.309149, 33.860043 ], [ -118.309149, 33.860627 ], [ -118.309149, 33.860861 ], [ -118.309149, 33.86095 ], [ -118.309149, 33.860997 ], [ -118.309149, 33.861457 ], [ -118.309149, 33.861978 ], [ -118.309149, 33.862648 ], [ -118.309149, 33.863256 ], [ -118.309148, 33.863445 ], [ -118.309148, 33.86384 ], [ -118.309148, 33.864139 ], [ -118.309148, 33.864309 ], [ -118.309148, 33.864703 ], [ -118.309148, 33.864805 ], [ -118.309148, 33.864983 ], [ -118.309148, 33.865441 ], [ -118.309148, 33.865608 ], [ -118.308953, 33.865691 ], [ -118.30885, 33.865691 ], [ -118.308589, 33.865691 ], [ -118.308053, 33.865692 ], [ -118.307509, 33.865692 ], [ -118.306974, 33.865693 ], [ -118.306444, 33.865693 ], [ -118.305916, 33.865693 ], [ -118.305388, 33.865694 ], [ -118.304803, 33.865694 ], [ -118.304065, 33.865695 ], [ -118.30358, 33.865695 ], [ -118.303344, 33.865695 ], [ -118.302561, 33.865696 ], [ -118.300713, 33.865697 ], [ -118.299969, 33.865698 ], [ -118.29976, 33.865698 ], [ -118.299414, 33.865698 ], [ -118.29937, 33.865698 ], [ -118.299319, 33.865698 ], [ -118.299314, 33.865822 ], [ -118.299234, 33.868046 ], [ -118.299191, 33.869224 ], [ -118.299143, 33.870531 ], [ -118.299031, 33.870497 ], [ -118.29903, 33.870524 ], [ -118.298959, 33.870526 ], [ -118.29793, 33.870535 ], [ -118.297346, 33.870545 ], [ -118.296995, 33.87055 ], [ -118.295991, 33.870557 ], [ -118.295033, 33.870554 ], [ -118.2944, 33.870523 ], [ -118.294357, 33.870522 ], [ -118.294404, 33.869502 ], [ -118.294432, 33.868343 ], [ -118.294448, 33.868022 ], [ -118.294456, 33.86775 ], [ -118.29447, 33.867056 ], [ -118.294483, 33.866803 ], [ -118.29449, 33.866621 ], [ -118.294499, 33.86647 ], [ -118.294999, 33.86647 ], [ -118.296545, 33.866468 ], [ -118.297771, 33.866468 ], [ -118.297816, 33.866463 ], [ -118.297926, 33.866451 ], [ -118.298063, 33.866422 ], [ -118.298064, 33.866282 ], [ -118.298068, 33.865553 ], [ -118.298042, 33.865553 ], [ -118.298024, 33.865553 ], [ -118.295009, 33.865548 ], [ -118.294965, 33.865548 ], [ -118.294948, 33.865547 ], [ -118.292542, 33.865546 ], [ -118.29197, 33.865545 ], [ -118.291814, 33.865565 ], [ -118.291754, 33.86558 ], [ -118.291636, 33.865619 ], [ -118.29154, 33.865664 ], [ -118.29143, 33.865734 ], [ -118.290624, 33.866333 ], [ -118.290525, 33.866406 ], [ -118.290565, 33.867166 ], [ -118.290671, 33.868938 ], [ -118.290763, 33.870491 ], [ -118.290792, 33.870979 ], [ -118.290793, 33.870997 ], [ -118.290748, 33.870984 ], [ -118.290559, 33.870887 ], [ -118.290378, 33.870785 ], [ -118.290279, 33.870763 ], [ -118.289826, 33.870405 ], [ -118.289702, 33.87017 ], [ -118.28966, 33.87008 ], [ -118.289615, 33.869787 ], [ -118.289553, 33.869646 ], [ -118.289528, 33.869612 ], [ -118.289363, 33.869233 ], [ -118.289338, 33.869197 ], [ -118.289305, 33.869053 ], [ -118.289289, 33.86902 ], [ -118.289223, 33.868937 ], [ -118.289041, 33.868474 ], [ -118.28895, 33.868218 ], [ -118.288841, 33.86794 ], [ -118.288777, 33.867778 ], [ -118.288756, 33.867719 ], [ -118.288678, 33.867502 ], [ -118.288529, 33.86715 ], [ -118.288422, 33.86693 ], [ -118.288265, 33.866577 ], [ -118.28822, 33.866368 ], [ -118.288158, 33.86617 ], [ -118.287984, 33.865764 ], [ -118.287885, 33.865565 ], [ -118.287832, 33.865446 ], [ -118.287765, 33.86507 ], [ -118.287674, 33.864875 ], [ -118.287652, 33.864789 ], [ -118.287571, 33.864578 ], [ -118.287542, 33.864457 ], [ -118.287522, 33.864398 ], [ -118.287134, 33.86344 ], [ -118.286993, 33.863184 ], [ -118.286861, 33.863032 ], [ -118.286408, 33.86266 ], [ -118.286219, 33.86255 ], [ -118.286145, 33.862523 ], [ -118.285988, 33.862432 ], [ -118.285624, 33.862342 ], [ -118.28556, 33.862331 ], [ -118.285484, 33.862334 ], [ -118.285266, 33.862341 ], [ -118.28499, 33.862246 ], [ -118.284923, 33.862224 ], [ -118.284856, 33.862202 ], [ -118.284851, 33.862138 ], [ -118.284332, 33.861749 ], [ -118.284275, 33.861668 ], [ -118.284258, 33.861649 ], [ -118.284766, 33.861422 ], [ -118.284901, 33.861362 ], [ -118.284941, 33.861344 ], [ -118.28516, 33.861247 ], [ -118.285363, 33.861156 ], [ -118.285334, 33.861014 ], [ -118.285314, 33.860916 ] ], [ [ -118.30336, 33.737902 ], [ -118.301859, 33.737873 ], [ -118.301143, 33.737868 ], [ -118.298947, 33.737879 ], [ -118.296739, 33.737878 ], [ -118.296735, 33.738786 ], [ -118.29673, 33.739693 ], [ -118.296728, 33.740299 ], [ -118.296727, 33.7406 ], [ -118.296722, 33.741506 ], [ -118.296718, 33.742412 ], [ -118.296714, 33.743318 ], [ -118.29745, 33.743345 ], [ -118.298005, 33.743352 ], [ -118.298008, 33.744042 ], [ -118.298007, 33.744141 ], [ -118.298912, 33.744144 ], [ -118.299504, 33.74408 ], [ -118.299508, 33.743345 ], [ -118.300489, 33.743352 ], [ -118.300915, 33.743352 ], [ -118.301061, 33.743348 ], [ -118.301667, 33.743334 ], [ -118.301675, 33.742426 ], [ -118.301675, 33.741603 ], [ -118.301655, 33.74152 ], [ -118.302054, 33.741521 ], [ -118.302991, 33.741524 ], [ -118.302994, 33.740699 ], [ -118.302793, 33.740698 ], [ -118.302171, 33.740697 ], [ -118.302057, 33.740703 ], [ -118.302059, 33.740298 ], [ -118.302063, 33.73931 ], [ -118.302177, 33.739311 ], [ -118.302311, 33.739313 ], [ -118.302451, 33.739331 ], [ -118.302539, 33.739352 ], [ -118.303869, 33.739744 ], [ -118.303974, 33.739775 ], [ -118.304069, 33.739814 ], [ -118.304125, 33.739848 ], [ -118.304148, 33.739866 ], [ -118.304264, 33.739961 ], [ -118.304263, 33.740217 ], [ -118.304261, 33.740643 ], [ -118.304257, 33.741527 ], [ -118.306461, 33.741532 ], [ -118.308682, 33.741537 ], [ -118.308682, 33.741621 ], [ -118.309119, 33.741622 ], [ -118.309121, 33.741271 ], [ -118.309135, 33.738905 ], [ -118.309137, 33.738823 ], [ -118.30914, 33.73874 ], [ -118.309142, 33.737999 ], [ -118.30915, 33.737916 ], [ -118.308662, 33.737922 ], [ -118.307743, 33.737915 ], [ -118.306539, 33.737901 ], [ -118.305553, 33.737901 ], [ -118.304339, 33.737898 ], [ -118.303965, 33.737902 ], [ -118.30336, 33.737902 ] ], [ [ -118.299213, 33.850272 ], [ -118.29921, 33.848298 ], [ -118.29921, 33.848277 ], [ -118.29921, 33.847894 ], [ -118.299214, 33.847512 ], [ -118.299215, 33.847292 ], [ -118.2991, 33.847289 ], [ -118.297035, 33.847284 ], [ -118.297041, 33.853214 ], [ -118.297043, 33.854227 ], [ -118.297047, 33.858179 ], [ -118.297033, 33.858317 ], [ -118.299222, 33.858315 ], [ -118.299217, 33.854229 ], [ -118.299217, 33.854215 ], [ -118.299216, 33.853225 ], [ -118.299216, 33.853202 ], [ -118.299214, 33.851641 ], [ -118.299214, 33.851266 ], [ -118.299214, 33.851245 ], [ -118.299213, 33.850272 ] ], [ [ -118.274432, 33.714385 ], [ -118.274455, 33.714399 ], [ -118.274486, 33.714291 ], [ -118.274294, 33.714182 ], [ -118.274216, 33.714248 ], [ -118.274432, 33.714385 ] ], [ [ -118.274614, 33.714508 ], [ -118.274879, 33.714638 ], [ -118.274895, 33.714633 ], [ -118.274958, 33.714615 ], [ -118.27493, 33.714527 ], [ -118.274665, 33.714377 ], [ -118.274613, 33.714443 ], [ -118.274614, 33.714508 ] ], [ [ -118.293498, 33.71456 ], [ -118.293547, 33.7146 ], [ -118.293568, 33.714588 ], [ -118.293629, 33.714552 ], [ -118.293679, 33.71451 ], [ -118.293465, 33.714269 ], [ -118.29339, 33.714301 ], [ -118.293379, 33.714317 ], [ -118.293498, 33.71456 ] ], [ [ -118.275229, 33.714705 ], [ -118.275171, 33.714789 ], [ -118.275198, 33.714822 ], [ -118.275376, 33.714913 ], [ -118.275455, 33.714869 ], [ -118.275408, 33.714798 ], [ -118.275249, 33.7147 ], [ -118.275229, 33.714705 ] ], [ [ -118.275543, 33.715004 ], [ -118.275649, 33.71507 ], [ -118.27573, 33.715089 ], [ -118.275741, 33.715092 ], [ -118.275753, 33.715024 ], [ -118.275673, 33.714948 ], [ -118.275568, 33.714915 ], [ -118.275543, 33.715004 ] ], [ [ -118.275965, 33.71511 ], [ -118.275873, 33.715122 ], [ -118.275888, 33.71521 ], [ -118.276039, 33.715276 ], [ -118.2761, 33.715302 ], [ -118.276132, 33.715284 ], [ -118.276038, 33.715159 ], [ -118.275965, 33.71511 ] ], [ [ -118.308392, 33.727773 ], [ -118.308409, 33.727621 ], [ -118.308327, 33.727552 ], [ -118.308269, 33.727551 ], [ -118.308195, 33.727578 ], [ -118.308113, 33.72767 ], [ -118.308121, 33.727706 ], [ -118.308195, 33.727779 ], [ -118.308236, 33.727798 ], [ -118.308285, 33.727821 ], [ -118.308359, 33.72782 ], [ -118.308392, 33.727773 ] ], [ [ -118.296965, 33.744259 ], [ -118.29703, 33.744342 ], [ -118.297055, 33.744396 ], [ -118.29708, 33.744479 ], [ -118.297104, 33.744515 ], [ -118.297112, 33.744542 ], [ -118.297137, 33.744575 ], [ -118.297211, 33.744631 ], [ -118.297519, 33.744635 ], [ -118.297569, 33.743642 ], [ -118.297566, 33.743617 ], [ -118.297508, 33.743577 ], [ -118.297352, 33.743556 ], [ -118.296982, 33.743556 ], [ -118.296932, 33.743604 ], [ -118.296907, 33.744113 ], [ -118.296965, 33.744259 ] ], [ [ -118.311724, 33.747208 ], [ -118.311782, 33.747248 ], [ -118.311885, 33.747217 ], [ -118.312119, 33.747186 ], [ -118.312144, 33.747111 ], [ -118.312062, 33.746918 ], [ -118.311815, 33.746939 ], [ -118.311725, 33.747007 ], [ -118.311724, 33.747208 ] ], [ [ -118.281643, 33.755977 ], [ -118.281499, 33.756001 ], [ -118.28145, 33.756015 ], [ -118.281438, 33.756037 ], [ -118.281434, 33.756096 ], [ -118.281449, 33.7561 ], [ -118.281491, 33.756111 ], [ -118.281676, 33.75606 ], [ -118.281812, 33.756043 ], [ -118.281874, 33.756024 ], [ -118.281985, 33.756007 ], [ -118.282042, 33.755973 ], [ -118.282042, 33.755945 ], [ -118.282009, 33.755903 ], [ -118.281919, 33.755924 ], [ -118.28168, 33.755965 ], [ -118.281643, 33.755977 ] ], [ [ -118.280661, 33.756151 ], [ -118.280636, 33.756158 ], [ -118.280622, 33.756199 ], [ -118.28062, 33.756283 ], [ -118.280702, 33.756275 ], [ -118.280755, 33.756259 ], [ -118.280899, 33.756241 ], [ -118.280999, 33.756212 ], [ -118.281076, 33.75619 ], [ -118.281212, 33.756173 ], [ -118.281279, 33.756138 ], [ -118.281286, 33.756118 ], [ -118.281269, 33.756086 ], [ -118.281261, 33.756069 ], [ -118.281253, 33.756062 ], [ -118.281047, 33.756096 ], [ -118.280661, 33.756151 ] ], [ [ -118.280397, 33.75633 ], [ -118.280426, 33.756303 ], [ -118.280406, 33.756179 ], [ -118.280188, 33.756231 ], [ -118.280118, 33.756241 ], [ -118.280061, 33.756284 ], [ -118.28006, 33.756385 ], [ -118.280065, 33.756395 ], [ -118.280073, 33.75641 ], [ -118.280349, 33.756367 ], [ -118.280397, 33.75633 ] ], [ [ -118.27944, 33.756689 ], [ -118.279451, 33.756683 ], [ -118.279469, 33.756669 ], [ -118.279329, 33.75658 ], [ -118.279041, 33.756869 ], [ -118.279091, 33.756896 ], [ -118.279133, 33.756909 ], [ -118.279144, 33.756907 ], [ -118.279411, 33.756697 ], [ -118.27944, 33.756689 ] ], [ [ -118.278736, 33.757247 ], [ -118.278967, 33.757069 ], [ -118.278992, 33.757048 ], [ -118.278968, 33.757021 ], [ -118.278943, 33.756972 ], [ -118.27891, 33.756932 ], [ -118.278643, 33.757162 ], [ -118.27868, 33.757214 ], [ -118.278713, 33.757243 ], [ -118.278736, 33.757247 ] ], [ [ -118.282982, 33.765919 ], [ -118.282957, 33.765933 ], [ -118.282891, 33.766017 ], [ -118.282842, 33.766128 ], [ -118.282821, 33.766164 ], [ -118.282817, 33.766259 ], [ -118.282892, 33.766328 ], [ -118.282929, 33.766328 ], [ -118.283056, 33.766326 ], [ -118.28313, 33.766217 ], [ -118.283154, 33.766127 ], [ -118.283187, 33.766086 ], [ -118.283195, 33.766066 ], [ -118.283187, 33.765942 ], [ -118.283097, 33.765907 ], [ -118.283064, 33.765907 ], [ -118.282982, 33.765919 ] ], [ [ -118.283674, 33.767154 ], [ -118.283567, 33.767306 ], [ -118.283625, 33.767547 ], [ -118.283691, 33.76763 ], [ -118.283707, 33.767666 ], [ -118.283732, 33.7679 ], [ -118.283814, 33.767969 ], [ -118.283893, 33.767961 ], [ -118.283908, 33.767949 ], [ -118.283971, 33.7679 ], [ -118.284139, 33.767817 ], [ -118.284233, 33.767721 ], [ -118.284234, 33.767665 ], [ -118.284192, 33.767514 ], [ -118.284147, 33.767375 ], [ -118.284036, 33.767148 ], [ -118.283986, 33.767106 ], [ -118.283854, 33.767087 ], [ -118.283674, 33.767154 ] ], [ [ -118.282535, 33.77554 ], [ -118.282547, 33.775598 ], [ -118.282568, 33.775657 ], [ -118.28258, 33.775715 ], [ -118.282593, 33.775747 ], [ -118.282605, 33.775805 ], [ -118.282626, 33.775864 ], [ -118.282638, 33.775922 ], [ -118.282648, 33.775953 ], [ -118.282654, 33.775971 ], [ -118.282704, 33.776012 ], [ -118.283814, 33.77575 ], [ -118.283682, 33.775136 ], [ -118.283442, 33.774157 ], [ -118.283426, 33.774128 ], [ -118.283171, 33.774171 ], [ -118.282332, 33.774295 ], [ -118.282275, 33.774309 ], [ -118.282225, 33.774337 ], [ -118.282535, 33.77554 ] ], [ [ -118.288139, 33.781731 ], [ -118.288172, 33.781738 ], [ -118.288213, 33.781757 ], [ -118.288254, 33.781768 ], [ -118.288341, 33.781803 ], [ -118.288484, 33.78182 ], [ -118.288652, 33.781859 ], [ -118.288678, 33.781865 ], [ -118.288838, 33.781875 ], [ -118.289225, 33.781503 ], [ -118.289249, 33.781393 ], [ -118.289249, 33.781343 ], [ -118.289142, 33.781281 ], [ -118.289043, 33.781262 ], [ -118.288973, 33.781296 ], [ -118.288854, 33.781392 ], [ -118.288731, 33.781391 ], [ -118.288706, 33.781385 ], [ -118.28862, 33.781336 ], [ -118.288344, 33.781129 ], [ -118.28827, 33.781089 ], [ -118.28813, 33.781082 ], [ -118.287998, 33.781097 ], [ -118.287731, 33.781037 ], [ -118.287538, 33.781014 ], [ -118.287258, 33.781012 ], [ -118.287077, 33.781048 ], [ -118.286929, 33.781083 ], [ -118.286847, 33.781192 ], [ -118.28688, 33.781282 ], [ -118.286954, 33.781344 ], [ -118.287036, 33.781393 ], [ -118.287193, 33.781392 ], [ -118.287217, 33.7814 ], [ -118.287283, 33.78144 ], [ -118.28744, 33.781565 ], [ -118.287563, 33.781559 ], [ -118.287637, 33.781572 ], [ -118.28781, 33.781613 ], [ -118.287859, 33.781628 ], [ -118.287991, 33.78169 ], [ -118.288098, 33.781709 ], [ -118.288139, 33.781731 ] ], [ [ -118.308628, 33.783003 ], [ -118.308623, 33.782546 ], [ -118.308216, 33.78255 ], [ -118.308217, 33.78299 ], [ -118.308228, 33.78299 ], [ -118.308628, 33.783003 ] ], [ [ -118.294914, 33.785991 ], [ -118.294799, 33.785909 ], [ -118.294793, 33.785801 ], [ -118.294848, 33.785688 ], [ -118.295028, 33.785487 ], [ -118.295028, 33.785289 ], [ -118.295078, 33.785248 ], [ -118.295119, 33.78511 ], [ -118.295201, 33.784965 ], [ -118.295225, 33.784937 ], [ -118.295291, 33.784819 ], [ -118.295435, 33.784647 ], [ -118.29543, 33.784094 ], [ -118.295286, 33.783956 ], [ -118.295216, 33.783923 ], [ -118.294977, 33.78388 ], [ -118.294936, 33.78386 ], [ -118.294689, 33.783667 ], [ -118.294632, 33.783598 ], [ -118.294706, 33.783385 ], [ -118.294754, 33.782674 ], [ -118.294647, 33.782585 ], [ -118.294515, 33.782523 ], [ -118.294408, 33.782432 ], [ -118.294285, 33.782397 ], [ -118.294161, 33.782372 ], [ -118.294062, 33.782343 ], [ -118.293912, 33.782307 ], [ -118.293639, 33.782271 ], [ -118.293154, 33.782282 ], [ -118.293079, 33.782284 ], [ -118.292829, 33.782322 ], [ -118.292746, 33.782323 ], [ -118.292557, 33.782364 ], [ -118.292384, 33.78246 ], [ -118.292196, 33.782557 ], [ -118.291941, 33.782701 ], [ -118.29185, 33.782757 ], [ -118.291732, 33.782842 ], [ -118.291612, 33.78293 ], [ -118.291645, 33.783074 ], [ -118.291643, 33.783129 ], [ -118.291637, 33.783275 ], [ -118.291596, 33.783336 ], [ -118.291588, 33.783393 ], [ -118.291547, 33.783558 ], [ -118.291555, 33.783716 ], [ -118.29158, 33.783826 ], [ -118.291646, 33.783902 ], [ -118.291687, 33.783937 ], [ -118.291897, 33.783919 ], [ -118.291967, 33.783896 ], [ -118.292345, 33.78384 ], [ -118.292526, 33.783841 ], [ -118.292608, 33.78386 ], [ -118.292798, 33.784061 ], [ -118.292839, 33.784178 ], [ -118.292913, 33.784696 ], [ -118.293045, 33.784807 ], [ -118.293095, 33.784806 ], [ -118.293243, 33.784902 ], [ -118.293255, 33.784912 ], [ -118.293334, 33.784978 ], [ -118.293391, 33.78509 ], [ -118.293391, 33.785385 ], [ -118.293383, 33.785436 ], [ -118.293363, 33.785561 ], [ -118.293269, 33.785792 ], [ -118.292956, 33.7861 ], [ -118.292541, 33.7864 ], [ -118.292364, 33.786496 ], [ -118.292323, 33.786557 ], [ -118.292315, 33.786587 ], [ -118.292274, 33.786648 ], [ -118.292266, 33.786675 ], [ -118.292225, 33.786737 ], [ -118.292209, 33.78689 ], [ -118.292233, 33.786964 ], [ -118.292201, 33.787001 ], [ -118.292094, 33.78709 ], [ -118.292003, 33.787111 ], [ -118.291872, 33.787193 ], [ -118.291732, 33.787323 ], [ -118.291674, 33.787401 ], [ -118.291473, 33.787565 ], [ -118.291313, 33.787648 ], [ -118.291222, 33.787723 ], [ -118.291148, 33.787751 ], [ -118.290931, 33.787904 ], [ -118.290893, 33.787925 ], [ -118.290643, 33.78811 ], [ -118.290581, 33.788145 ], [ -118.290532, 33.788186 ], [ -118.290524, 33.788215 ], [ -118.290493, 33.788231 ], [ -118.290215, 33.788433 ], [ -118.290146, 33.788524 ], [ -118.290154, 33.788835 ], [ -118.29013, 33.788918 ], [ -118.290096, 33.789007 ], [ -118.290072, 33.789043 ], [ -118.290064, 33.78907 ], [ -118.290039, 33.789104 ], [ -118.290029, 33.78926 ], [ -118.290081, 33.789298 ], [ -118.290179, 33.789297 ], [ -118.290262, 33.789275 ], [ -118.290369, 33.789207 ], [ -118.290451, 33.789188 ], [ -118.290936, 33.78918 ], [ -118.290969, 33.789187 ], [ -118.291076, 33.789222 ], [ -118.291183, 33.789311 ], [ -118.291241, 33.78931 ], [ -118.291372, 33.789221 ], [ -118.291463, 33.789243 ], [ -118.291743, 33.789517 ], [ -118.291825, 33.789566 ], [ -118.291973, 33.789566 ], [ -118.292064, 33.789586 ], [ -118.292668, 33.789041 ], [ -118.292869, 33.788917 ], [ -118.293099, 33.788869 ], [ -118.293395, 33.788607 ], [ -118.293823, 33.788185 ], [ -118.293864, 33.788124 ], [ -118.293872, 33.788097 ], [ -118.293913, 33.788033 ], [ -118.293921, 33.788006 ], [ -118.293954, 33.787958 ], [ -118.294016, 33.787818 ], [ -118.294036, 33.787773 ], [ -118.294047, 33.787684 ], [ -118.294054, 33.787627 ], [ -118.294085, 33.787387 ], [ -118.294109, 33.78735 ], [ -118.294175, 33.787282 ], [ -118.294339, 33.787186 ], [ -118.294528, 33.787096 ], [ -118.294734, 33.786915 ], [ -118.294754, 33.786748 ], [ -118.294742, 33.786717 ], [ -118.294754, 33.786527 ], [ -118.294742, 33.786496 ], [ -118.294775, 33.786345 ], [ -118.295038, 33.786143 ], [ -118.295025, 33.786058 ], [ -118.295013, 33.786026 ], [ -118.29498, 33.78602 ], [ -118.294914, 33.785991 ] ], [ [ -118.301666, 33.835902 ], [ -118.302104, 33.835966 ], [ -118.302756, 33.836048 ], [ -118.302855, 33.83606 ], [ -118.303063, 33.836086 ], [ -118.303088, 33.836099 ], [ -118.303125, 33.83611 ], [ -118.303339, 33.836144 ], [ -118.303525, 33.836169 ], [ -118.303599, 33.836175 ], [ -118.303623, 33.836168 ], [ -118.303656, 33.836134 ], [ -118.303607, 33.836085 ], [ -118.303141, 33.836027 ], [ -118.302989, 33.836004 ], [ -118.30296, 33.835993 ], [ -118.302874, 33.835978 ], [ -118.302631, 33.835937 ], [ -118.301742, 33.835827 ], [ -118.301665, 33.835815 ], [ -118.301104, 33.835728 ], [ -118.300902, 33.835705 ], [ -118.300576, 33.835652 ], [ -118.300503, 33.83564 ], [ -118.300203, 33.835602 ], [ -118.299943, 33.835564 ], [ -118.299836, 33.835536 ], [ -118.299795, 33.835537 ], [ -118.29977, 33.835557 ], [ -118.29977, 33.835584 ], [ -118.299828, 33.83562 ], [ -118.300256, 33.835687 ], [ -118.300553, 33.835743 ], [ -118.300578, 33.835745 ], [ -118.300816, 33.835763 ], [ -118.300841, 33.835776 ], [ -118.300878, 33.835787 ], [ -118.301666, 33.835902 ] ], [ [ -118.30413, 33.836211 ], [ -118.304231, 33.836225 ], [ -118.304533, 33.836267 ], [ -118.304571, 33.836287 ], [ -118.304725, 33.836307 ], [ -118.304781, 33.836315 ], [ -118.305036, 33.836363 ], [ -118.305197, 33.836401 ], [ -118.305386, 33.836429 ], [ -118.306518, 33.836691 ], [ -118.307707, 33.836967 ], [ -118.308716, 33.837201 ], [ -118.308744, 33.837176 ], [ -118.308695, 33.837131 ], [ -118.308662, 33.837116 ], [ -118.308538, 33.837097 ], [ -118.308254, 33.837016 ], [ -118.308077, 33.836987 ], [ -118.307706, 33.836897 ], [ -118.307431, 33.836831 ], [ -118.307361, 33.836821 ], [ -118.306978, 33.836728 ], [ -118.306908, 33.836717 ], [ -118.306838, 33.8367 ], [ -118.306768, 33.836689 ], [ -118.306518, 33.836632 ], [ -118.30648, 33.836623 ], [ -118.306249, 33.83656 ], [ -118.305979, 33.836496 ], [ -118.305757, 33.836451 ], [ -118.305352, 33.83638 ], [ -118.305282, 33.836365 ], [ -118.305212, 33.836354 ], [ -118.304936, 33.836287 ], [ -118.304459, 33.83622 ], [ -118.304183, 33.836176 ], [ -118.30415, 33.836174 ], [ -118.304125, 33.836194 ], [ -118.30413, 33.836211 ] ], [ [ -118.272546, 33.724096 ], [ -118.272492, 33.724031 ], [ -118.272466, 33.724036 ], [ -118.272442, 33.724207 ], [ -118.272495, 33.724197 ], [ -118.272573, 33.724183 ], [ -118.272546, 33.724096 ] ], [ [ -118.267487, 33.753721 ], [ -118.267455, 33.753727 ], [ -118.267489, 33.754092 ], [ -118.267508, 33.754093 ], [ -118.267591, 33.754099 ], [ -118.267566, 33.753707 ], [ -118.267487, 33.753721 ] ], [ [ -118.265971, 33.754315 ], [ -118.26561, 33.754674 ], [ -118.2657, 33.754737 ], [ -118.266053, 33.754384 ], [ -118.265971, 33.754315 ] ], [ [ -118.267546, 33.754794 ], [ -118.267645, 33.754796 ], [ -118.267633, 33.754343 ], [ -118.267517, 33.754378 ], [ -118.267543, 33.754749 ], [ -118.267546, 33.754794 ] ], [ [ -118.267542, 33.754916 ], [ -118.267555, 33.755236 ], [ -118.267574, 33.755235 ], [ -118.267678, 33.75523 ], [ -118.267699, 33.75493 ], [ -118.267608, 33.754895 ], [ -118.267555, 33.754908 ], [ -118.267542, 33.754916 ] ], [ [ -118.265478, 33.754854 ], [ -118.26501, 33.755274 ], [ -118.2651, 33.755363 ], [ -118.265391, 33.755107 ], [ -118.265561, 33.754957 ], [ -118.265561, 33.754924 ], [ -118.265478, 33.754854 ] ], [ [ -118.267613, 33.755741 ], [ -118.267753, 33.755726 ], [ -118.267716, 33.755399 ], [ -118.26765, 33.755398 ], [ -118.267592, 33.755448 ], [ -118.267613, 33.755741 ] ], [ [ -118.264985, 33.755515 ], [ -118.264911, 33.755473 ], [ -118.264517, 33.755804 ], [ -118.264604, 33.755862 ], [ -118.264624, 33.755875 ], [ -118.264985, 33.755515 ] ], [ [ -118.264172, 33.756385 ], [ -118.264493, 33.756025 ], [ -118.264385, 33.755936 ], [ -118.264106, 33.756225 ], [ -118.264081, 33.756309 ], [ -118.264172, 33.756385 ] ], [ [ -118.267757, 33.755931 ], [ -118.267646, 33.755941 ], [ -118.267646, 33.756313 ], [ -118.267782, 33.756321 ], [ -118.267757, 33.755931 ] ], [ [ -118.267228, 33.759875 ], [ -118.267152, 33.759966 ], [ -118.26713, 33.760036 ], [ -118.267152, 33.760063 ], [ -118.267177, 33.760076 ], [ -118.267276, 33.760098 ], [ -118.267317, 33.760111 ], [ -118.267547, 33.759876 ], [ -118.267588, 33.759829 ], [ -118.267604, 33.759765 ], [ -118.267711, 33.759462 ], [ -118.267805, 33.759211 ], [ -118.267832, 33.758933 ], [ -118.267784, 33.758918 ], [ -118.267735, 33.758966 ], [ -118.267637, 33.759222 ], [ -118.267596, 33.759263 ], [ -118.267579, 33.75931 ], [ -118.267522, 33.759376 ], [ -118.267448, 33.759449 ], [ -118.267374, 33.759655 ], [ -118.267333, 33.759696 ], [ -118.267316, 33.759746 ], [ -118.26726, 33.75982 ], [ -118.267232, 33.759857 ], [ -118.267228, 33.759875 ] ], [ [ -118.26721, 33.76018 ], [ -118.267062, 33.760179 ], [ -118.267007, 33.760191 ], [ -118.266988, 33.760193 ], [ -118.266801, 33.760358 ], [ -118.266643, 33.760497 ], [ -118.266641, 33.76051 ], [ -118.266637, 33.760533 ], [ -118.266634, 33.760546 ], [ -118.266651, 33.760566 ], [ -118.266799, 33.760642 ], [ -118.267218, 33.76022 ], [ -118.26721, 33.76018 ] ], [ [ -118.26675, 33.760753 ], [ -118.26654, 33.760637 ], [ -118.266487, 33.760683 ], [ -118.266462, 33.760787 ], [ -118.266454, 33.760945 ], [ -118.266569, 33.760953 ], [ -118.26675, 33.760753 ] ], [ [ -118.236963, 33.785362 ], [ -118.236811, 33.785289 ], [ -118.236528, 33.785317 ], [ -118.236497, 33.785324 ], [ -118.236363, 33.785357 ], [ -118.236357, 33.78546 ], [ -118.236482, 33.785576 ], [ -118.23664, 33.785604 ], [ -118.236739, 33.785637 ], [ -118.236765, 33.785697 ], [ -118.236917, 33.785746 ], [ -118.236989, 33.785686 ], [ -118.236963, 33.785362 ] ] ], [ [ [ -118.224432, 33.804586 ], [ -118.224313, 33.804842 ], [ -118.2243, 33.804873 ], [ -118.224286, 33.804889 ], [ -118.224255, 33.804968 ], [ -118.224213, 33.805072 ], [ -118.224186, 33.805141 ], [ -118.224099, 33.805406 ], [ -118.224029, 33.805675 ], [ -118.223976, 33.805946 ], [ -118.22394, 33.806219 ], [ -118.223939, 33.806231 ], [ -118.223926, 33.806423 ], [ -118.223914, 33.80647 ], [ -118.223912, 33.806506 ], [ -118.223909, 33.806604 ], [ -118.223908, 33.806683 ], [ -118.22391, 33.806708 ], [ -118.223912, 33.8068 ], [ -118.223916, 33.806881 ], [ -118.223921, 33.806974 ], [ -118.223928, 33.807053 ], [ -118.223952, 33.807241 ], [ -118.223958, 33.807285 ], [ -118.223968, 33.807359 ], [ -118.224003, 33.807545 ], [ -118.224054, 33.807755 ], [ -118.224089, 33.807887 ], [ -118.224127, 33.808009 ], [ -118.224188, 33.808185 ], [ -118.224278, 33.80842 ], [ -118.225341, 33.810901 ], [ -118.225387, 33.811008 ], [ -118.225436, 33.81125 ], [ -118.225469, 33.811413 ], [ -118.225684, 33.812472 ], [ -118.226371, 33.815861 ], [ -118.227526, 33.821564 ], [ -118.227943, 33.823595 ], [ -118.228066, 33.824195 ], [ -118.228503, 33.824375 ], [ -118.228439, 33.824548 ], [ -118.228117, 33.825417 ], [ -118.228041, 33.825623 ], [ -118.228011, 33.825702 ], [ -118.227741, 33.826433 ], [ -118.227112, 33.828131 ], [ -118.227076, 33.828229 ], [ -118.226607, 33.829493 ], [ -118.22635, 33.82882 ], [ -118.226248, 33.828559 ], [ -118.226036, 33.828017 ], [ -118.225142, 33.825626 ], [ -118.225086, 33.825476 ], [ -118.225072, 33.825439 ], [ -118.225004, 33.82526 ], [ -118.22499, 33.825222 ], [ -118.224932, 33.825068 ], [ -118.22489, 33.824953 ], [ -118.224875, 33.824913 ], [ -118.224761, 33.824607 ], [ -118.224676, 33.824381 ], [ -118.224576, 33.824381 ], [ -118.224576, 33.824288 ], [ -118.224604, 33.824288 ], [ -118.224603, 33.824202 ], [ -118.22459, 33.823483 ], [ -118.224583, 33.822718 ], [ -118.224567, 33.82194 ], [ -118.224568, 33.821731 ], [ -118.224568, 33.82165 ], [ -118.224568, 33.821607 ], [ -118.22457, 33.821568 ], [ -118.224504, 33.821568 ], [ -118.223339, 33.815811 ], [ -118.222757, 33.812935 ], [ -118.222761, 33.812778 ], [ -118.222768, 33.812728 ], [ -118.222743, 33.812713 ], [ -118.222442, 33.812452 ], [ -118.222442, 33.811879 ], [ -118.222439, 33.808236 ], [ -118.222437, 33.806348 ], [ -118.222436, 33.804578 ], [ -118.222436, 33.804448 ], [ -118.222436, 33.804152 ], [ -118.22254, 33.803867 ], [ -118.223641, 33.800835 ], [ -118.22433, 33.798946 ], [ -118.225018, 33.797056 ], [ -118.225438, 33.795892 ], [ -118.225859, 33.794729 ], [ -118.226797, 33.792148 ], [ -118.226876, 33.791543 ], [ -118.226966, 33.79086 ], [ -118.227231, 33.790952 ], [ -118.227257, 33.790961 ], [ -118.227325, 33.790801 ], [ -118.227512, 33.790368 ], [ -118.227681, 33.789971 ], [ -118.227478, 33.789759 ], [ -118.226303, 33.788531 ], [ -118.226292, 33.78852 ], [ -118.22609, 33.78831 ], [ -118.225937, 33.788148 ], [ -118.225429, 33.787618 ], [ -118.225328, 33.787512 ], [ -118.225242, 33.787423 ], [ -118.225175, 33.787349 ], [ -118.22396, 33.786052 ], [ -118.223438, 33.785495 ], [ -118.222396, 33.784381 ], [ -118.22158, 33.78351 ], [ -118.221511, 33.783437 ], [ -118.220749, 33.782623 ], [ -118.220669, 33.782537 ], [ -118.220881, 33.782377 ], [ -118.221728, 33.78174 ], [ -118.221999, 33.781536 ], [ -118.226683, 33.778011 ], [ -118.226843, 33.777891 ], [ -118.230868, 33.774848 ], [ -118.231304, 33.774522 ], [ -118.231568, 33.774325 ], [ -118.235943, 33.771056 ], [ -118.239734, 33.768198 ], [ -118.239988, 33.768007 ], [ -118.240077, 33.76794 ], [ -118.24015, 33.767884 ], [ -118.240224, 33.767829 ], [ -118.240352, 33.767732 ], [ -118.240387, 33.767706 ], [ -118.240578, 33.767516 ], [ -118.240836, 33.76733 ], [ -118.241252, 33.767014 ], [ -118.241792, 33.766607 ], [ -118.242777, 33.766398 ], [ -118.242935, 33.766381 ], [ -118.244128, 33.766081 ], [ -118.244442, 33.766002 ], [ -118.244929, 33.765876 ], [ -118.245093, 33.765787 ], [ -118.245369, 33.765778 ], [ -118.245409, 33.765777 ], [ -118.245514, 33.76576 ], [ -118.245771, 33.765689 ], [ -118.245909, 33.76565 ], [ -118.246179, 33.765546 ], [ -118.246174, 33.765388 ], [ -118.246172, 33.765341 ], [ -118.246324, 33.76533 ], [ -118.246383, 33.76532 ], [ -118.246409, 33.765291 ], [ -118.246455, 33.765307 ], [ -118.246488, 33.765319 ], [ -118.246528, 33.765407 ], [ -118.246599, 33.765424 ], [ -118.24664, 33.76539 ], [ -118.24664, 33.765325 ], [ -118.24664, 33.765291 ], [ -118.246686, 33.765293 ], [ -118.24675, 33.76529 ], [ -118.247008, 33.76528 ], [ -118.248272, 33.76485 ], [ -118.248364, 33.764795 ], [ -118.248761, 33.764657 ], [ -118.249105, 33.764538 ], [ -118.249186, 33.76451 ], [ -118.249555, 33.764499 ], [ -118.249963, 33.764313 ], [ -118.250108, 33.764318 ], [ -118.250246, 33.764675 ], [ -118.250444, 33.765119 ], [ -118.250483, 33.765157 ], [ -118.250484, 33.765256 ], [ -118.250503, 33.765268 ], [ -118.250536, 33.765351 ], [ -118.249721, 33.765652 ], [ -118.249714, 33.76579 ], [ -118.249727, 33.765911 ], [ -118.250018, 33.766425 ], [ -118.250189, 33.766729 ], [ -118.250399, 33.766923 ], [ -118.250492, 33.76695 ], [ -118.250623, 33.766917 ], [ -118.25076, 33.766911 ], [ -118.250904, 33.766905 ], [ -118.250904, 33.767095 ], [ -118.250905, 33.768021 ], [ -118.250808, 33.767984 ], [ -118.250716, 33.767653 ], [ -118.250663, 33.767628 ], [ -118.250341, 33.767479 ], [ -118.24989, 33.767088 ], [ -118.249111, 33.766413 ], [ -118.247917, 33.765379 ], [ -118.247799, 33.765335 ], [ -118.247756, 33.765363 ], [ -118.247588, 33.765477 ], [ -118.247562, 33.76573 ], [ -118.247865, 33.766077 ], [ -118.247826, 33.766156 ], [ -118.247799, 33.76621 ], [ -118.247542, 33.76638 ], [ -118.248959, 33.768176 ], [ -118.249267, 33.768549 ], [ -118.249341, 33.768639 ], [ -118.249472, 33.768556 ], [ -118.249656, 33.768259 ], [ -118.249755, 33.76817 ], [ -118.249933, 33.768236 ], [ -118.250038, 33.76855 ], [ -118.250065, 33.768803 ], [ -118.249716, 33.769149 ], [ -118.249735, 33.769258 ], [ -118.249758, 33.769387 ], [ -118.249776, 33.769491 ], [ -118.24955, 33.769695 ], [ -118.249561, 33.769711 ], [ -118.249457, 33.769857 ], [ -118.249362, 33.769991 ], [ -118.249263, 33.770222 ], [ -118.249101, 33.770403 ], [ -118.249085, 33.77042 ], [ -118.249119, 33.77046 ], [ -118.249191, 33.770545 ], [ -118.249388, 33.770721 ], [ -118.249395, 33.770843 ], [ -118.249343, 33.771096 ], [ -118.248961, 33.77186 ], [ -118.24881, 33.771909 ], [ -118.248488, 33.771871 ], [ -118.24831, 33.771905 ], [ -118.248198, 33.771992 ], [ -118.247994, 33.772075 ], [ -118.24763, 33.772599 ], [ -118.247601, 33.772639 ], [ -118.247518, 33.772759 ], [ -118.247469, 33.772828 ], [ -118.247455, 33.772849 ], [ -118.247415, 33.77288 ], [ -118.247273, 33.772987 ], [ -118.247192, 33.773048 ], [ -118.247105, 33.773096 ], [ -118.246715, 33.773313 ], [ -118.246349, 33.773516 ], [ -118.245705, 33.773838 ], [ -118.245658, 33.773862 ], [ -118.244974, 33.774308 ], [ -118.243072, 33.775441 ], [ -118.242684, 33.775727 ], [ -118.242467, 33.775844 ], [ -118.242171, 33.776052 ], [ -118.241934, 33.776282 ], [ -118.24173, 33.776343 ], [ -118.241546, 33.776521 ], [ -118.241473, 33.776702 ], [ -118.241403, 33.776734 ], [ -118.241353, 33.776757 ], [ -118.241306, 33.776778 ], [ -118.241176, 33.776837 ], [ -118.241028, 33.776904 ], [ -118.240713, 33.777047 ], [ -118.240697, 33.77705 ], [ -118.240072, 33.777696 ], [ -118.23772, 33.781138 ], [ -118.237519, 33.781432 ], [ -118.236815, 33.782462 ], [ -118.236703, 33.782626 ], [ -118.236637, 33.782723 ], [ -118.235006, 33.78511 ], [ -118.234898, 33.785267 ], [ -118.234616, 33.78568 ], [ -118.234229, 33.786246 ], [ -118.230533, 33.791653 ], [ -118.230477, 33.791735 ], [ -118.230447, 33.791773 ], [ -118.230423, 33.791813 ], [ -118.229876, 33.792614 ], [ -118.229211, 33.793878 ], [ -118.229159, 33.794077 ], [ -118.229034, 33.794511 ], [ -118.228968, 33.794875 ], [ -118.228856, 33.795264 ], [ -118.228337, 33.796663 ], [ -118.228195, 33.797389 ], [ -118.228071, 33.797746 ], [ -118.227342, 33.799839 ], [ -118.227181, 33.8001 ], [ -118.224568, 33.804336 ], [ -118.224432, 33.804586 ] ], [ [ -118.231552, 33.776007 ], [ -118.23146, 33.776116 ], [ -118.231461, 33.776299 ], [ -118.231461, 33.776403 ], [ -118.231573, 33.776913 ], [ -118.231704, 33.777052 ], [ -118.231869, 33.777062 ], [ -118.232034, 33.777008 ], [ -118.232573, 33.776912 ], [ -118.232685, 33.776841 ], [ -118.233225, 33.776374 ], [ -118.233205, 33.776209 ], [ -118.232908, 33.77584 ], [ -118.232744, 33.775621 ], [ -118.232533, 33.775567 ], [ -118.232257, 33.775594 ], [ -118.231915, 33.775814 ], [ -118.231552, 33.776007 ] ], [ [ -118.232969, 33.777727 ], [ -118.232903, 33.777572 ], [ -118.23179, 33.777727 ], [ -118.231659, 33.777848 ], [ -118.231659, 33.777859 ], [ -118.231659, 33.778222 ], [ -118.231732, 33.77858 ], [ -118.231831, 33.778908 ], [ -118.231975, 33.77902 ], [ -118.232107, 33.77903 ], [ -118.233641, 33.778881 ], [ -118.233595, 33.778496 ], [ -118.233542, 33.778332 ], [ -118.23341, 33.778277 ], [ -118.233213, 33.778178 ], [ -118.233081, 33.778039 ], [ -118.232969, 33.777727 ] ] ], [ [ [ -118.249623, 34.057421 ], [ -118.250139, 34.057768 ], [ -118.24936, 34.058592 ], [ -118.248858, 34.058246 ], [ -118.24913, 34.057953 ], [ -118.249212, 34.057864 ], [ -118.249623, 34.057421 ] ] ], [ [ [ -118.175876, 34.112549 ], [ -118.17595, 34.112526 ], [ -118.17606, 34.112491 ], [ -118.176187, 34.112451 ], [ -118.176313, 34.112411 ], [ -118.176912, 34.112224 ], [ -118.176993, 34.112198 ], [ -118.176886, 34.112057 ], [ -118.176921, 34.111773 ], [ -118.17697, 34.111384 ], [ -118.177018, 34.110994 ], [ -118.177021, 34.110928 ], [ -118.177126, 34.110897 ], [ -118.177333, 34.110847 ], [ -118.177414, 34.110828 ], [ -118.177237, 34.110458 ], [ -118.177993, 34.110323 ], [ -118.177995, 34.110244 ], [ -118.177995, 34.11005 ], [ -118.177995, 34.109667 ], [ -118.177995, 34.109524 ], [ -118.177995, 34.109387 ], [ -118.177995, 34.109075 ], [ -118.177995, 34.108898 ], [ -118.177995, 34.10777 ], [ -118.177995, 34.1077 ], [ -118.177995, 34.10708 ], [ -118.177995, 34.106764 ], [ -118.177995, 34.106142 ], [ -118.177994, 34.105846 ], [ -118.177994, 34.105484 ], [ -118.177994, 34.105112 ], [ -118.177994, 34.105019 ], [ -118.177994, 34.104599 ], [ -118.177994, 34.10438 ], [ -118.177995, 34.104044 ], [ -118.177995, 34.103552 ], [ -118.177994, 34.103256 ], [ -118.177994, 34.102958 ], [ -118.177994, 34.101992 ], [ -118.177996, 34.101921 ], [ -118.177994, 34.101271 ], [ -118.177994, 34.100971 ], [ -118.177994, 34.100361 ], [ -118.177995, 34.099726 ], [ -118.177995, 34.099352 ], [ -118.177995, 34.099086 ], [ -118.177995, 34.099009 ], [ -118.177996, 34.098728 ], [ -118.177994, 34.098595 ], [ -118.177934, 34.098596 ], [ -118.177682, 34.098598 ], [ -118.177388, 34.0986 ], [ -118.176719, 34.098606 ], [ -118.176592, 34.098607 ], [ -118.176201, 34.09861 ], [ -118.175385, 34.098617 ], [ -118.174042, 34.098628 ], [ -118.173386, 34.098632 ], [ -118.17261, 34.098639 ], [ -118.170495, 34.098655 ], [ -118.16945, 34.098663 ], [ -118.169279, 34.098665 ], [ -118.168415, 34.098662 ], [ -118.167953, 34.098661 ], [ -118.167772, 34.098665 ], [ -118.16639, 34.098669 ], [ -118.166061, 34.09867 ], [ -118.164361, 34.09867 ], [ -118.162704, 34.09867 ], [ -118.162182, 34.09867 ], [ -118.161373, 34.098669 ], [ -118.160499, 34.098669 ], [ -118.160266, 34.098669 ], [ -118.159129, 34.09867 ], [ -118.158563, 34.09867 ], [ -118.157951, 34.09867 ], [ -118.156778, 34.09867 ], [ -118.156704, 34.09867 ], [ -118.155358, 34.09867 ], [ -118.15529, 34.098672 ], [ -118.155289, 34.098627 ], [ -118.155292, 34.098576 ], [ -118.155321, 34.098138 ], [ -118.155356, 34.097862 ], [ -118.155463, 34.097515 ], [ -118.155481, 34.09748 ], [ -118.155652, 34.097156 ], [ -118.155885, 34.096823 ], [ -118.156153, 34.096543 ], [ -118.156191, 34.096508 ], [ -118.15635, 34.096378 ], [ -118.156649, 34.096197 ], [ -118.156707, 34.096167 ], [ -118.156838, 34.096094 ], [ -118.157925, 34.095335 ], [ -118.158035, 34.095241 ], [ -118.158511, 34.094965 ], [ -118.159066, 34.094589 ], [ -118.159356, 34.094384 ], [ -118.159526, 34.094277 ], [ -118.15965, 34.09419 ], [ -118.159708, 34.094147 ], [ -118.16066, 34.093441 ], [ -118.160659, 34.093389 ], [ -118.160656, 34.093268 ], [ -118.160644, 34.092669 ], [ -118.160629, 34.092017 ], [ -118.160628, 34.091949 ], [ -118.160611, 34.09124 ], [ -118.16061, 34.091174 ], [ -118.160607, 34.090782 ], [ -118.160604, 34.090407 ], [ -118.160582, 34.090337 ], [ -118.160555, 34.09025 ], [ -118.160544, 34.08889 ], [ -118.160524, 34.086348 ], [ -118.160503, 34.083685 ], [ -118.160483, 34.081165 ], [ -118.160496, 34.081082 ], [ -118.160519, 34.080944 ], [ -118.160528, 34.080889 ], [ -118.16054, 34.080814 ], [ -118.16052, 34.078478 ], [ -118.160518, 34.078239 ], [ -118.160514, 34.077718 ], [ -118.160492, 34.075423 ], [ -118.160493, 34.075315 ], [ -118.160496, 34.075131 ], [ -118.16072, 34.075043 ], [ -118.160798, 34.075028 ], [ -118.161269, 34.074875 ], [ -118.161432, 34.074808 ], [ -118.161612, 34.07472 ], [ -118.161761, 34.074635 ], [ -118.161694, 34.07413 ], [ -118.161626, 34.073502 ], [ -118.161612, 34.073483 ], [ -118.161562, 34.072971 ], [ -118.161562, 34.072821 ], [ -118.161581, 34.072672 ], [ -118.161619, 34.072526 ], [ -118.161694, 34.072334 ], [ -118.16173, 34.072201 ], [ -118.161746, 34.072066 ], [ -118.161734, 34.071872 ], [ -118.161717, 34.071793 ], [ -118.161695, 34.071723 ], [ -118.161675, 34.071618 ], [ -118.16167, 34.071575 ], [ -118.161665, 34.07149 ], [ -118.161668, 34.071404 ], [ -118.161675, 34.07134 ], [ -118.161692, 34.071258 ], [ -118.16174, 34.071129 ], [ -118.161767, 34.07103 ], [ -118.161811, 34.070936 ], [ -118.161861, 34.070841 ], [ -118.161915, 34.07074 ], [ -118.161957, 34.070665 ], [ -118.162016, 34.070566 ], [ -118.162071, 34.070476 ], [ -118.162178, 34.070313 ], [ -118.162237, 34.070229 ], [ -118.162343, 34.070089 ], [ -118.162519, 34.069942 ], [ -118.162599, 34.069895 ], [ -118.162639, 34.069873 ], [ -118.16266, 34.069859 ], [ -118.16266, 34.069695 ], [ -118.162467, 34.069688 ], [ -118.162489, 34.06966 ], [ -118.162643, 34.06935 ], [ -118.162664, 34.06931 ], [ -118.164117, 34.066531 ], [ -118.164156, 34.066416 ], [ -118.164522, 34.06564 ], [ -118.164583, 34.065488 ], [ -118.164694, 34.065209 ], [ -118.164778, 34.064923 ], [ -118.164836, 34.064733 ], [ -118.16489, 34.064541 ], [ -118.164938, 34.064359 ], [ -118.164986, 34.064157 ], [ -118.165024, 34.063982 ], [ -118.165065, 34.06377 ], [ -118.165093, 34.063589 ], [ -118.165134, 34.063331 ], [ -118.165172, 34.063081 ], [ -118.165247, 34.062604 ], [ -118.165262, 34.062543 ], [ -118.165268, 34.062504 ], [ -118.165272, 34.062481 ], [ -118.165275, 34.062452 ], [ -118.165277, 34.062435 ], [ -118.165293, 34.062298 ], [ -118.165451, 34.062294 ], [ -118.165951, 34.062293 ], [ -118.166227, 34.062293 ], [ -118.166293, 34.062293 ], [ -118.168842, 34.062291 ], [ -118.169259, 34.06229 ], [ -118.169426, 34.06229 ], [ -118.170569, 34.062289 ], [ -118.170715, 34.062289 ], [ -118.170955, 34.06229 ], [ -118.171059, 34.06229 ], [ -118.171387, 34.06229 ], [ -118.172831, 34.061832 ], [ -118.173023, 34.062121 ], [ -118.17323, 34.062026 ], [ -118.173318, 34.061985 ], [ -118.173394, 34.062099 ], [ -118.173162, 34.062235 ], [ -118.173064, 34.062292 ], [ -118.173686, 34.062293 ], [ -118.174229, 34.062294 ], [ -118.176053, 34.062296 ], [ -118.17616, 34.062277 ], [ -118.176633, 34.062274 ], [ -118.17689, 34.062281 ], [ -118.177092, 34.062296 ], [ -118.177732, 34.062299 ], [ -118.178205, 34.062298 ], [ -118.179078, 34.062297 ], [ -118.179064, 34.062236 ], [ -118.179822, 34.062244 ], [ -118.181051, 34.062248 ], [ -118.181302, 34.062249 ], [ -118.181303, 34.061754 ], [ -118.18374, 34.061756 ], [ -118.183785, 34.06175 ], [ -118.184401, 34.061716 ], [ -118.184467, 34.061712 ], [ -118.184872, 34.061717 ], [ -118.18503, 34.061757 ], [ -118.189222, 34.06176 ], [ -118.19167, 34.061761 ], [ -118.192538, 34.061762 ], [ -118.192625, 34.061762 ], [ -118.192617, 34.060822 ], [ -118.192617, 34.060765 ], [ -118.192611, 34.060034 ], [ -118.192607, 34.05963 ], [ -118.19259, 34.057715 ], [ -118.192589, 34.057575 ], [ -118.192587, 34.057265 ], [ -118.192581, 34.056505 ], [ -118.19258, 34.056397 ], [ -118.192577, 34.056162 ], [ -118.192574, 34.055881 ], [ -118.192573, 34.0558 ], [ -118.192571, 34.055562 ], [ -118.192569, 34.055306 ], [ -118.192564, 34.054762 ], [ -118.192557, 34.053907 ], [ -118.192542, 34.052452 ], [ -118.192542, 34.052358 ], [ -118.192541, 34.052083 ], [ -118.192528, 34.050577 ], [ -118.192523, 34.050042 ], [ -118.192515, 34.049093 ], [ -118.19251, 34.048509 ], [ -118.192507, 34.048141 ], [ -118.192499, 34.047244 ], [ -118.192489, 34.046081 ], [ -118.19248, 34.04507 ], [ -118.192471, 34.044112 ], [ -118.192556, 34.04411 ], [ -118.192534, 34.043575 ], [ -118.192526, 34.043387 ], [ -118.192522, 34.043158 ], [ -118.192519, 34.042928 ], [ -118.192516, 34.04271 ], [ -118.192512, 34.042493 ], [ -118.192511, 34.042432 ], [ -118.192491, 34.04118 ], [ -118.192479, 34.040466 ], [ -118.192472, 34.040011 ], [ -118.192466, 34.039687 ], [ -118.192448, 34.038715 ], [ -118.192446, 34.038577 ], [ -118.192437, 34.038075 ], [ -118.192425, 34.037379 ], [ -118.192401, 34.035977 ], [ -118.192391, 34.034864 ], [ -118.192384, 34.034002 ], [ -118.191838, 34.034004 ], [ -118.191843, 34.034416 ], [ -118.191398, 34.034418 ], [ -118.191291, 34.034417 ], [ -118.191269, 34.033613 ], [ -118.191286, 34.033274 ], [ -118.192241, 34.033252 ], [ -118.192377, 34.033233 ], [ -118.192368, 34.032248 ], [ -118.192368, 34.032232 ], [ -118.192366, 34.03197 ], [ -118.19236, 34.031362 ], [ -118.192359, 34.031161 ], [ -118.192358, 34.031146 ], [ -118.192356, 34.030886 ], [ -118.192351, 34.03026 ], [ -118.192348, 34.029993 ], [ -118.192348, 34.029945 ], [ -118.192342, 34.029281 ], [ -118.192342, 34.029267 ], [ -118.192339, 34.028922 ], [ -118.192335, 34.028472 ], [ -118.192334, 34.028339 ], [ -118.192334, 34.028276 ], [ -118.192331, 34.027955 ], [ -118.192325, 34.027298 ], [ -118.192325, 34.027283 ], [ -118.192317, 34.026358 ], [ -118.192316, 34.02631 ], [ -118.192316, 34.026292 ], [ -118.192313, 34.025958 ], [ -118.19231, 34.025538 ], [ -118.192308, 34.025298 ], [ -118.192299, 34.024258 ], [ -118.192296, 34.023964 ], [ -118.192287, 34.022903 ], [ -118.192282, 34.022433 ], [ -118.192282, 34.022398 ], [ -118.192278, 34.021894 ], [ -118.192269, 34.020883 ], [ -118.192267, 34.020645 ], [ -118.192264, 34.020311 ], [ -118.192263, 34.020212 ], [ -118.192262, 34.020116 ], [ -118.192259, 34.019778 ], [ -118.192252, 34.018867 ], [ -118.192231, 34.016546 ], [ -118.192228, 34.016018 ], [ -118.192219, 34.01508 ], [ -118.191436, 34.015084 ], [ -118.191424, 34.013749 ], [ -118.191418, 34.013116 ], [ -118.191416, 34.012859 ], [ -118.192125, 34.012921 ], [ -118.192199, 34.01293 ], [ -118.192281, 34.012933 ], [ -118.194637, 34.013137 ], [ -118.195695, 34.013229 ], [ -118.197672, 34.0134 ], [ -118.200461, 34.013639 ], [ -118.200552, 34.013647 ], [ -118.200656, 34.013656 ], [ -118.200704, 34.013661 ], [ -118.200939, 34.013684 ], [ -118.201081, 34.0137 ], [ -118.201192, 34.013713 ], [ -118.201331, 34.01373 ], [ -118.201459, 34.013745 ], [ -118.201538, 34.013755 ], [ -118.201606, 34.013747 ], [ -118.201671, 34.013773 ], [ -118.201777, 34.013788 ], [ -118.201874, 34.013795 ], [ -118.201941, 34.013808 ], [ -118.20207, 34.013831 ], [ -118.202139, 34.013844 ], [ -118.202213, 34.013857 ], [ -118.202276, 34.013869 ], [ -118.202329, 34.013878 ], [ -118.202419, 34.013895 ], [ -118.202466, 34.013903 ], [ -118.20251, 34.013911 ], [ -118.202656, 34.013938 ], [ -118.202734, 34.013952 ], [ -118.202822, 34.013965 ], [ -118.202962, 34.013993 ], [ -118.203169, 34.014031 ], [ -118.203224, 34.014041 ], [ -118.203474, 34.014086 ], [ -118.203552, 34.0141 ], [ -118.203593, 34.014126 ], [ -118.203683, 34.014147 ], [ -118.203837, 34.014183 ], [ -118.203921, 34.014204 ], [ -118.203958, 34.014213 ], [ -118.203993, 34.014222 ], [ -118.204123, 34.014255 ], [ -118.204301, 34.014302 ], [ -118.204361, 34.014318 ], [ -118.204444, 34.01434 ], [ -118.20452, 34.014361 ], [ -118.204745, 34.014425 ], [ -118.20483, 34.01445 ], [ -118.204887, 34.014467 ], [ -118.20506, 34.014519 ], [ -118.205058, 34.014374 ], [ -118.205044, 34.013589 ], [ -118.205029, 34.012825 ], [ -118.205028, 34.012754 ], [ -118.205026, 34.012626 ], [ -118.205173, 34.012685 ], [ -118.205214, 34.012701 ], [ -118.205292, 34.012732 ], [ -118.205339, 34.01275 ], [ -118.205362, 34.01276 ], [ -118.205502, 34.012816 ], [ -118.205517, 34.012816 ], [ -118.205828, 34.012819 ], [ -118.206248, 34.012803 ], [ -118.206995, 34.012779 ], [ -118.207041, 34.012777 ], [ -118.207199, 34.013085 ], [ -118.207308, 34.013217 ], [ -118.207333, 34.013297 ], [ -118.207418, 34.013514 ], [ -118.207463, 34.013627 ], [ -118.207578, 34.013848 ], [ -118.207628, 34.01393 ], [ -118.207779, 34.014177 ], [ -118.207941, 34.014502 ], [ -118.207993, 34.014607 ], [ -118.208071, 34.014794 ], [ -118.208117, 34.01491 ], [ -118.208122, 34.014934 ], [ -118.208166, 34.015006 ], [ -118.20828, 34.015009 ], [ -118.210396, 34.014992 ], [ -118.212639, 34.014989 ], [ -118.212701, 34.014983 ], [ -118.212701, 34.014965 ], [ -118.212698, 34.014295 ], [ -118.214736, 34.01498 ], [ -118.215077, 34.014978 ], [ -118.215417, 34.014977 ], [ -118.215719, 34.015081 ], [ -118.216261, 34.015268 ], [ -118.216593, 34.015389 ], [ -118.217282, 34.015636 ], [ -118.217207, 34.01532 ], [ -118.217158, 34.01514 ], [ -118.217155, 34.014969 ], [ -118.217204, 34.014966 ], [ -118.218064, 34.014965 ], [ -118.218959, 34.014961 ], [ -118.219926, 34.014956 ], [ -118.222087, 34.014946 ], [ -118.222491, 34.016166 ], [ -118.22256, 34.016375 ], [ -118.222794, 34.017362 ], [ -118.223032, 34.018391 ], [ -118.224693, 34.025571 ], [ -118.225467, 34.028916 ], [ -118.225498, 34.029051 ], [ -118.225533, 34.029201 ], [ -118.225565, 34.02934 ], [ -118.225597, 34.029478 ], [ -118.225628, 34.029611 ], [ -118.225642, 34.029674 ], [ -118.226716, 34.034313 ], [ -118.22677, 34.034547 ], [ -118.227668, 34.038429 ], [ -118.228391, 34.041555 ], [ -118.229725, 34.047321 ], [ -118.229765, 34.047535 ], [ -118.229772, 34.047783 ], [ -118.229748, 34.047876 ], [ -118.228635, 34.052292 ], [ -118.228565, 34.052571 ], [ -118.228446, 34.052875 ], [ -118.22844, 34.05289 ], [ -118.228398, 34.052961 ], [ -118.228319, 34.053093 ], [ -118.228306, 34.053114 ], [ -118.228282, 34.053154 ], [ -118.228253, 34.053185 ], [ -118.2282, 34.053242 ], [ -118.228148, 34.0533 ], [ -118.228084, 34.05337 ], [ -118.226776, 34.054795 ], [ -118.226618, 34.054968 ], [ -118.226321, 34.05537 ], [ -118.22617, 34.055727 ], [ -118.226051, 34.056233 ], [ -118.226064, 34.056727 ], [ -118.226648, 34.060949 ], [ -118.226648, 34.061284 ], [ -118.226639, 34.061345 ], [ -118.226621, 34.061477 ], [ -118.226443, 34.062114 ], [ -118.226367, 34.062292 ], [ -118.226341, 34.062354 ], [ -118.226316, 34.062412 ], [ -118.224352, 34.067013 ], [ -118.224286, 34.067233 ], [ -118.224234, 34.067531 ], [ -118.224128, 34.068129 ], [ -118.224261, 34.069596 ], [ -118.224261, 34.069959 ], [ -118.22434, 34.070679 ], [ -118.224363, 34.070796 ], [ -118.224594, 34.071991 ], [ -118.225135, 34.074783 ], [ -118.225857, 34.078506 ], [ -118.226002, 34.079072 ], [ -118.225844, 34.079252 ], [ -118.225715, 34.079399 ], [ -118.225514, 34.079628 ], [ -118.225428, 34.079776 ], [ -118.225203, 34.080046 ], [ -118.224962, 34.080286 ], [ -118.224933, 34.080315 ], [ -118.224609, 34.080508 ], [ -118.224484, 34.08064 ], [ -118.224054, 34.080991 ], [ -118.223681, 34.081223 ], [ -118.223667, 34.081232 ], [ -118.223559, 34.081299 ], [ -118.223541, 34.081317 ], [ -118.223519, 34.081339 ], [ -118.223352, 34.081502 ], [ -118.223295, 34.081558 ], [ -118.223195, 34.081629 ], [ -118.222768, 34.081932 ], [ -118.222724, 34.081959 ], [ -118.222686, 34.08199 ], [ -118.221339, 34.082946 ], [ -118.219847, 34.084005 ], [ -118.219669, 34.084093 ], [ -118.219439, 34.084233 ], [ -118.21918, 34.08439 ], [ -118.219038, 34.084446 ], [ -118.218839, 34.084524 ], [ -118.218817, 34.084533 ], [ -118.214523, 34.085952 ], [ -118.214457, 34.085963 ], [ -118.214358, 34.085979 ], [ -118.21412, 34.086018 ], [ -118.213723, 34.086051 ], [ -118.213599, 34.086076 ], [ -118.213532, 34.08609 ], [ -118.213129, 34.086123 ], [ -118.212882, 34.08616 ], [ -118.212515, 34.086216 ], [ -118.211913, 34.086261 ], [ -118.211319, 34.086398 ], [ -118.21114, 34.086475 ], [ -118.210955, 34.08653 ], [ -118.210103, 34.086976 ], [ -118.209971, 34.087097 ], [ -118.209846, 34.08724 ], [ -118.208373, 34.088466 ], [ -118.208241, 34.088598 ], [ -118.208077, 34.088712 ], [ -118.207534, 34.089202 ], [ -118.206972, 34.090093 ], [ -118.20692, 34.090263 ], [ -118.206801, 34.090357 ], [ -118.206603, 34.090577 ], [ -118.206352, 34.091039 ], [ -118.205962, 34.091638 ], [ -118.205876, 34.091968 ], [ -118.205876, 34.092468 ], [ -118.205881, 34.092553 ], [ -118.205907, 34.09299 ], [ -118.205969, 34.09309 ], [ -118.205916, 34.093122 ], [ -118.205837, 34.093941 ], [ -118.205777, 34.094106 ], [ -118.205487, 34.094722 ], [ -118.20522, 34.09513 ], [ -118.205005, 34.095458 ], [ -118.20474, 34.095711 ], [ -118.204357, 34.096101 ], [ -118.203003, 34.098224 ], [ -118.202924, 34.098372 ], [ -118.202501, 34.098944 ], [ -118.200374, 34.100901 ], [ -118.200004, 34.101291 ], [ -118.199839, 34.101385 ], [ -118.199303, 34.101632 ], [ -118.198405, 34.101995 ], [ -118.198185, 34.102081 ], [ -118.197901, 34.102237 ], [ -118.197385, 34.102398 ], [ -118.196752, 34.102441 ], [ -118.196265, 34.102488 ], [ -118.196026, 34.102468 ], [ -118.195757, 34.102421 ], [ -118.193158, 34.102391 ], [ -118.19296, 34.102402 ], [ -118.192372, 34.102518 ], [ -118.19185, 34.102765 ], [ -118.191532, 34.102952 ], [ -118.191407, 34.103095 ], [ -118.191156, 34.10329 ], [ -118.190402, 34.103875 ], [ -118.19027, 34.103949 ], [ -118.189715, 34.10426 ], [ -118.189167, 34.104486 ], [ -118.188962, 34.104524 ], [ -118.188308, 34.104904 ], [ -118.188156, 34.105013 ], [ -118.187832, 34.1052 ], [ -118.187686, 34.105321 ], [ -118.187528, 34.10542 ], [ -118.187224, 34.105651 ], [ -118.187183, 34.105702 ], [ -118.186556, 34.106498 ], [ -118.186398, 34.1068 ], [ -118.186292, 34.106954 ], [ -118.185882, 34.107344 ], [ -118.18583, 34.107385 ], [ -118.185288, 34.107806 ], [ -118.184898, 34.108202 ], [ -118.184825, 34.108356 ], [ -118.184759, 34.108691 ], [ -118.184534, 34.109339 ], [ -118.184415, 34.109845 ], [ -118.184396, 34.110016 ], [ -118.184316, 34.11017 ], [ -118.184039, 34.110417 ], [ -118.184039, 34.110576 ], [ -118.183939, 34.110725 ], [ -118.183904, 34.110743 ], [ -118.183843, 34.110773 ], [ -118.183589, 34.110901 ], [ -118.183391, 34.110923 ], [ -118.183193, 34.110917 ], [ -118.182796, 34.110868 ], [ -118.182591, 34.110824 ], [ -118.182215, 34.110703 ], [ -118.182029, 34.110686 ], [ -118.181626, 34.110593 ], [ -118.181012, 34.110554 ], [ -118.180813, 34.110582 ], [ -118.180443, 34.11067 ], [ -118.180237, 34.110732 ], [ -118.18019, 34.110751 ], [ -118.18004, 34.110791 ], [ -118.179945, 34.110813 ], [ -118.179849, 34.110835 ], [ -118.179683, 34.110928 ], [ -118.179531, 34.111038 ], [ -118.179168, 34.111192 ], [ -118.178956, 34.111252 ], [ -118.178613, 34.111434 ], [ -118.17819, 34.111615 ], [ -118.177529, 34.112038 ], [ -118.17717, 34.112281 ], [ -118.177059, 34.112357 ], [ -118.176724, 34.112643 ], [ -118.176666, 34.112693 ], [ -118.176491, 34.112841 ], [ -118.176141, 34.113011 ], [ -118.175758, 34.113115 ], [ -118.175553, 34.113148 ], [ -118.175495, 34.113149 ], [ -118.175457, 34.113151 ], [ -118.175149, 34.113159 ], [ -118.174615, 34.113183 ], [ -118.173947, 34.113214 ], [ -118.173755, 34.113192 ], [ -118.173701, 34.113198 ], [ -118.173825, 34.113138 ], [ -118.175469, 34.113118 ], [ -118.175501, 34.113021 ], [ -118.175631, 34.112627 ], [ -118.175705, 34.112603 ], [ -118.175876, 34.112549 ] ], [ [ -118.217836, 34.040514 ], [ -118.217994, 34.0402 ], [ -118.218265, 34.039958 ], [ -118.218317, 34.039805 ], [ -118.218337, 34.03964 ], [ -118.218372, 34.039526 ], [ -118.21839, 34.039469 ], [ -118.218568, 34.039387 ], [ -118.218753, 34.03937 ], [ -118.219149, 34.039299 ], [ -118.219242, 34.03915 ], [ -118.21938, 34.03849 ], [ -118.219274, 34.038353 ], [ -118.219096, 34.038271 ], [ -118.218997, 34.038419 ], [ -118.218958, 34.038584 ], [ -118.218799, 34.038903 ], [ -118.218654, 34.039013 ], [ -118.218258, 34.039068 ], [ -118.21808, 34.039172 ], [ -118.217967, 34.039293 ], [ -118.21794, 34.039333 ], [ -118.217868, 34.039442 ], [ -118.217822, 34.039601 ], [ -118.217433, 34.040184 ], [ -118.217228, 34.040195 ], [ -118.21705, 34.040497 ], [ -118.216892, 34.040613 ], [ -118.216839, 34.040767 ], [ -118.216746, 34.041102 ], [ -118.216647, 34.041234 ], [ -118.216601, 34.041393 ], [ -118.216799, 34.041405 ], [ -118.216958, 34.041305 ], [ -118.217063, 34.041163 ], [ -118.217176, 34.040844 ], [ -118.217294, 34.040706 ], [ -118.217466, 34.040624 ], [ -118.217657, 34.040591 ], [ -118.217836, 34.040514 ] ], [ [ -118.201537, 34.066897 ], [ -118.20161, 34.067051 ], [ -118.201814, 34.067034 ], [ -118.201973, 34.066946 ], [ -118.202085, 34.066808 ], [ -118.202409, 34.066605 ], [ -118.2026, 34.066528 ], [ -118.202792, 34.066517 ], [ -118.202964, 34.0666 ], [ -118.203162, 34.066605 ], [ -118.2034, 34.066341 ], [ -118.203756, 34.066171 ], [ -118.203855, 34.066022 ], [ -118.203848, 34.065846 ], [ -118.20367, 34.065764 ], [ -118.203049, 34.065813 ], [ -118.202415, 34.065781 ], [ -118.202006, 34.065737 ], [ -118.201801, 34.065792 ], [ -118.201636, 34.065891 ], [ -118.201576, 34.066056 ], [ -118.201609, 34.066226 ], [ -118.201603, 34.066402 ], [ -118.201577, 34.066732 ], [ -118.201537, 34.066897 ] ], [ [ -118.188472, 34.079106 ], [ -118.188515, 34.079142 ], [ -118.188617, 34.079227 ], [ -118.188815, 34.079189 ], [ -118.188987, 34.079101 ], [ -118.18943, 34.078534 ], [ -118.189694, 34.078271 ], [ -118.189846, 34.07777 ], [ -118.189925, 34.077611 ], [ -118.190004, 34.077276 ], [ -118.190004, 34.077105 ], [ -118.190064, 34.07694 ], [ -118.19009, 34.076764 ], [ -118.190011, 34.07661 ], [ -118.189826, 34.076545 ], [ -118.189027, 34.076698 ], [ -118.18863, 34.076764 ], [ -118.18869, 34.077094 ], [ -118.188676, 34.077424 ], [ -118.188624, 34.077583 ], [ -118.188511, 34.077726 ], [ -118.188366, 34.077842 ], [ -118.188597, 34.078122 ], [ -118.188643, 34.078452 ], [ -118.188624, 34.078622 ], [ -118.188472, 34.079106 ] ] ], [ [ [ -118.316991, 34.088812 ], [ -118.317044, 34.088839 ], [ -118.317068, 34.088903 ], [ -118.31709, 34.08896 ], [ -118.317024, 34.089044 ], [ -118.316919, 34.089127 ], [ -118.316892, 34.089116 ], [ -118.316839, 34.089026 ], [ -118.316846, 34.088888 ], [ -118.316912, 34.088829 ], [ -118.316991, 34.088812 ] ] ], [ [ [ -118.174872, 34.113302 ], [ -118.174766, 34.113322 ], [ -118.174693, 34.113336 ], [ -118.173689, 34.11344 ], [ -118.173273, 34.113525 ], [ -118.173109, 34.11355 ], [ -118.173047, 34.113522 ], [ -118.17326, 34.113417 ], [ -118.173285, 34.113441 ], [ -118.173762, 34.113322 ], [ -118.174626, 34.113305 ], [ -118.174739, 34.113297 ], [ -118.174977, 34.113281 ], [ -118.174872, 34.113302 ] ] ], [ [ [ -118.172648, 34.113721 ], [ -118.173047, 34.113522 ], [ -118.17301, 34.113594 ], [ -118.17231, 34.114028 ], [ -118.172484, 34.113802 ], [ -118.172648, 34.113721 ] ] ], [ [ [ -118.275876, 34.153165 ], [ -118.275562, 34.153166 ], [ -118.275373, 34.152803 ], [ -118.273791, 34.149733 ], [ -118.27373, 34.149613 ], [ -118.273083, 34.148354 ], [ -118.272265, 34.146764 ], [ -118.271283, 34.144856 ], [ -118.269993, 34.142348 ], [ -118.269808, 34.141988 ], [ -118.269755, 34.141886 ], [ -118.269519, 34.141427 ], [ -118.268105, 34.138679 ], [ -118.267885, 34.138251 ], [ -118.267291, 34.137095 ], [ -118.265947, 34.134483 ], [ -118.265459, 34.133534 ], [ -118.265401, 34.133421 ], [ -118.263473, 34.129673 ], [ -118.263206, 34.129168 ], [ -118.262929, 34.128666 ], [ -118.262642, 34.128169 ], [ -118.262344, 34.127676 ], [ -118.262, 34.127129 ], [ -118.261949, 34.127052 ], [ -118.261873, 34.126937 ], [ -118.261768, 34.126779 ], [ -118.261734, 34.126727 ], [ -118.261406, 34.126246 ], [ -118.261069, 34.125771 ], [ -118.260669, 34.125234 ], [ -118.260356, 34.124827 ], [ -118.259989, 34.124368 ], [ -118.259611, 34.123914 ], [ -118.259225, 34.123465 ], [ -118.258829, 34.123022 ], [ -118.258424, 34.122585 ], [ -118.258009, 34.122154 ], [ -118.257586, 34.121728 ], [ -118.257529, 34.121673 ], [ -118.257294, 34.121447 ], [ -118.257146, 34.121304 ], [ -118.257063, 34.121224 ], [ -118.256621, 34.120812 ], [ -118.25617, 34.120408 ], [ -118.255476, 34.119807 ], [ -118.254258, 34.118761 ], [ -118.254157, 34.118845 ], [ -118.254135, 34.11886 ], [ -118.254067, 34.118893 ], [ -118.254014, 34.118944 ], [ -118.253548, 34.119268 ], [ -118.253534, 34.119277 ], [ -118.252578, 34.119942 ], [ -118.252558, 34.119956 ], [ -118.251597, 34.120624 ], [ -118.251133, 34.120947 ], [ -118.251448, 34.121243 ], [ -118.252242, 34.121989 ], [ -118.252669, 34.12239 ], [ -118.253037, 34.122736 ], [ -118.25364, 34.123303 ], [ -118.253602, 34.123419 ], [ -118.253306, 34.124322 ], [ -118.253265, 34.124449 ], [ -118.253201, 34.124425 ], [ -118.253176, 34.124415 ], [ -118.253117, 34.124393 ], [ -118.253052, 34.124368 ], [ -118.252952, 34.124331 ], [ -118.252864, 34.124298 ], [ -118.252657, 34.124326 ], [ -118.252089, 34.124404 ], [ -118.251139, 34.124535 ], [ -118.248033, 34.124962 ], [ -118.247644, 34.125015 ], [ -118.246774, 34.125135 ], [ -118.244619, 34.125431 ], [ -118.243978, 34.125519 ], [ -118.243823, 34.12554 ], [ -118.243134, 34.125635 ], [ -118.24221, 34.125762 ], [ -118.241061, 34.12592 ], [ -118.240901, 34.125942 ], [ -118.24039, 34.126012 ], [ -118.239887, 34.126081 ], [ -118.238785, 34.126233 ], [ -118.237981, 34.126343 ], [ -118.236939, 34.126486 ], [ -118.236057, 34.126607 ], [ -118.23548, 34.126687 ], [ -118.235238, 34.12672 ], [ -118.235312, 34.127602 ], [ -118.235539, 34.128005 ], [ -118.235717, 34.128311 ], [ -118.236019, 34.12883 ], [ -118.236102, 34.129375 ], [ -118.236423, 34.131484 ], [ -118.236608, 34.132715 ], [ -118.23655, 34.133291 ], [ -118.236495, 34.133533 ], [ -118.236484, 34.133577 ], [ -118.236387, 34.134002 ], [ -118.236342, 34.134199 ], [ -118.236323, 34.134281 ], [ -118.236273, 34.134498 ], [ -118.235864, 34.1345 ], [ -118.235687, 34.134496 ], [ -118.235516, 34.134502 ], [ -118.233714, 34.13451 ], [ -118.233605, 34.13451 ], [ -118.233601, 34.135045 ], [ -118.233598, 34.1356 ], [ -118.232629, 34.1356 ], [ -118.232342, 34.135601 ], [ -118.231838, 34.135601 ], [ -118.231028, 34.135601 ], [ -118.230022, 34.135601 ], [ -118.229567, 34.135601 ], [ -118.229344, 34.135601 ], [ -118.22929, 34.1356 ], [ -118.229236, 34.135601 ], [ -118.227984, 34.135601 ], [ -118.227916, 34.135601 ], [ -118.22791, 34.136034 ], [ -118.227887, 34.137474 ], [ -118.227881, 34.13791 ], [ -118.227877, 34.138084 ], [ -118.228629, 34.138081 ], [ -118.228947, 34.13808 ], [ -118.229149, 34.138079 ], [ -118.229156, 34.139055 ], [ -118.229156, 34.139073 ], [ -118.228841, 34.139073 ], [ -118.228784, 34.139073 ], [ -118.228785, 34.139367 ], [ -118.228787, 34.140252 ], [ -118.228791, 34.142699 ], [ -118.228776, 34.142768 ], [ -118.228764, 34.142837 ], [ -118.228765, 34.143562 ], [ -118.228767, 34.144488 ], [ -118.228769, 34.145897 ], [ -118.228774, 34.146032 ], [ -118.228577, 34.145881 ], [ -118.228292, 34.146355 ], [ -118.228237, 34.146447 ], [ -118.228446, 34.146582 ], [ -118.228488, 34.146609 ], [ -118.228576, 34.146666 ], [ -118.228683, 34.146735 ], [ -118.228602, 34.146886 ], [ -118.228523, 34.146861 ], [ -118.228451, 34.146838 ], [ -118.228317, 34.146795 ], [ -118.228084, 34.146721 ], [ -118.228003, 34.146851 ], [ -118.227958, 34.146934 ], [ -118.227864, 34.147076 ], [ -118.227788, 34.147197 ], [ -118.227756, 34.147248 ], [ -118.227714, 34.147319 ], [ -118.227692, 34.147355 ], [ -118.227685, 34.147367 ], [ -118.227676, 34.147381 ], [ -118.227661, 34.147407 ], [ -118.227649, 34.147423 ], [ -118.227641, 34.147441 ], [ -118.227586, 34.14753 ], [ -118.227578, 34.147544 ], [ -118.227553, 34.147585 ], [ -118.227533, 34.147621 ], [ -118.227505, 34.147669 ], [ -118.227452, 34.147755 ], [ -118.227004, 34.147628 ], [ -118.227009, 34.147891 ], [ -118.226997, 34.148164 ], [ -118.226967, 34.148436 ], [ -118.226939, 34.14861 ], [ -118.226231, 34.149789 ], [ -118.226158, 34.149765 ], [ -118.225853, 34.149662 ], [ -118.225562, 34.149564 ], [ -118.225388, 34.149505 ], [ -118.225339, 34.149486 ], [ -118.225288, 34.149471 ], [ -118.225, 34.149374 ], [ -118.224967, 34.149363 ], [ -118.224793, 34.149355 ], [ -118.224692, 34.149351 ], [ -118.224638, 34.149348 ], [ -118.224584, 34.149347 ], [ -118.224533, 34.149345 ], [ -118.222455, 34.149254 ], [ -118.221987, 34.148859 ], [ -118.219762, 34.14835 ], [ -118.219436, 34.148275 ], [ -118.219346, 34.148008 ], [ -118.219179, 34.147514 ], [ -118.216793, 34.147526 ], [ -118.216204, 34.147225 ], [ -118.213196, 34.147268 ], [ -118.212009, 34.147199 ], [ -118.211835, 34.147189 ], [ -118.211614, 34.147176 ], [ -118.210972, 34.14622 ], [ -118.210692, 34.146255 ], [ -118.210413, 34.146291 ], [ -118.210203, 34.146319 ], [ -118.210021, 34.146343 ], [ -118.20944, 34.146419 ], [ -118.208774, 34.146507 ], [ -118.207723, 34.147247 ], [ -118.206007, 34.147389 ], [ -118.205489, 34.147427 ], [ -118.205432, 34.147431 ], [ -118.204229, 34.149279 ], [ -118.203929, 34.149468 ], [ -118.203774, 34.149566 ], [ -118.203573, 34.149692 ], [ -118.202701, 34.150633 ], [ -118.201507, 34.150798 ], [ -118.200561, 34.150928 ], [ -118.200514, 34.150943 ], [ -118.20047, 34.15094 ], [ -118.200137, 34.150986 ], [ -118.199951, 34.151023 ], [ -118.199713, 34.151045 ], [ -118.19892, 34.151154 ], [ -118.198191, 34.151626 ], [ -118.198195, 34.149045 ], [ -118.196945, 34.149047 ], [ -118.194414, 34.149044 ], [ -118.190409, 34.149049 ], [ -118.188964, 34.149074 ], [ -118.183878, 34.149081 ], [ -118.183787, 34.14908 ], [ -118.183791, 34.149052 ], [ -118.183806, 34.148951 ], [ -118.183852, 34.148645 ], [ -118.183862, 34.148577 ], [ -118.183869, 34.148557 ], [ -118.184014, 34.147596 ], [ -118.184213, 34.14628 ], [ -118.184384, 34.145847 ], [ -118.184464, 34.145646 ], [ -118.184561, 34.145401 ], [ -118.184264, 34.145182 ], [ -118.183708, 34.144772 ], [ -118.183493, 34.144613 ], [ -118.18243, 34.143829 ], [ -118.182301, 34.143734 ], [ -118.182313, 34.14347 ], [ -118.18218, 34.143397 ], [ -118.182185, 34.143353 ], [ -118.182197, 34.143264 ], [ -118.182202, 34.143157 ], [ -118.181276, 34.142343 ], [ -118.181238, 34.142311 ], [ -118.181206, 34.142264 ], [ -118.181162, 34.1422 ], [ -118.180908, 34.141834 ], [ -118.180854, 34.141642 ], [ -118.180839, 34.141588 ], [ -118.180788, 34.141408 ], [ -118.180757, 34.1413 ], [ -118.180646, 34.141202 ], [ -118.180501, 34.141072 ], [ -118.180432, 34.141009 ], [ -118.180488, 34.140875 ], [ -118.180658, 34.140872 ], [ -118.180697, 34.140823 ], [ -118.180711, 34.140806 ], [ -118.180758, 34.14083 ], [ -118.180813, 34.140831 ], [ -118.180869, 34.14083 ], [ -118.181207, 34.140823 ], [ -118.181265, 34.140823 ], [ -118.181877, 34.140699 ], [ -118.182272, 34.140477 ], [ -118.182516, 34.14034 ], [ -118.182861, 34.139998 ], [ -118.182961, 34.139894 ], [ -118.183119, 34.139738 ], [ -118.183203, 34.139655 ], [ -118.183236, 34.139621 ], [ -118.183439, 34.139582 ], [ -118.183622, 34.139547 ], [ -118.183813, 34.139511 ], [ -118.183948, 34.139485 ], [ -118.18402, 34.139488 ], [ -118.184193, 34.139498 ], [ -118.184272, 34.139504 ], [ -118.184318, 34.139506 ], [ -118.184337, 34.139507 ], [ -118.184565, 34.139515 ], [ -118.18468, 34.139521 ], [ -118.184765, 34.139486 ], [ -118.184784, 34.139479 ], [ -118.184847, 34.139454 ], [ -118.185009, 34.139386 ], [ -118.185248, 34.139287 ], [ -118.185591, 34.138958 ], [ -118.185678, 34.138875 ], [ -118.185672, 34.138854 ], [ -118.185468, 34.138844 ], [ -118.185395, 34.138841 ], [ -118.18541, 34.138791 ], [ -118.185468, 34.138602 ], [ -118.185526, 34.138557 ], [ -118.185525, 34.138487 ], [ -118.185525, 34.138163 ], [ -118.185525, 34.138136 ], [ -118.185525, 34.137929 ], [ -118.185524, 34.137708 ], [ -118.185524, 34.13737 ], [ -118.185524, 34.137335 ], [ -118.185549, 34.137333 ], [ -118.185787, 34.137316 ], [ -118.185885, 34.137306 ], [ -118.185885, 34.13728 ], [ -118.185884, 34.136956 ], [ -118.185884, 34.136869 ], [ -118.185888, 34.136806 ], [ -118.185887, 34.136755 ], [ -118.185887, 34.136531 ], [ -118.185887, 34.136471 ], [ -118.185883, 34.136407 ], [ -118.185887, 34.136183 ], [ -118.185834, 34.136175 ], [ -118.185744, 34.136159 ], [ -118.185548, 34.136126 ], [ -118.185206, 34.136068 ], [ -118.18536, 34.13543 ], [ -118.185531, 34.134726 ], [ -118.18604, 34.133833 ], [ -118.186097, 34.133732 ], [ -118.185479, 34.133257 ], [ -118.184421, 34.132443 ], [ -118.184068, 34.132172 ], [ -118.183688, 34.131881 ], [ -118.183645, 34.131847 ], [ -118.182817, 34.131211 ], [ -118.182828, 34.130536 ], [ -118.18284, 34.12975 ], [ -118.182801, 34.129666 ], [ -118.18258, 34.129186 ], [ -118.18134, 34.129498 ], [ -118.181414, 34.12852 ], [ -118.181438, 34.128196 ], [ -118.181078, 34.128286 ], [ -118.180896, 34.128331 ], [ -118.180193, 34.126425 ], [ -118.179152, 34.126616 ], [ -118.178583, 34.12672 ], [ -118.178511, 34.126714 ], [ -118.177833, 34.126658 ], [ -118.17778, 34.126654 ], [ -118.177717, 34.126649 ], [ -118.177677, 34.126645 ], [ -118.177787, 34.126826 ], [ -118.177694, 34.126811 ], [ -118.176541, 34.126624 ], [ -118.176651, 34.125645 ], [ -118.176699, 34.125224 ], [ -118.176757, 34.1248 ], [ -118.176955, 34.123141 ], [ -118.176831, 34.123136 ], [ -118.175984, 34.12348 ], [ -118.173859, 34.124343 ], [ -118.172804, 34.124771 ], [ -118.172539, 34.125787 ], [ -118.172528, 34.125828 ], [ -118.172491, 34.125903 ], [ -118.17244, 34.125972 ], [ -118.172375, 34.126032 ], [ -118.172299, 34.126082 ], [ -118.172204, 34.126123 ], [ -118.17213, 34.126143 ], [ -118.171538, 34.126268 ], [ -118.171417, 34.126308 ], [ -118.171303, 34.126359 ], [ -118.171197, 34.126422 ], [ -118.171116, 34.126482 ], [ -118.171021, 34.12656 ], [ -118.170718, 34.12681 ], [ -118.170631, 34.126863 ], [ -118.170536, 34.126903 ], [ -118.170434, 34.126931 ], [ -118.170328, 34.126945 ], [ -118.170214, 34.126944 ], [ -118.170062, 34.126928 ], [ -118.169888, 34.126893 ], [ -118.169768, 34.126857 ], [ -118.169652, 34.126813 ], [ -118.169519, 34.126749 ], [ -118.169395, 34.126673 ], [ -118.1692, 34.126544 ], [ -118.1691, 34.126492 ], [ -118.168977, 34.126446 ], [ -118.168873, 34.12642 ], [ -118.168466, 34.126342 ], [ -118.168404, 34.126317 ], [ -118.168314, 34.126292 ], [ -118.168167, 34.126238 ], [ -118.167998, 34.126159 ], [ -118.167896, 34.126107 ], [ -118.167768, 34.126058 ], [ -118.167651, 34.126029 ], [ -118.167607, 34.126019 ], [ -118.167501, 34.125996 ], [ -118.167371, 34.125952 ], [ -118.167221, 34.125885 ], [ -118.167184, 34.125881 ], [ -118.167144, 34.12589 ], [ -118.166912, 34.125981 ], [ -118.166459, 34.126159 ], [ -118.166366, 34.126175 ], [ -118.166281, 34.126174 ], [ -118.166252, 34.12617 ], [ -118.16623, 34.126167 ], [ -118.166216, 34.126164 ], [ -118.166195, 34.126158 ], [ -118.166168, 34.12615 ], [ -118.166148, 34.126142 ], [ -118.166115, 34.126128 ], [ -118.166103, 34.126122 ], [ -118.166085, 34.126112 ], [ -118.166067, 34.126101 ], [ -118.166045, 34.126085 ], [ -118.166034, 34.126077 ], [ -118.166014, 34.126059 ], [ -118.166004, 34.126049 ], [ -118.165991, 34.126035 ], [ -118.165978, 34.12602 ], [ -118.165963, 34.126 ], [ -118.165952, 34.125983 ], [ -118.165946, 34.125972 ], [ -118.16594, 34.125961 ], [ -118.165935, 34.125951 ], [ -118.165928, 34.125932 ], [ -118.16584, 34.125701 ], [ -118.165809, 34.125621 ], [ -118.165786, 34.125554 ], [ -118.165932, 34.1255 ], [ -118.166029, 34.125468 ], [ -118.166157, 34.125426 ], [ -118.166608, 34.125282 ], [ -118.166701, 34.125253 ], [ -118.167016, 34.125152 ], [ -118.167592, 34.124967 ], [ -118.167636, 34.124923 ], [ -118.167792, 34.124767 ], [ -118.168262, 34.124302 ], [ -118.168454, 34.123914 ], [ -118.168141, 34.123921 ], [ -118.168347, 34.123614 ], [ -118.168426, 34.123433 ], [ -118.16843, 34.123416 ], [ -118.168492, 34.12318 ], [ -118.168532, 34.122899 ], [ -118.168473, 34.122185 ], [ -118.168427, 34.122001 ], [ -118.1684, 34.121888 ], [ -118.168207, 34.121408 ], [ -118.168188, 34.12136 ], [ -118.168043, 34.120882 ], [ -118.167948, 34.120699 ], [ -118.167842, 34.120495 ], [ -118.16794, 34.120333 ], [ -118.168289, 34.120183 ], [ -118.16889, 34.119924 ], [ -118.168999, 34.119341 ], [ -118.168947, 34.119132 ], [ -118.168833, 34.118668 ], [ -118.168851, 34.118216 ], [ -118.168866, 34.117843 ], [ -118.169013, 34.117692 ], [ -118.16916, 34.117541 ], [ -118.169192, 34.117507 ], [ -118.169272, 34.117426 ], [ -118.169731, 34.116955 ], [ -118.169909, 34.116772 ], [ -118.170118, 34.116552 ], [ -118.170181, 34.116487 ], [ -118.170531, 34.116126 ], [ -118.170767, 34.115962 ], [ -118.170998, 34.115764 ], [ -118.171203, 34.115589 ], [ -118.171488, 34.115297 ], [ -118.171739, 34.11497 ], [ -118.172321, 34.114209 ], [ -118.172415, 34.114115 ], [ -118.172631, 34.113901 ], [ -118.172922, 34.113692 ], [ -118.173127, 34.113594 ], [ -118.173378, 34.113525 ], [ -118.173689, 34.11344 ], [ -118.174835, 34.113384 ], [ -118.175506, 34.113352 ], [ -118.175936, 34.113247 ], [ -118.176346, 34.113055 ], [ -118.176742, 34.112808 ], [ -118.176873, 34.112696 ], [ -118.177251, 34.112374 ], [ -118.177397, 34.112225 ], [ -118.177958, 34.11189 ], [ -118.18013, 34.110974 ], [ -118.180344, 34.110885 ], [ -118.180357, 34.110879 ], [ -118.180503, 34.110802 ], [ -118.180747, 34.110736 ], [ -118.181065, 34.110736 ], [ -118.181329, 34.110763 ], [ -118.181633, 34.110829 ], [ -118.182446, 34.111082 ], [ -118.182975, 34.111186 ], [ -118.183265, 34.111208 ], [ -118.18345, 34.111197 ], [ -118.183669, 34.111115 ], [ -118.183867, 34.110956 ], [ -118.18386, 34.110873 ], [ -118.18392, 34.110807 ], [ -118.183932, 34.1108 ], [ -118.184052, 34.110725 ], [ -118.18425, 34.110565 ], [ -118.184468, 34.110296 ], [ -118.184528, 34.110104 ], [ -118.184581, 34.110027 ], [ -118.184726, 34.109427 ], [ -118.184818, 34.108889 ], [ -118.184977, 34.108488 ], [ -118.185063, 34.108339 ], [ -118.1854, 34.107971 ], [ -118.185963, 34.107538 ], [ -118.186015, 34.107498 ], [ -118.186292, 34.1073 ], [ -118.186444, 34.10713 ], [ -118.186636, 34.106877 ], [ -118.186933, 34.106349 ], [ -118.187277, 34.105959 ], [ -118.187343, 34.105886 ], [ -118.187561, 34.105646 ], [ -118.187832, 34.105481 ], [ -118.188261, 34.105189 ], [ -118.189021, 34.104783 ], [ -118.189286, 34.104678 ], [ -118.190052, 34.104321 ], [ -118.190343, 34.104079 ], [ -118.190521, 34.103953 ], [ -118.190832, 34.103733 ], [ -118.191157, 34.103478 ], [ -118.191724, 34.103034 ], [ -118.192041, 34.102864 ], [ -118.192418, 34.102705 ], [ -118.192735, 34.102633 ], [ -118.193231, 34.102589 ], [ -118.195999, 34.102593 ], [ -118.196075, 34.102593 ], [ -118.196437, 34.102593 ], [ -118.196832, 34.102594 ], [ -118.197414, 34.102539 ], [ -118.197625, 34.102501 ], [ -118.197883, 34.102429 ], [ -118.199409, 34.101852 ], [ -118.199812, 34.101665 ], [ -118.200103, 34.101473 ], [ -118.200427, 34.101231 ], [ -118.202548, 34.099295 ], [ -118.202792, 34.099021 ], [ -118.204754, 34.096031 ], [ -118.205324, 34.095162 ], [ -118.205678, 34.094623 ], [ -118.205857, 34.094265 ], [ -118.206042, 34.093655 ], [ -118.206022, 34.093452 ], [ -118.206035, 34.093188 ], [ -118.206033, 34.093126 ], [ -118.206018, 34.092569 ], [ -118.206009, 34.092547 ], [ -118.206017, 34.092521 ], [ -118.206015, 34.092457 ], [ -118.206068, 34.092132 ], [ -118.20616, 34.091869 ], [ -118.206319, 34.091555 ], [ -118.206662, 34.090995 ], [ -118.20758, 34.089648 ], [ -118.207825, 34.08934 ], [ -118.208142, 34.089026 ], [ -118.208464, 34.088751 ], [ -118.210209, 34.087261 ], [ -118.210685, 34.086893 ], [ -118.210902, 34.08676 ], [ -118.211107, 34.086635 ], [ -118.211372, 34.08653 ], [ -118.211603, 34.086464 ], [ -118.212817, 34.086306 ], [ -118.213975, 34.086156 ], [ -118.21434, 34.086084 ], [ -118.214563, 34.08604 ], [ -118.214867, 34.085963 ], [ -118.218834, 34.084679 ], [ -118.219163, 34.084573 ], [ -118.219286, 34.084533 ], [ -118.219755, 34.084296 ], [ -118.221466, 34.083202 ], [ -118.221528, 34.083154 ], [ -118.223089, 34.081946 ], [ -118.223105, 34.081934 ], [ -118.223229, 34.081838 ], [ -118.223387, 34.081725 ], [ -118.223556, 34.081604 ], [ -118.22378, 34.081443 ], [ -118.223796, 34.081432 ], [ -118.223891, 34.081364 ], [ -118.223911, 34.08135 ], [ -118.223947, 34.081324 ], [ -118.224028, 34.081266 ], [ -118.224365, 34.081063 ], [ -118.224649, 34.080848 ], [ -118.225062, 34.080441 ], [ -118.225296, 34.080211 ], [ -118.22582, 34.07964 ], [ -118.225965, 34.079481 ], [ -118.226102, 34.079331 ], [ -118.226293, 34.079825 ], [ -118.226337, 34.07991 ], [ -118.22643, 34.080088 ], [ -118.226465, 34.080155 ], [ -118.226624, 34.0806 ], [ -118.226717, 34.080721 ], [ -118.226803, 34.080875 ], [ -118.226888, 34.080996 ], [ -118.22695, 34.081086 ], [ -118.227013, 34.081175 ], [ -118.227137, 34.081352 ], [ -118.227153, 34.081375 ], [ -118.227246, 34.081711 ], [ -118.227289, 34.082125 ], [ -118.227364, 34.082835 ], [ -118.227382, 34.083008 ], [ -118.227449, 34.083657 ], [ -118.22762, 34.085305 ], [ -118.227664, 34.085718 ], [ -118.227869, 34.087345 ], [ -118.228366, 34.089323 ], [ -118.228763, 34.090109 ], [ -118.229054, 34.090549 ], [ -118.230541, 34.09234 ], [ -118.230892, 34.092643 ], [ -118.231718, 34.093198 ], [ -118.231958, 34.093326 ], [ -118.232181, 34.093445 ], [ -118.232663, 34.093653 ], [ -118.233178, 34.093813 ], [ -118.233588, 34.093911 ], [ -118.234355, 34.09406 ], [ -118.235326, 34.094158 ], [ -118.236258, 34.094301 ], [ -118.237157, 34.094531 ], [ -118.237751, 34.094767 ], [ -118.238465, 34.095163 ], [ -118.238961, 34.095558 ], [ -118.239378, 34.095965 ], [ -118.241745, 34.099246 ], [ -118.241957, 34.09963 ], [ -118.242037, 34.099916 ], [ -118.242057, 34.100163 ], [ -118.241934, 34.103907 ], [ -118.242006, 34.104253 ], [ -118.242112, 34.104599 ], [ -118.242629, 34.105561 ], [ -118.242873, 34.105874 ], [ -118.243607, 34.106589 ], [ -118.244183, 34.107061 ], [ -118.245022, 34.107583 ], [ -118.245954, 34.10805 ], [ -118.246906, 34.108395 ], [ -118.247825, 34.108653 ], [ -118.248684, 34.108801 ], [ -118.248782, 34.108813 ], [ -118.249371, 34.108886 ], [ -118.249524, 34.108905 ], [ -118.249605, 34.108905 ], [ -118.249686, 34.108905 ], [ -118.249953, 34.108905 ], [ -118.250925, 34.108833 ], [ -118.250924, 34.108807 ], [ -118.253406, 34.108638 ], [ -118.255012, 34.108529 ], [ -118.255706, 34.108546 ], [ -118.256211, 34.108627 ], [ -118.256361, 34.108673 ], [ -118.258577, 34.109375 ], [ -118.259195, 34.10957 ], [ -118.25971, 34.109757 ], [ -118.259865, 34.109822 ], [ -118.260325, 34.110015 ], [ -118.260974, 34.110398 ], [ -118.261976, 34.110989 ], [ -118.262021, 34.111022 ], [ -118.263007, 34.111732 ], [ -118.263852, 34.112501 ], [ -118.264676, 34.113335 ], [ -118.265115, 34.11378 ], [ -118.26523, 34.113897 ], [ -118.265344, 34.114012 ], [ -118.266097, 34.114775 ], [ -118.266719, 34.115394 ], [ -118.266786, 34.115476 ], [ -118.267049, 34.115795 ], [ -118.267584, 34.116554 ], [ -118.267948, 34.117237 ], [ -118.268079, 34.117483 ], [ -118.268779, 34.119061 ], [ -118.26962, 34.120908 ], [ -118.26973, 34.12115 ], [ -118.26977, 34.121331 ], [ -118.269954, 34.121843 ], [ -118.270071, 34.122066 ], [ -118.27045, 34.122783 ], [ -118.270602, 34.123151 ], [ -118.270727, 34.123398 ], [ -118.271421, 34.125001 ], [ -118.271414, 34.12502 ], [ -118.27153, 34.125314 ], [ -118.271932, 34.126227 ], [ -118.272066, 34.126591 ], [ -118.272308, 34.127247 ], [ -118.272408, 34.127518 ], [ -118.27318, 34.130064 ], [ -118.273365, 34.130839 ], [ -118.27344, 34.131092 ], [ -118.273681, 34.131911 ], [ -118.275126, 34.136912 ], [ -118.275147, 34.136985 ], [ -118.275338, 34.137771 ], [ -118.275894, 34.139718 ], [ -118.275976, 34.140008 ], [ -118.276272, 34.141043 ], [ -118.2763, 34.141139 ], [ -118.277081, 34.143845 ], [ -118.277285, 34.144648 ], [ -118.277681, 34.145984 ], [ -118.277895, 34.146796 ], [ -118.278011, 34.147232 ], [ -118.278183, 34.148029 ], [ -118.278168, 34.148355 ], [ -118.278163, 34.148457 ], [ -118.278176, 34.149309 ], [ -118.278149, 34.149788 ], [ -118.278254, 34.15214 ], [ -118.278285, 34.152475 ], [ -118.278307, 34.152717 ], [ -118.278324, 34.152996 ], [ -118.278328, 34.153057 ], [ -118.278337, 34.153205 ], [ -118.277683, 34.153207 ], [ -118.277219, 34.153208 ], [ -118.277066, 34.153162 ], [ -118.276232, 34.153164 ], [ -118.276007, 34.153165 ], [ -118.275876, 34.153165 ] ], [ [ -118.240887, 34.099543 ], [ -118.241092, 34.100004 ], [ -118.241389, 34.099949 ], [ -118.24131, 34.099724 ], [ -118.241151, 34.099482 ], [ -118.240887, 34.099543 ] ], [ [ -118.241382, 34.100023 ], [ -118.241092, 34.100103 ], [ -118.241151, 34.100235 ], [ -118.241429, 34.100169 ], [ -118.241382, 34.100023 ] ], [ [ -118.175254, 34.121586 ], [ -118.175552, 34.121597 ], [ -118.175552, 34.121586 ], [ -118.175552, 34.121372 ], [ -118.175261, 34.121388 ], [ -118.175254, 34.121586 ] ], [ [ -118.273815, 34.13772 ], [ -118.273958, 34.137935 ], [ -118.274191, 34.138061 ], [ -118.274298, 34.138261 ], [ -118.27428, 34.138454 ], [ -118.274236, 34.138683 ], [ -118.274289, 34.138861 ], [ -118.274504, 34.138965 ], [ -118.274764, 34.13898 ], [ -118.274988, 34.138921 ], [ -118.275194, 34.138765 ], [ -118.275284, 34.138594 ], [ -118.275248, 34.138387 ], [ -118.275123, 34.138283 ], [ -118.274899, 34.138135 ], [ -118.27471, 34.137979 ], [ -118.274684, 34.137831 ], [ -118.27471, 34.137698 ], [ -118.2748, 34.137638 ], [ -118.274979, 34.137623 ], [ -118.275042, 34.137483 ], [ -118.274943, 34.137245 ], [ -118.274719, 34.137156 ], [ -118.274146, 34.137156 ], [ -118.273841, 34.137334 ], [ -118.273815, 34.13772 ] ], [ [ -118.190144, 34.145674 ], [ -118.188359, 34.145993 ], [ -118.188094, 34.146097 ], [ -118.187936, 34.146235 ], [ -118.18787, 34.146378 ], [ -118.187889, 34.146559 ], [ -118.187916, 34.14663 ], [ -118.188061, 34.146773 ], [ -118.190309, 34.146988 ], [ -118.190528, 34.146916 ], [ -118.190746, 34.146757 ], [ -118.190845, 34.146603 ], [ -118.190898, 34.146383 ], [ -118.190891, 34.146207 ], [ -118.190825, 34.14602 ], [ -118.190752, 34.14591 ], [ -118.190594, 34.145773 ], [ -118.190316, 34.145663 ], [ -118.190144, 34.145674 ] ] ], [ [ [ -118.167609, 34.121375 ], [ -118.167817, 34.120937 ], [ -118.167931, 34.121201 ], [ -118.168017, 34.121349 ], [ -118.168078, 34.121506 ], [ -118.168268, 34.121998 ], [ -118.168293, 34.122115 ], [ -118.168373, 34.122487 ], [ -118.168377, 34.122575 ], [ -118.16838, 34.122652 ], [ -118.168373, 34.122982 ], [ -118.168241, 34.123488 ], [ -118.168089, 34.123795 ], [ -118.168056, 34.123836 ], [ -118.168039, 34.123112 ], [ -118.167952, 34.122817 ], [ -118.167666, 34.121797 ], [ -118.16757, 34.121456 ], [ -118.167517, 34.121267 ], [ -118.167543, 34.121292 ], [ -118.167609, 34.121375 ] ] ], [ [ [ -118.324664, 34.153978 ], [ -118.324453, 34.154122 ], [ -118.324178, 34.154311 ], [ -118.322904, 34.155183 ], [ -118.32211, 34.155727 ], [ -118.321559, 34.1558 ], [ -118.319962, 34.156011 ], [ -118.317677, 34.156313 ], [ -118.316619, 34.155251 ], [ -118.316409, 34.155043 ], [ -118.316321, 34.154956 ], [ -118.316351, 34.154951 ], [ -118.316439, 34.154934 ], [ -118.317005, 34.154831 ], [ -118.317217, 34.154792 ], [ -118.319246, 34.154422 ], [ -118.319949, 34.154294 ], [ -118.322785, 34.153771 ], [ -118.323995, 34.153579 ], [ -118.324471, 34.153469 ], [ -118.325278, 34.153221 ], [ -118.32586, 34.153007 ], [ -118.326111, 34.15289 ], [ -118.325721, 34.153253 ], [ -118.325643, 34.153307 ], [ -118.325451, 34.153438 ], [ -118.325341, 34.153514 ], [ -118.325108, 34.153674 ], [ -118.324874, 34.153833 ], [ -118.324664, 34.153978 ] ] ], [ [ [ -118.279212, 34.153943 ], [ -118.279324, 34.154389 ], [ -118.279457, 34.154763 ], [ -118.280038, 34.155571 ], [ -118.280388, 34.155884 ], [ -118.28057, 34.155985 ], [ -118.280864, 34.156148 ], [ -118.281261, 34.156324 ], [ -118.281691, 34.156473 ], [ -118.28222, 34.156517 ], [ -118.282802, 34.156533 ], [ -118.283251, 34.156517 ], [ -118.283809, 34.156538 ], [ -118.283894, 34.156537 ], [ -118.283984, 34.156534 ], [ -118.282777, 34.156806 ], [ -118.282253, 34.156692 ], [ -118.280496, 34.156333 ], [ -118.27932, 34.155128 ], [ -118.279111, 34.153922 ], [ -118.279212, 34.153943 ] ] ], [ [ [ -118.301393, 34.158218 ], [ -118.298947, 34.157699 ], [ -118.29883, 34.157683 ], [ -118.298638, 34.157808 ], [ -118.298481, 34.157914 ], [ -118.29821, 34.158158 ], [ -118.298031, 34.158319 ], [ -118.297951, 34.158391 ], [ -118.297854, 34.158477 ], [ -118.297837, 34.158577 ], [ -118.297744, 34.158575 ], [ -118.297415, 34.158871 ], [ -118.297129, 34.15886 ], [ -118.297058, 34.158857 ], [ -118.296683, 34.158842 ], [ -118.296267, 34.158826 ], [ -118.295873, 34.158809 ], [ -118.295602, 34.158798 ], [ -118.295148, 34.158456 ], [ -118.293964, 34.1576 ], [ -118.293727, 34.157387 ], [ -118.293277, 34.15711 ], [ -118.292153, 34.156247 ], [ -118.292297, 34.156249 ], [ -118.292479, 34.156262 ], [ -118.293963, 34.156365 ], [ -118.294473, 34.156427 ], [ -118.295233, 34.156519 ], [ -118.296674, 34.156723 ], [ -118.298076, 34.156899 ], [ -118.299339, 34.157091 ], [ -118.300505, 34.157235 ], [ -118.30283, 34.157537 ], [ -118.303035, 34.157636 ], [ -118.303171, 34.157685 ], [ -118.303399, 34.157768 ], [ -118.303809, 34.157966 ], [ -118.30406, 34.158147 ], [ -118.304252, 34.158334 ], [ -118.304463, 34.158587 ], [ -118.304747, 34.159098 ], [ -118.304769, 34.159155 ], [ -118.304335, 34.15884 ], [ -118.302826, 34.158504 ], [ -118.30282, 34.158589 ], [ -118.302739, 34.158549 ], [ -118.302568, 34.158498 ], [ -118.302332, 34.158445 ], [ -118.301393, 34.158218 ] ] ], [ [ [ -118.307849, 34.161152 ], [ -118.307812, 34.16114 ], [ -118.307248, 34.160956 ], [ -118.307071, 34.160827 ], [ -118.306246, 34.160267 ], [ -118.306257, 34.160236 ], [ -118.305025, 34.159341 ], [ -118.304979, 34.15917 ], [ -118.30478, 34.158741 ], [ -118.30443, 34.158285 ], [ -118.304205, 34.158081 ], [ -118.30398, 34.157916 ], [ -118.30324, 34.157537 ], [ -118.302883, 34.157388 ], [ -118.301336, 34.157168 ], [ -118.300668, 34.157086 ], [ -118.300423, 34.157014 ], [ -118.303081, 34.157114 ], [ -118.303474, 34.157098 ], [ -118.304014, 34.157075 ], [ -118.304992, 34.156971 ], [ -118.306308, 34.156756 ], [ -118.308531, 34.156347 ], [ -118.310513, 34.155982 ], [ -118.312064, 34.155709 ], [ -118.31032, 34.16076 ], [ -118.31027, 34.160797 ], [ -118.309646, 34.161259 ], [ -118.308728, 34.161439 ], [ -118.30807, 34.161224 ], [ -118.307919, 34.161175 ], [ -118.307849, 34.161152 ] ] ] ] } }
]
}
