{
"type": "FeatureCollection",
"name": "land_boundary",
"crs": { "type": "name", "properties": { "name": "urn:ogc:def:crs:OGC:1.3:CRS84" } },
"features": [
{ "type": "Feature", "properties": { "mask_semantics": "2025 Census Place minus 2025 Census AREAWATER" }, "geometry": { "type": "MultiPolygon", "coordinates": [ [ [ [ -97.52076, 32.740278 ], [ -97.52085, 32.740291 ], [ -97.520867, 32.74024 ], [ -97.52086, 32.740205 ], [ -97.520881, 32.740188 ], [ -97.520904, 32.740148 ], [ -97.520898, 32.740532 ], [ -97.520798, 32.740465 ], [ -97.52076, 32.740412 ], [ -97.520739, 32.74033 ], [ -97.52076, 32.740278 ] ] ], [ [ [ -97.534051, 32.771907 ], [ -97.533632, 32.771815 ], [ -97.533702, 32.771589 ], [ -97.536534, 32.772167 ], [ -97.536515, 32.773878 ], [ -97.536513, 32.774751 ], [ -97.536342, 32.774561 ], [ -97.53602, 32.774208 ], [ -97.535636, 32.773255 ], [ -97.534996, 32.772499 ], [ -97.534051, 32.771907 ] ] ], [ [ [ -97.481341, 32.802973 ], [ -97.481341, 32.802853 ], [ -97.481398, 32.802788 ], [ -97.481468, 32.802746 ], [ -97.481554, 32.802725 ], [ -97.481653, 32.802725 ], [ -97.481763, 32.802764 ], [ -97.481806, 32.802849 ], [ -97.481834, 32.802948 ], [ -97.481834, 32.803089 ], [ -97.481806, 32.803275 ], [ -97.481813, 32.803388 ], [ -97.482019, 32.803579 ], [ -97.48204, 32.803643 ], [ -97.482033, 32.8037 ], [ -97.481969, 32.80375 ], [ -97.481877, 32.803778 ], [ -97.481728, 32.803784 ], [ -97.481288, 32.803742 ], [ -97.480592, 32.803629 ], [ -97.479825, 32.803593 ], [ -97.479499, 32.803593 ], [ -97.479236, 32.803607 ], [ -97.478204, 32.80369 ], [ -97.476805, 32.804009 ], [ -97.47611, 32.804143 ], [ -97.475517, 32.804246 ], [ -97.474431, 32.804509 ], [ -97.472543, 32.805055 ], [ -97.472408, 32.805132 ], [ -97.47233, 32.805253 ], [ -97.472266, 32.805394 ], [ -97.472266, 32.80558 ], [ -97.472245, 32.805736 ], [ -97.472195, 32.805821 ], [ -97.472132, 32.805878 ], [ -97.471826, 32.805912 ], [ -97.471535, 32.80592 ], [ -97.471372, 32.805878 ], [ -97.471195, 32.805785 ], [ -97.470861, 32.80558 ], [ -97.470648, 32.805408 ], [ -97.470584, 32.805338 ], [ -97.47057, 32.805261 ], [ -97.47062, 32.805231 ], [ -97.47084, 32.805225 ], [ -97.471138, 32.805197 ], [ -97.471344, 32.805146 ], [ -97.471542, 32.805083 ], [ -97.471904, 32.804927 ], [ -97.472252, 32.804828 ], [ -97.472653, 32.804732 ], [ -97.474201, 32.804186 ], [ -97.474917, 32.803888 ], [ -97.475045, 32.803866 ], [ -97.475166, 32.803874 ], [ -97.475272, 32.803894 ], [ -97.475393, 32.803894 ], [ -97.475492, 32.803866 ], [ -97.475677, 32.803767 ], [ -97.476127, 32.803494 ], [ -97.476262, 32.803395 ], [ -97.476646, 32.803282 ], [ -97.476915, 32.803133 ], [ -97.477341, 32.802998 ], [ -97.477824, 32.802906 ], [ -97.477987, 32.802892 ], [ -97.478349, 32.802898 ], [ -97.478587, 32.802802 ], [ -97.478864, 32.802667 ], [ -97.47929, 32.802597 ], [ -97.479459, 32.802579 ], [ -97.47963, 32.802576 ], [ -97.479744, 32.802604 ], [ -97.479822, 32.802653 ], [ -97.479964, 32.802782 ], [ -97.480233, 32.803165 ], [ -97.480503, 32.803448 ], [ -97.480752, 32.803562 ], [ -97.481, 32.803597 ], [ -97.481151, 32.8036 ], [ -97.481504, 32.803555 ], [ -97.481554, 32.803525 ], [ -97.481596, 32.803441 ], [ -97.481582, 32.803348 ], [ -97.481561, 32.803285 ], [ -97.481412, 32.803129 ], [ -97.481341, 32.802973 ] ] ], [ [ [ -97.472012, 32.847972 ], [ -97.472012, 32.847572 ], [ -97.472412, 32.847671 ], [ -97.472012, 32.847972 ] ] ], [ [ [ -97.484237, 32.851059 ], [ -97.486038, 32.850761 ], [ -97.486338, 32.85116 ], [ -97.484237, 32.851059 ] ] ], [ [ [ -97.480928, 32.851031 ], [ -97.481728, 32.851233 ], [ -97.481128, 32.851332 ], [ -97.479628, 32.851031 ], [ -97.480928, 32.851031 ] ] ], [ [ [ -97.483506, 32.85148 ], [ -97.482175, 32.851284 ], [ -97.482258, 32.851031 ], [ -97.483672, 32.851059 ], [ -97.483975, 32.851383 ], [ -97.483506, 32.85148 ] ] ], [ [ [ -97.480709, 32.851533 ], [ -97.482509, 32.851533 ], [ -97.481709, 32.851733 ], [ -97.480709, 32.851533 ] ] ], [ [ [ -97.463232, 32.653841 ], [ -97.463257, 32.653826 ], [ -97.463409, 32.653805 ], [ -97.46356, 32.65381 ], [ -97.463686, 32.653858 ], [ -97.463824, 32.654006 ], [ -97.463938, 32.654107 ], [ -97.463963, 32.654181 ], [ -97.463988, 32.654376 ], [ -97.464026, 32.654567 ], [ -97.464095, 32.654749 ], [ -97.464177, 32.654812 ], [ -97.464247, 32.654853 ], [ -97.464248, 32.654886 ], [ -97.463763, 32.65484 ], [ -97.463707, 32.654293 ], [ -97.463345, 32.653836 ], [ -97.463232, 32.653841 ] ] ], [ [ [ -97.593949, 32.744193 ], [ -97.593368, 32.744116 ], [ -97.59325, 32.744083 ], [ -97.593215, 32.744067 ], [ -97.593171, 32.744047 ], [ -97.59308, 32.743997 ], [ -97.592969, 32.743944 ], [ -97.592892, 32.743915 ], [ -97.592761, 32.743886 ], [ -97.592553, 32.743866 ], [ -97.59234, 32.743872 ], [ -97.592113, 32.743885 ], [ -97.591898, 32.74392 ], [ -97.591678, 32.74397 ], [ -97.590862, 32.74419 ], [ -97.590284, 32.744351 ], [ -97.590041, 32.744411 ], [ -97.589893, 32.744449 ], [ -97.58959, 32.744516 ], [ -97.589376, 32.744547 ], [ -97.589095, 32.744579 ], [ -97.588865, 32.744583 ], [ -97.588663, 32.744565 ], [ -97.588229, 32.7445 ], [ -97.587886, 32.744437 ], [ -97.587492, 32.744321 ], [ -97.587167, 32.744198 ], [ -97.586874, 32.744098 ], [ -97.586662, 32.744064 ], [ -97.586452, 32.744054 ], [ -97.586129, 32.74405 ], [ -97.585497, 32.744059 ], [ -97.584807, 32.744076 ], [ -97.583799, 32.744084 ], [ -97.583801, 32.74422 ], [ -97.583807, 32.744616 ], [ -97.583863, 32.748379 ], [ -97.584706, 32.748205 ], [ -97.585044, 32.748136 ], [ -97.585132, 32.748131 ], [ -97.585182, 32.748128 ], [ -97.585226, 32.748136 ], [ -97.585282, 32.748173 ], [ -97.585298, 32.748185 ], [ -97.585577, 32.74824 ], [ -97.585814, 32.748287 ], [ -97.585914, 32.748268 ], [ -97.586133, 32.748162 ], [ -97.586699, 32.74789 ], [ -97.586782, 32.747841 ], [ -97.586801, 32.749122 ], [ -97.586852, 32.752579 ], [ -97.586807, 32.752567 ], [ -97.586592, 32.752511 ], [ -97.586278, 32.752318 ], [ -97.585879, 32.751822 ], [ -97.585702, 32.751002 ], [ -97.584886, 32.75092 ], [ -97.582946, 32.751304 ], [ -97.582761, 32.751204 ], [ -97.582456, 32.750609 ], [ -97.582145, 32.750527 ], [ -97.581884, 32.750529 ], [ -97.581569, 32.750537 ], [ -97.581019, 32.750048 ], [ -97.580602, 32.74974 ], [ -97.580288, 32.749472 ], [ -97.580183, 32.749401 ], [ -97.580064, 32.749356 ], [ -97.579894, 32.749304 ], [ -97.579782, 32.749291 ], [ -97.57964, 32.749302 ], [ -97.579417, 32.749388 ], [ -97.579288, 32.749413 ], [ -97.579206, 32.749414 ], [ -97.578953, 32.749384 ], [ -97.578035, 32.749055 ], [ -97.577995, 32.74904 ], [ -97.577586, 32.748685 ], [ -97.577415, 32.748655 ], [ -97.577175, 32.748697 ], [ -97.576992, 32.748739 ], [ -97.576847, 32.748778 ], [ -97.576568, 32.7489 ], [ -97.57629, 32.748882 ], [ -97.575997, 32.748615 ], [ -97.575799, 32.748476 ], [ -97.57567, 32.748439 ], [ -97.574915, 32.748359 ], [ -97.574521, 32.748257 ], [ -97.572702, 32.748268 ], [ -97.572784, 32.757451 ], [ -97.580107, 32.757384 ], [ -97.580064, 32.764084 ], [ -97.580322, 32.764272 ], [ -97.581485, 32.764646 ], [ -97.584307, 32.76558 ], [ -97.58493, 32.76643 ], [ -97.585579, 32.76696 ], [ -97.583621, 32.772091 ], [ -97.580213, 32.772212 ], [ -97.580236, 32.775627 ], [ -97.568149, 32.777178 ], [ -97.568086, 32.773369 ], [ -97.56767, 32.773365 ], [ -97.571448, 32.764363 ], [ -97.571427, 32.759206 ], [ -97.57139, 32.751517 ], [ -97.564588, 32.751513 ], [ -97.563687, 32.750817 ], [ -97.563135, 32.750421 ], [ -97.562748, 32.75023 ], [ -97.561761, 32.749632 ], [ -97.56145, 32.74943 ], [ -97.560278, 32.747237 ], [ -97.560196, 32.747183 ], [ -97.559089, 32.746447 ], [ -97.559054, 32.7454 ], [ -97.5586, 32.745449 ], [ -97.557658, 32.745597 ], [ -97.557048, 32.745689 ], [ -97.557053, 32.745641 ], [ -97.557057, 32.745228 ], [ -97.557057, 32.745155 ], [ -97.557117, 32.74516 ], [ -97.559475, 32.745101 ], [ -97.560411, 32.745066 ], [ -97.560477, 32.74508 ], [ -97.560474, 32.744714 ], [ -97.560476, 32.74409 ], [ -97.559508, 32.744081 ], [ -97.559212, 32.74408 ], [ -97.559202, 32.743532 ], [ -97.559204, 32.743423 ], [ -97.559211, 32.738817 ], [ -97.559247, 32.73719 ], [ -97.558554, 32.737199 ], [ -97.555327, 32.73733 ], [ -97.552508, 32.737441 ], [ -97.549876, 32.737524 ], [ -97.549016, 32.737557 ], [ -97.548907, 32.737552 ], [ -97.548818, 32.734506 ], [ -97.548806, 32.734137 ], [ -97.545316, 32.734095 ], [ -97.544969, 32.736531 ], [ -97.544908, 32.736536 ], [ -97.544854, 32.736541 ], [ -97.544811, 32.736581 ], [ -97.544763, 32.736736 ], [ -97.544734, 32.737136 ], [ -97.544691, 32.737305 ], [ -97.544605, 32.737417 ], [ -97.544526, 32.73747 ], [ -97.54441, 32.737506 ], [ -97.544159, 32.737539 ], [ -97.543877, 32.737558 ], [ -97.542873, 32.737581 ], [ -97.542773, 32.737592 ], [ -97.542758, 32.738066 ], [ -97.542421, 32.738107 ], [ -97.542247, 32.738121 ], [ -97.542021, 32.738205 ], [ -97.541966, 32.738225 ], [ -97.540898, 32.738773 ], [ -97.540239, 32.739147 ], [ -97.539989, 32.739238 ], [ -97.53976, 32.739258 ], [ -97.539573, 32.739224 ], [ -97.53934, 32.73912 ], [ -97.539229, 32.739044 ], [ -97.539063, 32.738829 ], [ -97.538612, 32.738377 ], [ -97.53857, 32.738301 ], [ -97.538542, 32.738087 ], [ -97.538508, 32.737955 ], [ -97.538438, 32.737865 ], [ -97.538286, 32.737768 ], [ -97.537876, 32.737603 ], [ -97.537148, 32.737366 ], [ -97.536874, 32.737172 ], [ -97.536777, 32.737088 ], [ -97.536673, 32.736936 ], [ -97.536603, 32.73679 ], [ -97.536527, 32.736472 ], [ -97.536437, 32.735931 ], [ -97.536412, 32.735833 ], [ -97.536388, 32.735737 ], [ -97.53608, 32.734918 ], [ -97.535917, 32.734634 ], [ -97.535819, 32.734524 ], [ -97.535251, 32.734018 ], [ -97.535105, 32.733803 ], [ -97.534432, 32.732562 ], [ -97.534265, 32.732298 ], [ -97.534092, 32.732118 ], [ -97.533891, 32.732007 ], [ -97.533417, 32.731836 ], [ -97.532282, 32.731272 ], [ -97.531916, 32.731091 ], [ -97.531896, 32.731071 ], [ -97.531788, 32.730908 ], [ -97.531417, 32.729649 ], [ -97.531263, 32.729595 ], [ -97.530758, 32.729419 ], [ -97.529533, 32.729708 ], [ -97.529437, 32.729712 ], [ -97.529152, 32.729712 ], [ -97.529, 32.729671 ], [ -97.528847, 32.729602 ], [ -97.528706, 32.729479 ], [ -97.528639, 32.729421 ], [ -97.528226, 32.729089 ], [ -97.527845, 32.728839 ], [ -97.527352, 32.728631 ], [ -97.527243, 32.72857 ], [ -97.527989, 32.726559 ], [ -97.529866, 32.726568 ], [ -97.529948, 32.721305 ], [ -97.524945, 32.721126 ], [ -97.525052, 32.721918 ], [ -97.525251, 32.723596 ], [ -97.524355, 32.725182 ], [ -97.52289, 32.727759 ], [ -97.522677, 32.733555 ], [ -97.522581, 32.733806 ], [ -97.521043, 32.733784 ], [ -97.520938, 32.738 ], [ -97.520938, 32.738026 ], [ -97.52093, 32.73844 ], [ -97.520919, 32.739105 ], [ -97.520914, 32.739434 ], [ -97.520907, 32.739934 ], [ -97.520817, 32.739848 ], [ -97.520779, 32.739765 ], [ -97.520687, 32.739623 ], [ -97.520636, 32.739469 ], [ -97.520609, 32.739311 ], [ -97.520612, 32.739189 ], [ -97.520565, 32.739037 ], [ -97.520503, 32.738995 ], [ -97.520437, 32.738968 ], [ -97.520354, 32.73895 ], [ -97.520271, 32.738954 ], [ -97.520229, 32.738968 ], [ -97.520184, 32.739002 ], [ -97.520139, 32.739051 ], [ -97.520107, 32.739137 ], [ -97.520101, 32.739189 ], [ -97.520114, 32.739241 ], [ -97.520127, 32.739255 ], [ -97.520194, 32.739275 ], [ -97.520267, 32.739348 ], [ -97.520281, 32.739387 ], [ -97.520284, 32.739443 ], [ -97.520323, 32.739525 ], [ -97.520399, 32.739567 ], [ -97.52042, 32.739601 ], [ -97.52042, 32.73963 ], [ -97.520378, 32.739708 ], [ -97.520375, 32.73973 ], [ -97.520406, 32.739753 ], [ -97.520509, 32.739749 ], [ -97.520541, 32.739758 ], [ -97.520534, 32.739782 ], [ -97.520517, 32.7398 ], [ -97.520357, 32.73982 ], [ -97.520347, 32.739883 ], [ -97.520399, 32.739956 ], [ -97.52043, 32.739973 ], [ -97.520517, 32.73999 ], [ -97.520586, 32.73999 ], [ -97.520604, 32.740011 ], [ -97.5206, 32.740063 ], [ -97.520576, 32.740108 ], [ -97.520456, 32.740201 ], [ -97.520446, 32.74024 ], [ -97.520449, 32.740333 ], [ -97.520463, 32.740403 ], [ -97.520543, 32.740507 ], [ -97.520616, 32.740541 ], [ -97.520647, 32.740583 ], [ -97.520657, 32.74062 ], [ -97.52072, 32.740651 ], [ -97.520848, 32.740673 ], [ -97.520896, 32.7407 ], [ -97.520887, 32.741317 ], [ -97.520886, 32.741421 ], [ -97.521134, 32.741416 ], [ -97.521824, 32.741405 ], [ -97.523697, 32.741411 ], [ -97.525795, 32.741439 ], [ -97.52648, 32.741439 ], [ -97.527549, 32.741487 ], [ -97.528126, 32.741463 ], [ -97.528293, 32.741476 ], [ -97.528733, 32.741512 ], [ -97.529173, 32.741512 ], [ -97.529145, 32.745217 ], [ -97.529931, 32.745221 ], [ -97.53337, 32.745234 ], [ -97.53339, 32.741907 ], [ -97.533395, 32.741488 ], [ -97.534868, 32.74148 ], [ -97.537213, 32.741498 ], [ -97.541619, 32.741523 ], [ -97.542628, 32.741537 ], [ -97.543109, 32.741543 ], [ -97.543265, 32.741574 ], [ -97.543327, 32.741602 ], [ -97.543369, 32.74165 ], [ -97.54341, 32.741723 ], [ -97.543818, 32.743395 ], [ -97.544047, 32.744651 ], [ -97.544103, 32.744838 ], [ -97.544169, 32.74498 ], [ -97.544257, 32.745082 ], [ -97.544364, 32.745181 ], [ -97.544474, 32.74525 ], [ -97.544386, 32.745256 ], [ -97.541724, 32.745283 ], [ -97.54171, 32.747749 ], [ -97.541692, 32.750767 ], [ -97.541677, 32.753231 ], [ -97.542278, 32.753237 ], [ -97.542264, 32.754362 ], [ -97.541451, 32.754355 ], [ -97.541442, 32.755042 ], [ -97.535017, 32.754981 ], [ -97.531939, 32.754952 ], [ -97.531941, 32.755256 ], [ -97.531929, 32.770343 ], [ -97.531931, 32.770882 ], [ -97.531521, 32.770701 ], [ -97.531185, 32.770559 ], [ -97.530385, 32.770224 ], [ -97.529194, 32.769725 ], [ -97.528529, 32.76946 ], [ -97.527567, 32.769115 ], [ -97.526978, 32.76891 ], [ -97.525873, 32.768573 ], [ -97.525427, 32.768414 ], [ -97.524995, 32.768231 ], [ -97.524515, 32.767994 ], [ -97.524039, 32.767791 ], [ -97.523593, 32.767574 ], [ -97.523141, 32.767381 ], [ -97.522993, 32.767336 ], [ -97.52271, 32.767269 ], [ -97.521572, 32.767082 ], [ -97.521254, 32.767034 ], [ -97.520541, 32.766945 ], [ -97.519, 32.766745 ], [ -97.518374, 32.766633 ], [ -97.517823, 32.766514 ], [ -97.517116, 32.76634 ], [ -97.516985, 32.766305 ], [ -97.516196, 32.766132 ], [ -97.515435, 32.765946 ], [ -97.515135, 32.765893 ], [ -97.514616, 32.765774 ], [ -97.514367, 32.765717 ], [ -97.513606, 32.76553 ], [ -97.513439, 32.76549 ], [ -97.512979, 32.765383 ], [ -97.512787, 32.765327 ], [ -97.512682, 32.765298 ], [ -97.512499, 32.765237 ], [ -97.512308, 32.765158 ], [ -97.512103, 32.76506 ], [ -97.511965, 32.764975 ], [ -97.511678, 32.764767 ], [ -97.511466, 32.76457 ], [ -97.51113, 32.764308 ], [ -97.511149, 32.766818 ], [ -97.512593, 32.76914 ], [ -97.511176, 32.769089 ], [ -97.511198, 32.770778 ], [ -97.511096, 32.770766 ], [ -97.510832, 32.770791 ], [ -97.510591, 32.770919 ], [ -97.510466, 32.771102 ], [ -97.510423, 32.771147 ], [ -97.510365, 32.771171 ], [ -97.510336, 32.771175 ], [ -97.510293, 32.771212 ], [ -97.510225, 32.771228 ], [ -97.509864, 32.771251 ], [ -97.509696, 32.771296 ], [ -97.509646, 32.771386 ], [ -97.509627, 32.771512 ], [ -97.509757, 32.77169 ], [ -97.5098, 32.771783 ], [ -97.509771, 32.771912 ], [ -97.5098, 32.772152 ], [ -97.509776, 32.772241 ], [ -97.509713, 32.772337 ], [ -97.509506, 32.77252 ], [ -97.509463, 32.772669 ], [ -97.509451, 32.773196 ], [ -97.509437, 32.773423 ], [ -97.509393, 32.7735 ], [ -97.509336, 32.773541 ], [ -97.50922, 32.773646 ], [ -97.50909, 32.773715 ], [ -97.508873, 32.77382 ], [ -97.508757, 32.773893 ], [ -97.508587, 32.774244 ], [ -97.508567, 32.774265 ], [ -97.507509, 32.774711 ], [ -97.506182, 32.774817 ], [ -97.505278, 32.774675 ], [ -97.504866, 32.774718 ], [ -97.504833, 32.774715 ], [ -97.504771, 32.774728 ], [ -97.502994, 32.774913 ], [ -97.502784, 32.775209 ], [ -97.502385, 32.775777 ], [ -97.502336, 32.776527 ], [ -97.502327, 32.776673 ], [ -97.502437, 32.777301 ], [ -97.501846, 32.777565 ], [ -97.501822, 32.777623 ], [ -97.501653, 32.778054 ], [ -97.501406, 32.778167 ], [ -97.501297, 32.778284 ], [ -97.501213, 32.778326 ], [ -97.501051, 32.778348 ], [ -97.50095, 32.778433 ], [ -97.50085, 32.778462 ], [ -97.500771, 32.778485 ], [ -97.500739, 32.778546 ], [ -97.500746, 32.778603 ], [ -97.500664, 32.778671 ], [ -97.500664, 32.779584 ], [ -97.500657, 32.779645 ], [ -97.500649, 32.779711 ], [ -97.500596, 32.780157 ], [ -97.50042, 32.780471 ], [ -97.500283, 32.78056 ], [ -97.500193, 32.780619 ], [ -97.499815, 32.78076 ], [ -97.499693, 32.780862 ], [ -97.499661, 32.781014 ], [ -97.499583, 32.781163 ], [ -97.49947, 32.781242 ], [ -97.499307, 32.781312 ], [ -97.499161, 32.781352 ], [ -97.498862, 32.781492 ], [ -97.498594, 32.781699 ], [ -97.498114, 32.781984 ], [ -97.497915, 32.782106 ], [ -97.497821, 32.782294 ], [ -97.497724, 32.782507 ], [ -97.497625, 32.78278 ], [ -97.497617, 32.782829 ], [ -97.497542, 32.782955 ], [ -97.497384, 32.783274 ], [ -97.497311, 32.783966 ], [ -97.497303, 32.784039 ], [ -97.497314, 32.784139 ], [ -97.497361, 32.784573 ], [ -97.497152, 32.784935 ], [ -97.496031, 32.786078 ], [ -97.495974, 32.786205 ], [ -97.49649, 32.787799 ], [ -97.496567, 32.787975 ], [ -97.502308, 32.78795 ], [ -97.502267, 32.791929 ], [ -97.502237, 32.795385 ], [ -97.502218, 32.796936 ], [ -97.50218, 32.800229 ], [ -97.502153, 32.802449 ], [ -97.502152, 32.802735 ], [ -97.502152, 32.802896 ], [ -97.501234, 32.802874 ], [ -97.50103, 32.802869 ], [ -97.500768, 32.802863 ], [ -97.500771, 32.803008 ], [ -97.50081, 32.805048 ], [ -97.5008, 32.806274 ], [ -97.500775, 32.807071 ], [ -97.500771, 32.807234 ], [ -97.500781, 32.807267 ], [ -97.50076, 32.810009 ], [ -97.500766, 32.810827 ], [ -97.50079, 32.81402 ], [ -97.500795, 32.814697 ], [ -97.5008, 32.815445 ], [ -97.500807, 32.815826 ], [ -97.500812, 32.816135 ], [ -97.500791, 32.816261 ], [ -97.499885, 32.816259 ], [ -97.499762, 32.816261 ], [ -97.492362, 32.816261 ], [ -97.489962, 32.816261 ], [ -97.489405, 32.816262 ], [ -97.489403, 32.816196 ], [ -97.489398, 32.815984 ], [ -97.487546, 32.815992 ], [ -97.486333, 32.816141 ], [ -97.484775, 32.816442 ], [ -97.48447, 32.816478 ], [ -97.483823, 32.816549 ], [ -97.483415, 32.81644 ], [ -97.482986, 32.816306 ], [ -97.482659, 32.816204 ], [ -97.482054, 32.816016 ], [ -97.480245, 32.81608 ], [ -97.480011, 32.816089 ], [ -97.47997, 32.816136 ], [ -97.479797, 32.816336 ], [ -97.479547, 32.816516 ], [ -97.479057, 32.816958 ], [ -97.478761, 32.81714 ], [ -97.478681, 32.817168 ], [ -97.478533, 32.817206 ], [ -97.478408, 32.817216 ], [ -97.477941, 32.817206 ], [ -97.477645, 32.817186 ], [ -97.477212, 32.81712 ], [ -97.476723, 32.816977 ], [ -97.476392, 32.816851 ], [ -97.47604, 32.816661 ], [ -97.475491, 32.816192 ], [ -97.475386, 32.816103 ], [ -97.475133, 32.816079 ], [ -97.474751, 32.816043 ], [ -97.474254, 32.815995 ], [ -97.47391, 32.816112 ], [ -97.473595, 32.81622 ], [ -97.473412, 32.816283 ], [ -97.473387, 32.816292 ], [ -97.473361, 32.816299 ], [ -97.47305, 32.815788 ], [ -97.472867, 32.815485 ], [ -97.471936, 32.815731 ], [ -97.471838, 32.815757 ], [ -97.471827, 32.815841 ], [ -97.471818, 32.815921 ], [ -97.471773, 32.816361 ], [ -97.471686, 32.817198 ], [ -97.47165, 32.817581 ], [ -97.471644, 32.817648 ], [ -97.471447, 32.817764 ], [ -97.471041, 32.817959 ], [ -97.47065, 32.818155 ], [ -97.470614, 32.818172 ], [ -97.470334, 32.81811 ], [ -97.470282, 32.818098 ], [ -97.470067, 32.818043 ], [ -97.470031, 32.818035 ], [ -97.470006, 32.818029 ], [ -97.469346, 32.81782 ], [ -97.468026, 32.817817 ], [ -97.467269, 32.81755 ], [ -97.467111, 32.817494 ], [ -97.46704, 32.817411 ], [ -97.466886, 32.817228 ], [ -97.466274, 32.816898 ], [ -97.465482, 32.816381 ], [ -97.465057, 32.816302 ], [ -97.464223, 32.816105 ], [ -97.464247, 32.816135 ], [ -97.464254, 32.81617 ], [ -97.464253, 32.816182 ], [ -97.464247, 32.816229 ], [ -97.464126, 32.81663 ], [ -97.463955, 32.817114 ], [ -97.462324, 32.816702 ], [ -97.461574, 32.8166 ], [ -97.461574, 32.816632 ], [ -97.461605, 32.81691 ], [ -97.461657, 32.817005 ], [ -97.461699, 32.817043 ], [ -97.461796, 32.817081 ], [ -97.461678, 32.817189 ], [ -97.461563, 32.817276 ], [ -97.461534, 32.817294 ], [ -97.461365, 32.817394 ], [ -97.461195, 32.817473 ], [ -97.461022, 32.817526 ], [ -97.460547, 32.817636 ], [ -97.460774, 32.818606 ], [ -97.460902, 32.819164 ], [ -97.460683, 32.819162 ], [ -97.460587, 32.819223 ], [ -97.460583, 32.820299 ], [ -97.460588, 32.820511 ], [ -97.460592, 32.820744 ], [ -97.460594, 32.820921 ], [ -97.461814, 32.82063 ], [ -97.462639, 32.820472 ], [ -97.463054, 32.820401 ], [ -97.463487, 32.820372 ], [ -97.463838, 32.820388 ], [ -97.464033, 32.820427 ], [ -97.465277, 32.820837 ], [ -97.465623, 32.820954 ], [ -97.467211, 32.821573 ], [ -97.467763, 32.821776 ], [ -97.468585, 32.822082 ], [ -97.46881, 32.822163 ], [ -97.468814, 32.822152 ], [ -97.469017, 32.82223 ], [ -97.469084, 32.822255 ], [ -97.469125, 32.822271 ], [ -97.469112, 32.822308 ], [ -97.469808, 32.822575 ], [ -97.470344, 32.822773 ], [ -97.470525, 32.822864 ], [ -97.47102, 32.823059 ], [ -97.471477, 32.82323 ], [ -97.471661, 32.823303 ], [ -97.471969, 32.823417 ], [ -97.472728, 32.823698 ], [ -97.47326, 32.823915 ], [ -97.473371, 32.823965 ], [ -97.473693, 32.824095 ], [ -97.473851, 32.824147 ], [ -97.474293, 32.824308 ], [ -97.477166, 32.825386 ], [ -97.477695, 32.825649 ], [ -97.478245, 32.825967 ], [ -97.478753, 32.826366 ], [ -97.479397, 32.826904 ], [ -97.479593, 32.827087 ], [ -97.479685, 32.827209 ], [ -97.48, 32.827489 ], [ -97.480357, 32.827806 ], [ -97.480515, 32.827962 ], [ -97.481063, 32.828431 ], [ -97.481194, 32.828547 ], [ -97.481742, 32.829098 ], [ -97.482193, 32.829551 ], [ -97.482941, 32.830255 ], [ -97.483073, 32.830385 ], [ -97.483266, 32.830565 ], [ -97.483447, 32.830732 ], [ -97.483803, 32.831078 ], [ -97.484322, 32.831544 ], [ -97.484807, 32.832003 ], [ -97.485304, 32.832506 ], [ -97.485742, 32.832913 ], [ -97.486702, 32.833839 ], [ -97.487726, 32.834755 ], [ -97.488065, 32.83503 ], [ -97.489762, 32.836646 ], [ -97.490125, 32.836964 ], [ -97.490469, 32.837305 ], [ -97.490668, 32.837517 ], [ -97.491015, 32.837847 ], [ -97.491122, 32.837958 ], [ -97.491433, 32.837986 ], [ -97.49181, 32.837997 ], [ -97.492458, 32.838008 ], [ -97.493775, 32.839284 ], [ -97.494036, 32.839525 ], [ -97.494711, 32.840222 ], [ -97.494937, 32.840332 ], [ -97.495636, 32.840973 ], [ -97.496476, 32.841748 ], [ -97.497289, 32.842528 ], [ -97.498, 32.843185 ], [ -97.498539, 32.843698 ], [ -97.498982, 32.84412 ], [ -97.499082, 32.84423 ], [ -97.501208, 32.846226 ], [ -97.501999, 32.846935 ], [ -97.503304, 32.848195 ], [ -97.504805, 32.849604 ], [ -97.506192, 32.850906 ], [ -97.506721, 32.851355 ], [ -97.50725, 32.851747 ], [ -97.507683, 32.852021 ], [ -97.508142, 32.852347 ], [ -97.509011, 32.852897 ], [ -97.509289, 32.853072 ], [ -97.510277, 32.853708 ], [ -97.511836, 32.854713 ], [ -97.511977, 32.854812 ], [ -97.513098, 32.855556 ], [ -97.513322, 32.855705 ], [ -97.513422, 32.855769 ], [ -97.513525, 32.85583 ], [ -97.514554, 32.856499 ], [ -97.517247, 32.858211 ], [ -97.518639, 32.859109 ], [ -97.519133, 32.859408 ], [ -97.519294, 32.859504 ], [ -97.519325, 32.859521 ], [ -97.519402, 32.859556 ], [ -97.519505, 32.859624 ], [ -97.520394, 32.860195 ], [ -97.520546, 32.860299 ], [ -97.521007, 32.860614 ], [ -97.52127, 32.860782 ], [ -97.520974, 32.86078 ], [ -97.52073, 32.860778 ], [ -97.520235, 32.860774 ], [ -97.519676, 32.860769 ], [ -97.519766, 32.860825 ], [ -97.517856, 32.860873 ], [ -97.517856, 32.860802 ], [ -97.516567, 32.860757 ], [ -97.516482, 32.860756 ], [ -97.516031, 32.860754 ], [ -97.51575, 32.860751 ], [ -97.515309, 32.860748 ], [ -97.514524, 32.860739 ], [ -97.513899, 32.860732 ], [ -97.513056, 32.860724 ], [ -97.513011, 32.860741 ], [ -97.512989, 32.860741 ], [ -97.512985, 32.860896 ], [ -97.512789, 32.867406 ], [ -97.512784, 32.867565 ], [ -97.512703, 32.86757 ], [ -97.512364, 32.867551 ], [ -97.512346, 32.86755 ], [ -97.512198, 32.867542 ], [ -97.511811, 32.867472 ], [ -97.511233, 32.867285 ], [ -97.511087, 32.867238 ], [ -97.510774, 32.867108 ], [ -97.510305, 32.867035 ], [ -97.510197, 32.867016 ], [ -97.509654, 32.866962 ], [ -97.509504, 32.866954 ], [ -97.508409, 32.866974 ], [ -97.508196, 32.86695 ], [ -97.507945, 32.866885 ], [ -97.507429, 32.866698 ], [ -97.505518, 32.865797 ], [ -97.505296, 32.865734 ], [ -97.50516, 32.86573 ], [ -97.505077, 32.865752 ], [ -97.50463, 32.865868 ], [ -97.504321, 32.866007 ], [ -97.504182, 32.866072 ], [ -97.503952, 32.866196 ], [ -97.503954, 32.866745 ], [ -97.50395, 32.867429 ], [ -97.503755, 32.867279 ], [ -97.503623, 32.867266 ], [ -97.503334, 32.867334 ], [ -97.503068, 32.867398 ], [ -97.502735, 32.867466 ], [ -97.50251, 32.867466 ], [ -97.502259, 32.867441 ], [ -97.501718, 32.867486 ], [ -97.501652, 32.867521 ], [ -97.501538, 32.867513 ], [ -97.500739, 32.867505 ], [ -97.49706, 32.867471 ], [ -97.497087, 32.867448 ], [ -97.497095, 32.867381 ], [ -97.497107, 32.867289 ], [ -97.497088, 32.867106 ], [ -97.497027, 32.866911 ], [ -97.496915, 32.866757 ], [ -97.496844, 32.866706 ], [ -97.496804, 32.866594 ], [ -97.496783, 32.866509 ], [ -97.496702, 32.866331 ], [ -97.496458, 32.866014 ], [ -97.496347, 32.865921 ], [ -97.496225, 32.865785 ], [ -97.496154, 32.865682 ], [ -97.496032, 32.865606 ], [ -97.495839, 32.865521 ], [ -97.495707, 32.865436 ], [ -97.495646, 32.865291 ], [ -97.495555, 32.865043 ], [ -97.495504, 32.864839 ], [ -97.495504, 32.864548 ], [ -97.495514, 32.864413 ], [ -97.495575, 32.86431 ], [ -97.495646, 32.864207 ], [ -97.495748, 32.864114 ], [ -97.495819, 32.864097 ], [ -97.495971, 32.864106 ], [ -97.496184, 32.864072 ], [ -97.496458, 32.863995 ], [ -97.496641, 32.863961 ], [ -97.496793, 32.863909 ], [ -97.49692, 32.863844 ], [ -97.496941, 32.863826 ], [ -97.496946, 32.863782 ], [ -97.496925, 32.863757 ], [ -97.496883, 32.863742 ], [ -97.496255, 32.863807 ], [ -97.496184, 32.863858 ], [ -97.496052, 32.863884 ], [ -97.495849, 32.863909 ], [ -97.495423, 32.863858 ], [ -97.495291, 32.863909 ], [ -97.495108, 32.864063 ], [ -97.495088, 32.864148 ], [ -97.495078, 32.864241 ], [ -97.495098, 32.864379 ], [ -97.495088, 32.864523 ], [ -97.495098, 32.864685 ], [ -97.495129, 32.864804 ], [ -97.495129, 32.864958 ], [ -97.495088, 32.865119 ], [ -97.495068, 32.865291 ], [ -97.494966, 32.865453 ], [ -97.494987, 32.865547 ], [ -97.495048, 32.865555 ], [ -97.495179, 32.865598 ], [ -97.495311, 32.865768 ], [ -97.495383, 32.865888 ], [ -97.495403, 32.86598 ], [ -97.495494, 32.866084 ], [ -97.495555, 32.866203 ], [ -97.495616, 32.866304 ], [ -97.495707, 32.866304 ], [ -97.495799, 32.866331 ], [ -97.495829, 32.866416 ], [ -97.495819, 32.866536 ], [ -97.49586, 32.866577 ], [ -97.495941, 32.866594 ], [ -97.495971, 32.866655 ], [ -97.496022, 32.866979 ], [ -97.496116, 32.867314 ], [ -97.496118, 32.867328 ], [ -97.496124, 32.867378 ], [ -97.496175, 32.86742 ], [ -97.49622, 32.867463 ], [ -97.495848, 32.867458 ], [ -97.495681, 32.867457 ], [ -97.495366, 32.867454 ], [ -97.495339, 32.868448 ], [ -97.495246, 32.868463 ], [ -97.494363, 32.868229 ], [ -97.493853, 32.868226 ], [ -97.493296, 32.868218 ], [ -97.492393, 32.868205 ], [ -97.490905, 32.868189 ], [ -97.490014, 32.868178 ], [ -97.489871, 32.868176 ], [ -97.489344, 32.86817 ], [ -97.488449, 32.868159 ], [ -97.486237, 32.868132 ], [ -97.486114, 32.868131 ], [ -97.48594, 32.868133 ], [ -97.485959, 32.868066 ], [ -97.485967, 32.867987 ], [ -97.485967, 32.867865 ], [ -97.485966, 32.867804 ], [ -97.48596, 32.867474 ], [ -97.486021, 32.866551 ], [ -97.486038, 32.866109 ], [ -97.486045, 32.865917 ], [ -97.486028, 32.86566 ], [ -97.486004, 32.865521 ], [ -97.485965, 32.865403 ], [ -97.485907, 32.865248 ], [ -97.48581, 32.865065 ], [ -97.484959, 32.864942 ], [ -97.48448, 32.864877 ], [ -97.483753, 32.864825 ], [ -97.483326, 32.864818 ], [ -97.482782, 32.86479 ], [ -97.482201, 32.864725 ], [ -97.481649, 32.86469 ], [ -97.480614, 32.864551 ], [ -97.479797, 32.864496 ], [ -97.47925, 32.864461 ], [ -97.478885, 32.86443 ], [ -97.478601, 32.864401 ], [ -97.478603, 32.864292 ], [ -97.478602, 32.86416 ], [ -97.478599, 32.863622 ], [ -97.477883, 32.863579 ], [ -97.47787, 32.863841 ], [ -97.477862, 32.864035 ], [ -97.477851, 32.864237 ], [ -97.477842, 32.864351 ], [ -97.476737, 32.864277 ], [ -97.475988, 32.864236 ], [ -97.473654, 32.864251 ], [ -97.473004, 32.864257 ], [ -97.471504, 32.864224 ], [ -97.471192, 32.864232 ], [ -97.470697, 32.864207 ], [ -97.46999, 32.864145 ], [ -97.469771, 32.864111 ], [ -97.469594, 32.864066 ], [ -97.469397, 32.863999 ], [ -97.468784, 32.863757 ], [ -97.468614, 32.863684 ], [ -97.468389, 32.863532 ], [ -97.468136, 32.863338 ], [ -97.468046, 32.863251 ], [ -97.467945, 32.863162 ], [ -97.46789, 32.863059 ], [ -97.46762, 32.862769 ], [ -97.467219, 32.862386 ], [ -97.466725, 32.861964 ], [ -97.466589, 32.861886 ], [ -97.466495, 32.861806 ], [ -97.466389, 32.861697 ], [ -97.466256, 32.861564 ], [ -97.466134, 32.861452 ], [ -97.465835, 32.861081 ], [ -97.465695, 32.86088 ], [ -97.465556, 32.860608 ], [ -97.465424, 32.860311 ], [ -97.465334, 32.860048 ], [ -97.464819, 32.858324 ], [ -97.464599, 32.857627 ], [ -97.471299, 32.857715 ], [ -97.469592, 32.853888 ], [ -97.467499, 32.852493 ], [ -97.46663, 32.85397 ], [ -97.466334, 32.854473 ], [ -97.465645, 32.855642 ], [ -97.462627, 32.853045 ], [ -97.45997, 32.850076 ], [ -97.459497, 32.849884 ], [ -97.459181, 32.849412 ], [ -97.460295, 32.843331 ], [ -97.460783, 32.843322 ], [ -97.459616, 32.840454 ], [ -97.459303, 32.839136 ], [ -97.459134, 32.838423 ], [ -97.458637, 32.838414 ], [ -97.458513, 32.838413 ], [ -97.458035, 32.838596 ], [ -97.457966, 32.836038 ], [ -97.457952, 32.835956 ], [ -97.457269, 32.835012 ], [ -97.457073, 32.835055 ], [ -97.456167, 32.835217 ], [ -97.45338, 32.834662 ], [ -97.451463, 32.836586 ], [ -97.449184, 32.839026 ], [ -97.448417, 32.84069 ], [ -97.447797, 32.84044 ], [ -97.447326, 32.840251 ], [ -97.447321, 32.839902 ], [ -97.447302, 32.838503 ], [ -97.447956, 32.837843 ], [ -97.449298, 32.836528 ], [ -97.449298, 32.835558 ], [ -97.449298, 32.834927 ], [ -97.448496, 32.834794 ], [ -97.448098, 32.834728 ], [ -97.448098, 32.834182 ], [ -97.448098, 32.833746 ], [ -97.448827, 32.833767 ], [ -97.44895, 32.833771 ], [ -97.448842, 32.833535 ], [ -97.448323, 32.832435 ], [ -97.44789, 32.831428 ], [ -97.447796, 32.831217 ], [ -97.446995, 32.831161 ], [ -97.446481, 32.831125 ], [ -97.445874, 32.830776 ], [ -97.445268, 32.830428 ], [ -97.444817, 32.830169 ], [ -97.444264, 32.829851 ], [ -97.444035, 32.82985 ], [ -97.443903, 32.82985 ], [ -97.443745, 32.829849 ], [ -97.443512, 32.829849 ], [ -97.443308, 32.829849 ], [ -97.443152, 32.829849 ], [ -97.442849, 32.829849 ], [ -97.442833, 32.830022 ], [ -97.442821, 32.830153 ], [ -97.442788, 32.830532 ], [ -97.442779, 32.830555 ], [ -97.441739, 32.830311 ], [ -97.441064, 32.830153 ], [ -97.440983, 32.829359 ], [ -97.441598, 32.829127 ], [ -97.442207, 32.828856 ], [ -97.44228, 32.828732 ], [ -97.442488, 32.828391 ], [ -97.442656, 32.828111 ], [ -97.442707, 32.828024 ], [ -97.442734, 32.82798 ], [ -97.442819, 32.827835 ], [ -97.441655, 32.827834 ], [ -97.440046, 32.827834 ], [ -97.437643, 32.827837 ], [ -97.437631, 32.827931 ], [ -97.437616, 32.828052 ], [ -97.437588, 32.828533 ], [ -97.437547, 32.82886 ], [ -97.437445, 32.829178 ], [ -97.437353, 32.829417 ], [ -97.437312, 32.829496 ], [ -97.437169, 32.82971 ], [ -97.436975, 32.829985 ], [ -97.436791, 32.830191 ], [ -97.436607, 32.830379 ], [ -97.436413, 32.830568 ], [ -97.436269, 32.830714 ], [ -97.43585, 32.831059 ], [ -97.435441, 32.831497 ], [ -97.435268, 32.831729 ], [ -97.435145, 32.831935 ], [ -97.435073, 32.832098 ], [ -97.434992, 32.832355 ], [ -97.434327, 32.834795 ], [ -97.433857, 32.836658 ], [ -97.433476, 32.838067 ], [ -97.433871, 32.838143 ], [ -97.434558, 32.838299 ], [ -97.434902, 32.838358 ], [ -97.435122, 32.838406 ], [ -97.435389, 32.838493 ], [ -97.435542, 32.838566 ], [ -97.435813, 32.838769 ], [ -97.437389, 32.839892 ], [ -97.437749, 32.840249 ], [ -97.438155, 32.840684 ], [ -97.43838, 32.840905 ], [ -97.438779, 32.841332 ], [ -97.439447, 32.842011 ], [ -97.439697, 32.842289 ], [ -97.440264, 32.842892 ], [ -97.44059, 32.843207 ], [ -97.440879, 32.843452 ], [ -97.44106, 32.843569 ], [ -97.440973, 32.847299 ], [ -97.440958, 32.847768 ], [ -97.440902, 32.85014 ], [ -97.438258, 32.850135 ], [ -97.428311, 32.850115 ], [ -97.428243, 32.844599 ], [ -97.426696, 32.844672 ], [ -97.426427, 32.844675 ], [ -97.426428, 32.8448 ], [ -97.426369, 32.84865 ], [ -97.426335, 32.850921 ], [ -97.426319, 32.85214 ], [ -97.426317, 32.852309 ], [ -97.426293, 32.85351 ], [ -97.426218, 32.85727 ], [ -97.426212, 32.857569 ], [ -97.426739, 32.857572 ], [ -97.430057, 32.85759 ], [ -97.43004, 32.857626 ], [ -97.429946, 32.857863 ], [ -97.429927, 32.858075 ], [ -97.429946, 32.858154 ], [ -97.429886, 32.858285 ], [ -97.429887, 32.858303 ], [ -97.429908, 32.858322 ], [ -97.429974, 32.858306 ], [ -97.430078, 32.858258 ], [ -97.430134, 32.858154 ], [ -97.4302, 32.858069 ], [ -97.4302, 32.857965 ], [ -97.430313, 32.857886 ], [ -97.430492, 32.857839 ], [ -97.430746, 32.857681 ], [ -97.430746, 32.857594 ], [ -97.43456, 32.857629 ], [ -97.434577, 32.857799 ], [ -97.434407, 32.858131 ], [ -97.434426, 32.858227 ], [ -97.434536, 32.85839 ], [ -97.434586, 32.858416 ], [ -97.434624, 32.858416 ], [ -97.434645, 32.858396 ], [ -97.434633, 32.858353 ], [ -97.434505, 32.858182 ], [ -97.434492, 32.858154 ], [ -97.434499, 32.858131 ], [ -97.434524, 32.858117 ], [ -97.434586, 32.85806 ], [ -97.434652, 32.857942 ], [ -97.434718, 32.857855 ], [ -97.434784, 32.857871 ], [ -97.434982, 32.857792 ], [ -97.434992, 32.857692 ], [ -97.435035, 32.857633 ], [ -97.441003, 32.857688 ], [ -97.441048, 32.863043 ], [ -97.444728, 32.863113 ], [ -97.445578, 32.863129 ], [ -97.445591, 32.863629 ], [ -97.445615, 32.867196 ], [ -97.445643, 32.871379 ], [ -97.446965, 32.873924 ], [ -97.446996, 32.874076 ], [ -97.44706, 32.874214 ], [ -97.447229, 32.874575 ], [ -97.447602, 32.875103 ], [ -97.447863, 32.875677 ], [ -97.447977, 32.875892 ], [ -97.448022, 32.875983 ], [ -97.447902, 32.876023 ], [ -97.447774, 32.876039 ], [ -97.447643, 32.876035 ], [ -97.447429, 32.876018 ], [ -97.447355, 32.876012 ], [ -97.447211, 32.87601 ], [ -97.447105, 32.87603 ], [ -97.446967, 32.876066 ], [ -97.446894, 32.876094 ], [ -97.446693, 32.876224 ], [ -97.446616, 32.876261 ], [ -97.446431, 32.876368 ], [ -97.446367, 32.87641 ], [ -97.446102, 32.87662 ], [ -97.446038, 32.876658 ], [ -97.445943, 32.87669 ], [ -97.445512, 32.876773 ], [ -97.4454, 32.876773 ], [ -97.445147, 32.876755 ], [ -97.445029, 32.876728 ], [ -97.444898, 32.876685 ], [ -97.444815, 32.876645 ], [ -97.444704, 32.876618 ], [ -97.444586, 32.876582 ], [ -97.444487, 32.876531 ], [ -97.444362, 32.876433 ], [ -97.444269, 32.876328 ], [ -97.444186, 32.87632 ], [ -97.444106, 32.876317 ], [ -97.444049, 32.876337 ], [ -97.443988, 32.876376 ], [ -97.443924, 32.876401 ], [ -97.443899, 32.876449 ], [ -97.443899, 32.876489 ], [ -97.443873, 32.87654 ], [ -97.443851, 32.876567 ], [ -97.443777, 32.876604 ], [ -97.443732, 32.876658 ], [ -97.443729, 32.87682 ], [ -97.443736, 32.876894 ], [ -97.443746, 32.876922 ], [ -97.443774, 32.876997 ], [ -97.443801, 32.877029 ], [ -97.443838, 32.877048 ], [ -97.443947, 32.877074 ], [ -97.443969, 32.877074 ], [ -97.444014, 32.87706 ], [ -97.444033, 32.87704 ], [ -97.444004, 32.876897 ], [ -97.444026, 32.876854 ], [ -97.444064, 32.876822 ], [ -97.444103, 32.876814 ], [ -97.444154, 32.87682 ], [ -97.444253, 32.876857 ], [ -97.44441, 32.876903 ], [ -97.444528, 32.876945 ], [ -97.444753, 32.877015 ], [ -97.445172, 32.877101 ], [ -97.445421, 32.877133 ], [ -97.445521, 32.877163 ], [ -97.445597, 32.87717 ], [ -97.445674, 32.87717 ], [ -97.445971, 32.877136 ], [ -97.446154, 32.877088 ], [ -97.446211, 32.877088 ], [ -97.446265, 32.877062 ], [ -97.446351, 32.877032 ], [ -97.446465, 32.876979 ], [ -97.446549, 32.876956 ], [ -97.446594, 32.876958 ], [ -97.446832, 32.876924 ], [ -97.446968, 32.876897 ], [ -97.447505, 32.876814 ], [ -97.447557, 32.876812 ], [ -97.4476, 32.876835 ], [ -97.447627, 32.876863 ], [ -97.447675, 32.876963 ], [ -97.447681, 32.877012 ], [ -97.447672, 32.877063 ], [ -97.447641, 32.877121 ], [ -97.447616, 32.877145 ], [ -97.447576, 32.877163 ], [ -97.447515, 32.877178 ], [ -97.447467, 32.877198 ], [ -97.44744, 32.877218 ], [ -97.447435, 32.877246 ], [ -97.447443, 32.877273 ], [ -97.447466, 32.87729 ], [ -97.44751, 32.877313 ], [ -97.447557, 32.877304 ], [ -97.44764, 32.87726 ], [ -97.447711, 32.877194 ], [ -97.447842, 32.87709 ], [ -97.447892, 32.877066 ], [ -97.447924, 32.87706 ], [ -97.447967, 32.87706 ], [ -97.448031, 32.877088 ], [ -97.448068, 32.877119 ], [ -97.448122, 32.877208 ], [ -97.448143, 32.877259 ], [ -97.448175, 32.877304 ], [ -97.448229, 32.877308 ], [ -97.448275, 32.877285 ], [ -97.44832, 32.87727 ], [ -97.448551, 32.87726 ], [ -97.448657, 32.87727 ], [ -97.448716, 32.877296 ], [ -97.448788, 32.877298 ], [ -97.448892, 32.877259 ], [ -97.448975, 32.877234 ], [ -97.449144, 32.87717 ], [ -97.44923, 32.877167 ], [ -97.449296, 32.877191 ], [ -97.449358, 32.877238 ], [ -97.449377, 32.877285 ], [ -97.44943, 32.877497 ], [ -97.44943, 32.877561 ], [ -97.449452, 32.877694 ], [ -97.449499, 32.877713 ], [ -97.449551, 32.877699 ], [ -97.449596, 32.877699 ], [ -97.449647, 32.877557 ], [ -97.449644, 32.877414 ], [ -97.44961, 32.877216 ], [ -97.449598, 32.877141 ], [ -97.4497, 32.876921 ], [ -97.449801, 32.876885 ], [ -97.449983, 32.876774 ], [ -97.450211, 32.876755 ], [ -97.45051, 32.876891 ], [ -97.450679, 32.877027 ], [ -97.45081, 32.877125 ], [ -97.450857, 32.877177 ], [ -97.450929, 32.877276 ], [ -97.451058, 32.877361 ], [ -97.451055, 32.877531 ], [ -97.451012, 32.877687 ], [ -97.450983, 32.877791 ], [ -97.450888, 32.877946 ], [ -97.450777, 32.878105 ], [ -97.450556, 32.878164 ], [ -97.450494, 32.878239 ], [ -97.450534, 32.878342 ], [ -97.450663, 32.878443 ], [ -97.450631, 32.878533 ], [ -97.45052, 32.878664 ], [ -97.45038, 32.878693 ], [ -97.450194, 32.878797 ], [ -97.450124, 32.879016 ], [ -97.450128, 32.879039 ], [ -97.450114, 32.879199 ], [ -97.450121, 32.879298 ], [ -97.450124, 32.879492 ], [ -97.450099, 32.879669 ], [ -97.45007, 32.879731 ], [ -97.450098, 32.879801 ], [ -97.450123, 32.879811 ], [ -97.450083, 32.879926 ], [ -97.449948, 32.880083 ], [ -97.449975, 32.880098 ], [ -97.450164, 32.879932 ], [ -97.450219, 32.879799 ], [ -97.450271, 32.879731 ], [ -97.450319, 32.879686 ], [ -97.450351, 32.879596 ], [ -97.450377, 32.879503 ], [ -97.450371, 32.879435 ], [ -97.450383, 32.879408 ], [ -97.450435, 32.879117 ], [ -97.450507, 32.879047 ], [ -97.450662, 32.879036 ], [ -97.450734, 32.879018 ], [ -97.450836, 32.878962 ], [ -97.450956, 32.878883 ], [ -97.451015, 32.878851 ], [ -97.451126, 32.878907 ], [ -97.451201, 32.879022 ], [ -97.45127, 32.879065 ], [ -97.451346, 32.879071 ], [ -97.451397, 32.879022 ], [ -97.451406, 32.878949 ], [ -97.451393, 32.878709 ], [ -97.451323, 32.878588 ], [ -97.451318, 32.87858 ], [ -97.451305, 32.878533 ], [ -97.45137, 32.878453 ], [ -97.451669, 32.878275 ], [ -97.451979, 32.87847 ], [ -97.452144, 32.878711 ], [ -97.452228, 32.87887 ], [ -97.452297, 32.878923 ], [ -97.452379, 32.878942 ], [ -97.452552, 32.878976 ], [ -97.452675, 32.878992 ], [ -97.452868, 32.87904 ], [ -97.453097, 32.879196 ], [ -97.453162, 32.87928 ], [ -97.453215, 32.879388 ], [ -97.453231, 32.879472 ], [ -97.453236, 32.879502 ], [ -97.453221, 32.87959 ], [ -97.453142, 32.879737 ], [ -97.453145, 32.879778 ], [ -97.453183, 32.879873 ], [ -97.453261, 32.879907 ], [ -97.453338, 32.879927 ], [ -97.453379, 32.879952 ], [ -97.453401, 32.880009 ], [ -97.453389, 32.880122 ], [ -97.453401, 32.88017 ], [ -97.453437, 32.880211 ], [ -97.453463, 32.880268 ], [ -97.453561, 32.880256 ], [ -97.45378, 32.880163 ], [ -97.453864, 32.880065 ], [ -97.453936, 32.880076 ], [ -97.454111, 32.880054 ], [ -97.454294, 32.879912 ], [ -97.454334, 32.879842 ], [ -97.454337, 32.87975 ], [ -97.454356, 32.879593 ], [ -97.454394, 32.879539 ], [ -97.454465, 32.879497 ], [ -97.45462, 32.879462 ], [ -97.4548, 32.879498 ], [ -97.454907, 32.879533 ], [ -97.455011, 32.879631 ], [ -97.455099, 32.879746 ], [ -97.45515, 32.87981 ], [ -97.455172, 32.879839 ], [ -97.455191, 32.879879 ], [ -97.455223, 32.879984 ], [ -97.455229, 32.88 ], [ -97.455303, 32.880195 ], [ -97.455353, 32.880371 ], [ -97.455415, 32.880381 ], [ -97.455558, 32.880494 ], [ -97.45564, 32.880629 ], [ -97.455643, 32.880814 ], [ -97.455617, 32.880923 ], [ -97.455575, 32.881089 ], [ -97.455559, 32.881258 ], [ -97.455444, 32.881723 ], [ -97.455389, 32.881806 ], [ -97.455304, 32.881878 ], [ -97.455186, 32.881957 ], [ -97.455118, 32.881972 ], [ -97.455013, 32.881965 ], [ -97.45489, 32.881947 ], [ -97.454782, 32.881953 ], [ -97.454343, 32.882 ], [ -97.454242, 32.881951 ], [ -97.454118, 32.881859 ], [ -97.45404, 32.88178 ], [ -97.453994, 32.881747 ], [ -97.453818, 32.881749 ], [ -97.453694, 32.881786 ], [ -97.453518, 32.881868 ], [ -97.453387, 32.881913 ], [ -97.453306, 32.881945 ], [ -97.453225, 32.881989 ], [ -97.45314, 32.882056 ], [ -97.453061, 32.882121 ], [ -97.452857, 32.882222 ], [ -97.452589, 32.882204 ], [ -97.452321, 32.882216 ], [ -97.451866, 32.882229 ], [ -97.451742, 32.882234 ], [ -97.451649, 32.882198 ], [ -97.451561, 32.882206 ], [ -97.451508, 32.882254 ], [ -97.45148, 32.882348 ], [ -97.451492, 32.882402 ], [ -97.451499, 32.882555 ], [ -97.451495, 32.882628 ], [ -97.451492, 32.8827 ], [ -97.451473, 32.882762 ], [ -97.451446, 32.88281 ], [ -97.451424, 32.882877 ], [ -97.451382, 32.882928 ], [ -97.451364, 32.882969 ], [ -97.451367, 32.883113 ], [ -97.451386, 32.883135 ], [ -97.451416, 32.88315 ], [ -97.451448, 32.883152 ], [ -97.451485, 32.883166 ], [ -97.451499, 32.883187 ], [ -97.451488, 32.883246 ], [ -97.451464, 32.883273 ], [ -97.451429, 32.883277 ], [ -97.451386, 32.883273 ], [ -97.451353, 32.88329 ], [ -97.451346, 32.883316 ], [ -97.45133, 32.883349 ], [ -97.451365, 32.883381 ], [ -97.451372, 32.8834 ], [ -97.451355, 32.883431 ], [ -97.451311, 32.883454 ], [ -97.45126, 32.883454 ], [ -97.451007, 32.883513 ], [ -97.450851, 32.883547 ], [ -97.450698, 32.883626 ], [ -97.450638, 32.883654 ], [ -97.450512, 32.883699 ], [ -97.450485, 32.883698 ], [ -97.450438, 32.883653 ], [ -97.450387, 32.883581 ], [ -97.450343, 32.883508 ], [ -97.450315, 32.883508 ], [ -97.450294, 32.883522 ], [ -97.450273, 32.883543 ], [ -97.450304, 32.883609 ], [ -97.450352, 32.883661 ], [ -97.450429, 32.883813 ], [ -97.450511, 32.883907 ], [ -97.45055, 32.883964 ], [ -97.450687, 32.884059 ], [ -97.450748, 32.884054 ], [ -97.450813, 32.884029 ], [ -97.450852, 32.884033 ], [ -97.450878, 32.884051 ], [ -97.450889, 32.88413 ], [ -97.450879, 32.884172 ], [ -97.450844, 32.884207 ], [ -97.450839, 32.884251 ], [ -97.450864, 32.884287 ], [ -97.450871, 32.884338 ], [ -97.450853, 32.884394 ], [ -97.450818, 32.884439 ], [ -97.450778, 32.884456 ], [ -97.450734, 32.884489 ], [ -97.450646, 32.884529 ], [ -97.450598, 32.884538 ], [ -97.450574, 32.884546 ], [ -97.450487, 32.884552 ], [ -97.450456, 32.884546 ], [ -97.450408, 32.884507 ], [ -97.450377, 32.884493 ], [ -97.450334, 32.884493 ], [ -97.450294, 32.884507 ], [ -97.450289, 32.884519 ], [ -97.450287, 32.884551 ], [ -97.4502, 32.884534 ], [ -97.450138, 32.88451 ], [ -97.45007, 32.88451 ], [ -97.449992, 32.88454 ], [ -97.449997, 32.884576 ], [ -97.450016, 32.884608 ], [ -97.450047, 32.884632 ], [ -97.450102, 32.884639 ], [ -97.450304, 32.884656 ], [ -97.450487, 32.884711 ], [ -97.450523, 32.884717 ], [ -97.450706, 32.884729 ], [ -97.450856, 32.884734 ], [ -97.451035, 32.884624 ], [ -97.45109, 32.884576 ], [ -97.451152, 32.884489 ], [ -97.451204, 32.884435 ], [ -97.451214, 32.884382 ], [ -97.451218, 32.884318 ], [ -97.451217, 32.8842 ], [ -97.451198, 32.884116 ], [ -97.451236, 32.88398 ], [ -97.451357, 32.883981 ], [ -97.451451, 32.884002 ], [ -97.45166, 32.884005 ], [ -97.451871, 32.883924 ], [ -97.451963, 32.883823 ], [ -97.451999, 32.883766 ], [ -97.452028, 32.883672 ], [ -97.452061, 32.883608 ], [ -97.452123, 32.88355 ], [ -97.452182, 32.883481 ], [ -97.452207, 32.883419 ], [ -97.452256, 32.883383 ], [ -97.452325, 32.883339 ], [ -97.452413, 32.883351 ], [ -97.452669, 32.883465 ], [ -97.452751, 32.883533 ], [ -97.452812, 32.883627 ], [ -97.452889, 32.883795 ], [ -97.452956, 32.883965 ], [ -97.45297, 32.884037 ], [ -97.452973, 32.884081 ], [ -97.453063, 32.884319 ], [ -97.45311, 32.884477 ], [ -97.453168, 32.884585 ], [ -97.45323, 32.884771 ], [ -97.453292, 32.884847 ], [ -97.45336, 32.884921 ], [ -97.453487, 32.884961 ], [ -97.453514, 32.885107 ], [ -97.453526, 32.885178 ], [ -97.453592, 32.885302 ], [ -97.453663, 32.885435 ], [ -97.453674, 32.885546 ], [ -97.453682, 32.885732 ], [ -97.453676, 32.885837 ], [ -97.453655, 32.885928 ], [ -97.453589, 32.886212 ], [ -97.453201, 32.886767 ], [ -97.453097, 32.886848 ], [ -97.452963, 32.886978 ], [ -97.452911, 32.887166 ], [ -97.452941, 32.887327 ], [ -97.452852, 32.887503 ], [ -97.452688, 32.887701 ], [ -97.452391, 32.887858 ], [ -97.452291, 32.887922 ], [ -97.452137, 32.887992 ], [ -97.452117, 32.888002 ], [ -97.451923, 32.888226 ], [ -97.451547, 32.888503 ], [ -97.451258, 32.888818 ], [ -97.451206, 32.888864 ], [ -97.451173, 32.888894 ], [ -97.451089, 32.888962 ], [ -97.451015, 32.888993 ], [ -97.450803, 32.888974 ], [ -97.450745, 32.888893 ], [ -97.450924, 32.888699 ], [ -97.45122, 32.888199 ], [ -97.451238, 32.888094 ], [ -97.451185, 32.88797 ], [ -97.451442, 32.887645 ], [ -97.451461, 32.88736 ], [ -97.451368, 32.88734 ], [ -97.451347, 32.887618 ], [ -97.451063, 32.88797 ], [ -97.451033, 32.887953 ], [ -97.450977, 32.887962 ], [ -97.450916, 32.887983 ], [ -97.450774, 32.888115 ], [ -97.450703, 32.888213 ], [ -97.450653, 32.888302 ], [ -97.450597, 32.888365 ], [ -97.450574, 32.888413 ], [ -97.45055, 32.888439 ], [ -97.450452, 32.888449 ], [ -97.450412, 32.888423 ], [ -97.45038, 32.888338 ], [ -97.450373, 32.888183 ], [ -97.450347, 32.888108 ], [ -97.450252, 32.887927 ], [ -97.450229, 32.887864 ], [ -97.450228, 32.887807 ], [ -97.450227, 32.88775 ], [ -97.450159, 32.887692 ], [ -97.450097, 32.8877 ], [ -97.450079, 32.887744 ], [ -97.450045, 32.88783 ], [ -97.450025, 32.888182 ], [ -97.450021, 32.888194 ], [ -97.449999, 32.888205 ], [ -97.449913, 32.88823 ], [ -97.449883, 32.888243 ], [ -97.449801, 32.888277 ], [ -97.44979, 32.888299 ], [ -97.449762, 32.888296 ], [ -97.449698, 32.888368 ], [ -97.449709, 32.888409 ], [ -97.449849, 32.88861 ], [ -97.449947, 32.888848 ], [ -97.449956, 32.889028 ], [ -97.449913, 32.889198 ], [ -97.449765, 32.889287 ], [ -97.44953, 32.889361 ], [ -97.449428, 32.889476 ], [ -97.449334, 32.889534 ], [ -97.449233, 32.889672 ], [ -97.449197, 32.889728 ], [ -97.449184, 32.889858 ], [ -97.449122, 32.889927 ], [ -97.449027, 32.889964 ], [ -97.449016, 32.890073 ], [ -97.449081, 32.890205 ], [ -97.449099, 32.89029 ], [ -97.449093, 32.890355 ], [ -97.449089, 32.890392 ], [ -97.449122, 32.890452 ], [ -97.449117, 32.890498 ], [ -97.449038, 32.890552 ], [ -97.448865, 32.890605 ], [ -97.448673, 32.890613 ], [ -97.44848, 32.890625 ], [ -97.448269, 32.89061 ], [ -97.448237, 32.890608 ], [ -97.448145, 32.890622 ], [ -97.448063, 32.890628 ], [ -97.447977, 32.890617 ], [ -97.447868, 32.890572 ], [ -97.44771, 32.89047 ], [ -97.447584, 32.890391 ], [ -97.447502, 32.890298 ], [ -97.447388, 32.890228 ], [ -97.447264, 32.890178 ], [ -97.447104, 32.890108 ], [ -97.446945, 32.890008 ], [ -97.446896, 32.889947 ], [ -97.446814, 32.889809 ], [ -97.446731, 32.889977 ], [ -97.446725, 32.889988 ], [ -97.446711, 32.890015 ], [ -97.446698, 32.890026 ], [ -97.446658, 32.890076 ], [ -97.44663, 32.890132 ], [ -97.446574, 32.890185 ], [ -97.446382, 32.890306 ], [ -97.446114, 32.890475 ], [ -97.445645, 32.890633 ], [ -97.445329, 32.8908 ], [ -97.445226, 32.890822 ], [ -97.445078, 32.89083 ], [ -97.444952, 32.890862 ], [ -97.444833, 32.890846 ], [ -97.444635, 32.890847 ], [ -97.444371, 32.890781 ], [ -97.444303, 32.890798 ], [ -97.444289, 32.890762 ], [ -97.444181, 32.890715 ], [ -97.444058, 32.890697 ], [ -97.443977, 32.8907 ], [ -97.443876, 32.89069 ], [ -97.443732, 32.89064 ], [ -97.443635, 32.890552 ], [ -97.443514, 32.890488 ], [ -97.443466, 32.890493 ], [ -97.443433, 32.890467 ], [ -97.44339, 32.890433 ], [ -97.443359, 32.89041 ], [ -97.443208, 32.890296 ], [ -97.44308, 32.890223 ], [ -97.442806, 32.890091 ], [ -97.442538, 32.890027 ], [ -97.442264, 32.889978 ], [ -97.44213, 32.889949 ], [ -97.441967, 32.889963 ], [ -97.441882, 32.889966 ], [ -97.441641, 32.890241 ], [ -97.441514, 32.890348 ], [ -97.441445, 32.890496 ], [ -97.441409, 32.89067 ], [ -97.441387, 32.890748 ], [ -97.441217, 32.890826 ], [ -97.441171, 32.890948 ], [ -97.441172, 32.891077 ], [ -97.44121, 32.891187 ], [ -97.441211, 32.89129 ], [ -97.441174, 32.891528 ], [ -97.441175, 32.891645 ], [ -97.441136, 32.891812 ], [ -97.441083, 32.891897 ], [ -97.440976, 32.891973 ], [ -97.440874, 32.892051 ], [ -97.440822, 32.89209 ], [ -97.440699, 32.892147 ], [ -97.440562, 32.892205 ], [ -97.440454, 32.892219 ], [ -97.440372, 32.892224 ], [ -97.440197, 32.892271 ], [ -97.44002, 32.892323 ], [ -97.439821, 32.892406 ], [ -97.439662, 32.892445 ], [ -97.439486, 32.892439 ], [ -97.439407, 32.892452 ], [ -97.439265, 32.89249 ], [ -97.439134, 32.892445 ], [ -97.439072, 32.892355 ], [ -97.439095, 32.892252 ], [ -97.439113, 32.892227 ], [ -97.439181, 32.892124 ], [ -97.43922, 32.892026 ], [ -97.439212, 32.891952 ], [ -97.43921, 32.891936 ], [ -97.439151, 32.891865 ], [ -97.439073, 32.891859 ], [ -97.439005, 32.891878 ], [ -97.439133, 32.891962 ], [ -97.439106, 32.892077 ], [ -97.439044, 32.892174 ], [ -97.438947, 32.892264 ], [ -97.438887, 32.892291 ], [ -97.438829, 32.892393 ], [ -97.438846, 32.892485 ], [ -97.438905, 32.892555 ], [ -97.439044, 32.892589 ], [ -97.439126, 32.892587 ], [ -97.439242, 32.892626 ], [ -97.439327, 32.892678 ], [ -97.439373, 32.892696 ], [ -97.43947, 32.892696 ], [ -97.439494, 32.892645 ], [ -97.439493, 32.892575 ], [ -97.43954, 32.892578 ], [ -97.439627, 32.892604 ], [ -97.439708, 32.892598 ], [ -97.439784, 32.892569 ], [ -97.439831, 32.89253 ], [ -97.439856, 32.892525 ], [ -97.439967, 32.892505 ], [ -97.440031, 32.892477 ], [ -97.440105, 32.892465 ], [ -97.440226, 32.892399 ], [ -97.440311, 32.89238 ], [ -97.440409, 32.892374 ], [ -97.44047, 32.89239 ], [ -97.440494, 32.892422 ], [ -97.440515, 32.892461 ], [ -97.440491, 32.892509 ], [ -97.440425, 32.892581 ], [ -97.440333, 32.892632 ], [ -97.440458, 32.892634 ], [ -97.440568, 32.892626 ], [ -97.44068, 32.892609 ], [ -97.440868, 32.892516 ], [ -97.440946, 32.892465 ], [ -97.441128, 32.892316 ], [ -97.441259, 32.892195 ], [ -97.441306, 32.8921 ], [ -97.44134, 32.892038 ], [ -97.441441, 32.891774 ], [ -97.441455, 32.8916 ], [ -97.441435, 32.891523 ], [ -97.441438, 32.89127 ], [ -97.441461, 32.891174 ], [ -97.441546, 32.891051 ], [ -97.441637, 32.890974 ], [ -97.441745, 32.890918 ], [ -97.44181, 32.890875 ], [ -97.441878, 32.890827 ], [ -97.441937, 32.890776 ], [ -97.442006, 32.890703 ], [ -97.442051, 32.890644 ], [ -97.442136, 32.890596 ], [ -97.442195, 32.890582 ], [ -97.442297, 32.890595 ], [ -97.442348, 32.890637 ], [ -97.442395, 32.890718 ], [ -97.442378, 32.890795 ], [ -97.442346, 32.890881 ], [ -97.442416, 32.890956 ], [ -97.442905, 32.891274 ], [ -97.443132, 32.891396 ], [ -97.443326, 32.891471 ], [ -97.443628, 32.891504 ], [ -97.444006, 32.891485 ], [ -97.44414, 32.891535 ], [ -97.444233, 32.891581 ], [ -97.444286, 32.891631 ], [ -97.444309, 32.891763 ], [ -97.444364, 32.89176 ], [ -97.444393, 32.891691 ], [ -97.44442, 32.891675 ], [ -97.444512, 32.891645 ], [ -97.44468, 32.891694 ], [ -97.444797, 32.891719 ], [ -97.44498, 32.8917 ], [ -97.445058, 32.891694 ], [ -97.445251, 32.891676 ], [ -97.445373, 32.891662 ], [ -97.44541, 32.891657 ], [ -97.445476, 32.891726 ], [ -97.445673, 32.891984 ], [ -97.445726, 32.892043 ], [ -97.445796, 32.892057 ], [ -97.445873, 32.89208 ], [ -97.446181, 32.892086 ], [ -97.446287, 32.892097 ], [ -97.446391, 32.89212 ], [ -97.446461, 32.892145 ], [ -97.446501, 32.892173 ], [ -97.446542, 32.892218 ], [ -97.446525, 32.892277 ], [ -97.446496, 32.892336 ], [ -97.446434, 32.892373 ], [ -97.446004, 32.892882 ], [ -97.445812, 32.893075 ], [ -97.445537, 32.893316 ], [ -97.445402, 32.893456 ], [ -97.445324, 32.893526 ], [ -97.445291, 32.893585 ], [ -97.445378, 32.893684 ], [ -97.44582, 32.894084 ], [ -97.446635, 32.894848 ], [ -97.4467, 32.894892 ], [ -97.446766, 32.894961 ], [ -97.44679, 32.894996 ], [ -97.446774, 32.895044 ], [ -97.446708, 32.895099 ], [ -97.446635, 32.895125 ], [ -97.446544, 32.895179 ], [ -97.44652, 32.895193 ], [ -97.446483, 32.895215 ], [ -97.44638, 32.895285 ], [ -97.446283, 32.89537 ], [ -97.446234, 32.895432 ], [ -97.44625, 32.895508 ], [ -97.446283, 32.895598 ], [ -97.446376, 32.895718 ], [ -97.446394, 32.895735 ], [ -97.446491, 32.895825 ], [ -97.446553, 32.895856 ], [ -97.44661, 32.895908 ], [ -97.446676, 32.895949 ], [ -97.446749, 32.895949 ], [ -97.446828, 32.895995 ], [ -97.447047, 32.896055 ], [ -97.447212, 32.89618 ], [ -97.447681, 32.896535 ], [ -97.447792, 32.896644 ], [ -97.447775, 32.896594 ], [ -97.44755, 32.896305 ], [ -97.446977, 32.895838 ], [ -97.448196, 32.894882 ], [ -97.447962, 32.89483 ], [ -97.447982, 32.894626 ], [ -97.447796, 32.894312 ], [ -97.447299, 32.893815 ], [ -97.44696, 32.893583 ], [ -97.446627, 32.893237 ], [ -97.446867, 32.893315 ], [ -97.447327, 32.893297 ], [ -97.447454, 32.893361 ], [ -97.447582, 32.893314 ], [ -97.447543, 32.893137 ], [ -97.447582, 32.893074 ], [ -97.447745, 32.893041 ], [ -97.44794, 32.89287 ], [ -97.448175, 32.892744 ], [ -97.448308, 32.892705 ], [ -97.448508, 32.892771 ], [ -97.448688, 32.892685 ], [ -97.448945, 32.892679 ], [ -97.449118, 32.892786 ], [ -97.44937, 32.893806 ], [ -97.449458, 32.893585 ], [ -97.4497, 32.8933 ], [ -97.449799, 32.893214 ], [ -97.449771, 32.893066 ], [ -97.449769, 32.893056 ], [ -97.44978, 32.892751 ], [ -97.450443, 32.892217 ], [ -97.450593, 32.892174 ], [ -97.450931, 32.892596 ], [ -97.450979, 32.892583 ], [ -97.45095, 32.892418 ], [ -97.451006, 32.892168 ], [ -97.451139, 32.892015 ], [ -97.451302, 32.891932 ], [ -97.451543, 32.891527 ], [ -97.451796, 32.89133 ], [ -97.452403, 32.891169 ], [ -97.452905, 32.89125 ], [ -97.45305, 32.891418 ], [ -97.453073, 32.891495 ], [ -97.453126, 32.891545 ], [ -97.453245, 32.891589 ], [ -97.453474, 32.891817 ], [ -97.453589, 32.891925 ], [ -97.453727, 32.892065 ], [ -97.453813, 32.892181 ], [ -97.45397, 32.892438 ], [ -97.454047, 32.892614 ], [ -97.454161, 32.89291 ], [ -97.454152, 32.892978 ], [ -97.454114, 32.893011 ], [ -97.454085, 32.893026 ], [ -97.454004, 32.893034 ], [ -97.453961, 32.893047 ], [ -97.453913, 32.893095 ], [ -97.453808, 32.893158 ], [ -97.453775, 32.893211 ], [ -97.453803, 32.893343 ], [ -97.453808, 32.893439 ], [ -97.453837, 32.893687 ], [ -97.453975, 32.893892 ], [ -97.454018, 32.893976 ], [ -97.454029, 32.894041 ], [ -97.454069, 32.894106 ], [ -97.454047, 32.894186 ], [ -97.454049, 32.894259 ], [ -97.453954, 32.894544 ], [ -97.453873, 32.894734 ], [ -97.45381, 32.894771 ], [ -97.453668, 32.894953 ], [ -97.453548, 32.895127 ], [ -97.453539, 32.895157 ], [ -97.453391, 32.895407 ], [ -97.453237, 32.895546 ], [ -97.453131, 32.895667 ], [ -97.453139, 32.895686 ], [ -97.453167, 32.895704 ], [ -97.453223, 32.895711 ], [ -97.453284, 32.895675 ], [ -97.4534, 32.895604 ], [ -97.453419, 32.895587 ], [ -97.453538, 32.895499 ], [ -97.453663, 32.895403 ], [ -97.45375, 32.895386 ], [ -97.453784, 32.895403 ], [ -97.453875, 32.895464 ], [ -97.453906, 32.89555 ], [ -97.454004, 32.895823 ], [ -97.45409, 32.895927 ], [ -97.454099, 32.896102 ], [ -97.454414, 32.896468 ], [ -97.454839, 32.896776 ], [ -97.454911, 32.89692 ], [ -97.455106, 32.897444 ], [ -97.455099, 32.89773 ], [ -97.455204, 32.897747 ], [ -97.455304, 32.897734 ], [ -97.455344, 32.897892 ], [ -97.455346, 32.897938 ], [ -97.455503, 32.89816 ], [ -97.455289, 32.898138 ], [ -97.455288, 32.898174 ], [ -97.455271, 32.898173 ], [ -97.45528, 32.898269 ], [ -97.455282, 32.898413 ], [ -97.45528, 32.898533 ], [ -97.455222, 32.901064 ], [ -97.455123, 32.905373 ], [ -97.45524, 32.907751 ], [ -97.454948, 32.907749 ], [ -97.44896, 32.9077 ], [ -97.448979, 32.906037 ], [ -97.447777, 32.906031 ], [ -97.447765, 32.907203 ], [ -97.447752, 32.907748 ], [ -97.444448, 32.907693 ], [ -97.444487, 32.9072 ], [ -97.444939, 32.906328 ], [ -97.444949, 32.905308 ], [ -97.44496, 32.905286 ], [ -97.444964, 32.90527 ], [ -97.445067, 32.904804 ], [ -97.44511, 32.904527 ], [ -97.445455, 32.904093 ], [ -97.445975, 32.903442 ], [ -97.446478, 32.902812 ], [ -97.446798, 32.902448 ], [ -97.446798, 32.902299 ], [ -97.446705, 32.901981 ], [ -97.44665, 32.901881 ], [ -97.446641, 32.901833 ], [ -97.446468, 32.901616 ], [ -97.446366, 32.901131 ], [ -97.446421, 32.901038 ], [ -97.446371, 32.900958 ], [ -97.44637, 32.900929 ], [ -97.446363, 32.900673 ], [ -97.446385, 32.900624 ], [ -97.446427, 32.900528 ], [ -97.446054, 32.900371 ], [ -97.446005, 32.900351 ], [ -97.446009, 32.900341 ], [ -97.445915, 32.900306 ], [ -97.445791, 32.90026 ], [ -97.445791, 32.900068 ], [ -97.44579, 32.899849 ], [ -97.44582, 32.898722 ], [ -97.445995, 32.898627 ], [ -97.446204, 32.898512 ], [ -97.446387, 32.898412 ], [ -97.446588, 32.898302 ], [ -97.44774, 32.898006 ], [ -97.447548, 32.897862 ], [ -97.447472, 32.897792 ], [ -97.446915, 32.897268 ], [ -97.446474, 32.896551 ], [ -97.446385, 32.896412 ], [ -97.446432, 32.896394 ], [ -97.446392, 32.896294 ], [ -97.446306, 32.89633 ], [ -97.445819, 32.895411 ], [ -97.445575, 32.89505 ], [ -97.445393, 32.894841 ], [ -97.445256, 32.894706 ], [ -97.445081, 32.894563 ], [ -97.444949, 32.894455 ], [ -97.444777, 32.894338 ], [ -97.444575, 32.894239 ], [ -97.444122, 32.893985 ], [ -97.443724, 32.893825 ], [ -97.443235, 32.89372 ], [ -97.44253, 32.893687 ], [ -97.442369, 32.89812 ], [ -97.442348, 32.901209 ], [ -97.44233, 32.902286 ], [ -97.439529, 32.902264 ], [ -97.436837, 32.902243 ], [ -97.433445, 32.902216 ], [ -97.43345, 32.902316 ], [ -97.433434, 32.907457 ], [ -97.439207, 32.908616 ], [ -97.443018, 32.908654 ], [ -97.444101, 32.908655 ], [ -97.444726, 32.908672 ], [ -97.444723, 32.908899 ], [ -97.449303, 32.908969 ], [ -97.455245, 32.90906 ], [ -97.455251, 32.909596 ], [ -97.455264, 32.910807 ], [ -97.455283, 32.910865 ], [ -97.45527, 32.911295 ], [ -97.455171, 32.914895 ], [ -97.455176, 32.915003 ], [ -97.455121, 32.916347 ], [ -97.454999, 32.919327 ], [ -97.4549, 32.921745 ], [ -97.454866, 32.922711 ], [ -97.45483, 32.923769 ], [ -97.455236, 32.923707 ], [ -97.455281, 32.922214 ], [ -97.456405, 32.922231 ], [ -97.456446, 32.920366 ], [ -97.455334, 32.920347 ], [ -97.455502, 32.911253 ], [ -97.456868, 32.911262 ], [ -97.456898, 32.909826 ], [ -97.458421, 32.909841 ], [ -97.460357, 32.909861 ], [ -97.460347, 32.910998 ], [ -97.460342, 32.911526 ], [ -97.46091, 32.91153 ], [ -97.460913, 32.911333 ], [ -97.460938, 32.909867 ], [ -97.466355, 32.909886 ], [ -97.466449, 32.909885 ], [ -97.46671, 32.910792 ], [ -97.466753, 32.910939 ], [ -97.466834, 32.911215 ], [ -97.467209, 32.912511 ], [ -97.467459, 32.9134 ], [ -97.467905, 32.915035 ], [ -97.468155, 32.915968 ], [ -97.467766, 32.916046 ], [ -97.467216, 32.916142 ], [ -97.466698, 32.916232 ], [ -97.465831, 32.916431 ], [ -97.465691, 32.916474 ], [ -97.4649, 32.916722 ], [ -97.464216, 32.916998 ], [ -97.463586, 32.917343 ], [ -97.463102, 32.917657 ], [ -97.462628, 32.917994 ], [ -97.461917, 32.918661 ], [ -97.458654, 32.921722 ], [ -97.457823, 32.922488 ], [ -97.457349, 32.922902 ], [ -97.456984, 32.92317 ], [ -97.4566, 32.923392 ], [ -97.456281, 32.923522 ], [ -97.455998, 32.923645 ], [ -97.455724, 32.923737 ], [ -97.455603, 32.923764 ], [ -97.45545, 32.923797 ], [ -97.455058, 32.923875 ], [ -97.454812, 32.923927 ], [ -97.454671, 32.923948 ], [ -97.454538, 32.923966 ], [ -97.454291, 32.923982 ], [ -97.453075, 32.924006 ], [ -97.452014, 32.924 ], [ -97.451581, 32.923997 ], [ -97.449117, 32.923982 ], [ -97.448696, 32.923979 ], [ -97.447254, 32.923972 ], [ -97.445784, 32.923966 ], [ -97.443138, 32.923973 ], [ -97.442059, 32.923977 ], [ -97.439049, 32.923977 ], [ -97.43903, 32.923699 ], [ -97.438012, 32.923688 ], [ -97.436868, 32.923699 ], [ -97.433388, 32.923701 ], [ -97.429973, 32.923702 ], [ -97.429303, 32.923716 ], [ -97.428333, 32.923725 ], [ -97.42758, 32.923775 ], [ -97.426909, 32.92386 ], [ -97.426384, 32.923974 ], [ -97.425806, 32.924099 ], [ -97.42517, 32.924222 ], [ -97.424653, 32.924314 ], [ -97.424552, 32.924333 ], [ -97.424098, 32.924379 ], [ -97.423875, 32.924403 ], [ -97.423197, 32.924404 ], [ -97.422594, 32.924407 ], [ -97.422397, 32.924408 ], [ -97.421553, 32.924412 ], [ -97.421565, 32.923702 ], [ -97.421591, 32.922655 ], [ -97.421633, 32.919637 ], [ -97.4217, 32.917572 ], [ -97.41818, 32.917976 ], [ -97.414275, 32.918423 ], [ -97.413393, 32.918525 ], [ -97.409322, 32.918991 ], [ -97.409213, 32.919006 ], [ -97.409395, 32.919392 ], [ -97.409849, 32.920262 ], [ -97.410854, 32.922219 ], [ -97.410853, 32.922322 ], [ -97.411245, 32.923054 ], [ -97.411619, 32.923744 ], [ -97.411688, 32.923886 ], [ -97.41152, 32.923937 ], [ -97.411166, 32.924115 ], [ -97.411131, 32.924129 ], [ -97.410911, 32.924221 ], [ -97.410698, 32.924307 ], [ -97.41052, 32.92438 ], [ -97.410375, 32.924438 ], [ -97.410249, 32.924478 ], [ -97.410157, 32.924502 ], [ -97.410039, 32.924512 ], [ -97.408593, 32.924497 ], [ -97.408206, 32.924472 ], [ -97.408108, 32.924464 ], [ -97.408042, 32.924459 ], [ -97.407688, 32.924433 ], [ -97.40669, 32.922958 ], [ -97.404614, 32.919892 ], [ -97.402717, 32.919877 ], [ -97.396785, 32.919831 ], [ -97.391955, 32.919792 ], [ -97.388664, 32.919766 ], [ -97.388659, 32.919486 ], [ -97.388658, 32.919382 ], [ -97.388628, 32.917446 ], [ -97.388575, 32.914334 ], [ -97.388087, 32.914349 ], [ -97.388077, 32.91375 ], [ -97.386276, 32.913719 ], [ -97.377553, 32.913676 ], [ -97.374835, 32.913677 ], [ -97.374835, 32.913788 ], [ -97.374843, 32.915773 ], [ -97.374821, 32.917679 ], [ -97.374816, 32.918193 ], [ -97.374814, 32.919086 ], [ -97.3748, 32.919975 ], [ -97.374799, 32.920085 ], [ -97.374816, 32.92201 ], [ -97.374803, 32.922159 ], [ -97.37479, 32.922328 ], [ -97.37479, 32.922974 ], [ -97.374781, 32.924289 ], [ -97.374781, 32.924425 ], [ -97.373925, 32.924433 ], [ -97.373261, 32.924428 ], [ -97.372832, 32.924425 ], [ -97.37282, 32.925139 ], [ -97.372819, 32.925207 ], [ -97.374137, 32.925214 ], [ -97.374781, 32.925217 ], [ -97.374781, 32.925447 ], [ -97.374782, 32.925618 ], [ -97.374787, 32.926755 ], [ -97.37476, 32.928302 ], [ -97.374711, 32.931128 ], [ -97.374696, 32.931994 ], [ -97.374684, 32.932685 ], [ -97.382297, 32.932736 ], [ -97.390353, 32.932791 ], [ -97.391868, 32.932801 ], [ -97.39187, 32.930501 ], [ -97.391859, 32.928197 ], [ -97.391856, 32.924858 ], [ -97.391856, 32.92453 ], [ -97.391991, 32.924531 ], [ -97.394164, 32.924546 ], [ -97.398276, 32.924577 ], [ -97.398885, 32.924568 ], [ -97.400354, 32.924549 ], [ -97.400665, 32.924545 ], [ -97.400661, 32.925605 ], [ -97.400642, 32.931552 ], [ -97.400624, 32.937299 ], [ -97.404146, 32.937334 ], [ -97.404182, 32.938011 ], [ -97.404176, 32.939583 ], [ -97.404564, 32.939551 ], [ -97.407021, 32.939598 ], [ -97.409063, 32.939638 ], [ -97.409055, 32.940448 ], [ -97.409086, 32.946538 ], [ -97.409102, 32.949845 ], [ -97.409211, 32.950033 ], [ -97.409316, 32.950147 ], [ -97.409525, 32.950299 ], [ -97.409775, 32.950409 ], [ -97.410026, 32.95044 ], [ -97.415756, 32.950379 ], [ -97.415859, 32.950243 ], [ -97.416082, 32.950243 ], [ -97.415877, 32.950465 ], [ -97.41176, 32.954958 ], [ -97.409464, 32.957471 ], [ -97.409569, 32.957472 ], [ -97.412912, 32.957469 ], [ -97.420721, 32.957465 ], [ -97.423401, 32.957463 ], [ -97.4237, 32.957463 ], [ -97.423693, 32.95759 ], [ -97.4236, 32.959368 ], [ -97.423599, 32.959403 ], [ -97.423283, 32.965414 ], [ -97.423279, 32.96576 ], [ -97.423338, 32.966181 ], [ -97.423366, 32.966385 ], [ -97.423418, 32.966715 ], [ -97.423527, 32.967093 ], [ -97.423628, 32.967506 ], [ -97.423696, 32.967743 ], [ -97.423475, 32.96776 ], [ -97.42325, 32.967781 ], [ -97.4225, 32.967846 ], [ -97.421627, 32.967921 ], [ -97.421011, 32.967882 ], [ -97.420539, 32.967864 ], [ -97.420518, 32.967863 ], [ -97.420236, 32.967873 ], [ -97.419697, 32.967893 ], [ -97.418866, 32.967876 ], [ -97.418491, 32.967876 ], [ -97.418331, 32.967878 ], [ -97.418162, 32.96789 ], [ -97.417398, 32.967907 ], [ -97.41704, 32.967898 ], [ -97.416815, 32.96789 ], [ -97.41525, 32.967868 ], [ -97.415114, 32.967864 ], [ -97.415209, 32.967975 ], [ -97.415902, 32.968707 ], [ -97.414245, 32.968999 ], [ -97.413081, 32.968997 ], [ -97.412895, 32.969023 ], [ -97.412242, 32.969013 ], [ -97.410591, 32.969021 ], [ -97.410393, 32.969022 ], [ -97.410394, 32.969036 ], [ -97.410198, 32.969035 ], [ -97.410203, 32.968934 ], [ -97.409881, 32.968932 ], [ -97.409872, 32.969035 ], [ -97.408541, 32.969034 ], [ -97.408411, 32.969034 ], [ -97.408281, 32.969034 ], [ -97.406428, 32.969032 ], [ -97.406129, 32.969029 ], [ -97.406127, 32.969268 ], [ -97.405908, 32.969269 ], [ -97.40591, 32.96964 ], [ -97.405437, 32.969641 ], [ -97.405435, 32.969086 ], [ -97.405434, 32.969037 ], [ -97.405436, 32.969025 ], [ -97.404131, 32.969016 ], [ -97.40398, 32.969016 ], [ -97.403581, 32.96901 ], [ -97.403577, 32.968898 ], [ -97.403585, 32.968797 ], [ -97.403517, 32.967845 ], [ -97.403443, 32.966812 ], [ -97.403426, 32.966483 ], [ -97.403415, 32.966239 ], [ -97.40348, 32.965883 ], [ -97.403549, 32.965525 ], [ -97.403561, 32.96546 ], [ -97.403681, 32.965046 ], [ -97.403768, 32.964761 ], [ -97.403894, 32.964415 ], [ -97.403741, 32.964412 ], [ -97.403495, 32.964405 ], [ -97.403015, 32.964394 ], [ -97.402806, 32.964389 ], [ -97.402803, 32.964346 ], [ -97.402738, 32.963682 ], [ -97.402746, 32.963059 ], [ -97.402748, 32.962898 ], [ -97.402817, 32.958118 ], [ -97.40227, 32.957755 ], [ -97.401696, 32.957375 ], [ -97.399164, 32.957364 ], [ -97.399243, 32.962399 ], [ -97.399244, 32.962504 ], [ -97.399345, 32.968891 ], [ -97.398753, 32.968907 ], [ -97.398007, 32.968928 ], [ -97.398005, 32.969332 ], [ -97.398003, 32.969854 ], [ -97.397318, 32.969883 ], [ -97.397193, 32.969875 ], [ -97.397187, 32.970384 ], [ -97.397305, 32.970483 ], [ -97.397492, 32.970487 ], [ -97.397492, 32.970501 ], [ -97.397492, 32.974101 ], [ -97.397492, 32.974151 ], [ -97.397454, 32.974409 ], [ -97.397435, 32.974428 ], [ -97.397436, 32.974657 ], [ -97.397437, 32.974749 ], [ -97.397979, 32.974758 ], [ -97.397973, 32.974901 ], [ -97.397434, 32.974894 ], [ -97.397013, 32.975081 ], [ -97.396776, 32.975191 ], [ -97.396738, 32.977185 ], [ -97.396734, 32.977427 ], [ -97.397956, 32.977442 ], [ -97.39795, 32.978041 ], [ -97.397943, 32.978833 ], [ -97.397953, 32.979235 ], [ -97.397957, 32.979644 ], [ -97.397954, 32.980493 ], [ -97.397957, 32.980936 ], [ -97.397963, 32.98158 ], [ -97.397957, 32.981959 ], [ -97.397948, 32.982611 ], [ -97.397948, 32.982643 ], [ -97.397952, 32.98366 ], [ -97.397956, 32.984533 ], [ -97.397942, 32.984596 ], [ -97.397816, 32.984803 ], [ -97.397304, 32.985495 ], [ -97.397201, 32.985638 ], [ -97.397203, 32.987919 ], [ -97.397204, 32.990154 ], [ -97.397204, 32.990193 ], [ -97.397205, 32.990388 ], [ -97.397205, 32.990398 ], [ -97.397205, 32.99043 ], [ -97.397205, 32.990747 ], [ -97.397206, 32.991036 ], [ -97.397209, 32.991724 ], [ -97.397212, 32.992226 ], [ -97.397212, 32.992254 ], [ -97.397217, 32.997193 ], [ -97.397196, 32.999958 ], [ -97.398265, 32.999963 ], [ -97.400336, 32.999974 ], [ -97.401596, 32.999999 ], [ -97.401621, 33.001674 ], [ -97.401551, 33.001674 ], [ -97.401617, 33.003581 ], [ -97.407075, 33.003643 ], [ -97.407048, 33.006941 ], [ -97.41118, 33.006716 ], [ -97.411294, 33.00661 ], [ -97.411168, 33.002414 ], [ -97.411659, 33.002419 ], [ -97.420779, 33.002481 ], [ -97.420837, 33.002551 ], [ -97.41166, 33.002485 ], [ -97.411252, 33.002484 ], [ -97.411278, 33.00337 ], [ -97.411362, 33.006148 ], [ -97.411376, 33.006636 ], [ -97.411289, 33.006711 ], [ -97.411237, 33.009938 ], [ -97.411332, 33.013116 ], [ -97.399469, 33.013227 ], [ -97.397919, 33.013242 ], [ -97.397199, 33.013249 ], [ -97.393652, 33.013256 ], [ -97.393243, 33.013246 ], [ -97.382288, 33.013001 ], [ -97.382077, 33.013014 ], [ -97.381775, 33.013019 ], [ -97.381885, 33.012973 ], [ -97.381999, 33.012864 ], [ -97.382038, 33.012794 ], [ -97.382053, 33.0127 ], [ -97.382061, 33.009763 ], [ -97.382062, 33.009473 ], [ -97.382074, 33.008201 ], [ -97.382059, 33.006372 ], [ -97.382066, 33.005527 ], [ -97.382066, 33.005477 ], [ -97.382082, 33.003307 ], [ -97.382053, 33.002756 ], [ -97.382058, 33.002657 ], [ -97.382047, 33.002642 ], [ -97.382071, 33.000687 ], [ -97.382058, 33.000534 ], [ -97.382039, 33.000284 ], [ -97.381442, 33.000286 ], [ -97.37962, 33.000287 ], [ -97.378046, 33.000273 ], [ -97.377945, 33.000273 ], [ -97.37747, 33.000275 ], [ -97.376382, 33.000279 ], [ -97.37454, 33.000287 ], [ -97.372291, 33.000318 ], [ -97.37213, 33.000331 ], [ -97.364199, 33.000258 ], [ -97.359058, 33.000209 ], [ -97.359057, 33.000414 ], [ -97.358997, 33.004524 ], [ -97.358986, 33.004721 ], [ -97.358976, 33.004848 ], [ -97.35896, 33.004975 ], [ -97.358938, 33.005102 ], [ -97.358995, 33.005109 ], [ -97.35899, 33.005474 ], [ -97.358942, 33.005612 ], [ -97.358813, 33.00555 ], [ -97.358614, 33.006159 ], [ -97.358966, 33.006117 ], [ -97.358991, 33.006201 ], [ -97.35899, 33.006238 ], [ -97.358542, 33.006375 ], [ -97.358408, 33.006787 ], [ -97.358365, 33.006908 ], [ -97.358318, 33.007027 ], [ -97.358266, 33.007144 ], [ -97.358209, 33.007259 ], [ -97.358147, 33.007371 ], [ -97.358081, 33.007481 ], [ -97.358118, 33.007498 ], [ -97.357925, 33.007727 ], [ -97.357846, 33.007808 ], [ -97.357716, 33.007974 ], [ -97.356557, 33.009345 ], [ -97.356476, 33.00946 ], [ -97.356401, 33.009578 ], [ -97.356331, 33.0097 ], [ -97.356268, 33.009825 ], [ -97.356211, 33.009953 ], [ -97.35616, 33.010083 ], [ -97.356116, 33.010216 ], [ -97.356078, 33.010351 ], [ -97.356047, 33.010488 ], [ -97.355795, 33.012473 ], [ -97.355826, 33.01257 ], [ -97.356, 33.012785 ], [ -97.355925, 33.012811 ], [ -97.355993, 33.012934 ], [ -97.356067, 33.013053 ], [ -97.356146, 33.013168 ], [ -97.356232, 33.013279 ], [ -97.356322, 33.013386 ], [ -97.356418, 33.013488 ], [ -97.356519, 33.013586 ], [ -97.356625, 33.013678 ], [ -97.356735, 33.013765 ], [ -97.356849, 33.013846 ], [ -97.356968, 33.013921 ], [ -97.357229, 33.014053 ], [ -97.357566, 33.014233 ], [ -97.355568, 33.01348 ], [ -97.355299, 33.01336 ], [ -97.355, 33.013117 ], [ -97.354872, 33.012991 ], [ -97.354731, 33.013572 ], [ -97.354492, 33.014769 ], [ -97.353906, 33.017693 ], [ -97.353847, 33.018003 ], [ -97.353599, 33.019231 ], [ -97.35357, 33.020368 ], [ -97.35327, 33.020346 ], [ -97.353016, 33.020342 ], [ -97.352979, 33.01188 ], [ -97.352929, 33.011783 ], [ -97.351922, 33.009666 ], [ -97.350662, 33.007027 ], [ -97.350665, 33.005558 ], [ -97.350666, 33.005166 ], [ -97.35005, 33.005156 ], [ -97.34682, 33.005104 ], [ -97.346561, 33.005089 ], [ -97.346583, 33.005379 ], [ -97.346596, 33.005483 ], [ -97.346616, 33.005586 ], [ -97.346643, 33.005688 ], [ -97.346677, 33.005788 ], [ -97.346718, 33.005887 ], [ -97.346923, 33.006201 ], [ -97.348356, 33.008147 ], [ -97.348354, 33.00817 ], [ -97.348334, 33.008395 ], [ -97.348309, 33.010137 ], [ -97.346042, 33.012706 ], [ -97.344318, 33.01466 ], [ -97.343994, 33.014917 ], [ -97.344709, 33.015457 ], [ -97.344769, 33.015509 ], [ -97.344841, 33.015561 ], [ -97.344917, 33.015609 ], [ -97.344997, 33.015653 ], [ -97.345079, 33.015692 ], [ -97.34506, 33.015716 ], [ -97.345169, 33.015754 ], [ -97.34528, 33.015786 ], [ -97.345394, 33.015811 ], [ -97.345509, 33.01583 ], [ -97.345629, 33.01585 ], [ -97.345746, 33.015876 ], [ -97.345841, 33.015903 ], [ -97.345948, 33.01594 ], [ -97.346051, 33.015983 ], [ -97.34615, 33.016031 ], [ -97.346245, 33.016085 ], [ -97.346336, 33.016143 ], [ -97.346422, 33.016207 ], [ -97.346503, 33.016276 ], [ -97.346579, 33.016348 ], [ -97.346654, 33.016431 ], [ -97.346669, 33.01644 ], [ -97.346687, 33.016446 ], [ -97.346694, 33.016455 ], [ -97.346712, 33.016456 ], [ -97.346725, 33.016455 ], [ -97.346738, 33.016451 ], [ -97.347012, 33.016314 ], [ -97.347114, 33.016267 ], [ -97.34722, 33.016225 ], [ -97.347329, 33.01619 ], [ -97.347441, 33.016161 ], [ -97.347554, 33.016139 ], [ -97.34767, 33.016123 ], [ -97.347786, 33.016114 ], [ -97.347903, 33.016111 ], [ -97.350096, 33.016129 ], [ -97.350433, 33.016597 ], [ -97.350394, 33.019628 ], [ -97.352198, 33.019644 ], [ -97.352175, 33.02139 ], [ -97.352173, 33.021636 ], [ -97.352154, 33.023094 ], [ -97.352141, 33.024086 ], [ -97.351876, 33.024602 ], [ -97.351186, 33.025996 ], [ -97.351024, 33.026046 ], [ -97.350959, 33.026162 ], [ -97.350838, 33.026366 ], [ -97.350709, 33.026568 ], [ -97.350573, 33.026766 ], [ -97.350429, 33.026961 ], [ -97.350278, 33.027152 ], [ -97.350121, 33.027339 ], [ -97.349956, 33.027522 ], [ -97.349785, 33.0277 ], [ -97.349818, 33.027717 ], [ -97.34959, 33.027921 ], [ -97.349492, 33.028005 ], [ -97.346178, 33.030848 ], [ -97.346171, 33.03105 ], [ -97.345256, 33.031835 ], [ -97.345317, 33.03188 ], [ -97.342053, 33.034677 ], [ -97.341852, 33.034755 ], [ -97.34116, 33.035243 ], [ -97.34026, 33.035876 ], [ -97.333845, 33.041214 ], [ -97.332438, 33.042397 ], [ -97.331785, 33.042958 ], [ -97.331129, 33.043523 ], [ -97.329769, 33.044643 ], [ -97.32989, 33.04479 ], [ -97.329814, 33.044853 ], [ -97.329433, 33.045139 ], [ -97.329196, 33.045286 ], [ -97.327921, 33.046074 ], [ -97.326607, 33.046799 ], [ -97.32566, 33.047265 ], [ -97.32563, 33.047194 ], [ -97.32498, 33.047478 ], [ -97.325067, 33.047593 ], [ -97.324683, 33.047746 ], [ -97.324274, 33.047905 ], [ -97.324198, 33.047935 ], [ -97.323789, 33.048082 ], [ -97.323071, 33.048321 ], [ -97.323043, 33.048256 ], [ -97.322826, 33.048317 ], [ -97.32215, 33.048506 ], [ -97.321206, 33.048727 ], [ -97.320362, 33.048879 ], [ -97.320091, 33.048929 ], [ -97.319327, 33.049036 ], [ -97.318736, 33.049114 ], [ -97.318243, 33.049138 ], [ -97.317825, 33.049164 ], [ -97.317832, 33.047753 ], [ -97.317832, 33.047676 ], [ -97.317834, 33.047323 ], [ -97.317202, 33.047316 ], [ -97.315431, 33.047298 ], [ -97.315169, 33.047295 ], [ -97.315211, 33.045069 ], [ -97.315234, 33.043587 ], [ -97.3153, 33.039978 ], [ -97.315316, 33.039072 ], [ -97.315041, 33.039081 ], [ -97.309981, 33.038896 ], [ -97.310378, 33.037827 ], [ -97.310917, 33.036668 ], [ -97.310956, 33.036584 ], [ -97.310963, 33.036568 ], [ -97.311095, 33.036287 ], [ -97.311605, 33.035249 ], [ -97.314992, 33.036021 ], [ -97.315342, 33.036101 ], [ -97.315352, 33.035019 ], [ -97.316442, 33.035014 ], [ -97.31646, 33.034198 ], [ -97.316496, 33.031818 ], [ -97.315803, 33.031562 ], [ -97.315132, 33.031318 ], [ -97.314363, 33.031038 ], [ -97.313298, 33.030642 ], [ -97.31254, 33.03036 ], [ -97.31116, 33.02987 ], [ -97.30985, 33.029344 ], [ -97.309624, 33.02926 ], [ -97.309346, 33.029156 ], [ -97.309115, 33.029934 ], [ -97.308948, 33.030467 ], [ -97.308939, 33.030519 ], [ -97.308746, 33.03117 ], [ -97.308716, 33.031294 ], [ -97.308402, 33.032417 ], [ -97.308321, 33.032706 ], [ -97.307456, 33.035692 ], [ -97.307364, 33.036013 ], [ -97.307192, 33.036627 ], [ -97.307068, 33.036981 ], [ -97.306791, 33.037691 ], [ -97.306703, 33.037909 ], [ -97.306598, 33.038173 ], [ -97.306301, 33.038894 ], [ -97.306259, 33.038988 ], [ -97.306007, 33.039766 ], [ -97.30594, 33.04001 ], [ -97.305828, 33.040309 ], [ -97.30544, 33.04135 ], [ -97.30496, 33.042589 ], [ -97.304835, 33.042946 ], [ -97.304483, 33.042958 ], [ -97.304301, 33.042964 ], [ -97.302375, 33.042957 ], [ -97.298456, 33.042931 ], [ -97.298459, 33.04301 ], [ -97.293402, 33.043011 ], [ -97.2925, 33.043011 ], [ -97.292395, 33.042845 ], [ -97.290803, 33.043509 ], [ -97.290223, 33.043805 ], [ -97.289827, 33.043995 ], [ -97.288855, 33.044406 ], [ -97.288795, 33.044441 ], [ -97.288538, 33.044553 ], [ -97.288289, 33.044663 ], [ -97.286782, 33.045278 ], [ -97.284386, 33.046303 ], [ -97.283155, 33.046836 ], [ -97.282768, 33.046964 ], [ -97.28264, 33.04701 ], [ -97.282557, 33.047027 ], [ -97.282499, 33.047033 ], [ -97.282356, 33.047051 ], [ -97.282121, 33.047074 ], [ -97.281934, 33.04708 ], [ -97.2817, 33.047074 ], [ -97.281423, 33.047055 ], [ -97.281226, 33.047027 ], [ -97.281227, 33.0471 ], [ -97.280952, 33.047058 ], [ -97.280354, 33.046797 ], [ -97.279889, 33.046513 ], [ -97.279669, 33.046366 ], [ -97.279794, 33.046283 ], [ -97.279656, 33.046135 ], [ -97.279526, 33.045952 ], [ -97.279373, 33.045758 ], [ -97.279312, 33.045692 ], [ -97.279129, 33.045474 ], [ -97.278963, 33.045305 ], [ -97.278833, 33.045208 ], [ -97.278761, 33.045153 ], [ -97.278459, 33.044973 ], [ -97.278292, 33.044885 ], [ -97.278223, 33.044854 ], [ -97.277958, 33.044746 ], [ -97.277651, 33.044629 ], [ -97.27728, 33.044553 ], [ -97.276807, 33.044503 ], [ -97.27128, 33.04431 ], [ -97.271327, 33.044457 ], [ -97.271359, 33.044558 ], [ -97.271326, 33.044557 ], [ -97.270914, 33.044539 ], [ -97.270413, 33.044486 ], [ -97.270043, 33.044431 ], [ -97.269725, 33.044368 ], [ -97.269263, 33.044451 ], [ -97.269075, 33.044458 ], [ -97.268919, 33.044411 ], [ -97.268764, 33.044356 ], [ -97.268613, 33.044295 ], [ -97.268466, 33.044228 ], [ -97.268323, 33.044155 ], [ -97.268184, 33.044076 ], [ -97.26805, 33.043992 ], [ -97.267921, 33.043902 ], [ -97.267798, 33.043807 ], [ -97.26768, 33.043708 ], [ -97.266891, 33.043009 ], [ -97.266703, 33.043211 ], [ -97.266614, 33.043303 ], [ -97.266519, 33.04339 ], [ -97.26642, 33.043474 ], [ -97.266315, 33.043554 ], [ -97.266207, 33.04363 ], [ -97.266094, 33.043701 ], [ -97.265977, 33.043768 ], [ -97.265732, 33.043886 ], [ -97.265397, 33.044021 ], [ -97.264755, 33.043863 ], [ -97.264575, 33.043806 ], [ -97.264502, 33.043829 ], [ -97.264104, 33.043858 ], [ -97.263614, 33.043846 ], [ -97.262802, 33.043673 ], [ -97.260198, 33.042191 ], [ -97.260101, 33.042136 ], [ -97.260331, 33.042014 ], [ -97.26039, 33.041947 ], [ -97.260782, 33.04153 ], [ -97.26169, 33.040449 ], [ -97.262687, 33.039068 ], [ -97.26311, 33.038552 ], [ -97.263324, 33.03833 ], [ -97.264036, 33.037467 ], [ -97.264087, 33.037411 ], [ -97.267857, 33.033296 ], [ -97.268497, 33.032651 ], [ -97.268774, 33.032349 ], [ -97.268881, 33.032224 ], [ -97.268967, 33.032111 ], [ -97.269085, 33.032018 ], [ -97.269251, 33.031827 ], [ -97.269907, 33.03112 ], [ -97.27172, 33.029265 ], [ -97.272007, 33.028919 ], [ -97.272521, 33.028362 ], [ -97.273209, 33.027608 ], [ -97.27348, 33.02731 ], [ -97.273751, 33.027014 ], [ -97.274, 33.02675 ], [ -97.274156, 33.026591 ], [ -97.274291, 33.026446 ], [ -97.27438, 33.026339 ], [ -97.2746, 33.02611 ], [ -97.274851, 33.025838 ], [ -97.27531, 33.025344 ], [ -97.275069, 33.025183 ], [ -97.274901, 33.025072 ], [ -97.274717, 33.02495 ], [ -97.274371, 33.024724 ], [ -97.274285, 33.024666 ], [ -97.27456, 33.024382 ], [ -97.274583, 33.02438 ], [ -97.27461, 33.02435 ], [ -97.275228, 33.023681 ], [ -97.275538, 33.023347 ], [ -97.27568, 33.02319 ], [ -97.275974, 33.022869 ], [ -97.27615, 33.02268 ], [ -97.276379, 33.022452 ], [ -97.276547, 33.022221 ], [ -97.276564, 33.022191 ], [ -97.276625, 33.022091 ], [ -97.27666, 33.02201 ], [ -97.276658, 33.021926 ], [ -97.277276, 33.021322 ], [ -97.277329, 33.02127 ], [ -97.277908, 33.020703 ], [ -97.27771, 33.020687 ], [ -97.278103, 33.020134 ], [ -97.279364, 33.018378 ], [ -97.280707, 33.016507 ], [ -97.28067, 33.016489 ], [ -97.2808, 33.016306 ], [ -97.280837, 33.016324 ], [ -97.281257, 33.015736 ], [ -97.281455, 33.015458 ], [ -97.279176, 33.015479 ], [ -97.278828, 33.015483 ], [ -97.278773, 33.015483 ], [ -97.278609, 33.015493 ], [ -97.278089, 33.01547 ], [ -97.276925, 33.01547 ], [ -97.276918, 33.015576 ], [ -97.275595, 33.01553 ], [ -97.271927, 33.015469 ], [ -97.271726, 33.015466 ], [ -97.271714, 33.015358 ], [ -97.271165, 33.01535 ], [ -97.27115, 33.01535 ], [ -97.27113, 33.01535 ], [ -97.271095, 33.015349 ], [ -97.271096, 33.015293 ], [ -97.271108, 33.01514 ], [ -97.270859, 33.015126 ], [ -97.270853, 33.016664 ], [ -97.270851, 33.01755 ], [ -97.270849, 33.018112 ], [ -97.270847, 33.018606 ], [ -97.270508, 33.018615 ], [ -97.270425, 33.018642 ], [ -97.27017, 33.018726 ], [ -97.270045, 33.018849 ], [ -97.270006, 33.018949 ], [ -97.269955, 33.018986 ], [ -97.269783, 33.019075 ], [ -97.269593, 33.019213 ], [ -97.269484, 33.019334 ], [ -97.269392, 33.019422 ], [ -97.269248, 33.019499 ], [ -97.269082, 33.019605 ], [ -97.268977, 33.019651 ], [ -97.268925, 33.019658 ], [ -97.268299, 33.019826 ], [ -97.267836, 33.019818 ], [ -97.267699, 33.019801 ], [ -97.267515, 33.019778 ], [ -97.267312, 33.01971 ], [ -97.267136, 33.01965 ], [ -97.266537, 33.019661 ], [ -97.266589, 33.019691 ], [ -97.266602, 33.019705 ], [ -97.265966, 33.019708 ], [ -97.265603, 33.01945 ], [ -97.264864, 33.018571 ], [ -97.264817, 33.018514 ], [ -97.264045, 33.017604 ], [ -97.263884, 33.017324 ], [ -97.263506, 33.017085 ], [ -97.262668, 33.016875 ], [ -97.262536, 33.016841 ], [ -97.262451, 33.016819 ], [ -97.262165, 33.017355 ], [ -97.261767, 33.017888 ], [ -97.261522, 33.018159 ], [ -97.261316, 33.018346 ], [ -97.261116, 33.018537 ], [ -97.260796, 33.018819 ], [ -97.260688, 33.018823 ], [ -97.258888, 33.018852 ], [ -97.258324, 33.018861 ], [ -97.258112, 33.018866 ], [ -97.258113, 33.018508 ], [ -97.258162, 33.017305 ], [ -97.25819, 33.015676 ], [ -97.258193, 33.015497 ], [ -97.258195, 33.015408 ], [ -97.258195, 33.015383 ], [ -97.259595, 33.015371 ], [ -97.259623, 33.015264 ], [ -97.259716, 33.014901 ], [ -97.259694, 33.014849 ], [ -97.259723, 33.014639 ], [ -97.260479, 33.010686 ], [ -97.260587, 33.010173 ], [ -97.260931, 33.008292 ], [ -97.260715, 33.008289 ], [ -97.260111, 33.008268 ], [ -97.260001, 33.008268 ], [ -97.257697, 33.011657 ], [ -97.257796, 33.011702 ], [ -97.258713, 33.012107 ], [ -97.257643, 33.013123 ], [ -97.257133, 33.013609 ], [ -97.253776, 33.013599 ], [ -97.25381, 33.011891 ], [ -97.253851, 33.009766 ], [ -97.253874, 33.00859 ], [ -97.25388, 33.008324 ], [ -97.253883, 33.00819 ], [ -97.253354, 33.008112 ], [ -97.252696, 33.008062 ], [ -97.252399, 33.008053 ], [ -97.251879, 33.008056 ], [ -97.250854, 33.008006 ], [ -97.250584, 33.007998 ], [ -97.250183, 33.007987 ], [ -97.249619, 33.007968 ], [ -97.248925, 33.007966 ], [ -97.248921, 33.007866 ], [ -97.249034, 33.002468 ], [ -97.249041, 33.002316 ], [ -97.249056, 33.002173 ], [ -97.249079, 33.002026 ], [ -97.249112, 33.00188 ], [ -97.249152, 33.001736 ], [ -97.249201, 33.001594 ], [ -97.249261, 33.001448 ], [ -97.249331, 33.001301 ], [ -97.249396, 33.001182 ], [ -97.24948, 33.001044 ], [ -97.249584, 33.000897 ], [ -97.249657, 33.0008 ], [ -97.249776, 33.000661 ], [ -97.249871, 33.000561 ], [ -97.249994, 33.000442 ], [ -97.250108, 33.000343 ], [ -97.250236, 33.000242 ], [ -97.250799, 32.999808 ], [ -97.250506, 32.999533 ], [ -97.250409, 32.999447 ], [ -97.250366, 32.999409 ], [ -97.2503, 32.999356 ], [ -97.250245, 32.999313 ], [ -97.250147, 32.999241 ], [ -97.250016, 32.999153 ], [ -97.249907, 32.999086 ], [ -97.249796, 32.999023 ], [ -97.249683, 32.998964 ], [ -97.249568, 32.998909 ], [ -97.249451, 32.998859 ], [ -97.249458, 32.998304 ], [ -97.249471, 32.997392 ], [ -97.249479, 32.996782 ], [ -97.24953, 32.992888 ], [ -97.249519, 32.992852 ], [ -97.250416, 32.992906 ], [ -97.25132, 32.992926 ], [ -97.254069, 32.992914 ], [ -97.254353, 32.992913 ], [ -97.254345, 32.992439 ], [ -97.254322, 32.992072 ], [ -97.254276, 32.991602 ], [ -97.254187, 32.99115 ], [ -97.254164, 32.991052 ], [ -97.254141, 32.990958 ], [ -97.254053, 32.990721 ], [ -97.254029, 32.990657 ], [ -97.253825, 32.990209 ], [ -97.253622, 32.989846 ], [ -97.253438, 32.989582 ], [ -97.252844, 32.988827 ], [ -97.25267, 32.988577 ], [ -97.249444, 32.988569 ], [ -97.246161, 32.988553 ], [ -97.240437, 32.988526 ], [ -97.237049, 32.988509 ], [ -97.237908, 32.986955 ], [ -97.238383, 32.986084 ], [ -97.238874, 32.985196 ], [ -97.241952, 32.979541 ], [ -97.241948, 32.979512 ], [ -97.24195, 32.979483 ], [ -97.24334, 32.976995 ], [ -97.24525, 32.973472 ], [ -97.245992, 32.972105 ], [ -97.24627, 32.971591 ], [ -97.24637, 32.971407 ], [ -97.246617, 32.970951 ], [ -97.246753, 32.970702 ], [ -97.246876, 32.970475 ], [ -97.248156, 32.968127 ], [ -97.248038, 32.968132 ], [ -97.248228, 32.967793 ], [ -97.248124, 32.967784 ], [ -97.248543, 32.966917 ], [ -97.249051, 32.966084 ], [ -97.250447, 32.963514 ], [ -97.253027, 32.958893 ], [ -97.254039, 32.956954 ], [ -97.254148, 32.956469 ], [ -97.25435, 32.95583 ], [ -97.254466, 32.955356 ], [ -97.254553, 32.954844 ], [ -97.254616, 32.953653 ], [ -97.254601, 32.9533 ], [ -97.254569, 32.952934 ], [ -97.254595, 32.952931 ], [ -97.254744, 32.95292 ], [ -97.254972, 32.952902 ], [ -97.255156, 32.952887 ], [ -97.255168, 32.952887 ], [ -97.255196, 32.952888 ], [ -97.255197, 32.952862 ], [ -97.255203, 32.950919 ], [ -97.255226, 32.948757 ], [ -97.255227, 32.948465 ], [ -97.255227, 32.948276 ], [ -97.255227, 32.947816 ], [ -97.255227, 32.947266 ], [ -97.255233, 32.947085 ], [ -97.255234, 32.947062 ], [ -97.255238, 32.946952 ], [ -97.255241, 32.946881 ], [ -97.255241, 32.946869 ], [ -97.255241, 32.946856 ], [ -97.255254, 32.946499 ], [ -97.255266, 32.946185 ], [ -97.255266, 32.94608 ], [ -97.255267, 32.945749 ], [ -97.255272, 32.945175 ], [ -97.255265, 32.944622 ], [ -97.255259, 32.94406 ], [ -97.255273, 32.94323 ], [ -97.255277, 32.94229 ], [ -97.255275, 32.941896 ], [ -97.255548, 32.941898 ], [ -97.255551, 32.941191 ], [ -97.255551, 32.938755 ], [ -97.255264, 32.938754 ], [ -97.25525, 32.93844 ], [ -97.255283, 32.935941 ], [ -97.255285, 32.935823 ], [ -97.255285, 32.935799 ], [ -97.255285, 32.935776 ], [ -97.255291, 32.935139 ], [ -97.255282, 32.934754 ], [ -97.255279, 32.934626 ], [ -97.255534, 32.93463 ], [ -97.257331, 32.934658 ], [ -97.25829, 32.934672 ], [ -97.25882, 32.934693 ], [ -97.258887, 32.934695 ], [ -97.259493, 32.934714 ], [ -97.259922, 32.934741 ], [ -97.260289, 32.934762 ], [ -97.262196, 32.934762 ], [ -97.262896, 32.934829 ], [ -97.263286, 32.934829 ], [ -97.263675, 32.93486 ], [ -97.263908, 32.93486 ], [ -97.264103, 32.934829 ], [ -97.264337, 32.934762 ], [ -97.264492, 32.934731 ], [ -97.265547, 32.934254 ], [ -97.265544, 32.934102 ], [ -97.266037, 32.933884 ], [ -97.266065, 32.932961 ], [ -97.266062, 32.932149 ], [ -97.266147, 32.929104 ], [ -97.266185, 32.929103 ], [ -97.266786, 32.929095 ], [ -97.266792, 32.928797 ], [ -97.266844, 32.928798 ], [ -97.266847, 32.928074 ], [ -97.266904, 32.916724 ], [ -97.266834, 32.916724 ], [ -97.266004, 32.916731 ], [ -97.264184, 32.916755 ], [ -97.262346, 32.916773 ], [ -97.261271, 32.916766 ], [ -97.261271, 32.916631 ], [ -97.260907, 32.916629 ], [ -97.259868, 32.916657 ], [ -97.259258, 32.916674 ], [ -97.258912, 32.916663 ], [ -97.258915, 32.916798 ], [ -97.257895, 32.916764 ], [ -97.256585, 32.916722 ], [ -97.256297, 32.916713 ], [ -97.255862, 32.916713 ], [ -97.255872, 32.916632 ], [ -97.25586, 32.916632 ], [ -97.255334, 32.916634 ], [ -97.255803, 32.913478 ], [ -97.255989, 32.912329 ], [ -97.256138, 32.91142 ], [ -97.256164, 32.911268 ], [ -97.256273, 32.910603 ], [ -97.256741, 32.907742 ], [ -97.257099, 32.905597 ], [ -97.257326, 32.904217 ], [ -97.257678, 32.902084 ], [ -97.257873, 32.900896 ], [ -97.257903, 32.900713 ], [ -97.257934, 32.900527 ], [ -97.258029, 32.899952 ], [ -97.258223, 32.898773 ], [ -97.258258, 32.898559 ], [ -97.258526, 32.896934 ], [ -97.258756, 32.895541 ], [ -97.258844, 32.895 ], [ -97.258858, 32.894913 ], [ -97.258885, 32.89475 ], [ -97.258958, 32.894306 ], [ -97.259973, 32.888149 ], [ -97.260169, 32.886957 ], [ -97.261189, 32.880688 ], [ -97.26121, 32.880562 ], [ -97.261651, 32.877961 ], [ -97.262251, 32.874263 ], [ -97.262279, 32.874072 ], [ -97.26264, 32.871656 ], [ -97.263051, 32.869135 ], [ -97.263175, 32.868378 ], [ -97.263209, 32.868168 ], [ -97.263382, 32.868188 ], [ -97.263457, 32.868195 ], [ -97.263935, 32.868195 ], [ -97.264746, 32.868195 ], [ -97.264933, 32.868195 ], [ -97.264919, 32.868226 ], [ -97.264945, 32.868851 ], [ -97.264874, 32.868842 ], [ -97.264871, 32.868933 ], [ -97.264864, 32.869172 ], [ -97.266791, 32.869189 ], [ -97.267495, 32.86918 ], [ -97.267557, 32.86923 ], [ -97.268809, 32.869223 ], [ -97.272384, 32.869203 ], [ -97.272505, 32.869202 ], [ -97.272516, 32.868855 ], [ -97.272548, 32.866839 ], [ -97.272564, 32.86634 ], [ -97.272635, 32.865267 ], [ -97.272617, 32.864576 ], [ -97.272615, 32.86448 ], [ -97.272616, 32.864401 ], [ -97.272757, 32.864406 ], [ -97.272937, 32.864406 ], [ -97.273093, 32.864408 ], [ -97.273256, 32.86441 ], [ -97.273708, 32.864417 ], [ -97.273933, 32.864421 ], [ -97.273979, 32.864433 ], [ -97.274052, 32.861887 ], [ -97.274073, 32.861161 ], [ -97.27293, 32.861167 ], [ -97.272698, 32.861169 ], [ -97.272702, 32.860981 ], [ -97.272722, 32.860981 ], [ -97.272884, 32.860981 ], [ -97.273864, 32.860982 ], [ -97.274178, 32.860985 ], [ -97.274934, 32.860991 ], [ -97.275211, 32.860988 ], [ -97.275429, 32.860991 ], [ -97.276368, 32.860996 ], [ -97.276489, 32.860992 ], [ -97.278159, 32.861007 ], [ -97.278978, 32.861018 ], [ -97.279782, 32.861033 ], [ -97.280511, 32.861035 ], [ -97.281515, 32.861061 ], [ -97.282428, 32.861069 ], [ -97.283425, 32.86108 ], [ -97.284348, 32.861096 ], [ -97.285297, 32.861098 ], [ -97.286232, 32.861126 ], [ -97.287138, 32.861133 ], [ -97.287561, 32.861137 ], [ -97.288357, 32.861131 ], [ -97.289881, 32.861151 ], [ -97.289878, 32.861054 ], [ -97.28988, 32.860967 ], [ -97.289826, 32.860902 ], [ -97.289827, 32.859697 ], [ -97.289827, 32.859561 ], [ -97.289829, 32.858114 ], [ -97.289813, 32.856831 ], [ -97.289817, 32.856527 ], [ -97.289824, 32.855905 ], [ -97.289833, 32.855138 ], [ -97.289832, 32.854975 ], [ -97.289826, 32.854025 ], [ -97.289824, 32.85379 ], [ -97.289824, 32.853581 ], [ -97.289823, 32.853472 ], [ -97.289821, 32.849781 ], [ -97.28982, 32.849597 ], [ -97.28982, 32.849445 ], [ -97.289824, 32.848533 ], [ -97.289822, 32.847771 ], [ -97.289809, 32.846747 ], [ -97.289952, 32.846195 ], [ -97.290198, 32.845405 ], [ -97.290276, 32.844853 ], [ -97.290337, 32.843776 ], [ -97.290329, 32.841516 ], [ -97.290323, 32.8399 ], [ -97.290332, 32.83975 ], [ -97.29034, 32.839628 ], [ -97.29036, 32.839433 ], [ -97.290361, 32.839295 ], [ -97.290363, 32.839148 ], [ -97.290364, 32.839111 ], [ -97.290364, 32.839098 ], [ -97.290367, 32.838881 ], [ -97.290379, 32.83702 ], [ -97.290296, 32.834792 ], [ -97.290321, 32.831665 ], [ -97.290325, 32.830225 ], [ -97.290328, 32.828977 ], [ -97.290328, 32.825872 ], [ -97.290322, 32.824327 ], [ -97.290321, 32.824161 ], [ -97.290334, 32.822854 ], [ -97.290338, 32.822408 ], [ -97.290348, 32.821437 ], [ -97.29035, 32.820667 ], [ -97.290378, 32.818855 ], [ -97.290375, 32.817698 ], [ -97.290372, 32.816065 ], [ -97.290341, 32.815712 ], [ -97.290337, 32.81501 ], [ -97.290303, 32.812858 ], [ -97.290336, 32.811573 ], [ -97.290384, 32.809766 ], [ -97.290507, 32.808982 ], [ -97.290504, 32.808627 ], [ -97.290502, 32.808456 ], [ -97.290489, 32.806474 ], [ -97.29049, 32.806117 ], [ -97.290492, 32.805498 ], [ -97.290495, 32.804181 ], [ -97.290484, 32.803724 ], [ -97.290477, 32.802985 ], [ -97.290552, 32.802979 ], [ -97.29051, 32.802942 ], [ -97.290521, 32.802476 ], [ -97.290519, 32.801422 ], [ -97.290556, 32.801388 ], [ -97.290477, 32.801389 ], [ -97.290462, 32.799286 ], [ -97.290434, 32.795109 ], [ -97.290609, 32.79511 ], [ -97.290679, 32.795111 ], [ -97.292227, 32.795119 ], [ -97.293384, 32.795115 ], [ -97.293391, 32.794989 ], [ -97.293362, 32.794677 ], [ -97.293306, 32.794006 ], [ -97.293308, 32.793878 ], [ -97.293311, 32.793642 ], [ -97.293326, 32.792308 ], [ -97.293329, 32.791495 ], [ -97.293326, 32.790382 ], [ -97.293336, 32.789519 ], [ -97.293336, 32.788033 ], [ -97.292881, 32.788021 ], [ -97.290607, 32.78801 ], [ -97.290606, 32.787219 ], [ -97.29061, 32.786985 ], [ -97.29061, 32.786361 ], [ -97.290609, 32.786225 ], [ -97.290606, 32.785181 ], [ -97.290605, 32.785138 ], [ -97.290603, 32.784014 ], [ -97.290603, 32.78397 ], [ -97.290604, 32.78394 ], [ -97.290613, 32.783026 ], [ -97.290617, 32.782311 ], [ -97.290629, 32.781709 ], [ -97.290645, 32.78097 ], [ -97.290408, 32.781153 ], [ -97.290143, 32.781359 ], [ -97.289542, 32.781788 ], [ -97.289305, 32.78179 ], [ -97.287431, 32.781809 ], [ -97.287456, 32.779601 ], [ -97.286018, 32.779587 ], [ -97.285044, 32.779589 ], [ -97.284204, 32.77957 ], [ -97.284133, 32.779573 ], [ -97.28302, 32.779564 ], [ -97.281918, 32.779563 ], [ -97.280788, 32.779576 ], [ -97.279646, 32.779578 ], [ -97.279554, 32.779579 ], [ -97.279093, 32.779587 ], [ -97.278922, 32.779591 ], [ -97.278825, 32.779594 ], [ -97.27849, 32.779603 ], [ -97.278331, 32.779607 ], [ -97.278204, 32.77961 ], [ -97.278062, 32.779614 ], [ -97.277666, 32.779625 ], [ -97.277012, 32.779642 ], [ -97.274112, 32.779591 ], [ -97.273218, 32.779597 ], [ -97.273204, 32.78044 ], [ -97.270184, 32.780426 ], [ -97.268918, 32.780431 ], [ -97.268315, 32.780439 ], [ -97.267083, 32.780459 ], [ -97.263804, 32.780445 ], [ -97.260566, 32.780422 ], [ -97.258974, 32.780414 ], [ -97.257458, 32.780419 ], [ -97.256677, 32.78042 ], [ -97.256722, 32.781351 ], [ -97.256713, 32.782317 ], [ -97.256694, 32.783123 ], [ -97.256684, 32.783727 ], [ -97.253813, 32.783679 ], [ -97.253523, 32.783683 ], [ -97.252905, 32.783665 ], [ -97.251477, 32.783671 ], [ -97.250683, 32.783663 ], [ -97.250664, 32.784171 ], [ -97.250612, 32.785628 ], [ -97.250544, 32.787558 ], [ -97.249721, 32.787574 ], [ -97.249753, 32.787531 ], [ -97.249863, 32.787385 ], [ -97.249927, 32.787337 ], [ -97.250005, 32.787323 ], [ -97.250094, 32.787383 ], [ -97.250356, 32.787328 ], [ -97.25043, 32.78708 ], [ -97.250463, 32.786617 ], [ -97.250463, 32.786363 ], [ -97.250446, 32.786245 ], [ -97.250397, 32.78617 ], [ -97.250356, 32.786127 ], [ -97.250151, 32.786087 ], [ -97.250007, 32.786079 ], [ -97.249885, 32.786078 ], [ -97.249674, 32.786043 ], [ -97.249558, 32.786033 ], [ -97.249471, 32.786023 ], [ -97.249138, 32.786071 ], [ -97.248843, 32.786129 ], [ -97.248741, 32.786156 ], [ -97.24864, 32.786217 ], [ -97.248601, 32.786265 ], [ -97.248185, 32.786535 ], [ -97.247968, 32.786698 ], [ -97.247805, 32.786746 ], [ -97.247093, 32.78682 ], [ -97.246849, 32.786793 ], [ -97.246645, 32.786759 ], [ -97.246489, 32.786685 ], [ -97.246408, 32.786637 ], [ -97.246265, 32.786617 ], [ -97.246157, 32.786631 ], [ -97.246109, 32.786664 ], [ -97.246082, 32.786704 ], [ -97.246089, 32.7868 ], [ -97.246221, 32.787061 ], [ -97.246235, 32.787163 ], [ -97.246255, 32.787217 ], [ -97.246296, 32.787236 ], [ -97.246404, 32.787264 ], [ -97.246452, 32.787312 ], [ -97.246499, 32.787414 ], [ -97.246545, 32.787546 ], [ -97.246604, 32.787609 ], [ -97.245769, 32.787618 ], [ -97.245573, 32.787396 ], [ -97.24548, 32.787291 ], [ -97.24532, 32.787111 ], [ -97.245219, 32.786997 ], [ -97.244771, 32.786998 ], [ -97.243185, 32.787005 ], [ -97.243184, 32.787672 ], [ -97.243188, 32.789929 ], [ -97.243188, 32.790868 ], [ -97.242508, 32.791154 ], [ -97.236949, 32.793498 ], [ -97.236855, 32.793538 ], [ -97.236673, 32.793615 ], [ -97.236476, 32.793698 ], [ -97.236303, 32.793771 ], [ -97.23621, 32.793809 ], [ -97.23615, 32.79384 ], [ -97.236064, 32.793729 ], [ -97.236021, 32.793692 ], [ -97.235968, 32.79365 ], [ -97.235873, 32.79359 ], [ -97.23576, 32.793536 ], [ -97.235639, 32.793501 ], [ -97.235491, 32.793484 ], [ -97.23537, 32.793484 ], [ -97.235229, 32.793509 ], [ -97.235096, 32.793553 ], [ -97.23481, 32.793753 ], [ -97.234034, 32.794338 ], [ -97.233833, 32.794438 ], [ -97.233516, 32.794561 ], [ -97.233329, 32.794598 ], [ -97.233213, 32.794615 ], [ -97.23275, 32.794612 ], [ -97.232323, 32.794584 ], [ -97.231615, 32.794551 ], [ -97.230725, 32.794531 ], [ -97.230744, 32.793694 ], [ -97.230763, 32.792872 ], [ -97.230795, 32.791409 ], [ -97.229919, 32.791409 ], [ -97.228714, 32.79141 ], [ -97.228714, 32.792176 ], [ -97.228716, 32.794384 ], [ -97.228717, 32.794522 ], [ -97.228607, 32.794525 ], [ -97.228396, 32.794528 ], [ -97.22755, 32.794533 ], [ -97.226733, 32.794535 ], [ -97.226494, 32.794536 ], [ -97.224906, 32.794544 ], [ -97.223153, 32.794544 ], [ -97.222733, 32.794553 ], [ -97.221885, 32.794556 ], [ -97.22122, 32.794545 ], [ -97.22122, 32.796106 ], [ -97.221221, 32.796658 ], [ -97.22121, 32.798015 ], [ -97.221209, 32.798112 ], [ -97.221203, 32.798735 ], [ -97.221193, 32.79965 ], [ -97.221204, 32.80019 ], [ -97.221199, 32.800452 ], [ -97.220854, 32.800587 ], [ -97.218329, 32.801673 ], [ -97.216925, 32.802267 ], [ -97.216265, 32.802557 ], [ -97.213587, 32.803702 ], [ -97.213271, 32.803837 ], [ -97.212398, 32.804208 ], [ -97.212371, 32.804219 ], [ -97.21229, 32.804253 ], [ -97.212166, 32.804305 ], [ -97.211387, 32.804654 ], [ -97.211259, 32.804713 ], [ -97.210382, 32.805059 ], [ -97.208376, 32.805911 ], [ -97.207005, 32.806446 ], [ -97.206475, 32.806624 ], [ -97.205538, 32.806904 ], [ -97.204312, 32.807204 ], [ -97.203413, 32.807372 ], [ -97.203145, 32.807409 ], [ -97.202001, 32.807564 ], [ -97.201151, 32.807634 ], [ -97.200341, 32.807662 ], [ -97.199772, 32.807668 ], [ -97.198803, 32.807644 ], [ -97.198229, 32.807595 ], [ -97.196702, 32.807484 ], [ -97.195588, 32.807414 ], [ -97.195092, 32.807375 ], [ -97.193882, 32.807285 ], [ -97.190529, 32.807079 ], [ -97.190127, 32.807046 ], [ -97.189307, 32.807006 ], [ -97.188603, 32.806967 ], [ -97.187503, 32.806843 ], [ -97.187167, 32.806814 ], [ -97.18653, 32.806759 ], [ -97.184781, 32.806659 ], [ -97.182037, 32.806465 ], [ -97.179535, 32.806305 ], [ -97.177724, 32.806174 ], [ -97.176572, 32.806047 ], [ -97.173483, 32.805852 ], [ -97.169367, 32.805565 ], [ -97.16917, 32.805551 ], [ -97.169161, 32.806024 ], [ -97.169184, 32.806977 ], [ -97.169165, 32.807951 ], [ -97.169174, 32.808736 ], [ -97.16729, 32.808713 ], [ -97.166917, 32.808725 ], [ -97.166591, 32.808725 ], [ -97.166153, 32.808717 ], [ -97.165968, 32.808716 ], [ -97.164485, 32.808641 ], [ -97.162298, 32.808667 ], [ -97.161927, 32.808664 ], [ -97.161199, 32.808659 ], [ -97.159648, 32.80861 ], [ -97.159282, 32.808599 ], [ -97.157064, 32.808668 ], [ -97.155971, 32.808763 ], [ -97.155415, 32.808947 ], [ -97.154599, 32.80917 ], [ -97.154494, 32.809193 ], [ -97.152897, 32.80972 ], [ -97.150079, 32.810651 ], [ -97.149005, 32.811132 ], [ -97.148892, 32.811174 ], [ -97.145559, 32.812299 ], [ -97.143999, 32.812825 ], [ -97.143459, 32.813008 ], [ -97.142141, 32.813505 ], [ -97.138997, 32.814596 ], [ -97.138614, 32.814721 ], [ -97.138263, 32.81472 ], [ -97.135835, 32.814723 ], [ -97.134695, 32.814721 ], [ -97.133611, 32.814715 ], [ -97.131058, 32.814701 ], [ -97.130396, 32.814697 ], [ -97.129464, 32.814689 ], [ -97.128567, 32.814681 ], [ -97.126988, 32.81467 ], [ -97.12477, 32.814667 ], [ -97.122895, 32.814653 ], [ -97.119456, 32.814618 ], [ -97.118931, 32.814611 ], [ -97.118755, 32.814608 ], [ -97.118358, 32.814613 ], [ -97.118337, 32.814616 ], [ -97.117979, 32.814663 ], [ -97.117548, 32.814739 ], [ -97.117317, 32.814799 ], [ -97.117273, 32.814815 ], [ -97.117334, 32.811163 ], [ -97.117353, 32.810846 ], [ -97.117355, 32.810815 ], [ -97.117357, 32.810774 ], [ -97.117363, 32.810674 ], [ -97.116417, 32.810707 ], [ -97.115958, 32.810733 ], [ -97.115488, 32.810766 ], [ -97.115099, 32.810822 ], [ -97.114633, 32.810896 ], [ -97.114096, 32.811014 ], [ -97.113748, 32.811111 ], [ -97.113292, 32.811255 ], [ -97.112299, 32.811679 ], [ -97.111157, 32.812197 ], [ -97.111219, 32.812335 ], [ -97.111577, 32.813101 ], [ -97.112223, 32.814475 ], [ -97.112225, 32.81611 ], [ -97.109875, 32.816436 ], [ -97.108804, 32.816583 ], [ -97.108163, 32.816671 ], [ -97.103343, 32.81762 ], [ -97.103338, 32.818129 ], [ -97.103325, 32.819659 ], [ -97.105081, 32.819534 ], [ -97.105085, 32.819814 ], [ -97.105085, 32.822432 ], [ -97.105019, 32.822432 ], [ -97.102553, 32.822421 ], [ -97.1011, 32.822417 ], [ -97.099643, 32.822418 ], [ -97.097264, 32.822412 ], [ -97.097102, 32.822414 ], [ -97.097082, 32.822414 ], [ -97.095542, 32.822425 ], [ -97.094949, 32.822425 ], [ -97.09425, 32.822425 ], [ -97.093769, 32.822425 ], [ -97.092959, 32.822428 ], [ -97.091665, 32.822435 ], [ -97.090379, 32.822432 ], [ -97.089183, 32.822435 ], [ -97.088378, 32.822422 ], [ -97.087013, 32.822425 ], [ -97.084675, 32.822405 ], [ -97.082493, 32.822381 ], [ -97.082326, 32.822381 ], [ -97.081824, 32.822376 ], [ -97.081795, 32.822376 ], [ -97.081051, 32.822369 ], [ -97.080604, 32.822365 ], [ -97.079787, 32.822357 ], [ -97.078977, 32.82235 ], [ -97.077311, 32.822336 ], [ -97.076646, 32.822364 ], [ -97.07616, 32.822364 ], [ -97.075942, 32.822387 ], [ -97.075627, 32.822359 ], [ -97.075182, 32.822336 ], [ -97.074505, 32.822342 ], [ -97.07415, 32.822364 ], [ -97.073691, 32.822457 ], [ -97.073605, 32.822482 ], [ -97.0736, 32.828828 ], [ -97.073615, 32.829669 ], [ -97.070689, 32.829675 ], [ -97.070674, 32.830197 ], [ -97.070668, 32.830438 ], [ -97.070663, 32.830899 ], [ -97.070658, 32.831452 ], [ -97.070719, 32.831628 ], [ -97.070735, 32.831672 ], [ -97.070786, 32.831819 ], [ -97.070842, 32.831874 ], [ -97.0711, 32.832125 ], [ -97.071239, 32.832387 ], [ -97.071357, 32.832736 ], [ -97.071431, 32.83299 ], [ -97.071521, 32.833295 ], [ -97.071834, 32.833959 ], [ -97.072201, 32.834472 ], [ -97.072347, 32.834687 ], [ -97.072509, 32.8352 ], [ -97.072516, 32.835223 ], [ -97.072615, 32.835582 ], [ -97.072661, 32.835752 ], [ -97.072665, 32.835919 ], [ -97.072666, 32.836716 ], [ -97.072666, 32.836784 ], [ -97.072538, 32.836784 ], [ -97.07029, 32.836779 ], [ -97.070014, 32.836778 ], [ -97.069815, 32.836775 ], [ -97.069642, 32.836774 ], [ -97.069492, 32.836773 ], [ -97.069135, 32.83677 ], [ -97.068979, 32.836775 ], [ -97.068782, 32.83677 ], [ -97.068781, 32.837011 ], [ -97.06878, 32.837238 ], [ -97.068779, 32.837516 ], [ -97.06857, 32.837508 ], [ -97.066949, 32.837521 ], [ -97.066601, 32.837528 ], [ -97.066493, 32.837539 ], [ -97.066071, 32.837584 ], [ -97.065816, 32.837648 ], [ -97.065599, 32.837711 ], [ -97.065321, 32.837792 ], [ -97.065267, 32.837822 ], [ -97.064751, 32.838147 ], [ -97.064278, 32.838289 ], [ -97.063777, 32.838476 ], [ -97.063153, 32.838891 ], [ -97.062754, 32.839366 ], [ -97.062474, 32.83982 ], [ -97.062301, 32.840245 ], [ -97.062179, 32.840725 ], [ -97.062141, 32.841547 ], [ -97.062452, 32.843087 ], [ -97.0622, 32.843201 ], [ -97.061955, 32.843247 ], [ -97.061749, 32.843286 ], [ -97.06151, 32.843331 ], [ -97.061367, 32.843357 ], [ -97.06097, 32.843433 ], [ -97.060852, 32.843464 ], [ -97.060746, 32.843494 ], [ -97.060581, 32.843089 ], [ -97.060453, 32.84282 ], [ -97.060281, 32.842563 ], [ -97.059975, 32.842184 ], [ -97.059831, 32.842026 ], [ -97.059499, 32.841752 ], [ -97.059159, 32.841503 ], [ -97.058771, 32.841338 ], [ -97.058149, 32.841147 ], [ -97.057218, 32.840968 ], [ -97.056027, 32.840799 ], [ -97.055318, 32.840698 ], [ -97.054908, 32.840638 ], [ -97.054784, 32.840651 ], [ -97.052399, 32.839881 ], [ -97.0502, 32.839106 ], [ -97.049278, 32.838884 ], [ -97.048965, 32.838832 ], [ -97.048515, 32.838761 ], [ -97.047326, 32.838729 ], [ -97.046904, 32.838742 ], [ -97.046312, 32.838843 ], [ -97.045755, 32.83899 ], [ -97.045426, 32.839093 ], [ -97.044897, 32.839297 ], [ -97.044245, 32.839632 ], [ -97.043938, 32.839801 ], [ -97.043514, 32.840095 ], [ -97.043192, 32.840389 ], [ -97.042891, 32.840703 ], [ -97.042701, 32.840933 ], [ -97.042452, 32.841323 ], [ -97.042317, 32.841612 ], [ -97.042164, 32.841909 ], [ -97.04208, 32.842156 ], [ -97.041947, 32.842564 ], [ -97.041917, 32.842657 ], [ -97.041896, 32.842731 ], [ -97.041742, 32.843278 ], [ -97.041671, 32.843709 ], [ -97.041584, 32.844402 ], [ -97.041021, 32.844402 ], [ -97.040367, 32.844403 ], [ -97.03984, 32.844415 ], [ -97.03977, 32.84393 ], [ -97.039664, 32.84345 ], [ -97.039527, 32.842992 ], [ -97.039382, 32.842504 ], [ -97.03876, 32.841459 ], [ -97.038239, 32.84074 ], [ -97.03812, 32.84061 ], [ -97.03776, 32.84022 ], [ -97.037277, 32.839794 ], [ -97.036559, 32.839338 ], [ -97.035948, 32.839038 ], [ -97.035188, 32.83879 ], [ -97.034439, 32.838601 ], [ -97.033882, 32.838534 ], [ -97.03384, 32.838532 ], [ -97.033845, 32.838168 ], [ -97.033851, 32.837649 ], [ -97.033854, 32.837567 ], [ -97.033854, 32.837415 ], [ -97.033857, 32.837134 ], [ -97.03386, 32.83695 ], [ -97.033862, 32.836508 ], [ -97.033866, 32.83637 ], [ -97.033868, 32.836056 ], [ -97.033904, 32.83429 ], [ -97.034024, 32.827861 ], [ -97.034027, 32.827779 ], [ -97.03413, 32.822306 ], [ -97.034138, 32.822067 ], [ -97.034202, 32.818272 ], [ -97.034226, 32.816958 ], [ -97.034233, 32.816662 ], [ -97.034219, 32.8164 ], [ -97.034225, 32.816149 ], [ -97.034358, 32.809635 ], [ -97.034358, 32.809617 ], [ -97.034359, 32.809572 ], [ -97.03443, 32.805571 ], [ -97.034437, 32.805156 ], [ -97.03601, 32.805161 ], [ -97.034723, 32.803159 ], [ -97.03446, 32.803278 ], [ -97.034396, 32.803309 ], [ -97.034414, 32.802578 ], [ -97.034415, 32.80254 ], [ -97.03449, 32.799503 ], [ -97.034652, 32.793037 ], [ -97.034657, 32.792605 ], [ -97.034704, 32.788684 ], [ -97.034711, 32.788482 ], [ -97.034714, 32.78831 ], [ -97.035157, 32.788351 ], [ -97.035968, 32.788559 ], [ -97.035963, 32.788909 ], [ -97.035963, 32.789016 ], [ -97.035946, 32.789154 ], [ -97.035928, 32.789193 ], [ -97.035892, 32.789272 ], [ -97.035792, 32.789451 ], [ -97.035775, 32.789477 ], [ -97.035668, 32.789556 ], [ -97.035643, 32.78962 ], [ -97.035623, 32.789671 ], [ -97.035587, 32.789745 ], [ -97.035569, 32.789866 ], [ -97.035569, 32.78998 ], [ -97.0356, 32.790183 ], [ -97.035662, 32.790375 ], [ -97.035677, 32.790423 ], [ -97.035801, 32.790627 ], [ -97.035927, 32.790819 ], [ -97.036281, 32.791267 ], [ -97.036664, 32.791731 ], [ -97.036871, 32.791938 ], [ -97.037085, 32.792198 ], [ -97.037233, 32.792495 ], [ -97.037251, 32.792559 ], [ -97.037035, 32.793034 ], [ -97.036079, 32.793006 ], [ -97.035436, 32.792837 ], [ -97.035132, 32.793025 ], [ -97.035075, 32.793205 ], [ -97.035032, 32.793257 ], [ -97.03495, 32.793405 ], [ -97.034908, 32.793518 ], [ -97.034888, 32.793647 ], [ -97.034826, 32.79458 ], [ -97.034867, 32.795187 ], [ -97.035005, 32.796119 ], [ -97.035028, 32.796455 ], [ -97.035547, 32.796813 ], [ -97.036435, 32.79712 ], [ -97.036945, 32.797339 ], [ -97.03718, 32.797774 ], [ -97.037216, 32.798396 ], [ -97.037126, 32.798776 ], [ -97.037124, 32.798805 ], [ -97.037146, 32.799032 ], [ -97.037167, 32.799353 ], [ -97.037146, 32.799666 ], [ -97.037094, 32.79997 ], [ -97.037008, 32.800341 ], [ -97.036996, 32.800531 ], [ -97.036784, 32.801331 ], [ -97.036731, 32.802012 ], [ -97.036689, 32.802719 ], [ -97.036659, 32.803354 ], [ -97.036686, 32.803829 ], [ -97.036876, 32.804409 ], [ -97.036965, 32.804679 ], [ -97.037134, 32.805313 ], [ -97.037379, 32.805894 ], [ -97.037692, 32.806216 ], [ -97.037929, 32.806342 ], [ -97.03844, 32.806556 ], [ -97.040044, 32.806828 ], [ -97.040674, 32.806871 ], [ -97.041249, 32.806986 ], [ -97.041686, 32.807366 ], [ -97.041863, 32.807852 ], [ -97.041981, 32.808344 ], [ -97.042028, 32.808703 ], [ -97.042219, 32.808852 ], [ -97.042672, 32.808893 ], [ -97.043238, 32.80879 ], [ -97.044025, 32.808292 ], [ -97.044306, 32.808153 ], [ -97.044318, 32.808148 ], [ -97.04455, 32.808033 ], [ -97.045566, 32.808201 ], [ -97.045862, 32.808433 ], [ -97.045888, 32.808453 ], [ -97.045998, 32.808594 ], [ -97.046133, 32.808802 ], [ -97.046225, 32.808976 ], [ -97.046318, 32.809098 ], [ -97.046658, 32.810044 ], [ -97.047257, 32.81146 ], [ -97.04737, 32.811686 ], [ -97.047647, 32.812189 ], [ -97.047749, 32.812434 ], [ -97.047876, 32.812691 ], [ -97.048358, 32.813301 ], [ -97.048961, 32.813899 ], [ -97.049049, 32.813917 ], [ -97.049145, 32.813938 ], [ -97.049207, 32.813951 ], [ -97.049332, 32.81381 ], [ -97.049366, 32.813478 ], [ -97.049255, 32.813067 ], [ -97.049088, 32.812534 ], [ -97.048927, 32.812059 ], [ -97.048807, 32.811598 ], [ -97.048961, 32.811317 ], [ -97.049223, 32.810902 ], [ -97.049563, 32.810845 ], [ -97.050155, 32.810912 ], [ -97.05062, 32.811022 ], [ -97.051087, 32.811252 ], [ -97.051554, 32.811446 ], [ -97.051662, 32.811492 ], [ -97.052211, 32.811761 ], [ -97.052691, 32.811956 ], [ -97.052853, 32.812009 ], [ -97.053013, 32.812061 ], [ -97.053179, 32.812097 ], [ -97.053486, 32.812292 ], [ -97.053608, 32.812417 ], [ -97.053658, 32.812502 ], [ -97.053727, 32.812722 ], [ -97.053764, 32.813044 ], [ -97.053776, 32.813548 ], [ -97.053805, 32.814408 ], [ -97.053791, 32.814608 ], [ -97.053831, 32.814756 ], [ -97.0539, 32.81494 ], [ -97.054154, 32.815177 ], [ -97.054215, 32.815222 ], [ -97.054473, 32.815339 ], [ -97.054596, 32.815384 ], [ -97.054781, 32.815404 ], [ -97.054916, 32.815397 ], [ -97.055103, 32.815296 ], [ -97.05525, 32.815177 ], [ -97.055587, 32.814748 ], [ -97.055819, 32.814369 ], [ -97.05602, 32.814103 ], [ -97.056188, 32.813923 ], [ -97.056427, 32.813764 ], [ -97.056477, 32.813712 ], [ -97.056575, 32.813645 ], [ -97.05679, 32.813957 ], [ -97.057419, 32.814912 ], [ -97.057939, 32.815649 ], [ -97.05807, 32.815845 ], [ -97.058686, 32.816803 ], [ -97.058901, 32.817121 ], [ -97.058956, 32.817119 ], [ -97.059037, 32.817119 ], [ -97.05923, 32.817121 ], [ -97.05941, 32.817118 ], [ -97.059552, 32.817109 ], [ -97.061808, 32.816986 ], [ -97.062584, 32.816933 ], [ -97.063071, 32.816876 ], [ -97.063771, 32.816803 ], [ -97.064295, 32.816743 ], [ -97.064482, 32.816721 ], [ -97.065428, 32.816547 ], [ -97.065869, 32.816473 ], [ -97.067428, 32.816207 ], [ -97.068038, 32.816083 ], [ -97.068158, 32.816059 ], [ -97.069016, 32.815876 ], [ -97.073325, 32.814843 ], [ -97.073808, 32.814702 ], [ -97.074869, 32.814393 ], [ -97.076496, 32.814055 ], [ -97.079633, 32.81336 ], [ -97.08225, 32.812738 ], [ -97.08237, 32.812714 ], [ -97.082667, 32.812655 ], [ -97.083439, 32.812502 ], [ -97.084873, 32.812148 ], [ -97.086265, 32.811829 ], [ -97.089075, 32.811163 ], [ -97.090294, 32.810865 ], [ -97.091985, 32.810464 ], [ -97.094965, 32.809787 ], [ -97.096458, 32.809427 ], [ -97.097683, 32.809162 ], [ -97.097773, 32.809143 ], [ -97.099517, 32.80876 ], [ -97.103703, 32.807749 ], [ -97.106279, 32.807143 ], [ -97.107923, 32.806776 ], [ -97.110088, 32.806279 ], [ -97.111231, 32.806019 ], [ -97.116102, 32.804864 ], [ -97.119411, 32.8041 ], [ -97.120985, 32.803713 ], [ -97.121707, 32.803545 ], [ -97.121878, 32.803506 ], [ -97.122623, 32.803333 ], [ -97.123491, 32.803146 ], [ -97.124219, 32.803001 ], [ -97.124949, 32.802875 ], [ -97.125333, 32.802816 ], [ -97.126368, 32.80274 ], [ -97.127667, 32.802684 ], [ -97.129061, 32.802711 ], [ -97.130184, 32.802791 ], [ -97.131197, 32.802864 ], [ -97.131624, 32.802748 ], [ -97.131647, 32.80275 ], [ -97.131786, 32.802763 ], [ -97.131768, 32.799886 ], [ -97.131775, 32.796716 ], [ -97.131782, 32.793855 ], [ -97.131682, 32.793854 ], [ -97.131522, 32.793854 ], [ -97.126731, 32.793847 ], [ -97.126731, 32.793731 ], [ -97.126745, 32.790686 ], [ -97.11714, 32.79071 ], [ -97.117049, 32.790711 ], [ -97.117039, 32.79051 ], [ -97.117038, 32.790115 ], [ -97.117028, 32.788209 ], [ -97.117025, 32.787719 ], [ -97.117014, 32.785512 ], [ -97.117013, 32.785371 ], [ -97.117009, 32.782626 ], [ -97.117004, 32.782415 ], [ -97.117235, 32.782413 ], [ -97.117905, 32.782404 ], [ -97.118623, 32.782407 ], [ -97.119523, 32.782401 ], [ -97.123957, 32.782582 ], [ -97.126688, 32.782564 ], [ -97.126742, 32.782562 ], [ -97.133475, 32.782588 ], [ -97.13835, 32.782599 ], [ -97.138354, 32.782559 ], [ -97.138361, 32.781299 ], [ -97.138371, 32.77927 ], [ -97.138406, 32.772551 ], [ -97.139138, 32.772563 ], [ -97.139356, 32.772566 ], [ -97.140187, 32.772578 ], [ -97.144113, 32.772638 ], [ -97.144257, 32.772534 ], [ -97.144526, 32.772337 ], [ -97.144995, 32.771996 ], [ -97.145038, 32.771996 ], [ -97.145592, 32.772 ], [ -97.148576, 32.772025 ], [ -97.148801, 32.771369 ], [ -97.149169, 32.77122 ], [ -97.149215, 32.771206 ], [ -97.149265, 32.771202 ], [ -97.149317, 32.771172 ], [ -97.149406, 32.771122 ], [ -97.150768, 32.770354 ], [ -97.151365, 32.769749 ], [ -97.152162, 32.769014 ], [ -97.152579, 32.768275 ], [ -97.152244, 32.76744 ], [ -97.151704, 32.767071 ], [ -97.151643, 32.767088 ], [ -97.151368, 32.767173 ], [ -97.151125, 32.767247 ], [ -97.151034, 32.768022 ], [ -97.151004, 32.76882 ], [ -97.150511, 32.769306 ], [ -97.150473, 32.769341 ], [ -97.149832, 32.768455 ], [ -97.149688, 32.767904 ], [ -97.14969, 32.767716 ], [ -97.149699, 32.767069 ], [ -97.149716, 32.765936 ], [ -97.149733, 32.764812 ], [ -97.149836, 32.764812 ], [ -97.151677, 32.764813 ], [ -97.151793, 32.764809 ], [ -97.151792, 32.764648 ], [ -97.151789, 32.764593 ], [ -97.151779, 32.762469 ], [ -97.151778, 32.762171 ], [ -97.151775, 32.76173 ], [ -97.151771, 32.761081 ], [ -97.151771, 32.760965 ], [ -97.15177, 32.760712 ], [ -97.151767, 32.760249 ], [ -97.151764, 32.760041 ], [ -97.151763, 32.75974 ], [ -97.153574, 32.759886 ], [ -97.154333, 32.758796 ], [ -97.154882, 32.758009 ], [ -97.155011, 32.757823 ], [ -97.155021, 32.757809 ], [ -97.155038, 32.757784 ], [ -97.155297, 32.757412 ], [ -97.155373, 32.757302 ], [ -97.155705, 32.757402 ], [ -97.156414, 32.757547 ], [ -97.156566, 32.757557 ], [ -97.15665, 32.757564 ], [ -97.156832, 32.757574 ], [ -97.157132, 32.757565 ], [ -97.157508, 32.757543 ], [ -97.158066, 32.75755 ], [ -97.159642, 32.757556 ], [ -97.160204, 32.757559 ], [ -97.160287, 32.757559 ], [ -97.160772, 32.757559 ], [ -97.161086, 32.757559 ], [ -97.161086, 32.75749 ], [ -97.161086, 32.757237 ], [ -97.161065, 32.757089 ], [ -97.161072, 32.756753 ], [ -97.161076, 32.756542 ], [ -97.161408, 32.756427 ], [ -97.161659, 32.756339 ], [ -97.161984, 32.756228 ], [ -97.162329, 32.756108 ], [ -97.162639, 32.756001 ], [ -97.162798, 32.755938 ], [ -97.163013, 32.755868 ], [ -97.163007, 32.753428 ], [ -97.163028, 32.751204 ], [ -97.16305, 32.748952 ], [ -97.163075, 32.745673 ], [ -97.163075, 32.7456 ], [ -97.163628, 32.745602 ], [ -97.163702, 32.74558 ], [ -97.164142, 32.74545 ], [ -97.165904, 32.744931 ], [ -97.166722, 32.74469 ], [ -97.167371, 32.744493 ], [ -97.169168, 32.744008 ], [ -97.170748, 32.743104 ], [ -97.172256, 32.742175 ], [ -97.172948, 32.74175 ], [ -97.173143, 32.741565 ], [ -97.173293, 32.741425 ], [ -97.173378, 32.741346 ], [ -97.173512, 32.741243 ], [ -97.175364, 32.739825 ], [ -97.177838, 32.737927 ], [ -97.177924, 32.737864 ], [ -97.178532, 32.737396 ], [ -97.178613, 32.737334 ], [ -97.178992, 32.737043 ], [ -97.179057, 32.736993 ], [ -97.179277, 32.736833 ], [ -97.179294, 32.736707 ], [ -97.179439, 32.735616 ], [ -97.1795, 32.735335 ], [ -97.179613, 32.734378 ], [ -97.179698, 32.733755 ], [ -97.179808, 32.7329 ], [ -97.179865, 32.7323 ], [ -97.17998, 32.731384 ], [ -97.179989, 32.73131 ], [ -97.179988, 32.731102 ], [ -97.17999, 32.731021 ], [ -97.180014, 32.730823 ], [ -97.180043, 32.730579 ], [ -97.180067, 32.730376 ], [ -97.181088, 32.730235 ], [ -97.18132, 32.730203 ], [ -97.181344, 32.7302 ], [ -97.182528, 32.730037 ], [ -97.18253, 32.730106 ], [ -97.183131, 32.730021 ], [ -97.184059, 32.729891 ], [ -97.185002, 32.729758 ], [ -97.187627, 32.729388 ], [ -97.188104, 32.729321 ], [ -97.189785, 32.729085 ], [ -97.191015, 32.728913 ], [ -97.191475, 32.728842 ], [ -97.19364, 32.728573 ], [ -97.193717, 32.728534 ], [ -97.194207, 32.728466 ], [ -97.194509, 32.728417 ], [ -97.195115, 32.728339 ], [ -97.195559, 32.728275 ], [ -97.196046, 32.728233 ], [ -97.196184, 32.728225 ], [ -97.196405, 32.728211 ], [ -97.196726, 32.7282 ], [ -97.196931, 32.728196 ], [ -97.197325, 32.728193 ], [ -97.197794, 32.728187 ], [ -97.198063, 32.728185 ], [ -97.198103, 32.728187 ], [ -97.19879, 32.728195 ], [ -97.19879, 32.728225 ], [ -97.19881, 32.728324 ], [ -97.199675, 32.727998 ], [ -97.200726, 32.727923 ], [ -97.200832, 32.727916 ], [ -97.202195, 32.727931 ], [ -97.203022, 32.727939 ], [ -97.203713, 32.727946 ], [ -97.204059, 32.727949 ], [ -97.204144, 32.72795 ], [ -97.207563, 32.727942 ], [ -97.207567, 32.727846 ], [ -97.207565, 32.727832 ], [ -97.207571, 32.727236 ], [ -97.207579, 32.726164 ], [ -97.207585, 32.725406 ], [ -97.207556, 32.725047 ], [ -97.207584, 32.725063 ], [ -97.207592, 32.725031 ], [ -97.207697, 32.725071 ], [ -97.207748, 32.725112 ], [ -97.207801, 32.72515 ], [ -97.208076, 32.725351 ], [ -97.208244, 32.725442 ], [ -97.208425, 32.725566 ], [ -97.208439, 32.725578 ], [ -97.208533, 32.725662 ], [ -97.208562, 32.725705 ], [ -97.208507, 32.725739 ], [ -97.208464, 32.725771 ], [ -97.208449, 32.725782 ], [ -97.208419, 32.725829 ], [ -97.208494, 32.725875 ], [ -97.208536, 32.725871 ], [ -97.208562, 32.725869 ], [ -97.208624, 32.725855 ], [ -97.208685, 32.726042 ], [ -97.208739, 32.726117 ], [ -97.208867, 32.726215 ], [ -97.208931, 32.726228 ], [ -97.209022, 32.726222 ], [ -97.209105, 32.72618 ], [ -97.209189, 32.726107 ], [ -97.209202, 32.72609 ], [ -97.209248, 32.726062 ], [ -97.209304, 32.726113 ], [ -97.209261, 32.726191 ], [ -97.209186, 32.726253 ], [ -97.209122, 32.726335 ], [ -97.209144, 32.726453 ], [ -97.209215, 32.726498 ], [ -97.209341, 32.726543 ], [ -97.209391, 32.726592 ], [ -97.20942, 32.726658 ], [ -97.209476, 32.726729 ], [ -97.209578, 32.726769 ], [ -97.209638, 32.726761 ], [ -97.209687, 32.72672 ], [ -97.20971, 32.726688 ], [ -97.20972, 32.726674 ], [ -97.209705, 32.726562 ], [ -97.209664, 32.726519 ], [ -97.209559, 32.726495 ], [ -97.209602, 32.726421 ], [ -97.209569, 32.72637 ], [ -97.209515, 32.726369 ], [ -97.209514, 32.726305 ], [ -97.209592, 32.72631 ], [ -97.209606, 32.726216 ], [ -97.20957, 32.726155 ], [ -97.209586, 32.726054 ], [ -97.209635, 32.726005 ], [ -97.209655, 32.725934 ], [ -97.209638, 32.725874 ], [ -97.20957, 32.725859 ], [ -97.209511, 32.725869 ], [ -97.209447, 32.725883 ], [ -97.209432, 32.725855 ], [ -97.209428, 32.72582 ], [ -97.209394, 32.725807 ], [ -97.20932, 32.725778 ], [ -97.209265, 32.725747 ], [ -97.209225, 32.725697 ], [ -97.209229, 32.725626 ], [ -97.209203, 32.725565 ], [ -97.20917, 32.725523 ], [ -97.209108, 32.725485 ], [ -97.209042, 32.725442 ], [ -97.209017, 32.725372 ], [ -97.209, 32.72527 ], [ -97.209005, 32.725021 ], [ -97.208992, 32.724967 ], [ -97.208921, 32.724883 ], [ -97.208837, 32.724805 ], [ -97.208779, 32.724707 ], [ -97.208742, 32.724589 ], [ -97.20872, 32.724468 ], [ -97.208636, 32.724323 ], [ -97.208346, 32.723996 ], [ -97.208278, 32.723898 ], [ -97.208285, 32.723776 ], [ -97.208346, 32.723658 ], [ -97.208444, 32.723374 ], [ -97.208584, 32.723081 ], [ -97.208651, 32.722966 ], [ -97.208735, 32.722869 ], [ -97.208904, 32.722717 ], [ -97.208965, 32.722645 ], [ -97.209073, 32.722549 ], [ -97.209145, 32.7225 ], [ -97.209219, 32.722497 ], [ -97.209298, 32.722521 ], [ -97.209333, 32.722589 ], [ -97.209393, 32.72261 ], [ -97.209446, 32.722636 ], [ -97.209574, 32.722619 ], [ -97.209658, 32.722544 ], [ -97.209669, 32.722481 ], [ -97.209658, 32.722425 ], [ -97.209611, 32.722347 ], [ -97.209659, 32.722275 ], [ -97.20973, 32.722191 ], [ -97.209736, 32.722134 ], [ -97.209701, 32.72208 ], [ -97.209687, 32.722003 ], [ -97.209716, 32.721924 ], [ -97.209758, 32.72188 ], [ -97.209865, 32.721796 ], [ -97.210019, 32.721767 ], [ -97.210219, 32.721723 ], [ -97.210279, 32.721721 ], [ -97.210367, 32.721746 ], [ -97.210402, 32.721756 ], [ -97.210464, 32.721787 ], [ -97.210494, 32.721799 ], [ -97.210623, 32.721791 ], [ -97.210691, 32.721765 ], [ -97.210844, 32.721785 ], [ -97.210964, 32.721848 ], [ -97.211112, 32.721917 ], [ -97.211195, 32.721957 ], [ -97.211404, 32.722226 ], [ -97.211563, 32.722493 ], [ -97.211674, 32.722626 ], [ -97.211801, 32.722747 ], [ -97.211975, 32.722839 ], [ -97.212055, 32.722907 ], [ -97.212309, 32.723146 ], [ -97.21242, 32.723334 ], [ -97.212436, 32.723415 ], [ -97.21242, 32.723495 ], [ -97.212408, 32.72352 ], [ -97.212397, 32.723631 ], [ -97.212387, 32.723681 ], [ -97.21238, 32.723738 ], [ -97.212367, 32.723801 ], [ -97.212353, 32.723869 ], [ -97.212338, 32.723935 ], [ -97.212325, 32.723998 ], [ -97.212318, 32.724049 ], [ -97.212294, 32.724126 ], [ -97.21228, 32.724182 ], [ -97.212235, 32.724309 ], [ -97.212229, 32.724336 ], [ -97.212229, 32.724429 ], [ -97.212198, 32.724456 ], [ -97.212152, 32.724469 ], [ -97.212131, 32.724502 ], [ -97.212114, 32.72452 ], [ -97.212024, 32.724641 ], [ -97.21197, 32.724731 ], [ -97.211923, 32.724772 ], [ -97.211791, 32.724866 ], [ -97.211635, 32.724924 ], [ -97.211611, 32.724952 ], [ -97.211581, 32.724987 ], [ -97.211555, 32.725017 ], [ -97.211557, 32.725043 ], [ -97.21156, 32.725079 ], [ -97.211599, 32.725094 ], [ -97.211657, 32.725118 ], [ -97.211737, 32.725124 ], [ -97.211804, 32.725149 ], [ -97.2118, 32.725163 ], [ -97.211806, 32.72518 ], [ -97.211808, 32.725272 ], [ -97.21178, 32.725392 ], [ -97.21175, 32.725484 ], [ -97.211734, 32.725547 ], [ -97.21172, 32.725585 ], [ -97.211714, 32.725615 ], [ -97.21172, 32.725654 ], [ -97.211769, 32.725715 ], [ -97.211802, 32.725741 ], [ -97.211827, 32.725757 ], [ -97.211905, 32.725779 ], [ -97.211921, 32.725783 ], [ -97.211972, 32.725806 ], [ -97.211988, 32.72582 ], [ -97.211999, 32.725833 ], [ -97.212005, 32.725842 ], [ -97.21202, 32.72586 ], [ -97.212025, 32.72587 ], [ -97.212034, 32.725884 ], [ -97.212039, 32.725893 ], [ -97.212047, 32.725909 ], [ -97.212056, 32.725925 ], [ -97.21206, 32.725941 ], [ -97.21206, 32.725988 ], [ -97.212036, 32.726135 ], [ -97.212029, 32.726158 ], [ -97.212024, 32.726196 ], [ -97.212017, 32.72622 ], [ -97.211979, 32.726296 ], [ -97.211958, 32.726347 ], [ -97.211941, 32.726421 ], [ -97.211924, 32.726469 ], [ -97.211911, 32.726534 ], [ -97.211889, 32.726586 ], [ -97.211872, 32.726651 ], [ -97.211856, 32.726697 ], [ -97.211839, 32.726766 ], [ -97.211824, 32.726825 ], [ -97.211801, 32.726891 ], [ -97.21179, 32.726948 ], [ -97.211791, 32.727007 ], [ -97.211855, 32.727044 ], [ -97.211921, 32.727036 ], [ -97.211992, 32.727023 ], [ -97.212048, 32.727003 ], [ -97.212113, 32.726979 ], [ -97.212184, 32.726933 ], [ -97.212242, 32.726859 ], [ -97.212269, 32.726799 ], [ -97.212346, 32.726688 ], [ -97.212375, 32.726656 ], [ -97.212457, 32.726728 ], [ -97.212532, 32.726769 ], [ -97.212587, 32.726796 ], [ -97.212737, 32.726858 ], [ -97.212812, 32.726883 ], [ -97.212867, 32.726906 ], [ -97.212916, 32.726941 ], [ -97.21298, 32.726984 ], [ -97.213072, 32.727029 ], [ -97.213117, 32.727102 ], [ -97.213127, 32.727163 ], [ -97.213155, 32.727223 ], [ -97.213179, 32.727279 ], [ -97.213231, 32.727315 ], [ -97.213306, 32.727364 ], [ -97.213354, 32.727395 ], [ -97.213411, 32.727422 ], [ -97.213478, 32.727409 ], [ -97.213562, 32.727417 ], [ -97.213648, 32.727468 ], [ -97.213716, 32.727497 ], [ -97.213795, 32.727527 ], [ -97.213894, 32.727573 ], [ -97.213955, 32.727602 ], [ -97.21407, 32.727638 ], [ -97.21409, 32.727637 ], [ -97.214184, 32.727633 ], [ -97.214266, 32.727629 ], [ -97.214298, 32.727617 ], [ -97.214343, 32.727598 ], [ -97.214402, 32.727475 ], [ -97.214367, 32.727401 ], [ -97.214378, 32.727394 ], [ -97.214393, 32.727379 ], [ -97.214409, 32.727364 ], [ -97.214429, 32.727356 ], [ -97.214441, 32.727355 ], [ -97.214453, 32.727358 ], [ -97.214465, 32.727364 ], [ -97.214471, 32.727378 ], [ -97.214473, 32.727396 ], [ -97.214489, 32.72745 ], [ -97.214498, 32.727482 ], [ -97.214498, 32.727499 ], [ -97.214496, 32.727555 ], [ -97.214496, 32.727634 ], [ -97.214503, 32.727692 ], [ -97.214504, 32.727733 ], [ -97.214507, 32.727753 ], [ -97.214512, 32.727775 ], [ -97.214521, 32.727851 ], [ -97.214525, 32.727863 ], [ -97.214534, 32.727891 ], [ -97.214543, 32.7279 ], [ -97.21456, 32.727899 ], [ -97.214568, 32.72789 ], [ -97.21457, 32.72788 ], [ -97.214573, 32.727841 ], [ -97.214578, 32.727761 ], [ -97.214571, 32.727702 ], [ -97.21457, 32.727679 ], [ -97.214572, 32.727653 ], [ -97.214576, 32.727625 ], [ -97.214585, 32.727598 ], [ -97.214591, 32.727569 ], [ -97.214593, 32.727546 ], [ -97.214589, 32.727524 ], [ -97.214592, 32.727498 ], [ -97.214601, 32.727452 ], [ -97.214613, 32.727425 ], [ -97.214617, 32.727414 ], [ -97.214614, 32.72739 ], [ -97.214612, 32.727367 ], [ -97.214613, 32.727353 ], [ -97.214618, 32.727335 ], [ -97.214623, 32.727324 ], [ -97.214621, 32.727296 ], [ -97.214614, 32.727274 ], [ -97.214606, 32.727245 ], [ -97.214595, 32.727225 ], [ -97.21454, 32.727178 ], [ -97.214524, 32.727168 ], [ -97.214485, 32.727146 ], [ -97.214406, 32.727112 ], [ -97.214385, 32.727105 ], [ -97.214338, 32.727093 ], [ -97.214309, 32.727087 ], [ -97.214255, 32.727084 ], [ -97.214235, 32.727085 ], [ -97.214209, 32.727087 ], [ -97.214181, 32.727093 ], [ -97.214158, 32.727096 ], [ -97.214141, 32.727094 ], [ -97.214075, 32.727069 ], [ -97.214046, 32.727058 ], [ -97.214023, 32.727053 ], [ -97.213927, 32.727027 ], [ -97.213853, 32.72697 ], [ -97.213805, 32.726856 ], [ -97.213787, 32.726803 ], [ -97.213802, 32.726759 ], [ -97.213807, 32.726745 ], [ -97.21383, 32.726688 ], [ -97.213856, 32.726642 ], [ -97.213843, 32.72653 ], [ -97.213811, 32.726475 ], [ -97.213778, 32.726426 ], [ -97.213758, 32.726365 ], [ -97.213735, 32.726312 ], [ -97.213691, 32.726245 ], [ -97.213654, 32.726192 ], [ -97.213634, 32.726178 ], [ -97.213592, 32.726149 ], [ -97.213528, 32.726124 ], [ -97.213466, 32.726067 ], [ -97.21342, 32.726 ], [ -97.21341, 32.725942 ], [ -97.213434, 32.725851 ], [ -97.213442, 32.725806 ], [ -97.213401, 32.725744 ], [ -97.213392, 32.725731 ], [ -97.213372, 32.725609 ], [ -97.213288, 32.725543 ], [ -97.213174, 32.725511 ], [ -97.213148, 32.725215 ], [ -97.213292, 32.72481 ], [ -97.213408, 32.72461 ], [ -97.213448, 32.724541 ], [ -97.213474, 32.724497 ], [ -97.213485, 32.724477 ], [ -97.213531, 32.724419 ], [ -97.213658, 32.724449 ], [ -97.213783, 32.724441 ], [ -97.213836, 32.724446 ], [ -97.213912, 32.724463 ], [ -97.214008, 32.724499 ], [ -97.214136, 32.724529 ], [ -97.214182, 32.724562 ], [ -97.214236, 32.724638 ], [ -97.214276, 32.724685 ], [ -97.214321, 32.724718 ], [ -97.21436, 32.724763 ], [ -97.214393, 32.724812 ], [ -97.214448, 32.724854 ], [ -97.214481, 32.724926 ], [ -97.214548, 32.724976 ], [ -97.214634, 32.725012 ], [ -97.214661, 32.725014 ], [ -97.214691, 32.725015 ], [ -97.214752, 32.724969 ], [ -97.214793, 32.725028 ], [ -97.21484, 32.725071 ], [ -97.214896, 32.725108 ], [ -97.214951, 32.725134 ], [ -97.214991, 32.725179 ], [ -97.215053, 32.725217 ], [ -97.215098, 32.725259 ], [ -97.215163, 32.725294 ], [ -97.215251, 32.725307 ], [ -97.215314, 32.725314 ], [ -97.215393, 32.725309 ], [ -97.215446, 32.725339 ], [ -97.21555, 32.725372 ], [ -97.215686, 32.725372 ], [ -97.21579, 32.725391 ], [ -97.215865, 32.725414 ], [ -97.215918, 32.725453 ], [ -97.21599, 32.725484 ], [ -97.216063, 32.725517 ], [ -97.216206, 32.725504 ], [ -97.21636, 32.725529 ], [ -97.216411, 32.725568 ], [ -97.21647, 32.7256 ], [ -97.216587, 32.725595 ], [ -97.216756, 32.725617 ], [ -97.216828, 32.725634 ], [ -97.216902, 32.725656 ], [ -97.217, 32.725622 ], [ -97.217119, 32.725622 ], [ -97.217212, 32.725655 ], [ -97.217273, 32.72569 ], [ -97.217328, 32.725713 ], [ -97.21739, 32.725739 ], [ -97.217465, 32.725782 ], [ -97.217507, 32.725861 ], [ -97.217511, 32.725878 ], [ -97.21752, 32.725916 ], [ -97.217545, 32.725948 ], [ -97.217607, 32.726015 ], [ -97.217616, 32.726028 ], [ -97.217861, 32.726225 ], [ -97.218186, 32.726405 ], [ -97.218678, 32.726896 ], [ -97.218707, 32.7269 ], [ -97.218742, 32.726891 ], [ -97.218932, 32.726763 ], [ -97.219147, 32.726637 ], [ -97.219235, 32.726585 ], [ -97.219267, 32.726539 ], [ -97.21927, 32.726506 ], [ -97.219251, 32.726463 ], [ -97.219238, 32.72645 ], [ -97.219082, 32.726394 ], [ -97.218849, 32.72632 ], [ -97.218623, 32.726197 ], [ -97.218453, 32.726152 ], [ -97.218234, 32.726038 ], [ -97.218157, 32.725979 ], [ -97.218143, 32.725971 ], [ -97.21806, 32.725888 ], [ -97.217989, 32.725824 ], [ -97.217946, 32.725785 ], [ -97.217904, 32.725746 ], [ -97.217798, 32.725671 ], [ -97.217749, 32.725636 ], [ -97.217657, 32.725592 ], [ -97.217622, 32.725573 ], [ -97.217577, 32.725548 ], [ -97.217542, 32.725529 ], [ -97.217482, 32.725476 ], [ -97.217475, 32.72544 ], [ -97.217481, 32.725423 ], [ -97.217526, 32.725371 ], [ -97.217549, 32.725344 ], [ -97.217582, 32.725301 ], [ -97.2176, 32.725276 ], [ -97.217675, 32.725203 ], [ -97.217739, 32.725099 ], [ -97.217796, 32.725006 ], [ -97.217787, 32.724848 ], [ -97.217776, 32.724832 ], [ -97.217766, 32.724809 ], [ -97.217759, 32.724798 ], [ -97.217725, 32.724737 ], [ -97.217642, 32.724642 ], [ -97.217558, 32.724577 ], [ -97.217518, 32.724561 ], [ -97.217495, 32.724519 ], [ -97.217455, 32.724472 ], [ -97.217426, 32.724428 ], [ -97.217329, 32.724395 ], [ -97.217247, 32.724341 ], [ -97.217186, 32.724347 ], [ -97.217124, 32.724361 ], [ -97.217055, 32.724379 ], [ -97.21699, 32.724385 ], [ -97.216877, 32.724356 ], [ -97.216828, 32.724323 ], [ -97.216746, 32.724245 ], [ -97.216704, 32.724226 ], [ -97.216665, 32.724168 ], [ -97.216624, 32.724115 ], [ -97.216597, 32.724088 ], [ -97.216572, 32.724064 ], [ -97.216538, 32.724029 ], [ -97.216513, 32.723997 ], [ -97.216489, 32.723958 ], [ -97.216474, 32.723927 ], [ -97.216415, 32.723858 ], [ -97.216378, 32.723814 ], [ -97.216342, 32.723774 ], [ -97.216291, 32.723723 ], [ -97.21622, 32.723646 ], [ -97.216127, 32.723568 ], [ -97.216089, 32.723536 ], [ -97.216047, 32.72351 ], [ -97.216012, 32.723494 ], [ -97.215985, 32.72348 ], [ -97.215947, 32.723467 ], [ -97.215926, 32.723462 ], [ -97.215885, 32.723442 ], [ -97.21583, 32.723412 ], [ -97.215789, 32.72339 ], [ -97.215769, 32.723374 ], [ -97.215715, 32.723327 ], [ -97.215654, 32.723205 ], [ -97.215637, 32.723168 ], [ -97.215575, 32.723073 ], [ -97.215557, 32.723037 ], [ -97.215572, 32.722926 ], [ -97.215512, 32.722874 ], [ -97.214762, 32.722227 ], [ -97.214723, 32.722194 ], [ -97.214716, 32.722177 ], [ -97.21471, 32.722104 ], [ -97.214697, 32.722025 ], [ -97.214694, 32.721996 ], [ -97.214699, 32.721978 ], [ -97.214722, 32.721954 ], [ -97.214756, 32.721943 ], [ -97.214817, 32.721922 ], [ -97.214864, 32.721913 ], [ -97.214958, 32.721879 ], [ -97.214986, 32.721869 ], [ -97.215027, 32.721839 ], [ -97.215052, 32.721771 ], [ -97.215045, 32.721719 ], [ -97.215019, 32.721687 ], [ -97.21498, 32.72166 ], [ -97.214929, 32.72163 ], [ -97.214889, 32.721601 ], [ -97.214761, 32.721581 ], [ -97.214611, 32.721577 ], [ -97.214244, 32.721603 ], [ -97.214153, 32.72158 ], [ -97.214051, 32.721546 ], [ -97.21397, 32.721501 ], [ -97.213918, 32.721468 ], [ -97.213821, 32.72141 ], [ -97.213782, 32.721384 ], [ -97.213758, 32.721368 ], [ -97.213682, 32.721288 ], [ -97.213662, 32.721241 ], [ -97.213658, 32.721223 ], [ -97.21366, 32.721207 ], [ -97.213695, 32.721173 ], [ -97.213738, 32.721139 ], [ -97.213897, 32.721072 ], [ -97.214011, 32.721042 ], [ -97.214069, 32.721036 ], [ -97.214166, 32.721018 ], [ -97.214294, 32.720989 ], [ -97.214382, 32.720955 ], [ -97.214415, 32.72094 ], [ -97.214441, 32.720922 ], [ -97.214493, 32.720876 ], [ -97.214554, 32.720839 ], [ -97.214602, 32.720793 ], [ -97.214635, 32.720769 ], [ -97.21477, 32.720686 ], [ -97.214862, 32.720636 ], [ -97.214902, 32.720609 ], [ -97.214916, 32.720596 ], [ -97.21495, 32.720551 ], [ -97.214968, 32.720507 ], [ -97.214982, 32.720485 ], [ -97.214991, 32.720448 ], [ -97.214998, 32.720398 ], [ -97.215003, 32.720384 ], [ -97.215001, 32.720341 ], [ -97.215001, 32.720327 ], [ -97.214986, 32.720316 ], [ -97.214955, 32.720308 ], [ -97.21494, 32.720314 ], [ -97.214876, 32.72034 ], [ -97.21483, 32.720363 ], [ -97.214641, 32.720427 ], [ -97.214479, 32.720487 ], [ -97.21446, 32.720493 ], [ -97.214339, 32.720508 ], [ -97.214308, 32.720515 ], [ -97.214232, 32.720523 ], [ -97.214204, 32.720523 ], [ -97.214179, 32.720526 ], [ -97.214162, 32.720528 ], [ -97.214117, 32.720535 ], [ -97.214055, 32.720543 ], [ -97.21403, 32.720542 ], [ -97.213951, 32.720526 ], [ -97.213879, 32.720489 ], [ -97.213845, 32.720466 ], [ -97.213798, 32.720419 ], [ -97.213764, 32.720384 ], [ -97.213754, 32.720374 ], [ -97.213724, 32.720349 ], [ -97.213706, 32.720324 ], [ -97.213687, 32.720317 ], [ -97.213664, 32.720312 ], [ -97.213629, 32.720313 ], [ -97.213616, 32.720315 ], [ -97.213589, 32.720325 ], [ -97.213551, 32.720348 ], [ -97.213439, 32.720414 ], [ -97.213415, 32.720431 ], [ -97.213395, 32.720448 ], [ -97.213368, 32.720474 ], [ -97.213338, 32.720508 ], [ -97.213324, 32.720518 ], [ -97.213292, 32.720539 ], [ -97.21326, 32.720551 ], [ -97.213246, 32.720555 ], [ -97.213228, 32.720559 ], [ -97.2132, 32.720559 ], [ -97.21318, 32.720554 ], [ -97.213152, 32.720546 ], [ -97.213127, 32.720534 ], [ -97.213106, 32.720522 ], [ -97.213081, 32.720508 ], [ -97.213065, 32.720496 ], [ -97.213036, 32.720477 ], [ -97.212964, 32.72043 ], [ -97.212948, 32.720414 ], [ -97.212914, 32.720383 ], [ -97.212833, 32.720321 ], [ -97.21278, 32.720279 ], [ -97.212726, 32.720242 ], [ -97.212684, 32.720217 ], [ -97.212674, 32.720211 ], [ -97.212661, 32.720205 ], [ -97.212641, 32.72019 ], [ -97.212556, 32.720139 ], [ -97.212465, 32.720082 ], [ -97.212401, 32.720019 ], [ -97.212382, 32.719992 ], [ -97.212369, 32.719988 ], [ -97.212359, 32.719926 ], [ -97.212349, 32.719913 ], [ -97.21231, 32.719865 ], [ -97.212297, 32.719798 ], [ -97.212291, 32.719719 ], [ -97.212309, 32.719662 ], [ -97.212357, 32.719608 ], [ -97.212374, 32.719595 ], [ -97.212592, 32.719426 ], [ -97.212645, 32.719415 ], [ -97.212743, 32.719383 ], [ -97.212827, 32.719344 ], [ -97.212889, 32.719326 ], [ -97.212944, 32.719299 ], [ -97.213026, 32.719275 ], [ -97.213133, 32.719235 ], [ -97.213227, 32.719198 ], [ -97.213286, 32.719184 ], [ -97.213345, 32.719167 ], [ -97.213429, 32.719132 ], [ -97.213496, 32.719108 ], [ -97.213565, 32.719093 ], [ -97.213623, 32.71909 ], [ -97.213686, 32.719097 ], [ -97.213745, 32.719076 ], [ -97.213819, 32.719044 ], [ -97.213878, 32.71908 ], [ -97.213918, 32.71904 ], [ -97.214001, 32.718997 ], [ -97.214067, 32.718983 ], [ -97.214123, 32.718983 ], [ -97.214179, 32.71897 ], [ -97.214206, 32.718964 ], [ -97.214291, 32.71893 ], [ -97.214397, 32.718925 ], [ -97.21446, 32.718901 ], [ -97.214518, 32.718844 ], [ -97.214524, 32.718832 ], [ -97.214517, 32.718823 ], [ -97.214499, 32.71881 ], [ -97.214471, 32.718786 ], [ -97.214459, 32.71878 ], [ -97.214409, 32.718769 ], [ -97.214361, 32.71877 ], [ -97.214335, 32.718776 ], [ -97.214265, 32.718801 ], [ -97.214252, 32.718807 ], [ -97.214234, 32.718812 ], [ -97.214196, 32.718816 ], [ -97.214166, 32.718811 ], [ -97.214149, 32.718806 ], [ -97.214131, 32.718797 ], [ -97.214117, 32.718793 ], [ -97.214066, 32.718802 ], [ -97.214038, 32.718813 ], [ -97.214022, 32.718822 ], [ -97.21399, 32.718843 ], [ -97.213981, 32.718851 ], [ -97.21397, 32.718856 ], [ -97.213941, 32.718863 ], [ -97.213857, 32.718874 ], [ -97.213796, 32.718873 ], [ -97.213711, 32.718873 ], [ -97.21366, 32.718879 ], [ -97.21361, 32.718887 ], [ -97.213574, 32.718895 ], [ -97.213541, 32.718905 ], [ -97.213481, 32.71892 ], [ -97.213391, 32.718946 ], [ -97.213312, 32.718977 ], [ -97.213286, 32.718987 ], [ -97.213257, 32.718993 ], [ -97.21318, 32.719001 ], [ -97.213135, 32.719 ], [ -97.213083, 32.718996 ], [ -97.21306, 32.718992 ], [ -97.213045, 32.718984 ], [ -97.212992, 32.718949 ], [ -97.212975, 32.718935 ], [ -97.212958, 32.718913 ], [ -97.212928, 32.718899 ], [ -97.212855, 32.718897 ], [ -97.212865, 32.718871 ], [ -97.212878, 32.718842 ], [ -97.213106, 32.718671 ], [ -97.213179, 32.718689 ], [ -97.213184, 32.718612 ], [ -97.213279, 32.718597 ], [ -97.213308, 32.718569 ], [ -97.213408, 32.718495 ], [ -97.213513, 32.718425 ], [ -97.21363, 32.718353 ], [ -97.213682, 32.718321 ], [ -97.213723, 32.718289 ], [ -97.213744, 32.718272 ], [ -97.213757, 32.718254 ], [ -97.213817, 32.718189 ], [ -97.213843, 32.718162 ], [ -97.213861, 32.718144 ], [ -97.213903, 32.718108 ], [ -97.213938, 32.71808 ], [ -97.213979, 32.718044 ], [ -97.214041, 32.717975 ], [ -97.214069, 32.717939 ], [ -97.214102, 32.71789 ], [ -97.21416, 32.717806 ], [ -97.214197, 32.717756 ], [ -97.214323, 32.717539 ], [ -97.214347, 32.717488 ], [ -97.214398, 32.717391 ], [ -97.214445, 32.7173 ], [ -97.214467, 32.717253 ], [ -97.214649, 32.71697 ], [ -97.214734, 32.716859 ], [ -97.214758, 32.716792 ], [ -97.214803, 32.716718 ], [ -97.214837, 32.71666 ], [ -97.21487, 32.716594 ], [ -97.214898, 32.716522 ], [ -97.21492, 32.716461 ], [ -97.214955, 32.716319 ], [ -97.214962, 32.716266 ], [ -97.215104, 32.716002 ], [ -97.215178, 32.715792 ], [ -97.215243, 32.715708 ], [ -97.215293, 32.715601 ], [ -97.215339, 32.715547 ], [ -97.215494, 32.715505 ], [ -97.215822, 32.715518 ], [ -97.21591, 32.715585 ], [ -97.215943, 32.715617 ], [ -97.216004, 32.715662 ], [ -97.216104, 32.71573 ], [ -97.216155, 32.715785 ], [ -97.216169, 32.715793 ], [ -97.216182, 32.715792 ], [ -97.216199, 32.715786 ], [ -97.216255, 32.715758 ], [ -97.21636, 32.715705 ], [ -97.216413, 32.715674 ], [ -97.216455, 32.715641 ], [ -97.216483, 32.715629 ], [ -97.216556, 32.715632 ], [ -97.216584, 32.715634 ], [ -97.216622, 32.715635 ], [ -97.216673, 32.715635 ], [ -97.216717, 32.715633 ], [ -97.216746, 32.715624 ], [ -97.216767, 32.715612 ], [ -97.216783, 32.715599 ], [ -97.216797, 32.715588 ], [ -97.21681, 32.715578 ], [ -97.216821, 32.715571 ], [ -97.216835, 32.715544 ], [ -97.216843, 32.715517 ], [ -97.216844, 32.71548 ], [ -97.216844, 32.715449 ], [ -97.216842, 32.715368 ], [ -97.21685, 32.715331 ], [ -97.216902, 32.715321 ], [ -97.216933, 32.715358 ], [ -97.216937, 32.715412 ], [ -97.21694, 32.71546 ], [ -97.216943, 32.715491 ], [ -97.216939, 32.715567 ], [ -97.216942, 32.71558 ], [ -97.216954, 32.715642 ], [ -97.217015, 32.715652 ], [ -97.217187, 32.715722 ], [ -97.217349, 32.715763 ], [ -97.217463, 32.715806 ], [ -97.217538, 32.715864 ], [ -97.217565, 32.715904 ], [ -97.217561, 32.716002 ], [ -97.21735, 32.716435 ], [ -97.217255, 32.716585 ], [ -97.217202, 32.716706 ], [ -97.217172, 32.716756 ], [ -97.217163, 32.71678 ], [ -97.217147, 32.716815 ], [ -97.217219, 32.716821 ], [ -97.217305, 32.716756 ], [ -97.21736, 32.716723 ], [ -97.217407, 32.716701 ], [ -97.217439, 32.716686 ], [ -97.217496, 32.716641 ], [ -97.217558, 32.716609 ], [ -97.217589, 32.716605 ], [ -97.217617, 32.716602 ], [ -97.217668, 32.716549 ], [ -97.217669, 32.716473 ], [ -97.217685, 32.716401 ], [ -97.217692, 32.716324 ], [ -97.217702, 32.716268 ], [ -97.217724, 32.716096 ], [ -97.21775, 32.716044 ], [ -97.217802, 32.715947 ], [ -97.217831, 32.715884 ], [ -97.217831, 32.715789 ], [ -97.217854, 32.715703 ], [ -97.217887, 32.715633 ], [ -97.217877, 32.715549 ], [ -97.217872, 32.715496 ], [ -97.217868, 32.715398 ], [ -97.21787, 32.715323 ], [ -97.217922, 32.715283 ], [ -97.218023, 32.715307 ], [ -97.218073, 32.715341 ], [ -97.218128, 32.715408 ], [ -97.218166, 32.715447 ], [ -97.218214, 32.715491 ], [ -97.21826, 32.715527 ], [ -97.218335, 32.715565 ], [ -97.218397, 32.715586 ], [ -97.21864, 32.715593 ], [ -97.218695, 32.715592 ], [ -97.218807, 32.71563 ], [ -97.218909, 32.715708 ], [ -97.218956, 32.715745 ], [ -97.219018, 32.71576 ], [ -97.219115, 32.715816 ], [ -97.219282, 32.71591 ], [ -97.219417, 32.715936 ], [ -97.219493, 32.715963 ], [ -97.219555, 32.715983 ], [ -97.21961, 32.71601 ], [ -97.219682, 32.716044 ], [ -97.219743, 32.716058 ], [ -97.219796, 32.716096 ], [ -97.219851, 32.716129 ], [ -97.219893, 32.71618 ], [ -97.219935, 32.716237 ], [ -97.219968, 32.716304 ], [ -97.219996, 32.716393 ], [ -97.220013, 32.716455 ], [ -97.220067, 32.716515 ], [ -97.220101, 32.71643 ], [ -97.22014, 32.716381 ], [ -97.220162, 32.716273 ], [ -97.220196, 32.716204 ], [ -97.220227, 32.716161 ], [ -97.220297, 32.716129 ], [ -97.220351, 32.71613 ], [ -97.220406, 32.716156 ], [ -97.220455, 32.71619 ], [ -97.220493, 32.716229 ], [ -97.220576, 32.716278 ], [ -97.220644, 32.716278 ], [ -97.220705, 32.716259 ], [ -97.220774, 32.716158 ], [ -97.22082, 32.716072 ], [ -97.220763, 32.716042 ], [ -97.220696, 32.716062 ], [ -97.220627, 32.71607 ], [ -97.220537, 32.71601 ], [ -97.220494, 32.715971 ], [ -97.220417, 32.715945 ], [ -97.220357, 32.715932 ], [ -97.220297, 32.715921 ], [ -97.220214, 32.715946 ], [ -97.220149, 32.715952 ], [ -97.220069, 32.715953 ], [ -97.219984, 32.715913 ], [ -97.219931, 32.715875 ], [ -97.219873, 32.715831 ], [ -97.219804, 32.71578 ], [ -97.219701, 32.715688 ], [ -97.219649, 32.71565 ], [ -97.219604, 32.715604 ], [ -97.219552, 32.715548 ], [ -97.219491, 32.715503 ], [ -97.2194, 32.715427 ], [ -97.219378, 32.715409 ], [ -97.219325, 32.715365 ], [ -97.219306, 32.71535 ], [ -97.219282, 32.71533 ], [ -97.219188, 32.715243 ], [ -97.219122, 32.715201 ], [ -97.219064, 32.715171 ], [ -97.218979, 32.715131 ], [ -97.218907, 32.71508 ], [ -97.218876, 32.715022 ], [ -97.21884, 32.71497 ], [ -97.218821, 32.714954 ], [ -97.218748, 32.714862 ], [ -97.218714, 32.71479 ], [ -97.218683, 32.714632 ], [ -97.218687, 32.71457 ], [ -97.218769, 32.714395 ], [ -97.218847, 32.714311 ], [ -97.218964, 32.714245 ], [ -97.219018, 32.714231 ], [ -97.219138, 32.714201 ], [ -97.219254, 32.714143 ], [ -97.219308, 32.714086 ], [ -97.219317, 32.714069 ], [ -97.219345, 32.714033 ], [ -97.21942, 32.713972 ], [ -97.219493, 32.713939 ], [ -97.219567, 32.713917 ], [ -97.219628, 32.713884 ], [ -97.219675, 32.713851 ], [ -97.219823, 32.713848 ], [ -97.219948, 32.713844 ], [ -97.220052, 32.713869 ], [ -97.220126, 32.713898 ], [ -97.220234, 32.713963 ], [ -97.220269, 32.713963 ], [ -97.220291, 32.713939 ], [ -97.220278, 32.713901 ], [ -97.2202, 32.713828 ], [ -97.220156, 32.713775 ], [ -97.220126, 32.713731 ], [ -97.220117, 32.71369 ], [ -97.220126, 32.713631 ], [ -97.220161, 32.713507 ], [ -97.220169, 32.713413 ], [ -97.220152, 32.713372 ], [ -97.220104, 32.713355 ], [ -97.219909, 32.713369 ], [ -97.219645, 32.713394 ], [ -97.219588, 32.713389 ], [ -97.219496, 32.713368 ], [ -97.219435, 32.713355 ], [ -97.21937, 32.713334 ], [ -97.219305, 32.713314 ], [ -97.219277, 32.713253 ], [ -97.219295, 32.713149 ], [ -97.219348, 32.712921 ], [ -97.219361, 32.712823 ], [ -97.219319, 32.712755 ], [ -97.219072, 32.712504 ], [ -97.218942, 32.712392 ], [ -97.218905, 32.712361 ], [ -97.218861, 32.712219 ], [ -97.218879, 32.711963 ], [ -97.21897, 32.711556 ], [ -97.219045, 32.711252 ], [ -97.219087, 32.711166 ], [ -97.21913, 32.71108 ], [ -97.219159, 32.711051 ], [ -97.219222, 32.710989 ], [ -97.219416, 32.710823 ], [ -97.219627, 32.710733 ], [ -97.219836, 32.710674 ], [ -97.219983, 32.710589 ], [ -97.220095, 32.710512 ], [ -97.220175, 32.710374 ], [ -97.22025, 32.710252 ], [ -97.220335, 32.710162 ], [ -97.220383, 32.710114 ], [ -97.220431, 32.710035 ], [ -97.220501, 32.709948 ], [ -97.220552, 32.709841 ], [ -97.220577, 32.709755 ], [ -97.220651, 32.709732 ], [ -97.220669, 32.709726 ], [ -97.220691, 32.709734 ], [ -97.22083, 32.70973 ], [ -97.220995, 32.70969 ], [ -97.221297, 32.709668 ], [ -97.22134, 32.70969 ], [ -97.221406, 32.709737 ], [ -97.221493, 32.709803 ], [ -97.221506, 32.709713 ], [ -97.221519, 32.709658 ], [ -97.221528, 32.709627 ], [ -97.221585, 32.709581 ], [ -97.221695, 32.709574 ], [ -97.221777, 32.709561 ], [ -97.221839, 32.709555 ], [ -97.222048, 32.709555 ], [ -97.222108, 32.70956 ], [ -97.222167, 32.709581 ], [ -97.222259, 32.709607 ], [ -97.222322, 32.709613 ], [ -97.222333, 32.709553 ], [ -97.222319, 32.709491 ], [ -97.222304, 32.709443 ], [ -97.222303, 32.709351 ], [ -97.222316, 32.7093 ], [ -97.222346, 32.709236 ], [ -97.222431, 32.709189 ], [ -97.222499, 32.709167 ], [ -97.222617, 32.709171 ], [ -97.222729, 32.709259 ], [ -97.222875, 32.70938 ], [ -97.222902, 32.709449 ], [ -97.222914, 32.709512 ], [ -97.222937, 32.709572 ], [ -97.222947, 32.709628 ], [ -97.22296, 32.709679 ], [ -97.222995, 32.709728 ], [ -97.223069, 32.709749 ], [ -97.223126, 32.709778 ], [ -97.223184, 32.709818 ], [ -97.223221, 32.709834 ], [ -97.223262, 32.709853 ], [ -97.223334, 32.709885 ], [ -97.223411, 32.709909 ], [ -97.223503, 32.70995 ], [ -97.223558, 32.709968 ], [ -97.223614, 32.709991 ], [ -97.223676, 32.710011 ], [ -97.223806, 32.710037 ], [ -97.223869, 32.710039 ], [ -97.223899, 32.710028 ], [ -97.223922, 32.710019 ], [ -97.223946, 32.710011 ], [ -97.223913, 32.709984 ], [ -97.223879, 32.709983 ], [ -97.223847, 32.709979 ], [ -97.223834, 32.709975 ], [ -97.223823, 32.709972 ], [ -97.223795, 32.709966 ], [ -97.223761, 32.709963 ], [ -97.223706, 32.709964 ], [ -97.223686, 32.709959 ], [ -97.223671, 32.709956 ], [ -97.223649, 32.709949 ], [ -97.223618, 32.709939 ], [ -97.223581, 32.709925 ], [ -97.223545, 32.709907 ], [ -97.223522, 32.709894 ], [ -97.223508, 32.709888 ], [ -97.223488, 32.709875 ], [ -97.223475, 32.709866 ], [ -97.223462, 32.709854 ], [ -97.22345, 32.709843 ], [ -97.223437, 32.70983 ], [ -97.223417, 32.7098 ], [ -97.223383, 32.709777 ], [ -97.223332, 32.709745 ], [ -97.223285, 32.709707 ], [ -97.22324, 32.709675 ], [ -97.223184, 32.709629 ], [ -97.2231, 32.709557 ], [ -97.223067, 32.70951 ], [ -97.223015, 32.709413 ], [ -97.223009, 32.709358 ], [ -97.222983, 32.709284 ], [ -97.222965, 32.709235 ], [ -97.22292, 32.709195 ], [ -97.22289, 32.709163 ], [ -97.222738, 32.708999 ], [ -97.222589, 32.708897 ], [ -97.22246, 32.708849 ], [ -97.222353, 32.70881 ], [ -97.22228, 32.708798 ], [ -97.22226, 32.708797 ], [ -97.22217, 32.708793 ], [ -97.222132, 32.7088 ], [ -97.222082, 32.708811 ], [ -97.222028, 32.708841 ], [ -97.222, 32.708891 ], [ -97.221972, 32.708947 ], [ -97.221942, 32.709001 ], [ -97.221929, 32.709069 ], [ -97.221907, 32.709126 ], [ -97.221805, 32.709075 ], [ -97.221771, 32.70902 ], [ -97.221738, 32.708972 ], [ -97.221748, 32.708876 ], [ -97.221751, 32.708817 ], [ -97.221689, 32.708759 ], [ -97.221631, 32.708732 ], [ -97.221569, 32.708713 ], [ -97.22155, 32.708705 ], [ -97.221477, 32.708673 ], [ -97.221455, 32.708669 ], [ -97.221331, 32.708657 ], [ -97.221313, 32.708655 ], [ -97.220996, 32.708588 ], [ -97.220713, 32.708506 ], [ -97.220476, 32.708494 ], [ -97.220308, 32.70852 ], [ -97.220169, 32.70856 ], [ -97.220144, 32.708573 ], [ -97.220132, 32.708578 ], [ -97.220093, 32.708601 ], [ -97.220054, 32.708618 ], [ -97.22002, 32.708636 ], [ -97.220008, 32.708643 ], [ -97.219987, 32.708656 ], [ -97.219916, 32.708686 ], [ -97.219897, 32.708694 ], [ -97.219873, 32.708708 ], [ -97.219845, 32.708725 ], [ -97.219812, 32.708743 ], [ -97.219761, 32.708769 ], [ -97.219728, 32.708787 ], [ -97.219699, 32.708805 ], [ -97.219647, 32.708838 ], [ -97.219571, 32.708886 ], [ -97.219533, 32.708909 ], [ -97.219458, 32.708955 ], [ -97.219418, 32.708974 ], [ -97.219373, 32.708992 ], [ -97.219325, 32.708996 ], [ -97.219267, 32.708987 ], [ -97.21906, 32.708695 ], [ -97.219039, 32.708394 ], [ -97.219254, 32.708289 ], [ -97.219873, 32.708049 ], [ -97.220001, 32.707985 ], [ -97.220659, 32.707839 ], [ -97.220875, 32.707805 ], [ -97.221017, 32.707803 ], [ -97.221322, 32.707701 ], [ -97.221427, 32.707638 ], [ -97.221532, 32.707503 ], [ -97.221586, 32.707469 ], [ -97.22193, 32.707354 ], [ -97.222101, 32.707315 ], [ -97.222244, 32.707259 ], [ -97.222375, 32.707192 ], [ -97.222564, 32.706953 ], [ -97.222612, 32.70691 ], [ -97.222651, 32.70681 ], [ -97.222684, 32.706768 ], [ -97.222727, 32.706701 ], [ -97.222804, 32.706626 ], [ -97.222877, 32.706606 ], [ -97.222923, 32.706647 ], [ -97.222972, 32.706678 ], [ -97.223035, 32.706704 ], [ -97.223061, 32.706701 ], [ -97.223109, 32.706697 ], [ -97.223201, 32.706711 ], [ -97.223286, 32.706725 ], [ -97.22334, 32.706724 ], [ -97.223334, 32.706656 ], [ -97.223329, 32.706648 ], [ -97.223301, 32.706605 ], [ -97.223216, 32.706552 ], [ -97.223129, 32.706506 ], [ -97.223063, 32.706471 ], [ -97.223046, 32.706455 ], [ -97.222979, 32.706397 ], [ -97.222957, 32.706339 ], [ -97.222996, 32.706286 ], [ -97.223028, 32.706233 ], [ -97.222999, 32.706144 ], [ -97.223009, 32.706081 ], [ -97.223025, 32.70602 ], [ -97.223024, 32.705937 ], [ -97.223018, 32.705895 ], [ -97.223016, 32.705871 ], [ -97.223022, 32.705809 ], [ -97.222976, 32.705722 ], [ -97.22296, 32.705668 ], [ -97.22298, 32.705577 ], [ -97.223016, 32.705536 ], [ -97.223009, 32.705453 ], [ -97.222984, 32.705384 ], [ -97.222976, 32.705332 ], [ -97.222956, 32.705282 ], [ -97.222899, 32.705258 ], [ -97.222843, 32.70528 ], [ -97.222777, 32.705317 ], [ -97.222698, 32.705318 ], [ -97.222717, 32.705278 ], [ -97.222723, 32.705266 ], [ -97.222742, 32.705203 ], [ -97.222719, 32.705154 ], [ -97.222629, 32.705163 ], [ -97.222534, 32.705193 ], [ -97.222463, 32.705237 ], [ -97.22235, 32.705266 ], [ -97.222304, 32.705303 ], [ -97.222271, 32.705355 ], [ -97.222261, 32.705402 ], [ -97.222258, 32.705418 ], [ -97.222219, 32.705478 ], [ -97.222171, 32.705502 ], [ -97.222082, 32.705515 ], [ -97.222054, 32.705534 ], [ -97.222005, 32.705567 ], [ -97.221957, 32.705599 ], [ -97.222004, 32.705661 ], [ -97.222037, 32.70572 ], [ -97.222122, 32.705724 ], [ -97.222143, 32.705725 ], [ -97.222177, 32.705725 ], [ -97.222211, 32.705726 ], [ -97.222269, 32.705731 ], [ -97.222349, 32.705737 ], [ -97.222427, 32.705784 ], [ -97.222378, 32.705841 ], [ -97.222317, 32.705868 ], [ -97.222286, 32.705891 ], [ -97.222269, 32.705941 ], [ -97.222178, 32.706055 ], [ -97.221997, 32.706218 ], [ -97.221781, 32.706325 ], [ -97.221646, 32.706359 ], [ -97.221545, 32.706378 ], [ -97.221406, 32.70631 ], [ -97.221299, 32.706294 ], [ -97.221224, 32.706327 ], [ -97.221119, 32.706385 ], [ -97.221063, 32.70641 ], [ -97.221012, 32.706424 ], [ -97.220943, 32.706437 ], [ -97.220853, 32.706463 ], [ -97.22082, 32.706466 ], [ -97.220783, 32.706476 ], [ -97.220677, 32.706533 ], [ -97.220582, 32.706583 ], [ -97.220448, 32.706618 ], [ -97.220251, 32.70661 ], [ -97.220124, 32.706591 ], [ -97.219989, 32.706567 ], [ -97.219917, 32.706555 ], [ -97.219809, 32.706536 ], [ -97.219778, 32.706524 ], [ -97.219725, 32.706502 ], [ -97.219591, 32.706404 ], [ -97.219505, 32.706257 ], [ -97.219492, 32.706131 ], [ -97.219492, 32.706112 ], [ -97.219493, 32.70604 ], [ -97.219494, 32.70599 ], [ -97.219496, 32.705969 ], [ -97.219501, 32.705913 ], [ -97.219484, 32.705807 ], [ -97.219415, 32.705801 ], [ -97.219358, 32.705832 ], [ -97.219322, 32.705891 ], [ -97.219317, 32.705954 ], [ -97.21931, 32.706013 ], [ -97.219287, 32.706067 ], [ -97.219255, 32.706109 ], [ -97.219212, 32.706163 ], [ -97.219183, 32.70621 ], [ -97.21917, 32.706297 ], [ -97.219163, 32.706358 ], [ -97.219131, 32.706432 ], [ -97.219079, 32.706523 ], [ -97.21904, 32.706575 ], [ -97.219018, 32.706602 ], [ -97.218994, 32.706631 ], [ -97.218949, 32.706666 ], [ -97.218894, 32.706706 ], [ -97.218828, 32.706747 ], [ -97.21875, 32.706777 ], [ -97.21868, 32.706776 ], [ -97.218623, 32.70677 ], [ -97.218551, 32.706783 ], [ -97.218428, 32.706763 ], [ -97.218384, 32.706752 ], [ -97.218278, 32.706725 ], [ -97.21821, 32.706719 ], [ -97.218161, 32.706716 ], [ -97.218127, 32.706713 ], [ -97.218086, 32.706726 ], [ -97.218061, 32.706734 ], [ -97.218041, 32.706743 ], [ -97.217974, 32.706773 ], [ -97.217912, 32.706784 ], [ -97.217828, 32.706784 ], [ -97.21777, 32.706785 ], [ -97.217536, 32.706791 ], [ -97.217422, 32.706796 ], [ -97.217394, 32.706798 ], [ -97.217331, 32.706804 ], [ -97.217264, 32.70681 ], [ -97.217176, 32.706817 ], [ -97.217, 32.706824 ], [ -97.216932, 32.706829 ], [ -97.216819, 32.706836 ], [ -97.216734, 32.70685 ], [ -97.216666, 32.706867 ], [ -97.216595, 32.706904 ], [ -97.216528, 32.70693 ], [ -97.216512, 32.706979 ], [ -97.216414, 32.707013 ], [ -97.216348, 32.707043 ], [ -97.216328, 32.707046 ], [ -97.216201, 32.707039 ], [ -97.216069, 32.707006 ], [ -97.215975, 32.706956 ], [ -97.215856, 32.706876 ], [ -97.215808, 32.706847 ], [ -97.215597, 32.706662 ], [ -97.215555, 32.706615 ], [ -97.21551, 32.706537 ], [ -97.215473, 32.706494 ], [ -97.215435, 32.70644 ], [ -97.215392, 32.706405 ], [ -97.215344, 32.706353 ], [ -97.215288, 32.706312 ], [ -97.215256, 32.706251 ], [ -97.215282, 32.706205 ], [ -97.215354, 32.706152 ], [ -97.215418, 32.706131 ], [ -97.215483, 32.706105 ], [ -97.215535, 32.706073 ], [ -97.215568, 32.706016 ], [ -97.2156, 32.705968 ], [ -97.215645, 32.70591 ], [ -97.215701, 32.705844 ], [ -97.215743, 32.705805 ], [ -97.215809, 32.705775 ], [ -97.215864, 32.705755 ], [ -97.215961, 32.705735 ], [ -97.216046, 32.705699 ], [ -97.21612, 32.70566 ], [ -97.216211, 32.705617 ], [ -97.216277, 32.705582 ], [ -97.216388, 32.705536 ], [ -97.216492, 32.70549 ], [ -97.216559, 32.705465 ], [ -97.21668, 32.705403 ], [ -97.216794, 32.705344 ], [ -97.216885, 32.705287 ], [ -97.216946, 32.705253 ], [ -97.21706, 32.705183 ], [ -97.217148, 32.705136 ], [ -97.217356, 32.705014 ], [ -97.217434, 32.704975 ], [ -97.217517, 32.70493 ], [ -97.217644, 32.704848 ], [ -97.217704, 32.704805 ], [ -97.217777, 32.70474 ], [ -97.217827, 32.70468 ], [ -97.217882, 32.704616 ], [ -97.217922, 32.704569 ], [ -97.217987, 32.704493 ], [ -97.218048, 32.704408 ], [ -97.218097, 32.704337 ], [ -97.21813, 32.704273 ], [ -97.218169, 32.704181 ], [ -97.218214, 32.704094 ], [ -97.21826, 32.704013 ], [ -97.218282, 32.703964 ], [ -97.218311, 32.703879 ], [ -97.218341, 32.703797 ], [ -97.218364, 32.703738 ], [ -97.218386, 32.703675 ], [ -97.218442, 32.70345 ], [ -97.218455, 32.703393 ], [ -97.218462, 32.703313 ], [ -97.218471, 32.703222 ], [ -97.218478, 32.703165 ], [ -97.218471, 32.703079 ], [ -97.218461, 32.703019 ], [ -97.218455, 32.702942 ], [ -97.218448, 32.70287 ], [ -97.218448, 32.702793 ], [ -97.218433, 32.702719 ], [ -97.218409, 32.702618 ], [ -97.218396, 32.702552 ], [ -97.218361, 32.702482 ], [ -97.218302, 32.702385 ], [ -97.218261, 32.702328 ], [ -97.218217, 32.702278 ], [ -97.218153, 32.70221 ], [ -97.218071, 32.702142 ], [ -97.21802, 32.70211 ], [ -97.21797, 32.702076 ], [ -97.217837, 32.701957 ], [ -97.21776, 32.701898 ], [ -97.217688, 32.701856 ], [ -97.217626, 32.701816 ], [ -97.217568, 32.701781 ], [ -97.217477, 32.701733 ], [ -97.217415, 32.701701 ], [ -97.217343, 32.701667 ], [ -97.217289, 32.701638 ], [ -97.21723, 32.70161 ], [ -97.217177, 32.701584 ], [ -97.217143, 32.70157 ], [ -97.217067, 32.701545 ], [ -97.217051, 32.701538 ], [ -97.216998, 32.701522 ], [ -97.216901, 32.701488 ], [ -97.216836, 32.701453 ], [ -97.216794, 32.701409 ], [ -97.216739, 32.701343 ], [ -97.216703, 32.701307 ], [ -97.216641, 32.701242 ], [ -97.216576, 32.701127 ], [ -97.216544, 32.70108 ], [ -97.216508, 32.701026 ], [ -97.216485, 32.700977 ], [ -97.216449, 32.700917 ], [ -97.216408, 32.700842 ], [ -97.216384, 32.700784 ], [ -97.216349, 32.700714 ], [ -97.21633, 32.700669 ], [ -97.216323, 32.700652 ], [ -97.216299, 32.700568 ], [ -97.216278, 32.7005 ], [ -97.216491, 32.700302 ], [ -97.216627, 32.700275 ], [ -97.216764, 32.700249 ], [ -97.2172, 32.700165 ], [ -97.217266, 32.700152 ], [ -97.217391, 32.69994 ], [ -97.217449, 32.699842 ], [ -97.217335, 32.699799 ], [ -97.217323, 32.699286 ], [ -97.217305, 32.69918 ], [ -97.217289, 32.699121 ], [ -97.217345, 32.698989 ], [ -97.21737, 32.698963 ], [ -97.217393, 32.698934 ], [ -97.217419, 32.698905 ], [ -97.217448, 32.698859 ], [ -97.21748, 32.698811 ], [ -97.217494, 32.69878 ], [ -97.21751, 32.698752 ], [ -97.21753, 32.698717 ], [ -97.217539, 32.698702 ], [ -97.217547, 32.698682 ], [ -97.217551, 32.698657 ], [ -97.217557, 32.69863 ], [ -97.21757, 32.698603 ], [ -97.217581, 32.698587 ], [ -97.217592, 32.698572 ], [ -97.217625, 32.698543 ], [ -97.217633, 32.698528 ], [ -97.217643, 32.698502 ], [ -97.217646, 32.698483 ], [ -97.21765, 32.698445 ], [ -97.217689, 32.698344 ], [ -97.217699, 32.698319 ], [ -97.217717, 32.698265 ], [ -97.217731, 32.698222 ], [ -97.217735, 32.698209 ], [ -97.217743, 32.698194 ], [ -97.217763, 32.698158 ], [ -97.217779, 32.698139 ], [ -97.21779, 32.69812 ], [ -97.217799, 32.698103 ], [ -97.217807, 32.698094 ], [ -97.217823, 32.698081 ], [ -97.217842, 32.698058 ], [ -97.217854, 32.698043 ], [ -97.217863, 32.698025 ], [ -97.217872, 32.698014 ], [ -97.217947, 32.697951 ], [ -97.217986, 32.697909 ], [ -97.21801, 32.697894 ], [ -97.218032, 32.697876 ], [ -97.218043, 32.697855 ], [ -97.218067, 32.697832 ], [ -97.218078, 32.697823 ], [ -97.218089, 32.69781 ], [ -97.218101, 32.697798 ], [ -97.21812, 32.697777 ], [ -97.218158, 32.697757 ], [ -97.218188, 32.697748 ], [ -97.218211, 32.697731 ], [ -97.218222, 32.697716 ], [ -97.218231, 32.697679 ], [ -97.218243, 32.69766 ], [ -97.218267, 32.697636 ], [ -97.218295, 32.697631 ], [ -97.218313, 32.69763 ], [ -97.21834, 32.697624 ], [ -97.218348, 32.697618 ], [ -97.218358, 32.697609 ], [ -97.218364, 32.697595 ], [ -97.218368, 32.697577 ], [ -97.218373, 32.697566 ], [ -97.218377, 32.697555 ], [ -97.218374, 32.697532 ], [ -97.218373, 32.697521 ], [ -97.218385, 32.697509 ], [ -97.218415, 32.697506 ], [ -97.218431, 32.697507 ], [ -97.21848, 32.697506 ], [ -97.218495, 32.697502 ], [ -97.218507, 32.697496 ], [ -97.218519, 32.697486 ], [ -97.218531, 32.697468 ], [ -97.218532, 32.697452 ], [ -97.218534, 32.697435 ], [ -97.218572, 32.697405 ], [ -97.218596, 32.697392 ], [ -97.218601, 32.697384 ], [ -97.218644, 32.697371 ], [ -97.218693, 32.697369 ], [ -97.218709, 32.697369 ], [ -97.218731, 32.697366 ], [ -97.218743, 32.697362 ], [ -97.21876, 32.697362 ], [ -97.218784, 32.697366 ], [ -97.218798, 32.69739 ], [ -97.218805, 32.697399 ], [ -97.218817, 32.697405 ], [ -97.218829, 32.697413 ], [ -97.218848, 32.697411 ], [ -97.218864, 32.697421 ], [ -97.218875, 32.697422 ], [ -97.218922, 32.697417 ], [ -97.218933, 32.697416 ], [ -97.218946, 32.697412 ], [ -97.218967, 32.697397 ], [ -97.218976, 32.697385 ], [ -97.218984, 32.69737 ], [ -97.218988, 32.697358 ], [ -97.218988, 32.697347 ], [ -97.218995, 32.697332 ], [ -97.219007, 32.69733 ], [ -97.219027, 32.697337 ], [ -97.219041, 32.697343 ], [ -97.219092, 32.697353 ], [ -97.21911, 32.697356 ], [ -97.219146, 32.697365 ], [ -97.219207, 32.69737 ], [ -97.219229, 32.697373 ], [ -97.219285, 32.697399 ], [ -97.219315, 32.697409 ], [ -97.219334, 32.69741 ], [ -97.219363, 32.697416 ], [ -97.219388, 32.697426 ], [ -97.219407, 32.69744 ], [ -97.219427, 32.697455 ], [ -97.219463, 32.697474 ], [ -97.219473, 32.697479 ], [ -97.219489, 32.697488 ], [ -97.219502, 32.697491 ], [ -97.219514, 32.697488 ], [ -97.219524, 32.697484 ], [ -97.219541, 32.697467 ], [ -97.219546, 32.697434 ], [ -97.219548, 32.697421 ], [ -97.219549, 32.697398 ], [ -97.219547, 32.697388 ], [ -97.219547, 32.697369 ], [ -97.219552, 32.697352 ], [ -97.219559, 32.697342 ], [ -97.219567, 32.697329 ], [ -97.219576, 32.697318 ], [ -97.219585, 32.69731 ], [ -97.219599, 32.697289 ], [ -97.219601, 32.697275 ], [ -97.219631, 32.697243 ], [ -97.219711, 32.697164 ], [ -97.219788, 32.697128 ], [ -97.219929, 32.6971 ], [ -97.220001, 32.697087 ], [ -97.220127, 32.697085 ], [ -97.220196, 32.697098 ], [ -97.220293, 32.697095 ], [ -97.22043, 32.69713 ], [ -97.220579, 32.697191 ], [ -97.220666, 32.697237 ], [ -97.220729, 32.697274 ], [ -97.220836, 32.697363 ], [ -97.220894, 32.697446 ], [ -97.220932, 32.697499 ], [ -97.220973, 32.697559 ], [ -97.221005, 32.69762 ], [ -97.22105, 32.697733 ], [ -97.221056, 32.697757 ], [ -97.22107, 32.697778 ], [ -97.22108, 32.697794 ], [ -97.221095, 32.697818 ], [ -97.221108, 32.697838 ], [ -97.221113, 32.697849 ], [ -97.221123, 32.697863 ], [ -97.22114, 32.69788 ], [ -97.221183, 32.697945 ], [ -97.221204, 32.698 ], [ -97.221209, 32.698018 ], [ -97.221246, 32.698099 ], [ -97.221267, 32.69817 ], [ -97.221281, 32.698241 ], [ -97.221298, 32.698286 ], [ -97.221316, 32.698344 ], [ -97.221344, 32.698407 ], [ -97.221364, 32.698468 ], [ -97.221374, 32.698484 ], [ -97.221379, 32.698506 ], [ -97.22146, 32.698587 ], [ -97.221522, 32.698649 ], [ -97.221626, 32.698719 ], [ -97.22185, 32.698796 ], [ -97.221934, 32.698809 ], [ -97.222042, 32.698792 ], [ -97.222097, 32.698745 ], [ -97.222185, 32.698596 ], [ -97.222273, 32.698584 ], [ -97.22249, 32.698566 ], [ -97.222598, 32.698539 ], [ -97.222724, 32.698484 ], [ -97.222774, 32.698456 ], [ -97.222885, 32.698372 ], [ -97.223066, 32.698175 ], [ -97.223156, 32.698042 ], [ -97.223182, 32.697992 ], [ -97.223288, 32.69786 ], [ -97.223361, 32.697772 ], [ -97.223404, 32.697722 ], [ -97.223547, 32.697609 ], [ -97.223697, 32.697585 ], [ -97.223761, 32.697594 ], [ -97.223857, 32.697645 ], [ -97.224022, 32.69767 ], [ -97.224102, 32.697669 ], [ -97.224133, 32.697657 ], [ -97.224223, 32.697624 ], [ -97.224277, 32.697578 ], [ -97.22435, 32.697485 ], [ -97.224446, 32.697348 ], [ -97.22448, 32.697302 ], [ -97.224679, 32.697278 ], [ -97.224779, 32.69715 ], [ -97.224847, 32.697115 ], [ -97.224936, 32.697094 ], [ -97.225054, 32.697022 ], [ -97.225107, 32.696923 ], [ -97.225107, 32.69687 ], [ -97.2251, 32.696835 ], [ -97.225087, 32.696775 ], [ -97.225055, 32.696627 ], [ -97.225056, 32.69655 ], [ -97.225078, 32.696494 ], [ -97.225106, 32.696459 ], [ -97.225208, 32.696332 ], [ -97.225457, 32.696083 ], [ -97.225561, 32.696066 ], [ -97.225615, 32.696057 ], [ -97.225662, 32.69611 ], [ -97.22566, 32.696126 ], [ -97.225623, 32.696128 ], [ -97.225601, 32.696126 ], [ -97.225524, 32.696137 ], [ -97.225477, 32.696159 ], [ -97.225445, 32.69618 ], [ -97.225427, 32.696198 ], [ -97.225405, 32.696259 ], [ -97.225408, 32.696303 ], [ -97.225403, 32.696323 ], [ -97.225405, 32.696334 ], [ -97.225404, 32.696388 ], [ -97.22541, 32.696447 ], [ -97.225418, 32.696479 ], [ -97.225426, 32.696535 ], [ -97.22543, 32.696553 ], [ -97.225433, 32.696579 ], [ -97.225438, 32.696645 ], [ -97.225443, 32.696671 ], [ -97.225454, 32.696695 ], [ -97.225485, 32.696737 ], [ -97.2255, 32.696744 ], [ -97.225522, 32.696767 ], [ -97.225533, 32.696778 ], [ -97.22559, 32.69679 ], [ -97.22562, 32.696782 ], [ -97.225639, 32.696765 ], [ -97.22565, 32.696751 ], [ -97.225652, 32.696735 ], [ -97.225658, 32.696723 ], [ -97.225671, 32.696677 ], [ -97.225673, 32.696659 ], [ -97.225692, 32.696632 ], [ -97.225702, 32.696609 ], [ -97.225701, 32.6966 ], [ -97.225705, 32.696548 ], [ -97.225703, 32.696533 ], [ -97.225705, 32.696522 ], [ -97.225702, 32.696487 ], [ -97.2257, 32.696468 ], [ -97.225697, 32.696458 ], [ -97.225694, 32.696435 ], [ -97.225696, 32.696418 ], [ -97.225695, 32.696399 ], [ -97.225696, 32.696378 ], [ -97.225694, 32.696363 ], [ -97.225696, 32.696351 ], [ -97.225699, 32.696331 ], [ -97.225696, 32.696317 ], [ -97.225703, 32.6963 ], [ -97.22571, 32.696292 ], [ -97.22572, 32.696299 ], [ -97.225735, 32.696349 ], [ -97.22574, 32.696369 ], [ -97.225753, 32.696399 ], [ -97.22575, 32.696459 ], [ -97.225752, 32.69647 ], [ -97.225762, 32.696483 ], [ -97.225777, 32.696518 ], [ -97.225777, 32.696534 ], [ -97.225776, 32.696549 ], [ -97.225782, 32.696576 ], [ -97.225782, 32.696586 ], [ -97.225783, 32.696595 ], [ -97.225787, 32.69661 ], [ -97.225803, 32.696649 ], [ -97.225811, 32.696664 ], [ -97.225826, 32.696675 ], [ -97.225833, 32.696683 ], [ -97.225858, 32.696701 ], [ -97.22588, 32.696709 ], [ -97.225903, 32.696714 ], [ -97.225928, 32.696718 ], [ -97.225941, 32.696724 ], [ -97.225963, 32.696733 ], [ -97.225993, 32.696736 ], [ -97.226018, 32.696749 ], [ -97.226036, 32.696768 ], [ -97.226056, 32.69679 ], [ -97.226074, 32.696823 ], [ -97.226094, 32.696849 ], [ -97.226122, 32.696882 ], [ -97.226127, 32.696893 ], [ -97.226141, 32.696913 ], [ -97.226146, 32.696925 ], [ -97.226157, 32.69694 ], [ -97.226165, 32.696948 ], [ -97.226218, 32.697039 ], [ -97.226232, 32.697068 ], [ -97.22624, 32.69708 ], [ -97.226272, 32.69712 ], [ -97.226298, 32.697166 ], [ -97.226317, 32.69719 ], [ -97.22634, 32.697226 ], [ -97.226363, 32.697256 ], [ -97.226372, 32.697272 ], [ -97.226433, 32.697355 ], [ -97.226453, 32.697389 ], [ -97.22647, 32.697404 ], [ -97.226494, 32.697416 ], [ -97.22651, 32.69742 ], [ -97.226528, 32.697418 ], [ -97.226543, 32.697417 ], [ -97.226557, 32.697413 ], [ -97.226565, 32.6974 ], [ -97.226568, 32.697389 ], [ -97.22657, 32.69738 ], [ -97.226575, 32.697369 ], [ -97.226565, 32.697341 ], [ -97.226565, 32.697315 ], [ -97.226576, 32.697289 ], [ -97.226583, 32.697273 ], [ -97.226693, 32.697218 ], [ -97.226723, 32.697115 ], [ -97.226703, 32.697056 ], [ -97.226703, 32.697005 ], [ -97.226668, 32.696899 ], [ -97.226619, 32.696795 ], [ -97.226521, 32.696663 ], [ -97.226489, 32.696607 ], [ -97.226368, 32.69654 ], [ -97.226281, 32.696504 ], [ -97.226216, 32.696478 ], [ -97.226145, 32.696444 ], [ -97.226126, 32.696414 ], [ -97.226106, 32.696383 ], [ -97.226115, 32.69633 ], [ -97.22619, 32.696297 ], [ -97.226278, 32.696283 ], [ -97.226339, 32.696269 ], [ -97.226446, 32.696255 ], [ -97.226508, 32.69624 ], [ -97.226619, 32.696212 ], [ -97.226636, 32.696205 ], [ -97.226665, 32.696205 ], [ -97.227032, 32.696001 ], [ -97.227129, 32.695919 ], [ -97.227239, 32.695867 ], [ -97.227334, 32.695831 ], [ -97.22738, 32.695798 ], [ -97.227464, 32.69574 ], [ -97.227546, 32.695701 ], [ -97.227624, 32.695669 ], [ -97.227729, 32.695636 ], [ -97.22779, 32.695618 ], [ -97.227911, 32.695606 ], [ -97.228044, 32.695605 ], [ -97.228109, 32.6956 ], [ -97.228182, 32.695606 ], [ -97.22828, 32.695557 ], [ -97.228308, 32.695546 ], [ -97.228333, 32.695536 ], [ -97.22847, 32.69551 ], [ -97.228555, 32.695516 ], [ -97.228618, 32.695522 ], [ -97.22869, 32.695555 ], [ -97.228745, 32.695587 ], [ -97.228805, 32.695618 ], [ -97.228894, 32.695601 ], [ -97.22895, 32.695581 ], [ -97.229016, 32.695562 ], [ -97.229082, 32.695563 ], [ -97.229166, 32.695568 ], [ -97.229229, 32.695575 ], [ -97.229324, 32.695603 ], [ -97.229408, 32.695634 ], [ -97.229482, 32.695646 ], [ -97.229597, 32.695582 ], [ -97.229658, 32.695556 ], [ -97.229727, 32.695538 ], [ -97.229877, 32.695524 ], [ -97.229993, 32.695513 ], [ -97.230052, 32.695467 ], [ -97.230243, 32.695461 ], [ -97.230306, 32.695493 ], [ -97.230365, 32.695512 ], [ -97.230429, 32.695473 ], [ -97.230481, 32.695429 ], [ -97.230549, 32.695403 ], [ -97.230607, 32.695398 ], [ -97.230712, 32.695442 ], [ -97.230757, 32.695474 ], [ -97.230809, 32.695513 ], [ -97.230888, 32.695539 ], [ -97.230959, 32.695545 ], [ -97.231054, 32.695534 ], [ -97.231122, 32.69552 ], [ -97.231235, 32.695476 ], [ -97.231283, 32.695404 ], [ -97.231354, 32.695393 ], [ -97.231406, 32.695398 ], [ -97.231482, 32.695372 ], [ -97.231527, 32.695326 ], [ -97.231586, 32.695315 ], [ -97.231671, 32.695301 ], [ -97.231726, 32.695277 ], [ -97.231807, 32.695237 ], [ -97.231891, 32.695198 ], [ -97.231957, 32.695185 ], [ -97.23205, 32.695186 ], [ -97.232122, 32.695206 ], [ -97.232172, 32.695251 ], [ -97.232254, 32.695246 ], [ -97.232327, 32.695225 ], [ -97.232395, 32.695212 ], [ -97.232447, 32.695174 ], [ -97.232518, 32.695135 ], [ -97.232542, 32.695065 ], [ -97.232581, 32.695019 ], [ -97.232696, 32.695032 ], [ -97.232759, 32.695033 ], [ -97.232795, 32.695077 ], [ -97.232863, 32.695083 ], [ -97.232876, 32.69498 ], [ -97.23281, 32.694843 ], [ -97.232811, 32.69481 ], [ -97.232815, 32.69473 ], [ -97.232786, 32.694678 ], [ -97.232741, 32.694645 ], [ -97.23269, 32.694626 ], [ -97.232641, 32.694639 ], [ -97.232594, 32.694659 ], [ -97.232537, 32.694688 ], [ -97.232377, 32.694684 ], [ -97.232298, 32.694613 ], [ -97.232275, 32.694541 ], [ -97.232252, 32.69449 ], [ -97.232276, 32.694426 ], [ -97.232333, 32.694366 ], [ -97.232422, 32.694301 ], [ -97.232467, 32.694387 ], [ -97.232479, 32.694402 ], [ -97.232512, 32.694444 ], [ -97.232604, 32.694413 ], [ -97.232644, 32.694373 ], [ -97.232682, 32.69433 ], [ -97.232642, 32.694284 ], [ -97.232621, 32.694233 ], [ -97.232658, 32.694188 ], [ -97.232695, 32.694146 ], [ -97.232706, 32.694135 ], [ -97.232813, 32.69405 ], [ -97.232848, 32.694007 ], [ -97.232888, 32.693947 ], [ -97.232927, 32.693908 ], [ -97.232989, 32.693838 ], [ -97.233034, 32.693786 ], [ -97.233101, 32.693723 ], [ -97.233131, 32.693679 ], [ -97.233124, 32.693602 ], [ -97.233117, 32.693543 ], [ -97.23314, 32.693479 ], [ -97.233193, 32.693419 ], [ -97.233231, 32.693381 ], [ -97.233254, 32.693324 ], [ -97.233292, 32.693247 ], [ -97.233345, 32.693202 ], [ -97.233406, 32.69317 ], [ -97.233433, 32.693159 ], [ -97.233462, 32.69315 ], [ -97.233521, 32.693119 ], [ -97.233582, 32.69308 ], [ -97.233684, 32.693001 ], [ -97.233731, 32.692969 ], [ -97.233802, 32.692925 ], [ -97.233858, 32.692796 ], [ -97.233805, 32.69276 ], [ -97.233758, 32.692719 ], [ -97.233734, 32.692668 ], [ -97.233689, 32.692629 ], [ -97.233637, 32.692602 ], [ -97.233621, 32.692532 ], [ -97.233653, 32.692461 ], [ -97.233676, 32.692396 ], [ -97.233682, 32.692331 ], [ -97.233699, 32.692267 ], [ -97.23367, 32.692202 ], [ -97.233638, 32.692144 ], [ -97.233615, 32.692093 ], [ -97.233556, 32.69208 ], [ -97.233524, 32.692035 ], [ -97.233501, 32.692007 ], [ -97.233488, 32.69199 ], [ -97.233449, 32.69192 ], [ -97.233425, 32.691861 ], [ -97.233418, 32.691848 ], [ -97.233374, 32.691809 ], [ -97.233316, 32.691771 ], [ -97.233274, 32.691726 ], [ -97.233228, 32.691687 ], [ -97.233172, 32.691659 ], [ -97.23289, 32.69113 ], [ -97.232864, 32.691051 ], [ -97.232716, 32.690608 ], [ -97.232705, 32.690597 ], [ -97.232647, 32.690525 ], [ -97.232614, 32.690474 ], [ -97.232608, 32.690416 ], [ -97.232578, 32.690363 ], [ -97.23251, 32.690331 ], [ -97.232465, 32.690299 ], [ -97.232409, 32.690241 ], [ -97.23238, 32.690182 ], [ -97.232364, 32.690105 ], [ -97.232357, 32.690041 ], [ -97.23235, 32.689964 ], [ -97.232357, 32.689913 ], [ -97.232341, 32.689854 ], [ -97.232335, 32.689726 ], [ -97.232352, 32.689667 ], [ -97.232367, 32.68959 ], [ -97.232335, 32.689544 ], [ -97.232305, 32.689499 ], [ -97.232299, 32.689388 ], [ -97.232299, 32.689229 ], [ -97.232315, 32.68917 ], [ -97.232321, 32.689106 ], [ -97.232316, 32.689057 ], [ -97.232306, 32.688978 ], [ -97.232314, 32.688968 ], [ -97.232347, 32.688927 ], [ -97.232328, 32.688838 ], [ -97.232317, 32.688785 ], [ -97.232307, 32.688744 ], [ -97.232336, 32.688373 ], [ -97.232298, 32.688191 ], [ -97.232332, 32.688067 ], [ -97.232453, 32.688035 ], [ -97.232689, 32.688039 ], [ -97.232952, 32.68801 ], [ -97.233147, 32.687977 ], [ -97.233314, 32.687933 ], [ -97.233418, 32.68787 ], [ -97.233445, 32.687821 ], [ -97.233386, 32.687783 ], [ -97.233322, 32.687783 ], [ -97.233214, 32.687795 ], [ -97.233139, 32.687809 ], [ -97.233088, 32.687809 ], [ -97.233073, 32.687807 ], [ -97.232858, 32.68779 ], [ -97.232699, 32.687785 ], [ -97.232597, 32.687797 ], [ -97.232397, 32.687797 ], [ -97.232267, 32.687746 ], [ -97.232242, 32.687706 ], [ -97.232252, 32.687669 ], [ -97.232297, 32.68762 ], [ -97.232348, 32.687533 ], [ -97.232373, 32.687459 ], [ -97.232445, 32.687376 ], [ -97.232459, 32.687316 ], [ -97.232447, 32.687312 ], [ -97.232436, 32.687315 ], [ -97.232411, 32.687328 ], [ -97.232191, 32.68752 ], [ -97.232153, 32.687482 ], [ -97.232117, 32.687446 ], [ -97.232078, 32.687361 ], [ -97.232036, 32.687139 ], [ -97.231949, 32.686993 ], [ -97.231929, 32.686937 ], [ -97.231886, 32.68688 ], [ -97.23184, 32.686841 ], [ -97.231751, 32.686798 ], [ -97.231701, 32.686748 ], [ -97.231668, 32.686642 ], [ -97.231661, 32.68657 ], [ -97.231443, 32.685659 ], [ -97.231374, 32.685283 ], [ -97.231358, 32.685088 ], [ -97.231374, 32.684834 ], [ -97.231407, 32.684643 ], [ -97.23145, 32.68448 ], [ -97.231486, 32.684392 ], [ -97.231557, 32.684275 ], [ -97.231686, 32.684165 ], [ -97.231845, 32.684072 ], [ -97.231914, 32.68405 ], [ -97.232076, 32.684027 ], [ -97.232145, 32.684027 ], [ -97.232205, 32.684013 ], [ -97.232406, 32.683937 ], [ -97.232466, 32.683878 ], [ -97.232482, 32.683805 ], [ -97.232477, 32.683783 ], [ -97.232433, 32.683776 ], [ -97.232373, 32.683793 ], [ -97.23233, 32.683826 ], [ -97.232089, 32.683892 ], [ -97.23203, 32.683892 ], [ -97.231987, 32.683875 ], [ -97.23198, 32.683849 ], [ -97.231993, 32.683813 ], [ -97.231998, 32.683686 ], [ -97.232015, 32.68357 ], [ -97.232107, 32.683253 ], [ -97.232167, 32.683009 ], [ -97.232182, 32.682836 ], [ -97.232152, 32.68264 ], [ -97.232076, 32.68238 ], [ -97.231967, 32.682229 ], [ -97.23159, 32.682014 ], [ -97.231538, 32.681955 ], [ -97.231514, 32.681846 ], [ -97.231358, 32.681874 ], [ -97.231143, 32.681854 ], [ -97.230687, 32.681784 ], [ -97.230443, 32.681735 ], [ -97.230268, 32.681666 ], [ -97.230172, 32.68161 ], [ -97.230046, 32.68148 ], [ -97.230002, 32.681407 ], [ -97.229982, 32.681351 ], [ -97.229972, 32.681285 ], [ -97.229987, 32.681181 ], [ -97.229966, 32.68113 ], [ -97.229975, 32.681066 ], [ -97.229988, 32.681008 ], [ -97.229959, 32.680943 ], [ -97.229959, 32.680873 ], [ -97.229949, 32.680782 ], [ -97.229949, 32.680718 ], [ -97.229966, 32.68066 ], [ -97.229995, 32.680601 ], [ -97.230002, 32.680537 ], [ -97.229995, 32.680428 ], [ -97.230002, 32.680364 ], [ -97.230008, 32.680312 ], [ -97.230018, 32.680235 ], [ -97.230002, 32.680182 ], [ -97.229985, 32.680124 ], [ -97.229978, 32.680073 ], [ -97.229962, 32.680009 ], [ -97.229963, 32.67995 ], [ -97.229956, 32.679815 ], [ -97.22994, 32.679764 ], [ -97.22993, 32.679711 ], [ -97.229907, 32.679654 ], [ -97.229856, 32.67961 ], [ -97.229846, 32.679511 ], [ -97.229855, 32.679434 ], [ -97.229878, 32.67937 ], [ -97.229884, 32.679312 ], [ -97.229901, 32.67926 ], [ -97.229908, 32.679196 ], [ -97.229908, 32.679144 ], [ -97.229908, 32.679093 ], [ -97.229898, 32.678911 ], [ -97.229868, 32.678853 ], [ -97.229846, 32.678795 ], [ -97.229836, 32.678737 ], [ -97.22983, 32.678653 ], [ -97.229807, 32.678602 ], [ -97.229774, 32.678557 ], [ -97.229745, 32.678512 ], [ -97.229736, 32.678453 ], [ -97.229735, 32.678371 ], [ -97.229712, 32.678273 ], [ -97.229697, 32.678208 ], [ -97.22969, 32.67815 ], [ -97.229673, 32.678092 ], [ -97.229652, 32.677978 ], [ -97.229646, 32.677816 ], [ -97.229525, 32.677422 ], [ -97.230113, 32.676226 ], [ -97.230252, 32.676096 ], [ -97.230321, 32.675973 ], [ -97.230434, 32.675857 ], [ -97.230496, 32.675717 ], [ -97.230526, 32.675586 ], [ -97.230601, 32.675429 ], [ -97.230609, 32.675376 ], [ -97.230627, 32.67532 ], [ -97.23068, 32.675251 ], [ -97.230729, 32.675166 ], [ -97.230803, 32.675066 ], [ -97.231407, 32.674626 ], [ -97.23152, 32.674543 ], [ -97.231761, 32.674465 ], [ -97.231832, 32.674432 ], [ -97.23188, 32.674425 ], [ -97.232065, 32.674361 ], [ -97.232107, 32.674343 ], [ -97.232136, 32.674325 ], [ -97.232214, 32.674277 ], [ -97.23236, 32.674182 ], [ -97.23243, 32.674117 ], [ -97.232504, 32.674013 ], [ -97.232823, 32.673524 ], [ -97.232928, 32.673323 ], [ -97.232947, 32.673252 ], [ -97.233509, 32.671284 ], [ -97.233413, 32.670934 ], [ -97.233329, 32.670785 ], [ -97.23302, 32.67033 ], [ -97.232895, 32.670077 ], [ -97.232761, 32.669866 ], [ -97.232713, 32.66979 ], [ -97.232538, 32.669621 ], [ -97.232456, 32.669562 ], [ -97.232436, 32.669393 ], [ -97.231637, 32.669308 ], [ -97.231462, 32.669078 ], [ -97.231355, 32.668869 ], [ -97.231324, 32.668807 ], [ -97.231264, 32.668588 ], [ -97.231264, 32.668529 ], [ -97.231306, 32.668399 ], [ -97.231391, 32.668267 ], [ -97.231466, 32.668113 ], [ -97.231483, 32.668074 ], [ -97.23153, 32.667963 ], [ -97.231547, 32.667733 ], [ -97.231921, 32.667735 ], [ -97.232428, 32.667728 ], [ -97.232519, 32.667726 ], [ -97.233162, 32.667745 ], [ -97.233327, 32.667743 ], [ -97.233799, 32.667766 ], [ -97.235277, 32.66781 ], [ -97.23561, 32.667807 ], [ -97.236337, 32.667751 ], [ -97.23668, 32.667705 ], [ -97.237012, 32.667631 ], [ -97.237298, 32.66755 ], [ -97.237576, 32.667463 ], [ -97.238123, 32.66725 ], [ -97.238378, 32.667137 ], [ -97.238817, 32.666911 ], [ -97.239213, 32.666651 ], [ -97.239975, 32.666085 ], [ -97.240263, 32.665837 ], [ -97.240395, 32.665726 ], [ -97.24071, 32.665421 ], [ -97.24101, 32.665087 ], [ -97.241366, 32.665348 ], [ -97.241551, 32.665478 ], [ -97.241752, 32.665616 ], [ -97.241801, 32.665644 ], [ -97.242141, 32.665837 ], [ -97.242294, 32.665915 ], [ -97.242619, 32.666071 ], [ -97.243072, 32.666276 ], [ -97.24529, 32.667277 ], [ -97.2455, 32.667372 ], [ -97.24612, 32.667654 ], [ -97.247759, 32.668399 ], [ -97.248441, 32.66872 ], [ -97.251321, 32.670057 ], [ -97.252256, 32.670485 ], [ -97.252641, 32.670659 ], [ -97.252936, 32.670786 ], [ -97.255464, 32.671951 ], [ -97.256264, 32.67233 ], [ -97.258292, 32.673257 ], [ -97.259769, 32.673944 ], [ -97.262183, 32.675047 ], [ -97.263451, 32.675629 ], [ -97.263564, 32.675638 ], [ -97.263673, 32.675665 ], [ -97.263777, 32.675705 ], [ -97.265285, 32.676366 ], [ -97.267878, 32.67758 ], [ -97.269787, 32.678451 ], [ -97.271576, 32.679271 ], [ -97.273246, 32.680038 ], [ -97.274172, 32.680463 ], [ -97.2745, 32.680608 ], [ -97.275658, 32.68115 ], [ -97.276757, 32.681626 ], [ -97.277823, 32.682138 ], [ -97.278757, 32.682575 ], [ -97.279765, 32.683037 ], [ -97.280153, 32.683214 ], [ -97.28187, 32.683994 ], [ -97.283018, 32.684517 ], [ -97.28356, 32.684762 ], [ -97.283707, 32.684831 ], [ -97.283857, 32.684897 ], [ -97.283913, 32.684924 ], [ -97.284363, 32.685127 ], [ -97.284535, 32.685205 ], [ -97.2852, 32.685516 ], [ -97.28794, 32.68676 ], [ -97.290731, 32.688048 ], [ -97.291482, 32.688395 ], [ -97.29086, 32.687844 ], [ -97.290797, 32.687787 ], [ -97.289602, 32.686735 ], [ -97.287495, 32.684956 ], [ -97.28743, 32.684901 ], [ -97.287363, 32.684838 ], [ -97.286479, 32.684055 ], [ -97.286333, 32.683912 ], [ -97.28623, 32.683816 ], [ -97.285674, 32.683318 ], [ -97.284602, 32.68233 ], [ -97.284215, 32.681965 ], [ -97.283674, 32.681486 ], [ -97.283453, 32.681292 ], [ -97.283271, 32.681131 ], [ -97.282362, 32.680289 ], [ -97.280698, 32.678804 ], [ -97.280164, 32.678291 ], [ -97.280111, 32.678238 ], [ -97.280123, 32.677501 ], [ -97.280156, 32.676882 ], [ -97.280193, 32.676045 ], [ -97.280215, 32.674892 ], [ -97.280208, 32.673105 ], [ -97.280186, 32.671774 ], [ -97.280197, 32.671666 ], [ -97.280204, 32.669946 ], [ -97.280214, 32.668096 ], [ -97.280226, 32.667112 ], [ -97.280252, 32.666255 ], [ -97.280271, 32.6661 ], [ -97.280303, 32.665871 ], [ -97.280442, 32.665224 ], [ -97.280549, 32.664737 ], [ -97.280961, 32.663139 ], [ -97.281297, 32.661833 ], [ -97.281358, 32.661552 ], [ -97.281368, 32.661505 ], [ -97.281406, 32.661327 ], [ -97.281478, 32.66106 ], [ -97.281719, 32.660147 ], [ -97.281845, 32.660148 ], [ -97.281853, 32.660117 ], [ -97.282748, 32.656883 ], [ -97.283023, 32.655969 ], [ -97.283523, 32.654068 ], [ -97.283561, 32.653495 ], [ -97.283722, 32.65287 ], [ -97.283869, 32.652306 ], [ -97.284042, 32.651615 ], [ -97.284545, 32.649678 ], [ -97.28477, 32.64884 ], [ -97.284884, 32.648421 ], [ -97.284857, 32.648421 ], [ -97.284574, 32.648429 ], [ -97.283072, 32.648456 ], [ -97.280608, 32.648466 ], [ -97.278531, 32.648475 ], [ -97.277919, 32.64847 ], [ -97.277917, 32.647187 ], [ -97.27792, 32.645566 ], [ -97.275472, 32.645576 ], [ -97.272657, 32.645585 ], [ -97.272021, 32.645588 ], [ -97.27202, 32.64571 ], [ -97.27202, 32.646079 ], [ -97.272016, 32.646215 ], [ -97.271423, 32.646214 ], [ -97.270051, 32.646206 ], [ -97.270051, 32.646173 ], [ -97.270044, 32.645575 ], [ -97.270043, 32.645511 ], [ -97.269917, 32.645511 ], [ -97.269307, 32.645509 ], [ -97.268013, 32.645507 ], [ -97.266088, 32.645504 ], [ -97.25685, 32.64549 ], [ -97.252667, 32.645484 ], [ -97.252613, 32.645485 ], [ -97.252613, 32.645553 ], [ -97.252614, 32.649201 ], [ -97.252565, 32.649225 ], [ -97.252568, 32.651001 ], [ -97.252571, 32.652116 ], [ -97.252571, 32.652312 ], [ -97.252571, 32.652663 ], [ -97.252572, 32.652722 ], [ -97.252572, 32.652743 ], [ -97.252571, 32.652801 ], [ -97.252229, 32.652833 ], [ -97.251801, 32.652831 ], [ -97.251767, 32.652818 ], [ -97.251725, 32.652828 ], [ -97.251054, 32.652823 ], [ -97.251057, 32.652918 ], [ -97.251056, 32.652942 ], [ -97.251063, 32.655262 ], [ -97.252551, 32.655335 ], [ -97.252553, 32.655381 ], [ -97.252554, 32.656469 ], [ -97.243327, 32.656464 ], [ -97.243345, 32.656489 ], [ -97.243534, 32.656772 ], [ -97.244272, 32.65791 ], [ -97.244355, 32.658065 ], [ -97.244426, 32.658212 ], [ -97.244506, 32.658397 ], [ -97.244567, 32.65856 ], [ -97.244616, 32.658712 ], [ -97.244625, 32.658742 ], [ -97.244669, 32.658904 ], [ -97.244668, 32.659015 ], [ -97.244689, 32.659153 ], [ -97.244699, 32.659213 ], [ -97.244702, 32.659238 ], [ -97.244706, 32.659261 ], [ -97.244715, 32.659333 ], [ -97.244781, 32.659883 ], [ -97.244803, 32.659994 ], [ -97.244808, 32.660012 ], [ -97.244832, 32.660084 ], [ -97.244863, 32.660156 ], [ -97.244901, 32.660225 ], [ -97.245624, 32.660223 ], [ -97.24572, 32.661502 ], [ -97.24575, 32.661851 ], [ -97.245581, 32.661915 ], [ -97.245349, 32.662002 ], [ -97.245344, 32.66192 ], [ -97.245345, 32.661907 ], [ -97.245352, 32.661884 ], [ -97.245353, 32.661872 ], [ -97.245352, 32.661858 ], [ -97.245326, 32.661667 ], [ -97.245315, 32.661591 ], [ -97.245311, 32.661552 ], [ -97.245308, 32.661521 ], [ -97.245308, 32.661507 ], [ -97.245307, 32.661479 ], [ -97.245306, 32.661443 ], [ -97.245307, 32.661418 ], [ -97.245308, 32.661403 ], [ -97.245309, 32.661369 ], [ -97.245307, 32.661311 ], [ -97.245305, 32.661284 ], [ -97.245295, 32.661203 ], [ -97.245275, 32.661117 ], [ -97.24525, 32.66104 ], [ -97.245242, 32.661021 ], [ -97.245216, 32.660962 ], [ -97.245182, 32.660897 ], [ -97.245142, 32.660834 ], [ -97.245099, 32.660775 ], [ -97.24505, 32.660719 ], [ -97.244998, 32.660667 ], [ -97.244941, 32.660619 ], [ -97.24487, 32.660556 ], [ -97.244804, 32.660487 ], [ -97.244751, 32.660422 ], [ -97.244742, 32.660412 ], [ -97.2447, 32.660351 ], [ -97.244688, 32.660332 ], [ -97.244648, 32.660265 ], [ -97.244639, 32.660247 ], [ -97.244634, 32.660238 ], [ -97.244629, 32.660228 ], [ -97.244529, 32.660228 ], [ -97.244425, 32.659358 ], [ -97.244423, 32.659348 ], [ -97.244419, 32.659319 ], [ -97.244414, 32.65928 ], [ -97.24441, 32.659253 ], [ -97.244405, 32.659222 ], [ -97.244402, 32.659203 ], [ -97.244397, 32.65917 ], [ -97.244393, 32.659153 ], [ -97.244389, 32.659128 ], [ -97.244381, 32.659086 ], [ -97.244366, 32.659018 ], [ -97.244386, 32.659018 ], [ -97.244348, 32.658866 ], [ -97.244343, 32.658848 ], [ -97.24434, 32.658837 ], [ -97.244299, 32.658705 ], [ -97.24429, 32.658679 ], [ -97.244236, 32.658528 ], [ -97.244184, 32.6584 ], [ -97.244127, 32.658274 ], [ -97.244066, 32.65815 ], [ -97.244, 32.658029 ], [ -97.243929, 32.65791 ], [ -97.24325, 32.656906 ], [ -97.242972, 32.656503 ], [ -97.242945, 32.656464 ], [ -97.242666, 32.656042 ], [ -97.242402, 32.655693 ], [ -97.242249, 32.655521 ], [ -97.241934, 32.65518 ], [ -97.241871, 32.655112 ], [ -97.241629, 32.654913 ], [ -97.241419, 32.65474 ], [ -97.240982, 32.654454 ], [ -97.240552, 32.654213 ], [ -97.240255, 32.654055 ], [ -97.239812, 32.653877 ], [ -97.23951, 32.65376 ], [ -97.23919, 32.653639 ], [ -97.237887, 32.653146 ], [ -97.235927, 32.652404 ], [ -97.23524, 32.652144 ], [ -97.234104, 32.651701 ], [ -97.234105, 32.651629 ], [ -97.23411, 32.650961 ], [ -97.234124, 32.649123 ], [ -97.23412, 32.647222 ], [ -97.234131, 32.646425 ], [ -97.23414, 32.645527 ], [ -97.235436, 32.645521 ], [ -97.236396, 32.645515 ], [ -97.236862, 32.645512 ], [ -97.236862, 32.644699 ], [ -97.236852, 32.643474 ], [ -97.236856, 32.64312 ], [ -97.240515, 32.643127 ], [ -97.240827, 32.643137 ], [ -97.240873, 32.638605 ], [ -97.240583, 32.638615 ], [ -97.24052, 32.63861 ], [ -97.240366, 32.638599 ], [ -97.240063, 32.638556 ], [ -97.239343, 32.63843 ], [ -97.238518, 32.638274 ], [ -97.238347, 32.638263 ], [ -97.237903, 32.638256 ], [ -97.237099, 32.638236 ], [ -97.235635, 32.638228 ], [ -97.235639, 32.6376 ], [ -97.235648, 32.637113 ], [ -97.235664, 32.636263 ], [ -97.235772, 32.636263 ], [ -97.235765, 32.636068 ], [ -97.235779, 32.635486 ], [ -97.235922, 32.635491 ], [ -97.236743, 32.635506 ], [ -97.240077, 32.63691 ], [ -97.240163, 32.636972 ], [ -97.240303, 32.636904 ], [ -97.240859, 32.6369 ], [ -97.240952, 32.6369 ], [ -97.241597, 32.636737 ], [ -97.2421, 32.636432 ], [ -97.242695, 32.636304 ], [ -97.243223, 32.636053 ], [ -97.243393, 32.635973 ], [ -97.243687, 32.635715 ], [ -97.243738, 32.635531 ], [ -97.243927, 32.635523 ], [ -97.243974, 32.635525 ], [ -97.244006, 32.638245 ], [ -97.24405, 32.641861 ], [ -97.244104, 32.642098 ], [ -97.244088, 32.642172 ], [ -97.244311, 32.642274 ], [ -97.244575, 32.642528 ], [ -97.244796, 32.642837 ], [ -97.244938, 32.643085 ], [ -97.245027, 32.643355 ], [ -97.245171, 32.643612 ], [ -97.245553, 32.644027 ], [ -97.245984, 32.644495 ], [ -97.246217, 32.644692 ], [ -97.246628, 32.645037 ], [ -97.247351, 32.645439 ], [ -97.247554, 32.645498 ], [ -97.247618, 32.64553 ], [ -97.252047, 32.645555 ], [ -97.252048, 32.645043 ], [ -97.25212, 32.638189 ], [ -97.252196, 32.630916 ], [ -97.2523, 32.630925 ], [ -97.252403, 32.630939 ], [ -97.252498, 32.630956 ], [ -97.252591, 32.630979 ], [ -97.252684, 32.631007 ], [ -97.252776, 32.631041 ], [ -97.252838, 32.631022 ], [ -97.25294, 32.630995 ], [ -97.253456, 32.630982 ], [ -97.253753, 32.630979 ], [ -97.256569, 32.630966 ], [ -97.257123, 32.630977 ], [ -97.257708, 32.630958 ], [ -97.259595, 32.630972 ], [ -97.26137, 32.630959 ], [ -97.261354, 32.632498 ], [ -97.261313, 32.635141 ], [ -97.269946, 32.635154 ], [ -97.269944, 32.634937 ], [ -97.269942, 32.634746 ], [ -97.26994, 32.634566 ], [ -97.270403, 32.634478 ], [ -97.27167, 32.634499 ], [ -97.272357, 32.634502 ], [ -97.272371, 32.633815 ], [ -97.280196, 32.633954 ], [ -97.2801, 32.638372 ], [ -97.280083, 32.639119 ], [ -97.280121, 32.643076 ], [ -97.280113, 32.643132 ], [ -97.282039, 32.643142 ], [ -97.286215, 32.643152 ], [ -97.286307, 32.6428 ], [ -97.286408, 32.642404 ], [ -97.286765, 32.641019 ], [ -97.28683, 32.640808 ], [ -97.286918, 32.640526 ], [ -97.287126, 32.639666 ], [ -97.287268, 32.639153 ], [ -97.287409, 32.638643 ], [ -97.287545, 32.638134 ], [ -97.287583, 32.637991 ], [ -97.287632, 32.637808 ], [ -97.288005, 32.636313 ], [ -97.28844, 32.634741 ], [ -97.288682, 32.63378 ], [ -97.289299, 32.633785 ], [ -97.290765, 32.633796 ], [ -97.29133, 32.633794 ], [ -97.292222, 32.633806 ], [ -97.292228, 32.633647 ], [ -97.292244, 32.631032 ], [ -97.292686, 32.63103 ], [ -97.293736, 32.631033 ], [ -97.298453, 32.631036 ], [ -97.299358, 32.631027 ], [ -97.299467, 32.631025 ], [ -97.300351, 32.631025 ], [ -97.300831, 32.631023 ], [ -97.300832, 32.626901 ], [ -97.300791, 32.626885 ], [ -97.300491, 32.626721 ], [ -97.300231, 32.626568 ], [ -97.299891, 32.62634 ], [ -97.298718, 32.625481 ], [ -97.29827, 32.625166 ], [ -97.297952, 32.625 ], [ -97.297429, 32.624763 ], [ -97.297228, 32.62465 ], [ -97.297034, 32.624557 ], [ -97.296787, 32.62447 ], [ -97.296257, 32.624269 ], [ -97.295759, 32.624113 ], [ -97.295287, 32.623995 ], [ -97.295015, 32.623949 ], [ -97.294436, 32.623821 ], [ -97.293783, 32.623707 ], [ -97.293397, 32.623627 ], [ -97.293226, 32.623592 ], [ -97.293225, 32.623271 ], [ -97.293233, 32.623044 ], [ -97.293244, 32.620468 ], [ -97.293286, 32.620032 ], [ -97.294598, 32.616494 ], [ -97.29386, 32.616491 ], [ -97.293464, 32.616491 ], [ -97.290951, 32.616487 ], [ -97.287118, 32.616501 ], [ -97.287124, 32.62015 ], [ -97.287118, 32.620717 ], [ -97.287128, 32.623005 ], [ -97.287109, 32.623568 ], [ -97.287109, 32.623737 ], [ -97.287001, 32.623755 ], [ -97.28687, 32.623758 ], [ -97.286554, 32.623779 ], [ -97.285965, 32.623781 ], [ -97.285145, 32.623783 ], [ -97.283737, 32.623789 ], [ -97.281093, 32.623778 ], [ -97.280745, 32.623773 ], [ -97.280537, 32.623773 ], [ -97.279697, 32.623769 ], [ -97.278112, 32.623759 ], [ -97.277188, 32.623758 ], [ -97.274711, 32.623756 ], [ -97.273839, 32.623751 ], [ -97.272951, 32.62373 ], [ -97.272172, 32.623737 ], [ -97.269982, 32.62373 ], [ -97.269978, 32.625082 ], [ -97.269975, 32.625691 ], [ -97.270009, 32.628565 ], [ -97.270026, 32.629512 ], [ -97.270029, 32.629837 ], [ -97.27003, 32.629998 ], [ -97.270029, 32.630319 ], [ -97.268083, 32.630298 ], [ -97.267978, 32.630299 ], [ -97.267982, 32.63027 ], [ -97.26814, 32.629083 ], [ -97.266131, 32.629098 ], [ -97.265596, 32.629108 ], [ -97.26141, 32.629191 ], [ -97.261437, 32.628804 ], [ -97.26146, 32.627874 ], [ -97.26277, 32.627859 ], [ -97.262799, 32.627661 ], [ -97.262928, 32.626789 ], [ -97.26293, 32.626565 ], [ -97.263182, 32.624914 ], [ -97.264699, 32.624914 ], [ -97.264695, 32.623745 ], [ -97.264689, 32.623654 ], [ -97.2662, 32.623656 ], [ -97.268349, 32.623663 ], [ -97.268673, 32.623665 ], [ -97.26871, 32.623663 ], [ -97.268902, 32.623735 ], [ -97.268949, 32.623735 ], [ -97.268949, 32.624628 ], [ -97.268925, 32.624796 ], [ -97.268783, 32.625613 ], [ -97.269341, 32.625613 ], [ -97.269334, 32.623732 ], [ -97.269334, 32.623459 ], [ -97.26999, 32.623463 ], [ -97.269997, 32.623236 ], [ -97.269993, 32.622276 ], [ -97.269972, 32.619391 ], [ -97.269978, 32.61902 ], [ -97.27, 32.61795 ], [ -97.270014, 32.617475 ], [ -97.269997, 32.61701 ], [ -97.269972, 32.616684 ], [ -97.269946, 32.616553 ], [ -97.26992, 32.616463 ], [ -97.278473, 32.616474 ], [ -97.278479, 32.614216 ], [ -97.278484, 32.612292 ], [ -97.278489, 32.610291 ], [ -97.285948, 32.610294 ], [ -97.285869, 32.610238 ], [ -97.285823, 32.610193 ], [ -97.285797, 32.610146 ], [ -97.28578, 32.610007 ], [ -97.285821, 32.608317 ], [ -97.285833, 32.607858 ], [ -97.285859, 32.607053 ], [ -97.285848, 32.606938 ], [ -97.285828, 32.606842 ], [ -97.28581, 32.606813 ], [ -97.2858, 32.606797 ], [ -97.285707, 32.606675 ], [ -97.285627, 32.606644 ], [ -97.285367, 32.606611 ], [ -97.285219, 32.606606 ], [ -97.285045, 32.606585 ], [ -97.284976, 32.606557 ], [ -97.28492, 32.606519 ], [ -97.284875, 32.606474 ], [ -97.284844, 32.606419 ], [ -97.284836, 32.606385 ], [ -97.28483, 32.606355 ], [ -97.284829, 32.606171 ], [ -97.284821, 32.60606 ], [ -97.28482, 32.605434 ], [ -97.28482, 32.605314 ], [ -97.28484, 32.603999 ], [ -97.284059, 32.603985 ], [ -97.284048, 32.603454 ], [ -97.284029, 32.599364 ], [ -97.284029, 32.598849 ], [ -97.284033, 32.598156 ], [ -97.284049, 32.597882 ], [ -97.284081, 32.597796 ], [ -97.284251, 32.597611 ], [ -97.284338, 32.597613 ], [ -97.287143, 32.597613 ], [ -97.288073, 32.597634 ], [ -97.288953, 32.597634 ], [ -97.290598, 32.5976 ], [ -97.29088, 32.597578 ], [ -97.292586, 32.597569 ], [ -97.292728, 32.597416 ], [ -97.292781, 32.597347 ], [ -97.292788, 32.596412 ], [ -97.29287, 32.591887 ], [ -97.292881, 32.591291 ], [ -97.292875, 32.590692 ], [ -97.292874, 32.590528 ], [ -97.292901, 32.590195 ], [ -97.292904, 32.590033 ], [ -97.292914, 32.58952 ], [ -97.292931, 32.587843 ], [ -97.292941, 32.586821 ], [ -97.292944, 32.586517 ], [ -97.292957, 32.585386 ], [ -97.29295, 32.585321 ], [ -97.293062, 32.584447 ], [ -97.292637, 32.5843 ], [ -97.292636, 32.584218 ], [ -97.292646, 32.584083 ], [ -97.292642, 32.58363 ], [ -97.292652, 32.582883 ], [ -97.292799, 32.579735 ], [ -97.2927, 32.579738 ], [ -97.291911, 32.579758 ], [ -97.290898, 32.579867 ], [ -97.290545, 32.579898 ], [ -97.290478, 32.579904 ], [ -97.29042, 32.579901 ], [ -97.290522, 32.579748 ], [ -97.29051, 32.57968 ], [ -97.29051, 32.579065 ], [ -97.290538, 32.57851 ], [ -97.290576, 32.576506 ], [ -97.290593, 32.575779 ], [ -97.290019, 32.575758 ], [ -97.289053, 32.575725 ], [ -97.288562, 32.575708 ], [ -97.288412, 32.577697 ], [ -97.282855, 32.577644 ], [ -97.282856, 32.577478 ], [ -97.281912, 32.577468 ], [ -97.281006, 32.577456 ], [ -97.281013, 32.57732 ], [ -97.282858, 32.577343 ], [ -97.282897, 32.573941 ], [ -97.283599, 32.57394 ], [ -97.283483, 32.570825 ], [ -97.28322, 32.570067 ], [ -97.283224, 32.569672 ], [ -97.284163, 32.569667 ], [ -97.284143, 32.570615 ], [ -97.285117, 32.570615 ], [ -97.285137, 32.569666 ], [ -97.288636, 32.569665 ], [ -97.288606, 32.572054 ], [ -97.286747, 32.572014 ], [ -97.286702, 32.573937 ], [ -97.290583, 32.573934 ], [ -97.290747, 32.574135 ], [ -97.291099, 32.574007 ], [ -97.291146, 32.574019 ], [ -97.291225, 32.574013 ], [ -97.291801, 32.574002 ], [ -97.29196, 32.573965 ], [ -97.292019, 32.573942 ], [ -97.292064, 32.573918 ], [ -97.292149, 32.57385 ], [ -97.29225, 32.573725 ], [ -97.292326, 32.573552 ], [ -97.292357, 32.573417 ], [ -97.292375, 32.573271 ], [ -97.292399, 32.573188 ], [ -97.29243, 32.573124 ], [ -97.292604, 32.572896 ], [ -97.293205, 32.572237 ], [ -97.293341, 32.572066 ], [ -97.293413, 32.571953 ], [ -97.293502, 32.571714 ], [ -97.293509, 32.571613 ], [ -97.293525, 32.570486 ], [ -97.293525, 32.570473 ], [ -97.293612, 32.570404 ], [ -97.293656, 32.568233 ], [ -97.293713, 32.568115 ], [ -97.293745, 32.568077 ], [ -97.293835, 32.56806 ], [ -97.293932, 32.568044 ], [ -97.298202, 32.568078 ], [ -97.298312, 32.568079 ], [ -97.298387, 32.568008 ], [ -97.29848, 32.567921 ], [ -97.29848, 32.567898 ], [ -97.298506, 32.567883 ], [ -97.298541, 32.5675 ], [ -97.298554, 32.567013 ], [ -97.298554, 32.566674 ], [ -97.298579, 32.566536 ], [ -97.298604, 32.566442 ], [ -97.298629, 32.566378 ], [ -97.298805, 32.566178 ], [ -97.298932, 32.566042 ], [ -97.298974, 32.565979 ], [ -97.29923, 32.565762 ], [ -97.299323, 32.565697 ], [ -97.300162, 32.564978 ], [ -97.300791, 32.564448 ], [ -97.300907, 32.56431 ], [ -97.300954, 32.564231 ], [ -97.300985, 32.564134 ], [ -97.301016, 32.56393 ], [ -97.301047, 32.563446 ], [ -97.301062, 32.563276 ], [ -97.301289, 32.56086 ], [ -97.30129, 32.56085 ], [ -97.301342, 32.560837 ], [ -97.301525, 32.560718 ], [ -97.303532, 32.560753 ], [ -97.303543, 32.560637 ], [ -97.303229, 32.56064 ], [ -97.303003, 32.560646 ], [ -97.301792, 32.560633 ], [ -97.301311, 32.560633 ], [ -97.29878, 32.560626 ], [ -97.294113, 32.560606 ], [ -97.292671, 32.560606 ], [ -97.291172, 32.560606 ], [ -97.290933, 32.560606 ], [ -97.289318, 32.560612 ], [ -97.287693, 32.560598 ], [ -97.287197, 32.560606 ], [ -97.28702, 32.56062 ], [ -97.286869, 32.560654 ], [ -97.28654, 32.560684 ], [ -97.286226, 32.560735 ], [ -97.285934, 32.560783 ], [ -97.285488, 32.560833 ], [ -97.285025, 32.560847 ], [ -97.284857, 32.560847 ], [ -97.284529, 32.560789 ], [ -97.283911, 32.560747 ], [ -97.283658, 32.560726 ], [ -97.283726, 32.560584 ], [ -97.28381, 32.560457 ], [ -97.283877, 32.560378 ], [ -97.284248, 32.560019 ], [ -97.28493, 32.560087 ], [ -97.286053, 32.559957 ], [ -97.286635, 32.559157 ], [ -97.286732, 32.557834 ], [ -97.285672, 32.557831 ], [ -97.285384, 32.557772 ], [ -97.284789, 32.557649 ], [ -97.284881, 32.557164 ], [ -97.285098, 32.555995 ], [ -97.285813, 32.555026 ], [ -97.286418, 32.554229 ], [ -97.287125, 32.553327 ], [ -97.287881, 32.552578 ], [ -97.287399, 32.552573 ], [ -97.279238, 32.552482 ], [ -97.277087, 32.552458 ], [ -97.276561, 32.552451 ], [ -97.276059, 32.552446 ], [ -97.270851, 32.552387 ], [ -97.266018, 32.552333 ], [ -97.26528, 32.552325 ], [ -97.263812, 32.552308 ], [ -97.262389, 32.55229 ], [ -97.260833, 32.552273 ], [ -97.260752, 32.552273 ], [ -97.251791, 32.552172 ], [ -97.250269, 32.552155 ], [ -97.249219, 32.55214 ], [ -97.241331, 32.552022 ], [ -97.239748, 32.551997 ], [ -97.237526, 32.551961 ], [ -97.239023, 32.55419 ], [ -97.239096, 32.554299 ], [ -97.240095, 32.555863 ], [ -97.241546, 32.558041 ], [ -97.241716, 32.558296 ], [ -97.241855, 32.558634 ], [ -97.241891, 32.559046 ], [ -97.241911, 32.559813 ], [ -97.241831, 32.565024 ], [ -97.241796, 32.566888 ], [ -97.241788, 32.567268 ], [ -97.241761, 32.568976 ], [ -97.241738, 32.570389 ], [ -97.241661, 32.570394 ], [ -97.241631, 32.572018 ], [ -97.241629, 32.572124 ], [ -97.241611, 32.573441 ], [ -97.241566, 32.575059 ], [ -97.241542, 32.575822 ], [ -97.241539, 32.57627 ], [ -97.241534, 32.577109 ], [ -97.241502, 32.578584 ], [ -97.241482, 32.579898 ], [ -97.241434, 32.58244 ], [ -97.241463, 32.582695 ], [ -97.240817, 32.582709 ], [ -97.240816, 32.582652 ], [ -97.241332, 32.582666 ], [ -97.241375, 32.579876 ], [ -97.241415, 32.577427 ], [ -97.241432, 32.576269 ], [ -97.241491, 32.572121 ], [ -97.241493, 32.571957 ], [ -97.241525, 32.569641 ], [ -97.241532, 32.568977 ], [ -97.241544, 32.567915 ], [ -97.241558, 32.566936 ], [ -97.241564, 32.56655 ], [ -97.24158, 32.565415 ], [ -97.241644, 32.560977 ], [ -97.241661, 32.55981 ], [ -97.241677, 32.559038 ], [ -97.241618, 32.558651 ], [ -97.241368, 32.558203 ], [ -97.239874, 32.555941 ], [ -97.237321, 32.551977 ], [ -97.237198, 32.551777 ], [ -97.237127, 32.551567 ], [ -97.237643, 32.551581 ], [ -97.239176, 32.551615 ], [ -97.239453, 32.551619 ], [ -97.24165, 32.551647 ], [ -97.242931, 32.551664 ], [ -97.248937, 32.551726 ], [ -97.25058, 32.551739 ], [ -97.252269, 32.551751 ], [ -97.252617, 32.551753 ], [ -97.253445, 32.551772 ], [ -97.253644, 32.551777 ], [ -97.253731, 32.551779 ], [ -97.253881, 32.551783 ], [ -97.254065, 32.551788 ], [ -97.258195, 32.551889 ], [ -97.258631, 32.5519 ], [ -97.259255, 32.551915 ], [ -97.259832, 32.551929 ], [ -97.260456, 32.551945 ], [ -97.260761, 32.551953 ], [ -97.260855, 32.551956 ], [ -97.261143, 32.551963 ], [ -97.261938, 32.551984 ], [ -97.262382, 32.551996 ], [ -97.262424, 32.551997 ], [ -97.262579, 32.551999 ], [ -97.262639, 32.552 ], [ -97.262932, 32.552006 ], [ -97.263048, 32.552008 ], [ -97.263175, 32.552011 ], [ -97.263267, 32.552013 ], [ -97.263304, 32.552014 ], [ -97.263786, 32.552024 ], [ -97.263828, 32.552024 ], [ -97.263964, 32.552024 ], [ -97.265132, 32.552021 ], [ -97.265188, 32.55202 ], [ -97.265204, 32.55202 ], [ -97.265254, 32.55202 ], [ -97.265303, 32.55202 ], [ -97.265336, 32.55202 ], [ -97.265367, 32.55202 ], [ -97.265522, 32.552021 ], [ -97.268854, 32.552093 ], [ -97.269692, 32.552114 ], [ -97.270358, 32.552131 ], [ -97.270575, 32.55213 ], [ -97.270587, 32.55213 ], [ -97.270601, 32.55213 ], [ -97.270629, 32.552132 ], [ -97.270667, 32.552134 ], [ -97.270696, 32.552135 ], [ -97.270724, 32.552136 ], [ -97.270738, 32.552137 ], [ -97.27075, 32.552138 ], [ -97.270763, 32.552139 ], [ -97.270862, 32.552145 ], [ -97.270891, 32.552145 ], [ -97.271089, 32.552146 ], [ -97.277406, 32.552176 ], [ -97.278233, 32.552187 ], [ -97.278262, 32.552187 ], [ -97.278328, 32.552188 ], [ -97.287891, 32.552315 ], [ -97.291066, 32.552357 ], [ -97.293804, 32.552394 ], [ -97.294773, 32.552402 ], [ -97.295691, 32.552415 ], [ -97.299909, 32.55246 ], [ -97.304078, 32.552505 ], [ -97.304356, 32.552508 ], [ -97.306355, 32.551385 ], [ -97.306429, 32.550602 ], [ -97.30876, 32.550589 ], [ -97.30978, 32.550598 ], [ -97.313571, 32.550631 ], [ -97.313623, 32.55063 ], [ -97.313644, 32.550655 ], [ -97.313718, 32.55075 ], [ -97.313786, 32.550847 ], [ -97.313848, 32.550948 ], [ -97.313904, 32.551051 ], [ -97.313952, 32.551156 ], [ -97.313976, 32.551215 ], [ -97.313991, 32.55126 ], [ -97.31401, 32.551321 ], [ -97.314018, 32.551351 ], [ -97.314033, 32.551414 ], [ -97.314042, 32.551464 ], [ -97.314044, 32.551488 ], [ -97.314053, 32.551541 ], [ -97.314056, 32.551572 ], [ -97.314058, 32.551594 ], [ -97.314061, 32.551686 ], [ -97.314059, 32.552244 ], [ -97.313994, 32.552298 ], [ -97.313993, 32.552518 ], [ -97.314058, 32.552574 ], [ -97.314057, 32.552628 ], [ -97.313984, 32.552627 ], [ -97.31397, 32.554587 ], [ -97.313966, 32.555006 ], [ -97.313963, 32.555325 ], [ -97.31396, 32.555431 ], [ -97.313951, 32.555537 ], [ -97.313938, 32.555643 ], [ -97.313919, 32.555748 ], [ -97.313896, 32.555879 ], [ -97.313895, 32.555917 ], [ -97.313885, 32.556034 ], [ -97.313879, 32.556148 ], [ -97.313885, 32.556284 ], [ -97.313891, 32.556403 ], [ -97.31391, 32.55666 ], [ -97.313981, 32.557602 ], [ -97.313991, 32.557778 ], [ -97.313994, 32.557955 ], [ -97.313983, 32.56292 ], [ -97.314112, 32.562925 ], [ -97.314274, 32.562928 ], [ -97.317305, 32.562985 ], [ -97.317676, 32.562989 ], [ -97.317676, 32.563092 ], [ -97.31768, 32.563265 ], [ -97.317693, 32.563508 ], [ -97.317727, 32.563703 ], [ -97.317777, 32.563961 ], [ -97.31781, 32.564141 ], [ -97.31805, 32.564838 ], [ -97.318134, 32.56517 ], [ -97.318219, 32.565487 ], [ -97.318252, 32.565714 ], [ -97.318267, 32.565879 ], [ -97.318278, 32.566586 ], [ -97.318306, 32.568531 ], [ -97.318314, 32.569117 ], [ -97.318316, 32.569286 ], [ -97.318444, 32.569294 ], [ -97.318671, 32.569292 ], [ -97.318769, 32.569292 ], [ -97.318975, 32.569291 ], [ -97.319045, 32.569291 ], [ -97.319068, 32.569291 ], [ -97.319292, 32.569289 ], [ -97.323799, 32.569268 ], [ -97.323985, 32.569265 ], [ -97.324135, 32.57035 ], [ -97.324146, 32.570429 ], [ -97.324338, 32.571823 ], [ -97.324351, 32.571918 ], [ -97.326182, 32.571896 ], [ -97.326207, 32.571896 ], [ -97.326326, 32.571894 ], [ -97.326583, 32.571892 ], [ -97.326818, 32.57189 ], [ -97.327053, 32.571888 ], [ -97.327325, 32.571886 ], [ -97.32752, 32.571885 ], [ -97.327909, 32.571882 ], [ -97.328104, 32.57188 ], [ -97.328299, 32.571879 ], [ -97.328687, 32.571878 ], [ -97.329086, 32.571879 ], [ -97.329214, 32.57188 ], [ -97.329545, 32.571878 ], [ -97.329828, 32.571876 ], [ -97.330082, 32.571874 ], [ -97.33029, 32.571872 ], [ -97.330432, 32.571871 ], [ -97.330498, 32.571871 ], [ -97.330706, 32.571871 ], [ -97.330918, 32.571871 ], [ -97.331125, 32.57187 ], [ -97.331333, 32.57187 ], [ -97.331541, 32.571869 ], [ -97.331749, 32.571868 ], [ -97.331957, 32.571867 ], [ -97.3322, 32.571866 ], [ -97.332307, 32.571864 ], [ -97.332418, 32.571861 ], [ -97.332682, 32.571861 ], [ -97.332876, 32.571861 ], [ -97.333071, 32.571861 ], [ -97.333266, 32.571861 ], [ -97.333457, 32.571861 ], [ -97.333655, 32.57186 ], [ -97.333852, 32.571859 ], [ -97.333965, 32.571855 ], [ -97.334043, 32.571852 ], [ -97.334241, 32.571843 ], [ -97.334598, 32.571824 ], [ -97.334584, 32.573728 ], [ -97.334594, 32.573784 ], [ -97.334578, 32.57464 ], [ -97.334573, 32.574893 ], [ -97.334556, 32.575865 ], [ -97.334552, 32.576091 ], [ -97.334549, 32.576284 ], [ -97.33454, 32.576767 ], [ -97.334273, 32.57687 ], [ -97.33424, 32.576881 ], [ -97.33424, 32.576956 ], [ -97.334239, 32.576993 ], [ -97.334236, 32.577356 ], [ -97.334235, 32.577444 ], [ -97.334234, 32.577509 ], [ -97.3345, 32.577517 ], [ -97.33449, 32.577993 ], [ -97.334407, 32.582124 ], [ -97.334369, 32.585018 ], [ -97.334342, 32.587032 ], [ -97.334318, 32.588754 ], [ -97.334286, 32.591112 ], [ -97.331944, 32.591104 ], [ -97.331954, 32.592493 ], [ -97.332332, 32.593325 ], [ -97.332844, 32.594723 ], [ -97.333175, 32.596138 ], [ -97.333341, 32.597825 ], [ -97.333343, 32.598239 ], [ -97.333348, 32.599312 ], [ -97.333624, 32.599547 ], [ -97.334344, 32.599549 ], [ -97.334434, 32.59955 ], [ -97.334537, 32.59955 ], [ -97.350942, 32.599603 ], [ -97.350942, 32.599617 ], [ -97.350941, 32.599661 ], [ -97.35093, 32.600067 ], [ -97.350928, 32.600162 ], [ -97.350925, 32.600259 ], [ -97.350919, 32.600575 ], [ -97.350889, 32.602489 ], [ -97.350894, 32.602934 ], [ -97.355298, 32.602903 ], [ -97.355278, 32.603368 ], [ -97.355222, 32.604556 ], [ -97.35519, 32.605269 ], [ -97.355156, 32.606313 ], [ -97.355135, 32.606785 ], [ -97.354433, 32.606797 ], [ -97.353477, 32.606808 ], [ -97.351567, 32.606785 ], [ -97.351485, 32.606794 ], [ -97.351505, 32.607101 ], [ -97.351518, 32.60761 ], [ -97.351526, 32.607909 ], [ -97.351495, 32.609147 ], [ -97.351486, 32.609765 ], [ -97.351484, 32.609927 ], [ -97.351448, 32.610329 ], [ -97.351381, 32.610844 ], [ -97.351243, 32.611416 ], [ -97.351053, 32.611958 ], [ -97.351612, 32.611985 ], [ -97.351959, 32.612006 ], [ -97.354765, 32.612015 ], [ -97.354693, 32.613204 ], [ -97.352936, 32.613195 ], [ -97.351895, 32.613195 ], [ -97.351545, 32.613196 ], [ -97.351537, 32.61412 ], [ -97.35251, 32.614106 ], [ -97.352761, 32.614109 ], [ -97.35286, 32.61414 ], [ -97.352908, 32.614176 ], [ -97.352922, 32.614196 ], [ -97.352931, 32.614238 ], [ -97.353111, 32.614301 ], [ -97.353269, 32.614356 ], [ -97.353417, 32.614402 ], [ -97.353597, 32.614449 ], [ -97.353708, 32.614473 ], [ -97.353792, 32.61449 ], [ -97.353954, 32.614516 ], [ -97.354117, 32.614535 ], [ -97.354281, 32.614548 ], [ -97.354498, 32.614554 ], [ -97.354803, 32.614547 ], [ -97.354981, 32.614543 ], [ -97.355264, 32.608072 ], [ -97.355312, 32.606981 ], [ -97.355323, 32.606776 ], [ -97.35639, 32.606599 ], [ -97.356519, 32.606595 ], [ -97.35657, 32.606603 ], [ -97.356658, 32.606619 ], [ -97.356992, 32.606745 ], [ -97.357061, 32.606771 ], [ -97.357184, 32.606802 ], [ -97.357309, 32.606811 ], [ -97.359144, 32.606811 ], [ -97.360194, 32.60682 ], [ -97.363807, 32.606851 ], [ -97.36409, 32.606853 ], [ -97.366316, 32.606873 ], [ -97.368182, 32.606885 ], [ -97.370669, 32.606898 ], [ -97.372624, 32.606892 ], [ -97.374945, 32.606924 ], [ -97.375914, 32.606948 ], [ -97.376045, 32.606969 ], [ -97.376132, 32.606996 ], [ -97.376302, 32.606959 ], [ -97.376387, 32.601317 ], [ -97.376465, 32.596189 ], [ -97.376484, 32.594937 ], [ -97.376506, 32.593516 ], [ -97.376506, 32.593501 ], [ -97.376605, 32.587027 ], [ -97.376612, 32.586547 ], [ -97.378202, 32.586555 ], [ -97.378905, 32.586558 ], [ -97.379533, 32.586573 ], [ -97.379532, 32.58651 ], [ -97.379519, 32.585563 ], [ -97.379566, 32.585529 ], [ -97.379557, 32.584891 ], [ -97.379541, 32.583689 ], [ -97.379579, 32.583061 ], [ -97.379585, 32.582742 ], [ -97.379698, 32.58274 ], [ -97.380905, 32.582742 ], [ -97.381064, 32.582742 ], [ -97.381814, 32.582743 ], [ -97.381814, 32.581683 ], [ -97.381902, 32.581684 ], [ -97.382563, 32.581665 ], [ -97.383047, 32.581667 ], [ -97.384318, 32.58167 ], [ -97.386575, 32.581665 ], [ -97.386575, 32.58176 ], [ -97.386542, 32.584403 ], [ -97.387269, 32.584409 ], [ -97.387268, 32.586583 ], [ -97.385707, 32.586569 ], [ -97.384962, 32.587217 ], [ -97.384647, 32.587491 ], [ -97.384634, 32.588467 ], [ -97.384628, 32.589011 ], [ -97.385648, 32.589015 ], [ -97.38568, 32.589002 ], [ -97.385761, 32.589015 ], [ -97.388047, 32.58902 ], [ -97.388398, 32.589026 ], [ -97.388377, 32.589013 ], [ -97.388377, 32.588966 ], [ -97.388378, 32.587989 ], [ -97.38835, 32.58652 ], [ -97.388351, 32.58381 ], [ -97.388357, 32.583081 ], [ -97.388366, 32.581896 ], [ -97.388343, 32.581529 ], [ -97.388315, 32.58139 ], [ -97.388368, 32.57772 ], [ -97.388379, 32.57514 ], [ -97.388397, 32.575068 ], [ -97.390564, 32.575069 ], [ -97.392213, 32.57507 ], [ -97.392545, 32.575071 ], [ -97.393801, 32.575083 ], [ -97.393885, 32.575075 ], [ -97.393995, 32.575066 ], [ -97.394098, 32.575018 ], [ -97.394217, 32.574907 ], [ -97.394245, 32.574862 ], [ -97.394266, 32.574755 ], [ -97.394255, 32.57412 ], [ -97.394262, 32.574027 ], [ -97.394293, 32.57399 ], [ -97.394345, 32.573962 ], [ -97.394492, 32.573912 ], [ -97.394755, 32.573894 ], [ -97.396678, 32.573825 ], [ -97.400626, 32.573877 ], [ -97.40192, 32.573861 ], [ -97.401921, 32.573842 ], [ -97.402428, 32.573844 ], [ -97.402428, 32.57387 ], [ -97.404912, 32.573943 ], [ -97.407359, 32.573968 ], [ -97.408516, 32.573976 ], [ -97.4092, 32.573983 ], [ -97.410023, 32.573969 ], [ -97.410118, 32.573967 ], [ -97.410923, 32.573948 ], [ -97.412058, 32.573969 ], [ -97.412196, 32.573962 ], [ -97.425864, 32.574053 ], [ -97.426543, 32.574057 ], [ -97.428166, 32.574068 ], [ -97.428577, 32.574068 ], [ -97.428581, 32.574126 ], [ -97.428604, 32.574251 ], [ -97.428639, 32.57444 ], [ -97.428674, 32.574691 ], [ -97.428677, 32.574706 ], [ -97.433325, 32.574697 ], [ -97.433634, 32.574697 ], [ -97.433935, 32.574696 ], [ -97.434105, 32.574695 ], [ -97.4342, 32.574706 ], [ -97.434202, 32.574665 ], [ -97.434642, 32.574715 ], [ -97.436871, 32.574233 ], [ -97.437257, 32.574664 ], [ -97.438572, 32.574725 ], [ -97.438565, 32.574821 ], [ -97.438661, 32.574895 ], [ -97.43879, 32.574901 ], [ -97.438866, 32.57483 ], [ -97.439933, 32.575648 ], [ -97.441383, 32.575785 ], [ -97.442898, 32.577066 ], [ -97.442599, 32.57849 ], [ -97.442494, 32.57898 ], [ -97.443862, 32.581065 ], [ -97.447138, 32.581431 ], [ -97.448337, 32.582613 ], [ -97.448849, 32.583041 ], [ -97.450435, 32.583963 ], [ -97.447754, 32.588104 ], [ -97.447375, 32.58869 ], [ -97.445764, 32.588678 ], [ -97.44563, 32.588681 ], [ -97.444661, 32.58868 ], [ -97.44441, 32.588679 ], [ -97.432454, 32.588673 ], [ -97.432472, 32.588714 ], [ -97.432494, 32.588896 ], [ -97.432504, 32.589095 ], [ -97.432508, 32.592151 ], [ -97.432517, 32.598966 ], [ -97.432804, 32.598966 ], [ -97.433011, 32.598965 ], [ -97.439319, 32.59895 ], [ -97.44143, 32.598945 ], [ -97.44013, 32.600959 ], [ -97.439669, 32.601671 ], [ -97.438516, 32.603458 ], [ -97.438587, 32.603491 ], [ -97.436317, 32.607008 ], [ -97.43487, 32.609116 ], [ -97.433771, 32.610625 ], [ -97.433701, 32.610722 ], [ -97.433768, 32.610722 ], [ -97.434122, 32.61072 ], [ -97.43421, 32.610723 ], [ -97.434253, 32.610736 ], [ -97.434401, 32.610779 ], [ -97.434494, 32.610777 ], [ -97.434708, 32.610809 ], [ -97.442152, 32.610885 ], [ -97.443044, 32.610888 ], [ -97.443741, 32.610887 ], [ -97.446299, 32.610889 ], [ -97.446518, 32.610899 ], [ -97.44653, 32.61777 ], [ -97.453588, 32.617819 ], [ -97.453575, 32.618653 ], [ -97.454828, 32.618652 ], [ -97.456497, 32.618647 ], [ -97.456487, 32.618667 ], [ -97.456425, 32.618908 ], [ -97.456795, 32.618934 ], [ -97.457146, 32.618958 ], [ -97.458063, 32.61902 ], [ -97.458909, 32.619444 ], [ -97.459572, 32.618787 ], [ -97.460102, 32.618692 ], [ -97.460901, 32.619082 ], [ -97.460956, 32.619867 ], [ -97.460612, 32.620959 ], [ -97.459741, 32.62123 ], [ -97.45914, 32.621113 ], [ -97.458921, 32.621329 ], [ -97.458578, 32.621308 ], [ -97.457871, 32.621263 ], [ -97.45757, 32.621277 ], [ -97.456553, 32.62148 ], [ -97.456941, 32.622297 ], [ -97.457354, 32.622537 ], [ -97.457847, 32.622822 ], [ -97.457687, 32.623835 ], [ -97.457396, 32.624562 ], [ -97.45714, 32.625201 ], [ -97.457087, 32.625332 ], [ -97.455965, 32.624593 ], [ -97.455884, 32.62454 ], [ -97.455087, 32.624276 ], [ -97.454699, 32.624149 ], [ -97.453843, 32.624227 ], [ -97.454236, 32.624903 ], [ -97.454803, 32.625884 ], [ -97.455621, 32.627073 ], [ -97.455355, 32.627971 ], [ -97.455104, 32.628798 ], [ -97.454512, 32.630752 ], [ -97.45411, 32.630304 ], [ -97.454066, 32.629949 ], [ -97.454049, 32.629813 ], [ -97.453607, 32.629878 ], [ -97.453479, 32.629896 ], [ -97.453367, 32.629912 ], [ -97.452883, 32.629144 ], [ -97.452406, 32.628085 ], [ -97.45269, 32.627454 ], [ -97.452778, 32.627258 ], [ -97.45192, 32.627482 ], [ -97.451697, 32.62754 ], [ -97.450981, 32.626775 ], [ -97.450951, 32.626717 ], [ -97.450746, 32.62632 ], [ -97.450637, 32.626108 ], [ -97.450416, 32.625756 ], [ -97.450304, 32.626823 ], [ -97.450594, 32.628014 ], [ -97.450802, 32.628874 ], [ -97.450538, 32.630021 ], [ -97.450437, 32.630029 ], [ -97.449674, 32.630076 ], [ -97.449437, 32.630516 ], [ -97.449371, 32.630641 ], [ -97.449421, 32.630685 ], [ -97.449606, 32.630814 ], [ -97.450163, 32.631154 ], [ -97.450755, 32.631494 ], [ -97.450954, 32.631614 ], [ -97.451041, 32.631687 ], [ -97.4511, 32.631754 ], [ -97.451162, 32.631895 ], [ -97.451164, 32.631985 ], [ -97.451151, 32.632016 ], [ -97.451126, 32.632044 ], [ -97.451076, 32.632053 ], [ -97.451039, 32.632056 ], [ -97.450756, 32.63203 ], [ -97.450533, 32.631983 ], [ -97.450363, 32.631935 ], [ -97.450148, 32.63185 ], [ -97.449764, 32.63167 ], [ -97.449164, 32.631425 ], [ -97.448882, 32.631321 ], [ -97.448442, 32.631143 ], [ -97.448366, 32.631101 ], [ -97.448111, 32.631014 ], [ -97.446349, 32.630414 ], [ -97.447249, 32.630114 ], [ -97.447255, 32.630091 ], [ -97.447616, 32.628555 ], [ -97.44737, 32.628352 ], [ -97.44707, 32.628106 ], [ -97.446687, 32.628808 ], [ -97.446263, 32.628813 ], [ -97.445933, 32.628817 ], [ -97.445573, 32.628218 ], [ -97.445542, 32.627533 ], [ -97.44476, 32.626504 ], [ -97.445164, 32.625615 ], [ -97.446058, 32.625361 ], [ -97.445453, 32.625039 ], [ -97.444794, 32.624806 ], [ -97.445053, 32.623662 ], [ -97.445097, 32.623466 ], [ -97.44451, 32.623619 ], [ -97.443571, 32.624554 ], [ -97.443441, 32.625355 ], [ -97.443197, 32.625501 ], [ -97.442902, 32.625676 ], [ -97.442551, 32.626286 ], [ -97.442191, 32.625991 ], [ -97.44185, 32.624515 ], [ -97.442242, 32.621843 ], [ -97.442938, 32.620871 ], [ -97.442298, 32.620015 ], [ -97.441226, 32.621556 ], [ -97.440317, 32.622293 ], [ -97.439703, 32.621476 ], [ -97.438539, 32.618965 ], [ -97.438602, 32.617919 ], [ -97.437915, 32.617237 ], [ -97.437652, 32.617062 ], [ -97.436934, 32.61643 ], [ -97.436992, 32.616681 ], [ -97.437264, 32.618008 ], [ -97.43729, 32.618201 ], [ -97.437086, 32.619403 ], [ -97.437789, 32.62109 ], [ -97.437599, 32.621702 ], [ -97.438492, 32.623531 ], [ -97.439295, 32.624294 ], [ -97.439367, 32.625666 ], [ -97.439387, 32.626055 ], [ -97.438932, 32.627177 ], [ -97.437759, 32.628062 ], [ -97.438243, 32.628092 ], [ -97.439206, 32.628151 ], [ -97.439441, 32.628177 ], [ -97.439964, 32.628284 ], [ -97.440388, 32.629664 ], [ -97.440479, 32.629664 ], [ -97.440656, 32.629507 ], [ -97.441009, 32.629192 ], [ -97.441378, 32.629352 ], [ -97.441717, 32.629499 ], [ -97.441805, 32.629587 ], [ -97.441825, 32.629664 ], [ -97.442026, 32.630471 ], [ -97.441456, 32.630565 ], [ -97.441544, 32.63116 ], [ -97.442125, 32.631731 ], [ -97.442093, 32.631791 ], [ -97.441894, 32.631868 ], [ -97.441369, 32.631639 ], [ -97.440955, 32.631855 ], [ -97.440727, 32.631975 ], [ -97.439928, 32.632344 ], [ -97.439582, 32.631158 ], [ -97.438847, 32.631693 ], [ -97.438447, 32.631228 ], [ -97.43844, 32.630247 ], [ -97.438148, 32.629977 ], [ -97.437857, 32.630486 ], [ -97.437625, 32.630551 ], [ -97.437389, 32.630545 ], [ -97.437076, 32.630018 ], [ -97.436356, 32.630237 ], [ -97.435934, 32.629926 ], [ -97.435946, 32.629667 ], [ -97.435953, 32.629504 ], [ -97.435969, 32.629159 ], [ -97.435554, 32.629012 ], [ -97.434825, 32.627361 ], [ -97.435444, 32.626762 ], [ -97.434432, 32.626307 ], [ -97.433951, 32.625339 ], [ -97.435008, 32.624736 ], [ -97.434108, 32.624329 ], [ -97.433671, 32.624365 ], [ -97.43337, 32.623294 ], [ -97.432889, 32.622457 ], [ -97.43254, 32.622581 ], [ -97.431604, 32.622021 ], [ -97.432086, 32.622496 ], [ -97.432418, 32.623312 ], [ -97.43252, 32.62416 ], [ -97.432403, 32.624864 ], [ -97.432459, 32.626015 ], [ -97.431688, 32.625815 ], [ -97.430917, 32.62583 ], [ -97.430389, 32.625762 ], [ -97.430095, 32.62539 ], [ -97.430092, 32.624678 ], [ -97.430042, 32.624564 ], [ -97.429718, 32.623835 ], [ -97.429283, 32.62435 ], [ -97.42883, 32.624885 ], [ -97.428317, 32.624909 ], [ -97.428045, 32.623175 ], [ -97.427452, 32.622534 ], [ -97.42742, 32.622421 ], [ -97.427231, 32.621749 ], [ -97.427475, 32.621373 ], [ -97.427524, 32.621298 ], [ -97.427634, 32.621128 ], [ -97.427053, 32.621435 ], [ -97.426383, 32.621332 ], [ -97.426585, 32.621748 ], [ -97.426211, 32.623099 ], [ -97.426543, 32.624469 ], [ -97.426359, 32.624941 ], [ -97.426273, 32.625163 ], [ -97.425617, 32.625218 ], [ -97.42529, 32.624967 ], [ -97.424857, 32.624634 ], [ -97.42451, 32.624901 ], [ -97.424162, 32.625168 ], [ -97.42341, 32.626396 ], [ -97.422418, 32.628022 ], [ -97.422337, 32.628153 ], [ -97.423683, 32.62826 ], [ -97.424943, 32.629023 ], [ -97.42559, 32.628794 ], [ -97.426483, 32.628477 ], [ -97.427109, 32.628256 ], [ -97.427565, 32.628217 ], [ -97.427537, 32.62829 ], [ -97.427389, 32.628357 ], [ -97.427619, 32.628468 ], [ -97.426218, 32.628843 ], [ -97.425886, 32.629269 ], [ -97.425427, 32.629855 ], [ -97.424807, 32.631119 ], [ -97.425721, 32.63059 ], [ -97.425842, 32.63052 ], [ -97.426594, 32.630333 ], [ -97.426939, 32.630247 ], [ -97.428936, 32.630857 ], [ -97.428566, 32.632291 ], [ -97.429271, 32.632633 ], [ -97.429305, 32.633719 ], [ -97.431095, 32.632753 ], [ -97.432642, 32.632769 ], [ -97.432862, 32.633083 ], [ -97.432744, 32.633204 ], [ -97.432916, 32.633167 ], [ -97.433175, 32.633532 ], [ -97.433367, 32.633807 ], [ -97.43295, 32.634333 ], [ -97.432676, 32.634679 ], [ -97.433084, 32.635056 ], [ -97.433317, 32.635272 ], [ -97.432612, 32.636147 ], [ -97.432265, 32.636577 ], [ -97.432755, 32.636762 ], [ -97.433712, 32.636595 ], [ -97.434973, 32.636352 ], [ -97.435502, 32.636369 ], [ -97.43629, 32.636394 ], [ -97.436712, 32.636407 ], [ -97.434874, 32.638542 ], [ -97.434066, 32.638474 ], [ -97.43322, 32.638907 ], [ -97.432649, 32.6392 ], [ -97.430138, 32.63997 ], [ -97.433915, 32.64048 ], [ -97.434206, 32.641186 ], [ -97.434324, 32.641472 ], [ -97.434243, 32.641632 ], [ -97.43396, 32.642194 ], [ -97.434448, 32.642187 ], [ -97.434755, 32.64255 ], [ -97.436058, 32.640581 ], [ -97.437487, 32.639679 ], [ -97.438011, 32.639831 ], [ -97.438029, 32.639933 ], [ -97.438242, 32.641148 ], [ -97.438713, 32.641993 ], [ -97.439484, 32.642333 ], [ -97.440033, 32.64189 ], [ -97.439832, 32.641559 ], [ -97.439735, 32.641401 ], [ -97.439981, 32.641432 ], [ -97.441633, 32.641645 ], [ -97.441905, 32.641685 ], [ -97.441895, 32.6426 ], [ -97.441888, 32.64322 ], [ -97.441862, 32.645619 ], [ -97.442279, 32.645614 ], [ -97.445531, 32.645605 ], [ -97.446623, 32.645596 ], [ -97.446715, 32.645721 ], [ -97.446734, 32.645848 ], [ -97.446722, 32.645964 ], [ -97.44675, 32.646321 ], [ -97.446772, 32.646596 ], [ -97.446766, 32.646656 ], [ -97.446722, 32.646701 ], [ -97.446697, 32.64676 ], [ -97.446536, 32.646848 ], [ -97.446511, 32.647138 ], [ -97.446699, 32.64727 ], [ -97.44688, 32.647274 ], [ -97.446911, 32.647323 ], [ -97.446974, 32.647413 ], [ -97.44711, 32.647636 ], [ -97.447213, 32.647805 ], [ -97.447479, 32.648161 ], [ -97.447497, 32.648251 ], [ -97.447542, 32.648356 ], [ -97.44763, 32.648632 ], [ -97.447668, 32.648871 ], [ -97.447686, 32.64895 ], [ -97.447768, 32.649095 ], [ -97.447806, 32.649212 ], [ -97.447819, 32.649375 ], [ -97.4478, 32.649572 ], [ -97.447825, 32.649647 ], [ -97.447926, 32.649769 ], [ -97.447957, 32.649816 ], [ -97.448001, 32.649917 ], [ -97.448008, 32.649965 ], [ -97.448039, 32.650007 ], [ -97.448241, 32.650033 ], [ -97.448247, 32.650081 ], [ -97.448228, 32.650114 ], [ -97.448065, 32.650511 ], [ -97.448075, 32.650615 ], [ -97.448153, 32.650692 ], [ -97.44831, 32.650771 ], [ -97.4484, 32.65081 ], [ -97.448437, 32.650826 ], [ -97.450188, 32.651322 ], [ -97.451498, 32.651671 ], [ -97.453073, 32.652139 ], [ -97.454094, 32.652403 ], [ -97.45423, 32.652441 ], [ -97.456337, 32.653024 ], [ -97.459009, 32.653771 ], [ -97.459198, 32.653793 ], [ -97.45928, 32.653851 ], [ -97.459721, 32.653962 ], [ -97.460326, 32.654133 ], [ -97.460964, 32.654313 ], [ -97.461011, 32.654327 ], [ -97.460784, 32.654913 ], [ -97.46333, 32.655609 ], [ -97.46393, 32.655774 ], [ -97.464118, 32.655826 ], [ -97.464626, 32.656021 ], [ -97.464792, 32.656098 ], [ -97.464953, 32.656181 ], [ -97.465111, 32.656269 ], [ -97.465264, 32.656363 ], [ -97.465412, 32.656463 ], [ -97.465555, 32.656567 ], [ -97.465692, 32.656677 ], [ -97.465824, 32.656792 ], [ -97.46595, 32.656911 ], [ -97.466071, 32.657034 ], [ -97.466184, 32.657162 ], [ -97.466292, 32.657293 ], [ -97.466393, 32.657429 ], [ -97.466487, 32.657567 ], [ -97.466574, 32.657709 ], [ -97.466653, 32.657854 ], [ -97.466726, 32.658002 ], [ -97.466791, 32.658152 ], [ -97.467313, 32.659454 ], [ -97.467599, 32.66017 ], [ -97.467644, 32.660271 ], [ -97.467695, 32.66037 ], [ -97.467753, 32.660467 ], [ -97.467817, 32.660561 ], [ -97.467887, 32.660651 ], [ -97.467963, 32.660738 ], [ -97.468044, 32.660822 ], [ -97.468132, 32.660901 ], [ -97.469468, 32.662054 ], [ -97.470116, 32.66261 ], [ -97.469728, 32.662945 ], [ -97.469265, 32.663363 ], [ -97.468628, 32.663218 ], [ -97.468149, 32.663109 ], [ -97.467736, 32.663013 ], [ -97.467399, 32.662934 ], [ -97.466891, 32.662858 ], [ -97.464184, 32.662402 ], [ -97.463572, 32.662332 ], [ -97.463393, 32.662332 ], [ -97.46326, 32.662343 ], [ -97.462989, 32.662381 ], [ -97.462434, 32.662488 ], [ -97.461976, 32.662602 ], [ -97.460688, 32.662886 ], [ -97.460434, 32.662953 ], [ -97.458951, 32.663282 ], [ -97.455816, 32.664014 ], [ -97.455446, 32.664121 ], [ -97.4552, 32.664211 ], [ -97.455146, 32.664242 ], [ -97.454962, 32.664349 ], [ -97.454795, 32.664485 ], [ -97.454607, 32.664651 ], [ -97.454498, 32.664771 ], [ -97.450224, 32.665133 ], [ -97.447209, 32.665395 ], [ -97.445283, 32.665362 ], [ -97.445428, 32.664641 ], [ -97.444917, 32.664515 ], [ -97.444685, 32.664428 ], [ -97.44445, 32.664273 ], [ -97.444292, 32.664098 ], [ -97.444181, 32.66388 ], [ -97.444149, 32.663754 ], [ -97.444137, 32.663601 ], [ -97.444128, 32.66324 ], [ -97.443036, 32.663355 ], [ -97.443055, 32.66366 ], [ -97.44305, 32.663867 ], [ -97.443033, 32.664053 ], [ -97.442961, 32.664431 ], [ -97.442843, 32.664802 ], [ -97.442675, 32.665214 ], [ -97.442574, 32.665359 ], [ -97.442446, 32.665495 ], [ -97.44222, 32.665664 ], [ -97.441801, 32.665924 ], [ -97.441135, 32.666287 ], [ -97.440778, 32.666469 ], [ -97.440374, 32.666633 ], [ -97.439952, 32.666782 ], [ -97.438525, 32.667296 ], [ -97.437453, 32.667208 ], [ -97.436697, 32.668626 ], [ -97.436481, 32.668597 ], [ -97.436904, 32.66915 ], [ -97.437291, 32.669568 ], [ -97.43737, 32.669674 ], [ -97.437458, 32.669811 ], [ -97.437471, 32.669883 ], [ -97.437471, 32.669953 ], [ -97.437436, 32.670082 ], [ -97.437314, 32.670235 ], [ -97.437109, 32.670371 ], [ -97.436835, 32.670524 ], [ -97.436465, 32.67071 ], [ -97.43603, 32.670875 ], [ -97.435605, 32.671062 ], [ -97.435457, 32.671155 ], [ -97.435299, 32.671338 ], [ -97.434737, 32.67217 ], [ -97.434617, 32.672461 ], [ -97.434452, 32.672933 ], [ -97.434453, 32.673227 ], [ -97.434428, 32.673379 ], [ -97.434376, 32.673696 ], [ -97.434374, 32.67389 ], [ -97.434371, 32.674136 ], [ -97.434366, 32.674328 ], [ -97.434367, 32.674416 ], [ -97.434362, 32.674867 ], [ -97.434273, 32.674994 ], [ -97.4341, 32.675247 ], [ -97.434031, 32.675352 ], [ -97.433715, 32.675843 ], [ -97.433525, 32.676138 ], [ -97.43348, 32.676207 ], [ -97.433402, 32.676475 ], [ -97.433465, 32.676515 ], [ -97.433404, 32.676798 ], [ -97.433368, 32.676963 ], [ -97.433351, 32.67704 ], [ -97.433328, 32.677149 ], [ -97.433113, 32.677478 ], [ -97.433073, 32.677503 ], [ -97.432748, 32.677714 ], [ -97.432543, 32.677807 ], [ -97.432262, 32.677914 ], [ -97.431927, 32.678014 ], [ -97.431566, 32.678121 ], [ -97.431508, 32.678176 ], [ -97.4313, 32.678266 ], [ -97.431208, 32.678363 ], [ -97.431053, 32.678475 ], [ -97.430805, 32.678641 ], [ -97.430744, 32.678743 ], [ -97.430509, 32.679133 ], [ -97.430397, 32.679319 ], [ -97.43035, 32.679448 ], [ -97.430064, 32.680241 ], [ -97.429877, 32.680763 ], [ -97.429783, 32.680998 ], [ -97.42968, 32.681136 ], [ -97.429205, 32.681772 ], [ -97.428873, 32.681916 ], [ -97.428841, 32.68193 ], [ -97.428465, 32.682093 ], [ -97.428148, 32.6821 ], [ -97.427634, 32.682196 ], [ -97.427109, 32.682287 ], [ -97.425657, 32.681982 ], [ -97.425377, 32.681982 ], [ -97.425323, 32.681982 ], [ -97.425133, 32.682117 ], [ -97.425002, 32.682459 ], [ -97.425035, 32.682949 ], [ -97.425045, 32.682988 ], [ -97.424542, 32.682979 ], [ -97.424533, 32.68314 ], [ -97.424522, 32.683335 ], [ -97.424508, 32.683598 ], [ -97.424496, 32.683822 ], [ -97.424468, 32.684346 ], [ -97.423607, 32.684331 ], [ -97.4233, 32.684326 ], [ -97.423295, 32.684667 ], [ -97.422471, 32.684672 ], [ -97.421883, 32.684677 ], [ -97.421657, 32.684679 ], [ -97.421363, 32.68468 ], [ -97.419379, 32.684692 ], [ -97.419284, 32.684693 ], [ -97.417226, 32.684706 ], [ -97.417025, 32.684707 ], [ -97.415712, 32.684715 ], [ -97.415363, 32.684716 ], [ -97.415093, 32.684718 ], [ -97.415078, 32.684878 ], [ -97.415089, 32.685014 ], [ -97.415071, 32.687319 ], [ -97.415055, 32.688909 ], [ -97.413504, 32.688914 ], [ -97.412967, 32.688915 ], [ -97.412815, 32.689052 ], [ -97.41275, 32.68909 ], [ -97.412676, 32.689154 ], [ -97.412593, 32.689222 ], [ -97.412552, 32.689256 ], [ -97.412498, 32.689303 ], [ -97.412469, 32.689326 ], [ -97.412361, 32.689414 ], [ -97.412279, 32.689482 ], [ -97.412253, 32.689517 ], [ -97.412145, 32.68966 ], [ -97.412094, 32.689706 ], [ -97.411992, 32.689787 ], [ -97.411942, 32.689973 ], [ -97.4119, 32.690966 ], [ -97.411893, 32.691194 ], [ -97.411874, 32.691831 ], [ -97.411872, 32.692242 ], [ -97.411847, 32.69371 ], [ -97.411845, 32.694423 ], [ -97.411845, 32.694615 ], [ -97.412444, 32.694612 ], [ -97.41258, 32.694603 ], [ -97.412743, 32.694589 ], [ -97.413072, 32.694522 ], [ -97.413593, 32.694419 ], [ -97.41368, 32.694408 ], [ -97.413766, 32.694398 ], [ -97.414136, 32.694392 ], [ -97.414166, 32.694391 ], [ -97.414364, 32.694407 ], [ -97.414612, 32.694437 ], [ -97.414625, 32.694493 ], [ -97.414583, 32.694615 ], [ -97.414579, 32.694626 ], [ -97.414517, 32.694762 ], [ -97.414438, 32.694893 ], [ -97.414347, 32.695014 ], [ -97.414065, 32.695342 ], [ -97.413969, 32.695489 ], [ -97.413893, 32.695648 ], [ -97.413842, 32.695808 ], [ -97.413811, 32.695986 ], [ -97.41432, 32.696038 ], [ -97.41467, 32.696139 ], [ -97.414772, 32.696169 ], [ -97.415309, 32.696267 ], [ -97.415562, 32.696284 ], [ -97.416119, 32.696321 ], [ -97.416268, 32.696331 ], [ -97.416379, 32.696331 ], [ -97.41662, 32.69632 ], [ -97.416921, 32.696247 ], [ -97.417607, 32.696163 ], [ -97.418399, 32.696332 ], [ -97.418855, 32.696362 ], [ -97.41924, 32.696397 ], [ -97.420542, 32.696195 ], [ -97.421088, 32.696313 ], [ -97.421517, 32.696406 ], [ -97.421603, 32.696412 ], [ -97.42245, 32.696585 ], [ -97.423067, 32.69666 ], [ -97.423653, 32.696613 ], [ -97.423844, 32.696448 ], [ -97.424083, 32.696322 ], [ -97.424119, 32.696303 ], [ -97.424243, 32.696314 ], [ -97.424292, 32.696319 ], [ -97.424309, 32.696321 ], [ -97.424366, 32.696327 ], [ -97.424378, 32.696328 ], [ -97.42457, 32.696346 ], [ -97.424782, 32.696366 ], [ -97.424896, 32.696298 ], [ -97.425157, 32.696139 ], [ -97.425753, 32.696046 ], [ -97.426867, 32.696122 ], [ -97.427156, 32.69625 ], [ -97.427343, 32.696172 ], [ -97.42752, 32.696165 ], [ -97.427707, 32.69611 ], [ -97.42794, 32.695956 ], [ -97.428277, 32.695771 ], [ -97.428398, 32.695729 ], [ -97.428404, 32.695694 ], [ -97.428528, 32.695093 ], [ -97.428765, 32.694723 ], [ -97.42906, 32.694572 ], [ -97.429274, 32.694479 ], [ -97.429287, 32.694334 ], [ -97.429658, 32.694015 ], [ -97.429748, 32.693939 ], [ -97.429684, 32.693353 ], [ -97.429594, 32.693316 ], [ -97.429383, 32.693228 ], [ -97.429331, 32.693182 ], [ -97.429293, 32.69315 ], [ -97.429186, 32.693056 ], [ -97.428981, 32.692785 ], [ -97.42878, 32.692518 ], [ -97.42878, 32.692442 ], [ -97.428765, 32.691572 ], [ -97.428759, 32.690602 ], [ -97.428415, 32.689408 ], [ -97.428169, 32.689416 ], [ -97.428012, 32.689079 ], [ -97.427901, 32.688824 ], [ -97.427832, 32.688667 ], [ -97.427766, 32.688466 ], [ -97.427755, 32.688324 ], [ -97.427773, 32.68822 ], [ -97.427949, 32.687582 ], [ -97.42795, 32.687409 ], [ -97.427867, 32.687271 ], [ -97.427373, 32.686559 ], [ -97.426555, 32.685346 ], [ -97.426443, 32.685097 ], [ -97.426398, 32.684998 ], [ -97.426375, 32.68495 ], [ -97.426353, 32.684899 ], [ -97.426381, 32.684853 ], [ -97.426515, 32.684644 ], [ -97.426517, 32.684546 ], [ -97.42652, 32.684479 ], [ -97.426608, 32.684479 ], [ -97.426718, 32.684479 ], [ -97.428965, 32.684486 ], [ -97.433088, 32.6845 ], [ -97.434547, 32.684504 ], [ -97.434586, 32.684838 ], [ -97.434647, 32.685083 ], [ -97.434671, 32.685219 ], [ -97.434757, 32.68573 ], [ -97.434779, 32.685866 ], [ -97.435, 32.687187 ], [ -97.435157, 32.687229 ], [ -97.435102, 32.687396 ], [ -97.435025, 32.687629 ], [ -97.434987, 32.687746 ], [ -97.435269, 32.687795 ], [ -97.435216, 32.68826 ], [ -97.435361, 32.688927 ], [ -97.43516, 32.688967 ], [ -97.43507, 32.688984 ], [ -97.43514, 32.689305 ], [ -97.435152, 32.689341 ], [ -97.435195, 32.68947 ], [ -97.435374, 32.689738 ], [ -97.435408, 32.689773 ], [ -97.435606, 32.689974 ], [ -97.435648, 32.690016 ], [ -97.435594, 32.690094 ], [ -97.435583, 32.690105 ], [ -97.435735, 32.690261 ], [ -97.436066, 32.690599 ], [ -97.435451, 32.691045 ], [ -97.435503, 32.691132 ], [ -97.435641, 32.691464 ], [ -97.435492, 32.69151 ], [ -97.435274, 32.691579 ], [ -97.435352, 32.691793 ], [ -97.435389, 32.691899 ], [ -97.435644, 32.691872 ], [ -97.435656, 32.691872 ], [ -97.435819, 32.691865 ], [ -97.435927, 32.691861 ], [ -97.435929, 32.693023 ], [ -97.435929, 32.69313 ], [ -97.435927, 32.694856 ], [ -97.435925, 32.695956 ], [ -97.435924, 32.697007 ], [ -97.435922, 32.698352 ], [ -97.43592, 32.699166 ], [ -97.43592, 32.699245 ], [ -97.43588, 32.699428 ], [ -97.435873, 32.699468 ], [ -97.435957, 32.699469 ], [ -97.436101, 32.699469 ], [ -97.436216, 32.699472 ], [ -97.437668, 32.699523 ], [ -97.437918, 32.699525 ], [ -97.438153, 32.699528 ], [ -97.438459, 32.699531 ], [ -97.439152, 32.699538 ], [ -97.439251, 32.699539 ], [ -97.43961, 32.699539 ], [ -97.43978, 32.699531 ], [ -97.439958, 32.699504 ], [ -97.44019, 32.699453 ], [ -97.440333, 32.699415 ], [ -97.440494, 32.699353 ], [ -97.440518, 32.699344 ], [ -97.440702, 32.699271 ], [ -97.44086, 32.699184 ], [ -97.441644, 32.698698 ], [ -97.441804, 32.698611 ], [ -97.442331, 32.698287 ], [ -97.44277, 32.698021 ], [ -97.442849, 32.697972 ], [ -97.44309, 32.697825 ], [ -97.443783, 32.697412 ], [ -97.444103, 32.697222 ], [ -97.444257, 32.69715 ], [ -97.444963, 32.696801 ], [ -97.445989, 32.696328 ], [ -97.446106, 32.696271 ], [ -97.446575, 32.696049 ], [ -97.44704, 32.696045 ], [ -97.447274, 32.695538 ], [ -97.447385, 32.695302 ], [ -97.447398, 32.695278 ], [ -97.447517, 32.695051 ], [ -97.447631, 32.694833 ], [ -97.447697, 32.694721 ], [ -97.447789, 32.694562 ], [ -97.447929, 32.69438 ], [ -97.447891, 32.694351 ], [ -97.448178, 32.693995 ], [ -97.448621, 32.693443 ], [ -97.44866, 32.693395 ], [ -97.448752, 32.69328 ], [ -97.44891, 32.693083 ], [ -97.449019, 32.692948 ], [ -97.449206, 32.692714 ], [ -97.449423, 32.692444 ], [ -97.450383, 32.691248 ], [ -97.450671, 32.690889 ], [ -97.45129, 32.690119 ], [ -97.451679, 32.689856 ], [ -97.452397, 32.68937 ], [ -97.453519, 32.688517 ], [ -97.453722, 32.688406 ], [ -97.453948, 32.688314 ], [ -97.454338, 32.688188 ], [ -97.454812, 32.688034 ], [ -97.454986, 32.687953 ], [ -97.455172, 32.687859 ], [ -97.455271, 32.687811 ], [ -97.456409, 32.687216 ], [ -97.456855, 32.687058 ], [ -97.456853, 32.687171 ], [ -97.456854, 32.688037 ], [ -97.456854, 32.68953 ], [ -97.456852, 32.689698 ], [ -97.457716, 32.689239 ], [ -97.457681, 32.6894 ], [ -97.457669, 32.689452 ], [ -97.457657, 32.689491 ], [ -97.457649, 32.689518 ], [ -97.457638, 32.689555 ], [ -97.457477, 32.690109 ], [ -97.457219, 32.690863 ], [ -97.457181, 32.690975 ], [ -97.456739, 32.691994 ], [ -97.456632, 32.692217 ], [ -97.456598, 32.692293 ], [ -97.456219, 32.693018 ], [ -97.455913, 32.693619 ], [ -97.455564, 32.694281 ], [ -97.455248, 32.694857 ], [ -97.454888, 32.69558 ], [ -97.454795, 32.695755 ], [ -97.454342, 32.696546 ], [ -97.454244, 32.696726 ], [ -97.454164, 32.696862 ], [ -97.453642, 32.697842 ], [ -97.45313, 32.698804 ], [ -97.452657, 32.699765 ], [ -97.452442, 32.700156 ], [ -97.452367, 32.700312 ], [ -97.452233, 32.700572 ], [ -97.451978, 32.701023 ], [ -97.451792, 32.701371 ], [ -97.451162, 32.702525 ], [ -97.450987, 32.702836 ], [ -97.45055, 32.703677 ], [ -97.449617, 32.705407 ], [ -97.449713, 32.705443 ], [ -97.449805, 32.705477 ], [ -97.449885, 32.705507 ], [ -97.450421, 32.705708 ], [ -97.451248, 32.706017 ], [ -97.452281, 32.706013 ], [ -97.452626, 32.706012 ], [ -97.452784, 32.706011 ], [ -97.452785, 32.706192 ], [ -97.452786, 32.706279 ], [ -97.452791, 32.707013 ], [ -97.452796, 32.707853 ], [ -97.452758, 32.708651 ], [ -97.452734, 32.709643 ], [ -97.452734, 32.710028 ], [ -97.452734, 32.710565 ], [ -97.452734, 32.710849 ], [ -97.452734, 32.711487 ], [ -97.452734, 32.712378 ], [ -97.452746, 32.71335 ], [ -97.452746, 32.713654 ], [ -97.452746, 32.713799 ], [ -97.452313, 32.713816 ], [ -97.452311, 32.713946 ], [ -97.452309, 32.714456 ], [ -97.452306, 32.714906 ], [ -97.452305, 32.714977 ], [ -97.452208, 32.714977 ], [ -97.451195, 32.71498 ], [ -97.449867, 32.714981 ], [ -97.449216, 32.714982 ], [ -97.448618, 32.714983 ], [ -97.448042, 32.716273 ], [ -97.448452, 32.716278 ], [ -97.451154, 32.716288 ], [ -97.451208, 32.716288 ], [ -97.45205, 32.716282 ], [ -97.452782, 32.716278 ], [ -97.452743, 32.716985 ], [ -97.452721, 32.717149 ], [ -97.452714, 32.71726 ], [ -97.45267, 32.717461 ], [ -97.45251, 32.717958 ], [ -97.452255, 32.718736 ], [ -97.451964, 32.719549 ], [ -97.451515, 32.720795 ], [ -97.451329, 32.721285 ], [ -97.451204, 32.72165 ], [ -97.451155, 32.721831 ], [ -97.451094, 32.722016 ], [ -97.451065, 32.722181 ], [ -97.451021, 32.722506 ], [ -97.450977, 32.722984 ], [ -97.45298, 32.723225 ], [ -97.454693, 32.723396 ], [ -97.45542, 32.723473 ], [ -97.457136, 32.723654 ], [ -97.457761, 32.723728 ], [ -97.457747, 32.722577 ], [ -97.457729, 32.721139 ], [ -97.457709, 32.719518 ], [ -97.457694, 32.717984 ], [ -97.457675, 32.716726 ], [ -97.457693, 32.716296 ], [ -97.457728, 32.716296 ], [ -97.458213, 32.716302 ], [ -97.458836, 32.716293 ], [ -97.459748, 32.716296 ], [ -97.460634, 32.716302 ], [ -97.461577, 32.716285 ], [ -97.462489, 32.716303 ], [ -97.463684, 32.716287 ], [ -97.464509, 32.716285 ], [ -97.465456, 32.716292 ], [ -97.465915, 32.716335 ], [ -97.466036, 32.716355 ], [ -97.467414, 32.716831 ], [ -97.468541, 32.717225 ], [ -97.469144, 32.717432 ], [ -97.469697, 32.717624 ], [ -97.46981, 32.717655 ], [ -97.469887, 32.717678 ], [ -97.469944, 32.717688 ], [ -97.470192, 32.717703 ], [ -97.470478, 32.717709 ], [ -97.470827, 32.71772 ], [ -97.471062, 32.717742 ], [ -97.471227, 32.717784 ], [ -97.471354, 32.717833 ], [ -97.471456, 32.717881 ], [ -97.471704, 32.718024 ], [ -97.471945, 32.71812 ], [ -97.47218, 32.718173 ], [ -97.47232, 32.718196 ], [ -97.472505, 32.718209 ], [ -97.4728, 32.718209 ], [ -97.473461, 32.718207 ], [ -97.474077, 32.718209 ], [ -97.474943, 32.718212 ], [ -97.478607, 32.718227 ], [ -97.478567, 32.717892 ], [ -97.478453, 32.717425 ], [ -97.478355, 32.717011 ], [ -97.478274, 32.716672 ], [ -97.478023, 32.715707 ], [ -97.477891, 32.71527 ], [ -97.477758, 32.714882 ], [ -97.477668, 32.71464 ], [ -97.477557, 32.71436 ], [ -97.477469, 32.714121 ], [ -97.477262, 32.713639 ], [ -97.476911, 32.712849 ], [ -97.476736, 32.712421 ], [ -97.476476, 32.711785 ], [ -97.476289, 32.711306 ], [ -97.475977, 32.710684 ], [ -97.475644, 32.71 ], [ -97.475152, 32.708914 ], [ -97.474806, 32.708188 ], [ -97.47355, 32.705895 ], [ -97.473315, 32.705495 ], [ -97.473127, 32.70516 ], [ -97.472984, 32.704918 ], [ -97.472864, 32.704673 ], [ -97.472681, 32.704279 ], [ -97.472413, 32.703671 ], [ -97.472254, 32.703324 ], [ -97.472079, 32.702981 ], [ -97.471525, 32.701711 ], [ -97.471341, 32.701383 ], [ -97.471297, 32.701295 ], [ -97.470752, 32.700529 ], [ -97.470154, 32.699761 ], [ -97.469574, 32.699035 ], [ -97.469457, 32.698876 ], [ -97.469035, 32.698293 ], [ -97.468831, 32.697975 ], [ -97.468657, 32.697614 ], [ -97.468431, 32.69713 ], [ -97.468118, 32.696426 ], [ -97.46784, 32.695836 ], [ -97.466951, 32.693806 ], [ -97.46692, 32.693736 ], [ -97.466542, 32.69295 ], [ -97.466308, 32.692338 ], [ -97.466266, 32.692209 ], [ -97.466215, 32.692051 ], [ -97.465965, 32.691191 ], [ -97.465474, 32.689557 ], [ -97.46538, 32.68936 ], [ -97.46517, 32.688966 ], [ -97.465009, 32.688661 ], [ -97.464714, 32.688277 ], [ -97.464454, 32.68797 ], [ -97.464373, 32.687887 ], [ -97.464119, 32.687693 ], [ -97.463807, 32.687444 ], [ -97.463517, 32.687254 ], [ -97.463413, 32.687137 ], [ -97.463019, 32.686827 ], [ -97.462714, 32.686591 ], [ -97.462701, 32.68658 ], [ -97.46259, 32.686494 ], [ -97.46255, 32.686462 ], [ -97.462648, 32.686421 ], [ -97.462866, 32.686293 ], [ -97.462984, 32.686222 ], [ -97.463027, 32.686196 ], [ -97.46314, 32.686135 ], [ -97.463203, 32.686101 ], [ -97.463238, 32.686082 ], [ -97.463579, 32.685914 ], [ -97.463637, 32.685882 ], [ -97.463778, 32.685801 ], [ -97.463937, 32.685728 ], [ -97.464012, 32.685693 ], [ -97.46403, 32.685667 ], [ -97.46444, 32.685462 ], [ -97.464596, 32.685382 ], [ -97.464731, 32.685466 ], [ -97.464801, 32.685509 ], [ -97.464867, 32.68555 ], [ -97.464907, 32.685575 ], [ -97.464947, 32.6856 ], [ -97.465013, 32.685651 ], [ -97.465024, 32.685659 ], [ -97.465126, 32.685738 ], [ -97.465593, 32.686099 ], [ -97.466205, 32.686631 ], [ -97.466448, 32.686873 ], [ -97.466768, 32.687114 ], [ -97.467141, 32.687619 ], [ -97.467368, 32.687927 ], [ -97.468182, 32.689137 ], [ -97.468265, 32.689261 ], [ -97.468569, 32.689713 ], [ -97.468886, 32.690375 ], [ -97.469895, 32.692589 ], [ -97.470164, 32.693194 ], [ -97.470326, 32.69356 ], [ -97.470334, 32.693578 ], [ -97.470344, 32.693601 ], [ -97.470386, 32.693689 ], [ -97.470395, 32.693707 ], [ -97.470622, 32.694176 ], [ -97.470636, 32.694207 ], [ -97.471175, 32.695394 ], [ -97.471078, 32.695443 ], [ -97.471328, 32.696058 ], [ -97.471394, 32.696247 ], [ -97.471483, 32.696246 ], [ -97.472541, 32.696245 ], [ -97.472964, 32.696244 ], [ -97.473311, 32.696243 ], [ -97.473348, 32.696243 ], [ -97.474432, 32.696242 ], [ -97.474522, 32.696242 ], [ -97.475202, 32.696241 ], [ -97.475202, 32.696136 ], [ -97.475202, 32.696106 ], [ -97.475202, 32.695631 ], [ -97.475202, 32.695327 ], [ -97.475202, 32.695149 ], [ -97.475203, 32.693828 ], [ -97.475203, 32.690608 ], [ -97.475204, 32.690013 ], [ -97.475207, 32.689839 ], [ -97.475204, 32.688472 ], [ -97.479713, 32.688478 ], [ -97.479971, 32.688479 ], [ -97.482095, 32.688473 ], [ -97.482097, 32.683111 ], [ -97.482099, 32.682855 ], [ -97.482097, 32.682619 ], [ -97.482735, 32.682618 ], [ -97.482963, 32.68262 ], [ -97.48616, 32.682619 ], [ -97.486181, 32.6773 ], [ -97.486184, 32.676964 ], [ -97.486182, 32.676896 ], [ -97.486183, 32.676623 ], [ -97.48616, 32.676624 ], [ -97.484918, 32.676725 ], [ -97.48409, 32.676839 ], [ -97.48291, 32.677042 ], [ -97.481913, 32.677262 ], [ -97.480676, 32.677611 ], [ -97.479333, 32.678095 ], [ -97.478037, 32.678664 ], [ -97.477394, 32.678948 ], [ -97.477096, 32.678954 ], [ -97.477112, 32.678359 ], [ -97.477109, 32.677982 ], [ -97.476968, 32.678049 ], [ -97.476972, 32.677829 ], [ -97.477112, 32.677621 ], [ -97.477334, 32.677292 ], [ -97.477458, 32.677136 ], [ -97.477591, 32.676952 ], [ -97.477667, 32.676863 ], [ -97.477952, 32.676631 ], [ -97.478237, 32.6764 ], [ -97.478563, 32.676306 ], [ -97.478909, 32.676122 ], [ -97.479183, 32.675969 ], [ -97.479366, 32.675842 ], [ -97.479515, 32.6757 ], [ -97.479629, 32.675572 ], [ -97.479851, 32.67526 ], [ -97.480068, 32.675041 ], [ -97.480276, 32.67485 ], [ -97.480448, 32.674653 ], [ -97.480566, 32.674515 ], [ -97.480878, 32.674334 ], [ -97.481038, 32.674279 ], [ -97.481371, 32.674244 ], [ -97.482252, 32.674362 ], [ -97.482481, 32.674404 ], [ -97.482723, 32.674425 ], [ -97.482959, 32.674404 ], [ -97.483098, 32.674362 ], [ -97.483594, 32.674092 ], [ -97.48383, 32.673974 ], [ -97.484205, 32.673823 ], [ -97.484376, 32.673759 ], [ -97.484433, 32.673738 ], [ -97.484649, 32.67362 ], [ -97.484836, 32.673502 ], [ -97.484968, 32.673405 ], [ -97.485148, 32.673315 ], [ -97.485266, 32.673281 ], [ -97.485372, 32.673263 ], [ -97.485762, 32.673412 ], [ -97.486494, 32.67383 ], [ -97.487018, 32.674537 ], [ -97.488471, 32.673898 ], [ -97.488957, 32.673884 ], [ -97.48954, 32.67382 ], [ -97.489782, 32.673772 ], [ -97.490254, 32.673648 ], [ -97.490573, 32.6736 ], [ -97.490761, 32.6736 ], [ -97.490899, 32.673627 ], [ -97.491066, 32.67373 ], [ -97.491191, 32.673856 ], [ -97.491281, 32.673994 ], [ -97.49135, 32.674182 ], [ -97.491356, 32.674206 ], [ -97.491364, 32.674235 ], [ -97.491423, 32.674459 ], [ -97.491444, 32.674629 ], [ -97.491437, 32.674754 ], [ -97.491392, 32.674833 ], [ -97.491359, 32.674875 ], [ -97.491264, 32.675172 ], [ -97.491354, 32.675418 ], [ -97.491573, 32.67567 ], [ -97.492058, 32.676022 ], [ -97.492216, 32.676135 ], [ -97.492575, 32.676297 ], [ -97.492783, 32.676282 ], [ -97.492902, 32.676274 ], [ -97.493034, 32.676204 ], [ -97.493067, 32.676187 ], [ -97.493215, 32.676103 ], [ -97.493302, 32.676017 ], [ -97.493756, 32.675553 ], [ -97.493875, 32.675458 ], [ -97.494152, 32.675174 ], [ -97.49417, 32.675166 ], [ -97.49431, 32.675089 ], [ -97.494936, 32.674744 ], [ -97.495454, 32.674731 ], [ -97.495824, 32.674834 ], [ -97.496897, 32.675687 ], [ -97.497214, 32.676138 ], [ -97.497346, 32.676326 ], [ -97.497476, 32.676459 ], [ -97.497622, 32.676615 ], [ -97.498027, 32.677055 ], [ -97.498591, 32.676981 ], [ -97.498541, 32.676839 ], [ -97.498506, 32.676744 ], [ -97.498427, 32.676562 ], [ -97.498419, 32.676551 ], [ -97.49841, 32.676532 ], [ -97.498401, 32.676512 ], [ -97.498295, 32.676317 ], [ -97.498271, 32.676258 ], [ -97.498152, 32.675997 ], [ -97.498123, 32.67594 ], [ -97.498032, 32.675759 ], [ -97.497997, 32.675675 ], [ -97.497942, 32.675543 ], [ -97.497642, 32.675058 ], [ -97.497456, 32.674802 ], [ -97.497207, 32.674538 ], [ -97.49729, 32.674487 ], [ -97.497428, 32.674401 ], [ -97.497633, 32.674276 ], [ -97.497897, 32.674115 ], [ -97.498167, 32.673941 ], [ -97.498185, 32.673948 ], [ -97.498928, 32.673533 ], [ -97.499603, 32.673061 ], [ -97.501957, 32.673074 ], [ -97.502838, 32.673074 ], [ -97.502907, 32.673083 ], [ -97.502969, 32.673094 ], [ -97.503056, 32.673126 ], [ -97.503116, 32.673157 ], [ -97.503194, 32.673194 ], [ -97.503283, 32.673205 ], [ -97.503373, 32.673206 ], [ -97.503521, 32.673191 ], [ -97.503825, 32.673163 ], [ -97.503836, 32.67169 ], [ -97.50385, 32.669596 ], [ -97.503901, 32.661789 ], [ -97.503934, 32.658065 ], [ -97.503998, 32.647204 ], [ -97.503438, 32.647201 ], [ -97.502761, 32.647199 ], [ -97.503176, 32.64685 ], [ -97.503867, 32.646341 ], [ -97.50414, 32.64613 ], [ -97.504277, 32.646032 ], [ -97.504399, 32.645943 ], [ -97.504851, 32.645589 ], [ -97.507456, 32.643627 ], [ -97.507495, 32.639752 ], [ -97.507566, 32.632692 ], [ -97.507538, 32.632646 ], [ -97.507742, 32.632642 ], [ -97.507693, 32.632542 ], [ -97.507846, 32.632558 ], [ -97.508166, 32.632567 ], [ -97.508388, 32.632593 ], [ -97.512544, 32.632559 ], [ -97.51387, 32.632559 ], [ -97.513653, 32.629975 ], [ -97.519281, 32.629936 ], [ -97.51901, 32.630339 ], [ -97.518586, 32.630887 ], [ -97.518271, 32.631318 ], [ -97.517633, 32.63219 ], [ -97.517207, 32.632238 ], [ -97.517106, 32.632526 ], [ -97.517079, 32.632609 ], [ -97.517067, 32.632644 ], [ -97.51757, 32.632753 ], [ -97.517463, 32.632921 ], [ -97.516968, 32.633778 ], [ -97.516545, 32.634456 ], [ -97.514787, 32.637611 ], [ -97.51453, 32.637973 ], [ -97.514213, 32.638351 ], [ -97.513882, 32.638706 ], [ -97.513585, 32.638973 ], [ -97.512818, 32.639598 ], [ -97.511979, 32.640231 ], [ -97.511392, 32.640687 ], [ -97.510737, 32.641174 ], [ -97.511019, 32.641404 ], [ -97.511189, 32.641539 ], [ -97.511918, 32.642236 ], [ -97.513343, 32.643597 ], [ -97.514762, 32.642534 ], [ -97.52621, 32.642528 ], [ -97.526218, 32.6526 ], [ -97.52622, 32.653594 ], [ -97.52622, 32.654052 ], [ -97.524898, 32.654043 ], [ -97.523032, 32.654045 ], [ -97.522566, 32.654057 ], [ -97.515922, 32.654057 ], [ -97.515856, 32.654056 ], [ -97.515843, 32.654489 ], [ -97.51583, 32.654748 ], [ -97.51584, 32.655853 ], [ -97.515868, 32.659014 ], [ -97.516993, 32.660773 ], [ -97.515874, 32.661286 ], [ -97.515879, 32.673185 ], [ -97.50886, 32.673184 ], [ -97.50635, 32.673196 ], [ -97.505945, 32.673192 ], [ -97.505945, 32.673579 ], [ -97.50594, 32.675532 ], [ -97.503937, 32.675525 ], [ -97.503767, 32.675526 ], [ -97.503706, 32.678214 ], [ -97.503695, 32.678672 ], [ -97.50362, 32.678662 ], [ -97.501937, 32.67843 ], [ -97.499202, 32.678051 ], [ -97.499084, 32.678034 ], [ -97.493192, 32.67722 ], [ -97.489189, 32.676696 ], [ -97.487297, 32.67662 ], [ -97.48681, 32.6766 ], [ -97.486782, 32.676601 ], [ -97.486778, 32.676887 ], [ -97.486777, 32.676952 ], [ -97.486774, 32.677261 ], [ -97.48677, 32.677745 ], [ -97.486809, 32.683169 ], [ -97.482949, 32.683101 ], [ -97.482717, 32.683103 ], [ -97.482745, 32.689023 ], [ -97.479908, 32.689023 ], [ -97.479653, 32.689023 ], [ -97.475855, 32.689022 ], [ -97.475852, 32.689845 ], [ -97.475855, 32.690024 ], [ -97.475856, 32.691112 ], [ -97.475856, 32.694174 ], [ -97.47585, 32.695347 ], [ -97.47585, 32.695486 ], [ -97.47585, 32.695766 ], [ -97.47585, 32.696095 ], [ -97.475852, 32.69679 ], [ -97.473545, 32.696786 ], [ -97.473528, 32.696786 ], [ -97.47349, 32.696786 ], [ -97.473218, 32.696786 ], [ -97.472561, 32.696785 ], [ -97.47189, 32.696788 ], [ -97.471784, 32.696788 ], [ -97.472645, 32.699007 ], [ -97.472788, 32.699374 ], [ -97.473903, 32.702247 ], [ -97.473984, 32.702393 ], [ -97.474247, 32.702484 ], [ -97.474454, 32.702556 ], [ -97.475234, 32.702831 ], [ -97.475692, 32.702982 ], [ -97.475875, 32.703043 ], [ -97.477001, 32.70327 ], [ -97.47753, 32.703303 ], [ -97.4778, 32.703309 ], [ -97.478234, 32.703299 ], [ -97.478842, 32.703285 ], [ -97.479122, 32.703265 ], [ -97.479509, 32.703276 ], [ -97.480016, 32.703301 ], [ -97.480432, 32.703282 ], [ -97.480585, 32.703274 ], [ -97.48079, 32.70327 ], [ -97.481047, 32.703268 ], [ -97.482069, 32.703251 ], [ -97.482391, 32.703292 ], [ -97.482896, 32.703392 ], [ -97.483297, 32.70352 ], [ -97.483822, 32.703589 ], [ -97.484075, 32.703596 ], [ -97.484244, 32.7036 ], [ -97.484381, 32.703593 ], [ -97.484871, 32.703581 ], [ -97.485195, 32.703569 ], [ -97.485413, 32.703521 ], [ -97.48573, 32.703451 ], [ -97.485835, 32.703437 ], [ -97.485938, 32.703432 ], [ -97.486637, 32.703285 ], [ -97.487176, 32.7032 ], [ -97.489004, 32.703022 ], [ -97.488996, 32.703154 ], [ -97.489357, 32.703108 ], [ -97.489717, 32.703073 ], [ -97.49011, 32.703028 ], [ -97.490476, 32.702984 ], [ -97.49073, 32.702955 ], [ -97.490951, 32.702925 ], [ -97.491275, 32.702869 ], [ -97.491477, 32.702834 ], [ -97.491808, 32.702782 ], [ -97.492167, 32.70272 ], [ -97.492657, 32.702638 ], [ -97.493138, 32.702562 ], [ -97.493606, 32.702475 ], [ -97.494138, 32.702373 ], [ -97.494328, 32.702336 ], [ -97.494318, 32.705773 ], [ -97.498133, 32.705804 ], [ -97.498537, 32.706933 ], [ -97.49835, 32.708079 ], [ -97.498338, 32.708735 ], [ -97.498309, 32.710371 ], [ -97.498271, 32.710557 ], [ -97.497991, 32.710713 ], [ -97.497675, 32.710818 ], [ -97.497349, 32.710875 ], [ -97.49661, 32.710994 ], [ -97.498079, 32.711051 ], [ -97.498297, 32.71105 ], [ -97.498415, 32.711051 ], [ -97.498368, 32.711179 ], [ -97.498234, 32.711441 ], [ -97.49813, 32.711622 ], [ -97.498026, 32.711847 ], [ -97.497897, 32.712069 ], [ -97.497703, 32.712332 ], [ -97.49747, 32.712662 ], [ -97.497328, 32.712845 ], [ -97.497199, 32.713018 ], [ -97.496993, 32.713262 ], [ -97.496836, 32.713441 ], [ -97.497036, 32.713562 ], [ -97.497512, 32.713355 ], [ -97.497835, 32.713472 ], [ -97.498278, 32.713672 ], [ -97.498613, 32.713844 ], [ -97.498764, 32.713935 ], [ -97.49898, 32.71399 ], [ -97.499109, 32.714008 ], [ -97.499314, 32.713962 ], [ -97.499487, 32.713881 ], [ -97.499627, 32.713844 ], [ -97.499746, 32.713825 ], [ -97.499832, 32.713844 ], [ -97.500072, 32.714023 ], [ -97.500115, 32.714152 ], [ -97.500114, 32.714675 ], [ -97.500286, 32.715039 ], [ -97.500603, 32.715315 ], [ -97.500638, 32.715345 ], [ -97.500674, 32.715352 ], [ -97.501939, 32.715604 ], [ -97.502982, 32.715404 ], [ -97.50304, 32.715405 ], [ -97.503751, 32.715365 ], [ -97.504216, 32.715448 ], [ -97.504528, 32.715531 ], [ -97.504903, 32.715677 ], [ -97.505208, 32.715815 ], [ -97.505333, 32.715961 ], [ -97.505493, 32.716265 ], [ -97.505413, 32.71654 ], [ -97.505243, 32.716769 ], [ -97.505035, 32.716886 ], [ -97.504737, 32.717018 ], [ -97.504334, 32.717323 ], [ -97.5043, 32.717413 ], [ -97.504286, 32.717559 ], [ -97.504327, 32.717621 ], [ -97.504417, 32.717705 ], [ -97.506294, 32.718736 ], [ -97.506418, 32.718842 ], [ -97.506849, 32.719119 ], [ -97.50768, 32.719148 ], [ -97.508552, 32.718976 ], [ -97.509087, 32.718829 ], [ -97.509144, 32.718814 ], [ -97.509458, 32.718934 ], [ -97.509947, 32.719433 ], [ -97.51034, 32.719727 ], [ -97.510669, 32.720166 ], [ -97.510724, 32.720239 ], [ -97.510913, 32.720491 ], [ -97.51261, 32.720496 ], [ -97.515298, 32.720525 ], [ -97.515466, 32.720536 ], [ -97.515687, 32.720535 ], [ -97.516119, 32.720517 ], [ -97.51644, 32.720526 ], [ -97.519026, 32.720517 ], [ -97.519096, 32.720258 ], [ -97.519188, 32.720232 ], [ -97.51928, 32.720211 ], [ -97.521267, 32.720219 ], [ -97.521258, 32.720019 ], [ -97.521242, 32.71969 ], [ -97.52139, 32.711725 ], [ -97.521392, 32.711589 ], [ -97.516359, 32.711443 ], [ -97.513942, 32.711372 ], [ -97.513532, 32.711366 ], [ -97.513622, 32.707811 ], [ -97.515485, 32.707839 ], [ -97.515582, 32.707841 ], [ -97.515986, 32.707846 ], [ -97.516371, 32.707914 ], [ -97.516519, 32.707914 ], [ -97.516865, 32.707903 ], [ -97.517241, 32.707918 ], [ -97.517665, 32.707926 ], [ -97.518954, 32.707935 ], [ -97.519619, 32.707952 ], [ -97.51963, 32.707952 ], [ -97.519664, 32.705858 ], [ -97.519666, 32.705713 ], [ -97.519685, 32.704533 ], [ -97.519689, 32.704523 ], [ -97.520726, 32.704543 ], [ -97.521197, 32.704552 ], [ -97.521201, 32.704355 ], [ -97.521256, 32.702207 ], [ -97.52126, 32.702062 ], [ -97.521313, 32.698402 ], [ -97.521366, 32.695306 ], [ -97.52482, 32.69529 ], [ -97.525291, 32.695294 ], [ -97.525323, 32.695285 ], [ -97.525349, 32.695275 ], [ -97.525574, 32.695287 ], [ -97.527308, 32.695286 ], [ -97.527822, 32.695278 ], [ -97.528007, 32.695289 ], [ -97.528022, 32.695278 ], [ -97.528039, 32.695266 ], [ -97.528268, 32.695276 ], [ -97.530119, 32.695268 ], [ -97.530115, 32.694916 ], [ -97.530191, 32.68834 ], [ -97.53025, 32.684282 ], [ -97.530295, 32.681467 ], [ -97.530303, 32.680363 ], [ -97.530464, 32.680409 ], [ -97.531722, 32.680588 ], [ -97.534779, 32.68101 ], [ -97.53591, 32.681178 ], [ -97.536881, 32.681322 ], [ -97.538554, 32.681622 ], [ -97.538934, 32.681655 ], [ -97.53909, 32.681668 ], [ -97.539102, 32.68167 ], [ -97.539154, 32.681658 ], [ -97.539271, 32.681634 ], [ -97.539427, 32.681495 ], [ -97.540191, 32.681627 ], [ -97.541644, 32.681779 ], [ -97.542541, 32.681842 ], [ -97.543628, 32.681842 ], [ -97.545097, 32.681751 ], [ -97.546615, 32.681641 ], [ -97.547145, 32.681582 ], [ -97.548188, 32.681497 ], [ -97.548666, 32.681424 ], [ -97.548979, 32.681385 ], [ -97.549563, 32.68139 ], [ -97.549603, 32.681382 ], [ -97.549723, 32.681365 ], [ -97.549764, 32.681361 ], [ -97.552381, 32.681149 ], [ -97.552735, 32.681221 ], [ -97.558487, 32.68091 ], [ -97.558487, 32.680766 ], [ -97.559691, 32.68065 ], [ -97.560947, 32.68053 ], [ -97.561585, 32.680478 ], [ -97.562349, 32.680379 ], [ -97.563422, 32.680194 ], [ -97.564077, 32.679998 ], [ -97.564753, 32.679787 ], [ -97.56512, 32.679596 ], [ -97.565109, 32.679766 ], [ -97.56998, 32.677159 ], [ -97.571749, 32.676202 ], [ -97.571721, 32.679466 ], [ -97.571505, 32.715351 ], [ -97.571512, 32.716912 ], [ -97.571496, 32.716992 ], [ -97.574161, 32.716575 ], [ -97.580222, 32.718569 ], [ -97.58847, 32.718632 ], [ -97.591552, 32.718815 ], [ -97.592185, 32.718595 ], [ -97.592281, 32.723285 ], [ -97.592324, 32.724905 ], [ -97.592348, 32.725815 ], [ -97.59237, 32.727538 ], [ -97.592368, 32.727634 ], [ -97.592383, 32.727854 ], [ -97.59238, 32.727937 ], [ -97.592372, 32.728128 ], [ -97.592383, 32.72829 ], [ -97.592385, 32.728535 ], [ -97.592388, 32.728783 ], [ -97.592434, 32.729683 ], [ -97.596495, 32.729678 ], [ -97.596752, 32.729746 ], [ -97.596845, 32.729768 ], [ -97.597111, 32.729833 ], [ -97.597385, 32.729899 ], [ -97.597662, 32.72995 ], [ -97.597852, 32.729985 ], [ -97.598188, 32.730028 ], [ -97.598493, 32.730048 ], [ -97.599295, 32.73009 ], [ -97.599345, 32.730089 ], [ -97.599909, 32.730098 ], [ -97.599936, 32.732477 ], [ -97.600034, 32.734947 ], [ -97.600075, 32.738019 ], [ -97.600078, 32.738427 ], [ -97.600087, 32.739351 ], [ -97.600084, 32.74002 ], [ -97.600103, 32.740889 ], [ -97.60015, 32.744388 ], [ -97.598913, 32.744361 ], [ -97.59533, 32.744332 ], [ -97.594944, 32.74431 ], [ -97.594629, 32.744271 ], [ -97.594281, 32.744235 ], [ -97.593949, 32.744193 ] ], [ [ -97.581687, 32.722061 ], [ -97.580618, 32.723878 ], [ -97.586865, 32.726238 ], [ -97.587609, 32.725139 ], [ -97.58752, 32.725093 ], [ -97.58743, 32.72505 ], [ -97.587311, 32.72499 ], [ -97.587281, 32.724975 ], [ -97.587193, 32.72493 ], [ -97.587163, 32.724915 ], [ -97.581687, 32.722061 ] ], [ [ -97.575738, 32.744176 ], [ -97.575741, 32.745263 ], [ -97.576419, 32.745265 ], [ -97.577237, 32.74525 ], [ -97.577019, 32.744308 ], [ -97.576987, 32.744161 ], [ -97.576923, 32.744163 ], [ -97.576832, 32.744158 ], [ -97.576572, 32.744165 ], [ -97.576466, 32.744168 ], [ -97.575738, 32.744176 ] ], [ [ -97.574017, 32.744115 ], [ -97.574001, 32.743878 ], [ -97.572659, 32.743856 ], [ -97.572668, 32.744715 ], [ -97.572942, 32.744664 ], [ -97.573427, 32.744489 ], [ -97.573431, 32.744113 ], [ -97.574017, 32.744115 ] ], [ [ -97.534376, 32.710938 ], [ -97.530711, 32.710985 ], [ -97.529703, 32.710963 ], [ -97.529694, 32.711558 ], [ -97.529681, 32.712313 ], [ -97.529674, 32.714284 ], [ -97.529668, 32.715852 ], [ -97.529666, 32.716282 ], [ -97.529669, 32.71641 ], [ -97.530105, 32.716421 ], [ -97.530082, 32.717567 ], [ -97.530057, 32.718702 ], [ -97.529621, 32.718696 ], [ -97.529618, 32.719341 ], [ -97.529764, 32.719343 ], [ -97.529785, 32.71934 ], [ -97.530073, 32.719345 ], [ -97.530525, 32.719352 ], [ -97.530616, 32.719353 ], [ -97.530614, 32.719447 ], [ -97.530602, 32.71996 ], [ -97.530593, 32.720371 ], [ -97.531407, 32.720398 ], [ -97.531825, 32.720424 ], [ -97.533648, 32.720484 ], [ -97.53432, 32.72051 ], [ -97.535721, 32.720549 ], [ -97.536542, 32.720543 ], [ -97.53726, 32.720543 ], [ -97.537888, 32.720543 ], [ -97.538138, 32.720543 ], [ -97.538628, 32.720549 ], [ -97.539543, 32.72056 ], [ -97.541116, 32.720564 ], [ -97.545874, 32.72057 ], [ -97.549008, 32.720569 ], [ -97.549199, 32.720568 ], [ -97.549194, 32.720373 ], [ -97.549263, 32.713299 ], [ -97.549304, 32.708797 ], [ -97.549078, 32.7088 ], [ -97.548075, 32.708772 ], [ -97.54719, 32.708774 ], [ -97.538444, 32.708665 ], [ -97.538382, 32.710926 ], [ -97.534376, 32.710938 ] ], [ [ -97.531267, 32.749088 ], [ -97.52979, 32.749083 ], [ -97.529679, 32.749081 ], [ -97.529683, 32.7509 ], [ -97.529947, 32.750898 ], [ -97.531257, 32.750902 ], [ -97.531267, 32.749088 ] ], [ [ -97.505965, 32.852229 ], [ -97.505827, 32.852126 ], [ -97.505574, 32.85191 ], [ -97.504958, 32.851334 ], [ -97.504699, 32.851091 ], [ -97.503042, 32.849539 ], [ -97.502462, 32.848995 ], [ -97.501931, 32.848497 ], [ -97.500251, 32.846924 ], [ -97.500063, 32.846748 ], [ -97.498912, 32.84567 ], [ -97.497236, 32.8441 ], [ -97.496713, 32.843611 ], [ -97.495699, 32.842656 ], [ -97.495684, 32.843975 ], [ -97.495681, 32.844184 ], [ -97.495677, 32.844549 ], [ -97.495652, 32.847166 ], [ -97.495627, 32.849924 ], [ -97.495605, 32.851251 ], [ -97.495574, 32.853207 ], [ -97.495719, 32.853207 ], [ -97.496757, 32.853205 ], [ -97.498186, 32.853203 ], [ -97.499205, 32.854943 ], [ -97.499791, 32.855947 ], [ -97.499901, 32.856137 ], [ -97.500503, 32.857168 ], [ -97.501288, 32.85859 ], [ -97.501628, 32.859149 ], [ -97.502171, 32.860038 ], [ -97.502367, 32.860357 ], [ -97.503959, 32.860338 ], [ -97.503969, 32.865655 ], [ -97.503957, 32.86578 ], [ -97.503954, 32.866016 ], [ -97.503952, 32.866148 ], [ -97.50417, 32.866035 ], [ -97.504288, 32.865974 ], [ -97.504627, 32.865798 ], [ -97.504833, 32.865687 ], [ -97.504924, 32.865654 ], [ -97.505032, 32.865611 ], [ -97.505141, 32.865586 ], [ -97.505239, 32.865578 ], [ -97.505333, 32.865583 ], [ -97.505484, 32.865606 ], [ -97.505645, 32.865661 ], [ -97.506513, 32.866087 ], [ -97.507083, 32.866367 ], [ -97.50751, 32.866555 ], [ -97.507928, 32.866739 ], [ -97.508031, 32.866775 ], [ -97.508159, 32.866805 ], [ -97.508315, 32.866832 ], [ -97.508627, 32.866846 ], [ -97.509838, 32.86686 ], [ -97.510276, 32.86689 ], [ -97.510512, 32.86694 ], [ -97.510792, 32.867023 ], [ -97.511064, 32.867108 ], [ -97.511698, 32.867311 ], [ -97.512163, 32.867425 ], [ -97.512341, 32.867441 ], [ -97.512347, 32.867194 ], [ -97.5125, 32.860281 ], [ -97.512504, 32.860157 ], [ -97.515303, 32.860214 ], [ -97.518364, 32.860226 ], [ -97.517046, 32.859377 ], [ -97.512752, 32.856612 ], [ -97.510876, 32.855404 ], [ -97.510354, 32.855067 ], [ -97.508447, 32.853834 ], [ -97.507382, 32.853146 ], [ -97.505965, 32.852229 ] ], [ [ -97.512309, 32.741327 ], [ -97.512339, 32.741327 ], [ -97.512403, 32.741328 ], [ -97.51242, 32.741328 ], [ -97.512891, 32.741334 ], [ -97.515084, 32.74136 ], [ -97.515576, 32.741363 ], [ -97.515577, 32.741287 ], [ -97.515625, 32.737954 ], [ -97.513604, 32.737935 ], [ -97.51198, 32.737919 ], [ -97.511988, 32.738309 ], [ -97.512031, 32.740853 ], [ -97.512005, 32.741325 ], [ -97.512309, 32.741327 ] ], [ [ -97.479358, 32.739965 ], [ -97.479177, 32.739833 ], [ -97.478993, 32.739727 ], [ -97.478769, 32.739615 ], [ -97.478592, 32.739541 ], [ -97.478458, 32.739504 ], [ -97.478222, 32.739454 ], [ -97.478019, 32.739424 ], [ -97.477676, 32.739419 ], [ -97.477341, 32.739441 ], [ -97.476706, 32.739542 ], [ -97.476318, 32.739586 ], [ -97.475915, 32.739629 ], [ -97.475447, 32.739574 ], [ -97.475174, 32.739508 ], [ -97.474985, 32.739439 ], [ -97.474819, 32.739362 ], [ -97.474556, 32.739214 ], [ -97.474319, 32.739056 ], [ -97.474092, 32.738915 ], [ -97.473871, 32.738807 ], [ -97.473559, 32.738698 ], [ -97.473187, 32.738622 ], [ -97.472964, 32.738599 ], [ -97.472839, 32.738597 ], [ -97.471458, 32.73858 ], [ -97.469751, 32.738589 ], [ -97.468316, 32.738559 ], [ -97.466972, 32.738572 ], [ -97.466915, 32.738574 ], [ -97.466842, 32.738578 ], [ -97.466365, 32.738564 ], [ -97.466246, 32.738557 ], [ -97.466119, 32.738566 ], [ -97.466015, 32.738569 ], [ -97.46518, 32.738554 ], [ -97.463773, 32.738537 ], [ -97.462367, 32.738525 ], [ -97.461247, 32.738516 ], [ -97.460389, 32.73851 ], [ -97.459837, 32.738506 ], [ -97.459058, 32.738507 ], [ -97.457975, 32.7385 ], [ -97.456865, 32.738498 ], [ -97.455801, 32.73849 ], [ -97.454328, 32.738485 ], [ -97.453338, 32.738479 ], [ -97.452634, 32.738486 ], [ -97.451786, 32.738479 ], [ -97.451524, 32.738487 ], [ -97.450598, 32.738485 ], [ -97.449424, 32.738427 ], [ -97.448517, 32.738427 ], [ -97.448213, 32.738423 ], [ -97.447934, 32.738419 ], [ -97.447855, 32.738418 ], [ -97.447719, 32.738405 ], [ -97.447471, 32.738374 ], [ -97.447248, 32.738337 ], [ -97.447001, 32.738281 ], [ -97.446778, 32.738224 ], [ -97.445985, 32.738003 ], [ -97.445772, 32.737952 ], [ -97.44545, 32.737875 ], [ -97.445248, 32.73782 ], [ -97.445187, 32.73781 ], [ -97.444686, 32.737772 ], [ -97.444302, 32.737855 ], [ -97.444157, 32.737896 ], [ -97.443923, 32.737997 ], [ -97.443744, 32.73807 ], [ -97.443489, 32.73818 ], [ -97.442472, 32.738625 ], [ -97.441997, 32.738864 ], [ -97.441896, 32.738925 ], [ -97.441699, 32.739069 ], [ -97.441602, 32.739174 ], [ -97.441517, 32.739282 ], [ -97.441375, 32.739496 ], [ -97.441319, 32.739669 ], [ -97.441291, 32.740321 ], [ -97.441295, 32.740492 ], [ -97.441295, 32.740696 ], [ -97.441279, 32.740871 ], [ -97.441249, 32.741176 ], [ -97.441227, 32.741367 ], [ -97.441191, 32.741525 ], [ -97.441112, 32.741749 ], [ -97.441047, 32.741923 ], [ -97.440965, 32.742093 ], [ -97.440884, 32.742253 ], [ -97.440792, 32.742417 ], [ -97.440437, 32.742977 ], [ -97.440181, 32.743412 ], [ -97.440134, 32.743533 ], [ -97.439997, 32.743759 ], [ -97.439708, 32.74428 ], [ -97.439258, 32.744914 ], [ -97.438811, 32.745446 ], [ -97.438521, 32.745736 ], [ -97.438367, 32.745862 ], [ -97.437687, 32.746485 ], [ -97.437547, 32.746629 ], [ -97.436117, 32.747984 ], [ -97.435325, 32.748789 ], [ -97.435271, 32.748845 ], [ -97.434884, 32.749195 ], [ -97.434357, 32.749674 ], [ -97.434274, 32.749755 ], [ -97.434044, 32.749958 ], [ -97.433195, 32.750782 ], [ -97.432421, 32.751543 ], [ -97.432285, 32.751677 ], [ -97.431852, 32.752109 ], [ -97.43126, 32.752658 ], [ -97.430709, 32.753213 ], [ -97.430664, 32.753253 ], [ -97.429891, 32.75394 ], [ -97.429634, 32.754158 ], [ -97.429345, 32.754425 ], [ -97.429219, 32.754348 ], [ -97.42902, 32.754228 ], [ -97.428894, 32.754151 ], [ -97.428623, 32.753997 ], [ -97.428446, 32.753891 ], [ -97.428578, 32.753759 ], [ -97.428434, 32.753648 ], [ -97.428458, 32.75361 ], [ -97.428468, 32.753569 ], [ -97.428467, 32.753524 ], [ -97.428373, 32.753459 ], [ -97.428273, 32.753526 ], [ -97.42817, 32.753597 ], [ -97.428101, 32.753504 ], [ -97.428082, 32.753479 ], [ -97.42797, 32.753583 ], [ -97.42793, 32.753623 ], [ -97.427901, 32.753652 ], [ -97.427866, 32.753693 ], [ -97.427833, 32.75374 ], [ -97.427801, 32.753797 ], [ -97.427779, 32.753847 ], [ -97.427762, 32.753896 ], [ -97.427737, 32.753973 ], [ -97.427132, 32.753964 ], [ -97.426778, 32.753854 ], [ -97.426516, 32.753985 ], [ -97.425735, 32.753981 ], [ -97.424653, 32.753976 ], [ -97.422228, 32.753965 ], [ -97.416317, 32.753938 ], [ -97.416009, 32.753936 ], [ -97.415931, 32.753936 ], [ -97.415676, 32.753935 ], [ -97.415102, 32.753024 ], [ -97.414993, 32.752851 ], [ -97.413353, 32.752851 ], [ -97.41146, 32.75285 ], [ -97.411373, 32.75285 ], [ -97.409775, 32.752848 ], [ -97.40811, 32.752847 ], [ -97.40577, 32.752844 ], [ -97.404073, 32.752843 ], [ -97.401838, 32.752841 ], [ -97.401469, 32.75284 ], [ -97.401413, 32.75284 ], [ -97.401281, 32.75284 ], [ -97.400736, 32.75284 ], [ -97.40094, 32.753127 ], [ -97.401067, 32.753304 ], [ -97.401606, 32.754015 ], [ -97.4019, 32.75439 ], [ -97.402426, 32.755152 ], [ -97.402737, 32.755491 ], [ -97.40304, 32.755864 ], [ -97.40357, 32.756583 ], [ -97.403933, 32.757007 ], [ -97.404343, 32.757572 ], [ -97.404421, 32.757692 ], [ -97.404484, 32.757812 ], [ -97.404533, 32.757931 ], [ -97.404604, 32.758277 ], [ -97.404632, 32.758623 ], [ -97.404629, 32.758877 ], [ -97.404579, 32.759286 ], [ -97.404551, 32.759625 ], [ -97.40453, 32.760223 ], [ -97.404484, 32.760739 ], [ -97.40447, 32.761063 ], [ -97.404477, 32.761353 ], [ -97.404498, 32.761529 ], [ -97.404548, 32.761747 ], [ -97.404618, 32.76193 ], [ -97.404809, 32.762376 ], [ -97.405003, 32.762644 ], [ -97.405299, 32.763018 ], [ -97.405582, 32.763357 ], [ -97.405637, 32.763407 ], [ -97.405683, 32.763459 ], [ -97.406084, 32.763797 ], [ -97.406488, 32.764122 ], [ -97.407846, 32.764821 ], [ -97.408015, 32.764905 ], [ -97.408457, 32.765123 ], [ -97.408634, 32.765211 ], [ -97.408757, 32.765272 ], [ -97.408787, 32.765284 ], [ -97.409381, 32.765523 ], [ -97.409456, 32.765553 ], [ -97.409631, 32.765624 ], [ -97.410783, 32.766125 ], [ -97.411333, 32.766309 ], [ -97.411804, 32.766466 ], [ -97.41193, 32.766509 ], [ -97.412008, 32.766535 ], [ -97.412916, 32.766841 ], [ -97.413406, 32.76701 ], [ -97.41351, 32.767043 ], [ -97.414218, 32.767343 ], [ -97.414577, 32.767521 ], [ -97.415071, 32.767801 ], [ -97.415415, 32.768054 ], [ -97.416075, 32.768062 ], [ -97.419378, 32.768105 ], [ -97.419425, 32.768106 ], [ -97.420417, 32.768118 ], [ -97.420713, 32.768122 ], [ -97.42151, 32.768133 ], [ -97.422197, 32.768141 ], [ -97.424654, 32.768173 ], [ -97.424955, 32.768177 ], [ -97.427756, 32.768214 ], [ -97.42777, 32.765825 ], [ -97.427773, 32.765678 ], [ -97.427773, 32.765664 ], [ -97.427773, 32.765627 ], [ -97.427816, 32.765629 ], [ -97.428014, 32.765639 ], [ -97.429246, 32.765623 ], [ -97.429397, 32.765622 ], [ -97.431738, 32.765672 ], [ -97.432002, 32.765647 ], [ -97.434048, 32.765654 ], [ -97.434262, 32.765655 ], [ -97.435352, 32.765631 ], [ -97.435339, 32.765458 ], [ -97.435342, 32.764289 ], [ -97.435345, 32.763427 ], [ -97.439098, 32.763439 ], [ -97.439573, 32.763434 ], [ -97.440082, 32.763428 ], [ -97.440114, 32.765405 ], [ -97.441297, 32.765419 ], [ -97.443176, 32.765444 ], [ -97.443823, 32.765453 ], [ -97.444337, 32.765458 ], [ -97.445854, 32.765476 ], [ -97.446011, 32.765478 ], [ -97.449494, 32.765512 ], [ -97.450262, 32.765512 ], [ -97.450595, 32.76552 ], [ -97.450959, 32.765528 ], [ -97.45291, 32.765542 ], [ -97.455786, 32.765549 ], [ -97.457025, 32.765559 ], [ -97.458293, 32.765555 ], [ -97.459751, 32.765545 ], [ -97.460246, 32.765549 ], [ -97.460243, 32.765638 ], [ -97.460221, 32.766413 ], [ -97.460203, 32.767063 ], [ -97.460166, 32.767443 ], [ -97.460121, 32.767583 ], [ -97.460073, 32.767694 ], [ -97.459916, 32.767995 ], [ -97.45963, 32.768324 ], [ -97.45946, 32.768493 ], [ -97.459235, 32.768673 ], [ -97.458678, 32.769059 ], [ -97.457556, 32.769799 ], [ -97.456754, 32.770343 ], [ -97.456353, 32.770615 ], [ -97.455816, 32.770972 ], [ -97.45567, 32.771068 ], [ -97.454734, 32.771709 ], [ -97.454687, 32.771746 ], [ -97.454524, 32.771922 ], [ -97.454441, 32.772047 ], [ -97.454361, 32.772193 ], [ -97.454268, 32.772435 ], [ -97.45373, 32.77456 ], [ -97.453697, 32.774698 ], [ -97.453503, 32.775517 ], [ -97.453442, 32.775807 ], [ -97.453578, 32.775811 ], [ -97.454026, 32.775812 ], [ -97.454815, 32.775815 ], [ -97.45484, 32.775815 ], [ -97.454899, 32.775815 ], [ -97.455454, 32.775817 ], [ -97.456651, 32.775821 ], [ -97.457869, 32.775824 ], [ -97.459061, 32.775828 ], [ -97.460262, 32.775832 ], [ -97.46176, 32.775837 ], [ -97.461753, 32.776739 ], [ -97.46175, 32.777089 ], [ -97.461746, 32.777466 ], [ -97.461746, 32.777514 ], [ -97.462721, 32.779196 ], [ -97.462824, 32.779088 ], [ -97.46293, 32.779012 ], [ -97.463077, 32.778906 ], [ -97.463306, 32.778771 ], [ -97.4635, 32.778706 ], [ -97.463837, 32.778633 ], [ -97.464067, 32.778592 ], [ -97.464272, 32.778536 ], [ -97.46449, 32.778446 ], [ -97.464706, 32.778322 ], [ -97.464896, 32.778228 ], [ -97.465108, 32.778193 ], [ -97.465202, 32.7782 ], [ -97.465333, 32.778228 ], [ -97.46543, 32.778266 ], [ -97.465594, 32.778346 ], [ -97.465767, 32.778377 ], [ -97.465986, 32.778367 ], [ -97.466083, 32.778353 ], [ -97.466452, 32.778259 ], [ -97.466639, 32.77823 ], [ -97.466882, 32.778245 ], [ -97.466959, 32.77826 ], [ -97.466986, 32.778266 ], [ -97.467135, 32.778297 ], [ -97.467377, 32.778395 ], [ -97.467403, 32.778439 ], [ -97.467421, 32.778523 ], [ -97.467425, 32.778599 ], [ -97.467407, 32.778716 ], [ -97.467375, 32.778821 ], [ -97.467312, 32.778951 ], [ -97.467222, 32.779212 ], [ -97.467097, 32.779819 ], [ -97.467075, 32.779927 ], [ -97.467071, 32.779974 ], [ -97.463698, 32.779973 ], [ -97.463648, 32.781257 ], [ -97.46349, 32.785399 ], [ -97.46349, 32.785414 ], [ -97.463688, 32.785255 ], [ -97.463802, 32.785164 ], [ -97.464202, 32.784865 ], [ -97.464581, 32.784551 ], [ -97.464737, 32.784399 ], [ -97.464833, 32.784297 ], [ -97.464928, 32.784214 ], [ -97.464985, 32.784145 ], [ -97.465203, 32.783868 ], [ -97.465682, 32.783251 ], [ -97.466127, 32.782658 ], [ -97.466476, 32.78221 ], [ -97.466881, 32.781805 ], [ -97.467166, 32.781575 ], [ -97.467357, 32.781429 ], [ -97.467712, 32.781244 ], [ -97.468163, 32.781042 ], [ -97.468672, 32.780875 ], [ -97.469015, 32.780748 ], [ -97.469588, 32.780507 ], [ -97.469997, 32.78027 ], [ -97.470252, 32.780108 ], [ -97.470446, 32.779951 ], [ -97.47079, 32.77964 ], [ -97.471214, 32.779227 ], [ -97.471658, 32.778704 ], [ -97.471902, 32.778437 ], [ -97.472188, 32.778078 ], [ -97.47245, 32.777722 ], [ -97.472796, 32.777247 ], [ -97.473077, 32.77682 ], [ -97.473282, 32.776474 ], [ -97.473516, 32.776074 ], [ -97.473742, 32.77564 ], [ -97.473875, 32.775365 ], [ -97.47396, 32.77517 ], [ -97.474048, 32.774967 ], [ -97.474156, 32.774684 ], [ -97.474191, 32.77456 ], [ -97.47428, 32.774335 ], [ -97.474373, 32.774099 ], [ -97.474427, 32.773963 ], [ -97.474536, 32.773704 ], [ -97.474616, 32.773439 ], [ -97.474647, 32.773363 ], [ -97.474751, 32.773002 ], [ -97.474869, 32.772555 ], [ -97.475048, 32.771789 ], [ -97.47523, 32.770816 ], [ -97.475305, 32.770423 ], [ -97.475377, 32.770006 ], [ -97.47545, 32.769674 ], [ -97.475513, 32.769418 ], [ -97.475599, 32.769087 ], [ -97.475701, 32.768486 ], [ -97.475851, 32.7678 ], [ -97.476065, 32.766631 ], [ -97.476085, 32.766526 ], [ -97.476047, 32.76645 ], [ -97.47602, 32.766406 ], [ -97.475985, 32.766363 ], [ -97.475897, 32.766309 ], [ -97.475821, 32.766274 ], [ -97.475558, 32.766194 ], [ -97.475913, 32.766126 ], [ -97.476038, 32.766074 ], [ -97.476134, 32.766008 ], [ -97.476223, 32.76579 ], [ -97.476234, 32.765333 ], [ -97.476222, 32.764834 ], [ -97.47622, 32.764392 ], [ -97.476249, 32.76375 ], [ -97.476236, 32.763316 ], [ -97.476198, 32.763058 ], [ -97.47611, 32.762586 ], [ -97.476072, 32.762285 ], [ -97.476049, 32.761907 ], [ -97.476035, 32.761744 ], [ -97.476038, 32.761385 ], [ -97.476084, 32.760838 ], [ -97.476123, 32.760615 ], [ -97.476242, 32.760256 ], [ -97.476448, 32.759789 ], [ -97.476837, 32.759079 ], [ -97.477174, 32.758412 ], [ -97.47734, 32.758136 ], [ -97.47761, 32.757564 ], [ -97.477799, 32.757216 ], [ -97.477927, 32.756963 ], [ -97.478147, 32.756335 ], [ -97.478279, 32.75583 ], [ -97.478431, 32.755089 ], [ -97.47873, 32.753508 ], [ -97.478912, 32.752584 ], [ -97.479052, 32.751811 ], [ -97.479084, 32.75169 ], [ -97.479439, 32.749917 ], [ -97.479681, 32.748735 ], [ -97.479894, 32.747615 ], [ -97.480001, 32.74709 ], [ -97.480034, 32.746844 ], [ -97.480046, 32.746556 ], [ -97.48003, 32.746253 ], [ -97.480005, 32.74587 ], [ -97.479966, 32.745675 ], [ -97.479885, 32.745442 ], [ -97.479727, 32.745047 ], [ -97.479648, 32.744803 ], [ -97.479625, 32.744586 ], [ -97.479628, 32.744276 ], [ -97.479656, 32.744012 ], [ -97.479688, 32.743858 ], [ -97.480002, 32.742217 ], [ -97.48009, 32.74174 ], [ -97.480119, 32.741536 ], [ -97.480115, 32.741357 ], [ -97.480078, 32.741096 ], [ -97.480018, 32.740872 ], [ -97.479887, 32.740553 ], [ -97.479682, 32.740275 ], [ -97.47953, 32.740109 ], [ -97.479358, 32.739965 ] ], [ [ -97.441504, 32.798674 ], [ -97.441293, 32.798727 ], [ -97.441155, 32.798764 ], [ -97.44104, 32.798793 ], [ -97.440635, 32.798842 ], [ -97.440182, 32.798887 ], [ -97.44015, 32.79889 ], [ -97.440144, 32.798957 ], [ -97.440145, 32.799269 ], [ -97.440145, 32.799306 ], [ -97.440134, 32.800211 ], [ -97.440133, 32.800348 ], [ -97.440163, 32.801671 ], [ -97.440173, 32.802061 ], [ -97.440149, 32.803021 ], [ -97.440154, 32.803984 ], [ -97.440123, 32.80493 ], [ -97.440109, 32.805287 ], [ -97.440137, 32.805884 ], [ -97.440118, 32.806714 ], [ -97.440064, 32.808746 ], [ -97.440046, 32.809426 ], [ -97.439924, 32.809435 ], [ -97.438587, 32.80954 ], [ -97.432799, 32.809983 ], [ -97.43271, 32.80999 ], [ -97.432693, 32.809992 ], [ -97.432693, 32.809902 ], [ -97.432693, 32.809757 ], [ -97.432348, 32.80975 ], [ -97.431738, 32.809791 ], [ -97.429864, 32.809917 ], [ -97.429766, 32.80995 ], [ -97.429461, 32.810052 ], [ -97.429782, 32.81019 ], [ -97.429519, 32.810197 ], [ -97.428254, 32.810004 ], [ -97.426573, 32.809747 ], [ -97.426268, 32.809704 ], [ -97.424817, 32.809505 ], [ -97.42483, 32.809424 ], [ -97.42481, 32.809417 ], [ -97.424706, 32.809384 ], [ -97.423455, 32.808985 ], [ -97.422409, 32.808763 ], [ -97.422134, 32.808974 ], [ -97.420903, 32.808588 ], [ -97.420888, 32.808645 ], [ -97.420784, 32.808829 ], [ -97.420596, 32.808775 ], [ -97.419586, 32.808484 ], [ -97.419493, 32.808457 ], [ -97.419225, 32.80838 ], [ -97.419092, 32.808342 ], [ -97.418978, 32.808289 ], [ -97.418723, 32.80817 ], [ -97.41871, 32.808164 ], [ -97.418679, 32.808146 ], [ -97.418536, 32.808064 ], [ -97.417692, 32.807402 ], [ -97.417515, 32.807263 ], [ -97.416552, 32.806511 ], [ -97.414645, 32.805018 ], [ -97.414873, 32.804814 ], [ -97.414721, 32.804707 ], [ -97.413305, 32.803602 ], [ -97.412279, 32.802905 ], [ -97.412144, 32.802813 ], [ -97.411978, 32.802692 ], [ -97.411979, 32.802601 ], [ -97.411978, 32.802477 ], [ -97.411977, 32.802193 ], [ -97.411998, 32.801601 ], [ -97.412006, 32.800181 ], [ -97.412011, 32.799981 ], [ -97.412017, 32.799884 ], [ -97.412026, 32.799761 ], [ -97.412048, 32.799591 ], [ -97.412076, 32.799373 ], [ -97.412092, 32.799145 ], [ -97.412108, 32.798831 ], [ -97.412107, 32.798349 ], [ -97.412121, 32.79804 ], [ -97.412127, 32.797625 ], [ -97.412118, 32.797584 ], [ -97.4121, 32.797544 ], [ -97.412071, 32.797507 ], [ -97.412036, 32.797473 ], [ -97.411996, 32.797444 ], [ -97.411935, 32.797416 ], [ -97.411782, 32.797378 ], [ -97.411571, 32.797329 ], [ -97.411178, 32.797239 ], [ -97.410587, 32.797103 ], [ -97.410195, 32.797014 ], [ -97.409433, 32.796841 ], [ -97.408687, 32.796675 ], [ -97.40801, 32.796526 ], [ -97.40788, 32.796507 ], [ -97.407537, 32.796415 ], [ -97.407377, 32.796355 ], [ -97.407256, 32.796296 ], [ -97.40714, 32.796213 ], [ -97.407067, 32.796146 ], [ -97.406951, 32.796015 ], [ -97.406867, 32.795915 ], [ -97.4067, 32.795703 ], [ -97.406435, 32.795316 ], [ -97.406346, 32.795153 ], [ -97.406303, 32.795059 ], [ -97.406269, 32.794964 ], [ -97.406252, 32.794857 ], [ -97.406206, 32.794587 ], [ -97.406166, 32.794362 ], [ -97.406126, 32.794214 ], [ -97.40607, 32.794015 ], [ -97.406016, 32.793854 ], [ -97.405923, 32.793664 ], [ -97.405859, 32.793572 ], [ -97.405744, 32.793447 ], [ -97.405581, 32.793305 ], [ -97.405519, 32.793287 ], [ -97.40496, 32.792896 ], [ -97.405281, 32.792655 ], [ -97.408378, 32.790732 ], [ -97.408101, 32.790695 ], [ -97.407943, 32.790655 ], [ -97.40791, 32.790646 ], [ -97.407825, 32.790611 ], [ -97.407684, 32.790512 ], [ -97.407429, 32.790171 ], [ -97.407363, 32.790082 ], [ -97.406975, 32.789763 ], [ -97.406502, 32.789489 ], [ -97.406117, 32.789305 ], [ -97.405955, 32.789102 ], [ -97.405449, 32.788735 ], [ -97.405233, 32.788574 ], [ -97.404876, 32.788308 ], [ -97.404644, 32.788086 ], [ -97.404554, 32.78779 ], [ -97.404529, 32.787343 ], [ -97.404542, 32.787194 ], [ -97.404542, 32.787084 ], [ -97.404503, 32.78675 ], [ -97.404505, 32.786124 ], [ -97.404499, 32.78576 ], [ -97.404492, 32.78546 ], [ -97.404593, 32.785234 ], [ -97.404635, 32.785139 ], [ -97.405023, 32.784692 ], [ -97.405453, 32.784154 ], [ -97.405802, 32.783789 ], [ -97.406176, 32.783476 ], [ -97.406521, 32.783167 ], [ -97.406948, 32.782776 ], [ -97.407463, 32.782294 ], [ -97.407802, 32.782035 ], [ -97.408133, 32.781693 ], [ -97.408359, 32.781371 ], [ -97.408769, 32.781036 ], [ -97.409215, 32.780885 ], [ -97.409547, 32.780782 ], [ -97.409935, 32.780888 ], [ -97.410252, 32.780888 ], [ -97.410429, 32.780829 ], [ -97.410621, 32.780522 ], [ -97.410823, 32.780209 ], [ -97.411119, 32.780067 ], [ -97.411794, 32.779993 ], [ -97.412532, 32.779959 ], [ -97.412665, 32.779952 ], [ -97.412625, 32.779677 ], [ -97.412581, 32.779379 ], [ -97.412501, 32.779001 ], [ -97.412397, 32.778515 ], [ -97.412304, 32.778077 ], [ -97.4121, 32.777119 ], [ -97.411918, 32.776267 ], [ -97.411875, 32.77615 ], [ -97.411837, 32.776053 ], [ -97.411787, 32.775917 ], [ -97.411724, 32.775748 ], [ -97.411718, 32.775731 ], [ -97.411634, 32.775299 ], [ -97.41167, 32.775081 ], [ -97.411402, 32.773712 ], [ -97.411327, 32.773359 ], [ -97.411279, 32.773216 ], [ -97.411241, 32.77313 ], [ -97.41115, 32.772987 ], [ -97.411053, 32.772983 ], [ -97.410987, 32.772973 ], [ -97.41089, 32.772966 ], [ -97.410551, 32.772938 ], [ -97.410193, 32.772923 ], [ -97.409934, 32.77292 ], [ -97.409933, 32.772669 ], [ -97.408794, 32.772658 ], [ -97.40802, 32.772653 ], [ -97.407875, 32.772644 ], [ -97.407815, 32.772626 ], [ -97.40778, 32.772554 ], [ -97.407759, 32.770971 ], [ -97.407774, 32.769919 ], [ -97.407759, 32.768338 ], [ -97.407678, 32.76834 ], [ -97.407284, 32.76834 ], [ -97.40702, 32.768338 ], [ -97.407112, 32.767561 ], [ -97.40711, 32.76731 ], [ -97.407102, 32.76678 ], [ -97.407099, 32.766577 ], [ -97.407098, 32.76651 ], [ -97.40709, 32.765984 ], [ -97.407087, 32.765943 ], [ -97.406905, 32.765931 ], [ -97.406189, 32.765923 ], [ -97.406132, 32.765911 ], [ -97.405946, 32.765854 ], [ -97.405451, 32.76542 ], [ -97.405281, 32.765289 ], [ -97.405164, 32.765183 ], [ -97.404725, 32.764804 ], [ -97.404598, 32.764703 ], [ -97.404512, 32.764646 ], [ -97.40445, 32.764611 ], [ -97.404399, 32.764588 ], [ -97.404343, 32.764569 ], [ -97.404265, 32.764551 ], [ -97.404159, 32.764529 ], [ -97.40401, 32.764512 ], [ -97.402518, 32.764521 ], [ -97.401095, 32.764504 ], [ -97.399843, 32.764491 ], [ -97.399842, 32.76436 ], [ -97.399837, 32.7639 ], [ -97.399532, 32.763899 ], [ -97.398553, 32.763892 ], [ -97.396954, 32.763879 ], [ -97.396027, 32.763883 ], [ -97.394233, 32.763892 ], [ -97.394233, 32.763427 ], [ -97.394543, 32.763435 ], [ -97.39455, 32.761712 ], [ -97.394554, 32.761168 ], [ -97.39455, 32.760009 ], [ -97.394446, 32.760008 ], [ -97.394102, 32.760004 ], [ -97.393867, 32.760002 ], [ -97.393034, 32.759997 ], [ -97.392798, 32.759989 ], [ -97.392573, 32.759981 ], [ -97.392441, 32.759976 ], [ -97.392238, 32.75997 ], [ -97.391626, 32.75996 ], [ -97.391458, 32.761249 ], [ -97.391435, 32.761428 ], [ -97.391405, 32.761678 ], [ -97.391185, 32.763427 ], [ -97.391129, 32.764256 ], [ -97.391072, 32.764687 ], [ -97.39098, 32.765251 ], [ -97.390942, 32.765579 ], [ -97.390909, 32.765935 ], [ -97.390894, 32.766091 ], [ -97.390887, 32.766168 ], [ -97.390804, 32.766852 ], [ -97.39078, 32.766983 ], [ -97.390732, 32.76724 ], [ -97.390616, 32.767682 ], [ -97.390584, 32.767792 ], [ -97.39053, 32.767913 ], [ -97.39036, 32.768239 ], [ -97.390235, 32.768549 ], [ -97.390192, 32.768686 ], [ -97.39004, 32.769174 ], [ -97.389857, 32.769678 ], [ -97.388781, 32.769671 ], [ -97.387729, 32.769666 ], [ -97.38615, 32.769647 ], [ -97.386149, 32.769883 ], [ -97.38614, 32.770637 ], [ -97.386118, 32.771192 ], [ -97.386075, 32.771383 ], [ -97.386036, 32.771506 ], [ -97.386122, 32.771569 ], [ -97.386231, 32.771594 ], [ -97.387386, 32.771591 ], [ -97.38771, 32.771611 ], [ -97.387895, 32.771639 ], [ -97.388053, 32.771673 ], [ -97.388331, 32.771693 ], [ -97.388647, 32.771687 ], [ -97.389709, 32.771704 ], [ -97.389698, 32.772616 ], [ -97.389681, 32.773203 ], [ -97.389676, 32.774136 ], [ -97.389663, 32.7751 ], [ -97.389163, 32.775095 ], [ -97.389163, 32.77506 ], [ -97.388794, 32.775057 ], [ -97.388792, 32.775217 ], [ -97.388545, 32.775213 ], [ -97.388534, 32.775641 ], [ -97.389655, 32.775641 ], [ -97.389643, 32.777016 ], [ -97.3886, 32.777026 ], [ -97.387927, 32.777017 ], [ -97.387654, 32.777012 ], [ -97.386854, 32.777001 ], [ -97.386493, 32.777002 ], [ -97.386491, 32.777292 ], [ -97.386488, 32.778197 ], [ -97.386489, 32.778699 ], [ -97.386894, 32.77874 ], [ -97.386901, 32.779114 ], [ -97.386919, 32.780163 ], [ -97.387632, 32.780156 ], [ -97.387632, 32.780199 ], [ -97.387745, 32.780197 ], [ -97.388097, 32.780202 ], [ -97.389277, 32.780214 ], [ -97.389547, 32.780216 ], [ -97.3896, 32.780217 ], [ -97.389581, 32.78027 ], [ -97.390112, 32.780679 ], [ -97.390239, 32.780779 ], [ -97.388814, 32.781816 ], [ -97.388084, 32.782373 ], [ -97.386941, 32.783205 ], [ -97.386016, 32.783856 ], [ -97.385182, 32.784453 ], [ -97.38397, 32.78533 ], [ -97.383637, 32.78557 ], [ -97.383621, 32.785583 ], [ -97.38356, 32.785626 ], [ -97.383721, 32.785777 ], [ -97.383771, 32.78582 ], [ -97.383903, 32.785923 ], [ -97.384034, 32.786022 ], [ -97.384689, 32.786545 ], [ -97.385578, 32.787297 ], [ -97.3858, 32.787485 ], [ -97.3865, 32.788051 ], [ -97.387518, 32.788896 ], [ -97.387733, 32.788748 ], [ -97.387774, 32.788696 ], [ -97.387869, 32.788696 ], [ -97.391358, 32.788697 ], [ -97.394748, 32.788698 ], [ -97.394774, 32.788699 ], [ -97.394748, 32.788641 ], [ -97.39474, 32.788265 ], [ -97.394773, 32.784424 ], [ -97.398346, 32.784424 ], [ -97.399862, 32.784423 ], [ -97.399857, 32.78546 ], [ -97.399854, 32.786617 ], [ -97.399857, 32.787753 ], [ -97.399862, 32.788691 ], [ -97.399876, 32.788961 ], [ -97.399904, 32.789105 ], [ -97.399939, 32.789194 ], [ -97.400025, 32.789355 ], [ -97.400179, 32.789527 ], [ -97.400526, 32.7898 ], [ -97.401441, 32.790436 ], [ -97.402258, 32.791009 ], [ -97.403403, 32.791794 ], [ -97.403999, 32.792218 ], [ -97.403977, 32.79224 ], [ -97.403323, 32.792897 ], [ -97.403253, 32.792966 ], [ -97.403175, 32.792918 ], [ -97.403119, 32.792895 ], [ -97.40299, 32.792861 ], [ -97.402257, 32.79285 ], [ -97.401066, 32.792834 ], [ -97.399841, 32.792806 ], [ -97.398309, 32.792797 ], [ -97.398295, 32.793373 ], [ -97.398209, 32.795847 ], [ -97.397462, 32.795606 ], [ -97.396886, 32.795409 ], [ -97.395265, 32.794868 ], [ -97.394611, 32.794613 ], [ -97.394588, 32.794787 ], [ -97.394426, 32.796461 ], [ -97.394413, 32.796675 ], [ -97.394362, 32.797466 ], [ -97.394329, 32.797919 ], [ -97.394289, 32.798311 ], [ -97.394261, 32.7986 ], [ -97.394051, 32.798914 ], [ -97.393922, 32.799044 ], [ -97.393143, 32.799738 ], [ -97.392756, 32.800055 ], [ -97.392588, 32.800224 ], [ -97.392474, 32.800336 ], [ -97.392361, 32.800446 ], [ -97.392337, 32.800471 ], [ -97.391715, 32.800982 ], [ -97.39154, 32.801129 ], [ -97.391239, 32.801398 ], [ -97.390875, 32.801696 ], [ -97.390193, 32.802276 ], [ -97.390552, 32.802588 ], [ -97.391322, 32.803215 ], [ -97.391632, 32.803452 ], [ -97.391644, 32.803478 ], [ -97.391656, 32.803506 ], [ -97.391661, 32.803573 ], [ -97.391651, 32.803618 ], [ -97.391627, 32.803652 ], [ -97.391426, 32.803825 ], [ -97.391009, 32.804138 ], [ -97.390885, 32.804245 ], [ -97.390062, 32.804946 ], [ -97.389203, 32.805676 ], [ -97.388415, 32.806387 ], [ -97.388546, 32.806489 ], [ -97.388917, 32.806722 ], [ -97.389221, 32.806872 ], [ -97.389788, 32.80709 ], [ -97.390428, 32.807301 ], [ -97.390626, 32.807406 ], [ -97.390849, 32.807412 ], [ -97.391052, 32.80745 ], [ -97.391438, 32.807589 ], [ -97.391513, 32.807609 ], [ -97.392077, 32.807771 ], [ -97.392658, 32.807935 ], [ -97.394082, 32.808332 ], [ -97.39509, 32.808615 ], [ -97.395758, 32.808797 ], [ -97.396859, 32.809101 ], [ -97.397541, 32.809292 ], [ -97.398058, 32.809443 ], [ -97.3984, 32.809533 ], [ -97.399141, 32.809727 ], [ -97.399769, 32.809894 ], [ -97.400626, 32.810136 ], [ -97.402075, 32.810549 ], [ -97.402986, 32.810798 ], [ -97.403565, 32.810954 ], [ -97.404397, 32.811186 ], [ -97.404817, 32.811307 ], [ -97.404853, 32.811318 ], [ -97.405434, 32.811487 ], [ -97.405807, 32.811588 ], [ -97.4059, 32.811613 ], [ -97.406007, 32.811642 ], [ -97.406053, 32.811653 ], [ -97.406606, 32.811799 ], [ -97.407462, 32.81205 ], [ -97.407746, 32.81213 ], [ -97.407872, 32.812164 ], [ -97.407865, 32.812397 ], [ -97.407862, 32.812536 ], [ -97.407859, 32.813713 ], [ -97.407853, 32.815568 ], [ -97.407854, 32.815625 ], [ -97.407854, 32.816002 ], [ -97.40785, 32.816306 ], [ -97.407851, 32.816726 ], [ -97.407848, 32.817771 ], [ -97.40784, 32.820571 ], [ -97.407838, 32.821437 ], [ -97.407839, 32.821467 ], [ -97.407842, 32.821493 ], [ -97.408234, 32.821489 ], [ -97.410325, 32.821501 ], [ -97.411406, 32.821507 ], [ -97.415702, 32.821534 ], [ -97.418865, 32.821552 ], [ -97.419847, 32.82156 ], [ -97.419994, 32.821559 ], [ -97.420172, 32.821562 ], [ -97.420684, 32.821566 ], [ -97.421396, 32.821572 ], [ -97.421483, 32.821574 ], [ -97.427295, 32.821613 ], [ -97.427362, 32.821616 ], [ -97.427458, 32.821615 ], [ -97.429247, 32.821633 ], [ -97.429333, 32.821634 ], [ -97.429421, 32.821634 ], [ -97.429795, 32.821638 ], [ -97.430279, 32.821642 ], [ -97.430965, 32.821649 ], [ -97.431073, 32.82165 ], [ -97.432544, 32.821665 ], [ -97.432683, 32.821664 ], [ -97.43411, 32.82166 ], [ -97.435897, 32.821657 ], [ -97.436713, 32.821654 ], [ -97.438527, 32.82165 ], [ -97.438446, 32.821937 ], [ -97.438341, 32.822296 ], [ -97.438233, 32.822675 ], [ -97.437836, 32.824053 ], [ -97.437702, 32.82452 ], [ -97.437717, 32.824596 ], [ -97.438028, 32.824561 ], [ -97.438116, 32.824568 ], [ -97.438265, 32.824598 ], [ -97.438358, 32.824357 ], [ -97.439079, 32.824441 ], [ -97.43916, 32.824441 ], [ -97.4392, 32.824416 ], [ -97.439225, 32.824373 ], [ -97.439233, 32.824153 ], [ -97.439245, 32.824105 ], [ -97.439277, 32.824078 ], [ -97.439334, 32.824061 ], [ -97.439637, 32.82405 ], [ -97.439932, 32.824067 ], [ -97.440174, 32.824067 ], [ -97.440275, 32.824058 ], [ -97.440287, 32.823949 ], [ -97.441311, 32.823962 ], [ -97.441717, 32.824131 ], [ -97.441834, 32.82418 ], [ -97.44217, 32.824321 ], [ -97.442274, 32.824364 ], [ -97.442128, 32.823597 ], [ -97.441959, 32.823396 ], [ -97.441943, 32.823366 ], [ -97.441967, 32.823377 ], [ -97.442061, 32.823318 ], [ -97.442108, 32.823293 ], [ -97.442191, 32.823189 ], [ -97.442244, 32.823095 ], [ -97.442249, 32.82305 ], [ -97.442426, 32.822659 ], [ -97.442574, 32.822311 ], [ -97.442633, 32.822208 ], [ -97.442756, 32.822049 ], [ -97.442863, 32.821956 ], [ -97.44297, 32.821862 ], [ -97.443074, 32.82177 ], [ -97.443204, 32.821596 ], [ -97.443246, 32.82153 ], [ -97.44331, 32.821427 ], [ -97.443463, 32.82105 ], [ -97.443558, 32.820749 ], [ -97.44357, 32.820543 ], [ -97.443841, 32.820375 ], [ -97.443934, 32.820307 ], [ -97.44455, 32.819964 ], [ -97.444707, 32.819877 ], [ -97.444752, 32.819851 ], [ -97.444805, 32.819802 ], [ -97.444491, 32.819615 ], [ -97.444434, 32.819577 ], [ -97.44394, 32.819168 ], [ -97.444103, 32.819017 ], [ -97.44437, 32.818739 ], [ -97.444236, 32.818541 ], [ -97.444127, 32.81838 ], [ -97.443987, 32.818296 ], [ -97.443773, 32.818168 ], [ -97.443687, 32.818117 ], [ -97.443486, 32.817997 ], [ -97.443463, 32.817954 ], [ -97.443487, 32.817781 ], [ -97.443507, 32.817777 ], [ -97.443737, 32.81774 ], [ -97.444062, 32.817599 ], [ -97.444031, 32.817507 ], [ -97.444003, 32.817427 ], [ -97.44384, 32.817274 ], [ -97.443801, 32.817225 ], [ -97.443542, 32.816896 ], [ -97.443123, 32.816367 ], [ -97.442619, 32.816554 ], [ -97.442559, 32.816447 ], [ -97.442253, 32.815893 ], [ -97.442223, 32.815836 ], [ -97.442208, 32.815809 ], [ -97.442207, 32.8158 ], [ -97.442172, 32.815676 ], [ -97.442301, 32.81567 ], [ -97.442986, 32.815645 ], [ -97.443285, 32.815633 ], [ -97.443755, 32.815615 ], [ -97.444036, 32.815757 ], [ -97.444209, 32.816175 ], [ -97.444371, 32.816566 ], [ -97.44504, 32.816869 ], [ -97.445408, 32.817038 ], [ -97.445776, 32.81693 ], [ -97.445851, 32.816934 ], [ -97.445975, 32.816938 ], [ -97.446165, 32.816947 ], [ -97.446572, 32.817013 ], [ -97.446683, 32.817058 ], [ -97.446729, 32.817103 ], [ -97.446806, 32.817206 ], [ -97.446846, 32.817259 ], [ -97.447017, 32.817562 ], [ -97.447024, 32.817634 ], [ -97.447043, 32.81774 ], [ -97.44707, 32.817815 ], [ -97.447131, 32.817866 ], [ -97.447197, 32.817905 ], [ -97.447273, 32.817928 ], [ -97.447345, 32.81792 ], [ -97.447407, 32.817878 ], [ -97.447479, 32.817825 ], [ -97.447566, 32.817777 ], [ -97.447615, 32.817755 ], [ -97.447666, 32.817732 ], [ -97.447718, 32.817707 ], [ -97.447773, 32.81768 ], [ -97.44783, 32.817653 ], [ -97.44789, 32.817622 ], [ -97.447941, 32.817594 ], [ -97.447987, 32.817554 ], [ -97.448028, 32.81749 ], [ -97.448031, 32.817422 ], [ -97.447967, 32.817406 ], [ -97.447894, 32.817397 ], [ -97.447815, 32.817382 ], [ -97.447777, 32.817313 ], [ -97.44776, 32.817219 ], [ -97.447744, 32.817166 ], [ -97.447722, 32.817112 ], [ -97.447695, 32.817054 ], [ -97.447661, 32.816996 ], [ -97.447616, 32.816938 ], [ -97.447579, 32.816899 ], [ -97.44757, 32.816885 ], [ -97.447396, 32.816784 ], [ -97.447207, 32.816598 ], [ -97.447203, 32.816307 ], [ -97.447351, 32.815772 ], [ -97.447412, 32.815511 ], [ -97.447398, 32.815465 ], [ -97.448104, 32.815241 ], [ -97.448108, 32.815128 ], [ -97.448065, 32.815052 ], [ -97.448304, 32.815002 ], [ -97.448498, 32.81497 ], [ -97.448502, 32.814749 ], [ -97.448507, 32.814531 ], [ -97.449312, 32.814499 ], [ -97.449803, 32.814485 ], [ -97.450296, 32.814473 ], [ -97.450027, 32.814102 ], [ -97.449925, 32.813964 ], [ -97.449893, 32.813921 ], [ -97.44992, 32.813907 ], [ -97.449965, 32.813887 ], [ -97.45001, 32.813856 ], [ -97.450135, 32.813679 ], [ -97.45018, 32.813617 ], [ -97.450212, 32.813571 ], [ -97.450253, 32.813491 ], [ -97.450279, 32.81344 ], [ -97.450289, 32.813367 ], [ -97.450289, 32.813253 ], [ -97.45023, 32.812986 ], [ -97.450117, 32.812738 ], [ -97.449993, 32.812503 ], [ -97.449704, 32.811895 ], [ -97.449531, 32.811516 ], [ -97.449382, 32.81128 ], [ -97.449322, 32.811194 ], [ -97.449177, 32.810906 ], [ -97.449067, 32.810756 ], [ -97.448902, 32.810541 ], [ -97.448781, 32.810424 ], [ -97.448588, 32.810323 ], [ -97.448422, 32.810256 ], [ -97.448367, 32.810229 ], [ -97.448282, 32.810201 ], [ -97.448101, 32.810147 ], [ -97.447877, 32.810092 ], [ -97.447677, 32.810056 ], [ -97.44712, 32.809934 ], [ -97.446975, 32.809893 ], [ -97.446785, 32.809812 ], [ -97.446652, 32.809744 ], [ -97.446536, 32.809652 ], [ -97.4464, 32.809558 ], [ -97.446354, 32.809501 ], [ -97.446318, 32.809439 ], [ -97.44623, 32.809298 ], [ -97.446074, 32.809026 ], [ -97.445962, 32.809029 ], [ -97.445301, 32.809027 ], [ -97.445385, 32.80863 ], [ -97.445375, 32.807884 ], [ -97.445413, 32.807883 ], [ -97.445548, 32.807862 ], [ -97.445735, 32.807826 ], [ -97.445872, 32.807809 ], [ -97.446111, 32.807803 ], [ -97.446381, 32.807817 ], [ -97.446523, 32.807814 ], [ -97.446594, 32.807817 ], [ -97.446854, 32.807792 ], [ -97.446913, 32.807781 ], [ -97.447644, 32.808348 ], [ -97.447698, 32.808391 ], [ -97.451503, 32.805234 ], [ -97.451622, 32.805137 ], [ -97.451663, 32.80148 ], [ -97.451668, 32.801079 ], [ -97.451699, 32.798696 ], [ -97.4517, 32.798574 ], [ -97.451074, 32.798568 ], [ -97.447673, 32.79854 ], [ -97.446958, 32.798534 ], [ -97.442139, 32.798495 ], [ -97.441881, 32.798567 ], [ -97.441504, 32.798674 ] ], [ [ -97.443529, 32.917963 ], [ -97.444324, 32.918164 ], [ -97.444594, 32.916939 ], [ -97.443685, 32.916797 ], [ -97.443307, 32.916738 ], [ -97.443064, 32.9167 ], [ -97.443019, 32.916903 ], [ -97.442828, 32.917773 ], [ -97.443529, 32.917963 ] ], [ [ -97.429226, 32.599902 ], [ -97.429204, 32.599904 ], [ -97.428182, 32.599928 ], [ -97.426924, 32.599932 ], [ -97.426926, 32.600006 ], [ -97.426924, 32.600618 ], [ -97.426924, 32.60066 ], [ -97.426921, 32.601339 ], [ -97.42692, 32.602628 ], [ -97.426916, 32.607834 ], [ -97.426914, 32.610032 ], [ -97.426915, 32.610567 ], [ -97.426915, 32.610726 ], [ -97.428917, 32.610729 ], [ -97.429229, 32.610723 ], [ -97.429229, 32.610706 ], [ -97.42923, 32.61011 ], [ -97.42923, 32.609927 ], [ -97.429259, 32.609927 ], [ -97.429252, 32.607798 ], [ -97.429236, 32.602597 ], [ -97.429231, 32.601223 ], [ -97.429228, 32.60025 ], [ -97.429227, 32.600192 ], [ -97.429227, 32.600156 ], [ -97.429226, 32.599902 ] ], [ [ -97.425821, 32.881135 ], [ -97.425821, 32.881086 ], [ -97.424884, 32.881086 ], [ -97.424849, 32.883729 ], [ -97.4248, 32.887374 ], [ -97.424797, 32.887544 ], [ -97.424796, 32.887587 ], [ -97.424796, 32.887639 ], [ -97.425773, 32.887632 ], [ -97.425873, 32.887631 ], [ -97.426134, 32.887623 ], [ -97.426172, 32.887733 ], [ -97.426227, 32.887868 ], [ -97.426289, 32.888002 ], [ -97.426359, 32.888132 ], [ -97.426436, 32.88826 ], [ -97.427561, 32.890016 ], [ -97.427581, 32.888504 ], [ -97.427581, 32.884053 ], [ -97.427456, 32.884049 ], [ -97.426294, 32.884037 ], [ -97.425808, 32.884032 ], [ -97.42581, 32.883927 ], [ -97.425821, 32.883121 ], [ -97.425821, 32.881135 ] ], [ [ -97.419395, 32.747332 ], [ -97.419185, 32.746931 ], [ -97.419422, 32.746768 ], [ -97.419715, 32.746566 ], [ -97.418689, 32.745753 ], [ -97.419014, 32.745364 ], [ -97.419694, 32.744555 ], [ -97.42006, 32.744171 ], [ -97.419912, 32.744038 ], [ -97.419666, 32.743815 ], [ -97.419595, 32.743755 ], [ -97.419531, 32.7437 ], [ -97.419261, 32.743451 ], [ -97.419142, 32.743342 ], [ -97.419621, 32.742985 ], [ -97.419714, 32.741865 ], [ -97.419732, 32.741655 ], [ -97.419773, 32.741581 ], [ -97.419781, 32.741052 ], [ -97.419819, 32.738407 ], [ -97.418958, 32.73822 ], [ -97.418649, 32.738118 ], [ -97.418359, 32.737987 ], [ -97.418142, 32.737885 ], [ -97.418128, 32.737213 ], [ -97.414772, 32.737214 ], [ -97.414772, 32.737503 ], [ -97.413183, 32.737503 ], [ -97.413057, 32.737503 ], [ -97.409949, 32.737503 ], [ -97.40995, 32.737367 ], [ -97.409645, 32.737363 ], [ -97.409642, 32.737595 ], [ -97.409633, 32.738058 ], [ -97.409647, 32.73919 ], [ -97.409654, 32.7397 ], [ -97.408851, 32.739694 ], [ -97.408768, 32.739693 ], [ -97.408429, 32.739747 ], [ -97.407777, 32.739755 ], [ -97.407272, 32.739751 ], [ -97.405419, 32.739738 ], [ -97.405087, 32.739736 ], [ -97.405014, 32.739735 ], [ -97.404526, 32.739728 ], [ -97.404323, 32.739731 ], [ -97.404094, 32.739461 ], [ -97.404058, 32.73946 ], [ -97.403961, 32.739459 ], [ -97.403938, 32.739459 ], [ -97.403705, 32.739455 ], [ -97.403625, 32.739454 ], [ -97.403552, 32.739454 ], [ -97.403311, 32.739654 ], [ -97.403313, 32.739667 ], [ -97.403291, 32.739831 ], [ -97.403288, 32.739855 ], [ -97.403277, 32.740023 ], [ -97.403207, 32.74013 ], [ -97.403096, 32.740298 ], [ -97.402933, 32.740547 ], [ -97.402561, 32.740971 ], [ -97.402544, 32.74099 ], [ -97.402544, 32.741151 ], [ -97.402479, 32.741251 ], [ -97.402468, 32.741402 ], [ -97.402456, 32.741559 ], [ -97.402413, 32.741604 ], [ -97.402456, 32.74173 ], [ -97.402394, 32.74182 ], [ -97.402417, 32.741877 ], [ -97.402232, 32.74209 ], [ -97.402128, 32.742306 ], [ -97.401972, 32.742581 ], [ -97.401863, 32.742681 ], [ -97.401676, 32.742755 ], [ -97.401362, 32.742876 ], [ -97.400744, 32.742596 ], [ -97.400663, 32.742687 ], [ -97.400417, 32.742626 ], [ -97.400443, 32.742778 ], [ -97.400497, 32.742905 ], [ -97.400534, 32.742955 ], [ -97.401143, 32.743578 ], [ -97.401393, 32.743836 ], [ -97.401732, 32.744162 ], [ -97.402988, 32.745362 ], [ -97.404099, 32.746416 ], [ -97.404569, 32.746875 ], [ -97.404753, 32.747024 ], [ -97.404926, 32.747146 ], [ -97.405346, 32.747383 ], [ -97.405497, 32.747467 ], [ -97.406045, 32.746938 ], [ -97.407072, 32.747277 ], [ -97.408965, 32.747912 ], [ -97.40916, 32.747976 ], [ -97.40981, 32.748191 ], [ -97.410093, 32.748284 ], [ -97.410478, 32.74841 ], [ -97.410791, 32.748111 ], [ -97.411048, 32.747826 ], [ -97.411162, 32.747607 ], [ -97.411579, 32.747043 ], [ -97.411578, 32.747001 ], [ -97.411406, 32.746869 ], [ -97.411429, 32.74678 ], [ -97.411576, 32.74669 ], [ -97.411575, 32.746349 ], [ -97.411959, 32.746127 ], [ -97.41212, 32.746147 ], [ -97.412117, 32.745961 ], [ -97.412185, 32.745589 ], [ -97.412405, 32.745589 ], [ -97.412542, 32.745587 ], [ -97.412725, 32.745587 ], [ -97.412647, 32.74878 ], [ -97.412907, 32.748747 ], [ -97.413289, 32.749084 ], [ -97.413666, 32.749769 ], [ -97.413876, 32.750151 ], [ -97.414233, 32.750598 ], [ -97.414453, 32.750932 ], [ -97.414499, 32.750915 ], [ -97.416053, 32.750917 ], [ -97.416679, 32.750918 ], [ -97.416619, 32.751213 ], [ -97.416632, 32.751257 ], [ -97.416878, 32.751549 ], [ -97.417001, 32.751593 ], [ -97.417194, 32.751658 ], [ -97.417714, 32.751956 ], [ -97.418531, 32.751722 ], [ -97.418867, 32.750927 ], [ -97.419292, 32.750927 ], [ -97.419999, 32.750924 ], [ -97.419983, 32.750743 ], [ -97.419956, 32.75042 ], [ -97.41973, 32.750097 ], [ -97.419594, 32.749901 ], [ -97.419388, 32.749608 ], [ -97.419388, 32.749558 ], [ -97.419844, 32.74931 ], [ -97.419868, 32.749297 ], [ -97.419981, 32.749235 ], [ -97.420343, 32.749041 ], [ -97.420329, 32.749018 ], [ -97.420021, 32.748509 ], [ -97.420115, 32.748485 ], [ -97.419992, 32.748186 ], [ -97.419735, 32.747968 ], [ -97.41943, 32.747398 ], [ -97.419395, 32.747332 ] ], [ [ -97.419274, 32.879083 ], [ -97.417271, 32.879048 ], [ -97.417265, 32.879219 ], [ -97.417298, 32.881023 ], [ -97.418346, 32.881034 ], [ -97.419297, 32.881044 ], [ -97.419274, 32.879083 ] ], [ [ -97.411608, 32.588969 ], [ -97.411605, 32.587162 ], [ -97.411436, 32.587177 ], [ -97.410111, 32.587189 ], [ -97.409413, 32.587196 ], [ -97.40941, 32.588532 ], [ -97.409439, 32.589007 ], [ -97.411608, 32.588969 ] ], [ [ -97.403738, 32.581449 ], [ -97.403837, 32.581477 ], [ -97.404012, 32.581603 ], [ -97.404096, 32.581702 ], [ -97.404137, 32.5818 ], [ -97.404179, 32.582053 ], [ -97.404196, 32.582495 ], [ -97.404196, 32.582666 ], [ -97.404196, 32.584016 ], [ -97.404196, 32.584387 ], [ -97.404213, 32.585378 ], [ -97.404245, 32.586745 ], [ -97.404245, 32.587093 ], [ -97.403846, 32.587075 ], [ -97.402922, 32.587069 ], [ -97.402925, 32.587168 ], [ -97.402904, 32.590158 ], [ -97.402908, 32.59017 ], [ -97.402908, 32.590251 ], [ -97.403165, 32.590259 ], [ -97.404211, 32.590266 ], [ -97.404244, 32.587229 ], [ -97.405505, 32.587226 ], [ -97.406851, 32.587224 ], [ -97.406851, 32.587179 ], [ -97.406983, 32.587179 ], [ -97.406989, 32.587099 ], [ -97.406994, 32.587031 ], [ -97.40941, 32.587014 ], [ -97.409912, 32.587011 ], [ -97.409959, 32.581401 ], [ -97.404824, 32.581395 ], [ -97.404321, 32.581392 ], [ -97.404276, 32.5814 ], [ -97.403321, 32.581414 ], [ -97.403613, 32.581435 ], [ -97.403738, 32.581449 ] ], [ [ -97.406129, 32.888125 ], [ -97.405815, 32.888128 ], [ -97.39713, 32.888214 ], [ -97.393707, 32.888157 ], [ -97.393742, 32.888253 ], [ -97.394033, 32.888985 ], [ -97.394107, 32.889145 ], [ -97.394535, 32.890179 ], [ -97.394916, 32.891227 ], [ -97.395185, 32.891712 ], [ -97.395596, 32.892491 ], [ -97.396281, 32.893874 ], [ -97.396582, 32.894477 ], [ -97.397026, 32.895337 ], [ -97.397939, 32.897188 ], [ -97.398299, 32.897915 ], [ -97.398695, 32.898668 ], [ -97.398779, 32.898827 ], [ -97.398822, 32.898907 ], [ -97.399047, 32.899337 ], [ -97.408227, 32.899364 ], [ -97.408237, 32.899046 ], [ -97.408106, 32.899046 ], [ -97.407004, 32.899046 ], [ -97.407004, 32.898853 ], [ -97.407004, 32.898662 ], [ -97.407003, 32.895274 ], [ -97.408243, 32.895281 ], [ -97.408251, 32.890559 ], [ -97.40821, 32.888514 ], [ -97.407054, 32.888516 ], [ -97.407049, 32.888404 ], [ -97.407037, 32.888125 ], [ -97.407007, 32.888125 ], [ -97.406129, 32.888125 ] ], [ [ -97.392916, 32.862458 ], [ -97.392387, 32.862461 ], [ -97.391008, 32.862473 ], [ -97.391004, 32.861321 ], [ -97.391004, 32.860274 ], [ -97.391089, 32.859354 ], [ -97.391063, 32.858577 ], [ -97.39066, 32.858575 ], [ -97.390127, 32.856483 ], [ -97.389939, 32.855826 ], [ -97.389992, 32.855221 ], [ -97.389734, 32.855116 ], [ -97.389607, 32.85494 ], [ -97.389389, 32.854174 ], [ -97.389169, 32.853406 ], [ -97.388919, 32.852654 ], [ -97.388696, 32.8519 ], [ -97.388571, 32.851406 ], [ -97.388467, 32.851147 ], [ -97.388251, 32.85079 ], [ -97.388015, 32.850418 ], [ -97.387549, 32.849723 ], [ -97.38639, 32.84802 ], [ -97.386361, 32.848022 ], [ -97.385923, 32.848035 ], [ -97.385536, 32.848041 ], [ -97.383777, 32.848022 ], [ -97.383711, 32.848022 ], [ -97.382755, 32.848017 ], [ -97.381813, 32.848011 ], [ -97.38085, 32.848004 ], [ -97.380193, 32.847991 ], [ -97.379769, 32.847997 ], [ -97.378908, 32.847997 ], [ -97.378762, 32.847991 ], [ -97.377144, 32.847973 ], [ -97.376398, 32.847986 ], [ -97.375681, 32.847988 ], [ -97.375084, 32.847991 ], [ -97.374077, 32.847997 ], [ -97.372048, 32.847991 ], [ -97.371168, 32.847929 ], [ -97.370689, 32.847896 ], [ -97.370689, 32.847854 ], [ -97.370691, 32.84774 ], [ -97.370701, 32.846008 ], [ -97.370582, 32.846004 ], [ -97.370338, 32.846003 ], [ -97.369377, 32.845996 ], [ -97.369383, 32.847879 ], [ -97.369328, 32.847881 ], [ -97.368183, 32.847856 ], [ -97.367242, 32.847856 ], [ -97.366407, 32.847825 ], [ -97.366342, 32.847822 ], [ -97.36617, 32.847827 ], [ -97.365642, 32.847826 ], [ -97.361829, 32.847814 ], [ -97.360848, 32.847811 ], [ -97.360413, 32.847831 ], [ -97.360311, 32.847845 ], [ -97.36026, 32.847845 ], [ -97.360207, 32.84785 ], [ -97.360145, 32.847858 ], [ -97.360053, 32.847864 ], [ -97.360016, 32.847862 ], [ -97.359773, 32.847884 ], [ -97.359482, 32.847911 ], [ -97.359449, 32.847915 ], [ -97.359423, 32.847918 ], [ -97.359214, 32.847927 ], [ -97.359137, 32.847929 ], [ -97.359013, 32.847937 ], [ -97.357904, 32.847918 ], [ -97.353133, 32.847912 ], [ -97.352128, 32.8479 ], [ -97.350437, 32.845978 ], [ -97.349004, 32.844287 ], [ -97.347842, 32.842993 ], [ -97.348027, 32.842927 ], [ -97.34768, 32.842528 ], [ -97.347511, 32.842333 ], [ -97.347123, 32.841887 ], [ -97.34554, 32.840068 ], [ -97.342965, 32.837094 ], [ -97.342189, 32.836215 ], [ -97.340563, 32.834345 ], [ -97.338564, 32.832042 ], [ -97.33827, 32.831522 ], [ -97.337865, 32.83103 ], [ -97.336516, 32.82933 ], [ -97.33656, 32.829294 ], [ -97.335312, 32.827489 ], [ -97.333852, 32.825537 ], [ -97.333775, 32.825253 ], [ -97.333768, 32.825005 ], [ -97.333791, 32.824913 ], [ -97.333802, 32.824867 ], [ -97.333834, 32.82474 ], [ -97.333974, 32.824446 ], [ -97.333987, 32.824419 ], [ -97.334167, 32.824253 ], [ -97.334514, 32.824076 ], [ -97.334795, 32.823983 ], [ -97.335135, 32.823911 ], [ -97.335241, 32.823913 ], [ -97.34016, 32.823988 ], [ -97.342762, 32.823997 ], [ -97.343306, 32.823999 ], [ -97.347418, 32.824014 ], [ -97.347417, 32.82397 ], [ -97.347416, 32.823862 ], [ -97.343205, 32.823839 ], [ -97.342765, 32.823836 ], [ -97.338409, 32.823812 ], [ -97.335744, 32.823789 ], [ -97.335243, 32.823785 ], [ -97.333313, 32.823769 ], [ -97.333062, 32.823686 ], [ -97.333035, 32.823668 ], [ -97.332843, 32.823594 ], [ -97.3327, 32.823516 ], [ -97.332566, 32.823442 ], [ -97.332199, 32.82314 ], [ -97.331378, 32.822154 ], [ -97.330068, 32.820579 ], [ -97.33074, 32.820135 ], [ -97.328984, 32.818153 ], [ -97.328362, 32.817444 ], [ -97.328254, 32.817305 ], [ -97.327672, 32.81729 ], [ -97.327527, 32.817276 ], [ -97.327391, 32.817253 ], [ -97.327305, 32.817217 ], [ -97.32702, 32.817059 ], [ -97.326589, 32.816795 ], [ -97.325672, 32.816255 ], [ -97.32567, 32.816477 ], [ -97.325666, 32.816885 ], [ -97.325654, 32.817573 ], [ -97.325648, 32.817973 ], [ -97.325734, 32.818094 ], [ -97.326945, 32.819674 ], [ -97.330773, 32.824668 ], [ -97.330949, 32.824897 ], [ -97.331483, 32.825595 ], [ -97.332746, 32.827242 ], [ -97.332762, 32.827263 ], [ -97.333578, 32.828093 ], [ -97.333996, 32.828514 ], [ -97.334095, 32.828614 ], [ -97.337595, 32.83214 ], [ -97.340485, 32.835006 ], [ -97.342031, 32.836697 ], [ -97.342705, 32.837454 ], [ -97.342698, 32.837668 ], [ -97.342669, 32.838701 ], [ -97.342626, 32.840218 ], [ -97.34259, 32.841584 ], [ -97.3426, 32.842179 ], [ -97.342598, 32.842361 ], [ -97.342593, 32.842481 ], [ -97.342598, 32.842526 ], [ -97.342609, 32.842832 ], [ -97.342619, 32.843077 ], [ -97.342626, 32.843269 ], [ -97.342607, 32.843338 ], [ -97.342607, 32.843524 ], [ -97.342608, 32.843691 ], [ -97.342611, 32.845166 ], [ -97.342612, 32.846077 ], [ -97.342614, 32.846601 ], [ -97.342615, 32.847424 ], [ -97.34259, 32.847859 ], [ -97.34086, 32.847844 ], [ -97.339035, 32.847842 ], [ -97.333905, 32.847833 ], [ -97.333358, 32.847831 ], [ -97.33315, 32.847834 ], [ -97.333102, 32.847835 ], [ -97.333088, 32.850094 ], [ -97.333062, 32.854136 ], [ -97.333053, 32.855591 ], [ -97.33352, 32.855594 ], [ -97.333599, 32.855596 ], [ -97.33373, 32.855595 ], [ -97.333731, 32.855912 ], [ -97.33373, 32.856565 ], [ -97.33373, 32.858357 ], [ -97.334391, 32.858357 ], [ -97.335398, 32.858358 ], [ -97.33542, 32.858393 ], [ -97.335449, 32.858438 ], [ -97.335462, 32.858459 ], [ -97.335488, 32.8585 ], [ -97.335496, 32.858511 ], [ -97.335522, 32.858547 ], [ -97.335588, 32.858636 ], [ -97.335591, 32.858659 ], [ -97.3356, 32.858716 ], [ -97.335646, 32.858773 ], [ -97.335649, 32.86135 ], [ -97.336171, 32.861365 ], [ -97.336677, 32.861373 ], [ -97.337642, 32.86139 ], [ -97.338302, 32.861401 ], [ -97.338689, 32.861406 ], [ -97.339076, 32.86141 ], [ -97.339171, 32.861412 ], [ -97.339282, 32.861413 ], [ -97.342246, 32.861503 ], [ -97.342388, 32.861505 ], [ -97.342701, 32.861508 ], [ -97.342556, 32.862057 ], [ -97.342417, 32.862561 ], [ -97.342348, 32.862921 ], [ -97.342329, 32.863493 ], [ -97.342385, 32.863565 ], [ -97.342392, 32.86367 ], [ -97.342393, 32.863782 ], [ -97.342389, 32.863867 ], [ -97.342383, 32.863982 ], [ -97.342395, 32.866448 ], [ -97.342405, 32.867477 ], [ -97.342407, 32.86766 ], [ -97.342396, 32.868539 ], [ -97.342416, 32.869859 ], [ -97.342407, 32.870644 ], [ -97.342409, 32.870807 ], [ -97.342414, 32.870883 ], [ -97.342412, 32.870967 ], [ -97.342424, 32.871701 ], [ -97.342439, 32.873398 ], [ -97.342441, 32.873542 ], [ -97.342445, 32.874141 ], [ -97.342453, 32.874816 ], [ -97.342449, 32.875003 ], [ -97.342453, 32.875047 ], [ -97.342459, 32.87641 ], [ -97.34246, 32.877408 ], [ -97.342464, 32.878572 ], [ -97.342463, 32.879522 ], [ -97.342463, 32.879863 ], [ -97.342463, 32.880214 ], [ -97.342472, 32.881622 ], [ -97.34247, 32.881953 ], [ -97.342471, 32.882441 ], [ -97.342497, 32.883131 ], [ -97.342522, 32.883322 ], [ -97.342587, 32.883563 ], [ -97.342646, 32.883725 ], [ -97.342744, 32.883944 ], [ -97.342777, 32.884013 ], [ -97.342965, 32.884407 ], [ -97.343539, 32.885545 ], [ -97.343777, 32.886006 ], [ -97.343921, 32.886286 ], [ -97.34535, 32.886283 ], [ -97.346219, 32.885908 ], [ -97.346902, 32.8857 ], [ -97.347477, 32.885594 ], [ -97.348402, 32.885557 ], [ -97.348693, 32.885567 ], [ -97.349749, 32.885567 ], [ -97.352661, 32.885588 ], [ -97.352658, 32.885972 ], [ -97.352655, 32.886332 ], [ -97.354635, 32.88635 ], [ -97.355131, 32.886353 ], [ -97.357472, 32.886367 ], [ -97.358091, 32.886641 ], [ -97.358344, 32.88625 ], [ -97.359314, 32.88609 ], [ -97.36017, 32.885731 ], [ -97.360793, 32.885437 ], [ -97.361272, 32.885324 ], [ -97.362545, 32.885279 ], [ -97.362526, 32.885955 ], [ -97.36274, 32.885917 ], [ -97.366246, 32.885924 ], [ -97.371258, 32.885934 ], [ -97.373548, 32.885938 ], [ -97.373638, 32.885938 ], [ -97.385215, 32.885932 ], [ -97.385322, 32.885932 ], [ -97.385703, 32.885932 ], [ -97.386063, 32.885932 ], [ -97.386262, 32.885932 ], [ -97.387254, 32.885931 ], [ -97.392855, 32.885928 ], [ -97.392664, 32.885429 ], [ -97.392652, 32.885396 ], [ -97.392816, 32.885395 ], [ -97.39278, 32.885301 ], [ -97.392578, 32.884774 ], [ -97.392339, 32.884147 ], [ -97.391953, 32.883138 ], [ -97.391569, 32.882134 ], [ -97.391128, 32.880978 ], [ -97.391398, 32.880979 ], [ -97.391394, 32.88094 ], [ -97.391392, 32.880877 ], [ -97.39139, 32.880808 ], [ -97.391392, 32.880754 ], [ -97.391089, 32.880758 ], [ -97.39109, 32.880688 ], [ -97.391106, 32.87959 ], [ -97.391119, 32.878776 ], [ -97.391129, 32.878153 ], [ -97.391183, 32.877855 ], [ -97.391077, 32.874865 ], [ -97.391062, 32.874034 ], [ -97.391049, 32.873292 ], [ -97.391036, 32.872529 ], [ -97.391028, 32.871432 ], [ -97.391006, 32.86976 ], [ -97.390992, 32.869676 ], [ -97.390993, 32.869491 ], [ -97.390995, 32.869085 ], [ -97.390996, 32.868916 ], [ -97.39198, 32.868925 ], [ -97.391967, 32.869688 ], [ -97.393543, 32.869709 ], [ -97.393968, 32.869714 ], [ -97.394988, 32.869726 ], [ -97.397479, 32.869764 ], [ -97.39755, 32.869371 ], [ -97.397512, 32.867111 ], [ -97.397593, 32.866915 ], [ -97.399754, 32.866928 ], [ -97.399819, 32.865063 ], [ -97.398591, 32.865046 ], [ -97.398603, 32.865032 ], [ -97.398817, 32.864979 ], [ -97.398901, 32.864915 ], [ -97.398959, 32.864871 ], [ -97.399045, 32.864763 ], [ -97.398959, 32.864607 ], [ -97.398774, 32.864379 ], [ -97.398574, 32.864103 ], [ -97.398487, 32.864057 ], [ -97.398477, 32.86393 ], [ -97.398485, 32.863722 ], [ -97.398484, 32.863512 ], [ -97.3985, 32.862515 ], [ -97.392916, 32.862458 ] ], [ [ -97.397378, 32.589355 ], [ -97.398095, 32.589344 ], [ -97.39809, 32.587689 ], [ -97.397378, 32.587694 ], [ -97.397356, 32.588036 ], [ -97.397379, 32.588586 ], [ -97.397379, 32.588678 ], [ -97.397379, 32.589271 ], [ -97.397378, 32.589355 ] ], [ [ -97.390076, 32.598585 ], [ -97.39007, 32.599469 ], [ -97.395588, 32.599445 ], [ -97.395623, 32.599326 ], [ -97.395632, 32.599302 ], [ -97.395678, 32.599181 ], [ -97.395735, 32.59905 ], [ -97.395744, 32.599032 ], [ -97.395806, 32.598909 ], [ -97.395885, 32.598773 ], [ -97.395961, 32.598656 ], [ -97.396055, 32.598526 ], [ -97.39613, 32.598431 ], [ -97.39617, 32.598385 ], [ -97.396251, 32.598293 ], [ -97.396473, 32.598054 ], [ -97.396535, 32.597984 ], [ -97.396549, 32.597968 ], [ -97.396567, 32.597948 ], [ -97.396656, 32.597836 ], [ -97.396722, 32.597744 ], [ -97.396735, 32.597725 ], [ -97.396809, 32.597608 ], [ -97.396867, 32.597506 ], [ -97.396877, 32.597488 ], [ -97.396935, 32.59737 ], [ -97.39694, 32.597358 ], [ -97.396983, 32.597257 ], [ -97.39699, 32.597241 ], [ -97.397034, 32.59712 ], [ -97.397038, 32.597104 ], [ -97.397069, 32.597 ], [ -97.397103, 32.596863 ], [ -97.397106, 32.596843 ], [ -97.397126, 32.596732 ], [ -97.397141, 32.596601 ], [ -97.397143, 32.596577 ], [ -97.397145, 32.596541 ], [ -97.397146, 32.596521 ], [ -97.397148, 32.596494 ], [ -97.397306, 32.596496 ], [ -97.397326, 32.596493 ], [ -97.397395, 32.596482 ], [ -97.397483, 32.596468 ], [ -97.397456, 32.595515 ], [ -97.395907, 32.595494 ], [ -97.395104, 32.595493 ], [ -97.395134, 32.596465 ], [ -97.39513, 32.596562 ], [ -97.390095, 32.596552 ], [ -97.390076, 32.598585 ] ], [ [ -97.390747, 32.96609 ], [ -97.390755, 32.96752 ], [ -97.391042, 32.96752 ], [ -97.391883, 32.967512 ], [ -97.392062, 32.967514 ], [ -97.392068, 32.966829 ], [ -97.392075, 32.966052 ], [ -97.392084, 32.965059 ], [ -97.392089, 32.964502 ], [ -97.391889, 32.964502 ], [ -97.391869, 32.964501 ], [ -97.390736, 32.964493 ], [ -97.390747, 32.965926 ], [ -97.390746, 32.966056 ], [ -97.390747, 32.96609 ] ], [ [ -97.389542, 32.966051 ], [ -97.388774, 32.966051 ], [ -97.387779, 32.966043 ], [ -97.386962, 32.966027 ], [ -97.386964, 32.967499 ], [ -97.389537, 32.96752 ], [ -97.389542, 32.966051 ] ], [ [ -97.384412, 32.964444 ], [ -97.384393, 32.965997 ], [ -97.385312, 32.966002 ], [ -97.385653, 32.966006 ], [ -97.385679, 32.964453 ], [ -97.384412, 32.964444 ] ], [ [ -97.383494, 32.965994 ], [ -97.38312, 32.965989 ], [ -97.383107, 32.967453 ], [ -97.384392, 32.967473 ], [ -97.384393, 32.965997 ], [ -97.383494, 32.965994 ] ], [ [ -97.375121, 32.897401 ], [ -97.375092, 32.899518 ], [ -97.375084, 32.899926 ], [ -97.375081, 32.900066 ], [ -97.375078, 32.90023 ], [ -97.375073, 32.900501 ], [ -97.375065, 32.900931 ], [ -97.375055, 32.902901 ], [ -97.375053, 32.903388 ], [ -97.375048, 32.90446 ], [ -97.375048, 32.904568 ], [ -97.382253, 32.904672 ], [ -97.382256, 32.904567 ], [ -97.382296, 32.903499 ], [ -97.382303, 32.903354 ], [ -97.382324, 32.902758 ], [ -97.383202, 32.90273 ], [ -97.383803, 32.902738 ], [ -97.385583, 32.902747 ], [ -97.385582, 32.902322 ], [ -97.385615, 32.898058 ], [ -97.379128, 32.898016 ], [ -97.37832, 32.898012 ], [ -97.376012, 32.897998 ], [ -97.3752, 32.897404 ], [ -97.375157, 32.897402 ], [ -97.375121, 32.897401 ] ], [ [ -97.380308, 32.888906 ], [ -97.379953, 32.888895 ], [ -97.373762, 32.888854 ], [ -97.373771, 32.889624 ], [ -97.373783, 32.890831 ], [ -97.373797, 32.892156 ], [ -97.373817, 32.893535 ], [ -97.373827, 32.894307 ], [ -97.374284, 32.894225 ], [ -97.374743, 32.894143 ], [ -97.375232, 32.894067 ], [ -97.376054, 32.893932 ], [ -97.376967, 32.893776 ], [ -97.37799, 32.89361 ], [ -97.378267, 32.893572 ], [ -97.378428, 32.893566 ], [ -97.378531, 32.893597 ], [ -97.378551, 32.893606 ], [ -97.378551, 32.893545 ], [ -97.378766, 32.893526 ], [ -97.378834, 32.893506 ], [ -97.379033, 32.893461 ], [ -97.380373, 32.89325 ], [ -97.381108, 32.893116 ], [ -97.381173, 32.893104 ], [ -97.382329, 32.892893 ], [ -97.382404, 32.892879 ], [ -97.382921, 32.892785 ], [ -97.383349, 32.892707 ], [ -97.381877, 32.89158 ], [ -97.381676, 32.891427 ], [ -97.380344, 32.890407 ], [ -97.380327, 32.889674 ], [ -97.380325, 32.88959 ], [ -97.380308, 32.888906 ] ], [ [ -97.365211, 32.938591 ], [ -97.360779, 32.938577 ], [ -97.360683, 32.938577 ], [ -97.360712, 32.937695 ], [ -97.360737, 32.936942 ], [ -97.360965, 32.930088 ], [ -97.359633, 32.930088 ], [ -97.359498, 32.930089 ], [ -97.359458, 32.931338 ], [ -97.355295, 32.931339 ], [ -97.354872, 32.93134 ], [ -97.354876, 32.930092 ], [ -97.353507, 32.930093 ], [ -97.353509, 32.929541 ], [ -97.353514, 32.928214 ], [ -97.354883, 32.928213 ], [ -97.354885, 32.927361 ], [ -97.354681, 32.927361 ], [ -97.353419, 32.927361 ], [ -97.353417, 32.927787 ], [ -97.352525, 32.927788 ], [ -97.350998, 32.927789 ], [ -97.349953, 32.927789 ], [ -97.349668, 32.927789 ], [ -97.349663, 32.927734 ], [ -97.349081, 32.927735 ], [ -97.34901, 32.927726 ], [ -97.348799, 32.927725 ], [ -97.348619, 32.927725 ], [ -97.34864, 32.925204 ], [ -97.348647, 32.924432 ], [ -97.345987, 32.924428 ], [ -97.343499, 32.924397 ], [ -97.340115, 32.924354 ], [ -97.339456, 32.924346 ], [ -97.339012, 32.92434 ], [ -97.338562, 32.924334 ], [ -97.337465, 32.924303 ], [ -97.336539, 32.924277 ], [ -97.335143, 32.924248 ], [ -97.334433, 32.924233 ], [ -97.33378, 32.924219 ], [ -97.331527, 32.924172 ], [ -97.331527, 32.924723 ], [ -97.331509, 32.925798 ], [ -97.331506, 32.927767 ], [ -97.331504, 32.929578 ], [ -97.331486, 32.930855 ], [ -97.331479, 32.930909 ], [ -97.331471, 32.930965 ], [ -97.331437, 32.931054 ], [ -97.331394, 32.931134 ], [ -97.331352, 32.931188 ], [ -97.331278, 32.931247 ], [ -97.331044, 32.931312 ], [ -97.328526, 32.931297 ], [ -97.324951, 32.931254 ], [ -97.324932, 32.931254 ], [ -97.324932, 32.932971 ], [ -97.322743, 32.932954 ], [ -97.322752, 32.933397 ], [ -97.32276, 32.934777 ], [ -97.323019, 32.934769 ], [ -97.327076, 32.934796 ], [ -97.327073, 32.935119 ], [ -97.329008, 32.93513 ], [ -97.328982, 32.937669 ], [ -97.327048, 32.93765 ], [ -97.327061, 32.936321 ], [ -97.324861, 32.936296 ], [ -97.324264, 32.936289 ], [ -97.32276, 32.936266 ], [ -97.322735, 32.938218 ], [ -97.322732, 32.938463 ], [ -97.322726, 32.939052 ], [ -97.322707, 32.941285 ], [ -97.322701, 32.941615 ], [ -97.322697, 32.941868 ], [ -97.322677, 32.941952 ], [ -97.322627, 32.942036 ], [ -97.32252, 32.942064 ], [ -97.322384, 32.942081 ], [ -97.319033, 32.942052 ], [ -97.313378, 32.942047 ], [ -97.312504, 32.9446 ], [ -97.312268, 32.945297 ], [ -97.311595, 32.94743 ], [ -97.31115, 32.949426 ], [ -97.311072, 32.950819 ], [ -97.311072, 32.95487 ], [ -97.311199, 32.956953 ], [ -97.311259, 32.957937 ], [ -97.311256, 32.95852 ], [ -97.311249, 32.960374 ], [ -97.311056, 32.963689 ], [ -97.311006, 32.966298 ], [ -97.310526, 32.968867 ], [ -97.310232, 32.970166 ], [ -97.309883, 32.971317 ], [ -97.309648, 32.971953 ], [ -97.309505, 32.972302 ], [ -97.30994, 32.97223 ], [ -97.310244, 32.972153 ], [ -97.310391, 32.972148 ], [ -97.311085, 32.972172 ], [ -97.311293, 32.972177 ], [ -97.312386, 32.972175 ], [ -97.312581, 32.97218 ], [ -97.313394, 32.972203 ], [ -97.313711, 32.972228 ], [ -97.313953, 32.972268 ], [ -97.314018, 32.972289 ], [ -97.314045, 32.972312 ], [ -97.314118, 32.972312 ], [ -97.314651, 32.97232 ], [ -97.315677, 32.972327 ], [ -97.317205, 32.972337 ], [ -97.317276, 32.972572 ], [ -97.317357, 32.973077 ], [ -97.317347, 32.973093 ], [ -97.319521, 32.984061 ], [ -97.320479, 32.988749 ], [ -97.320767, 32.990157 ], [ -97.321019, 32.991388 ], [ -97.321143, 32.991992 ], [ -97.322136, 32.99685 ], [ -97.322581, 32.998077 ], [ -97.322878, 32.998809 ], [ -97.323868, 32.99701 ], [ -97.325484, 32.994078 ], [ -97.326372, 32.992473 ], [ -97.326956, 32.991545 ], [ -97.327048, 32.991415 ], [ -97.327296, 32.991065 ], [ -97.32776, 32.990465 ], [ -97.328146, 32.990179 ], [ -97.328193, 32.990118 ], [ -97.328552, 32.989659 ], [ -97.328826, 32.989375 ], [ -97.32913, 32.98906 ], [ -97.329323, 32.988883 ], [ -97.33011, 32.988161 ], [ -97.330283, 32.988038 ], [ -97.330627, 32.987775 ], [ -97.331241, 32.987316 ], [ -97.331632, 32.986905 ], [ -97.332521, 32.98598 ], [ -97.332733, 32.985978 ], [ -97.333204, 32.985978 ], [ -97.33339, 32.985978 ], [ -97.333585, 32.985822 ], [ -97.334764, 32.984884 ], [ -97.335165, 32.984881 ], [ -97.337024, 32.984873 ], [ -97.339146, 32.984863 ], [ -97.341944, 32.984848 ], [ -97.342353, 32.984848 ], [ -97.342351, 32.984677 ], [ -97.342351, 32.984638 ], [ -97.342902, 32.984613 ], [ -97.342902, 32.984595 ], [ -97.349587, 32.984599 ], [ -97.351154, 32.9846 ], [ -97.351155, 32.984712 ], [ -97.351154, 32.984916 ], [ -97.351154, 32.985881 ], [ -97.351154, 32.986078 ], [ -97.352807, 32.986067 ], [ -97.353038, 32.986069 ], [ -97.353068, 32.986067 ], [ -97.353202, 32.986067 ], [ -97.353399, 32.986065 ], [ -97.353476, 32.986065 ], [ -97.354569, 32.986057 ], [ -97.355234, 32.986055 ], [ -97.357579, 32.986086 ], [ -97.359557, 32.986112 ], [ -97.361557, 32.986138 ], [ -97.361826, 32.986142 ], [ -97.361828, 32.986055 ], [ -97.361834, 32.986004 ], [ -97.361835, 32.984933 ], [ -97.361891, 32.980871 ], [ -97.36216, 32.972747 ], [ -97.362244, 32.970216 ], [ -97.363755, 32.970223 ], [ -97.365524, 32.970232 ], [ -97.366693, 32.970238 ], [ -97.366696, 32.970105 ], [ -97.366708, 32.969433 ], [ -97.366711, 32.969309 ], [ -97.366773, 32.965196 ], [ -97.366788, 32.964264 ], [ -97.366839, 32.960899 ], [ -97.366921, 32.955553 ], [ -97.362129, 32.955534 ], [ -97.362279, 32.946188 ], [ -97.364949, 32.946216 ], [ -97.366561, 32.946227 ], [ -97.367064, 32.946231 ], [ -97.368959, 32.946247 ], [ -97.369883, 32.946255 ], [ -97.373972, 32.946292 ], [ -97.374668, 32.946292 ], [ -97.374831, 32.93862 ], [ -97.374771, 32.938619 ], [ -97.369067, 32.938601 ], [ -97.36689, 32.938595 ], [ -97.366791, 32.938595 ], [ -97.365824, 32.938593 ], [ -97.365415, 32.938592 ], [ -97.365211, 32.938591 ] ], [ [ -97.348582, 32.649694 ], [ -97.348371, 32.649704 ], [ -97.348073, 32.649719 ], [ -97.347524, 32.649746 ], [ -97.346976, 32.649774 ], [ -97.346845, 32.64978 ], [ -97.346664, 32.64979 ], [ -97.344979, 32.649874 ], [ -97.343012, 32.649934 ], [ -97.340606, 32.64989 ], [ -97.340623, 32.649219 ], [ -97.340634, 32.649083 ], [ -97.340381, 32.64908 ], [ -97.340152, 32.649076 ], [ -97.339748, 32.649072 ], [ -97.339744, 32.649648 ], [ -97.339212, 32.64981 ], [ -97.339026, 32.64988 ], [ -97.338836, 32.649953 ], [ -97.338671, 32.650016 ], [ -97.338387, 32.650124 ], [ -97.338207, 32.650193 ], [ -97.338028, 32.650261 ], [ -97.337959, 32.650287 ], [ -97.337818, 32.650341 ], [ -97.337672, 32.650391 ], [ -97.337516, 32.650432 ], [ -97.33738, 32.650459 ], [ -97.337216, 32.65048 ], [ -97.337049, 32.650495 ], [ -97.336836, 32.650515 ], [ -97.336609, 32.650535 ], [ -97.336448, 32.650541 ], [ -97.336238, 32.65054 ], [ -97.335892, 32.65054 ], [ -97.33589, 32.650526 ], [ -97.33588, 32.650426 ], [ -97.335861, 32.650301 ], [ -97.33574, 32.649904 ], [ -97.335529, 32.64953 ], [ -97.33531, 32.649139 ], [ -97.335104, 32.649183 ], [ -97.33484, 32.649262 ], [ -97.334778, 32.64928 ], [ -97.333986, 32.649609 ], [ -97.330633, 32.651003 ], [ -97.330508, 32.651355 ], [ -97.330069, 32.652597 ], [ -97.329745, 32.653472 ], [ -97.328397, 32.657296 ], [ -97.328246, 32.657722 ], [ -97.327958, 32.658481 ], [ -97.327852, 32.658759 ], [ -97.327833, 32.65881 ], [ -97.327495, 32.659832 ], [ -97.327363, 32.660364 ], [ -97.327243, 32.660849 ], [ -97.327117, 32.661479 ], [ -97.327044, 32.661927 ], [ -97.32699, 32.662346 ], [ -97.326979, 32.662453 ], [ -97.326959, 32.662648 ], [ -97.326931, 32.662937 ], [ -97.326931, 32.663657 ], [ -97.326902, 32.664731 ], [ -97.32756, 32.664595 ], [ -97.328671, 32.664349 ], [ -97.329266, 32.664243 ], [ -97.329651, 32.664186 ], [ -97.330251, 32.664142 ], [ -97.330867, 32.664116 ], [ -97.331468, 32.664091 ], [ -97.331808, 32.664078 ], [ -97.331791, 32.663657 ], [ -97.331801, 32.663245 ], [ -97.331831, 32.662844 ], [ -97.331842, 32.662796 ], [ -97.331888, 32.662594 ], [ -97.331929, 32.662492 ], [ -97.33202, 32.66234 ], [ -97.332158, 32.662172 ], [ -97.3323, 32.661927 ], [ -97.332859, 32.661209 ], [ -97.333721, 32.661481 ], [ -97.334341, 32.661484 ], [ -97.335372, 32.661476 ], [ -97.336391, 32.661495 ], [ -97.33654, 32.661481 ], [ -97.3374, 32.661459 ], [ -97.338527, 32.661472 ], [ -97.341041, 32.661499 ], [ -97.342273, 32.661495 ], [ -97.342796, 32.661499 ], [ -97.342908, 32.661504 ], [ -97.343266, 32.661504 ], [ -97.34389, 32.661499 ], [ -97.345036, 32.661476 ], [ -97.34654, 32.661431 ], [ -97.347211, 32.661428 ], [ -97.348549, 32.661441 ], [ -97.348639, 32.66145 ], [ -97.348719, 32.66145 ], [ -97.350322, 32.661462 ], [ -97.35126, 32.661454 ], [ -97.352208, 32.661454 ], [ -97.352847, 32.661459 ], [ -97.353011, 32.657018 ], [ -97.353087, 32.65517 ], [ -97.353126, 32.654078 ], [ -97.353146, 32.653519 ], [ -97.353239, 32.651626 ], [ -97.353302, 32.649642 ], [ -97.353337, 32.649002 ], [ -97.351243, 32.648994 ], [ -97.349979, 32.648994 ], [ -97.349339, 32.648978 ], [ -97.34934, 32.649037 ], [ -97.349323, 32.649654 ], [ -97.348582, 32.649694 ] ], [ [ -97.325769, 33.018493 ], [ -97.326177, 33.018519 ], [ -97.326215, 33.017797 ], [ -97.326122, 33.016103 ], [ -97.323108, 33.016086 ], [ -97.323073, 33.01814 ], [ -97.32429, 33.018308 ], [ -97.325344, 33.01845 ], [ -97.325769, 33.018493 ] ], [ [ -97.323563, 33.0365 ], [ -97.323554, 33.037394 ], [ -97.323546, 33.038113 ], [ -97.323991, 33.038123 ], [ -97.324418, 33.03813 ], [ -97.325094, 33.038142 ], [ -97.325111, 33.034997 ], [ -97.324603, 33.034884 ], [ -97.324312, 33.034815 ], [ -97.324155, 33.034769 ], [ -97.324134, 33.036503 ], [ -97.323871, 33.036523 ], [ -97.323563, 33.0365 ] ], [ [ -97.314155, 33.015586 ], [ -97.314023, 33.015849 ], [ -97.313835, 33.016191 ], [ -97.313686, 33.016465 ], [ -97.313639, 33.016547 ], [ -97.312713, 33.018134 ], [ -97.311835, 33.01964 ], [ -97.311823, 33.01966 ], [ -97.311262, 33.020708 ], [ -97.310822, 33.021655 ], [ -97.310544, 33.022533 ], [ -97.310376, 33.023176 ], [ -97.310242, 33.024239 ], [ -97.310335, 33.024239 ], [ -97.310701, 33.024242 ], [ -97.316476, 33.024279 ], [ -97.316511, 33.022452 ], [ -97.316521, 33.021972 ], [ -97.316592, 33.01833 ], [ -97.316598, 33.018023 ], [ -97.316602, 33.017846 ], [ -97.316603, 33.017778 ], [ -97.316604, 33.017709 ], [ -97.31661, 33.01742 ], [ -97.316619, 33.016943 ], [ -97.316631, 33.016322 ], [ -97.316633, 33.016204 ], [ -97.316635, 33.016138 ], [ -97.316636, 33.016051 ], [ -97.316864, 33.016052 ], [ -97.317329, 33.016055 ], [ -97.317414, 33.016055 ], [ -97.318738, 33.016063 ], [ -97.318766, 33.014883 ], [ -97.318881, 33.010099 ], [ -97.31748, 33.010324 ], [ -97.317125, 33.010381 ], [ -97.316936, 33.010409 ], [ -97.314758, 33.014466 ], [ -97.314263, 33.015384 ], [ -97.314155, 33.015586 ] ], [ [ -97.305279, 32.938615 ], [ -97.305285, 32.938861 ], [ -97.305291, 32.939068 ], [ -97.306668, 32.939079 ], [ -97.306669, 32.938865 ], [ -97.306679, 32.937455 ], [ -97.306679, 32.937354 ], [ -97.306679, 32.937338 ], [ -97.306503, 32.937334 ], [ -97.304648, 32.937318 ], [ -97.304648, 32.937341 ], [ -97.304647, 32.938468 ], [ -97.305275, 32.93847 ], [ -97.305279, 32.938615 ] ], [ [ -97.297451, 32.986572 ], [ -97.29731, 32.986612 ], [ -97.297181, 32.986641 ], [ -97.29679, 32.986681 ], [ -97.296638, 32.986695 ], [ -97.296641, 32.987047 ], [ -97.297567, 32.987068 ], [ -97.297564, 32.988362 ], [ -97.297557, 32.989416 ], [ -97.297555, 32.990268 ], [ -97.29755, 32.990974 ], [ -97.298945, 32.990983 ], [ -97.299443, 32.990259 ], [ -97.300088, 32.989283 ], [ -97.300667, 32.988414 ], [ -97.300735, 32.988309 ], [ -97.300854, 32.988125 ], [ -97.301036, 32.987846 ], [ -97.301518, 32.987103 ], [ -97.301952, 32.986459 ], [ -97.302549, 32.98557 ], [ -97.302686, 32.985378 ], [ -97.303894, 32.983677 ], [ -97.305121, 32.981887 ], [ -97.297697, 32.981753 ], [ -97.297689, 32.98303 ], [ -97.29767, 32.986191 ], [ -97.297667, 32.986327 ], [ -97.297582, 32.986487 ], [ -97.297451, 32.986572 ] ], [ [ -97.302437, 33.034044 ], [ -97.298499, 33.033977 ], [ -97.298496, 33.034265 ], [ -97.298484, 33.035279 ], [ -97.301186, 33.035261 ], [ -97.302434, 33.035298 ], [ -97.302437, 33.034044 ] ], [ [ -97.289036, 32.975811 ], [ -97.289032, 32.976054 ], [ -97.289027, 32.976299 ], [ -97.289045, 32.978908 ], [ -97.289041, 32.979013 ], [ -97.289027, 32.979379 ], [ -97.289264, 32.979385 ], [ -97.289629, 32.979394 ], [ -97.291939, 32.979394 ], [ -97.294184, 32.979393 ], [ -97.294339, 32.979337 ], [ -97.294935, 32.97912 ], [ -97.297195, 32.979111 ], [ -97.297552, 32.97911 ], [ -97.297634, 32.979104 ], [ -97.297658, 32.977185 ], [ -97.297697, 32.976172 ], [ -97.2977, 32.976076 ], [ -97.297705, 32.975893 ], [ -97.296409, 32.975883 ], [ -97.294628, 32.975868 ], [ -97.293574, 32.97586 ], [ -97.29284, 32.975854 ], [ -97.289339, 32.975814 ], [ -97.289036, 32.975811 ] ], [ [ -97.294787, 32.992815 ], [ -97.294733, 32.992812 ], [ -97.294685, 32.992808 ], [ -97.294724, 32.992735 ], [ -97.294724, 32.992606 ], [ -97.294721, 32.992308 ], [ -97.29478, 32.991544 ], [ -97.294749, 32.991307 ], [ -97.294743, 32.991262 ], [ -97.294723, 32.991102 ], [ -97.294689, 32.991016 ], [ -97.294625, 32.990923 ], [ -97.294421, 32.990631 ], [ -97.294161, 32.99026 ], [ -97.294013, 32.99005 ], [ -97.293798, 32.989743 ], [ -97.29379, 32.989733 ], [ -97.293242, 32.989027 ], [ -97.293209, 32.988976 ], [ -97.293147, 32.988984 ], [ -97.292603, 32.988984 ], [ -97.292282, 32.988985 ], [ -97.291524, 32.988988 ], [ -97.29126, 32.988988 ], [ -97.291253, 32.989057 ], [ -97.291249, 32.989235 ], [ -97.291241, 32.989611 ], [ -97.291237, 32.989792 ], [ -97.291168, 32.989792 ], [ -97.291158, 32.990239 ], [ -97.291149, 32.990643 ], [ -97.291137, 32.991225 ], [ -97.291142, 32.991243 ], [ -97.291165, 32.991243 ], [ -97.291166, 32.991287 ], [ -97.291166, 32.991331 ], [ -97.291171, 32.991349 ], [ -97.291236, 32.991349 ], [ -97.291228, 32.991803 ], [ -97.291227, 32.991838 ], [ -97.291218, 32.99237 ], [ -97.29314, 32.992397 ], [ -97.293075, 32.99413 ], [ -97.295314, 32.994145 ], [ -97.296382, 32.992623 ], [ -97.29659, 32.992323 ], [ -97.2952, 32.992318 ], [ -97.294906, 32.992316 ], [ -97.294858, 32.992314 ], [ -97.294846, 32.992605 ], [ -97.294838, 32.992726 ], [ -97.294787, 32.992815 ] ], [ [ -97.292896, 32.988849 ], [ -97.293174, 32.988847 ], [ -97.293243, 32.988829 ], [ -97.293353, 32.988887 ], [ -97.293773, 32.988424 ], [ -97.294999, 32.988439 ], [ -97.295004, 32.988319 ], [ -97.295015, 32.986857 ], [ -97.292612, 32.986843 ], [ -97.292614, 32.988001 ], [ -97.29261, 32.988278 ], [ -97.292608, 32.988581 ], [ -97.292607, 32.988848 ], [ -97.292896, 32.988849 ] ], [ [ -97.288958, 32.983021 ], [ -97.288767, 32.98302 ], [ -97.288753, 32.984003 ], [ -97.28872, 32.984224 ], [ -97.288378, 32.986532 ], [ -97.288267, 32.987225 ], [ -97.288205, 32.987471 ], [ -97.285017, 32.987437 ], [ -97.282152, 32.987392 ], [ -97.274744, 32.987278 ], [ -97.274745, 32.986181 ], [ -97.274615, 32.986181 ], [ -97.274627, 32.978451 ], [ -97.272338, 32.978441 ], [ -97.270862, 32.978436 ], [ -97.270038, 32.978432 ], [ -97.269127, 32.978429 ], [ -97.268921, 32.978426 ], [ -97.267597, 32.978419 ], [ -97.266552, 32.978415 ], [ -97.266548, 32.979171 ], [ -97.266496, 32.979388 ], [ -97.266402, 32.979608 ], [ -97.266137, 32.980033 ], [ -97.266041, 32.980223 ], [ -97.266023, 32.980295 ], [ -97.266023, 32.980333 ], [ -97.263779, 32.980393 ], [ -97.263518, 32.980397 ], [ -97.263491, 32.981021 ], [ -97.263457, 32.981036 ], [ -97.263451, 32.981064 ], [ -97.263474, 32.981126 ], [ -97.263491, 32.981155 ], [ -97.26336, 32.987659 ], [ -97.263347, 32.988458 ], [ -97.263324, 32.98987 ], [ -97.263316, 32.990406 ], [ -97.263328, 32.990745 ], [ -97.262774, 32.990749 ], [ -97.26065, 32.990766 ], [ -97.259912, 32.990772 ], [ -97.259912, 32.991082 ], [ -97.259913, 32.992947 ], [ -97.259915, 32.993029 ], [ -97.260546, 32.993027 ], [ -97.262779, 32.993073 ], [ -97.263382, 32.993086 ], [ -97.264888, 32.994606 ], [ -97.267304, 32.997031 ], [ -97.268788, 32.998542 ], [ -97.26929, 32.999041 ], [ -97.268369, 33.001442 ], [ -97.268078, 33.00144 ], [ -97.266735, 33.002038 ], [ -97.266879, 33.002201 ], [ -97.266951, 33.002288 ], [ -97.267016, 33.002379 ], [ -97.267075, 33.002474 ], [ -97.267126, 33.002571 ], [ -97.26717, 33.00267 ], [ -97.267207, 33.002772 ], [ -97.267236, 33.002876 ], [ -97.267258, 33.002981 ], [ -97.267272, 33.003086 ], [ -97.267278, 33.003193 ], [ -97.267276, 33.003299 ], [ -97.267267, 33.003405 ], [ -97.267249, 33.003511 ], [ -97.267473, 33.003397 ], [ -97.267691, 33.003287 ], [ -97.268143, 33.002068 ], [ -97.270334, 33.002064 ], [ -97.27067, 33.002063 ], [ -97.270863, 33.002063 ], [ -97.27088, 33.002063 ], [ -97.271082, 33.002062 ], [ -97.271104, 33.002064 ], [ -97.271117, 33.001083 ], [ -97.272353, 32.998953 ], [ -97.28014, 32.999045 ], [ -97.280156, 32.993925 ], [ -97.280139, 32.993895 ], [ -97.288735, 32.994019 ], [ -97.288753, 32.992911 ], [ -97.28876, 32.992356 ], [ -97.288762, 32.992227 ], [ -97.288767, 32.992029 ], [ -97.288771, 32.991655 ], [ -97.288775, 32.991389 ], [ -97.288777, 32.991232 ], [ -97.28878, 32.991076 ], [ -97.288784, 32.990821 ], [ -97.288791, 32.990423 ], [ -97.288796, 32.990225 ], [ -97.2888, 32.989819 ], [ -97.288828, 32.988998 ], [ -97.288895, 32.988941 ], [ -97.288907, 32.988865 ], [ -97.288968, 32.988864 ], [ -97.289196, 32.988866 ], [ -97.289852, 32.98887 ], [ -97.29, 32.988871 ], [ -97.290943, 32.988867 ], [ -97.290961, 32.988849 ], [ -97.291, 32.988776 ], [ -97.291009, 32.988696 ], [ -97.291008, 32.988247 ], [ -97.291033, 32.987828 ], [ -97.291044, 32.987654 ], [ -97.291098, 32.987662 ], [ -97.291107, 32.987495 ], [ -97.291133, 32.987095 ], [ -97.291155, 32.986748 ], [ -97.29116, 32.986672 ], [ -97.291031, 32.986671 ], [ -97.290483, 32.984818 ], [ -97.290424, 32.983593 ], [ -97.290397, 32.983051 ], [ -97.289362, 32.98303 ], [ -97.288958, 32.983021 ] ], [ [ -97.290112, 32.938764 ], [ -97.291088, 32.938766 ], [ -97.291093, 32.938388 ], [ -97.291153, 32.934268 ], [ -97.289489, 32.934269 ], [ -97.289495, 32.93623 ], [ -97.289484, 32.937684 ], [ -97.290121, 32.937677 ], [ -97.290115, 32.938383 ], [ -97.290112, 32.938764 ] ], [ [ -97.283113, 32.921325 ], [ -97.283237, 32.921523 ], [ -97.284757, 32.921499 ], [ -97.284859, 32.921493 ], [ -97.284877, 32.921267 ], [ -97.284905, 32.920923 ], [ -97.284983, 32.919987 ], [ -97.282592, 32.920022 ], [ -97.282202, 32.920029 ], [ -97.282136, 32.920783 ], [ -97.282598, 32.92078 ], [ -97.282621, 32.920783 ], [ -97.283113, 32.921325 ] ], [ [ -97.277915, 32.976271 ], [ -97.276946, 32.976255 ], [ -97.272737, 32.976215 ], [ -97.272737, 32.976227 ], [ -97.272289, 32.976231 ], [ -97.272332, 32.978289 ], [ -97.27463, 32.978312 ], [ -97.274692, 32.978313 ], [ -97.274687, 32.978391 ], [ -97.274727, 32.978391 ], [ -97.274786, 32.978391 ], [ -97.275514, 32.978397 ], [ -97.277629, 32.978414 ], [ -97.278618, 32.978423 ], [ -97.279695, 32.978421 ], [ -97.280398, 32.97842 ], [ -97.280401, 32.978117 ], [ -97.280421, 32.976631 ], [ -97.280425, 32.976326 ], [ -97.280427, 32.975799 ], [ -97.280429, 32.975498 ], [ -97.280038, 32.975479 ], [ -97.279072, 32.975479 ], [ -97.278328, 32.975478 ], [ -97.277943, 32.975467 ], [ -97.277915, 32.975754 ], [ -97.277915, 32.976271 ] ], [ [ -97.276434, 32.918131 ], [ -97.276433, 32.918208 ], [ -97.276418, 32.920139 ], [ -97.276255, 32.920126 ], [ -97.276269, 32.921677 ], [ -97.276266, 32.921856 ], [ -97.277218, 32.921876 ], [ -97.277212, 32.924065 ], [ -97.277215, 32.924235 ], [ -97.278069, 32.924262 ], [ -97.278077, 32.924108 ], [ -97.278092, 32.923626 ], [ -97.278735, 32.923644 ], [ -97.278712, 32.924139 ], [ -97.278709, 32.924195 ], [ -97.279185, 32.924211 ], [ -97.279185, 32.924163 ], [ -97.279187, 32.923329 ], [ -97.279213, 32.921921 ], [ -97.279212, 32.921857 ], [ -97.278048, 32.921872 ], [ -97.27806, 32.921661 ], [ -97.278008, 32.918149 ], [ -97.278045, 32.918034 ], [ -97.276549, 32.918024 ], [ -97.276434, 32.918131 ] ], [ [ -97.27855, 32.623438 ], [ -97.278549, 32.621941 ], [ -97.277625, 32.621941 ], [ -97.276403, 32.621937 ], [ -97.276411, 32.623277 ], [ -97.276411, 32.623288 ], [ -97.276404, 32.623441 ], [ -97.27855, 32.623438 ] ], [ [ -97.275478, 32.963931 ], [ -97.27516, 32.963928 ], [ -97.274217, 32.963914 ], [ -97.274207, 32.964811 ], [ -97.274177, 32.96756 ], [ -97.274155, 32.96949 ], [ -97.274151, 32.969883 ], [ -97.274148, 32.97015 ], [ -97.274063, 32.970266 ], [ -97.274004, 32.970402 ], [ -97.273986, 32.970484 ], [ -97.27399, 32.97056 ], [ -97.274036, 32.97061 ], [ -97.274104, 32.970636 ], [ -97.274142, 32.970633 ], [ -97.274141, 32.970732 ], [ -97.273399, 32.970732 ], [ -97.272446, 32.970738 ], [ -97.272443, 32.971178 ], [ -97.272442, 32.971779 ], [ -97.272444, 32.97205 ], [ -97.272445, 32.972234 ], [ -97.272445, 32.972246 ], [ -97.27363, 32.972239 ], [ -97.276241, 32.972149 ], [ -97.276505, 32.972141 ], [ -97.276719, 32.972136 ], [ -97.276723, 32.971938 ], [ -97.276722, 32.970518 ], [ -97.276532, 32.97052 ], [ -97.276436, 32.970521 ], [ -97.276455, 32.968971 ], [ -97.276459, 32.968588 ], [ -97.276499, 32.963941 ], [ -97.275478, 32.963931 ] ], [ [ -97.270029, 32.978268 ], [ -97.269985, 32.976416 ], [ -97.269981, 32.975879 ], [ -97.269351, 32.975886 ], [ -97.269084, 32.975887 ], [ -97.269099, 32.976854 ], [ -97.269121, 32.97826 ], [ -97.270029, 32.978268 ] ], [ [ -97.266936, 33.002548 ], [ -97.26688, 33.002456 ], [ -97.266817, 33.002367 ], [ -97.266748, 33.002282 ], [ -97.266591, 33.002102 ], [ -97.265299, 33.00268 ], [ -97.262916, 33.002667 ], [ -97.262134, 33.002663 ], [ -97.262306, 33.002934 ], [ -97.262824, 33.003747 ], [ -97.262042, 33.004089 ], [ -97.262067, 33.004146 ], [ -97.262086, 33.004223 ], [ -97.26208, 33.004338 ], [ -97.262056, 33.004468 ], [ -97.262049, 33.004508 ], [ -97.26203, 33.00461 ], [ -97.262, 33.0047 ], [ -97.26191, 33.00513 ], [ -97.26189, 33.00531 ], [ -97.26189, 33.00544 ], [ -97.2619, 33.00564 ], [ -97.26192, 33.005719 ], [ -97.26192, 33.005809 ], [ -97.261894, 33.005921 ], [ -97.261854, 33.006031 ], [ -97.261794, 33.006116 ], [ -97.261667, 33.006227 ], [ -97.261412, 33.006438 ], [ -97.261358, 33.006504 ], [ -97.26133, 33.006571 ], [ -97.261301, 33.006694 ], [ -97.261289, 33.006893 ], [ -97.261248, 33.007069 ], [ -97.261197, 33.007208 ], [ -97.261115, 33.007363 ], [ -97.261026, 33.007493 ], [ -97.261, 33.007628 ], [ -97.260993, 33.007692 ], [ -97.260994, 33.007769 ], [ -97.260993, 33.007885 ], [ -97.260996, 33.008131 ], [ -97.262469, 33.008136 ], [ -97.262473, 33.008082 ], [ -97.262477, 33.008057 ], [ -97.262548, 33.007035 ], [ -97.262554, 33.006955 ], [ -97.262806, 33.006957 ], [ -97.262937, 33.006947 ], [ -97.263442, 33.00696 ], [ -97.263824, 33.006969 ], [ -97.264268, 33.006977 ], [ -97.264446, 33.006972 ], [ -97.264449, 33.006909 ], [ -97.264452, 33.006861 ], [ -97.264458, 33.00681 ], [ -97.264468, 33.006759 ], [ -97.264506, 33.006661 ], [ -97.264561, 33.006569 ], [ -97.264595, 33.006524 ], [ -97.26463, 33.006481 ], [ -97.264666, 33.006439 ], [ -97.264703, 33.006397 ], [ -97.264817, 33.006275 ], [ -97.264854, 33.006233 ], [ -97.264892, 33.006191 ], [ -97.26493, 33.006149 ], [ -97.264966, 33.006107 ], [ -97.265038, 33.006028 ], [ -97.265108, 33.005952 ], [ -97.265142, 33.005913 ], [ -97.265175, 33.005876 ], [ -97.265208, 33.005837 ], [ -97.26524, 33.005799 ], [ -97.265271, 33.005761 ], [ -97.26536, 33.005651 ], [ -97.265415, 33.005581 ], [ -97.265468, 33.005516 ], [ -97.265521, 33.005451 ], [ -97.265577, 33.00538 ], [ -97.265634, 33.00531 ], [ -97.265689, 33.005238 ], [ -97.265749, 33.005167 ], [ -97.265816, 33.005104 ], [ -97.265975, 33.005 ], [ -97.266062, 33.004955 ], [ -97.266148, 33.004914 ], [ -97.266268, 33.004849 ], [ -97.266361, 33.00477 ], [ -97.266384, 33.0047 ], [ -97.266373, 33.004627 ], [ -97.266352, 33.004586 ], [ -97.266506, 33.00442 ], [ -97.26671, 33.004203 ], [ -97.266783, 33.00412 ], [ -97.266849, 33.004033 ], [ -97.266909, 33.003943 ], [ -97.266961, 33.00385 ], [ -97.267006, 33.003754 ], [ -97.267043, 33.003655 ], [ -97.267073, 33.003555 ], [ -97.267109, 33.003351 ], [ -97.267115, 33.003248 ], [ -97.267113, 33.003145 ], [ -97.267103, 33.003042 ], [ -97.267085, 33.00294 ], [ -97.267062, 33.002847 ], [ -97.267029, 33.00275 ], [ -97.266984, 33.002642 ], [ -97.266936, 33.002548 ] ], [ [ -97.439868, 32.579596 ], [ -97.439776, 32.579639 ], [ -97.43982, 32.579673 ], [ -97.439868, 32.579695 ], [ -97.439932, 32.579704 ], [ -97.440002, 32.579709 ], [ -97.44012, 32.579727 ], [ -97.440189, 32.579749 ], [ -97.440318, 32.579856 ], [ -97.440371, 32.57988 ], [ -97.44043, 32.579889 ], [ -97.440815, 32.579835 ], [ -97.440971, 32.579758 ], [ -97.441008, 32.579731 ], [ -97.441019, 32.579695 ], [ -97.441008, 32.579659 ], [ -97.440903, 32.579417 ], [ -97.440773, 32.579285 ], [ -97.440735, 32.579262 ], [ -97.440682, 32.579253 ], [ -97.440569, 32.579312 ], [ -97.440532, 32.579357 ], [ -97.440484, 32.579393 ], [ -97.440163, 32.579473 ], [ -97.440056, 32.579506 ], [ -97.439954, 32.579546 ], [ -97.439868, 32.579596 ] ], [ [ -97.453877, 32.656419 ], [ -97.453967, 32.656444 ], [ -97.454229, 32.656643 ], [ -97.454319, 32.656698 ], [ -97.454367, 32.656717 ], [ -97.454419, 32.656717 ], [ -97.454463, 32.656702 ], [ -97.454492, 32.65668 ], [ -97.454515, 32.656636 ], [ -97.454567, 32.656426 ], [ -97.454611, 32.656321 ], [ -97.454712, 32.656157 ], [ -97.454856, 32.655951 ], [ -97.454869, 32.65589 ], [ -97.45487, 32.655828 ], [ -97.454812, 32.655715 ], [ -97.454768, 32.655681 ], [ -97.454611, 32.655648 ], [ -97.45453, 32.655651 ], [ -97.454436, 32.655677 ], [ -97.45439, 32.65569 ], [ -97.454326, 32.655737 ], [ -97.454083, 32.656022 ], [ -97.453921, 32.65618 ], [ -97.453768, 32.656289 ], [ -97.453758, 32.656335 ], [ -97.453776, 32.656388 ], [ -97.453811, 32.65641 ], [ -97.453877, 32.656419 ] ], [ [ -97.455251, 32.656582 ], [ -97.455179, 32.656743 ], [ -97.455133, 32.656834 ], [ -97.455142, 32.656948 ], [ -97.455169, 32.657017 ], [ -97.455206, 32.657055 ], [ -97.455296, 32.657078 ], [ -97.455441, 32.657086 ], [ -97.4555, 32.65708 ], [ -97.45554, 32.657076 ], [ -97.455595, 32.657063 ], [ -97.455713, 32.65701 ], [ -97.45584, 32.656926 ], [ -97.455931, 32.656857 ], [ -97.455985, 32.656796 ], [ -97.456003, 32.656751 ], [ -97.456003, 32.656697 ], [ -97.455994, 32.656658 ], [ -97.455931, 32.656574 ], [ -97.455894, 32.656475 ], [ -97.455894, 32.65643 ], [ -97.455958, 32.656368 ], [ -97.455967, 32.656301 ], [ -97.455949, 32.656278 ], [ -97.455912, 32.656261 ], [ -97.455813, 32.656232 ], [ -97.455704, 32.656224 ], [ -97.455641, 32.656224 ], [ -97.45545, 32.656384 ], [ -97.455305, 32.656514 ], [ -97.455251, 32.656582 ] ], [ [ -97.452354, 32.657277 ], [ -97.45226, 32.657342 ], [ -97.45225, 32.65737 ], [ -97.45226, 32.657401 ], [ -97.452288, 32.657409 ], [ -97.45234, 32.657401 ], [ -97.452447, 32.65737 ], [ -97.452549, 32.657384 ], [ -97.45269, 32.657392 ], [ -97.452735, 32.657367 ], [ -97.45278, 32.657311 ], [ -97.452791, 32.656958 ], [ -97.45286, 32.656761 ], [ -97.453013, 32.656608 ], [ -97.453176, 32.656501 ], [ -97.453316, 32.656393 ], [ -97.45332, 32.656348 ], [ -97.453209, 32.656216 ], [ -97.453118, 32.656168 ], [ -97.453044, 32.656166 ], [ -97.453028, 32.656165 ], [ -97.452966, 32.656191 ], [ -97.452943, 32.656224 ], [ -97.452825, 32.656494 ], [ -97.452621, 32.656813 ], [ -97.452475, 32.657128 ], [ -97.452354, 32.657277 ] ], [ [ -97.454907, 32.65836 ], [ -97.454916, 32.658428 ], [ -97.454952, 32.658467 ], [ -97.455088, 32.658451 ], [ -97.455296, 32.658406 ], [ -97.455423, 32.658352 ], [ -97.455487, 32.658284 ], [ -97.455523, 32.658223 ], [ -97.455594, 32.65804 ], [ -97.455604, 32.658009 ], [ -97.455643, 32.657952 ], [ -97.455816, 32.657747 ], [ -97.455849, 32.657642 ], [ -97.455869, 32.657535 ], [ -97.455865, 32.657477 ], [ -97.455844, 32.657421 ], [ -97.455801, 32.657381 ], [ -97.455746, 32.657353 ], [ -97.455677, 32.657349 ], [ -97.455604, 32.657353 ], [ -97.455459, 32.657406 ], [ -97.455396, 32.65746 ], [ -97.455333, 32.657544 ], [ -97.455269, 32.65768 ], [ -97.455233, 32.657719 ], [ -97.455125, 32.65776 ], [ -97.455115, 32.657764 ], [ -97.455088, 32.65778 ], [ -97.455061, 32.657849 ], [ -97.455061, 32.657986 ], [ -97.454979, 32.658146 ], [ -97.454916, 32.658322 ], [ -97.454907, 32.65836 ] ], [ [ -97.454617, 32.65807 ], [ -97.454499, 32.65794 ], [ -97.454446, 32.657937 ], [ -97.454381, 32.657933 ], [ -97.454336, 32.657963 ], [ -97.454408, 32.658146 ], [ -97.454445, 32.658299 ], [ -97.45439, 32.658413 ], [ -97.454309, 32.658543 ], [ -97.454318, 32.658596 ], [ -97.454372, 32.658627 ], [ -97.454445, 32.658611 ], [ -97.45459, 32.658596 ], [ -97.454662, 32.658535 ], [ -97.454653, 32.658406 ], [ -97.454626, 32.658261 ], [ -97.454644, 32.65813 ], [ -97.454617, 32.65807 ] ], [ [ -97.452243, 32.658085 ], [ -97.452152, 32.658093 ], [ -97.451926, 32.658237 ], [ -97.451699, 32.658306 ], [ -97.451609, 32.658389 ], [ -97.451554, 32.658482 ], [ -97.451581, 32.658572 ], [ -97.451663, 32.65865 ], [ -97.451754, 32.658642 ], [ -97.451835, 32.658619 ], [ -97.451944, 32.658558 ], [ -97.452098, 32.658428 ], [ -97.452306, 32.658329 ], [ -97.452352, 32.658237 ], [ -97.452352, 32.658161 ], [ -97.452306, 32.658116 ], [ -97.452243, 32.658085 ] ], [ [ -97.451491, 32.659298 ], [ -97.451609, 32.659184 ], [ -97.451763, 32.659153 ], [ -97.451772, 32.659069 ], [ -97.451754, 32.659057 ], [ -97.451699, 32.659022 ], [ -97.451572, 32.659016 ], [ -97.451436, 32.659084 ], [ -97.451291, 32.659267 ], [ -97.451228, 32.659419 ], [ -97.451228, 32.659534 ], [ -97.451319, 32.659557 ], [ -97.451409, 32.659526 ], [ -97.451491, 32.659298 ] ], [ [ -97.443723, 32.660553 ], [ -97.443806, 32.660483 ], [ -97.443869, 32.660462 ], [ -97.443952, 32.660414 ], [ -97.444056, 32.660213 ], [ -97.444059, 32.660047 ], [ -97.444042, 32.659896 ], [ -97.444049, 32.659804 ], [ -97.444139, 32.659695 ], [ -97.444226, 32.659627 ], [ -97.444413, 32.659426 ], [ -97.444576, 32.659377 ], [ -97.444899, 32.65935 ], [ -97.445086, 32.659322 ], [ -97.445599, 32.659163 ], [ -97.44561, 32.659138 ], [ -97.445603, 32.659111 ], [ -97.445506, 32.659111 ], [ -97.445131, 32.659208 ], [ -97.444528, 32.659312 ], [ -97.444505, 32.659322 ], [ -97.444319, 32.659402 ], [ -97.444174, 32.659492 ], [ -97.443882, 32.659832 ], [ -97.443459, 32.660435 ], [ -97.443341, 32.660657 ], [ -97.443369, 32.660823 ], [ -97.443487, 32.660823 ], [ -97.443612, 32.660795 ], [ -97.443667, 32.660761 ], [ -97.443723, 32.660553 ] ], [ [ -97.45555, 32.660342 ], [ -97.455533, 32.660369 ], [ -97.455533, 32.66041 ], [ -97.45555, 32.660421 ], [ -97.455644, 32.660539 ], [ -97.455828, 32.660598 ], [ -97.455887, 32.660699 ], [ -97.455942, 32.66077 ], [ -97.455998, 32.660812 ], [ -97.456034, 32.660821 ], [ -97.456103, 32.660801 ], [ -97.456139, 32.66077 ], [ -97.456221, 32.660525 ], [ -97.456266, 32.660449 ], [ -97.456275, 32.660381 ], [ -97.456257, 32.660328 ], [ -97.456139, 32.660259 ], [ -97.456076, 32.660227 ], [ -97.455985, 32.660137 ], [ -97.455931, 32.660038 ], [ -97.455894, 32.659984 ], [ -97.45584, 32.659976 ], [ -97.455779, 32.659974 ], [ -97.455734, 32.659981 ], [ -97.455644, 32.660037 ], [ -97.455597, 32.660056 ], [ -97.455578, 32.660064 ], [ -97.455488, 32.660172 ], [ -97.455488, 32.660217 ], [ -97.455498, 32.660245 ], [ -97.455523, 32.660265 ], [ -97.455585, 32.660276 ], [ -97.455668, 32.660276 ], [ -97.4557, 32.66031 ], [ -97.455703, 32.660348 ], [ -97.455686, 32.660369 ], [ -97.455637, 32.660359 ], [ -97.455623, 32.660345 ], [ -97.45555, 32.660342 ] ], [ [ -97.441513, 32.662011 ], [ -97.441555, 32.661879 ], [ -97.441645, 32.661748 ], [ -97.441756, 32.661689 ], [ -97.441971, 32.66154 ], [ -97.442034, 32.661481 ], [ -97.442065, 32.661411 ], [ -97.442092, 32.661372 ], [ -97.442183, 32.661313 ], [ -97.442224, 32.661237 ], [ -97.442259, 32.661192 ], [ -97.442304, 32.661169 ], [ -97.442408, 32.66106 ], [ -97.44258, 32.661051 ], [ -97.442587, 32.661012 ], [ -97.442547, 32.660992 ], [ -97.442248, 32.660992 ], [ -97.442186, 32.660992 ], [ -97.442027, 32.66104 ], [ -97.441923, 32.661096 ], [ -97.44186, 32.661214 ], [ -97.441825, 32.661414 ], [ -97.441777, 32.661519 ], [ -97.441513, 32.661734 ], [ -97.441388, 32.661741 ], [ -97.441241, 32.6617 ], [ -97.441159, 32.661685 ], [ -97.441083, 32.661727 ], [ -97.441035, 32.661796 ], [ -97.441048, 32.661845 ], [ -97.441076, 32.661866 ], [ -97.441185, 32.661872 ], [ -97.441263, 32.661886 ], [ -97.441319, 32.661956 ], [ -97.441354, 32.662032 ], [ -97.441402, 32.662053 ], [ -97.441472, 32.662045 ], [ -97.441513, 32.662011 ] ], [ [ -97.450856, 32.661746 ], [ -97.450812, 32.661758 ], [ -97.450781, 32.661862 ], [ -97.450796, 32.66196 ], [ -97.450874, 32.661999 ], [ -97.451005, 32.661991 ], [ -97.451099, 32.662006 ], [ -97.451129, 32.662011 ], [ -97.451229, 32.662084 ], [ -97.451314, 32.662188 ], [ -97.451384, 32.662219 ], [ -97.451492, 32.662201 ], [ -97.451577, 32.662135 ], [ -97.451739, 32.661952 ], [ -97.451747, 32.661921 ], [ -97.451731, 32.661887 ], [ -97.451561, 32.661797 ], [ -97.451467, 32.661797 ], [ -97.451373, 32.661785 ], [ -97.451165, 32.661778 ], [ -97.451061, 32.661785 ], [ -97.450926, 32.661752 ], [ -97.450856, 32.661746 ] ], [ [ -97.45017, 32.662995 ], [ -97.450139, 32.662903 ], [ -97.450116, 32.662785 ], [ -97.450085, 32.662747 ], [ -97.450017, 32.662765 ], [ -97.449923, 32.662884 ], [ -97.449853, 32.662942 ], [ -97.449714, 32.663001 ], [ -97.449707, 32.663066 ], [ -97.449676, 32.663125 ], [ -97.449707, 32.663176 ], [ -97.449776, 32.663176 ], [ -97.449861, 32.663151 ], [ -97.45, 32.663099 ], [ -97.450124, 32.663105 ], [ -97.450178, 32.66306 ], [ -97.45017, 32.662995 ] ], [ [ -97.448965, 32.662824 ], [ -97.448771, 32.662832 ], [ -97.448625, 32.662871 ], [ -97.44847, 32.662948 ], [ -97.448269, 32.663209 ], [ -97.448284, 32.663274 ], [ -97.448377, 32.663261 ], [ -97.448462, 32.663196 ], [ -97.448501, 32.663117 ], [ -97.44857, 32.66304 ], [ -97.448679, 32.662982 ], [ -97.448841, 32.662962 ], [ -97.448972, 32.662936 ], [ -97.449173, 32.662884 ], [ -97.44926, 32.662866 ], [ -97.449277, 32.662852 ], [ -97.449281, 32.662832 ], [ -97.449243, 32.662812 ], [ -97.449149, 32.662807 ], [ -97.448965, 32.662824 ] ], [ [ -97.439429, 32.663649 ], [ -97.439458, 32.663674 ], [ -97.439524, 32.663713 ], [ -97.439566, 32.663749 ], [ -97.43958, 32.663793 ], [ -97.439585, 32.663829 ], [ -97.439646, 32.66384 ], [ -97.439779, 32.663888 ], [ -97.43984, 32.663896 ], [ -97.439915, 32.663871 ], [ -97.439915, 32.663832 ], [ -97.439939, 32.663745 ], [ -97.439991, 32.663654 ], [ -97.440081, 32.663455 ], [ -97.440085, 32.663423 ], [ -97.440071, 32.663407 ], [ -97.440029, 32.663396 ], [ -97.439939, 32.663415 ], [ -97.439783, 32.663415 ], [ -97.439543, 32.663336 ], [ -97.439477, 32.663348 ], [ -97.439462, 32.663368 ], [ -97.439401, 32.663415 ], [ -97.439401, 32.663483 ], [ -97.439429, 32.663614 ], [ -97.439429, 32.663649 ] ], [ [ -97.439995, 32.66581 ], [ -97.440034, 32.665774 ], [ -97.440165, 32.665566 ], [ -97.440197, 32.665456 ], [ -97.440197, 32.665279 ], [ -97.440206, 32.665227 ], [ -97.440348, 32.664983 ], [ -97.440362, 32.664907 ], [ -97.440362, 32.664628 ], [ -97.440394, 32.664568 ], [ -97.440554, 32.664426 ], [ -97.440646, 32.664364 ], [ -97.440841, 32.664291 ], [ -97.440928, 32.664232 ], [ -97.440985, 32.664161 ], [ -97.441017, 32.664062 ], [ -97.44102, 32.663981 ], [ -97.441006, 32.663902 ], [ -97.440956, 32.663775 ], [ -97.44079, 32.663445 ], [ -97.440761, 32.663342 ], [ -97.440763, 32.663252 ], [ -97.440777, 32.663167 ], [ -97.440844, 32.662922 ], [ -97.440843, 32.662857 ], [ -97.44083, 32.66282 ], [ -97.440818, 32.662788 ], [ -97.440786, 32.662757 ], [ -97.440747, 32.66274 ], [ -97.440715, 32.662743 ], [ -97.44069, 32.662757 ], [ -97.440676, 32.662796 ], [ -97.44068, 32.662832 ], [ -97.440719, 32.662928 ], [ -97.440697, 32.663072 ], [ -97.440655, 32.663172 ], [ -97.440602, 32.663257 ], [ -97.440426, 32.66346 ], [ -97.440376, 32.663564 ], [ -97.440302, 32.663818 ], [ -97.440252, 32.66389 ], [ -97.440174, 32.663964 ], [ -97.440128, 32.664046 ], [ -97.440092, 32.664146 ], [ -97.440075, 32.664312 ], [ -97.440112, 32.664647 ], [ -97.440115, 32.664786 ], [ -97.440094, 32.664945 ], [ -97.439987, 32.665394 ], [ -97.43986, 32.665708 ], [ -97.43986, 32.665757 ], [ -97.439874, 32.665788 ], [ -97.439899, 32.66581 ], [ -97.439952, 32.665818 ], [ -97.439995, 32.66581 ] ], [ [ -97.48176, 32.67675 ], [ -97.482024, 32.676841 ], [ -97.482269, 32.676848 ], [ -97.482451, 32.676796 ], [ -97.48276, 32.676841 ], [ -97.482961, 32.676811 ], [ -97.483024, 32.676788 ], [ -97.48307, 32.676741 ], [ -97.483061, 32.676688 ], [ -97.482879, 32.676451 ], [ -97.482879, 32.676397 ], [ -97.482924, 32.676336 ], [ -97.483013, 32.676281 ], [ -97.483233, 32.676145 ], [ -97.48337, 32.676045 ], [ -97.483397, 32.675976 ], [ -97.483388, 32.675877 ], [ -97.483333, 32.675762 ], [ -97.48327, 32.675685 ], [ -97.483179, 32.675655 ], [ -97.483015, 32.675716 ], [ -97.482515, 32.675891 ], [ -97.48236, 32.675907 ], [ -97.482242, 32.675961 ], [ -97.481833, 32.675969 ], [ -97.481751, 32.675998 ], [ -97.48156, 32.676237 ], [ -97.481432, 32.676465 ], [ -97.481423, 32.676574 ], [ -97.481441, 32.676627 ], [ -97.48156, 32.676688 ], [ -97.48176, 32.67675 ] ], [ [ -97.433617, 32.689375 ], [ -97.43355, 32.689318 ], [ -97.433454, 32.689285 ], [ -97.433342, 32.689275 ], [ -97.433325, 32.689318 ], [ -97.433319, 32.68936 ], [ -97.433353, 32.689431 ], [ -97.433392, 32.689479 ], [ -97.433432, 32.689487 ], [ -97.433488, 32.689549 ], [ -97.433488, 32.689611 ], [ -97.433527, 32.689653 ], [ -97.433578, 32.689635 ], [ -97.433619, 32.689608 ], [ -97.433657, 32.689583 ], [ -97.433679, 32.689487 ], [ -97.433617, 32.689375 ] ], [ [ -97.53604, 32.691528 ], [ -97.535881, 32.691524 ], [ -97.535863, 32.691539 ], [ -97.535853, 32.691605 ], [ -97.535888, 32.691677 ], [ -97.536019, 32.691788 ], [ -97.53603, 32.691823 ], [ -97.536092, 32.691975 ], [ -97.536148, 32.691992 ], [ -97.536248, 32.691996 ], [ -97.536443, 32.691982 ], [ -97.536734, 32.691944 ], [ -97.536869, 32.691899 ], [ -97.536977, 32.691896 ], [ -97.537121, 32.691927 ], [ -97.537157, 32.691913 ], [ -97.537161, 32.691851 ], [ -97.537129, 32.691837 ], [ -97.536928, 32.691823 ], [ -97.536755, 32.691785 ], [ -97.536547, 32.691688 ], [ -97.536366, 32.691591 ], [ -97.536224, 32.691553 ], [ -97.53604, 32.691528 ] ], [ [ -97.542861, 32.693275 ], [ -97.542767, 32.693331 ], [ -97.54274, 32.693368 ], [ -97.542709, 32.69345 ], [ -97.542719, 32.693573 ], [ -97.542733, 32.693604 ], [ -97.542771, 32.693646 ], [ -97.542899, 32.693737 ], [ -97.543052, 32.693789 ], [ -97.543163, 32.693879 ], [ -97.543187, 32.693889 ], [ -97.543257, 32.693893 ], [ -97.54344, 32.693924 ], [ -97.543669, 32.693997 ], [ -97.543704, 32.693986 ], [ -97.543689, 32.693959 ], [ -97.543617, 32.69392 ], [ -97.543576, 32.693886 ], [ -97.543402, 32.693813 ], [ -97.543322, 32.693768 ], [ -97.543232, 32.693393 ], [ -97.543201, 32.693295 ], [ -97.543163, 32.693258 ], [ -97.543125, 32.693233 ], [ -97.543055, 32.693224 ], [ -97.542861, 32.693275 ] ], [ [ -97.530883, 32.702682 ], [ -97.530987, 32.702627 ], [ -97.531098, 32.702595 ], [ -97.531209, 32.702578 ], [ -97.531316, 32.702543 ], [ -97.531342, 32.702539 ], [ -97.531372, 32.702523 ], [ -97.531379, 32.702491 ], [ -97.531361, 32.70246 ], [ -97.531316, 32.702433 ], [ -97.531309, 32.702408 ], [ -97.53132, 32.702381 ], [ -97.531372, 32.702356 ], [ -97.5314, 32.702303 ], [ -97.531394, 32.702123 ], [ -97.531379, 32.7021 ], [ -97.531355, 32.702109 ], [ -97.531289, 32.70228 ], [ -97.53125, 32.702303 ], [ -97.53115, 32.702315 ], [ -97.531001, 32.702308 ], [ -97.530786, 32.70237 ], [ -97.53063, 32.702398 ], [ -97.530553, 32.702443 ], [ -97.530498, 32.702547 ], [ -97.530449, 32.702585 ], [ -97.530324, 32.70262 ], [ -97.530172, 32.702637 ], [ -97.530081, 32.702602 ], [ -97.530005, 32.702589 ], [ -97.52996, 32.702609 ], [ -97.529915, 32.702692 ], [ -97.529853, 32.702755 ], [ -97.529839, 32.702803 ], [ -97.529849, 32.702824 ], [ -97.529877, 32.702838 ], [ -97.529944, 32.702846 ], [ -97.530487, 32.702907 ], [ -97.530567, 32.70288 ], [ -97.530602, 32.702855 ], [ -97.530668, 32.702779 ], [ -97.530779, 32.702713 ], [ -97.530883, 32.702682 ] ], [ [ -97.536208, 32.704498 ], [ -97.536166, 32.704501 ], [ -97.536149, 32.704518 ], [ -97.536132, 32.70456 ], [ -97.536115, 32.70488 ], [ -97.536111, 32.705184 ], [ -97.536125, 32.705209 ], [ -97.536149, 32.705222 ], [ -97.536239, 32.705212 ], [ -97.536371, 32.705164 ], [ -97.536496, 32.705132 ], [ -97.536645, 32.705073 ], [ -97.536836, 32.705035 ], [ -97.536985, 32.705011 ], [ -97.536988, 32.704987 ], [ -97.536926, 32.7048 ], [ -97.536909, 32.704689 ], [ -97.536923, 32.704526 ], [ -97.536898, 32.704425 ], [ -97.536881, 32.704408 ], [ -97.536822, 32.704397 ], [ -97.536791, 32.704411 ], [ -97.536576, 32.704563 ], [ -97.536534, 32.704585 ], [ -97.536444, 32.704591 ], [ -97.536361, 32.704571 ], [ -97.536208, 32.704498 ] ], [ [ -97.547288, 32.704625 ], [ -97.547319, 32.70469 ], [ -97.547344, 32.704805 ], [ -97.547349, 32.704873 ], [ -97.547347, 32.705072 ], [ -97.547274, 32.705235 ], [ -97.547189, 32.705398 ], [ -97.54727, 32.705528 ], [ -97.547365, 32.705616 ], [ -97.547429, 32.705696 ], [ -97.547455, 32.705706 ], [ -97.547706, 32.705813 ], [ -97.547803, 32.705838 ], [ -97.547852, 32.705831 ], [ -97.547873, 32.7058 ], [ -97.54788, 32.705706 ], [ -97.547838, 32.705568 ], [ -97.547852, 32.705185 ], [ -97.547791, 32.704923 ], [ -97.547756, 32.704822 ], [ -97.547545, 32.7045 ], [ -97.547468, 32.704358 ], [ -97.547451, 32.704271 ], [ -97.547455, 32.704084 ], [ -97.547437, 32.704056 ], [ -97.547382, 32.704062 ], [ -97.547323, 32.704129 ], [ -97.54724, 32.704143 ], [ -97.547191, 32.704164 ], [ -97.547149, 32.704313 ], [ -97.547149, 32.70441 ], [ -97.54716, 32.704455 ], [ -97.547288, 32.704625 ] ], [ [ -97.525846, 32.70715 ], [ -97.525787, 32.707299 ], [ -97.525759, 32.707335 ], [ -97.525676, 32.707448 ], [ -97.525603, 32.707513 ], [ -97.525478, 32.707565 ], [ -97.52544, 32.707572 ], [ -97.525424, 32.707603 ], [ -97.525426, 32.707621 ], [ -97.525454, 32.707645 ], [ -97.525974, 32.707867 ], [ -97.526206, 32.707954 ], [ -97.526286, 32.707954 ], [ -97.526351, 32.707935 ], [ -97.526373, 32.707922 ], [ -97.526397, 32.70785 ], [ -97.526383, 32.707773 ], [ -97.526352, 32.707732 ], [ -97.526293, 32.70768 ], [ -97.526255, 32.707614 ], [ -97.526234, 32.707527 ], [ -97.526237, 32.70743 ], [ -97.526276, 32.707107 ], [ -97.526258, 32.707048 ], [ -97.52621, 32.706972 ], [ -97.526126, 32.706916 ], [ -97.526088, 32.706876 ], [ -97.526071, 32.706831 ], [ -97.526064, 32.70655 ], [ -97.526054, 32.706498 ], [ -97.526036, 32.706477 ], [ -97.526009, 32.706474 ], [ -97.52597, 32.706477 ], [ -97.525953, 32.706491 ], [ -97.525936, 32.706529 ], [ -97.525929, 32.706626 ], [ -97.525846, 32.70715 ] ], [ [ -97.525113, 32.71555 ], [ -97.525161, 32.715598 ], [ -97.525203, 32.715604 ], [ -97.525255, 32.715595 ], [ -97.525276, 32.715578 ], [ -97.5253, 32.715539 ], [ -97.525328, 32.715463 ], [ -97.525349, 32.715442 ], [ -97.52539, 32.715439 ], [ -97.525595, 32.715505 ], [ -97.525654, 32.715505 ], [ -97.525883, 32.71546 ], [ -97.525935, 32.715437 ], [ -97.525977, 32.715418 ], [ -97.52599, 32.715397 ], [ -97.525994, 32.715356 ], [ -97.525987, 32.715338 ], [ -97.525942, 32.715311 ], [ -97.525928, 32.71529 ], [ -97.525925, 32.715259 ], [ -97.525945, 32.715203 ], [ -97.525945, 32.715151 ], [ -97.525921, 32.715106 ], [ -97.525727, 32.714838 ], [ -97.525654, 32.714683 ], [ -97.525623, 32.714596 ], [ -97.525602, 32.714565 ], [ -97.525578, 32.714559 ], [ -97.525546, 32.714576 ], [ -97.525474, 32.714593 ], [ -97.525408, 32.714627 ], [ -97.525318, 32.714728 ], [ -97.52521, 32.71477 ], [ -97.525015, 32.714891 ], [ -97.524985, 32.714902 ], [ -97.524964, 32.714947 ], [ -97.524988, 32.715016 ], [ -97.525154, 32.715172 ], [ -97.525172, 32.715238 ], [ -97.525172, 32.715273 ], [ -97.525106, 32.71548 ], [ -97.525113, 32.71555 ] ], [ [ -97.504197, 32.723464 ], [ -97.504176, 32.723502 ], [ -97.504173, 32.723536 ], [ -97.504205, 32.72376 ], [ -97.504213, 32.723844 ], [ -97.504224, 32.723889 ], [ -97.504258, 32.723934 ], [ -97.504327, 32.723992 ], [ -97.504378, 32.724021 ], [ -97.504414, 32.724029 ], [ -97.504445, 32.72403 ], [ -97.504559, 32.724013 ], [ -97.504673, 32.723985 ], [ -97.504751, 32.723958 ], [ -97.504775, 32.7239 ], [ -97.504763, 32.723763 ], [ -97.504702, 32.723495 ], [ -97.504678, 32.723447 ], [ -97.504649, 32.723414 ], [ -97.504621, 32.723401 ], [ -97.504588, 32.723397 ], [ -97.504543, 32.723397 ], [ -97.504327, 32.723458 ], [ -97.504226, 32.723455 ], [ -97.504197, 32.723464 ] ], [ [ -97.53612, 32.725667 ], [ -97.536124, 32.725685 ], [ -97.536149, 32.725709 ], [ -97.536227, 32.725698 ], [ -97.536391, 32.725636 ], [ -97.536424, 32.725614 ], [ -97.536473, 32.725591 ], [ -97.536634, 32.725581 ], [ -97.536678, 32.725597 ], [ -97.536756, 32.725647 ], [ -97.536797, 32.725659 ], [ -97.536867, 32.725667 ], [ -97.537235, 32.725465 ], [ -97.537464, 32.725293 ], [ -97.537472, 32.725234 ], [ -97.537472, 32.725158 ], [ -97.537435, 32.725096 ], [ -97.537406, 32.725079 ], [ -97.535247, 32.725088 ], [ -97.535231, 32.725102 ], [ -97.535237, 32.725122 ], [ -97.535267, 32.725138 ], [ -97.535294, 32.725147 ], [ -97.535359, 32.725183 ], [ -97.535392, 32.725183 ], [ -97.535421, 32.725192 ], [ -97.535469, 32.725226 ], [ -97.535482, 32.725242 ], [ -97.53549, 32.725273 ], [ -97.535503, 32.72529 ], [ -97.535525, 32.725296 ], [ -97.53568, 32.725293 ], [ -97.535832, 32.725296 ], [ -97.535993, 32.725316 ], [ -97.536009, 32.725327 ], [ -97.536017, 32.725349 ], [ -97.536009, 32.725369 ], [ -97.535995, 32.725454 ], [ -97.535998, 32.725474 ], [ -97.536013, 32.725487 ], [ -97.536035, 32.725492 ], [ -97.536066, 32.72549 ], [ -97.536149, 32.725474 ], [ -97.536231, 32.725462 ], [ -97.536264, 32.725468 ], [ -97.53628, 32.725481 ], [ -97.53628, 32.725512 ], [ -97.536149, 32.725583 ], [ -97.536128, 32.725626 ], [ -97.53612, 32.725667 ] ], [ [ -97.508913, 32.72908 ], [ -97.509065, 32.729215 ], [ -97.509163, 32.729284 ], [ -97.509298, 32.729399 ], [ -97.509339, 32.729422 ], [ -97.509378, 32.729427 ], [ -97.509402, 32.729419 ], [ -97.509447, 32.729422 ], [ -97.509523, 32.729453 ], [ -97.509541, 32.729481 ], [ -97.509506, 32.729571 ], [ -97.509521, 32.729593 ], [ -97.509561, 32.729585 ], [ -97.509579, 32.729576 ], [ -97.509593, 32.729509 ], [ -97.509482, 32.729208 ], [ -97.509229, 32.728907 ], [ -97.509197, 32.728868 ], [ -97.509188, 32.72885 ], [ -97.509149, 32.728771 ], [ -97.509097, 32.72873 ], [ -97.509058, 32.728673 ], [ -97.509027, 32.728574 ], [ -97.509027, 32.728476 ], [ -97.509048, 32.728352 ], [ -97.509023, 32.728316 ], [ -97.508951, 32.728254 ], [ -97.508871, 32.728234 ], [ -97.508823, 32.728251 ], [ -97.508632, 32.728372 ], [ -97.508368, 32.728493 ], [ -97.508351, 32.728518 ], [ -97.508344, 32.728595 ], [ -97.508365, 32.728633 ], [ -97.508438, 32.728671 ], [ -97.508497, 32.72873 ], [ -97.508528, 32.728785 ], [ -97.508566, 32.729087 ], [ -97.508576, 32.729115 ], [ -97.508604, 32.729132 ], [ -97.508632, 32.729125 ], [ -97.508644, 32.729092 ], [ -97.508831, 32.729006 ], [ -97.508843, 32.729024 ], [ -97.508884, 32.729056 ], [ -97.508913, 32.72908 ] ], [ [ -97.535818, 32.733233 ], [ -97.535773, 32.733375 ], [ -97.535763, 32.733448 ], [ -97.535818, 32.733576 ], [ -97.535894, 32.733666 ], [ -97.535998, 32.733742 ], [ -97.536099, 32.733798 ], [ -97.536151, 32.733811 ], [ -97.536307, 32.733835 ], [ -97.53655, 32.733829 ], [ -97.536914, 32.733843 ], [ -97.53715, 32.733829 ], [ -97.53723, 32.733812 ], [ -97.537393, 32.733745 ], [ -97.537571, 32.733617 ], [ -97.53762, 32.733527 ], [ -97.537623, 32.733482 ], [ -97.537606, 32.733455 ], [ -97.537454, 32.733378 ], [ -97.537318, 32.733344 ], [ -97.537263, 32.733316 ], [ -97.537186, 32.733252 ], [ -97.53705, 32.733122 ], [ -97.536992, 32.733066 ], [ -97.53684, 32.732962 ], [ -97.536479, 32.732802 ], [ -97.536389, 32.732788 ], [ -97.536201, 32.732796 ], [ -97.536111, 32.732824 ], [ -97.535965, 32.732982 ], [ -97.535818, 32.733233 ] ], [ [ -97.513514, 32.734454 ], [ -97.513556, 32.734538 ], [ -97.513655, 32.734586 ], [ -97.513681, 32.734594 ], [ -97.513702, 32.734575 ], [ -97.513715, 32.734426 ], [ -97.51375, 32.734399 ], [ -97.513937, 32.734381 ], [ -97.514035, 32.734381 ], [ -97.514179, 32.73444 ], [ -97.514237, 32.734448 ], [ -97.514331, 32.73444 ], [ -97.514491, 32.734378 ], [ -97.514623, 32.734302 ], [ -97.514689, 32.734285 ], [ -97.514702, 32.734267 ], [ -97.514701, 32.734226 ], [ -97.51469, 32.734209 ], [ -97.514596, 32.734198 ], [ -97.514576, 32.734184 ], [ -97.51459, 32.734164 ], [ -97.514642, 32.734146 ], [ -97.514642, 32.734094 ], [ -97.514565, 32.734035 ], [ -97.514444, 32.733977 ], [ -97.514326, 32.733973 ], [ -97.514177, 32.733956 ], [ -97.51401, 32.733983 ], [ -97.513924, 32.734008 ], [ -97.513868, 32.734056 ], [ -97.513847, 32.734101 ], [ -97.513781, 32.734136 ], [ -97.513556, 32.734233 ], [ -97.513521, 32.734302 ], [ -97.513507, 32.734409 ], [ -97.513514, 32.734454 ] ], [ [ -97.491336, 32.735861 ], [ -97.491259, 32.73595 ], [ -97.491279, 32.73599 ], [ -97.491371, 32.736007 ], [ -97.492574, 32.736056 ], [ -97.492669, 32.736079 ], [ -97.492723, 32.736122 ], [ -97.49282, 32.736297 ], [ -97.492901, 32.736449 ], [ -97.492958, 32.7365 ], [ -97.493044, 32.736506 ], [ -97.493147, 32.736443 ], [ -97.493173, 32.736394 ], [ -97.493184, 32.73632 ], [ -97.493187, 32.736177 ], [ -97.493147, 32.73595 ], [ -97.493098, 32.735781 ], [ -97.493001, 32.735606 ], [ -97.492935, 32.735394 ], [ -97.492869, 32.735323 ], [ -97.49278, 32.735288 ], [ -97.492648, 32.735274 ], [ -97.492471, 32.735417 ], [ -97.492342, 32.73548 ], [ -97.492182, 32.735549 ], [ -97.491918, 32.735624 ], [ -97.491631, 32.735718 ], [ -97.491336, 32.735861 ] ], [ [ -97.499552, 32.739624 ], [ -97.499548, 32.739645 ], [ -97.499569, 32.739651 ], [ -97.499687, 32.739628 ], [ -97.499772, 32.739523 ], [ -97.49981, 32.73939 ], [ -97.499822, 32.739314 ], [ -97.499809, 32.739272 ], [ -97.499772, 32.739229 ], [ -97.499768, 32.739161 ], [ -97.499826, 32.739109 ], [ -97.49988, 32.739089 ], [ -97.499921, 32.739055 ], [ -97.499968, 32.738979 ], [ -97.499968, 32.738931 ], [ -97.499955, 32.738894 ], [ -97.499941, 32.738802 ], [ -97.499904, 32.738677 ], [ -97.499866, 32.73866 ], [ -97.499721, 32.738633 ], [ -97.499606, 32.738653 ], [ -97.499535, 32.738721 ], [ -97.499504, 32.738782 ], [ -97.499467, 32.738962 ], [ -97.499449, 32.739005 ], [ -97.499406, 32.739038 ], [ -97.499372, 32.739063 ], [ -97.499325, 32.739103 ], [ -97.499311, 32.739205 ], [ -97.499331, 32.739255 ], [ -97.499406, 32.7393 ], [ -97.499413, 32.739272 ], [ -97.499409, 32.739195 ], [ -97.49943, 32.739171 ], [ -97.499514, 32.739161 ], [ -97.499538, 32.739168 ], [ -97.499592, 32.739286 ], [ -97.499663, 32.739358 ], [ -97.499687, 32.739424 ], [ -97.499684, 32.73949 ], [ -97.499653, 32.739544 ], [ -97.499552, 32.739624 ] ], [ [ -97.520832, 32.744315 ], [ -97.520947, 32.744266 ], [ -97.521048, 32.744138 ], [ -97.521086, 32.744138 ], [ -97.521124, 32.744145 ], [ -97.521135, 32.744096 ], [ -97.521117, 32.744051 ], [ -97.521121, 32.743951 ], [ -97.521166, 32.743798 ], [ -97.521155, 32.74362 ], [ -97.521107, 32.743426 ], [ -97.52111, 32.743358 ], [ -97.521138, 32.743254 ], [ -97.52119, 32.743094 ], [ -97.521273, 32.742998 ], [ -97.52135, 32.742946 ], [ -97.521367, 32.742866 ], [ -97.521339, 32.74279 ], [ -97.521308, 32.742762 ], [ -97.521145, 32.742717 ], [ -97.520829, 32.742699 ], [ -97.520689, 32.742713 ], [ -97.520599, 32.742741 ], [ -97.520519, 32.74279 ], [ -97.520491, 32.742828 ], [ -97.520481, 32.742876 ], [ -97.520517, 32.742973 ], [ -97.520536, 32.743001 ], [ -97.52056, 32.743133 ], [ -97.520547, 32.743251 ], [ -97.520567, 32.743274 ], [ -97.520564, 32.743342 ], [ -97.520574, 32.743358 ], [ -97.520595, 32.743364 ], [ -97.520654, 32.743333 ], [ -97.520692, 32.743327 ], [ -97.520741, 32.743347 ], [ -97.520782, 32.743347 ], [ -97.520803, 32.743358 ], [ -97.520796, 32.743454 ], [ -97.520755, 32.743555 ], [ -97.520769, 32.743639 ], [ -97.520753, 32.743673 ], [ -97.520725, 32.743701 ], [ -97.520659, 32.743746 ], [ -97.520651, 32.743769 ], [ -97.52067, 32.743783 ], [ -97.520701, 32.743774 ], [ -97.520744, 32.743781 ], [ -97.520737, 32.743803 ], [ -97.520652, 32.743826 ], [ -97.520652, 32.743847 ], [ -97.520854, 32.743809 ], [ -97.520895, 32.743767 ], [ -97.520909, 32.743687 ], [ -97.520909, 32.743597 ], [ -97.52093, 32.74358 ], [ -97.520968, 32.74358 ], [ -97.52098, 32.743597 ], [ -97.521003, 32.743693 ], [ -97.521034, 32.743738 ], [ -97.521034, 32.743795 ], [ -97.520919, 32.744093 ], [ -97.520871, 32.744138 ], [ -97.520802, 32.744162 ], [ -97.520753, 32.744152 ], [ -97.520715, 32.744134 ], [ -97.520566, 32.744141 ], [ -97.520503, 32.744155 ], [ -97.520482, 32.744176 ], [ -97.520482, 32.744225 ], [ -97.5205, 32.744325 ], [ -97.520524, 32.744352 ], [ -97.520625, 32.744374 ], [ -97.520832, 32.744315 ] ], [ [ -97.535889, 32.746783 ], [ -97.535921, 32.746747 ], [ -97.535969, 32.74673 ], [ -97.535993, 32.74673 ], [ -97.536073, 32.746783 ], [ -97.536122, 32.7468 ], [ -97.536143, 32.746786 ], [ -97.536149, 32.746741 ], [ -97.536177, 32.74673 ], [ -97.536243, 32.746735 ], [ -97.536274, 32.746747 ], [ -97.536458, 32.746747 ], [ -97.536548, 32.746772 ], [ -97.536663, 32.746828 ], [ -97.53668, 32.746851 ], [ -97.536752, 32.746893 ], [ -97.536791, 32.746879 ], [ -97.536746, 32.746817 ], [ -97.536729, 32.746766 ], [ -97.536708, 32.746741 ], [ -97.536476, 32.746662 ], [ -97.536417, 32.746654 ], [ -97.536333, 32.746623 ], [ -97.536247, 32.746606 ], [ -97.536174, 32.746575 ], [ -97.53617, 32.746544 ], [ -97.536215, 32.746485 ], [ -97.536309, 32.746332 ], [ -97.536368, 32.746267 ], [ -97.536437, 32.746208 ], [ -97.536562, 32.746062 ], [ -97.536552, 32.746017 ], [ -97.536392, 32.745967 ], [ -97.536274, 32.745979 ], [ -97.536226, 32.745979 ], [ -97.536004, 32.746026 ], [ -97.535931, 32.746066 ], [ -97.535903, 32.746069 ], [ -97.535872, 32.746052 ], [ -97.535841, 32.746052 ], [ -97.535823, 32.746104 ], [ -97.535848, 32.746218 ], [ -97.535917, 32.746346 ], [ -97.535917, 32.746371 ], [ -97.535886, 32.746416 ], [ -97.535882, 32.746474 ], [ -97.535896, 32.746509 ], [ -97.535896, 32.746558 ], [ -97.535869, 32.746626 ], [ -97.53582, 32.746654 ], [ -97.535799, 32.746735 ], [ -97.535782, 32.746755 ], [ -97.535726, 32.746896 ], [ -97.535744, 32.746929 ], [ -97.53585, 32.746954 ], [ -97.535872, 32.746955 ], [ -97.535896, 32.746946 ], [ -97.535879, 32.746811 ], [ -97.535889, 32.746783 ] ], [ [ -97.53738, 32.747631 ], [ -97.537568, 32.747638 ], [ -97.537835, 32.747718 ], [ -97.537862, 32.747711 ], [ -97.537904, 32.747659 ], [ -97.537953, 32.747642 ], [ -97.537998, 32.747638 ], [ -97.538053, 32.747659 ], [ -97.538109, 32.747721 ], [ -97.538137, 32.74777 ], [ -97.538171, 32.747808 ], [ -97.538216, 32.747822 ], [ -97.538252, 32.747805 ], [ -97.538265, 32.747721 ], [ -97.538272, 32.747628 ], [ -97.538241, 32.747486 ], [ -97.538189, 32.747405 ], [ -97.53813, 32.747402 ], [ -97.538053, 32.747467 ], [ -97.537994, 32.747481 ], [ -97.537949, 32.747472 ], [ -97.537925, 32.747434 ], [ -97.537901, 32.747354 ], [ -97.537849, 32.747312 ], [ -97.537783, 32.747287 ], [ -97.537677, 32.747315 ], [ -97.537491, 32.747394 ], [ -97.537332, 32.747489 ], [ -97.537314, 32.74751 ], [ -97.537304, 32.747541 ], [ -97.537307, 32.74759 ], [ -97.537328, 32.74761 ], [ -97.53738, 32.747631 ] ], [ [ -97.526707, 32.749203 ], [ -97.52661, 32.749215 ], [ -97.526364, 32.749299 ], [ -97.526313, 32.749313 ], [ -97.526301, 32.749338 ], [ -97.52634, 32.749518 ], [ -97.526364, 32.749556 ], [ -97.526468, 32.749646 ], [ -97.526551, 32.749695 ], [ -97.526596, 32.749712 ], [ -97.526718, 32.749736 ], [ -97.526791, 32.749791 ], [ -97.526804, 32.749771 ], [ -97.526801, 32.749743 ], [ -97.526838, 32.749733 ], [ -97.52686, 32.749733 ], [ -97.526865, 32.749701 ], [ -97.526763, 32.749657 ], [ -97.526731, 32.749629 ], [ -97.526718, 32.749605 ], [ -97.526738, 32.749542 ], [ -97.526808, 32.749418 ], [ -97.526818, 32.749333 ], [ -97.526801, 32.749229 ], [ -97.526756, 32.749206 ], [ -97.526707, 32.749203 ] ], [ [ -97.485476, 32.749088 ], [ -97.485436, 32.749093 ], [ -97.485331, 32.749139 ], [ -97.485274, 32.749198 ], [ -97.485186, 32.749288 ], [ -97.485053, 32.749404 ], [ -97.48504, 32.74944 ], [ -97.485043, 32.749478 ], [ -97.485067, 32.749505 ], [ -97.485216, 32.749539 ], [ -97.485256, 32.749533 ], [ -97.485321, 32.749488 ], [ -97.485396, 32.74948 ], [ -97.4855, 32.749465 ], [ -97.485524, 32.749448 ], [ -97.485541, 32.74939 ], [ -97.485564, 32.749215 ], [ -97.485476, 32.749088 ] ], [ [ -97.517268, 32.758657 ], [ -97.517474, 32.758788 ], [ -97.517528, 32.758834 ], [ -97.51757, 32.758834 ], [ -97.517594, 32.758794 ], [ -97.51766, 32.758602 ], [ -97.517713, 32.758507 ], [ -97.517803, 32.758429 ], [ -97.517911, 32.758369 ], [ -97.518, 32.758286 ], [ -97.518024, 32.758232 ], [ -97.518084, 32.758159 ], [ -97.51815, 32.758119 ], [ -97.51818, 32.758052 ], [ -97.518186, 32.757981 ], [ -97.518126, 32.757975 ], [ -97.518048, 32.757987 ], [ -97.517971, 32.758023 ], [ -97.517869, 32.758124 ], [ -97.517773, 32.75819 ], [ -97.517708, 32.75822 ], [ -97.517648, 32.758214 ], [ -97.517552, 32.758136 ], [ -97.517423, 32.757939 ], [ -97.517373, 32.757844 ], [ -97.517355, 32.757765 ], [ -97.517325, 32.757706 ], [ -97.517271, 32.757658 ], [ -97.517211, 32.757641 ], [ -97.517152, 32.757658 ], [ -97.517128, 32.757688 ], [ -97.51711, 32.757759 ], [ -97.517128, 32.757862 ], [ -97.517128, 32.757947 ], [ -97.517146, 32.758059 ], [ -97.517181, 32.758178 ], [ -97.517062, 32.758477 ], [ -97.51714, 32.758567 ], [ -97.517202, 32.758615 ], [ -97.517268, 32.758657 ] ], [ [ -97.512988, 32.762251 ], [ -97.512955, 32.762282 ], [ -97.51296, 32.762347 ], [ -97.512962, 32.762382 ], [ -97.512977, 32.762454 ], [ -97.51301, 32.762518 ], [ -97.51301, 32.762641 ], [ -97.513025, 32.762675 ], [ -97.513066, 32.76269 ], [ -97.513118, 32.76269 ], [ -97.513174, 32.762681 ], [ -97.513233, 32.762662 ], [ -97.513296, 32.762628 ], [ -97.513363, 32.762577 ], [ -97.513433, 32.762507 ], [ -97.5135, 32.762419 ], [ -97.5135, 32.762397 ], [ -97.513467, 32.762376 ], [ -97.513407, 32.76236 ], [ -97.513322, 32.762347 ], [ -97.513218, 32.762273 ], [ -97.513136, 32.76222 ], [ -97.513111, 32.762213 ], [ -97.513073, 32.762217 ], [ -97.513025, 32.762231 ], [ -97.512988, 32.762251 ] ], [ [ -97.502995, 32.763663 ], [ -97.502982, 32.763807 ], [ -97.502974, 32.763893 ], [ -97.502942, 32.76437 ], [ -97.502937, 32.764511 ], [ -97.502954, 32.76458 ], [ -97.502974, 32.764747 ], [ -97.502999, 32.764761 ], [ -97.503027, 32.764764 ], [ -97.503256, 32.764699 ], [ -97.503358, 32.764659 ], [ -97.503619, 32.764566 ], [ -97.503685, 32.764535 ], [ -97.503754, 32.764508 ], [ -97.503828, 32.764463 ], [ -97.503848, 32.764432 ], [ -97.503848, 32.764373 ], [ -97.50384, 32.764322 ], [ -97.503803, 32.764249 ], [ -97.503717, 32.764134 ], [ -97.503636, 32.764044 ], [ -97.503575, 32.76401 ], [ -97.503534, 32.763965 ], [ -97.503489, 32.763945 ], [ -97.503391, 32.76389 ], [ -97.503325, 32.763841 ], [ -97.503301, 32.763804 ], [ -97.50326, 32.763787 ], [ -97.503195, 32.763787 ], [ -97.503182, 32.763765 ], [ -97.503182, 32.763638 ], [ -97.503166, 32.763621 ], [ -97.503133, 32.763602 ], [ -97.50304, 32.763619 ], [ -97.502995, 32.763663 ] ], [ [ -97.491477, 32.776052 ], [ -97.491536, 32.776187 ], [ -97.49155, 32.776268 ], [ -97.491587, 32.776367 ], [ -97.491614, 32.776387 ], [ -97.491651, 32.77638 ], [ -97.491922, 32.776349 ], [ -97.492014, 32.776334 ], [ -97.492092, 32.776307 ], [ -97.492115, 32.776291 ], [ -97.492193, 32.776218 ], [ -97.492229, 32.776175 ], [ -97.492266, 32.776125 ], [ -97.492289, 32.77604 ], [ -97.492298, 32.7759 ], [ -97.492271, 32.77582 ], [ -97.492243, 32.775801 ], [ -97.492179, 32.775778 ], [ -97.492096, 32.775728 ], [ -97.49206, 32.775697 ], [ -97.492041, 32.775612 ], [ -97.492014, 32.775562 ], [ -97.491986, 32.775546 ], [ -97.491954, 32.775554 ], [ -97.491853, 32.775608 ], [ -97.49177, 32.775627 ], [ -97.491697, 32.775627 ], [ -97.491587, 32.775585 ], [ -97.491532, 32.775568 ], [ -97.491486, 32.775539 ], [ -97.491458, 32.775477 ], [ -97.491431, 32.775464 ], [ -97.491399, 32.775469 ], [ -97.491366, 32.775495 ], [ -97.491311, 32.775531 ], [ -97.491266, 32.77555 ], [ -97.491149, 32.775543 ], [ -97.491123, 32.775542 ], [ -97.491091, 32.775562 ], [ -97.491105, 32.775588 ], [ -97.491224, 32.775705 ], [ -97.491298, 32.775813 ], [ -97.491403, 32.775936 ], [ -97.491477, 32.776052 ] ], [ [ -97.473376, 32.780313 ], [ -97.473533, 32.780687 ], [ -97.473576, 32.780748 ], [ -97.473606, 32.780731 ], [ -97.473645, 32.780634 ], [ -97.473698, 32.780596 ], [ -97.473789, 32.780574 ], [ -97.473987, 32.780379 ], [ -97.474445, 32.77982 ], [ -97.474626, 32.779632 ], [ -97.474788, 32.77948 ], [ -97.474847, 32.779436 ], [ -97.47491, 32.779414 ], [ -97.474937, 32.779394 ], [ -97.47494, 32.779373 ], [ -97.474927, 32.779351 ], [ -97.474824, 32.779322 ], [ -97.474438, 32.779249 ], [ -97.474134, 32.779179 ], [ -97.473995, 32.77917 ], [ -97.473817, 32.779176 ], [ -97.473734, 32.779203 ], [ -97.473635, 32.779249 ], [ -97.473576, 32.779311 ], [ -97.473409, 32.77955 ], [ -97.473356, 32.779667 ], [ -97.47332, 32.779819 ], [ -97.47331, 32.779987 ], [ -97.473333, 32.780168 ], [ -97.473376, 32.780313 ] ], [ [ -97.497587, 32.857731 ], [ -97.49773, 32.857898 ], [ -97.497769, 32.857976 ], [ -97.497827, 32.858122 ], [ -97.497892, 32.858326 ], [ -97.498021, 32.859095 ], [ -97.498053, 32.859251 ], [ -97.498037, 32.859367 ], [ -97.498069, 32.85946 ], [ -97.49815, 32.859499 ], [ -97.498242, 32.859502 ], [ -97.498273, 32.859425 ], [ -97.498291, 32.859225 ], [ -97.498314, 32.85878 ], [ -97.498304, 32.858522 ], [ -97.49815, 32.85793 ], [ -97.498089, 32.857672 ], [ -97.498017, 32.857508 ], [ -97.497915, 32.857337 ], [ -97.497849, 32.85707 ], [ -97.497865, 32.85699 ], [ -97.497841, 32.85684 ], [ -97.497776, 32.856731 ], [ -97.497659, 32.856623 ], [ -97.497495, 32.856434 ], [ -97.497086, 32.855884 ], [ -97.496812, 32.855629 ], [ -97.496192, 32.855212 ], [ -97.495966, 32.855055 ], [ -97.495836, 32.854953 ], [ -97.495642, 32.854782 ], [ -97.495342, 32.854368 ], [ -97.495196, 32.854266 ], [ -97.495018, 32.854205 ], [ -97.494767, 32.854157 ], [ -97.494544, 32.854076 ], [ -97.493526, 32.853442 ], [ -97.492644, 32.852565 ], [ -97.491543, 32.852068 ], [ -97.491097, 32.851674 ], [ -97.489957, 32.85096 ], [ -97.489584, 32.850858 ], [ -97.489438, 32.850776 ], [ -97.489268, 32.850707 ], [ -97.489082, 32.850647 ], [ -97.488807, 32.850579 ], [ -97.488612, 32.850524 ], [ -97.488256, 32.850388 ], [ -97.488127, 32.850313 ], [ -97.488013, 32.850273 ], [ -97.4879, 32.850239 ], [ -97.487722, 32.850205 ], [ -97.487616, 32.850177 ], [ -97.487503, 32.850171 ], [ -97.487365, 32.850171 ], [ -97.487244, 32.85015 ], [ -97.487147, 32.850143 ], [ -97.487106, 32.850157 ], [ -97.487122, 32.850225 ], [ -97.487171, 32.850293 ], [ -97.487211, 32.850388 ], [ -97.487195, 32.850436 ], [ -97.487127, 32.850487 ], [ -97.487033, 32.850484 ], [ -97.486933, 32.850465 ], [ -97.486722, 32.850439 ], [ -97.48656, 32.850426 ], [ -97.486204, 32.850439 ], [ -97.485742, 32.850479 ], [ -97.484784, 32.850626 ], [ -97.4845, 32.850626 ], [ -97.484241, 32.850633 ], [ -97.483909, 32.850659 ], [ -97.483439, 32.850755 ], [ -97.483091, 32.850803 ], [ -97.482945, 32.850796 ], [ -97.482646, 32.850844 ], [ -97.482549, 32.850837 ], [ -97.482411, 32.850844 ], [ -97.482225, 32.850878 ], [ -97.482103, 32.850892 ], [ -97.481966, 32.850898 ], [ -97.481687, 32.850889 ], [ -97.481533, 32.850855 ], [ -97.481477, 32.850834 ], [ -97.481363, 32.850834 ], [ -97.48129, 32.850861 ], [ -97.481039, 32.850882 ], [ -97.480918, 32.850882 ], [ -97.480796, 32.850834 ], [ -97.480724, 32.8508 ], [ -97.480578, 32.8508 ], [ -97.4804, 32.850807 ], [ -97.480222, 32.850786 ], [ -97.479987, 32.850766 ], [ -97.479797, 32.850675 ], [ -97.479684, 32.850681 ], [ -97.479611, 32.850709 ], [ -97.479554, 32.850687 ], [ -97.479214, 32.850593 ], [ -97.478418, 32.850245 ], [ -97.478223, 32.850184 ], [ -97.478069, 32.850191 ], [ -97.477956, 32.850164 ], [ -97.477891, 32.850109 ], [ -97.47777, 32.850028 ], [ -97.477511, 32.84996 ], [ -97.477233, 32.849848 ], [ -97.477168, 32.849888 ], [ -97.477119, 32.849936 ], [ -97.477053, 32.849846 ], [ -97.476988, 32.84977 ], [ -97.476842, 32.849688 ], [ -97.476305, 32.849539 ], [ -97.476259, 32.849366 ], [ -97.476129, 32.84906 ], [ -97.475984, 32.848961 ], [ -97.475878, 32.848895 ], [ -97.475699, 32.84882 ], [ -97.474928, 32.848698 ], [ -97.474784, 32.848658 ], [ -97.474529, 32.848565 ], [ -97.474122, 32.848422 ], [ -97.473685, 32.848204 ], [ -97.473283, 32.84792 ], [ -97.472821, 32.847347 ], [ -97.472281, 32.84639 ], [ -97.471758, 32.845641 ], [ -97.47131, 32.844909 ], [ -97.471147, 32.844707 ], [ -97.470752, 32.844298 ], [ -97.470293, 32.843925 ], [ -97.47018, 32.843854 ], [ -97.46993, 32.843761 ], [ -97.468977, 32.843446 ], [ -97.467699, 32.843153 ], [ -97.466655, 32.842869 ], [ -97.465943, 32.842531 ], [ -97.465339, 32.842098 ], [ -97.465198, 32.841968 ], [ -97.465114, 32.841842 ], [ -97.465064, 32.84179 ], [ -97.464994, 32.841654 ], [ -97.464638, 32.841216 ], [ -97.464307, 32.840991 ], [ -97.463898, 32.840766 ], [ -97.463349, 32.840308 ], [ -97.463084, 32.840052 ], [ -97.462957, 32.839855 ], [ -97.462859, 32.839672 ], [ -97.462774, 32.839442 ], [ -97.462669, 32.83905 ], [ -97.462598, 32.838766 ], [ -97.462566, 32.838296 ], [ -97.462453, 32.837491 ], [ -97.462327, 32.83645 ], [ -97.462225, 32.835543 ], [ -97.462014, 32.83345 ], [ -97.46207, 32.833402 ], [ -97.462147, 32.833419 ], [ -97.46219, 32.83345 ], [ -97.462239, 32.833544 ], [ -97.462274, 32.833651 ], [ -97.462295, 32.833768 ], [ -97.46233, 32.833917 ], [ -97.462351, 32.834052 ], [ -97.462415, 32.834331 ], [ -97.462513, 32.83446 ], [ -97.462577, 32.834525 ], [ -97.462647, 32.834621 ], [ -97.462774, 32.834708 ], [ -97.462896, 32.834778 ], [ -97.463044, 32.83473 ], [ -97.463135, 32.834623 ], [ -97.463191, 32.834541 ], [ -97.46324, 32.834364 ], [ -97.463311, 32.834358 ], [ -97.463339, 32.834398 ], [ -97.463388, 32.834559 ], [ -97.463473, 32.834618 ], [ -97.46367, 32.834577 ], [ -97.463761, 32.834517 ], [ -97.463867, 32.834398 ], [ -97.464078, 32.834299 ], [ -97.464183, 32.834269 ], [ -97.464253, 32.834204 ], [ -97.464345, 32.834133 ], [ -97.464784, 32.833983 ], [ -97.464847, 32.833965 ], [ -97.464981, 32.833947 ], [ -97.465114, 32.833936 ], [ -97.46522, 32.8339 ], [ -97.465382, 32.833829 ], [ -97.465635, 32.833682 ], [ -97.465712, 32.833686 ], [ -97.465846, 32.834083 ], [ -97.465958, 32.83419 ], [ -97.466071, 32.834255 ], [ -97.466169, 32.834266 ], [ -97.466268, 32.834231 ], [ -97.466373, 32.834178 ], [ -97.466458, 32.834166 ], [ -97.466528, 32.834201 ], [ -97.466563, 32.834255 ], [ -97.466493, 32.834449 ], [ -97.466458, 32.83458 ], [ -97.466366, 32.834804 ], [ -97.466345, 32.834927 ], [ -97.466338, 32.835029 ], [ -97.466345, 32.83507 ], [ -97.466387, 32.835105 ], [ -97.466458, 32.835141 ], [ -97.466542, 32.835194 ], [ -97.466591, 32.835289 ], [ -97.466591, 32.835383 ], [ -97.466577, 32.835495 ], [ -97.466528, 32.835631 ], [ -97.466528, 32.83569 ], [ -97.466577, 32.835791 ], [ -97.466676, 32.835926 ], [ -97.466697, 32.835962 ], [ -97.466781, 32.836004 ], [ -97.466915, 32.83605 ], [ -97.467054, 32.836111 ], [ -97.467146, 32.836103 ], [ -97.467252, 32.836064 ], [ -97.46732, 32.836004 ], [ -97.467348, 32.835938 ], [ -97.467353, 32.835759 ], [ -97.467454, 32.835552 ], [ -97.467555, 32.835486 ], [ -97.467644, 32.835439 ], [ -97.467734, 32.835411 ], [ -97.467818, 32.835369 ], [ -97.467874, 32.835326 ], [ -97.467919, 32.835275 ], [ -97.467919, 32.835223 ], [ -97.467908, 32.835175 ], [ -97.467913, 32.835143 ], [ -97.467975, 32.835068 ], [ -97.468065, 32.834983 ], [ -97.468188, 32.834902 ], [ -97.468333, 32.83486 ], [ -97.468419, 32.834843 ], [ -97.468503, 32.834815 ], [ -97.468632, 32.834806 ], [ -97.4688, 32.834825 ], [ -97.468968, 32.834825 ], [ -97.469148, 32.834843 ], [ -97.469316, 32.834829 ], [ -97.469461, 32.834769 ], [ -97.469747, 32.834552 ], [ -97.469814, 32.834486 ], [ -97.469904, 32.834373 ], [ -97.469977, 32.834246 ], [ -97.47005, 32.834091 ], [ -97.4701, 32.833964 ], [ -97.470111, 32.833846 ], [ -97.470055, 32.83362 ], [ -97.469861, 32.832634 ], [ -97.469861, 32.832493 ], [ -97.469811, 32.832239 ], [ -97.469766, 32.832135 ], [ -97.469733, 32.832022 ], [ -97.46971, 32.831787 ], [ -97.469721, 32.831674 ], [ -97.469789, 32.83158 ], [ -97.469833, 32.831528 ], [ -97.469861, 32.831462 ], [ -97.469889, 32.831353 ], [ -97.469884, 32.831213 ], [ -97.469822, 32.831104 ], [ -97.469733, 32.83099 ], [ -97.4695, 32.83073 ], [ -97.46945, 32.83063 ], [ -97.469433, 32.830466 ], [ -97.469382, 32.830269 ], [ -97.469405, 32.830024 ], [ -97.4694, 32.829909 ], [ -97.469483, 32.82969 ], [ -97.469556, 32.829577 ], [ -97.469646, 32.829469 ], [ -97.469746, 32.829383 ], [ -97.469858, 32.829262 ], [ -97.469954, 32.829168 ], [ -97.470088, 32.82905 ], [ -97.4702, 32.828961 ], [ -97.470329, 32.82889 ], [ -97.470592, 32.828773 ], [ -97.470771, 32.828711 ], [ -97.470889, 32.828677 ], [ -97.470973, 32.82866 ], [ -97.471068, 32.828603 ], [ -97.471147, 32.828547 ], [ -97.471197, 32.828471 ], [ -97.471225, 32.828409 ], [ -97.471225, 32.828283 ], [ -97.471248, 32.828203 ], [ -97.471242, 32.828142 ], [ -97.471214, 32.828024 ], [ -97.471197, 32.82793 ], [ -97.471236, 32.827675 ], [ -97.471315, 32.827562 ], [ -97.47136, 32.827488 ], [ -97.471388, 32.827426 ], [ -97.471393, 32.827365 ], [ -97.471337, 32.827182 ], [ -97.471188, 32.826859 ], [ -97.471149, 32.826746 ], [ -97.471121, 32.826594 ], [ -97.471082, 32.826454 ], [ -97.470964, 32.826144 ], [ -97.470836, 32.825992 ], [ -97.470471, 32.825588 ], [ -97.470242, 32.825414 ], [ -97.469818, 32.825135 ], [ -97.469482, 32.82497 ], [ -97.469303, 32.824894 ], [ -97.469268, 32.824874 ], [ -97.469236, 32.824852 ], [ -97.469169, 32.824744 ], [ -97.469068, 32.82463 ], [ -97.468967, 32.824565 ], [ -97.468844, 32.824523 ], [ -97.468721, 32.824443 ], [ -97.46848, 32.824302 ], [ -97.468317, 32.824236 ], [ -97.4681, 32.824199 ], [ -97.467728, 32.824095 ], [ -97.46747, 32.823956 ], [ -97.467327, 32.823898 ], [ -97.466837, 32.823658 ], [ -97.466221, 32.823403 ], [ -97.465485, 32.823152 ], [ -97.46497, 32.822963 ], [ -97.464847, 32.822921 ], [ -97.464795, 32.822865 ], [ -97.464723, 32.82274 ], [ -97.46464, 32.82267 ], [ -97.464525, 32.822615 ], [ -97.464415, 32.822535 ], [ -97.464295, 32.822481 ], [ -97.464171, 32.822438 ], [ -97.464074, 32.822418 ], [ -97.464014, 32.822418 ], [ -97.463964, 32.822426 ], [ -97.463899, 32.822429 ], [ -97.463835, 32.822423 ], [ -97.463782, 32.822412 ], [ -97.463674, 32.822429 ], [ -97.463628, 32.82244 ], [ -97.463502, 32.822488 ], [ -97.463421, 32.822584 ], [ -97.463343, 32.822646 ], [ -97.46326, 32.822681 ], [ -97.46317, 32.822726 ], [ -97.463146, 32.822775 ], [ -97.463123, 32.822837 ], [ -97.463082, 32.822868 ], [ -97.463022, 32.822882 ], [ -97.462921, 32.822949 ], [ -97.462723, 32.823088 ], [ -97.462603, 32.823135 ], [ -97.462415, 32.823239 ], [ -97.461676, 32.823725 ], [ -97.461511, 32.823875 ], [ -97.46146, 32.823945 ], [ -97.461423, 32.824026 ], [ -97.461414, 32.824111 ], [ -97.461345, 32.824204 ], [ -97.461272, 32.824254 ], [ -97.461203, 32.824292 ], [ -97.461069, 32.824323 ], [ -97.460922, 32.824378 ], [ -97.460678, 32.82454 ], [ -97.460614, 32.824602 ], [ -97.460582, 32.82466 ], [ -97.460512, 32.824726 ], [ -97.460388, 32.824787 ], [ -97.460131, 32.824931 ], [ -97.459997, 32.824962 ], [ -97.459887, 32.824962 ], [ -97.459675, 32.824919 ], [ -97.459408, 32.824834 ], [ -97.459346, 32.82479 ], [ -97.459314, 32.824726 ], [ -97.459241, 32.824682 ], [ -97.459191, 32.824697 ], [ -97.459139, 32.824747 ], [ -97.459106, 32.824796 ], [ -97.4591, 32.824846 ], [ -97.459106, 32.824905 ], [ -97.459035, 32.824987 ], [ -97.459003, 32.825102 ], [ -97.458938, 32.825102 ], [ -97.458892, 32.825058 ], [ -97.45886, 32.824959 ], [ -97.458834, 32.824894 ], [ -97.458828, 32.824813 ], [ -97.45886, 32.824726 ], [ -97.458886, 32.824677 ], [ -97.458886, 32.824627 ], [ -97.458867, 32.824584 ], [ -97.458782, 32.824534 ], [ -97.458503, 32.824458 ], [ -97.458354, 32.82443 ], [ -97.458225, 32.824437 ], [ -97.458088, 32.824519 ], [ -97.457939, 32.824584 ], [ -97.457907, 32.82466 ], [ -97.45792, 32.824742 ], [ -97.457965, 32.824807 ], [ -97.458011, 32.824851 ], [ -97.458011, 32.824905 ], [ -97.457998, 32.825024 ], [ -97.458041, 32.825145 ], [ -97.458041, 32.825194 ], [ -97.458028, 32.825243 ], [ -97.45797, 32.825336 ], [ -97.457747, 32.825453 ], [ -97.457714, 32.825467 ], [ -97.457611, 32.825513 ], [ -97.45727, 32.825608 ], [ -97.457079, 32.825633 ], [ -97.456884, 32.825671 ], [ -97.456531, 32.825712 ], [ -97.455999, 32.825766 ], [ -97.454852, 32.825924 ], [ -97.454664, 32.825946 ], [ -97.45443, 32.825989 ], [ -97.454158, 32.826028 ], [ -97.453986, 32.826071 ], [ -97.453002, 32.826179 ], [ -97.452607, 32.826348 ], [ -97.452083, 32.826507 ], [ -97.452025, 32.826501 ], [ -97.451662, 32.826577 ], [ -97.451379, 32.826619 ], [ -97.451003, 32.826679 ], [ -97.450751, 32.826695 ], [ -97.450502, 32.826724 ], [ -97.450392, 32.826762 ], [ -97.450177, 32.82678 ], [ -97.44984, 32.826828 ], [ -97.449594, 32.826833 ], [ -97.449322, 32.82685 ], [ -97.44914, 32.826883 ], [ -97.44903, 32.826932 ], [ -97.448887, 32.82703 ], [ -97.448687, 32.827156 ], [ -97.448505, 32.827236 ], [ -97.447879, 32.827441 ], [ -97.447671, 32.827463 ], [ -97.447516, 32.827458 ], [ -97.447108, 32.827257 ], [ -97.4469, 32.827164 ], [ -97.446823, 32.827115 ], [ -97.446732, 32.827039 ], [ -97.446661, 32.826946 ], [ -97.446628, 32.826864 ], [ -97.446622, 32.826728 ], [ -97.446589, 32.826658 ], [ -97.446505, 32.826559 ], [ -97.446453, 32.82651 ], [ -97.446386, 32.826384 ], [ -97.446233, 32.826098 ], [ -97.446091, 32.825864 ], [ -97.446045, 32.825781 ], [ -97.44598, 32.82553 ], [ -97.445857, 32.825149 ], [ -97.445767, 32.824803 ], [ -97.445657, 32.824623 ], [ -97.445591, 32.824565 ], [ -97.445539, 32.824419 ], [ -97.445552, 32.823842 ], [ -97.445598, 32.823652 ], [ -97.445675, 32.823445 ], [ -97.445882, 32.823075 ], [ -97.446109, 32.822764 ], [ -97.446342, 32.822575 ], [ -97.446452, 32.822504 ], [ -97.446628, 32.82242 ], [ -97.446875, 32.822284 ], [ -97.447049, 32.822093 ], [ -97.447153, 32.821966 ], [ -97.447379, 32.821689 ], [ -97.447438, 32.82161 ], [ -97.447475, 32.82156 ], [ -97.447521, 32.821499 ], [ -97.447673, 32.821322 ], [ -97.447797, 32.821255 ], [ -97.447951, 32.821171 ], [ -97.44809, 32.82112 ], [ -97.448275, 32.820977 ], [ -97.448424, 32.820917 ], [ -97.448579, 32.820836 ], [ -97.448715, 32.820749 ], [ -97.448838, 32.820689 ], [ -97.448974, 32.820656 ], [ -97.449136, 32.820628 ], [ -97.449583, 32.820427 ], [ -97.449719, 32.820335 ], [ -97.449816, 32.820242 ], [ -97.449946, 32.82015 ], [ -97.450091, 32.820082 ], [ -97.450305, 32.819989 ], [ -97.450654, 32.819733 ], [ -97.450894, 32.819592 ], [ -97.45114, 32.819467 ], [ -97.451321, 32.819347 ], [ -97.451407, 32.819243 ], [ -97.451457, 32.819212 ], [ -97.45147, 32.819162 ], [ -97.451533, 32.819111 ], [ -97.451742, 32.819037 ], [ -97.451937, 32.818978 ], [ -97.452171, 32.81889 ], [ -97.45249, 32.818789 ], [ -97.452739, 32.818676 ], [ -97.452878, 32.818593 ], [ -97.453105, 32.818468 ], [ -97.45326, 32.818319 ], [ -97.453326, 32.818233 ], [ -97.453429, 32.818174 ], [ -97.453501, 32.818153 ], [ -97.453743, 32.818106 ], [ -97.45384, 32.818106 ], [ -97.454137, 32.817985 ], [ -97.454371, 32.817921 ], [ -97.454415, 32.817928 ], [ -97.454727, 32.817861 ], [ -97.454818, 32.817796 ], [ -97.45485, 32.817735 ], [ -97.455032, 32.817616 ], [ -97.455116, 32.817583 ], [ -97.455304, 32.817577 ], [ -97.455485, 32.817577 ], [ -97.455608, 32.817562 ], [ -97.455958, 32.817493 ], [ -97.456167, 32.817521 ], [ -97.456275, 32.817543 ], [ -97.456389, 32.817605 ], [ -97.456591, 32.817622 ], [ -97.456702, 32.817627 ], [ -97.456883, 32.8176 ], [ -97.457006, 32.817566 ], [ -97.457064, 32.817486 ], [ -97.457077, 32.817349 ], [ -97.457142, 32.817165 ], [ -97.457197, 32.817051 ], [ -97.45726, 32.816887 ], [ -97.457498, 32.816642 ], [ -97.457718, 32.816518 ], [ -97.457893, 32.816463 ], [ -97.458052, 32.8164 ], [ -97.458147, 32.816367 ], [ -97.458544, 32.816133 ], [ -97.458615, 32.816062 ], [ -97.45866, 32.816035 ], [ -97.458745, 32.816029 ], [ -97.458926, 32.815959 ], [ -97.459094, 32.815883 ], [ -97.459357, 32.815689 ], [ -97.459532, 32.81559 ], [ -97.459622, 32.815569 ], [ -97.459823, 32.815569 ], [ -97.459927, 32.815553 ], [ -97.460063, 32.81548 ], [ -97.460374, 32.815466 ], [ -97.460555, 32.815427 ], [ -97.460665, 32.815395 ], [ -97.460795, 32.815345 ], [ -97.460976, 32.815286 ], [ -97.461086, 32.815237 ], [ -97.46117, 32.815188 ], [ -97.461234, 32.815134 ], [ -97.461351, 32.815101 ], [ -97.461517, 32.815027 ], [ -97.46197, 32.814881 ], [ -97.462151, 32.814853 ], [ -97.462268, 32.814815 ], [ -97.462517, 32.814725 ], [ -97.462718, 32.814664 ], [ -97.462776, 32.814627 ], [ -97.462906, 32.814577 ], [ -97.463093, 32.814524 ], [ -97.463229, 32.81448 ], [ -97.463327, 32.814436 ], [ -97.463398, 32.814393 ], [ -97.463463, 32.814377 ], [ -97.463599, 32.81436 ], [ -97.463702, 32.814328 ], [ -97.463773, 32.814301 ], [ -97.463916, 32.814262 ], [ -97.464091, 32.814262 ], [ -97.464132, 32.814239 ], [ -97.464403, 32.814196 ], [ -97.464473, 32.81418 ], [ -97.464637, 32.814171 ], [ -97.464739, 32.814176 ], [ -97.46516, 32.814093 ], [ -97.465237, 32.81404 ], [ -97.465283, 32.814 ], [ -97.465464, 32.813957 ], [ -97.465561, 32.813991 ], [ -97.465653, 32.814096 ], [ -97.465763, 32.814145 ], [ -97.465941, 32.814165 ], [ -97.466141, 32.814165 ], [ -97.466264, 32.814143 ], [ -97.466368, 32.814082 ], [ -97.466407, 32.814034 ], [ -97.466517, 32.813871 ], [ -97.466601, 32.813839 ], [ -97.466653, 32.813839 ], [ -97.466821, 32.813893 ], [ -97.46686, 32.813947 ], [ -97.466834, 32.813991 ], [ -97.46686, 32.814062 ], [ -97.46695, 32.814192 ], [ -97.467235, 32.814436 ], [ -97.467293, 32.81449 ], [ -97.467371, 32.814577 ], [ -97.467416, 32.81466 ], [ -97.467565, 32.814839 ], [ -97.46763, 32.814894 ], [ -97.467668, 32.81497 ], [ -97.467677, 32.815038 ], [ -97.467716, 32.815136 ], [ -97.467748, 32.815201 ], [ -97.467865, 32.815413 ], [ -97.467968, 32.815517 ], [ -97.468098, 32.815537 ], [ -97.468169, 32.815576 ], [ -97.468344, 32.815613 ], [ -97.468564, 32.815587 ], [ -97.468712, 32.815559 ], [ -97.468829, 32.815522 ], [ -97.468893, 32.815522 ], [ -97.468881, 32.815576 ], [ -97.468881, 32.815685 ], [ -97.468855, 32.81575 ], [ -97.468842, 32.81581 ], [ -97.468874, 32.815869 ], [ -97.468887, 32.815919 ], [ -97.469003, 32.816028 ], [ -97.469113, 32.816066 ], [ -97.469191, 32.81606 ], [ -97.469275, 32.816038 ], [ -97.469359, 32.816028 ], [ -97.469469, 32.816049 ], [ -97.469508, 32.816104 ], [ -97.469521, 32.816169 ], [ -97.469599, 32.816267 ], [ -97.469599, 32.816336 ], [ -97.469638, 32.816403 ], [ -97.469722, 32.81649 ], [ -97.469793, 32.816549 ], [ -97.469916, 32.816501 ], [ -97.470013, 32.816495 ], [ -97.470121, 32.81651 ], [ -97.470218, 32.81651 ], [ -97.470289, 32.816482 ], [ -97.470412, 32.816412 ], [ -97.470515, 32.81628 ], [ -97.470606, 32.816113 ], [ -97.470625, 32.815998 ], [ -97.470593, 32.815885 ], [ -97.470547, 32.815748 ], [ -97.470483, 32.815646 ], [ -97.470438, 32.815537 ], [ -97.470418, 32.815438 ], [ -97.470418, 32.815303 ], [ -97.470483, 32.815233 ], [ -97.470559, 32.815179 ], [ -97.470725, 32.815126 ], [ -97.470776, 32.815117 ], [ -97.470822, 32.815073 ], [ -97.470796, 32.815008 ], [ -97.470725, 32.814932 ], [ -97.470718, 32.814894 ], [ -97.470776, 32.814861 ], [ -97.470815, 32.814829 ], [ -97.470837, 32.81476 ], [ -97.470809, 32.814693 ], [ -97.470764, 32.814655 ], [ -97.470705, 32.814639 ], [ -97.470634, 32.814633 ], [ -97.470589, 32.814687 ], [ -97.470492, 32.814687 ], [ -97.470415, 32.814698 ], [ -97.470363, 32.814753 ], [ -97.47024, 32.81478 ], [ -97.470137, 32.81478 ], [ -97.469943, 32.814742 ], [ -97.469846, 32.814715 ], [ -97.46982, 32.81465 ], [ -97.469788, 32.814487 ], [ -97.469743, 32.814422 ], [ -97.469698, 32.814335 ], [ -97.469685, 32.814183 ], [ -97.46964, 32.814107 ], [ -97.469568, 32.814107 ], [ -97.469459, 32.814096 ], [ -97.469381, 32.814127 ], [ -97.469297, 32.814248 ], [ -97.469239, 32.814279 ], [ -97.469045, 32.814346 ], [ -97.468884, 32.814346 ], [ -97.468755, 32.814351 ], [ -97.468652, 32.814324 ], [ -97.468639, 32.81427 ], [ -97.468606, 32.814248 ], [ -97.468555, 32.814231 ], [ -97.46851, 32.814115 ], [ -97.46851, 32.813955 ], [ -97.468484, 32.813862 ], [ -97.468535, 32.81382 ], [ -97.468602, 32.813799 ], [ -97.468626, 32.813792 ], [ -97.46871, 32.813754 ], [ -97.468819, 32.813722 ], [ -97.468929, 32.813651 ], [ -97.469026, 32.813608 ], [ -97.469123, 32.813581 ], [ -97.469245, 32.813536 ], [ -97.469387, 32.81351 ], [ -97.469575, 32.813445 ], [ -97.469874, 32.813361 ], [ -97.47012, 32.813339 ], [ -97.470165, 32.81335 ], [ -97.470281, 32.813361 ], [ -97.470429, 32.81347 ], [ -97.4705, 32.813481 ], [ -97.470571, 32.81347 ], [ -97.470668, 32.813481 ], [ -97.470707, 32.813513 ], [ -97.470713, 32.81355 ], [ -97.470765, 32.813572 ], [ -97.470849, 32.813572 ], [ -97.470972, 32.813546 ], [ -97.471191, 32.813464 ], [ -97.471294, 32.813437 ], [ -97.471359, 32.813388 ], [ -97.471456, 32.813329 ], [ -97.47154, 32.813253 ], [ -97.471617, 32.813193 ], [ -97.471669, 32.813139 ], [ -97.471708, 32.813085 ], [ -97.471759, 32.812992 ], [ -97.471817, 32.812933 ], [ -97.471824, 32.812862 ], [ -97.471804, 32.812765 ], [ -97.47172, 32.812655 ], [ -97.471649, 32.812596 ], [ -97.471565, 32.812569 ], [ -97.47152, 32.812423 ], [ -97.471482, 32.812358 ], [ -97.471443, 32.812244 ], [ -97.471372, 32.81214 ], [ -97.471336, 32.812067 ], [ -97.471338, 32.81198 ], [ -97.471339, 32.811948 ], [ -97.471369, 32.811889 ], [ -97.471465, 32.811759 ], [ -97.471549, 32.811673 ], [ -97.471671, 32.811591 ], [ -97.471723, 32.811548 ], [ -97.471775, 32.811532 ], [ -97.472056, 32.811362 ], [ -97.472289, 32.811161 ], [ -97.472541, 32.811005 ], [ -97.472642, 32.810975 ], [ -97.472694, 32.810989 ], [ -97.472726, 32.81103 ], [ -97.472771, 32.811068 ], [ -97.472932, 32.811117 ], [ -97.473048, 32.811166 ], [ -97.47319, 32.811253 ], [ -97.473377, 32.811345 ], [ -97.473454, 32.811421 ], [ -97.473473, 32.811475 ], [ -97.473467, 32.811529 ], [ -97.473473, 32.811588 ], [ -97.473589, 32.811701 ], [ -97.473654, 32.811794 ], [ -97.473699, 32.811929 ], [ -97.473847, 32.812216 ], [ -97.473925, 32.81226 ], [ -97.474015, 32.812325 ], [ -97.474079, 32.812434 ], [ -97.474037, 32.812496 ], [ -97.474089, 32.812675 ], [ -97.474288, 32.81307 ], [ -97.474643, 32.813574 ], [ -97.474804, 32.813789 ], [ -97.474842, 32.813876 ], [ -97.474961, 32.814048 ], [ -97.47498, 32.814149 ], [ -97.475026, 32.814275 ], [ -97.475064, 32.81436 ], [ -97.475077, 32.814448 ], [ -97.475038, 32.814518 ], [ -97.475038, 32.81461 ], [ -97.475077, 32.814653 ], [ -97.47509, 32.814692 ], [ -97.475019, 32.814767 ], [ -97.474968, 32.814843 ], [ -97.474961, 32.814973 ], [ -97.475167, 32.815134 ], [ -97.47527, 32.815235 ], [ -97.475878, 32.815548 ], [ -97.476001, 32.815641 ], [ -97.476355, 32.815874 ], [ -97.476548, 32.815928 ], [ -97.476631, 32.815917 ], [ -97.476767, 32.815831 ], [ -97.476818, 32.815858 ], [ -97.476863, 32.815911 ], [ -97.476985, 32.816035 ], [ -97.477069, 32.816063 ], [ -97.477333, 32.816128 ], [ -97.477384, 32.816122 ], [ -97.477513, 32.816052 ], [ -97.477552, 32.816025 ], [ -97.477603, 32.81602 ], [ -97.477648, 32.816035 ], [ -97.477655, 32.816105 ], [ -97.477655, 32.816193 ], [ -97.47761, 32.816246 ], [ -97.477623, 32.81629 ], [ -97.477674, 32.816328 ], [ -97.477725, 32.816322 ], [ -97.477783, 32.81629 ], [ -97.477783, 32.816177 ], [ -97.477796, 32.816122 ], [ -97.477854, 32.816052 ], [ -97.477899, 32.816052 ], [ -97.47797, 32.816063 ], [ -97.477996, 32.816035 ], [ -97.478054, 32.81602 ], [ -97.478092, 32.816038 ], [ -97.478198, 32.816184 ], [ -97.478253, 32.816279 ], [ -97.478336, 32.816311 ], [ -97.478388, 32.816316 ], [ -97.478478, 32.816305 ], [ -97.478529, 32.816164 ], [ -97.478497, 32.816117 ], [ -97.478497, 32.816094 ], [ -97.478439, 32.815949 ], [ -97.478446, 32.81589 ], [ -97.478517, 32.815841 ], [ -97.478607, 32.815818 ], [ -97.478703, 32.815814 ], [ -97.4788, 32.815841 ], [ -97.478883, 32.815879 ], [ -97.479038, 32.815846 ], [ -97.479121, 32.815803 ], [ -97.479198, 32.815744 ], [ -97.479276, 32.815717 ], [ -97.479353, 32.815717 ], [ -97.479469, 32.8157 ], [ -97.479604, 32.815646 ], [ -97.479655, 32.815576 ], [ -97.479674, 32.815489 ], [ -97.479694, 32.815446 ], [ -97.479739, 32.815446 ], [ -97.479893, 32.815392 ], [ -97.479957, 32.815327 ], [ -97.480002, 32.815252 ], [ -97.480243, 32.815222 ], [ -97.480507, 32.815163 ], [ -97.480655, 32.815146 ], [ -97.480957, 32.815136 ], [ -97.481523, 32.815179 ], [ -97.48167, 32.815163 ], [ -97.481786, 32.815157 ], [ -97.481947, 32.815173 ], [ -97.48212, 32.815222 ], [ -97.482223, 32.815257 ], [ -97.482349, 32.81534 ], [ -97.482693, 32.81553 ], [ -97.483052, 32.815665 ], [ -97.483174, 32.81568 ], [ -97.483309, 32.815676 ], [ -97.483341, 32.815697 ], [ -97.483373, 32.815756 ], [ -97.48354, 32.815815 ], [ -97.483694, 32.815838 ], [ -97.483906, 32.815838 ], [ -97.484009, 32.815821 ], [ -97.484208, 32.815842 ], [ -97.484865, 32.815859 ], [ -97.484965, 32.815842 ], [ -97.485051, 32.815809 ], [ -97.485264, 32.815736 ], [ -97.485423, 32.815697 ], [ -97.485536, 32.815675 ], [ -97.485602, 32.815686 ], [ -97.485642, 32.815686 ], [ -97.485822, 32.815579 ], [ -97.486087, 32.815452 ], [ -97.486187, 32.815385 ], [ -97.48632, 32.815323 ], [ -97.486346, 32.815284 ], [ -97.486399, 32.81524 ], [ -97.486439, 32.815195 ], [ -97.486519, 32.815173 ], [ -97.486599, 32.815156 ], [ -97.486632, 32.815123 ], [ -97.486811, 32.815016 ], [ -97.486944, 32.814922 ], [ -97.487044, 32.814827 ], [ -97.487206, 32.814701 ], [ -97.487292, 32.814611 ], [ -97.487346, 32.814511 ], [ -97.487419, 32.814338 ], [ -97.487465, 32.814315 ], [ -97.487551, 32.81431 ], [ -97.487631, 32.814327 ], [ -97.487671, 32.81431 ], [ -97.48783, 32.814165 ], [ -97.488023, 32.814003 ], [ -97.488063, 32.813981 ], [ -97.488189, 32.814059 ], [ -97.488322, 32.814059 ], [ -97.488455, 32.814076 ], [ -97.488582, 32.814118 ], [ -97.488922, 32.814286 ], [ -97.489068, 32.81433 ], [ -97.489248, 32.814335 ], [ -97.4894, 32.81433 ], [ -97.489546, 32.81429 ], [ -97.489726, 32.814196 ], [ -97.489945, 32.814096 ], [ -97.490132, 32.813965 ], [ -97.490258, 32.813842 ], [ -97.490404, 32.81373 ], [ -97.490484, 32.813625 ], [ -97.490537, 32.813569 ], [ -97.490623, 32.813508 ], [ -97.490961, 32.813391 ], [ -97.491313, 32.813251 ], [ -97.491432, 32.813156 ], [ -97.491552, 32.813088 ], [ -97.491811, 32.812877 ], [ -97.49189, 32.812776 ], [ -97.492049, 32.812738 ], [ -97.492122, 32.812682 ], [ -97.492215, 32.812627 ], [ -97.492295, 32.81252 ], [ -97.492388, 32.81237 ], [ -97.492454, 32.812196 ], [ -97.49258, 32.811985 ], [ -97.492647, 32.811839 ], [ -97.492673, 32.811662 ], [ -97.492673, 32.811566 ], [ -97.492632, 32.811413 ], [ -97.492525, 32.811256 ], [ -97.492485, 32.811172 ], [ -97.492306, 32.811132 ], [ -97.492247, 32.8111 ], [ -97.49226, 32.811061 ], [ -97.492339, 32.811011 ], [ -97.492326, 32.810966 ], [ -97.492194, 32.810665 ], [ -97.492127, 32.810581 ], [ -97.492001, 32.810504 ], [ -97.491842, 32.810437 ], [ -97.491736, 32.81042 ], [ -97.49163, 32.810336 ], [ -97.491643, 32.810225 ], [ -97.49159, 32.810119 ], [ -97.491471, 32.810018 ], [ -97.491219, 32.809952 ], [ -97.49104, 32.809896 ], [ -97.49092, 32.809835 ], [ -97.490904, 32.809787 ], [ -97.490904, 32.809592 ], [ -97.490897, 32.809559 ], [ -97.490831, 32.809492 ], [ -97.490738, 32.809435 ], [ -97.490652, 32.809396 ], [ -97.490506, 32.809379 ], [ -97.490347, 32.809368 ], [ -97.490175, 32.809364 ], [ -97.490036, 32.80933 ], [ -97.489943, 32.809241 ], [ -97.48991, 32.809168 ], [ -97.489916, 32.809007 ], [ -97.489817, 32.808957 ], [ -97.489704, 32.808951 ], [ -97.489625, 32.808974 ], [ -97.489406, 32.80908 ], [ -97.48926, 32.809146 ], [ -97.489141, 32.809208 ], [ -97.488836, 32.809302 ], [ -97.488631, 32.80933 ], [ -97.488458, 32.809325 ], [ -97.488333, 32.809286 ], [ -97.488148, 32.809291 ], [ -97.487539, 32.809447 ], [ -97.486592, 32.809669 ], [ -97.48644, 32.809725 ], [ -97.486281, 32.809759 ], [ -97.486168, 32.809742 ], [ -97.485943, 32.80962 ], [ -97.48589, 32.809575 ], [ -97.48591, 32.809514 ], [ -97.486122, 32.809452 ], [ -97.486248, 32.809392 ], [ -97.48636, 32.809319 ], [ -97.486446, 32.809253 ], [ -97.486687, 32.809049 ], [ -97.487091, 32.808571 ], [ -97.487448, 32.808081 ], [ -97.487601, 32.807909 ], [ -97.48762, 32.807842 ], [ -97.487594, 32.807764 ], [ -97.487541, 32.807713 ], [ -97.487462, 32.807692 ], [ -97.487336, 32.807702 ], [ -97.487104, 32.80773 ], [ -97.486952, 32.807764 ], [ -97.486787, 32.807781 ], [ -97.486601, 32.807775 ], [ -97.48629, 32.80792 ], [ -97.486026, 32.808009 ], [ -97.485704, 32.808071 ], [ -97.485625, 32.808073 ], [ -97.485573, 32.808068 ], [ -97.485553, 32.808017 ], [ -97.485553, 32.807962 ], [ -97.4855, 32.807944 ], [ -97.485401, 32.808011 ], [ -97.485315, 32.808145 ], [ -97.485137, 32.808155 ], [ -97.485004, 32.808145 ], [ -97.484919, 32.80819 ], [ -97.484846, 32.808251 ], [ -97.484714, 32.808323 ], [ -97.484667, 32.80839 ], [ -97.484641, 32.808439 ], [ -97.484621, 32.808605 ], [ -97.484615, 32.808767 ], [ -97.484648, 32.808844 ], [ -97.484694, 32.809033 ], [ -97.484839, 32.809199 ], [ -97.484965, 32.809323 ], [ -97.485064, 32.809406 ], [ -97.485236, 32.809472 ], [ -97.485401, 32.809545 ], [ -97.485553, 32.809573 ], [ -97.485619, 32.809606 ], [ -97.485672, 32.809649 ], [ -97.485672, 32.809711 ], [ -97.485592, 32.809778 ], [ -97.48546, 32.809866 ], [ -97.485282, 32.809978 ], [ -97.485064, 32.810094 ], [ -97.484813, 32.810105 ], [ -97.48474, 32.81006 ], [ -97.484648, 32.809983 ], [ -97.484555, 32.809889 ], [ -97.484502, 32.809728 ], [ -97.484446, 32.809443 ], [ -97.484327, 32.80912 ], [ -97.484241, 32.808704 ], [ -97.48405, 32.807899 ], [ -97.483825, 32.807294 ], [ -97.48368, 32.806606 ], [ -97.48371, 32.806255 ], [ -97.483769, 32.806111 ], [ -97.483769, 32.80605 ], [ -97.483782, 32.805999 ], [ -97.483842, 32.805988 ], [ -97.483947, 32.806022 ], [ -97.484145, 32.806044 ], [ -97.484257, 32.805999 ], [ -97.484363, 32.805973 ], [ -97.484455, 32.805999 ], [ -97.484527, 32.806027 ], [ -97.484686, 32.806111 ], [ -97.484844, 32.806145 ], [ -97.484969, 32.80625 ], [ -97.485042, 32.80635 ], [ -97.485049, 32.806416 ], [ -97.485148, 32.806738 ], [ -97.485536, 32.807215 ], [ -97.485635, 32.807243 ], [ -97.485754, 32.807259 ], [ -97.485899, 32.807248 ], [ -97.486051, 32.807254 ], [ -97.486199, 32.807223 ], [ -97.486312, 32.807197 ], [ -97.486904, 32.806942 ], [ -97.487229, 32.806761 ], [ -97.487374, 32.806634 ], [ -97.48744, 32.806483 ], [ -97.48746, 32.806306 ], [ -97.487434, 32.806179 ], [ -97.487361, 32.806041 ], [ -97.487269, 32.805912 ], [ -97.487111, 32.805768 ], [ -97.487098, 32.805709 ], [ -97.487062, 32.805594 ], [ -97.487104, 32.805487 ], [ -97.487223, 32.805242 ], [ -97.487256, 32.80511 ], [ -97.487414, 32.804961 ], [ -97.487645, 32.80491 ], [ -97.487763, 32.804861 ], [ -97.487902, 32.804844 ], [ -97.488264, 32.804861 ], [ -97.488567, 32.804889 ], [ -97.488778, 32.804994 ], [ -97.488937, 32.805104 ], [ -97.48924, 32.805371 ], [ -97.489319, 32.805464 ], [ -97.489405, 32.805576 ], [ -97.489563, 32.805757 ], [ -97.489648, 32.805802 ], [ -97.489747, 32.805825 ], [ -97.489978, 32.805841 ], [ -97.490077, 32.805858 ], [ -97.490202, 32.805897 ], [ -97.490318, 32.805982 ], [ -97.490456, 32.806027 ], [ -97.490525, 32.806109 ], [ -97.49069, 32.806154 ], [ -97.490952, 32.806097 ], [ -97.491103, 32.806016 ], [ -97.491241, 32.805853 ], [ -97.491282, 32.805658 ], [ -97.491296, 32.805172 ], [ -97.491227, 32.80494 ], [ -97.491131, 32.804848 ], [ -97.491034, 32.804501 ], [ -97.491021, 32.804361 ], [ -97.491021, 32.804235 ], [ -97.491089, 32.804084 ], [ -97.491241, 32.804015 ], [ -97.49142, 32.803956 ], [ -97.491695, 32.803829 ], [ -97.49175, 32.803702 ], [ -97.491736, 32.803413 ], [ -97.491695, 32.803205 ], [ -97.491553, 32.802871 ], [ -97.491404, 32.802709 ], [ -97.491456, 32.802446 ], [ -97.491438, 32.802259 ], [ -97.491275, 32.80191 ], [ -97.491257, 32.801839 ], [ -97.491336, 32.801647 ], [ -97.49136, 32.801551 ], [ -97.49136, 32.801505 ], [ -97.491342, 32.80144 ], [ -97.491269, 32.801349 ], [ -97.491221, 32.801318 ], [ -97.491131, 32.801278 ], [ -97.491065, 32.801273 ], [ -97.490993, 32.801288 ], [ -97.490638, 32.801479 ], [ -97.490584, 32.801479 ], [ -97.490548, 32.80147 ], [ -97.490261, 32.801268 ], [ -97.490231, 32.801217 ], [ -97.490219, 32.801146 ], [ -97.490129, 32.801101 ], [ -97.490051, 32.801054 ], [ -97.489918, 32.800953 ], [ -97.489894, 32.800908 ], [ -97.489906, 32.800868 ], [ -97.489972, 32.800823 ], [ -97.490123, 32.800752 ], [ -97.490345, 32.800691 ], [ -97.490598, 32.800666 ], [ -97.490634, 32.800655 ], [ -97.490658, 32.800626 ], [ -97.490658, 32.800579 ], [ -97.490628, 32.800545 ], [ -97.490592, 32.800525 ], [ -97.490526, 32.800503 ], [ -97.490165, 32.800444 ], [ -97.489786, 32.800337 ], [ -97.489377, 32.800165 ], [ -97.489317, 32.80012 ], [ -97.489263, 32.800044 ], [ -97.48919, 32.799923 ], [ -97.489124, 32.799827 ], [ -97.488968, 32.799372 ], [ -97.488944, 32.799276 ], [ -97.488872, 32.798876 ], [ -97.48886, 32.79875 ], [ -97.488824, 32.798482 ], [ -97.488791, 32.798307 ], [ -97.488537, 32.798059 ], [ -97.488482, 32.797986 ], [ -97.488455, 32.797876 ], [ -97.488437, 32.797673 ], [ -97.488432, 32.79746 ], [ -97.48846, 32.797331 ], [ -97.48853, 32.797154 ], [ -97.488566, 32.797094 ], [ -97.488594, 32.797055 ], [ -97.488625, 32.797037 ], [ -97.488716, 32.796995 ], [ -97.488798, 32.796968 ], [ -97.488857, 32.796964 ], [ -97.488948, 32.797033 ], [ -97.489038, 32.797083 ], [ -97.489079, 32.797098 ], [ -97.489124, 32.797089 ], [ -97.489256, 32.796957 ], [ -97.489533, 32.796895 ], [ -97.489587, 32.796872 ], [ -97.489637, 32.796846 ], [ -97.489678, 32.796799 ], [ -97.489769, 32.79677 ], [ -97.489873, 32.796694 ], [ -97.490055, 32.796671 ], [ -97.490046, 32.796639 ], [ -97.490041, 32.796602 ], [ -97.490037, 32.79648 ], [ -97.490073, 32.796354 ], [ -97.490064, 32.796324 ], [ -97.490028, 32.796324 ], [ -97.489978, 32.796366 ], [ -97.489773, 32.7964 ], [ -97.48932, 32.796461 ], [ -97.488461, 32.796556 ], [ -97.488343, 32.796583 ], [ -97.488253, 32.796644 ], [ -97.488189, 32.796716 ], [ -97.488153, 32.796804 ], [ -97.487999, 32.797113 ], [ -97.487908, 32.797254 ], [ -97.487849, 32.797262 ], [ -97.487422, 32.797071 ], [ -97.487373, 32.797055 ], [ -97.487314, 32.797055 ], [ -97.486974, 32.79719 ], [ -97.486715, 32.797327 ], [ -97.486433, 32.797555 ], [ -97.486263, 32.797753 ], [ -97.486093, 32.797798 ], [ -97.485581, 32.797978 ], [ -97.485241, 32.798085 ], [ -97.485109, 32.798091 ], [ -97.484946, 32.798127 ], [ -97.484801, 32.798175 ], [ -97.484719, 32.798175 ], [ -97.484615, 32.798161 ], [ -97.484538, 32.798142 ], [ -97.484347, 32.798039 ], [ -97.484306, 32.79799 ], [ -97.48422, 32.797902 ], [ -97.484148, 32.797776 ], [ -97.48417, 32.797722 ], [ -97.484193, 32.797696 ], [ -97.484243, 32.797662 ], [ -97.484374, 32.797649 ], [ -97.484411, 32.797643 ], [ -97.484529, 32.797601 ], [ -97.484644, 32.797476 ], [ -97.485102, 32.797123 ], [ -97.485465, 32.796884 ], [ -97.485605, 32.796743 ], [ -97.485696, 32.796674 ], [ -97.485837, 32.796625 ], [ -97.485982, 32.796549 ], [ -97.486013, 32.796514 ], [ -97.486018, 32.796487 ], [ -97.485995, 32.796472 ], [ -97.485963, 32.796469 ], [ -97.485424, 32.796777 ], [ -97.485342, 32.796808 ], [ -97.485264, 32.79683 ], [ -97.485242, 32.79683 ], [ -97.485124, 32.79685 ], [ -97.484816, 32.796953 ], [ -97.484734, 32.796975 ], [ -97.484648, 32.796987 ], [ -97.484435, 32.796991 ], [ -97.483899, 32.79701 ], [ -97.483822, 32.797006 ], [ -97.483682, 32.796987 ], [ -97.483333, 32.796872 ], [ -97.483237, 32.796833 ], [ -97.483187, 32.796808 ], [ -97.483024, 32.796747 ], [ -97.482822, 32.796602 ], [ -97.481878, 32.796152 ], [ -97.481833, 32.796141 ], [ -97.481765, 32.796137 ], [ -97.481384, 32.796056 ], [ -97.481071, 32.795928 ], [ -97.480831, 32.795836 ], [ -97.480772, 32.795802 ], [ -97.480631, 32.795764 ], [ -97.480481, 32.795749 ], [ -97.480204, 32.795744 ], [ -97.480091, 32.795707 ], [ -97.480059, 32.795688 ], [ -97.479968, 32.795676 ], [ -97.479792, 32.795688 ], [ -97.479338, 32.79573 ], [ -97.478839, 32.795771 ], [ -97.478735, 32.795789 ], [ -97.478626, 32.79584 ], [ -97.478454, 32.795886 ], [ -97.478304, 32.795912 ], [ -97.478218, 32.795932 ], [ -97.478062, 32.795938 ], [ -97.477855, 32.795943 ], [ -97.477511, 32.795885 ], [ -97.477443, 32.795865 ], [ -97.477348, 32.795831 ], [ -97.477271, 32.795786 ], [ -97.477212, 32.795713 ], [ -97.47718, 32.795657 ], [ -97.477148, 32.795569 ], [ -97.477135, 32.795516 ], [ -97.477139, 32.795313 ], [ -97.477121, 32.795249 ], [ -97.477057, 32.795184 ], [ -97.476867, 32.795085 ], [ -97.476749, 32.79507 ], [ -97.476608, 32.795088 ], [ -97.476481, 32.795157 ], [ -97.476409, 32.79518 ], [ -97.476354, 32.795164 ], [ -97.476191, 32.795066 ], [ -97.476114, 32.795043 ], [ -97.476042, 32.795032 ], [ -97.475924, 32.795046 ], [ -97.47567, 32.795127 ], [ -97.475479, 32.795172 ], [ -97.475343, 32.795251 ], [ -97.475266, 32.795316 ], [ -97.475181, 32.795405 ], [ -97.475113, 32.795462 ], [ -97.475081, 32.795507 ], [ -97.475067, 32.795565 ], [ -97.475072, 32.795603 ], [ -97.475099, 32.795637 ], [ -97.475167, 32.79569 ], [ -97.475153, 32.795782 ], [ -97.475126, 32.795809 ], [ -97.475044, 32.795854 ], [ -97.474814, 32.796155 ], [ -97.474623, 32.796379 ], [ -97.474569, 32.796425 ], [ -97.47437, 32.796532 ], [ -97.474243, 32.796581 ], [ -97.474121, 32.796604 ], [ -97.47388, 32.796627 ], [ -97.473699, 32.796627 ], [ -97.473292, 32.796593 ], [ -97.473206, 32.796566 ], [ -97.472875, 32.796391 ], [ -97.472513, 32.795986 ], [ -97.472331, 32.795625 ], [ -97.472046, 32.795149 ], [ -97.47201, 32.795035 ], [ -97.471906, 32.794908 ], [ -97.471761, 32.794854 ], [ -97.471739, 32.794851 ], [ -97.471566, 32.794663 ], [ -97.471511, 32.794634 ], [ -97.471443, 32.794623 ], [ -97.471291, 32.794708 ], [ -97.471243, 32.794727 ], [ -97.471174, 32.794727 ], [ -97.471098, 32.794697 ], [ -97.471016, 32.79464 ], [ -97.470974, 32.794623 ], [ -97.470919, 32.794617 ], [ -97.470885, 32.79464 ], [ -97.470782, 32.794663 ], [ -97.470672, 32.794634 ], [ -97.470506, 32.79453 ], [ -97.470231, 32.794494 ], [ -97.470058, 32.79448 ], [ -97.469839, 32.794443 ], [ -97.469677, 32.794355 ], [ -97.46962, 32.794342 ], [ -97.469496, 32.794216 ], [ -97.46944, 32.79419 ], [ -97.468558, 32.793905 ], [ -97.468407, 32.793882 ], [ -97.468207, 32.793888 ], [ -97.467849, 32.793875 ], [ -97.467774, 32.793824 ], [ -97.467732, 32.793737 ], [ -97.467677, 32.793691 ], [ -97.467457, 32.793615 ], [ -97.467374, 32.793591 ], [ -97.467275, 32.793601 ], [ -97.467156, 32.793562 ], [ -97.467003, 32.793505 ], [ -97.466868, 32.793439 ], [ -97.46681, 32.79343 ], [ -97.466555, 32.793338 ], [ -97.46646, 32.793345 ], [ -97.466369, 32.793384 ], [ -97.466173, 32.793416 ], [ -97.466097, 32.793416 ], [ -97.465994, 32.793398 ], [ -97.46589, 32.793398 ], [ -97.465753, 32.793416 ], [ -97.465381, 32.793526 ], [ -97.465301, 32.79354 ], [ -97.465239, 32.793562 ], [ -97.465084, 32.793644 ], [ -97.465038, 32.793695 ], [ -97.465023, 32.793757 ], [ -97.465039, 32.793951 ], [ -97.465012, 32.794043 ], [ -97.464971, 32.794086 ], [ -97.464929, 32.794113 ], [ -97.464709, 32.794165 ], [ -97.464447, 32.794176 ], [ -97.464296, 32.794153 ], [ -97.464234, 32.79412 ], [ -97.464186, 32.794066 ], [ -97.464158, 32.793996 ], [ -97.464131, 32.79376 ], [ -97.464034, 32.793627 ], [ -97.463917, 32.793528 ], [ -97.463759, 32.793459 ], [ -97.463656, 32.793445 ], [ -97.46358, 32.793459 ], [ -97.463517, 32.793484 ], [ -97.463481, 32.793509 ], [ -97.463435, 32.793528 ], [ -97.463378, 32.793526 ], [ -97.463325, 32.793498 ], [ -97.463234, 32.793497 ], [ -97.463033, 32.793514 ], [ -97.462929, 32.793505 ], [ -97.46285, 32.79347 ], [ -97.462768, 32.793394 ], [ -97.462637, 32.793331 ], [ -97.462486, 32.793323 ], [ -97.462326, 32.793332 ], [ -97.462141, 32.793366 ], [ -97.461765, 32.793393 ], [ -97.46145, 32.793345 ], [ -97.461223, 32.793267 ], [ -97.461079, 32.793176 ], [ -97.461017, 32.793094 ], [ -97.461022, 32.793051 ], [ -97.461048, 32.79302 ], [ -97.461115, 32.792999 ], [ -97.461203, 32.793003 ], [ -97.461378, 32.793051 ], [ -97.461595, 32.793072 ], [ -97.461847, 32.793038 ], [ -97.461966, 32.793038 ], [ -97.462229, 32.793003 ], [ -97.462342, 32.792924 ], [ -97.462404, 32.792873 ], [ -97.462584, 32.792782 ], [ -97.462929, 32.792648 ], [ -97.463012, 32.792578 ], [ -97.463084, 32.792461 ], [ -97.463115, 32.792378 ], [ -97.46312, 32.792318 ], [ -97.46312, 32.792206 ], [ -97.463125, 32.792144 ], [ -97.463115, 32.792088 ], [ -97.463094, 32.792019 ], [ -97.463043, 32.791963 ], [ -97.462804, 32.791786 ], [ -97.462775, 32.79175 ], [ -97.462596, 32.791494 ], [ -97.462356, 32.7913 ], [ -97.462289, 32.791187 ], [ -97.462258, 32.791052 ], [ -97.462098, 32.790815 ], [ -97.462093, 32.790568 ], [ -97.462093, 32.790213 ], [ -97.462201, 32.789779 ], [ -97.462222, 32.789489 ], [ -97.462253, 32.789363 ], [ -97.462289, 32.789271 ], [ -97.462356, 32.78922 ], [ -97.462495, 32.789143 ], [ -97.462629, 32.789082 ], [ -97.462784, 32.789091 ], [ -97.462861, 32.789073 ], [ -97.462902, 32.789043 ], [ -97.462907, 32.788995 ], [ -97.462887, 32.788947 ], [ -97.462851, 32.788922 ], [ -97.462794, 32.788908 ], [ -97.462614, 32.788839 ], [ -97.462496, 32.788857 ], [ -97.462243, 32.788822 ], [ -97.462063, 32.788783 ], [ -97.461887, 32.788701 ], [ -97.461825, 32.788696 ], [ -97.4618, 32.788705 ], [ -97.461805, 32.788952 ], [ -97.461743, 32.789082 ], [ -97.461594, 32.789445 ], [ -97.461485, 32.789684 ], [ -97.461387, 32.789779 ], [ -97.46131, 32.789904 ], [ -97.461125, 32.790334 ], [ -97.461109, 32.790356 ], [ -97.46096, 32.790675 ], [ -97.460924, 32.79074 ], [ -97.460846, 32.790815 ], [ -97.460686, 32.790867 ], [ -97.460591, 32.790889 ], [ -97.460405, 32.790902 ], [ -97.460277, 32.790897 ], [ -97.459939, 32.790919 ], [ -97.459733, 32.790958 ], [ -97.459408, 32.790962 ], [ -97.459125, 32.790954 ], [ -97.458764, 32.790902 ], [ -97.458542, 32.790837 ], [ -97.458486, 32.790827 ], [ -97.458352, 32.790771 ], [ -97.458151, 32.790655 ], [ -97.458001, 32.790486 ], [ -97.457919, 32.790369 ], [ -97.457867, 32.790222 ], [ -97.457769, 32.790056 ], [ -97.457692, 32.789969 ], [ -97.457506, 32.789904 ], [ -97.457187, 32.789866 ], [ -97.456718, 32.789887 ], [ -97.45647, 32.789866 ], [ -97.456302, 32.789793 ], [ -97.456224, 32.789693 ], [ -97.455829, 32.789327 ], [ -97.455671, 32.78917 ], [ -97.455277, 32.78882 ], [ -97.455161, 32.788701 ], [ -97.45496, 32.788404 ], [ -97.454816, 32.788167 ], [ -97.454667, 32.78799 ], [ -97.454586, 32.787903 ], [ -97.454478, 32.787827 ], [ -97.454386, 32.78779 ], [ -97.454313, 32.787734 ], [ -97.454276, 32.787737 ], [ -97.454257, 32.787728 ], [ -97.454242, 32.787715 ], [ -97.454231, 32.787692 ], [ -97.454235, 32.78765 ], [ -97.454254, 32.787627 ], [ -97.454298, 32.787625 ], [ -97.454353, 32.787641 ], [ -97.454394, 32.787641 ], [ -97.45446, 32.787625 ], [ -97.454567, 32.787635 ], [ -97.454663, 32.787622 ], [ -97.454825, 32.787557 ], [ -97.454932, 32.787467 ], [ -97.454951, 32.787439 ], [ -97.455039, 32.787349 ], [ -97.455057, 32.787309 ], [ -97.455054, 32.787275 ], [ -97.455035, 32.787228 ], [ -97.45501, 32.7872 ], [ -97.454954, 32.787151 ], [ -97.454914, 32.787129 ], [ -97.454775, 32.787104 ], [ -97.454646, 32.786971 ], [ -97.454587, 32.78694 ], [ -97.454492, 32.786929 ], [ -97.454333, 32.786968 ], [ -97.454296, 32.786971 ], [ -97.454204, 32.786958 ], [ -97.45416, 32.786934 ], [ -97.454123, 32.786903 ], [ -97.454111, 32.786889 ], [ -97.454097, 32.786872 ], [ -97.454079, 32.786816 ], [ -97.454083, 32.786763 ], [ -97.454145, 32.786624 ], [ -97.454167, 32.786602 ], [ -97.454219, 32.786565 ], [ -97.454274, 32.786552 ], [ -97.454462, 32.786558 ], [ -97.454558, 32.786555 ], [ -97.454587, 32.786537 ], [ -97.454606, 32.786503 ], [ -97.454606, 32.786437 ], [ -97.454591, 32.786391 ], [ -97.454576, 32.786367 ], [ -97.45454, 32.786344 ], [ -97.454514, 32.786341 ], [ -97.454285, 32.786357 ], [ -97.454245, 32.786351 ], [ -97.454193, 32.786326 ], [ -97.454178, 32.786298 ], [ -97.454164, 32.786257 ], [ -97.454167, 32.786217 ], [ -97.454178, 32.786199 ], [ -97.454201, 32.786183 ], [ -97.454223, 32.786181 ], [ -97.454381, 32.786136 ], [ -97.454401, 32.786122 ], [ -97.454396, 32.786094 ], [ -97.454355, 32.786004 ], [ -97.454359, 32.785939 ], [ -97.454381, 32.785905 ], [ -97.454429, 32.785871 ], [ -97.454492, 32.78579 ], [ -97.454521, 32.785733 ], [ -97.454629, 32.785339 ], [ -97.45471, 32.785202 ], [ -97.454784, 32.785125 ], [ -97.454861, 32.785032 ], [ -97.45492, 32.784936 ], [ -97.454946, 32.78492 ], [ -97.454973, 32.784914 ], [ -97.455014, 32.784914 ], [ -97.455082, 32.78492 ], [ -97.455128, 32.784914 ], [ -97.455477, 32.784776 ], [ -97.455676, 32.784639 ], [ -97.455765, 32.784596 ], [ -97.455849, 32.784545 ], [ -97.455945, 32.784518 ], [ -97.455985, 32.784497 ], [ -97.456007, 32.784475 ], [ -97.456019, 32.784438 ], [ -97.456011, 32.784404 ], [ -97.455989, 32.784363 ], [ -97.455956, 32.784323 ], [ -97.45589, 32.784277 ], [ -97.455816, 32.784252 ], [ -97.455578, 32.784233 ], [ -97.455515, 32.784208 ], [ -97.455471, 32.784168 ], [ -97.455442, 32.784106 ], [ -97.455427, 32.784053 ], [ -97.455427, 32.784025 ], [ -97.455504, 32.783969 ], [ -97.455607, 32.783907 ], [ -97.455707, 32.783794 ], [ -97.455777, 32.783698 ], [ -97.45581, 32.783614 ], [ -97.455816, 32.783554 ], [ -97.455792, 32.783484 ], [ -97.45575, 32.783429 ], [ -97.455741, 32.783397 ], [ -97.455741, 32.783361 ], [ -97.455755, 32.783323 ], [ -97.455792, 32.783296 ], [ -97.455871, 32.78322 ], [ -97.456017, 32.782989 ], [ -97.456034, 32.78295 ], [ -97.456063, 32.782912 ], [ -97.456124, 32.782891 ], [ -97.456217, 32.782904 ], [ -97.456342, 32.782971 ], [ -97.456458, 32.783068 ], [ -97.456528, 32.783108 ], [ -97.45663, 32.783214 ], [ -97.456686, 32.783245 ], [ -97.457139, 32.783198 ], [ -97.457507, 32.783205 ], [ -97.458201, 32.783147 ], [ -97.458401, 32.783158 ], [ -97.458615, 32.783217 ], [ -97.458648, 32.783217 ], [ -97.458857, 32.783189 ], [ -97.45902, 32.783205 ], [ -97.459332, 32.783276 ], [ -97.459379, 32.783264 ], [ -97.459411, 32.783205 ], [ -97.459411, 32.783178 ], [ -97.459439, 32.783155 ], [ -97.459514, 32.783108 ], [ -97.459663, 32.783099 ], [ -97.459714, 32.783084 ], [ -97.459732, 32.78304 ], [ -97.459751, 32.783014 ], [ -97.45984, 32.783025 ], [ -97.459947, 32.78302 ], [ -97.460128, 32.783002 ], [ -97.460175, 32.782986 ], [ -97.460249, 32.782974 ], [ -97.460366, 32.782943 ], [ -97.460557, 32.782845 ], [ -97.460645, 32.782794 ], [ -97.460687, 32.78275 ], [ -97.460734, 32.782719 ], [ -97.46078, 32.782704 ], [ -97.460789, 32.782677 ], [ -97.46078, 32.782645 ], [ -97.460757, 32.782618 ], [ -97.46065, 32.782649 ], [ -97.460608, 32.782653 ], [ -97.460543, 32.782688 ], [ -97.460491, 32.782691 ], [ -97.460426, 32.782665 ], [ -97.460058, 32.782691 ], [ -97.459965, 32.782708 ], [ -97.459886, 32.782708 ], [ -97.459649, 32.782645 ], [ -97.459365, 32.782626 ], [ -97.459211, 32.782575 ], [ -97.459118, 32.782567 ], [ -97.459085, 32.782575 ], [ -97.458978, 32.782575 ], [ -97.458513, 32.782511 ], [ -97.458395, 32.782505 ], [ -97.458298, 32.78246 ], [ -97.458238, 32.782442 ], [ -97.457715, 32.782317 ], [ -97.457124, 32.782106 ], [ -97.45684, 32.781979 ], [ -97.456415, 32.781726 ], [ -97.456354, 32.781714 ], [ -97.456235, 32.781706 ], [ -97.456155, 32.781709 ], [ -97.455839, 32.781799 ], [ -97.455774, 32.781812 ], [ -97.455516, 32.781844 ], [ -97.455442, 32.781844 ], [ -97.455358, 32.781836 ], [ -97.455294, 32.781815 ], [ -97.455218, 32.781781 ], [ -97.455097, 32.781699 ], [ -97.455041, 32.781652 ], [ -97.455018, 32.781616 ], [ -97.455004, 32.78157 ], [ -97.455009, 32.781401 ], [ -97.455023, 32.781155 ], [ -97.455022, 32.78089 ], [ -97.45503, 32.780822 ], [ -97.455046, 32.780766 ], [ -97.45509, 32.780732 ], [ -97.455335, 32.780638 ], [ -97.455461, 32.780617 ], [ -97.455521, 32.780597 ], [ -97.455628, 32.780512 ], [ -97.455684, 32.78045 ], [ -97.455793, 32.780379 ], [ -97.455825, 32.780351 ], [ -97.455888, 32.78032 ], [ -97.455944, 32.780276 ], [ -97.455958, 32.780246 ], [ -97.456093, 32.780042 ], [ -97.456093, 32.779972 ], [ -97.456071, 32.779901 ], [ -97.456, 32.779784 ], [ -97.455805, 32.7796 ], [ -97.455772, 32.779584 ], [ -97.455729, 32.779573 ], [ -97.455707, 32.779577 ], [ -97.45566, 32.779604 ], [ -97.455646, 32.779635 ], [ -97.455698, 32.779846 ], [ -97.455702, 32.779898 ], [ -97.455684, 32.779941 ], [ -97.455632, 32.780003 ], [ -97.455469, 32.780132 ], [ -97.455256, 32.780262 ], [ -97.455227, 32.780281 ], [ -97.455181, 32.780305 ], [ -97.455088, 32.780336 ], [ -97.454943, 32.780358 ], [ -97.454868, 32.780367 ], [ -97.454807, 32.780364 ], [ -97.45477, 32.780352 ], [ -97.454714, 32.780309 ], [ -97.454672, 32.780265 ], [ -97.454639, 32.780206 ], [ -97.454625, 32.780168 ], [ -97.454616, 32.780125 ], [ -97.45463, 32.78005 ], [ -97.454793, 32.77971 ], [ -97.454835, 32.779474 ], [ -97.45484, 32.779279 ], [ -97.454835, 32.779248 ], [ -97.454802, 32.779127 ], [ -97.454765, 32.779052 ], [ -97.454695, 32.778965 ], [ -97.454612, 32.778883 ], [ -97.454528, 32.7787 ], [ -97.454504, 32.778602 ], [ -97.454593, 32.778444 ], [ -97.454644, 32.778261 ], [ -97.454649, 32.778148 ], [ -97.454635, 32.778042 ], [ -97.454574, 32.777943 ], [ -97.454509, 32.777858 ], [ -97.454425, 32.777796 ], [ -97.454327, 32.777732 ], [ -97.454234, 32.777686 ], [ -97.454104, 32.777651 ], [ -97.453955, 32.77762 ], [ -97.453885, 32.777623 ], [ -97.453839, 32.777659 ], [ -97.453815, 32.77769 ], [ -97.453914, 32.777814 ], [ -97.45395, 32.777862 ], [ -97.453988, 32.77787 ], [ -97.454067, 32.777878 ], [ -97.454118, 32.777901 ], [ -97.454151, 32.777932 ], [ -97.454174, 32.778058 ], [ -97.454165, 32.778132 ], [ -97.453988, 32.778391 ], [ -97.453862, 32.778626 ], [ -97.453862, 32.778661 ], [ -97.453918, 32.778712 ], [ -97.45396, 32.778849 ], [ -97.45406, 32.779107 ], [ -97.454065, 32.77915 ], [ -97.454041, 32.779204 ], [ -97.45399, 32.779251 ], [ -97.453939, 32.779306 ], [ -97.45393, 32.779341 ], [ -97.453934, 32.779381 ], [ -97.454, 32.779446 ], [ -97.454009, 32.779502 ], [ -97.454027, 32.779685 ], [ -97.453972, 32.779846 ], [ -97.453883, 32.780022 ], [ -97.453851, 32.780119 ], [ -97.453813, 32.780276 ], [ -97.453785, 32.780367 ], [ -97.453771, 32.780461 ], [ -97.453776, 32.780516 ], [ -97.453841, 32.78061 ], [ -97.453939, 32.780852 ], [ -97.45393, 32.781107 ], [ -97.453906, 32.781393 ], [ -97.453907, 32.781494 ], [ -97.453897, 32.781545 ], [ -97.453911, 32.781592 ], [ -97.453958, 32.781616 ], [ -97.453976, 32.781643 ], [ -97.453986, 32.781979 ], [ -97.453981, 32.782038 ], [ -97.453972, 32.782085 ], [ -97.453967, 32.782246 ], [ -97.453981, 32.782344 ], [ -97.453995, 32.782387 ], [ -97.454056, 32.7825 ], [ -97.454065, 32.782601 ], [ -97.454046, 32.782671 ], [ -97.454024, 32.782837 ], [ -97.453959, 32.783043 ], [ -97.453948, 32.783482 ], [ -97.453958, 32.783802 ], [ -97.453914, 32.783889 ], [ -97.453877, 32.784005 ], [ -97.453855, 32.78409 ], [ -97.453828, 32.784129 ], [ -97.453697, 32.784239 ], [ -97.453447, 32.784368 ], [ -97.453285, 32.784471 ], [ -97.453236, 32.784495 ], [ -97.453123, 32.784517 ], [ -97.453064, 32.7845 ], [ -97.453025, 32.784463 ], [ -97.452991, 32.784408 ], [ -97.452946, 32.784318 ], [ -97.452848, 32.784045 ], [ -97.452814, 32.783968 ], [ -97.45275, 32.783774 ], [ -97.452716, 32.783695 ], [ -97.452701, 32.783617 ], [ -97.452755, 32.783447 ], [ -97.452725, 32.783324 ], [ -97.452693, 32.783282 ], [ -97.452617, 32.78331 ], [ -97.452573, 32.783352 ], [ -97.452372, 32.783603 ], [ -97.452318, 32.783735 ], [ -97.452239, 32.783889 ], [ -97.45222, 32.783972 ], [ -97.452225, 32.784132 ], [ -97.452244, 32.784284 ], [ -97.452328, 32.784517 ], [ -97.452397, 32.784678 ], [ -97.452475, 32.784818 ], [ -97.452495, 32.784875 ], [ -97.452495, 32.784934 ], [ -97.452465, 32.785078 ], [ -97.452451, 32.785169 ], [ -97.452416, 32.785218 ], [ -97.452357, 32.78528 ], [ -97.452347, 32.785342 ], [ -97.452289, 32.785413 ], [ -97.45219, 32.785454 ], [ -97.452146, 32.785487 ], [ -97.452102, 32.785536 ], [ -97.452082, 32.785648 ], [ -97.452004, 32.785825 ], [ -97.45197, 32.785871 ], [ -97.451871, 32.786172 ], [ -97.451709, 32.786957 ], [ -97.451626, 32.787174 ], [ -97.451582, 32.787275 ], [ -97.451555, 32.787301 ], [ -97.451341, 32.787473 ], [ -97.451231, 32.787526 ], [ -97.451167, 32.787576 ], [ -97.451044, 32.787747 ], [ -97.450985, 32.787832 ], [ -97.450961, 32.788058 ], [ -97.450927, 32.788162 ], [ -97.450892, 32.788245 ], [ -97.450843, 32.788327 ], [ -97.45074, 32.788435 ], [ -97.450681, 32.788463 ], [ -97.450465, 32.788649 ], [ -97.450346, 32.788693 ], [ -97.450244, 32.788716 ], [ -97.449758, 32.788764 ], [ -97.449638, 32.788769 ], [ -97.449506, 32.788756 ], [ -97.449443, 32.788742 ], [ -97.449383, 32.788716 ], [ -97.449334, 32.788649 ], [ -97.449265, 32.7886 ], [ -97.449201, 32.788583 ], [ -97.449132, 32.788587 ], [ -97.449054, 32.788615 ], [ -97.448995, 32.788662 ], [ -97.448932, 32.78868 ], [ -97.448892, 32.78867 ], [ -97.448833, 32.788632 ], [ -97.448798, 32.788592 ], [ -97.448783, 32.788414 ], [ -97.448759, 32.788282 ], [ -97.448769, 32.788241 ], [ -97.448847, 32.788113 ], [ -97.448921, 32.788021 ], [ -97.449044, 32.78774 ], [ -97.449049, 32.787708 ], [ -97.449034, 32.787675 ], [ -97.448975, 32.787605 ], [ -97.44897, 32.787551 ], [ -97.448975, 32.787469 ], [ -97.449, 32.78737 ], [ -97.448995, 32.787191 ], [ -97.44898, 32.787129 ], [ -97.448975, 32.787067 ], [ -97.448955, 32.787014 ], [ -97.448911, 32.787014 ], [ -97.448867, 32.787052 ], [ -97.448833, 32.78711 ], [ -97.448764, 32.787287 ], [ -97.448322, 32.787872 ], [ -97.448091, 32.788435 ], [ -97.448007, 32.788559 ], [ -97.447948, 32.788625 ], [ -97.44787, 32.788672 ], [ -97.447762, 32.788694 ], [ -97.447693, 32.788699 ], [ -97.447595, 32.788694 ], [ -97.447492, 32.788666 ], [ -97.447379, 32.788629 ], [ -97.44702, 32.78848 ], [ -97.446849, 32.788438 ], [ -97.446706, 32.788418 ], [ -97.445935, 32.788245 ], [ -97.445861, 32.78822 ], [ -97.445792, 32.788187 ], [ -97.445724, 32.788113 ], [ -97.445701, 32.788036 ], [ -97.445694, 32.787956 ], [ -97.445719, 32.787878 ], [ -97.445807, 32.787779 ], [ -97.446038, 32.787498 ], [ -97.446126, 32.787407 ], [ -97.446151, 32.787366 ], [ -97.446156, 32.78732 ], [ -97.446141, 32.787287 ], [ -97.446107, 32.787275 ], [ -97.446018, 32.787295 ], [ -97.445901, 32.787315 ], [ -97.445763, 32.787353 ], [ -97.445699, 32.787362 ], [ -97.445601, 32.787362 ], [ -97.445512, 32.787332 ], [ -97.445444, 32.787291 ], [ -97.445326, 32.787196 ], [ -97.445139, 32.787022 ], [ -97.444881, 32.786668 ], [ -97.444729, 32.786399 ], [ -97.444607, 32.786056 ], [ -97.444612, 32.785944 ], [ -97.444602, 32.785902 ], [ -97.444578, 32.785866 ], [ -97.444503, 32.785784 ], [ -97.444484, 32.785708 ], [ -97.444479, 32.785623 ], [ -97.444504, 32.785569 ], [ -97.444607, 32.785466 ], [ -97.444632, 32.785432 ], [ -97.444622, 32.785404 ], [ -97.444587, 32.785383 ], [ -97.444371, 32.785445 ], [ -97.44417, 32.785522 ], [ -97.44413, 32.785532 ], [ -97.444057, 32.785511 ], [ -97.443949, 32.785437 ], [ -97.443873, 32.78533 ], [ -97.443858, 32.785297 ], [ -97.443853, 32.785251 ], [ -97.443863, 32.785214 ], [ -97.443883, 32.785176 ], [ -97.443996, 32.785111 ], [ -97.444123, 32.784896 ], [ -97.444118, 32.784747 ], [ -97.444094, 32.784714 ], [ -97.444055, 32.784698 ], [ -97.444025, 32.784698 ], [ -97.443888, 32.784779 ], [ -97.443745, 32.784962 ], [ -97.443642, 32.785103 ], [ -97.443568, 32.785165 ], [ -97.443514, 32.785305 ], [ -97.443484, 32.785441 ], [ -97.443484, 32.785565 ], [ -97.443499, 32.785611 ], [ -97.443519, 32.785643 ], [ -97.443568, 32.785693 ], [ -97.443873, 32.785929 ], [ -97.443892, 32.785981 ], [ -97.443897, 32.78604 ], [ -97.443878, 32.78609 ], [ -97.443883, 32.786201 ], [ -97.443855, 32.786296 ], [ -97.443862, 32.786365 ], [ -97.443937, 32.786468 ], [ -97.443965, 32.78655 ], [ -97.444027, 32.78662 ], [ -97.444075, 32.786659 ], [ -97.444109, 32.786724 ], [ -97.444116, 32.786758 ], [ -97.444116, 32.786803 ], [ -97.444054, 32.786924 ], [ -97.443951, 32.787024 ], [ -97.443951, 32.787052 ], [ -97.443979, 32.78711 ], [ -97.44402, 32.787139 ], [ -97.444061, 32.787162 ], [ -97.444254, 32.78729 ], [ -97.444357, 32.787388 ], [ -97.444433, 32.787469 ], [ -97.444439, 32.78755 ], [ -97.444446, 32.787573 ], [ -97.444419, 32.78766 ], [ -97.444336, 32.787746 ], [ -97.444309, 32.787781 ], [ -97.444199, 32.787861 ], [ -97.444109, 32.787908 ], [ -97.443958, 32.788001 ], [ -97.443814, 32.788075 ], [ -97.44369, 32.788173 ], [ -97.4436, 32.788272 ], [ -97.443476, 32.788471 ], [ -97.443353, 32.788666 ], [ -97.443298, 32.788747 ], [ -97.443263, 32.788809 ], [ -97.443236, 32.788845 ], [ -97.443153, 32.788868 ], [ -97.442995, 32.788834 ], [ -97.442761, 32.788654 ], [ -97.44272, 32.788648 ], [ -97.4427, 32.788637 ], [ -97.442651, 32.78866 ], [ -97.442638, 32.788728 ], [ -97.442569, 32.788885 ], [ -97.442514, 32.788943 ], [ -97.442383, 32.789006 ], [ -97.442101, 32.789071 ], [ -97.441792, 32.789071 ], [ -97.441523, 32.789067 ], [ -97.44117, 32.78906 ], [ -97.440839, 32.789056 ], [ -97.440681, 32.789033 ], [ -97.440412, 32.789009 ], [ -97.44023, 32.788984 ], [ -97.440134, 32.788955 ], [ -97.44001, 32.788874 ], [ -97.439986, 32.788825 ], [ -97.439984, 32.788717 ], [ -97.439969, 32.78859 ], [ -97.439969, 32.788412 ], [ -97.439893, 32.788233 ], [ -97.439783, 32.787822 ], [ -97.439715, 32.787747 ], [ -97.439598, 32.787678 ], [ -97.439501, 32.787683 ], [ -97.43933, 32.787701 ], [ -97.439233, 32.787723 ], [ -97.439151, 32.787695 ], [ -97.439055, 32.787608 ], [ -97.438958, 32.78747 ], [ -97.438951, 32.78736 ], [ -97.438972, 32.787308 ], [ -97.43913, 32.787174 ], [ -97.439206, 32.787076 ], [ -97.439268, 32.786828 ], [ -97.439316, 32.786082 ], [ -97.439295, 32.785961 ], [ -97.439233, 32.785944 ], [ -97.439117, 32.78596 ], [ -97.439093, 32.786035 ], [ -97.439021, 32.786203 ], [ -97.438866, 32.78646 ], [ -97.438801, 32.786503 ], [ -97.438787, 32.786738 ], [ -97.438636, 32.786929 ], [ -97.438265, 32.787011 ], [ -97.437929, 32.787011 ], [ -97.437718, 32.78696 ], [ -97.437565, 32.786924 ], [ -97.437263, 32.786838 ], [ -97.436982, 32.786745 ], [ -97.436762, 32.786664 ], [ -97.436481, 32.786532 ], [ -97.43576, 32.786203 ], [ -97.435149, 32.785908 ], [ -97.43493, 32.785862 ], [ -97.434209, 32.785412 ], [ -97.433777, 32.785077 ], [ -97.43355, 32.784996 ], [ -97.433248, 32.78503 ], [ -97.432761, 32.785216 ], [ -97.432267, 32.785285 ], [ -97.431443, 32.785424 ], [ -97.431196, 32.78551 ], [ -97.431086, 32.785533 ], [ -97.431024, 32.78558 ], [ -97.430757, 32.785637 ], [ -97.430463, 32.785677 ], [ -97.430408, 32.78573 ], [ -97.429804, 32.786012 ], [ -97.429529, 32.786161 ], [ -97.429413, 32.786197 ], [ -97.429317, 32.78622 ], [ -97.429083, 32.786209 ], [ -97.428912, 32.786265 ], [ -97.428843, 32.786312 ], [ -97.428665, 32.786583 ], [ -97.428335, 32.78682 ], [ -97.42804, 32.787045 ], [ -97.427738, 32.787201 ], [ -97.427271, 32.787408 ], [ -97.427107, 32.787432 ], [ -97.426811, 32.787519 ], [ -97.426516, 32.787553 ], [ -97.425947, 32.787467 ], [ -97.425755, 32.787408 ], [ -97.425487, 32.787369 ], [ -97.42524, 32.787293 ], [ -97.425054, 32.787253 ], [ -97.424821, 32.787184 ], [ -97.424786, 32.787126 ], [ -97.424794, 32.787028 ], [ -97.424835, 32.786971 ], [ -97.424883, 32.786935 ], [ -97.424979, 32.786918 ], [ -97.425006, 32.786878 ], [ -97.424958, 32.78682 ], [ -97.424924, 32.786768 ], [ -97.424848, 32.786687 ], [ -97.424677, 32.7866 ], [ -97.424464, 32.786572 ], [ -97.424272, 32.786589 ], [ -97.424072, 32.786641 ], [ -97.423928, 32.786699 ], [ -97.423743, 32.786792 ], [ -97.423571, 32.786867 ], [ -97.42342, 32.786901 ], [ -97.423369, 32.786898 ], [ -97.423283, 32.786892 ], [ -97.423119, 32.786893 ], [ -97.422972, 32.786903 ], [ -97.422794, 32.786893 ], [ -97.422732, 32.786883 ], [ -97.42261, 32.786878 ], [ -97.422419, 32.786878 ], [ -97.42226, 32.786898 ], [ -97.422167, 32.786949 ], [ -97.422063, 32.787058 ], [ -97.421959, 32.787146 ], [ -97.421848, 32.787162 ], [ -97.421713, 32.787172 ], [ -97.42156, 32.787229 ], [ -97.421449, 32.787284 ], [ -97.421345, 32.787373 ], [ -97.421283, 32.787506 ], [ -97.421222, 32.787599 ], [ -97.421136, 32.787796 ], [ -97.421111, 32.787945 ], [ -97.42113, 32.788055 ], [ -97.421133, 32.788142 ], [ -97.421284, 32.788522 ], [ -97.421339, 32.78859 ], [ -97.421469, 32.788775 ], [ -97.42151, 32.788879 ], [ -97.421811, 32.789223 ], [ -97.421907, 32.789322 ], [ -97.42201, 32.789408 ], [ -97.422147, 32.789482 ], [ -97.422311, 32.789586 ], [ -97.42239, 32.789673 ], [ -97.422418, 32.789766 ], [ -97.422434, 32.789886 ], [ -97.4224, 32.789955 ], [ -97.422239, 32.790125 ], [ -97.422075, 32.790194 ], [ -97.422034, 32.790264 ], [ -97.421965, 32.790332 ], [ -97.421931, 32.790396 ], [ -97.421897, 32.790488 ], [ -97.421904, 32.790552 ], [ -97.421959, 32.790609 ], [ -97.422048, 32.790673 ], [ -97.422075, 32.790747 ], [ -97.422123, 32.790782 ], [ -97.422171, 32.790844 ], [ -97.422198, 32.790984 ], [ -97.42215, 32.791064 ], [ -97.422075, 32.791081 ], [ -97.421911, 32.791128 ], [ -97.421801, 32.79119 ], [ -97.421712, 32.791248 ], [ -97.421568, 32.791254 ], [ -97.421424, 32.791122 ], [ -97.421342, 32.791035 ], [ -97.421322, 32.79092 ], [ -97.421377, 32.790369 ], [ -97.421391, 32.790293 ], [ -97.421398, 32.789975 ], [ -97.421426, 32.789633 ], [ -97.421391, 32.789516 ], [ -97.421377, 32.789425 ], [ -97.42135, 32.789384 ], [ -97.421267, 32.789344 ], [ -97.421219, 32.789372 ], [ -97.421074, 32.789344 ], [ -97.420978, 32.789413 ], [ -97.420895, 32.789616 ], [ -97.420819, 32.789853 ], [ -97.420812, 32.790038 ], [ -97.420833, 32.790612 ], [ -97.420833, 32.790751 ], [ -97.420806, 32.790895 ], [ -97.420695, 32.790954 ], [ -97.420592, 32.790976 ], [ -97.420241, 32.790948 ], [ -97.419992, 32.790751 ], [ -97.419841, 32.790692 ], [ -97.419717, 32.790612 ], [ -97.419524, 32.790508 ], [ -97.419441, 32.790363 ], [ -97.419262, 32.790253 ], [ -97.419166, 32.790154 ], [ -97.419076, 32.790004 ], [ -97.418973, 32.789893 ], [ -97.418835, 32.789737 ], [ -97.418773, 32.789552 ], [ -97.418738, 32.789396 ], [ -97.418649, 32.789309 ], [ -97.418394, 32.789205 ], [ -97.418304, 32.789187 ], [ -97.418208, 32.789122 ], [ -97.418151, 32.789008 ], [ -97.41818, 32.788579 ], [ -97.418084, 32.788417 ], [ -97.417987, 32.788353 ], [ -97.417925, 32.788327 ], [ -97.417842, 32.788316 ], [ -97.417733, 32.78831 ], [ -97.417616, 32.788293 ], [ -97.417541, 32.788293 ], [ -97.417445, 32.788327 ], [ -97.417335, 32.788401 ], [ -97.417253, 32.788424 ], [ -97.417143, 32.788552 ], [ -97.417136, 32.788708 ], [ -97.417054, 32.78876 ], [ -97.416972, 32.788881 ], [ -97.416886, 32.78895 ], [ -97.416828, 32.789019 ], [ -97.416704, 32.789105 ], [ -97.416636, 32.789169 ], [ -97.41656, 32.789273 ], [ -97.416521, 32.789344 ], [ -97.41619, 32.789859 ], [ -97.416128, 32.789865 ], [ -97.416011, 32.789836 ], [ -97.415962, 32.789842 ], [ -97.415873, 32.79001 ], [ -97.415756, 32.790201 ], [ -97.415649, 32.790387 ], [ -97.415186, 32.790471 ], [ -97.413277, 32.790819 ], [ -97.41502, 32.79065 ], [ -97.415524, 32.790602 ], [ -97.415305, 32.790981 ], [ -97.415074, 32.791382 ], [ -97.415018, 32.791504 ], [ -97.415133, 32.791584 ], [ -97.415159, 32.791669 ], [ -97.415111, 32.791721 ], [ -97.415063, 32.791756 ], [ -97.415049, 32.791795 ], [ -97.415049, 32.791924 ], [ -97.414987, 32.79215 ], [ -97.414938, 32.792555 ], [ -97.414845, 32.793425 ], [ -97.4149, 32.793652 ], [ -97.414955, 32.793751 ], [ -97.41501, 32.793791 ], [ -97.415065, 32.793813 ], [ -97.415109, 32.793841 ], [ -97.415204, 32.793841 ], [ -97.415931, 32.793958 ], [ -97.41607, 32.793961 ], [ -97.416114, 32.793944 ], [ -97.416284, 32.79394 ], [ -97.416393, 32.793958 ], [ -97.41664, 32.793954 ], [ -97.416779, 32.793914 ], [ -97.416888, 32.793917 ], [ -97.416956, 32.793948 ], [ -97.41703, 32.793961 ], [ -97.417132, 32.79394 ], [ -97.417308, 32.793965 ], [ -97.417473, 32.794026 ], [ -97.417645, 32.794141 ], [ -97.417742, 32.794153 ], [ -97.417818, 32.79413 ], [ -97.417886, 32.794095 ], [ -97.417983, 32.794054 ], [ -97.418079, 32.79403 ], [ -97.418274, 32.794016 ], [ -97.418548, 32.79413 ], [ -97.418585, 32.79419 ], [ -97.418599, 32.794248 ], [ -97.418572, 32.794334 ], [ -97.418523, 32.794421 ], [ -97.418496, 32.794514 ], [ -97.41853, 32.79466 ], [ -97.418503, 32.794815 ], [ -97.418454, 32.794938 ], [ -97.418454, 32.794995 ], [ -97.418496, 32.795036 ], [ -97.418544, 32.795071 ], [ -97.418605, 32.79514 ], [ -97.418674, 32.795146 ], [ -97.41877, 32.795133 ], [ -97.418901, 32.795099 ], [ -97.419134, 32.794767 ], [ -97.419191, 32.794741 ], [ -97.41928, 32.794642 ], [ -97.419329, 32.794531 ], [ -97.419439, 32.794421 ], [ -97.419515, 32.794364 ], [ -97.419605, 32.794341 ], [ -97.419702, 32.794356 ], [ -97.419749, 32.794379 ], [ -97.419839, 32.794399 ], [ -97.420114, 32.794607 ], [ -97.420211, 32.794689 ], [ -97.4203, 32.794752 ], [ -97.420459, 32.794781 ], [ -97.420536, 32.794753 ], [ -97.420621, 32.794671 ], [ -97.420685, 32.794634 ], [ -97.420757, 32.79462 ], [ -97.42093, 32.794624 ], [ -97.420982, 32.794635 ], [ -97.421118, 32.794635 ], [ -97.421193, 32.794621 ], [ -97.421579, 32.794646 ], [ -97.421854, 32.794736 ], [ -97.421995, 32.79481 ], [ -97.422057, 32.794885 ], [ -97.422174, 32.795116 ], [ -97.422222, 32.79525 ], [ -97.422243, 32.79533 ], [ -97.422243, 32.795447 ], [ -97.422263, 32.795569 ], [ -97.422256, 32.795724 ], [ -97.422243, 32.795851 ], [ -97.42216, 32.795921 ], [ -97.422077, 32.79598 ], [ -97.421995, 32.796061 ], [ -97.421891, 32.796142 ], [ -97.421857, 32.7962 ], [ -97.421864, 32.796252 ], [ -97.421891, 32.796304 ], [ -97.421836, 32.796397 ], [ -97.421616, 32.796743 ], [ -97.421588, 32.796917 ], [ -97.421629, 32.797016 ], [ -97.421671, 32.797027 ], [ -97.421746, 32.79704 ], [ -97.421795, 32.797063 ], [ -97.421795, 32.797167 ], [ -97.421829, 32.797248 ], [ -97.421891, 32.797277 ], [ -97.421946, 32.797271 ], [ -97.422008, 32.797224 ], [ -97.422187, 32.797167 ], [ -97.422339, 32.797074 ], [ -97.422401, 32.797027 ], [ -97.42247, 32.796964 ], [ -97.42256, 32.796889 ], [ -97.422649, 32.796802 ], [ -97.422709, 32.796757 ], [ -97.422745, 32.796747 ], [ -97.422803, 32.79675 ], [ -97.422855, 32.796746 ], [ -97.422891, 32.796711 ], [ -97.422906, 32.796675 ], [ -97.422932, 32.796667 ], [ -97.422958, 32.796728 ], [ -97.423009, 32.796737 ], [ -97.423051, 32.796759 ], [ -97.423102, 32.796771 ], [ -97.423164, 32.796798 ], [ -97.423216, 32.796844 ], [ -97.423252, 32.796892 ], [ -97.423303, 32.796906 ], [ -97.42335, 32.796928 ], [ -97.423412, 32.796923 ], [ -97.423479, 32.796932 ], [ -97.423525, 32.797001 ], [ -97.423577, 32.796979 ], [ -97.423639, 32.796979 ], [ -97.423644, 32.796906 ], [ -97.42367, 32.796737 ], [ -97.42367, 32.796675 ], [ -97.423649, 32.796619 ], [ -97.423649, 32.796568 ], [ -97.423618, 32.796429 ], [ -97.423603, 32.796312 ], [ -97.423623, 32.796242 ], [ -97.423628, 32.796138 ], [ -97.423613, 32.795986 ], [ -97.423592, 32.795883 ], [ -97.423613, 32.795792 ], [ -97.423654, 32.795696 ], [ -97.423739, 32.795524 ], [ -97.42376, 32.795434 ], [ -97.42376, 32.795347 ], [ -97.42377, 32.795248 ], [ -97.42377, 32.795192 ], [ -97.42376, 32.795096 ], [ -97.42376, 32.794997 ], [ -97.423775, 32.794927 ], [ -97.423878, 32.794828 ], [ -97.424002, 32.794776 ], [ -97.424224, 32.794732 ], [ -97.424353, 32.794732 ], [ -97.424466, 32.794711 ], [ -97.424595, 32.794693 ], [ -97.424698, 32.794666 ], [ -97.424807, 32.794645 ], [ -97.424905, 32.794589 ], [ -97.425039, 32.794559 ], [ -97.425138, 32.79453 ], [ -97.425205, 32.794522 ], [ -97.425314, 32.7945 ], [ -97.425468, 32.794452 ], [ -97.425814, 32.79437 ], [ -97.425917, 32.794356 ], [ -97.425963, 32.794365 ], [ -97.426036, 32.794356 ], [ -97.426149, 32.794322 ], [ -97.426242, 32.794269 ], [ -97.42636, 32.794221 ], [ -97.426443, 32.794209 ], [ -97.426556, 32.794204 ], [ -97.426732, 32.794179 ], [ -97.426866, 32.794148 ], [ -97.427412, 32.794092 ], [ -97.427474, 32.794067 ], [ -97.427557, 32.794054 ], [ -97.427629, 32.794061 ], [ -97.427742, 32.794061 ], [ -97.427928, 32.794032 ], [ -97.428047, 32.794002 ], [ -97.428114, 32.793967 ], [ -97.428377, 32.793815 ], [ -97.428449, 32.79375 ], [ -97.428521, 32.793694 ], [ -97.428877, 32.793568 ], [ -97.429032, 32.79349 ], [ -97.429104, 32.793494 ], [ -97.429496, 32.793411 ], [ -97.429589, 32.793408 ], [ -97.429715, 32.793425 ], [ -97.429846, 32.793453 ], [ -97.429949, 32.793495 ], [ -97.430001, 32.79356 ], [ -97.430269, 32.793756 ], [ -97.430377, 32.793795 ], [ -97.43045, 32.793816 ], [ -97.430584, 32.793847 ], [ -97.430816, 32.793855 ], [ -97.431017, 32.793825 ], [ -97.431213, 32.793773 ], [ -97.43128, 32.793734 ], [ -97.431471, 32.793635 ], [ -97.431692, 32.793535 ], [ -97.431765, 32.793478 ], [ -97.431986, 32.793464 ], [ -97.432069, 32.793478 ], [ -97.432156, 32.793509 ], [ -97.432218, 32.793539 ], [ -97.432383, 32.793608 ], [ -97.432456, 32.793643 ], [ -97.432584, 32.793656 ], [ -97.432662, 32.793673 ], [ -97.43294, 32.793712 ], [ -97.433116, 32.793729 ], [ -97.43338, 32.793801 ], [ -97.433788, 32.793844 ], [ -97.434061, 32.793892 ], [ -97.43419, 32.793888 ], [ -97.434319, 32.79387 ], [ -97.434695, 32.793827 ], [ -97.434835, 32.793788 ], [ -97.435003, 32.793727 ], [ -97.435113, 32.793688 ], [ -97.435258, 32.793692 ], [ -97.435335, 32.793701 ], [ -97.435386, 32.793745 ], [ -97.435464, 32.793792 ], [ -97.435634, 32.793849 ], [ -97.435758, 32.793875 ], [ -97.436289, 32.79394 ], [ -97.43635, 32.793984 ], [ -97.436402, 32.794092 ], [ -97.436381, 32.794266 ], [ -97.43635, 32.794339 ], [ -97.436299, 32.794417 ], [ -97.436273, 32.794482 ], [ -97.436242, 32.794617 ], [ -97.436227, 32.794777 ], [ -97.436247, 32.794942 ], [ -97.436222, 32.795001 ], [ -97.436196, 32.795128 ], [ -97.436186, 32.795265 ], [ -97.4362, 32.795285 ], [ -97.436222, 32.795287 ], [ -97.436252, 32.795276 ], [ -97.436387, 32.795158 ], [ -97.436448, 32.795023 ], [ -97.436459, 32.794933 ], [ -97.436454, 32.794764 ], [ -97.436521, 32.794586 ], [ -97.436572, 32.794504 ], [ -97.436634, 32.794435 ], [ -97.436701, 32.794331 ], [ -97.436742, 32.794292 ], [ -97.436804, 32.794252 ], [ -97.436856, 32.794252 ], [ -97.436897, 32.794204 ], [ -97.436923, 32.794117 ], [ -97.436969, 32.794005 ], [ -97.437021, 32.793965 ], [ -97.4371, 32.793925 ], [ -97.437198, 32.793908 ], [ -97.437327, 32.793951 ], [ -97.437399, 32.793956 ], [ -97.437466, 32.793951 ], [ -97.43758, 32.79396 ], [ -97.437626, 32.793982 ], [ -97.437668, 32.794024 ], [ -97.437693, 32.794099 ], [ -97.437745, 32.794128 ], [ -97.437724, 32.794249 ], [ -97.437781, 32.794258 ], [ -97.437858, 32.794198 ], [ -97.43792, 32.794176 ], [ -97.437998, 32.794128 ], [ -97.438044, 32.794081 ], [ -97.43808, 32.79406 ], [ -97.43823, 32.793951 ], [ -97.438271, 32.79396 ], [ -97.438312, 32.794002 ], [ -97.438374, 32.794038 ], [ -97.438381, 32.794047 ], [ -97.438415, 32.794086 ], [ -97.438524, 32.794255 ], [ -97.438675, 32.794406 ], [ -97.438796, 32.7945 ], [ -97.438939, 32.794629 ], [ -97.439186, 32.795416 ], [ -97.439227, 32.795606 ], [ -97.439263, 32.795403 ], [ -97.439299, 32.794471 ], [ -97.439243, 32.793894 ], [ -97.439258, 32.793754 ], [ -97.439289, 32.793689 ], [ -97.439353, 32.793652 ], [ -97.439654, 32.793515 ], [ -97.439952, 32.793439 ], [ -97.440048, 32.793463 ], [ -97.440213, 32.793486 ], [ -97.440343, 32.793526 ], [ -97.440529, 32.79356 ], [ -97.440806, 32.793639 ], [ -97.440875, 32.79365 ], [ -97.440957, 32.79365 ], [ -97.441039, 32.793633 ], [ -97.441122, 32.793627 ], [ -97.441177, 32.793639 ], [ -97.441218, 32.793725 ], [ -97.441273, 32.793754 ], [ -97.441382, 32.793794 ], [ -97.442331, 32.794004 ], [ -97.442632, 32.79401 ], [ -97.442778, 32.794005 ], [ -97.442874, 32.793993 ], [ -97.443067, 32.793919 ], [ -97.443163, 32.793872 ], [ -97.443279, 32.793878 ], [ -97.443389, 32.793889 ], [ -97.443684, 32.793838 ], [ -97.443773, 32.79385 ], [ -97.443849, 32.793889 ], [ -97.443883, 32.793925 ], [ -97.443897, 32.79404 ], [ -97.443931, 32.794098 ], [ -97.443986, 32.794131 ], [ -97.444021, 32.794173 ], [ -97.444041, 32.794207 ], [ -97.444124, 32.794252 ], [ -97.444199, 32.794258 ], [ -97.444288, 32.794235 ], [ -97.444542, 32.794131 ], [ -97.444625, 32.79412 ], [ -97.444645, 32.794086 ], [ -97.444659, 32.794034 ], [ -97.444638, 32.793965 ], [ -97.444652, 32.793925 ], [ -97.444721, 32.793884 ], [ -97.444851, 32.793768 ], [ -97.444892, 32.793717 ], [ -97.445009, 32.793671 ], [ -97.445105, 32.793664 ], [ -97.445167, 32.793681 ], [ -97.445249, 32.793717 ], [ -97.445708, 32.793884 ], [ -97.445825, 32.793895 ], [ -97.445921, 32.793901 ], [ -97.44612, 32.793925 ], [ -97.446188, 32.793913 ], [ -97.446284, 32.793872 ], [ -97.446353, 32.793878 ], [ -97.446387, 32.793913 ], [ -97.446401, 32.793959 ], [ -97.446463, 32.793999 ], [ -97.446531, 32.794051 ], [ -97.446751, 32.794092 ], [ -97.446977, 32.794092 ], [ -97.447101, 32.794103 ], [ -97.447245, 32.794098 ], [ -97.44756, 32.794131 ], [ -97.447787, 32.794131 ], [ -97.448041, 32.794137 ], [ -97.448321, 32.794067 ], [ -97.448554, 32.794089 ], [ -97.448773, 32.794142 ], [ -97.448971, 32.794251 ], [ -97.449286, 32.794344 ], [ -97.449341, 32.794355 ], [ -97.449497, 32.794345 ], [ -97.450045, 32.794275 ], [ -97.450326, 32.794165 ], [ -97.450449, 32.794103 ], [ -97.450538, 32.793999 ], [ -97.450655, 32.793917 ], [ -97.450758, 32.793861 ], [ -97.450881, 32.793785 ], [ -97.450936, 32.793757 ], [ -97.451004, 32.793757 ], [ -97.451121, 32.793802 ], [ -97.45121, 32.793774 ], [ -97.451313, 32.793802 ], [ -97.45132, 32.793861 ], [ -97.451402, 32.793917 ], [ -97.451491, 32.793912 ], [ -97.451573, 32.793889 ], [ -97.451683, 32.793826 ], [ -97.451905, 32.793823 ], [ -97.45196, 32.793816 ], [ -97.452083, 32.793788 ], [ -97.452206, 32.793754 ], [ -97.452227, 32.793678 ], [ -97.452199, 32.793518 ], [ -97.452172, 32.793414 ], [ -97.452124, 32.793332 ], [ -97.452056, 32.793287 ], [ -97.451932, 32.793259 ], [ -97.451864, 32.793207 ], [ -97.451864, 32.793155 ], [ -97.45198, 32.79312 ], [ -97.452062, 32.79312 ], [ -97.452117, 32.793138 ], [ -97.45222, 32.793183 ], [ -97.452316, 32.793235 ], [ -97.452405, 32.79327 ], [ -97.45246, 32.79331 ], [ -97.452645, 32.793425 ], [ -97.45272, 32.793495 ], [ -97.452919, 32.79361 ], [ -97.452946, 32.793656 ], [ -97.453028, 32.793725 ], [ -97.453124, 32.793748 ], [ -97.453282, 32.793796 ], [ -97.45343, 32.793866 ], [ -97.453577, 32.793934 ], [ -97.453816, 32.794033 ], [ -97.453885, 32.794096 ], [ -97.453816, 32.794165 ], [ -97.453789, 32.794199 ], [ -97.453796, 32.79424 ], [ -97.453871, 32.794297 ], [ -97.453967, 32.794338 ], [ -97.454069, 32.794338 ], [ -97.454172, 32.794355 ], [ -97.454275, 32.794344 ], [ -97.454418, 32.79439 ], [ -97.454583, 32.794534 ], [ -97.454672, 32.794573 ], [ -97.454767, 32.79459 ], [ -97.454863, 32.79462 ], [ -97.454966, 32.794568 ], [ -97.455014, 32.794573 ], [ -97.455082, 32.79459 ], [ -97.455089, 32.794626 ], [ -97.455048, 32.794752 ], [ -97.45502, 32.794804 ], [ -97.455041, 32.79489 ], [ -97.455096, 32.795 ], [ -97.455171, 32.795085 ], [ -97.455184, 32.79515 ], [ -97.45521, 32.795211 ], [ -97.455196, 32.795263 ], [ -97.455149, 32.795527 ], [ -97.455142, 32.795827 ], [ -97.45519, 32.795969 ], [ -97.455272, 32.796056 ], [ -97.455333, 32.796114 ], [ -97.455408, 32.796149 ], [ -97.455491, 32.796194 ], [ -97.455566, 32.796258 ], [ -97.455668, 32.79631 ], [ -97.455887, 32.796522 ], [ -97.456092, 32.796833 ], [ -97.456209, 32.796878 ], [ -97.456304, 32.796908 ], [ -97.456462, 32.796908 ], [ -97.456554, 32.796847 ], [ -97.45667, 32.79679 ], [ -97.456834, 32.796754 ], [ -97.456991, 32.796726 ], [ -97.457094, 32.796743 ], [ -97.457265, 32.79679 ], [ -97.457381, 32.796784 ], [ -97.457463, 32.796807 ], [ -97.4576, 32.79687 ], [ -97.457812, 32.797054 ], [ -97.457928, 32.797106 ], [ -97.458051, 32.797134 ], [ -97.458194, 32.79714 ], [ -97.458318, 32.797162 ], [ -97.458557, 32.797266 ], [ -97.458769, 32.797416 ], [ -97.458851, 32.797589 ], [ -97.458919, 32.79768 ], [ -97.459028, 32.797703 ], [ -97.45911, 32.797714 ], [ -97.459186, 32.797738 ], [ -97.459179, 32.797778 ], [ -97.459206, 32.797859 ], [ -97.459247, 32.797893 ], [ -97.459309, 32.797893 ], [ -97.45935, 32.797899 ], [ -97.459363, 32.797974 ], [ -97.459411, 32.798066 ], [ -97.45948, 32.798122 ], [ -97.45953, 32.798223 ], [ -97.45964, 32.798409 ], [ -97.459722, 32.798495 ], [ -97.459865, 32.798633 ], [ -97.459995, 32.798782 ], [ -97.460036, 32.798943 ], [ -97.460173, 32.799109 ], [ -97.460255, 32.79919 ], [ -97.460339, 32.799312 ], [ -97.460364, 32.799464 ], [ -97.46053, 32.799701 ], [ -97.460589, 32.799821 ], [ -97.460618, 32.799999 ], [ -97.460666, 32.800119 ], [ -97.460727, 32.800182 ], [ -97.46104, 32.800447 ], [ -97.461143, 32.800486 ], [ -97.461375, 32.800901 ], [ -97.46147, 32.801015 ], [ -97.461551, 32.801081 ], [ -97.462022, 32.801612 ], [ -97.462076, 32.801715 ], [ -97.462185, 32.8018 ], [ -97.462376, 32.801972 ], [ -97.462506, 32.8021 ], [ -97.462615, 32.802174 ], [ -97.462766, 32.802335 ], [ -97.462916, 32.802421 ], [ -97.46312, 32.802582 ], [ -97.463155, 32.802633 ], [ -97.463505, 32.802968 ], [ -97.464052, 32.803485 ], [ -97.464209, 32.803697 ], [ -97.46427, 32.803863 ], [ -97.464256, 32.804007 ], [ -97.464229, 32.804122 ], [ -97.46414, 32.804225 ], [ -97.464038, 32.804305 ], [ -97.463908, 32.80438 ], [ -97.463806, 32.804426 ], [ -97.463683, 32.804471 ], [ -97.463465, 32.804494 ], [ -97.463281, 32.804516 ], [ -97.462981, 32.804563 ], [ -97.462885, 32.804586 ], [ -97.462626, 32.804637 ], [ -97.462473, 32.80469 ], [ -97.462321, 32.804743 ], [ -97.462089, 32.804851 ], [ -97.461939, 32.804903 ], [ -97.461633, 32.805052 ], [ -97.461408, 32.805149 ], [ -97.46119, 32.805224 ], [ -97.46104, 32.805293 ], [ -97.460891, 32.805349 ], [ -97.460727, 32.80543 ], [ -97.460516, 32.805464 ], [ -97.460089, 32.805477 ], [ -97.460007, 32.805453 ], [ -97.459911, 32.805448 ], [ -97.459802, 32.805481 ], [ -97.459714, 32.805528 ], [ -97.459646, 32.805528 ], [ -97.459489, 32.8055 ], [ -97.459401, 32.805453 ], [ -97.459305, 32.805436 ], [ -97.459162, 32.80547 ], [ -97.459087, 32.805504 ], [ -97.459032, 32.805512 ], [ -97.458992, 32.805487 ], [ -97.458876, 32.805459 ], [ -97.458767, 32.805436 ], [ -97.45861, 32.805419 ], [ -97.458529, 32.805419 ], [ -97.458406, 32.805459 ], [ -97.458242, 32.805464 ], [ -97.45799, 32.805511 ], [ -97.45782, 32.805563 ], [ -97.457663, 32.805597 ], [ -97.457541, 32.805631 ], [ -97.457398, 32.80566 ], [ -97.456513, 32.805688 ], [ -97.455995, 32.80567 ], [ -97.455771, 32.80567 ], [ -97.455621, 32.805705 ], [ -97.455409, 32.805774 ], [ -97.454804, 32.806111 ], [ -97.454613, 32.80626 ], [ -97.45436, 32.806576 ], [ -97.454264, 32.80669 ], [ -97.454183, 32.806748 ], [ -97.454101, 32.806782 ], [ -97.454035, 32.806792 ], [ -97.453721, 32.80686 ], [ -97.45349, 32.807026 ], [ -97.453367, 32.807198 ], [ -97.453342, 32.80726 ], [ -97.453312, 32.807336 ], [ -97.453244, 32.807481 ], [ -97.453013, 32.807744 ], [ -97.452856, 32.808017 ], [ -97.452543, 32.808619 ], [ -97.452495, 32.808773 ], [ -97.45242, 32.80906 ], [ -97.45223, 32.809386 ], [ -97.452182, 32.809528 ], [ -97.452169, 32.809637 ], [ -97.452128, 32.809815 ], [ -97.452135, 32.809877 ], [ -97.452203, 32.810009 ], [ -97.452175, 32.810063 ], [ -97.452083, 32.810086 ], [ -97.451893, 32.810108 ], [ -97.451845, 32.810125 ], [ -97.451515, 32.810158 ], [ -97.4514, 32.810209 ], [ -97.45127, 32.810192 ], [ -97.45123, 32.810169 ], [ -97.451202, 32.8101 ], [ -97.450958, 32.810043 ], [ -97.450842, 32.809998 ], [ -97.45057, 32.809928 ], [ -97.450407, 32.809928 ], [ -97.450237, 32.809877 ], [ -97.449992, 32.809769 ], [ -97.449897, 32.809739 ], [ -97.449713, 32.809706 ], [ -97.44936, 32.80966 ], [ -97.449179, 32.809629 ], [ -97.44909, 32.809623 ], [ -97.448999, 32.809638 ], [ -97.448938, 32.809683 ], [ -97.448744, 32.809772 ], [ -97.448547, 32.809823 ], [ -97.448445, 32.809841 ], [ -97.44835, 32.809863 ], [ -97.448255, 32.809908 ], [ -97.448191, 32.809981 ], [ -97.448666, 32.80989 ], [ -97.448789, 32.809964 ], [ -97.449094, 32.810038 ], [ -97.449264, 32.810084 ], [ -97.449332, 32.810141 ], [ -97.449325, 32.810221 ], [ -97.449332, 32.810301 ], [ -97.449366, 32.810381 ], [ -97.449461, 32.810426 ], [ -97.449508, 32.810465 ], [ -97.449549, 32.810552 ], [ -97.449624, 32.810735 ], [ -97.449712, 32.810837 ], [ -97.449821, 32.810876 ], [ -97.449909, 32.810899 ], [ -97.450004, 32.810893 ], [ -97.450065, 32.810906 ], [ -97.450052, 32.810946 ], [ -97.449957, 32.810997 ], [ -97.449957, 32.811065 ], [ -97.449988, 32.811158 ], [ -97.450042, 32.811248 ], [ -97.450143, 32.811313 ], [ -97.450211, 32.811422 ], [ -97.4503, 32.811476 ], [ -97.450442, 32.811444 ], [ -97.450544, 32.811404 ], [ -97.450598, 32.811399 ], [ -97.450686, 32.811422 ], [ -97.450727, 32.81149 ], [ -97.450774, 32.811535 ], [ -97.450829, 32.811661 ], [ -97.450869, 32.811798 ], [ -97.451032, 32.811957 ], [ -97.451087, 32.812106 ], [ -97.451059, 32.812243 ], [ -97.451025, 32.812375 ], [ -97.451107, 32.812545 ], [ -97.451232, 32.812857 ], [ -97.451266, 32.813102 ], [ -97.451314, 32.813558 ], [ -97.451368, 32.813643 ], [ -97.451429, 32.813667 ], [ -97.452209, 32.81362 ], [ -97.452298, 32.813558 ], [ -97.452413, 32.81349 ], [ -97.452462, 32.813432 ], [ -97.452711, 32.813387 ], [ -97.4528, 32.813553 ], [ -97.452732, 32.813581 ], [ -97.452657, 32.81365 ], [ -97.452571, 32.813819 ], [ -97.452476, 32.814092 ], [ -97.452428, 32.814206 ], [ -97.452374, 32.814241 ], [ -97.452212, 32.814279 ], [ -97.452117, 32.814354 ], [ -97.452043, 32.814451 ], [ -97.451988, 32.814622 ], [ -97.451961, 32.81477 ], [ -97.451982, 32.814901 ], [ -97.452002, 32.814987 ], [ -97.452022, 32.815129 ], [ -97.45207, 32.815175 ], [ -97.452043, 32.815215 ], [ -97.452002, 32.815221 ], [ -97.451934, 32.815198 ], [ -97.45186, 32.815202 ], [ -97.451683, 32.815185 ], [ -97.451561, 32.815192 ], [ -97.451412, 32.815226 ], [ -97.451283, 32.815249 ], [ -97.451046, 32.815323 ], [ -97.45093, 32.815323 ], [ -97.450808, 32.815272 ], [ -97.450683, 32.815294 ], [ -97.450605, 32.815306 ], [ -97.45049, 32.815362 ], [ -97.450368, 32.815449 ], [ -97.450259, 32.815545 ], [ -97.450212, 32.815641 ], [ -97.450191, 32.815745 ], [ -97.450191, 32.815842 ], [ -97.450164, 32.81591 ], [ -97.45009, 32.815956 ], [ -97.450001, 32.816001 ], [ -97.449957, 32.816032 ], [ -97.449805, 32.816144 ], [ -97.44969, 32.81624 ], [ -97.449662, 32.81629 ], [ -97.449541, 32.816415 ], [ -97.449378, 32.816535 ], [ -97.449317, 32.816649 ], [ -97.449101, 32.81682 ], [ -97.449006, 32.816865 ], [ -97.448918, 32.816865 ], [ -97.44885, 32.816826 ], [ -97.448741, 32.816772 ], [ -97.448657, 32.816695 ], [ -97.44861, 32.816651 ], [ -97.448502, 32.816578 ], [ -97.448407, 32.816485 ], [ -97.448312, 32.816406 ], [ -97.448163, 32.816344 ], [ -97.448055, 32.816316 ], [ -97.447879, 32.816253 ], [ -97.447757, 32.816162 ], [ -97.44771, 32.816145 ], [ -97.447649, 32.816139 ], [ -97.447601, 32.816139 ], [ -97.447574, 32.816195 ], [ -97.447608, 32.816316 ], [ -97.447655, 32.816378 ], [ -97.447737, 32.816418 ], [ -97.447858, 32.816504 ], [ -97.44798, 32.816566 ], [ -97.448143, 32.816737 ], [ -97.448495, 32.817033 ], [ -97.448572, 32.817233 ], [ -97.448586, 32.817329 ], [ -97.448572, 32.817414 ], [ -97.448531, 32.817494 ], [ -97.448322, 32.817749 ], [ -97.447835, 32.818182 ], [ -97.447673, 32.818267 ], [ -97.447524, 32.818289 ], [ -97.44724, 32.818301 ], [ -97.447023, 32.81825 ], [ -97.4468, 32.818182 ], [ -97.445929, 32.817869 ], [ -97.445699, 32.817852 ], [ -97.44553, 32.817784 ], [ -97.445476, 32.817693 ], [ -97.445435, 32.817596 ], [ -97.445368, 32.817483 ], [ -97.445252, 32.817408 ], [ -97.445056, 32.817363 ], [ -97.444982, 32.81734 ], [ -97.444907, 32.817265 ], [ -97.444785, 32.817158 ], [ -97.444089, 32.816634 ], [ -97.444008, 32.816533 ], [ -97.443967, 32.816408 ], [ -97.443906, 32.816243 ], [ -97.443866, 32.816163 ], [ -97.443832, 32.816072 ], [ -97.443784, 32.816032 ], [ -97.443703, 32.816004 ], [ -97.443606, 32.816015 ], [ -97.443516, 32.816085 ], [ -97.44345, 32.816118 ], [ -97.44339, 32.816173 ], [ -97.44339, 32.816236 ], [ -97.443436, 32.816308 ], [ -97.443476, 32.816392 ], [ -97.443503, 32.816527 ], [ -97.443543, 32.816609 ], [ -97.443583, 32.816706 ], [ -97.443616, 32.816817 ], [ -97.443689, 32.816929 ], [ -97.443736, 32.817019 ], [ -97.443823, 32.817079 ], [ -97.443903, 32.817152 ], [ -97.444082, 32.817293 ], [ -97.444176, 32.817355 ], [ -97.444269, 32.817601 ], [ -97.444269, 32.81769 ], [ -97.444215, 32.817774 ], [ -97.444156, 32.817836 ], [ -97.443949, 32.817892 ], [ -97.443753, 32.817908 ], [ -97.443671, 32.817932 ], [ -97.443585, 32.817922 ], [ -97.443558, 32.81795 ], [ -97.443585, 32.817988 ], [ -97.443778, 32.818101 ], [ -97.443864, 32.818134 ], [ -97.443964, 32.818163 ], [ -97.444177, 32.81833 ], [ -97.444337, 32.818531 ], [ -97.444437, 32.818722 ], [ -97.44445, 32.818806 ], [ -97.444397, 32.818883 ], [ -97.444344, 32.818911 ], [ -97.444291, 32.819013 ], [ -97.444357, 32.819074 ], [ -97.444437, 32.81913 ], [ -97.444557, 32.819175 ], [ -97.44469, 32.819198 ], [ -97.44479, 32.819237 ], [ -97.444896, 32.819304 ], [ -97.445116, 32.819483 ], [ -97.445169, 32.819595 ], [ -97.445143, 32.819656 ], [ -97.445109, 32.819707 ], [ -97.445063, 32.81974 ], [ -97.445023, 32.819802 ], [ -97.444986, 32.81991 ], [ -97.444943, 32.819969 ], [ -97.444904, 32.819984 ], [ -97.444845, 32.820006 ], [ -97.444689, 32.820121 ], [ -97.444573, 32.820231 ], [ -97.444469, 32.820344 ], [ -97.444402, 32.820453 ], [ -97.444385, 32.82048 ], [ -97.444243, 32.820664 ], [ -97.444011, 32.820995 ], [ -97.443875, 32.82112 ], [ -97.443624, 32.821408 ], [ -97.443507, 32.821607 ], [ -97.44342, 32.821784 ], [ -97.443323, 32.82206 ], [ -97.44322, 32.822175 ], [ -97.443149, 32.822224 ], [ -97.443078, 32.822305 ], [ -97.443078, 32.822392 ], [ -97.443084, 32.822457 ], [ -97.44311, 32.822544 ], [ -97.443078, 32.822647 ], [ -97.44302, 32.822761 ], [ -97.442936, 32.822848 ], [ -97.442858, 32.82294 ], [ -97.442774, 32.823025 ], [ -97.442729, 32.823092 ], [ -97.442716, 32.823189 ], [ -97.442755, 32.823363 ], [ -97.442742, 32.823493 ], [ -97.44269, 32.823667 ], [ -97.442593, 32.824133 ], [ -97.442606, 32.824242 ], [ -97.442617, 32.82442 ], [ -97.44255, 32.824514 ], [ -97.442534, 32.824531 ], [ -97.442482, 32.824581 ], [ -97.442471, 32.824665 ], [ -97.442505, 32.824816 ], [ -97.442538, 32.82492 ], [ -97.442572, 32.825173 ], [ -97.442617, 32.825381 ], [ -97.442662, 32.825701 ], [ -97.442695, 32.82636 ], [ -97.442741, 32.826521 ], [ -97.442778, 32.826712 ], [ -97.442923, 32.826901 ], [ -97.443103, 32.82707 ], [ -97.443259, 32.827316 ], [ -97.44336, 32.827589 ], [ -97.443378, 32.827795 ], [ -97.443383, 32.827852 ], [ -97.443416, 32.828021 ], [ -97.443371, 32.82819 ], [ -97.443248, 32.828313 ], [ -97.443065, 32.828581 ], [ -97.442762, 32.829043 ], [ -97.442617, 32.829222 ], [ -97.44246, 32.829344 ], [ -97.442292, 32.82942 ], [ -97.442099, 32.829487 ], [ -97.441732, 32.829617 ], [ -97.441665, 32.829608 ], [ -97.44153, 32.829655 ], [ -97.441452, 32.82974 ], [ -97.441396, 32.829815 ], [ -97.44153, 32.829881 ], [ -97.441777, 32.829815 ], [ -97.442068, 32.829815 ], [ -97.442314, 32.829787 ], [ -97.442449, 32.829805 ], [ -97.442617, 32.829862 ], [ -97.442785, 32.829862 ], [ -97.442852, 32.829777 ], [ -97.442897, 32.829711 ], [ -97.443043, 32.829627 ], [ -97.443401, 32.829467 ], [ -97.443928, 32.829194 ], [ -97.444133, 32.829151 ], [ -97.444301, 32.829123 ], [ -97.444339, 32.829132 ], [ -97.444458, 32.82916 ], [ -97.444581, 32.829273 ], [ -97.444783, 32.829518 ], [ -97.444884, 32.829583 ], [ -97.445158, 32.829655 ], [ -97.445337, 32.829673 ], [ -97.44555, 32.829721 ], [ -97.445774, 32.829759 ], [ -97.446009, 32.829853 ], [ -97.4462, 32.829937 ], [ -97.446435, 32.830022 ], [ -97.446636, 32.830154 ], [ -97.446793, 32.830247 ], [ -97.446905, 32.830275 ], [ -97.447107, 32.830275 ], [ -97.447297, 32.830305 ], [ -97.447813, 32.830416 ], [ -97.448014, 32.830483 ], [ -97.448227, 32.830578 ], [ -97.448507, 32.830832 ], [ -97.44863, 32.831001 ], [ -97.448686, 32.831122 ], [ -97.448769, 32.831335 ], [ -97.448881, 32.83157 ], [ -97.448993, 32.83204 ], [ -97.449049, 32.832096 ], [ -97.449161, 32.832191 ], [ -97.449262, 32.832397 ], [ -97.449654, 32.833151 ], [ -97.449699, 32.833357 ], [ -97.44971, 32.833565 ], [ -97.449643, 32.833716 ], [ -97.449622, 32.833775 ], [ -97.449587, 32.833875 ], [ -97.449374, 32.834026 ], [ -97.449273, 32.834072 ], [ -97.449273, 32.834148 ], [ -97.449374, 32.834204 ], [ -97.449531, 32.834232 ], [ -97.449687, 32.834243 ], [ -97.449844, 32.834232 ], [ -97.449979, 32.834204 ], [ -97.450147, 32.834252 ], [ -97.450203, 32.834336 ], [ -97.450113, 32.834401 ], [ -97.450091, 32.834505 ], [ -97.450011, 32.834961 ], [ -97.449811, 32.835082 ], [ -97.449745, 32.835138 ], [ -97.449734, 32.835242 ], [ -97.449756, 32.835437 ], [ -97.449811, 32.835521 ], [ -97.449867, 32.835921 ], [ -97.449955, 32.836257 ], [ -97.450033, 32.836359 ], [ -97.450122, 32.836405 ], [ -97.450255, 32.836443 ], [ -97.450432, 32.836471 ], [ -97.450886, 32.836191 ], [ -97.450997, 32.836024 ], [ -97.451219, 32.835717 ], [ -97.451308, 32.835512 ], [ -97.451629, 32.835203 ], [ -97.452339, 32.834533 ], [ -97.452681, 32.834227 ], [ -97.453413, 32.833891 ], [ -97.454133, 32.833537 ], [ -97.454887, 32.833202 ], [ -97.456051, 32.832867 ], [ -97.456428, 32.8327 ], [ -97.456827, 32.832532 ], [ -97.45706, 32.83229 ], [ -97.457426, 32.831545 ], [ -97.457526, 32.831238 ], [ -97.457703, 32.830894 ], [ -97.457825, 32.830745 ], [ -97.458002, 32.830585 ], [ -97.458468, 32.830512 ], [ -97.458756, 32.830558 ], [ -97.459111, 32.830754 ], [ -97.459321, 32.831097 ], [ -97.459518, 32.831788 ], [ -97.459441, 32.831918 ], [ -97.459452, 32.832002 ], [ -97.459541, 32.83202 ], [ -97.459674, 32.832058 ], [ -97.459718, 32.832113 ], [ -97.459685, 32.83229 ], [ -97.459585, 32.832337 ], [ -97.459541, 32.83243 ], [ -97.459574, 32.832569 ], [ -97.459652, 32.83269 ], [ -97.459585, 32.832774 ], [ -97.459541, 32.832858 ], [ -97.459557, 32.833095 ], [ -97.45948, 32.833272 ], [ -97.459424, 32.833849 ], [ -97.459369, 32.833886 ], [ -97.459302, 32.833868 ], [ -97.459192, 32.833775 ], [ -97.459048, 32.833737 ], [ -97.458959, 32.833756 ], [ -97.458937, 32.83384 ], [ -97.458948, 32.833942 ], [ -97.459014, 32.834072 ], [ -97.459114, 32.834314 ], [ -97.459225, 32.834473 ], [ -97.459313, 32.834725 ], [ -97.459424, 32.834882 ], [ -97.459546, 32.835096 ], [ -97.459624, 32.835274 ], [ -97.459701, 32.835758 ], [ -97.459867, 32.836084 ], [ -97.459934, 32.836261 ], [ -97.46, 32.836762 ], [ -97.459956, 32.836968 ], [ -97.459812, 32.83721 ], [ -97.459801, 32.837313 ], [ -97.46, 32.837592 ], [ -97.460056, 32.83776 ], [ -97.460144, 32.837927 ], [ -97.460122, 32.838223 ], [ -97.460089, 32.838411 ], [ -97.4601, 32.838783 ], [ -97.46021, 32.839098 ], [ -97.460288, 32.83963 ], [ -97.460399, 32.840224 ], [ -97.460476, 32.840466 ], [ -97.46057, 32.84064 ], [ -97.460648, 32.840882 ], [ -97.460748, 32.841133 ], [ -97.460892, 32.841327 ], [ -97.46098, 32.841515 ], [ -97.461102, 32.841729 ], [ -97.461235, 32.842017 ], [ -97.461368, 32.842064 ], [ -97.461434, 32.842174 ], [ -97.461656, 32.842436 ], [ -97.461878, 32.842686 ], [ -97.462033, 32.842928 ], [ -97.462221, 32.843013 ], [ -97.462354, 32.843125 ], [ -97.462476, 32.843292 ], [ -97.462891, 32.844859 ], [ -97.46288, 32.845008 ], [ -97.46278, 32.84526 ], [ -97.462769, 32.845474 ], [ -97.462725, 32.845678 ], [ -97.462647, 32.845809 ], [ -97.462525, 32.845912 ], [ -97.462293, 32.845986 ], [ -97.46196, 32.846154 ], [ -97.461894, 32.846275 ], [ -97.461805, 32.846348 ], [ -97.461728, 32.846497 ], [ -97.461706, 32.846739 ], [ -97.461717, 32.846832 ], [ -97.461728, 32.846991 ], [ -97.461683, 32.847102 ], [ -97.461661, 32.847205 ], [ -97.461728, 32.847271 ], [ -97.46175, 32.847391 ], [ -97.461816, 32.84754 ], [ -97.461883, 32.847651 ], [ -97.46196, 32.847671 ], [ -97.462049, 32.847699 ], [ -97.462138, 32.847689 ], [ -97.462215, 32.847642 ], [ -97.462237, 32.84755 ], [ -97.462127, 32.847308 ], [ -97.462182, 32.847186 ], [ -97.462359, 32.847047 ], [ -97.462703, 32.846963 ], [ -97.462935, 32.846749 ], [ -97.463257, 32.846414 ], [ -97.463644, 32.846051 ], [ -97.46391, 32.845762 ], [ -97.464032, 32.845762 ], [ -97.464171, 32.845728 ], [ -97.464267, 32.845695 ], [ -97.464339, 32.845688 ], [ -97.464435, 32.845661 ], [ -97.464507, 32.845621 ], [ -97.464595, 32.845467 ], [ -97.464611, 32.845399 ], [ -97.464587, 32.845339 ], [ -97.464523, 32.845205 ], [ -97.464531, 32.845145 ], [ -97.46469, 32.845004 ], [ -97.464722, 32.844949 ], [ -97.464746, 32.844896 ], [ -97.464738, 32.844828 ], [ -97.464658, 32.844762 ], [ -97.464595, 32.844749 ], [ -97.464539, 32.844729 ], [ -97.464531, 32.844682 ], [ -97.464611, 32.844634 ], [ -97.464714, 32.84458 ], [ -97.46489, 32.844628 ], [ -97.465034, 32.844628 ], [ -97.465169, 32.84462 ], [ -97.465265, 32.84462 ], [ -97.465369, 32.8446 ], [ -97.465457, 32.844595 ], [ -97.465553, 32.844574 ], [ -97.465649, 32.844513 ], [ -97.465792, 32.84444 ], [ -97.465784, 32.8444 ], [ -97.465744, 32.84436 ], [ -97.46576, 32.844306 ], [ -97.465896, 32.844212 ], [ -97.46596, 32.844178 ], [ -97.466072, 32.844152 ], [ -97.466152, 32.844158 ], [ -97.466406, 32.844005 ], [ -97.466521, 32.843978 ], [ -97.466753, 32.843936 ], [ -97.466885, 32.843908 ], [ -97.467124, 32.843936 ], [ -97.467504, 32.84404 ], [ -97.467884, 32.844192 ], [ -97.467942, 32.844248 ], [ -97.467966, 32.84431 ], [ -97.468082, 32.844358 ], [ -97.468198, 32.844366 ], [ -97.468388, 32.844462 ], [ -97.468545, 32.844561 ], [ -97.468759, 32.844665 ], [ -97.468949, 32.844776 ], [ -97.469078, 32.844834 ], [ -97.469284, 32.845174 ], [ -97.469375, 32.845466 ], [ -97.469507, 32.845757 ], [ -97.469681, 32.846013 ], [ -97.469788, 32.846195 ], [ -97.469937, 32.846424 ], [ -97.469978, 32.846694 ], [ -97.470053, 32.847028 ], [ -97.470135, 32.847167 ], [ -97.4705, 32.847486 ], [ -97.470681, 32.847701 ], [ -97.470814, 32.847813 ], [ -97.470921, 32.847813 ], [ -97.470979, 32.847839 ], [ -97.471095, 32.847951 ], [ -97.471235, 32.848097 ], [ -97.471434, 32.848256 ], [ -97.471483, 32.848332 ], [ -97.471557, 32.848351 ], [ -97.471615, 32.848306 ], [ -97.471615, 32.848201 ], [ -97.471665, 32.848166 ], [ -97.471748, 32.84816 ], [ -97.471855, 32.848222 ], [ -97.471987, 32.848284 ], [ -97.47212, 32.848354 ], [ -97.472343, 32.84841 ], [ -97.472558, 32.848549 ], [ -97.472698, 32.848653 ], [ -97.472731, 32.848757 ], [ -97.472723, 32.848861 ], [ -97.472773, 32.848937 ], [ -97.472913, 32.848993 ], [ -97.472987, 32.849103 ], [ -97.473153, 32.849193 ], [ -97.47343, 32.849308 ], [ -97.473636, 32.84937 ], [ -97.473826, 32.849384 ], [ -97.473975, 32.849413 ], [ -97.474132, 32.84942 ], [ -97.474232, 32.849482 ], [ -97.474331, 32.849448 ], [ -97.474397, 32.849399 ], [ -97.474719, 32.849434 ], [ -97.474827, 32.849482 ], [ -97.474926, 32.849454 ], [ -97.47486, 32.84935 ], [ -97.474711, 32.84926 ], [ -97.474579, 32.84926 ], [ -97.474455, 32.849288 ], [ -97.474025, 32.849176 ], [ -97.473388, 32.848793 ], [ -97.473182, 32.848635 ], [ -97.472983, 32.848509 ], [ -97.472801, 32.848204 ], [ -97.472702, 32.84805 ], [ -97.472661, 32.84794 ], [ -97.472628, 32.84778 ], [ -97.47261, 32.847569 ], [ -97.472634, 32.847549 ], [ -97.472661, 32.847537 ], [ -97.47276, 32.847593 ], [ -97.472818, 32.847648 ], [ -97.472942, 32.847786 ], [ -97.473099, 32.847926 ], [ -97.473182, 32.848044 ], [ -97.473314, 32.848211 ], [ -97.473851, 32.848537 ], [ -97.473942, 32.848579 ], [ -97.474265, 32.848711 ], [ -97.474488, 32.848793 ], [ -97.474877, 32.848878 ], [ -97.475257, 32.848954 ], [ -97.475488, 32.849038 ], [ -97.475703, 32.84912 ], [ -97.475754, 32.849164 ], [ -97.475894, 32.84928 ], [ -97.475993, 32.849413 ], [ -97.476067, 32.849559 ], [ -97.476165, 32.849949 ], [ -97.476253, 32.850001 ], [ -97.476364, 32.850012 ], [ -97.476418, 32.849938 ], [ -97.476373, 32.849795 ], [ -97.476931, 32.850048 ], [ -97.477087, 32.850005 ], [ -97.477079, 32.85008 ], [ -97.477087, 32.850141 ], [ -97.477179, 32.850209 ], [ -97.478774, 32.8508 ], [ -97.478936, 32.850822 ], [ -97.479017, 32.850842 ], [ -97.479073, 32.850931 ], [ -97.479644, 32.851199 ], [ -97.479846, 32.851233 ], [ -97.480049, 32.851247 ], [ -97.480397, 32.851335 ], [ -97.48047, 32.851383 ], [ -97.480462, 32.85145 ], [ -97.480421, 32.851492 ], [ -97.480292, 32.851484 ], [ -97.479782, 32.851512 ], [ -97.479741, 32.851533 ], [ -97.479749, 32.851613 ], [ -97.47983, 32.851675 ], [ -97.479992, 32.85173 ], [ -97.480146, 32.85175 ], [ -97.480395, 32.851885 ], [ -97.480591, 32.851961 ], [ -97.480818, 32.852002 ], [ -97.480988, 32.852002 ], [ -97.481595, 32.852015 ], [ -97.481741, 32.852002 ], [ -97.481915, 32.852024 ], [ -97.482076, 32.852038 ], [ -97.482348, 32.851989 ], [ -97.482522, 32.851998 ], [ -97.482821, 32.851998 ], [ -97.482967, 32.851984 ], [ -97.483072, 32.851964 ], [ -97.48322, 32.851964 ], [ -97.483487, 32.85193 ], [ -97.483641, 32.85193 ], [ -97.483795, 32.851883 ], [ -97.483924, 32.851835 ], [ -97.484062, 32.851821 ], [ -97.484305, 32.851774 ], [ -97.484426, 32.851726 ], [ -97.484554, 32.85161 ], [ -97.484653, 32.851563 ], [ -97.486003, 32.851331 ], [ -97.486715, 32.851236 ], [ -97.487163, 32.851188 ], [ -97.487318, 32.851205 ], [ -97.487674, 32.851205 ], [ -97.488071, 32.851225 ], [ -97.48829, 32.85126 ], [ -97.488371, 32.851307 ], [ -97.488549, 32.851294 ], [ -97.488606, 32.851335 ], [ -97.488784, 32.851388 ], [ -97.48893, 32.851422 ], [ -97.489091, 32.851436 ], [ -97.489391, 32.851528 ], [ -97.489545, 32.851588 ], [ -97.489755, 32.851657 ], [ -97.490581, 32.852024 ], [ -97.490929, 32.852215 ], [ -97.491342, 32.852378 ], [ -97.492375, 32.852987 ], [ -97.49257, 32.853164 ], [ -97.492724, 32.853279 ], [ -97.492845, 32.853361 ], [ -97.492967, 32.85351 ], [ -97.493137, 32.853673 ], [ -97.493355, 32.853932 ], [ -97.494005, 32.854549 ], [ -97.494531, 32.854813 ], [ -97.494879, 32.854998 ], [ -97.495114, 32.855229 ], [ -97.495089, 32.855504 ], [ -97.495105, 32.855551 ], [ -97.495186, 32.855572 ], [ -97.4953, 32.855592 ], [ -97.49547, 32.85564 ], [ -97.495616, 32.855748 ], [ -97.495632, 32.855815 ], [ -97.496433, 32.856637 ], [ -97.496522, 32.85682 ], [ -97.496563, 32.856868 ], [ -97.497004, 32.857146 ], [ -97.497053, 32.857289 ], [ -97.497069, 32.857405 ], [ -97.497134, 32.857548 ], [ -97.497207, 32.857582 ], [ -97.49732, 32.857616 ], [ -97.497425, 32.857622 ], [ -97.497587, 32.857731 ] ], [ [ -97.466732, 32.851674 ], [ -97.466804, 32.851613 ], [ -97.466868, 32.851506 ], [ -97.466947, 32.851399 ], [ -97.466963, 32.851231 ], [ -97.467, 32.850712 ], [ -97.467, 32.850578 ], [ -97.466992, 32.850504 ], [ -97.466976, 32.85045 ], [ -97.467032, 32.850417 ], [ -97.467096, 32.850409 ], [ -97.467176, 32.850369 ], [ -97.467224, 32.850302 ], [ -97.467155, 32.850152 ], [ -97.467208, 32.84978 ], [ -97.467192, 32.849686 ], [ -97.467224, 32.849565 ], [ -97.467136, 32.84933 ], [ -97.467096, 32.849189 ], [ -97.46704, 32.849128 ], [ -97.466968, 32.849095 ], [ -97.466856, 32.849075 ], [ -97.466825, 32.849041 ], [ -97.466809, 32.848988 ], [ -97.466833, 32.848908 ], [ -97.467032, 32.84874 ], [ -97.467112, 32.84872 ], [ -97.46712, 32.848666 ], [ -97.467056, 32.848633 ], [ -97.467047, 32.848579 ], [ -97.467007, 32.848566 ], [ -97.466959, 32.848559 ], [ -97.466911, 32.848566 ], [ -97.466585, 32.848733 ], [ -97.46648, 32.848807 ], [ -97.466253, 32.84908 ], [ -97.46621, 32.849148 ], [ -97.466226, 32.849223 ], [ -97.466298, 32.849269 ], [ -97.466377, 32.84935 ], [ -97.466373, 32.849427 ], [ -97.466349, 32.849528 ], [ -97.466309, 32.849608 ], [ -97.466237, 32.849674 ], [ -97.466158, 32.849708 ], [ -97.466078, 32.84993 ], [ -97.465982, 32.850225 ], [ -97.465834, 32.850451 ], [ -97.465694, 32.850668 ], [ -97.46567, 32.850741 ], [ -97.465535, 32.850915 ], [ -97.465504, 32.85101 ], [ -97.465495, 32.851157 ], [ -97.465511, 32.851258 ], [ -97.465583, 32.851379 ], [ -97.465646, 32.851533 ], [ -97.465766, 32.851627 ], [ -97.46587, 32.851633 ], [ -97.465934, 32.851647 ], [ -97.466181, 32.851654 ], [ -97.466453, 32.851647 ], [ -97.466581, 32.851761 ], [ -97.466661, 32.851748 ], [ -97.466732, 32.851674 ] ], [ [ -97.49758, 32.86584 ], [ -97.497895, 32.866616 ], [ -97.497996, 32.866647 ], [ -97.498098, 32.86665 ], [ -97.498149, 32.866633 ], [ -97.49825, 32.866565 ], [ -97.498281, 32.866523 ], [ -97.498291, 32.866335 ], [ -97.498301, 32.866318 ], [ -97.498352, 32.86631 ], [ -97.498443, 32.86631 ], [ -97.498616, 32.866369 ], [ -97.498697, 32.866377 ], [ -97.498748, 32.866352 ], [ -97.498758, 32.866335 ], [ -97.498748, 32.866284 ], [ -97.498576, 32.865849 ], [ -97.498555, 32.865797 ], [ -97.498321, 32.865175 ], [ -97.498159, 32.864595 ], [ -97.498149, 32.864519 ], [ -97.498128, 32.864483 ], [ -97.497986, 32.864458 ], [ -97.497601, 32.864527 ], [ -97.497357, 32.864544 ], [ -97.497255, 32.864527 ], [ -97.497194, 32.864553 ], [ -97.497184, 32.86457 ], [ -97.497154, 32.864655 ], [ -97.497359, 32.865243 ], [ -97.497469, 32.865448 ], [ -97.49758, 32.86584 ] ], [ [ -97.439536, 32.875332 ], [ -97.439505, 32.875383 ], [ -97.439446, 32.875428 ], [ -97.439443, 32.875455 ], [ -97.43946, 32.875469 ], [ -97.439486, 32.87547 ], [ -97.439516, 32.875466 ], [ -97.439545, 32.875455 ], [ -97.439646, 32.875397 ], [ -97.439764, 32.875299 ], [ -97.439811, 32.875282 ], [ -97.439856, 32.875259 ], [ -97.439915, 32.875238 ], [ -97.439989, 32.875193 ], [ -97.44005, 32.875174 ], [ -97.44007, 32.875163 ], [ -97.44007, 32.875127 ], [ -97.440042, 32.875079 ], [ -97.440011, 32.875039 ], [ -97.439974, 32.875017 ], [ -97.439944, 32.875013 ], [ -97.439918, 32.875016 ], [ -97.439893, 32.875031 ], [ -97.43987, 32.875039 ], [ -97.439842, 32.875042 ], [ -97.4398, 32.875058 ], [ -97.439767, 32.875089 ], [ -97.439751, 32.875097 ], [ -97.439693, 32.875124 ], [ -97.439685, 32.875146 ], [ -97.439612, 32.875216 ], [ -97.439598, 32.875238 ], [ -97.439556, 32.875279 ], [ -97.439536, 32.875332 ] ], [ [ -97.431272, 32.881923 ], [ -97.431267, 32.88195 ], [ -97.43128, 32.881971 ], [ -97.431315, 32.881979 ], [ -97.431376, 32.881968 ], [ -97.431541, 32.881917 ], [ -97.431918, 32.881844 ], [ -97.432174, 32.881786 ], [ -97.43243, 32.881771 ], [ -97.432512, 32.881749 ], [ -97.432573, 32.881717 ], [ -97.432677, 32.881625 ], [ -97.432924, 32.881293 ], [ -97.432963, 32.881203 ], [ -97.432946, 32.881144 ], [ -97.43292, 32.881093 ], [ -97.432786, 32.881036 ], [ -97.432647, 32.880955 ], [ -97.432456, 32.880955 ], [ -97.432404, 32.880952 ], [ -97.432343, 32.880919 ], [ -97.432183, 32.880814 ], [ -97.432044, 32.880766 ], [ -97.431944, 32.880766 ], [ -97.431892, 32.880806 ], [ -97.431822, 32.880905 ], [ -97.431736, 32.880992 ], [ -97.431575, 32.881131 ], [ -97.431567, 32.881171 ], [ -97.431593, 32.881304 ], [ -97.431619, 32.881355 ], [ -97.431627, 32.881437 ], [ -97.43161, 32.881574 ], [ -97.431588, 32.881639 ], [ -97.431577, 32.88166 ], [ -97.431558, 32.881698 ], [ -97.431449, 32.881768 ], [ -97.431272, 32.881923 ] ], [ [ -97.437138, 32.921855 ], [ -97.437113, 32.92194 ], [ -97.437102, 32.922016 ], [ -97.437102, 32.922171 ], [ -97.437068, 32.922258 ], [ -97.43707, 32.922286 ], [ -97.43708, 32.922303 ], [ -97.437214, 32.922424 ], [ -97.437262, 32.922441 ], [ -97.437321, 32.922445 ], [ -97.437458, 32.922401 ], [ -97.437565, 32.922324 ], [ -97.437601, 32.922283 ], [ -97.437646, 32.922241 ], [ -97.437704, 32.922171 ], [ -97.437757, 32.922091 ], [ -97.437762, 32.92202 ], [ -97.437755, 32.921981 ], [ -97.437668, 32.921926 ], [ -97.437381, 32.921843 ], [ -97.437203, 32.921812 ], [ -97.437155, 32.921827 ], [ -97.437138, 32.921855 ] ], [ [ -97.394005, 32.575484 ], [ -97.393947, 32.575429 ], [ -97.393866, 32.575415 ], [ -97.393756, 32.575429 ], [ -97.393676, 32.57546 ], [ -97.393624, 32.575497 ], [ -97.39361, 32.575558 ], [ -97.393668, 32.575645 ], [ -97.393727, 32.575694 ], [ -97.393806, 32.57572 ], [ -97.393822, 32.575725 ], [ -97.393895, 32.57573 ], [ -97.393954, 32.575713 ], [ -97.394013, 32.575663 ], [ -97.394042, 32.57562 ], [ -97.394042, 32.575564 ], [ -97.394005, 32.575484 ] ], [ [ -97.414125, 32.588982 ], [ -97.414286, 32.588949 ], [ -97.414343, 32.588892 ], [ -97.41439, 32.588821 ], [ -97.414447, 32.58883 ], [ -97.414495, 32.588859 ], [ -97.414704, 32.588844 ], [ -97.414889, 32.588881 ], [ -97.414949, 32.588909 ], [ -97.415169, 32.589072 ], [ -97.415216, 32.589143 ], [ -97.415259, 32.589238 ], [ -97.415316, 32.589266 ], [ -97.415354, 32.589266 ], [ -97.415681, 32.588773 ], [ -97.415657, 32.588715 ], [ -97.41551, 32.588715 ], [ -97.415382, 32.588698 ], [ -97.41532, 32.588664 ], [ -97.415135, 32.588527 ], [ -97.415055, 32.588489 ], [ -97.414946, 32.588451 ], [ -97.414874, 32.588413 ], [ -97.414813, 32.588403 ], [ -97.41478, 32.588427 ], [ -97.41478, 32.588479 ], [ -97.414765, 32.588535 ], [ -97.414737, 32.588574 ], [ -97.41468, 32.588611 ], [ -97.414485, 32.588617 ], [ -97.414367, 32.588631 ], [ -97.414286, 32.588669 ], [ -97.414262, 32.588731 ], [ -97.41421, 32.588802 ], [ -97.414139, 32.588839 ], [ -97.414039, 32.588859 ], [ -97.413854, 32.588934 ], [ -97.413826, 32.588977 ], [ -97.413854, 32.58901 ], [ -97.414049, 32.58901 ], [ -97.414125, 32.588982 ] ], [ [ -97.422827, 32.591765 ], [ -97.422886, 32.591782 ], [ -97.422899, 32.591824 ], [ -97.422847, 32.591932 ], [ -97.42282, 32.592031 ], [ -97.422734, 32.592171 ], [ -97.42274, 32.592204 ], [ -97.422768, 32.592213 ], [ -97.422868, 32.592171 ], [ -97.423096, 32.592013 ], [ -97.423162, 32.591937 ], [ -97.423227, 32.591844 ], [ -97.42329, 32.591789 ], [ -97.423348, 32.591782 ], [ -97.42349, 32.591789 ], [ -97.423531, 32.591765 ], [ -97.423559, 32.591686 ], [ -97.423462, 32.591034 ], [ -97.423465, 32.590961 ], [ -97.423454, 32.590925 ], [ -97.423435, 32.590864 ], [ -97.423397, 32.590843 ], [ -97.423269, 32.590834 ], [ -97.423183, 32.590834 ], [ -97.423107, 32.590874 ], [ -97.423024, 32.59095 ], [ -97.422986, 32.590991 ], [ -97.422955, 32.591023 ], [ -97.422882, 32.591079 ], [ -97.422827, 32.591106 ], [ -97.422761, 32.59111 ], [ -97.422672, 32.591085 ], [ -97.422644, 32.591032 ], [ -97.422637, 32.590964 ], [ -97.422654, 32.590936 ], [ -97.422679, 32.590919 ], [ -97.422703, 32.590885 ], [ -97.42272, 32.590803 ], [ -97.422696, 32.590741 ], [ -97.422679, 32.590719 ], [ -97.42263, 32.590702 ], [ -97.422589, 32.590699 ], [ -97.422554, 32.590725 ], [ -97.422583, 32.590764 ], [ -97.422588, 32.590812 ], [ -97.422513, 32.590899 ], [ -97.422434, 32.591017 ], [ -97.422427, 32.59104 ], [ -97.422432, 32.591087 ], [ -97.422423, 32.591104 ], [ -97.422454, 32.591147 ], [ -97.422496, 32.591175 ], [ -97.422665, 32.591254 ], [ -97.422761, 32.591316 ], [ -97.422806, 32.591365 ], [ -97.422844, 32.591417 ], [ -97.422855, 32.591507 ], [ -97.422851, 32.591568 ], [ -97.422837, 32.591593 ], [ -97.422768, 32.591658 ], [ -97.422754, 32.59172 ], [ -97.422772, 32.591744 ], [ -97.422827, 32.591765 ] ], [ [ -97.424946, 32.60224 ], [ -97.424991, 32.602247 ], [ -97.425039, 32.602247 ], [ -97.425186, 32.602185 ], [ -97.425281, 32.602157 ], [ -97.425475, 32.602147 ], [ -97.425618, 32.602105 ], [ -97.425703, 32.602024 ], [ -97.42576, 32.601991 ], [ -97.425897, 32.601953 ], [ -97.426111, 32.601909 ], [ -97.426163, 32.601948 ], [ -97.426225, 32.601976 ], [ -97.426268, 32.601953 ], [ -97.42631, 32.601896 ], [ -97.426287, 32.601858 ], [ -97.426189, 32.601775 ], [ -97.426104, 32.601453 ], [ -97.426038, 32.601207 ], [ -97.425985, 32.60114 ], [ -97.425933, 32.601107 ], [ -97.425876, 32.601107 ], [ -97.425815, 32.601121 ], [ -97.425758, 32.601145 ], [ -97.42553, 32.601349 ], [ -97.425449, 32.601405 ], [ -97.42534, 32.601405 ], [ -97.425302, 32.601433 ], [ -97.425274, 32.601477 ], [ -97.425274, 32.601557 ], [ -97.425122, 32.601703 ], [ -97.425108, 32.601761 ], [ -97.425117, 32.601808 ], [ -97.425141, 32.601861 ], [ -97.425136, 32.60196 ], [ -97.425108, 32.601979 ], [ -97.42506, 32.601979 ], [ -97.424998, 32.601951 ], [ -97.424932, 32.601945 ], [ -97.424875, 32.60196 ], [ -97.424832, 32.601998 ], [ -97.424813, 32.602055 ], [ -97.42478, 32.602074 ], [ -97.424685, 32.602055 ], [ -97.424676, 32.602083 ], [ -97.42469, 32.602117 ], [ -97.424752, 32.60214 ], [ -97.424832, 32.602134 ], [ -97.424946, 32.60224 ] ], [ [ -97.429764, 32.601611 ], [ -97.429706, 32.601616 ], [ -97.42966, 32.60165 ], [ -97.429637, 32.601708 ], [ -97.429637, 32.601829 ], [ -97.429614, 32.601974 ], [ -97.429614, 32.602041 ], [ -97.429632, 32.602109 ], [ -97.429695, 32.602151 ], [ -97.429856, 32.602181 ], [ -97.429953, 32.602181 ], [ -97.430034, 32.602167 ], [ -97.430091, 32.602128 ], [ -97.430137, 32.602065 ], [ -97.43016, 32.60194 ], [ -97.430154, 32.601829 ], [ -97.430125, 32.601761 ], [ -97.430079, 32.601703 ], [ -97.430022, 32.601654 ], [ -97.429919, 32.601625 ], [ -97.429877, 32.601621 ], [ -97.429764, 32.601611 ] ], [ [ -97.414375, 32.603202 ], [ -97.41431, 32.603198 ], [ -97.414245, 32.603211 ], [ -97.414169, 32.603253 ], [ -97.414134, 32.603329 ], [ -97.414098, 32.603408 ], [ -97.414088, 32.603453 ], [ -97.414093, 32.603499 ], [ -97.414109, 32.603536 ], [ -97.414185, 32.603589 ], [ -97.414267, 32.603603 ], [ -97.414332, 32.603609 ], [ -97.414402, 32.603589 ], [ -97.414472, 32.603554 ], [ -97.414537, 32.60349 ], [ -97.41457, 32.603426 ], [ -97.414575, 32.603385 ], [ -97.414565, 32.603339 ], [ -97.414489, 32.603248 ], [ -97.414375, 32.603202 ] ], [ [ -97.405833, 32.611244 ], [ -97.40585, 32.611258 ], [ -97.405878, 32.611261 ], [ -97.405944, 32.611292 ], [ -97.405968, 32.611323 ], [ -97.405968, 32.611378 ], [ -97.405912, 32.61152 ], [ -97.405912, 32.611554 ], [ -97.405933, 32.611584 ], [ -97.406023, 32.611592 ], [ -97.406113, 32.611558 ], [ -97.406482, 32.611337 ], [ -97.406599, 32.611244 ], [ -97.406654, 32.611171 ], [ -97.406682, 32.611047 ], [ -97.406679, 32.611006 ], [ -97.406658, 32.610961 ], [ -97.406244, 32.610492 ], [ -97.406133, 32.610264 ], [ -97.406078, 32.610123 ], [ -97.406033, 32.609968 ], [ -97.406025, 32.60969 ], [ -97.405966, 32.609586 ], [ -97.405818, 32.609434 ], [ -97.405673, 32.609356 ], [ -97.405597, 32.609335 ], [ -97.405552, 32.609363 ], [ -97.405459, 32.609465 ], [ -97.4054, 32.609465 ], [ -97.405352, 32.609411 ], [ -97.405362, 32.60937 ], [ -97.405386, 32.609327 ], [ -97.405504, 32.609235 ], [ -97.405524, 32.609166 ], [ -97.405524, 32.609094 ], [ -97.405417, 32.608901 ], [ -97.405357, 32.608829 ], [ -97.405319, 32.608835 ], [ -97.405305, 32.608916 ], [ -97.405302, 32.608992 ], [ -97.40525, 32.609136 ], [ -97.405102, 32.60942 ], [ -97.405074, 32.609492 ], [ -97.405064, 32.609561 ], [ -97.40507, 32.609606 ], [ -97.405095, 32.609651 ], [ -97.405133, 32.609678 ], [ -97.405233, 32.609685 ], [ -97.40536, 32.609671 ], [ -97.405491, 32.609696 ], [ -97.405571, 32.60973 ], [ -97.405598, 32.609764 ], [ -97.405612, 32.609799 ], [ -97.405585, 32.610159 ], [ -97.405559, 32.610266 ], [ -97.405521, 32.610325 ], [ -97.405459, 32.610387 ], [ -97.405414, 32.610414 ], [ -97.405386, 32.61048 ], [ -97.405379, 32.610552 ], [ -97.40541, 32.610697 ], [ -97.405435, 32.610735 ], [ -97.405519, 32.610802 ], [ -97.405626, 32.610819 ], [ -97.405661, 32.610836 ], [ -97.405781, 32.61102 ], [ -97.405816, 32.611082 ], [ -97.405812, 32.611161 ], [ -97.405833, 32.611244 ] ], [ [ -97.397908, 32.61831 ], [ -97.397739, 32.618232 ], [ -97.397518, 32.61822 ], [ -97.397346, 32.618314 ], [ -97.397325, 32.618433 ], [ -97.397358, 32.618662 ], [ -97.397408, 32.618767 ], [ -97.397533, 32.618798 ], [ -97.397599, 32.618811 ], [ -97.39763, 32.618806 ], [ -97.397727, 32.618796 ], [ -97.397944, 32.618703 ], [ -97.397985, 32.618662 ], [ -97.398002, 32.618556 ], [ -97.398002, 32.618449 ], [ -97.397908, 32.61831 ] ], [ [ -97.418272, 32.619594 ], [ -97.418358, 32.619701 ], [ -97.41842, 32.619833 ], [ -97.418527, 32.619943 ], [ -97.418586, 32.619978 ], [ -97.418646, 32.619996 ], [ -97.418805, 32.619959 ], [ -97.418912, 32.619902 ], [ -97.419095, 32.619821 ], [ -97.419234, 32.619743 ], [ -97.419493, 32.619692 ], [ -97.419593, 32.619653 ], [ -97.419621, 32.619622 ], [ -97.419666, 32.619509 ], [ -97.419683, 32.619388 ], [ -97.419652, 32.61927 ], [ -97.419635, 32.619251 ], [ -97.419552, 32.619206 ], [ -97.419479, 32.619144 ], [ -97.419452, 32.619106 ], [ -97.419393, 32.618971 ], [ -97.419379, 32.618906 ], [ -97.419381, 32.618825 ], [ -97.419357, 32.618766 ], [ -97.41926, 32.618634 ], [ -97.419153, 32.618532 ], [ -97.419129, 32.618465 ], [ -97.419074, 32.618418 ], [ -97.419036, 32.618406 ], [ -97.418967, 32.618404 ], [ -97.418942, 32.618427 ], [ -97.418927, 32.618443 ], [ -97.418912, 32.618501 ], [ -97.418915, 32.618576 ], [ -97.418919, 32.618642 ], [ -97.418943, 32.618701 ], [ -97.418939, 32.618834 ], [ -97.418919, 32.618927 ], [ -97.418898, 32.618972 ], [ -97.418843, 32.619025 ], [ -97.418781, 32.619062 ], [ -97.418656, 32.61911 ], [ -97.418505, 32.619186 ], [ -97.418453, 32.619197 ], [ -97.418391, 32.619221 ], [ -97.418263, 32.619221 ], [ -97.418075, 32.619182 ], [ -97.417971, 32.619161 ], [ -97.41793, 32.619188 ], [ -97.417916, 32.619233 ], [ -97.417933, 32.619284 ], [ -97.417954, 32.619306 ], [ -97.418085, 32.619329 ], [ -97.418113, 32.619343 ], [ -97.418147, 32.619399 ], [ -97.418189, 32.619512 ], [ -97.418272, 32.619594 ] ], [ [ -97.39903, 32.620356 ], [ -97.399085, 32.620342 ], [ -97.399241, 32.620342 ], [ -97.399344, 32.620368 ], [ -97.399391, 32.620424 ], [ -97.399426, 32.620485 ], [ -97.399494, 32.620696 ], [ -97.399555, 32.620724 ], [ -97.39963, 32.62073 ], [ -97.399753, 32.620778 ], [ -97.399855, 32.620935 ], [ -97.39991, 32.620928 ], [ -97.400012, 32.620928 ], [ -97.40021, 32.620717 ], [ -97.400333, 32.620553 ], [ -97.400333, 32.620376 ], [ -97.400298, 32.620254 ], [ -97.400251, 32.620199 ], [ -97.400223, 32.620179 ], [ -97.400128, 32.620179 ], [ -97.400012, 32.620206 ], [ -97.39993, 32.62026 ], [ -97.399862, 32.620274 ], [ -97.399685, 32.620226 ], [ -97.399569, 32.62022 ], [ -97.399494, 32.620165 ], [ -97.399296, 32.620111 ], [ -97.399003, 32.620111 ], [ -97.398928, 32.620089 ], [ -97.398887, 32.620063 ], [ -97.398853, 32.620008 ], [ -97.398812, 32.619981 ], [ -97.39875, 32.619967 ], [ -97.398675, 32.619864 ], [ -97.398628, 32.619844 ], [ -97.398712, 32.619818 ], [ -97.398585, 32.619749 ], [ -97.398546, 32.619884 ], [ -97.398546, 32.619968 ], [ -97.398607, 32.61992 ], [ -97.398607, 32.619974 ], [ -97.398662, 32.620041 ], [ -97.398744, 32.620075 ], [ -97.398784, 32.620151 ], [ -97.398832, 32.620185 ], [ -97.398894, 32.620294 ], [ -97.39903, 32.620356 ] ], [ [ -97.418707, 32.625722 ], [ -97.418653, 32.625711 ], [ -97.41858, 32.625707 ], [ -97.418504, 32.625718 ], [ -97.418427, 32.625753 ], [ -97.418345, 32.625799 ], [ -97.418255, 32.625881 ], [ -97.418232, 32.625962 ], [ -97.418232, 32.626004 ], [ -97.418264, 32.62603 ], [ -97.418332, 32.626038 ], [ -97.418567, 32.626042 ], [ -97.418666, 32.626057 ], [ -97.418712, 32.626054 ], [ -97.418752, 32.626035 ], [ -97.41877, 32.625985 ], [ -97.418775, 32.625794 ], [ -97.418748, 32.625757 ], [ -97.418707, 32.625722 ] ], [ [ -97.388466, 32.639677 ], [ -97.38849, 32.639615 ], [ -97.388502, 32.639535 ], [ -97.388508, 32.639414 ], [ -97.388438, 32.639215 ], [ -97.388376, 32.638947 ], [ -97.38825, 32.638601 ], [ -97.38822, 32.638424 ], [ -97.388238, 32.638364 ], [ -97.388364, 32.638146 ], [ -97.388922, 32.637672 ], [ -97.388988, 32.637611 ], [ -97.389064, 32.637569 ], [ -97.389084, 32.637535 ], [ -97.389138, 32.6375 ], [ -97.38915, 32.637465 ], [ -97.389138, 32.637424 ], [ -97.388931, 32.637327 ], [ -97.388775, 32.637408 ], [ -97.388502, 32.637667 ], [ -97.388316, 32.637783 ], [ -97.388269, 32.637808 ], [ -97.388117, 32.637946 ], [ -97.387933, 32.638191 ], [ -97.387795, 32.638348 ], [ -97.387717, 32.638399 ], [ -97.387567, 32.638429 ], [ -97.387483, 32.638429 ], [ -97.387381, 32.638433 ], [ -97.387261, 32.638505 ], [ -97.387212, 32.638565 ], [ -97.387102, 32.638652 ], [ -97.387109, 32.63875 ], [ -97.387158, 32.638848 ], [ -97.387219, 32.638916 ], [ -97.387275, 32.638962 ], [ -97.387501, 32.638973 ], [ -97.387621, 32.639004 ], [ -97.387681, 32.639055 ], [ -97.387693, 32.639111 ], [ -97.387687, 32.639335 ], [ -97.38771, 32.639435 ], [ -97.387764, 32.639511 ], [ -97.387848, 32.639591 ], [ -97.38798, 32.639667 ], [ -97.388184, 32.639743 ], [ -97.38834, 32.639744 ], [ -97.388406, 32.639722 ], [ -97.388466, 32.639677 ] ], [ [ -97.423527, 32.642895 ], [ -97.423476, 32.642919 ], [ -97.423343, 32.643089 ], [ -97.423217, 32.643248 ], [ -97.423199, 32.643278 ], [ -97.423199, 32.643317 ], [ -97.423234, 32.643365 ], [ -97.423314, 32.643428 ], [ -97.423441, 32.643467 ], [ -97.423504, 32.643476 ], [ -97.423556, 32.643462 ], [ -97.423602, 32.643428 ], [ -97.423674, 32.643326 ], [ -97.423758, 32.643196 ], [ -97.423769, 32.643157 ], [ -97.423769, 32.643113 ], [ -97.423758, 32.64306 ], [ -97.423689, 32.642958 ], [ -97.423619, 32.642905 ], [ -97.423579, 32.642895 ], [ -97.423527, 32.642895 ] ], [ [ -97.432547, 32.665518 ], [ -97.43252, 32.665698 ], [ -97.43252, 32.665926 ], [ -97.432583, 32.666137 ], [ -97.432691, 32.666305 ], [ -97.432768, 32.666369 ], [ -97.43284, 32.666384 ], [ -97.432957, 32.666339 ], [ -97.433037, 32.666316 ], [ -97.4331, 32.666331 ], [ -97.433226, 32.666369 ], [ -97.433262, 32.666414 ], [ -97.433395, 32.666404 ], [ -97.433579, 32.666196 ], [ -97.43362, 32.665968 ], [ -97.433592, 32.665841 ], [ -97.433518, 32.66556 ], [ -97.433449, 32.665405 ], [ -97.433422, 32.665273 ], [ -97.433415, 32.665177 ], [ -97.433427, 32.66501 ], [ -97.433473, 32.664474 ], [ -97.433509, 32.663967 ], [ -97.433509, 32.663747 ], [ -97.433428, 32.663679 ], [ -97.433392, 32.663725 ], [ -97.43341, 32.663808 ], [ -97.433392, 32.663921 ], [ -97.433356, 32.664035 ], [ -97.433293, 32.66408 ], [ -97.43324, 32.664147 ], [ -97.433204, 32.664458 ], [ -97.433159, 32.664564 ], [ -97.433087, 32.664701 ], [ -97.432979, 32.664806 ], [ -97.432844, 32.664897 ], [ -97.432754, 32.665003 ], [ -97.432646, 32.66517 ], [ -97.432547, 32.665518 ] ], [ [ -97.391057, 32.684105 ], [ -97.391035, 32.683773 ], [ -97.391014, 32.683676 ], [ -97.390984, 32.683645 ], [ -97.390945, 32.683627 ], [ -97.390928, 32.683614 ], [ -97.39092, 32.683588 ], [ -97.390929, 32.683563 ], [ -97.390959, 32.683545 ], [ -97.391028, 32.68354 ], [ -97.391054, 32.683534 ], [ -97.391158, 32.683493 ], [ -97.391218, 32.683455 ], [ -97.391241, 32.68344 ], [ -97.391273, 32.683404 ], [ -97.391235, 32.683399 ], [ -97.39119, 32.683403 ], [ -97.391162, 32.683406 ], [ -97.391112, 32.683419 ], [ -97.391011, 32.683429 ], [ -97.390799, 32.683469 ], [ -97.390766, 32.683494 ], [ -97.390742, 32.683524 ], [ -97.390726, 32.683557 ], [ -97.390686, 32.683673 ], [ -97.390659, 32.683784 ], [ -97.390653, 32.683825 ], [ -97.390656, 32.683847 ], [ -97.390672, 32.683863 ], [ -97.390696, 32.683877 ], [ -97.390723, 32.683898 ], [ -97.390758, 32.683957 ], [ -97.390791, 32.684027 ], [ -97.390796, 32.68408 ], [ -97.390791, 32.684106 ], [ -97.390769, 32.684143 ], [ -97.390616, 32.684323 ], [ -97.390608, 32.684359 ], [ -97.390614, 32.684392 ], [ -97.39067, 32.684485 ], [ -97.390675, 32.684505 ], [ -97.390667, 32.684525 ], [ -97.390651, 32.684548 ], [ -97.390603, 32.684598 ], [ -97.390506, 32.684661 ], [ -97.390471, 32.684675 ], [ -97.390447, 32.684679 ], [ -97.390415, 32.684679 ], [ -97.390342, 32.684663 ], [ -97.390274, 32.6847 ], [ -97.390075, 32.684908 ], [ -97.389803, 32.685315 ], [ -97.389725, 32.685443 ], [ -97.389667, 32.685563 ], [ -97.389637, 32.685606 ], [ -97.389596, 32.685651 ], [ -97.389535, 32.685691 ], [ -97.389412, 32.685744 ], [ -97.389399, 32.685768 ], [ -97.389402, 32.685794 ], [ -97.389606, 32.686293 ], [ -97.389646, 32.686427 ], [ -97.38968, 32.68656 ], [ -97.389755, 32.686653 ], [ -97.389809, 32.686681 ], [ -97.389843, 32.686707 ], [ -97.389857, 32.68674 ], [ -97.38985, 32.686767 ], [ -97.389826, 32.686794 ], [ -97.389785, 32.686818 ], [ -97.389779, 32.686844 ], [ -97.389789, 32.686872 ], [ -97.389857, 32.686974 ], [ -97.389897, 32.687041 ], [ -97.389935, 32.687061 ], [ -97.389965, 32.687064 ], [ -97.390002, 32.687049 ], [ -97.390108, 32.686968 ], [ -97.390179, 32.686898 ], [ -97.390223, 32.68675 ], [ -97.390257, 32.686704 ], [ -97.390487, 32.686504 ], [ -97.390545, 32.686447 ], [ -97.390579, 32.686393 ], [ -97.390609, 32.686307 ], [ -97.39064, 32.686145 ], [ -97.390694, 32.685927 ], [ -97.390742, 32.685772 ], [ -97.390772, 32.68571 ], [ -97.390779, 32.685665 ], [ -97.390777, 32.685468 ], [ -97.390763, 32.685423 ], [ -97.390718, 32.685355 ], [ -97.390705, 32.685242 ], [ -97.390708, 32.685191 ], [ -97.390755, 32.6851 ], [ -97.390961, 32.684897 ], [ -97.391008, 32.684858 ], [ -97.391035, 32.684815 ], [ -97.391052, 32.68477 ], [ -97.391069, 32.684691 ], [ -97.391073, 32.684544 ], [ -97.39107, 32.684492 ], [ -97.391078, 32.684458 ], [ -97.391103, 32.684407 ], [ -97.391129, 32.684308 ], [ -97.391097, 32.684179 ], [ -97.391068, 32.684134 ], [ -97.391057, 32.684105 ] ], [ [ -97.433043, 32.689318 ], [ -97.433122, 32.689289 ], [ -97.433246, 32.689233 ], [ -97.433319, 32.689237 ], [ -97.433319, 32.689194 ], [ -97.433274, 32.689086 ], [ -97.43328, 32.68902 ], [ -97.433319, 32.688972 ], [ -97.433482, 32.688806 ], [ -97.433606, 32.688735 ], [ -97.433825, 32.688686 ], [ -97.433842, 32.688682 ], [ -97.434028, 32.688654 ], [ -97.434096, 32.688626 ], [ -97.434118, 32.688584 ], [ -97.434101, 32.688541 ], [ -97.434039, 32.688518 ], [ -97.433916, 32.688536 ], [ -97.433809, 32.688522 ], [ -97.433741, 32.688488 ], [ -97.433584, 32.68846 ], [ -97.433471, 32.688446 ], [ -97.433381, 32.68847 ], [ -97.433314, 32.688518 ], [ -97.433021, 32.688848 ], [ -97.432948, 32.688844 ], [ -97.43292, 32.688896 ], [ -97.432925, 32.688972 ], [ -97.432863, 32.688977 ], [ -97.432807, 32.688966 ], [ -97.432801, 32.689028 ], [ -97.432824, 32.689081 ], [ -97.432801, 32.689127 ], [ -97.432807, 32.689228 ], [ -97.432869, 32.689299 ], [ -97.43297, 32.689327 ], [ -97.433043, 32.689318 ] ], [ [ -97.430646, 32.689203 ], [ -97.430691, 32.689365 ], [ -97.430652, 32.689577 ], [ -97.430652, 32.689616 ], [ -97.430686, 32.689635 ], [ -97.430714, 32.689625 ], [ -97.430781, 32.689498 ], [ -97.430832, 32.689459 ], [ -97.431029, 32.689459 ], [ -97.431125, 32.68945 ], [ -97.431237, 32.689417 ], [ -97.431547, 32.689293 ], [ -97.431727, 32.689261 ], [ -97.4318, 32.689228 ], [ -97.431862, 32.689185 ], [ -97.431879, 32.689113 ], [ -97.431867, 32.689067 ], [ -97.431772, 32.689024 ], [ -97.431648, 32.689014 ], [ -97.431535, 32.689037 ], [ -97.431372, 32.68909 ], [ -97.431203, 32.689109 ], [ -97.431046, 32.689113 ], [ -97.430973, 32.689076 ], [ -97.430888, 32.688972 ], [ -97.430793, 32.688901 ], [ -97.43068, 32.688887 ], [ -97.430618, 32.688915 ], [ -97.430596, 32.688982 ], [ -97.430596, 32.689048 ], [ -97.430646, 32.689203 ] ], [ [ -97.431963, 32.691159 ], [ -97.431957, 32.691302 ], [ -97.431986, 32.691359 ], [ -97.432036, 32.691397 ], [ -97.432098, 32.691415 ], [ -97.432211, 32.691411 ], [ -97.432413, 32.691321 ], [ -97.432464, 32.691263 ], [ -97.432571, 32.691132 ], [ -97.432674, 32.690971 ], [ -97.432768, 32.690824 ], [ -97.43301, 32.690345 ], [ -97.433032, 32.690292 ], [ -97.43301, 32.690227 ], [ -97.43301, 32.690184 ], [ -97.433032, 32.69008 ], [ -97.432965, 32.69008 ], [ -97.432914, 32.690128 ], [ -97.432863, 32.690194 ], [ -97.432835, 32.690202 ], [ -97.432773, 32.690213 ], [ -97.432695, 32.690208 ], [ -97.432464, 32.69034 ], [ -97.432379, 32.690416 ], [ -97.432334, 32.690506 ], [ -97.431986, 32.691083 ], [ -97.431963, 32.691159 ] ], [ [ -97.43291, 32.707138 ], [ -97.432803, 32.707082 ], [ -97.432427, 32.707076 ], [ -97.430709, 32.707158 ], [ -97.430488, 32.70722 ], [ -97.430447, 32.70731 ], [ -97.43052, 32.707482 ], [ -97.430741, 32.707625 ], [ -97.430979, 32.707757 ], [ -97.431183, 32.707949 ], [ -97.431421, 32.70815 ], [ -97.431789, 32.708108 ], [ -97.432083, 32.708087 ], [ -97.432836, 32.707289 ], [ -97.43291, 32.707138 ] ], [ [ -97.430051, 32.713437 ], [ -97.430078, 32.713437 ], [ -97.43013, 32.713496 ], [ -97.4302, 32.713642 ], [ -97.43027, 32.713841 ], [ -97.430383, 32.714047 ], [ -97.43044, 32.714091 ], [ -97.430589, 32.714157 ], [ -97.43072, 32.714157 ], [ -97.431095, 32.714245 ], [ -97.431453, 32.714253 ], [ -97.431532, 32.71423 ], [ -97.431619, 32.714171 ], [ -97.431654, 32.71412 ], [ -97.431624, 32.713878 ], [ -97.431563, 32.713746 ], [ -97.431467, 32.713754 ], [ -97.431275, 32.713811 ], [ -97.4311, 32.71379 ], [ -97.430952, 32.71376 ], [ -97.430786, 32.713642 ], [ -97.430637, 32.713467 ], [ -97.430546, 32.713327 ], [ -97.430161, 32.712953 ], [ -97.430026, 32.712835 ], [ -97.429738, 32.712696 ], [ -97.429267, 32.712607 ], [ -97.428848, 32.712519 ], [ -97.428691, 32.712401 ], [ -97.428047, 32.712338 ], [ -97.428025, 32.712335 ], [ -97.427939, 32.712291 ], [ -97.42787, 32.712211 ], [ -97.42787, 32.712123 ], [ -97.427757, 32.711961 ], [ -97.427747, 32.711865 ], [ -97.427726, 32.711785 ], [ -97.427753, 32.711703 ], [ -97.427764, 32.711601 ], [ -97.427696, 32.711506 ], [ -97.427677, 32.711498 ], [ -97.427639, 32.711447 ], [ -97.427542, 32.711418 ], [ -97.427438, 32.711388 ], [ -97.427395, 32.711402 ], [ -97.427334, 32.71141 ], [ -97.427246, 32.711484 ], [ -97.427098, 32.711778 ], [ -97.427066, 32.711945 ], [ -97.427037, 32.712013 ], [ -97.426993, 32.712299 ], [ -97.426984, 32.712584 ], [ -97.427011, 32.713011 ], [ -97.427054, 32.713158 ], [ -97.427076, 32.71316 ], [ -97.427133, 32.713188 ], [ -97.427421, 32.713151 ], [ -97.427604, 32.713202 ], [ -97.427717, 32.713275 ], [ -97.427901, 32.713524 ], [ -97.427971, 32.713599 ], [ -97.428017, 32.713621 ], [ -97.428122, 32.713606 ], [ -97.428166, 32.713459 ], [ -97.428157, 32.713327 ], [ -97.428192, 32.713261 ], [ -97.428227, 32.713239 ], [ -97.428462, 32.713341 ], [ -97.428515, 32.713349 ], [ -97.428855, 32.713364 ], [ -97.428995, 32.713334 ], [ -97.429065, 32.713298 ], [ -97.429152, 32.71329 ], [ -97.429327, 32.713305 ], [ -97.429615, 32.713357 ], [ -97.430051, 32.713437 ] ], [ [ -97.400435, 32.729506 ], [ -97.400317, 32.729446 ], [ -97.400225, 32.729365 ], [ -97.400191, 32.729314 ], [ -97.400201, 32.729233 ], [ -97.400259, 32.729194 ], [ -97.40031, 32.729182 ], [ -97.40049, 32.729177 ], [ -97.400554, 32.729219 ], [ -97.400585, 32.729263 ], [ -97.400731, 32.729377 ], [ -97.401173, 32.729519 ], [ -97.401367, 32.72955 ], [ -97.401475, 32.72955 ], [ -97.401496, 32.729529 ], [ -97.401492, 32.729506 ], [ -97.401479, 32.729492 ], [ -97.401438, 32.729464 ], [ -97.401231, 32.729433 ], [ -97.400915, 32.729329 ], [ -97.400875, 32.729289 ], [ -97.400848, 32.729194 ], [ -97.400692, 32.728766 ], [ -97.400583, 32.728563 ], [ -97.400508, 32.728454 ], [ -97.400407, 32.728346 ], [ -97.400305, 32.728271 ], [ -97.400149, 32.728189 ], [ -97.39996, 32.728118 ], [ -97.399764, 32.728026 ], [ -97.399703, 32.727978 ], [ -97.399703, 32.727947 ], [ -97.399791, 32.727853 ], [ -97.399771, 32.727778 ], [ -97.399777, 32.727733 ], [ -97.399825, 32.727711 ], [ -97.399879, 32.727677 ], [ -97.399886, 32.727626 ], [ -97.399771, 32.727618 ], [ -97.399682, 32.727567 ], [ -97.399638, 32.727517 ], [ -97.399554, 32.727348 ], [ -97.39953, 32.727252 ], [ -97.399474, 32.726888 ], [ -97.399443, 32.726753 ], [ -97.399409, 32.726526 ], [ -97.399375, 32.726458 ], [ -97.399294, 32.726349 ], [ -97.399248, 32.726321 ], [ -97.39918, 32.726298 ], [ -97.39914, 32.72629 ], [ -97.399062, 32.726321 ], [ -97.398102, 32.726961 ], [ -97.397963, 32.727072 ], [ -97.397954, 32.727119 ], [ -97.397964, 32.727187 ], [ -97.398049, 32.727302 ], [ -97.3981, 32.727427 ], [ -97.3981, 32.727556 ], [ -97.398164, 32.727777 ], [ -97.3983, 32.727929 ], [ -97.398395, 32.728068 ], [ -97.398536, 32.728202 ], [ -97.398556, 32.728226 ], [ -97.398846, 32.7284 ], [ -97.399196, 32.728661 ], [ -97.399338, 32.728834 ], [ -97.399392, 32.72896 ], [ -97.399426, 32.729014 ], [ -97.399464, 32.729038 ], [ -97.399596, 32.729072 ], [ -97.399674, 32.729072 ], [ -97.399721, 32.729058 ], [ -97.399789, 32.72899 ], [ -97.399857, 32.728973 ], [ -97.399891, 32.728973 ], [ -97.399927, 32.728991 ], [ -97.399937, 32.729045 ], [ -97.399889, 32.72916 ], [ -97.399893, 32.729225 ], [ -97.399971, 32.729321 ], [ -97.400167, 32.729497 ], [ -97.400218, 32.729591 ], [ -97.400237, 32.729661 ], [ -97.400266, 32.729687 ], [ -97.400288, 32.729692 ], [ -97.400327, 32.729703 ], [ -97.400398, 32.7297 ], [ -97.400483, 32.72966 ], [ -97.40068, 32.72966 ], [ -97.40071, 32.729633 ], [ -97.400707, 32.729568 ], [ -97.400687, 32.729543 ], [ -97.400612, 32.72954 ], [ -97.400435, 32.729506 ] ], [ [ -97.41674, 32.78062 ], [ -97.416628, 32.780684 ], [ -97.416471, 32.780828 ], [ -97.416378, 32.780997 ], [ -97.416354, 32.781154 ], [ -97.416366, 32.781233 ], [ -97.41639, 32.781305 ], [ -97.416481, 32.781381 ], [ -97.416793, 32.781585 ], [ -97.416956, 32.781661 ], [ -97.416997, 32.781668 ], [ -97.417082, 32.78167 ], [ -97.417234, 32.78161 ], [ -97.417382, 32.781474 ], [ -97.417418, 32.781393 ], [ -97.417429, 32.781307 ], [ -97.417426, 32.781156 ], [ -97.417362, 32.780917 ], [ -97.417281, 32.780793 ], [ -97.41716, 32.780707 ], [ -97.417, 32.780627 ], [ -97.41687, 32.7806 ], [ -97.41674, 32.78062 ] ], [ [ -97.410935, 32.782666 ], [ -97.410808, 32.782778 ], [ -97.410635, 32.782874 ], [ -97.410533, 32.782911 ], [ -97.410415, 32.782913 ], [ -97.410224, 32.782902 ], [ -97.41007, 32.782881 ], [ -97.410058, 32.782862 ], [ -97.410061, 32.782818 ], [ -97.410162, 32.782701 ], [ -97.410192, 32.782646 ], [ -97.410192, 32.782575 ], [ -97.410168, 32.782445 ], [ -97.410181, 32.782275 ], [ -97.410241, 32.782091 ], [ -97.410244, 32.782031 ], [ -97.410228, 32.781979 ], [ -97.410208, 32.781964 ], [ -97.410108, 32.781925 ], [ -97.409945, 32.781931 ], [ -97.409904, 32.781942 ], [ -97.409852, 32.781978 ], [ -97.409831, 32.782004 ], [ -97.409768, 32.782138 ], [ -97.409671, 32.782494 ], [ -97.409577, 32.782721 ], [ -97.409487, 32.782794 ], [ -97.409435, 32.782821 ], [ -97.409381, 32.782821 ], [ -97.409336, 32.782797 ], [ -97.4092, 32.78264 ], [ -97.409142, 32.782513 ], [ -97.409133, 32.782376 ], [ -97.409166, 32.782325 ], [ -97.409287, 32.782198 ], [ -97.409405, 32.782013 ], [ -97.409426, 32.781962 ], [ -97.409414, 32.781908 ], [ -97.409372, 32.781863 ], [ -97.409263, 32.781664 ], [ -97.409209, 32.781618 ], [ -97.409162, 32.781616 ], [ -97.409081, 32.78163 ], [ -97.409051, 32.781652 ], [ -97.408954, 32.781905 ], [ -97.408897, 32.782004 ], [ -97.408861, 32.782049 ], [ -97.408728, 32.782156 ], [ -97.408701, 32.782213 ], [ -97.408689, 32.782268 ], [ -97.408729, 32.782744 ], [ -97.408765, 32.782846 ], [ -97.408811, 32.782936 ], [ -97.408968, 32.783149 ], [ -97.409102, 32.783313 ], [ -97.409128, 32.783344 ], [ -97.409191, 32.783354 ], [ -97.409485, 32.783318 ], [ -97.409576, 32.783299 ], [ -97.409709, 32.78323 ], [ -97.409821, 32.783155 ], [ -97.409879, 32.783084 ], [ -97.409973, 32.783056 ], [ -97.410279, 32.78305 ], [ -97.410732, 32.783017 ], [ -97.410777, 32.783035 ], [ -97.410823, 32.783093 ], [ -97.41088, 32.783132 ], [ -97.410922, 32.783123 ], [ -97.410962, 32.783084 ], [ -97.410971, 32.783029 ], [ -97.410907, 32.782913 ], [ -97.410913, 32.782893 ], [ -97.41106, 32.782774 ], [ -97.411126, 32.782756 ], [ -97.411315, 32.782736 ], [ -97.411481, 32.782744 ], [ -97.411591, 32.782775 ], [ -97.411674, 32.782815 ], [ -97.411747, 32.782873 ], [ -97.411967, 32.783112 ], [ -97.412139, 32.78323 ], [ -97.412293, 32.783315 ], [ -97.412417, 32.78336 ], [ -97.412547, 32.783383 ], [ -97.412844, 32.783399 ], [ -97.412907, 32.783386 ], [ -97.412958, 32.783333 ], [ -97.412977, 32.783217 ], [ -97.412949, 32.783197 ], [ -97.412768, 32.783178 ], [ -97.412747, 32.783164 ], [ -97.412738, 32.783124 ], [ -97.412762, 32.783064 ], [ -97.412816, 32.783009 ], [ -97.41296, 32.782913 ], [ -97.413171, 32.782797 ], [ -97.41345, 32.782694 ], [ -97.413794, 32.782539 ], [ -97.414001, 32.782381 ], [ -97.414092, 32.782263 ], [ -97.414147, 32.782069 ], [ -97.414159, 32.7819 ], [ -97.414123, 32.781734 ], [ -97.414086, 32.781698 ], [ -97.413993, 32.78168 ], [ -97.413911, 32.781674 ], [ -97.413828, 32.781682 ], [ -97.413652, 32.781723 ], [ -97.413474, 32.781778 ], [ -97.413093, 32.781926 ], [ -97.4129, 32.781987 ], [ -97.412706, 32.782029 ], [ -97.412514, 32.782094 ], [ -97.412309, 32.782227 ], [ -97.411988, 32.782519 ], [ -97.411873, 32.782565 ], [ -97.411655, 32.78257 ], [ -97.411554, 32.782573 ], [ -97.41114, 32.782558 ], [ -97.41108, 32.782567 ], [ -97.41104, 32.782584 ], [ -97.411013, 32.782615 ], [ -97.410935, 32.782666 ] ], [ [ -97.415121, 32.786364 ], [ -97.415098, 32.78627 ], [ -97.415054, 32.786169 ], [ -97.415013, 32.786155 ], [ -97.414443, 32.786144 ], [ -97.413802, 32.786144 ], [ -97.4134, 32.786175 ], [ -97.41338, 32.786185 ], [ -97.413373, 32.786209 ], [ -97.413387, 32.786246 ], [ -97.414834, 32.787184 ], [ -97.414978, 32.78721 ], [ -97.415034, 32.787204 ], [ -97.415148, 32.787126 ], [ -97.41527, 32.78696 ], [ -97.415368, 32.786775 ], [ -97.415378, 32.786707 ], [ -97.415351, 32.786651 ], [ -97.415297, 32.78662 ], [ -97.415209, 32.786593 ], [ -97.415169, 32.786569 ], [ -97.415145, 32.786533 ], [ -97.415121, 32.786364 ] ], [ [ -97.416797, 32.786229 ], [ -97.415497, 32.786229 ], [ -97.416197, 32.787228 ], [ -97.416797, 32.786229 ] ], [ [ -97.413996, 32.786996 ], [ -97.413946, 32.786943 ], [ -97.413321, 32.786524 ], [ -97.41323, 32.786484 ], [ -97.41319, 32.786479 ], [ -97.413142, 32.78649 ], [ -97.413119, 32.78651 ], [ -97.413092, 32.786628 ], [ -97.413056, 32.787256 ], [ -97.41307, 32.7873 ], [ -97.4131, 32.787312 ], [ -97.413784, 32.787138 ], [ -97.413932, 32.78709 ], [ -97.413969, 32.787067 ], [ -97.413994, 32.78702 ], [ -97.413996, 32.786996 ] ], [ [ -97.415497, 32.788128 ], [ -97.414497, 32.787429 ], [ -97.414297, 32.789229 ], [ -97.415197, 32.788929 ], [ -97.415497, 32.788128 ] ], [ [ -97.413972, 32.787242 ], [ -97.413806, 32.787283 ], [ -97.413212, 32.787481 ], [ -97.413131, 32.787515 ], [ -97.413091, 32.787549 ], [ -97.41305, 32.787671 ], [ -97.413067, 32.789377 ], [ -97.413097, 32.789406 ], [ -97.413175, 32.789431 ], [ -97.413358, 32.789465 ], [ -97.413796, 32.789478 ], [ -97.414039, 32.789472 ], [ -97.414135, 32.789445 ], [ -97.414177, 32.789423 ], [ -97.414384, 32.787424 ], [ -97.414367, 32.787346 ], [ -97.414313, 32.787286 ], [ -97.414222, 32.787252 ], [ -97.414164, 32.787242 ], [ -97.413972, 32.787242 ] ], [ [ -97.409868, 32.789566 ], [ -97.410479, 32.790073 ], [ -97.410842, 32.790297 ], [ -97.411011, 32.790363 ], [ -97.41121, 32.790388 ], [ -97.411537, 32.790382 ], [ -97.411676, 32.790357 ], [ -97.412323, 32.790056 ], [ -97.412401, 32.790038 ], [ -97.412519, 32.790025 ], [ -97.412644, 32.789994 ], [ -97.412653, 32.789975 ], [ -97.412674, 32.789932 ], [ -97.412689, 32.789707 ], [ -97.412698, 32.789136 ], [ -97.412673, 32.789088 ], [ -97.41265, 32.789074 ], [ -97.409856, 32.789059 ], [ -97.409717, 32.789082 ], [ -97.409681, 32.789149 ], [ -97.409668, 32.789257 ], [ -97.409717, 32.789391 ], [ -97.409868, 32.789566 ] ], [ [ -97.40996, 32.790163 ], [ -97.409733, 32.790428 ], [ -97.409681, 32.790512 ], [ -97.409644, 32.790601 ], [ -97.409655, 32.790652 ], [ -97.409688, 32.790685 ], [ -97.409747, 32.790711 ], [ -97.41032, 32.790854 ], [ -97.410361, 32.790855 ], [ -97.410394, 32.790858 ], [ -97.41045, 32.790847 ], [ -97.410489, 32.790827 ], [ -97.410541, 32.790759 ], [ -97.410651, 32.79056 ], [ -97.410655, 32.790475 ], [ -97.410651, 32.790447 ], [ -97.410588, 32.790377 ], [ -97.41017, 32.790109 ], [ -97.410085, 32.790098 ], [ -97.410041, 32.790112 ], [ -97.40996, 32.790163 ] ], [ [ -97.410974, 32.790554 ], [ -97.410918, 32.790563 ], [ -97.410857, 32.790599 ], [ -97.41058, 32.790954 ], [ -97.410574, 32.790985 ], [ -97.410587, 32.791018 ], [ -97.410664, 32.791061 ], [ -97.411076, 32.791237 ], [ -97.411353, 32.791322 ], [ -97.411457, 32.791322 ], [ -97.411499, 32.791303 ], [ -97.411864, 32.791083 ], [ -97.412536, 32.79063 ], [ -97.412616, 32.790519 ], [ -97.412659, 32.790391 ], [ -97.412664, 32.79036 ], [ -97.412649, 32.790343 ], [ -97.412611, 32.790328 ], [ -97.412555, 32.790324 ], [ -97.412365, 32.790376 ], [ -97.41185, 32.790582 ], [ -97.411689, 32.790613 ], [ -97.411391, 32.79063 ], [ -97.411296, 32.790626 ], [ -97.411041, 32.790559 ], [ -97.410974, 32.790554 ] ], [ [ -97.402138, 32.827931 ], [ -97.402184, 32.827894 ], [ -97.402501, 32.827875 ], [ -97.402524, 32.827779 ], [ -97.402569, 32.827723 ], [ -97.402615, 32.827703 ], [ -97.402661, 32.827543 ], [ -97.402647, 32.827474 ], [ -97.402668, 32.827432 ], [ -97.402928, 32.827134 ], [ -97.403198, 32.82669 ], [ -97.403601, 32.826316 ], [ -97.40374, 32.826121 ], [ -97.403864, 32.826039 ], [ -97.404135, 32.825941 ], [ -97.404191, 32.825899 ], [ -97.404197, 32.825851 ], [ -97.404177, 32.825809 ], [ -97.40408, 32.825761 ], [ -97.403823, 32.825705 ], [ -97.401905, 32.825907 ], [ -97.401669, 32.825907 ], [ -97.401488, 32.825851 ], [ -97.401211, 32.825795 ], [ -97.40017, 32.826031 ], [ -97.399809, 32.826017 ], [ -97.399199, 32.825935 ], [ -97.398971, 32.825843 ], [ -97.398443, 32.825629 ], [ -97.398068, 32.825165 ], [ -97.398047, 32.825096 ], [ -97.398047, 32.824999 ], [ -97.398262, 32.824776 ], [ -97.399182, 32.823772 ], [ -97.399936, 32.823075 ], [ -97.400762, 32.821873 ], [ -97.401001, 32.821703 ], [ -97.401525, 32.821657 ], [ -97.401428, 32.821389 ], [ -97.401429, 32.821072 ], [ -97.401384, 32.820805 ], [ -97.401357, 32.820708 ], [ -97.401273, 32.820652 ], [ -97.40119, 32.820638 ], [ -97.401089, 32.820652 ], [ -97.400992, 32.820638 ], [ -97.400659, 32.820625 ], [ -97.400493, 32.820631 ], [ -97.400368, 32.820645 ], [ -97.400264, 32.820701 ], [ -97.399792, 32.821151 ], [ -97.398401, 32.822177 ], [ -97.397603, 32.822544 ], [ -97.397256, 32.822642 ], [ -97.39709, 32.822649 ], [ -97.396847, 32.8226 ], [ -97.396535, 32.822628 ], [ -97.39641, 32.822649 ], [ -97.39616, 32.822753 ], [ -97.3949, 32.823307 ], [ -97.392055, 32.824573 ], [ -97.3915, 32.824857 ], [ -97.391099, 32.825167 ], [ -97.39087, 32.825473 ], [ -97.390704, 32.825861 ], [ -97.390627, 32.826157 ], [ -97.390561, 32.826498 ], [ -97.390581, 32.827123 ], [ -97.390525, 32.827567 ], [ -97.390387, 32.828073 ], [ -97.390276, 32.828358 ], [ -97.390227, 32.828725 ], [ -97.39022, 32.82885 ], [ -97.390248, 32.82894 ], [ -97.390303, 32.828947 ], [ -97.39038, 32.828836 ], [ -97.390428, 32.828718 ], [ -97.390505, 32.828578 ], [ -97.390761, 32.828246 ], [ -97.390942, 32.82806 ], [ -97.391542, 32.827346 ], [ -97.392013, 32.826659 ], [ -97.392312, 32.826333 ], [ -97.392437, 32.82625 ], [ -97.39252, 32.82625 ], [ -97.392603, 32.826306 ], [ -97.392738, 32.826458 ], [ -97.393044, 32.826867 ], [ -97.393533, 32.827679 ], [ -97.393762, 32.82806 ], [ -97.393852, 32.82826 ], [ -97.393942, 32.828412 ], [ -97.39406, 32.828559 ], [ -97.394324, 32.828781 ], [ -97.394539, 32.82903 ], [ -97.395368, 32.830222 ], [ -97.395527, 32.83054 ], [ -97.395645, 32.830937 ], [ -97.395767, 32.831767 ], [ -97.395801, 32.83206 ], [ -97.3959, 32.833201 ], [ -97.395937, 32.833633 ], [ -97.395923, 32.834235 ], [ -97.39593, 32.834618 ], [ -97.396006, 32.835436 ], [ -97.395999, 32.83556 ], [ -97.39595, 32.835616 ], [ -97.395604, 32.835817 ], [ -97.395472, 32.835921 ], [ -97.395458, 32.835976 ], [ -97.395493, 32.836018 ], [ -97.395776, 32.835999 ], [ -97.395909, 32.835997 ], [ -97.396013, 32.83606 ], [ -97.396027, 32.836115 ], [ -97.39603, 32.836357 ], [ -97.395982, 32.836641 ], [ -97.395912, 32.836897 ], [ -97.395735, 32.837958 ], [ -97.395715, 32.838132 ], [ -97.395728, 32.838278 ], [ -97.395826, 32.838451 ], [ -97.395909, 32.838625 ], [ -97.395978, 32.838825 ], [ -97.396006, 32.839013 ], [ -97.396082, 32.839283 ], [ -97.396152, 32.839581 ], [ -97.396186, 32.839678 ], [ -97.396199, 32.839782 ], [ -97.396193, 32.839858 ], [ -97.395838, 32.840232 ], [ -97.395775, 32.840336 ], [ -97.395758, 32.840392 ], [ -97.395754, 32.840443 ], [ -97.395657, 32.840579 ], [ -97.395616, 32.840656 ], [ -97.395583, 32.840767 ], [ -97.395596, 32.84088 ], [ -97.395611, 32.841012 ], [ -97.395673, 32.841251 ], [ -97.39576, 32.841475 ], [ -97.395822, 32.841552 ], [ -97.395944, 32.841633 ], [ -97.395975, 32.841675 ], [ -97.396013, 32.841786 ], [ -97.396114, 32.841841 ], [ -97.396193, 32.84191 ], [ -97.396365, 32.842191 ], [ -97.39642, 32.842492 ], [ -97.396448, 32.842568 ], [ -97.396573, 32.842711 ], [ -97.396632, 32.842739 ], [ -97.396688, 32.842731 ], [ -97.396817, 32.842613 ], [ -97.396943, 32.842554 ], [ -97.396998, 32.842514 ], [ -97.397019, 32.842424 ], [ -97.396991, 32.842332 ], [ -97.396943, 32.842284 ], [ -97.396887, 32.842256 ], [ -97.39679, 32.842243 ], [ -97.396644, 32.842202 ], [ -97.396492, 32.842077 ], [ -97.396127, 32.841647 ], [ -97.395996, 32.841406 ], [ -97.39585, 32.841138 ], [ -97.395808, 32.840992 ], [ -97.395799, 32.840857 ], [ -97.395798, 32.840836 ], [ -97.395991, 32.840558 ], [ -97.396188, 32.840331 ], [ -97.396289, 32.840339 ], [ -97.396336, 32.840335 ], [ -97.396458, 32.840228 ], [ -97.396712, 32.840049 ], [ -97.396885, 32.839751 ], [ -97.397107, 32.839557 ], [ -97.397177, 32.839328 ], [ -97.397201, 32.838828 ], [ -97.397298, 32.838621 ], [ -97.39752, 32.838261 ], [ -97.397589, 32.838108 ], [ -97.397673, 32.837983 ], [ -97.397936, 32.837719 ], [ -97.398273, 32.837339 ], [ -97.398571, 32.83686 ], [ -97.398634, 32.836686 ], [ -97.398682, 32.836374 ], [ -97.398682, 32.836139 ], [ -97.398703, 32.835987 ], [ -97.398998, 32.835023 ], [ -97.399019, 32.834898 ], [ -97.399046, 32.834593 ], [ -97.399026, 32.834377 ], [ -97.398908, 32.833852 ], [ -97.398901, 32.833748 ], [ -97.398915, 32.833685 ], [ -97.399043, 32.833498 ], [ -97.399085, 32.833467 ], [ -97.399192, 32.833432 ], [ -97.399282, 32.833429 ], [ -97.39939, 32.833443 ], [ -97.39949, 32.833481 ], [ -97.399622, 32.833547 ], [ -97.399914, 32.833723 ], [ -97.399997, 32.833799 ], [ -97.400094, 32.833924 ], [ -97.400273, 32.834218 ], [ -97.400291, 32.834256 ], [ -97.400484, 32.834649 ], [ -97.400599, 32.834798 ], [ -97.400682, 32.834881 ], [ -97.400873, 32.834995 ], [ -97.401237, 32.835245 ], [ -97.401324, 32.835299 ], [ -97.401464, 32.835436 ], [ -97.401525, 32.835516 ], [ -97.401755, 32.83582 ], [ -97.401842, 32.835959 ], [ -97.401894, 32.836025 ], [ -97.40195, 32.836132 ], [ -97.402153, 32.837027 ], [ -97.40225, 32.837186 ], [ -97.402361, 32.837255 ], [ -97.402416, 32.837276 ], [ -97.402451, 32.83728 ], [ -97.402808, 32.837141 ], [ -97.402989, 32.837117 ], [ -97.403093, 32.837124 ], [ -97.403169, 32.837158 ], [ -97.403204, 32.837203 ], [ -97.403252, 32.837297 ], [ -97.40329, 32.837311 ], [ -97.403329, 32.83729 ], [ -97.403346, 32.837235 ], [ -97.403315, 32.837134 ], [ -97.403283, 32.837089 ], [ -97.403249, 32.837061 ], [ -97.403054, 32.837009 ], [ -97.40294, 32.837009 ], [ -97.402671, 32.837082 ], [ -97.402456, 32.837124 ], [ -97.402401, 32.837124 ], [ -97.402352, 32.837082 ], [ -97.402338, 32.837027 ], [ -97.402338, 32.836942 ], [ -97.402359, 32.836881 ], [ -97.402421, 32.836838 ], [ -97.402484, 32.836852 ], [ -97.40256, 32.836888 ], [ -97.40272, 32.836923 ], [ -97.40281, 32.836888 ], [ -97.402893, 32.836812 ], [ -97.402921, 32.836708 ], [ -97.402914, 32.836554 ], [ -97.402845, 32.836382 ], [ -97.402754, 32.836222 ], [ -97.402581, 32.835994 ], [ -97.402439, 32.835689 ], [ -97.402321, 32.835535 ], [ -97.402307, 32.835473 ], [ -97.402349, 32.835453 ], [ -97.402432, 32.835453 ], [ -97.402543, 32.835481 ], [ -97.40273, 32.835501 ], [ -97.402793, 32.835487 ], [ -97.402862, 32.835417 ], [ -97.402911, 32.835313 ], [ -97.403015, 32.835273 ], [ -97.403022, 32.835223 ], [ -97.402924, 32.835141 ], [ -97.402827, 32.835106 ], [ -97.40273, 32.835113 ], [ -97.402675, 32.835161 ], [ -97.402584, 32.835203 ], [ -97.402508, 32.835196 ], [ -97.402411, 32.835133 ], [ -97.402293, 32.834981 ], [ -97.402113, 32.834794 ], [ -97.40205, 32.834697 ], [ -97.402037, 32.834659 ], [ -97.402009, 32.834578 ], [ -97.402009, 32.834426 ], [ -97.402085, 32.8341 ], [ -97.402068, 32.833886 ], [ -97.402012, 32.833567 ], [ -97.40187, 32.833251 ], [ -97.40186, 32.833228 ], [ -97.401818, 32.832977 ], [ -97.401825, 32.832507 ], [ -97.401776, 32.832389 ], [ -97.401461, 32.832062 ], [ -97.399903, 32.830205 ], [ -97.39932, 32.829234 ], [ -97.399244, 32.829047 ], [ -97.399223, 32.828909 ], [ -97.399265, 32.828694 ], [ -97.3993, 32.828646 ], [ -97.399341, 32.82859 ], [ -97.399823, 32.828339 ], [ -97.400708, 32.827837 ], [ -97.401204, 32.827709 ], [ -97.401276, 32.827607 ], [ -97.401419, 32.827647 ], [ -97.401516, 32.82764 ], [ -97.401662, 32.827607 ], [ -97.401932, 32.827862 ], [ -97.402092, 32.827952 ], [ -97.402138, 32.827931 ] ], [ [ -97.401707, 32.864116 ], [ -97.401867, 32.864292 ], [ -97.4019, 32.864379 ], [ -97.401938, 32.864562 ], [ -97.401971, 32.864649 ], [ -97.402032, 32.864716 ], [ -97.402115, 32.864749 ], [ -97.402149, 32.864744 ], [ -97.402181, 32.864738 ], [ -97.402225, 32.864689 ], [ -97.402302, 32.864468 ], [ -97.402335, 32.864424 ], [ -97.402506, 32.864281 ], [ -97.40255, 32.864209 ], [ -97.402561, 32.86416 ], [ -97.402545, 32.863971 ], [ -97.402506, 32.863867 ], [ -97.402429, 32.863746 ], [ -97.402326, 32.863612 ], [ -97.402231, 32.863542 ], [ -97.402098, 32.863487 ], [ -97.401911, 32.863493 ], [ -97.401789, 32.86352 ], [ -97.401697, 32.863554 ], [ -97.401574, 32.86363 ], [ -97.401541, 32.86368 ], [ -97.401514, 32.863746 ], [ -97.401503, 32.86384 ], [ -97.40153, 32.863917 ], [ -97.401591, 32.863999 ], [ -97.401707, 32.864116 ] ], [ [ -97.407394, 32.864992 ], [ -97.407708, 32.864992 ], [ -97.407757, 32.865003 ], [ -97.407794, 32.865028 ], [ -97.407849, 32.865105 ], [ -97.407963, 32.865192 ], [ -97.408027, 32.865211 ], [ -97.408122, 32.865222 ], [ -97.408247, 32.865229 ], [ -97.408303, 32.865229 ], [ -97.408434, 32.865221 ], [ -97.408478, 32.865203 ], [ -97.408549, 32.865156 ], [ -97.40857, 32.865125 ], [ -97.408599, 32.865079 ], [ -97.408612, 32.864986 ], [ -97.408595, 32.864935 ], [ -97.408565, 32.864888 ], [ -97.408521, 32.864857 ], [ -97.408349, 32.864827 ], [ -97.408171, 32.864821 ], [ -97.407812, 32.864787 ], [ -97.407603, 32.864761 ], [ -97.407415, 32.86471 ], [ -97.407318, 32.86468 ], [ -97.407068, 32.864666 ], [ -97.406823, 32.864702 ], [ -97.40663, 32.864676 ], [ -97.406431, 32.864599 ], [ -97.406309, 32.864593 ], [ -97.406387, 32.864741 ], [ -97.406485, 32.864831 ], [ -97.406641, 32.864905 ], [ -97.406895, 32.864905 ], [ -97.407136, 32.86493 ], [ -97.407253, 32.864981 ], [ -97.407394, 32.864992 ] ], [ [ -97.428405, 32.874192 ], [ -97.428468, 32.874187 ], [ -97.42852, 32.87416 ], [ -97.428543, 32.874105 ], [ -97.428577, 32.874071 ], [ -97.428612, 32.874046 ], [ -97.428646, 32.874038 ], [ -97.428738, 32.874028 ], [ -97.428807, 32.874028 ], [ -97.428875, 32.874038 ], [ -97.428921, 32.874018 ], [ -97.429007, 32.873998 ], [ -97.429042, 32.874018 ], [ -97.429151, 32.874004 ], [ -97.429191, 32.873994 ], [ -97.429202, 32.873975 ], [ -97.429197, 32.873945 ], [ -97.429093, 32.873863 ], [ -97.429036, 32.873768 ], [ -97.429013, 32.873748 ], [ -97.428979, 32.873686 ], [ -97.428921, 32.87368 ], [ -97.42887, 32.873691 ], [ -97.428847, 32.873714 ], [ -97.428818, 32.87372 ], [ -97.428789, 32.873739 ], [ -97.428732, 32.873758 ], [ -97.428703, 32.873792 ], [ -97.42868, 32.873806 ], [ -97.428594, 32.873888 ], [ -97.428566, 32.873907 ], [ -97.42848, 32.87398 ], [ -97.428463, 32.874009 ], [ -97.42844, 32.874028 ], [ -97.428399, 32.874091 ], [ -97.428377, 32.874167 ], [ -97.428405, 32.874192 ] ], [ [ -97.427872, 32.875661 ], [ -97.427916, 32.875648 ], [ -97.427958, 32.875636 ], [ -97.427998, 32.875608 ], [ -97.42813, 32.875487 ], [ -97.428176, 32.875414 ], [ -97.428187, 32.875377 ], [ -97.428216, 32.875357 ], [ -97.428245, 32.875343 ], [ -97.428273, 32.875318 ], [ -97.428279, 32.875284 ], [ -97.428336, 32.875227 ], [ -97.428371, 32.875208 ], [ -97.428405, 32.875199 ], [ -97.428428, 32.875169 ], [ -97.428411, 32.875131 ], [ -97.428371, 32.875117 ], [ -97.428164, 32.875006 ], [ -97.428119, 32.874996 ], [ -97.428078, 32.875 ], [ -97.428055, 32.875011 ], [ -97.427981, 32.875117 ], [ -97.427941, 32.875194 ], [ -97.427924, 32.875242 ], [ -97.427906, 32.875266 ], [ -97.427849, 32.875366 ], [ -97.427786, 32.875449 ], [ -97.427757, 32.875478 ], [ -97.427746, 32.875512 ], [ -97.427792, 32.875535 ], [ -97.427817, 32.875557 ], [ -97.427826, 32.875574 ], [ -97.42782, 32.875597 ], [ -97.42778, 32.87565 ], [ -97.427792, 32.87567 ], [ -97.42782, 32.87567 ], [ -97.427872, 32.875661 ] ], [ [ -97.429654, 32.88565 ], [ -97.429643, 32.885674 ], [ -97.429693, 32.885753 ], [ -97.42983, 32.885897 ], [ -97.429845, 32.885921 ], [ -97.429869, 32.8861 ], [ -97.429893, 32.886142 ], [ -97.429937, 32.886195 ], [ -97.43008, 32.886201 ], [ -97.430119, 32.886198 ], [ -97.430175, 32.886181 ], [ -97.43023, 32.88615 ], [ -97.430245, 32.886142 ], [ -97.430295, 32.886091 ], [ -97.430312, 32.886042 ], [ -97.430275, 32.885972 ], [ -97.430251, 32.885944 ], [ -97.430216, 32.885928 ], [ -97.430171, 32.8859 ], [ -97.429824, 32.885734 ], [ -97.42978, 32.88572 ], [ -97.429754, 32.885702 ], [ -97.429735, 32.885663 ], [ -97.429717, 32.885644 ], [ -97.429689, 32.885635 ], [ -97.429654, 32.88565 ] ], [ [ -97.385966, 32.892364 ], [ -97.385989, 32.892403 ], [ -97.386059, 32.892384 ], [ -97.386075, 32.892325 ], [ -97.386082, 32.892214 ], [ -97.386043, 32.892167 ], [ -97.386082, 32.892049 ], [ -97.386098, 32.891939 ], [ -97.386114, 32.891906 ], [ -97.386176, 32.891827 ], [ -97.386215, 32.891801 ], [ -97.386332, 32.891807 ], [ -97.386496, 32.891755 ], [ -97.386667, 32.891728 ], [ -97.386808, 32.891689 ], [ -97.3868, 32.891624 ], [ -97.386698, 32.891526 ], [ -97.386613, 32.89148 ], [ -97.386542, 32.8915 ], [ -97.386472, 32.891461 ], [ -97.386426, 32.891376 ], [ -97.38641, 32.891258 ], [ -97.386348, 32.891238 ], [ -97.386106, 32.89125 ], [ -97.385903, 32.891244 ], [ -97.385825, 32.891271 ], [ -97.385545, 32.891309 ], [ -97.38535, 32.891402 ], [ -97.385178, 32.891618 ], [ -97.385116, 32.89161 ], [ -97.38489, 32.89161 ], [ -97.38489, 32.891664 ], [ -97.384936, 32.891723 ], [ -97.385139, 32.891812 ], [ -97.385552, 32.892114 ], [ -97.385966, 32.892364 ] ], [ [ -97.396327, 32.896045 ], [ -97.396263, 32.89603 ], [ -97.396174, 32.896016 ], [ -97.396092, 32.896011 ], [ -97.39601, 32.896116 ], [ -97.395967, 32.896197 ], [ -97.395957, 32.896216 ], [ -97.395942, 32.896285 ], [ -97.395948, 32.896344 ], [ -97.395965, 32.896377 ], [ -97.396033, 32.896419 ], [ -97.396183, 32.896445 ], [ -97.396269, 32.896441 ], [ -97.396422, 32.896409 ], [ -97.396528, 32.896364 ], [ -97.396537, 32.896324 ], [ -97.39651, 32.896254 ], [ -97.396428, 32.896132 ], [ -97.39638, 32.896079 ], [ -97.396327, 32.896045 ] ], [ [ -97.392655, 32.907936 ], [ -97.392476, 32.907998 ], [ -97.392434, 32.908039 ], [ -97.392455, 32.908186 ], [ -97.392445, 32.908239 ], [ -97.392455, 32.908262 ], [ -97.392514, 32.908312 ], [ -97.392638, 32.908467 ], [ -97.392721, 32.908552 ], [ -97.392779, 32.908608 ], [ -97.392876, 32.908639 ], [ -97.393007, 32.908623 ], [ -97.393114, 32.908594 ], [ -97.393183, 32.908546 ], [ -97.393242, 32.908394 ], [ -97.393242, 32.908319 ], [ -97.393228, 32.908219 ], [ -97.3932, 32.908143 ], [ -97.393145, 32.908067 ], [ -97.39305, 32.907978 ], [ -97.393017, 32.907956 ], [ -97.392855, 32.907915 ], [ -97.392655, 32.907936 ] ], [ [ -97.429279, 32.90956 ], [ -97.429289, 32.909494 ], [ -97.429329, 32.909398 ], [ -97.429325, 32.909352 ], [ -97.429299, 32.909329 ], [ -97.429266, 32.909309 ], [ -97.428956, 32.909339 ], [ -97.428701, 32.909382 ], [ -97.428681, 32.909401 ], [ -97.428678, 32.909424 ], [ -97.428695, 32.909477 ], [ -97.429012, 32.909827 ], [ -97.429088, 32.909863 ], [ -97.429279, 32.909906 ], [ -97.429361, 32.909903 ], [ -97.429391, 32.909889 ], [ -97.429388, 32.90985 ], [ -97.429319, 32.909768 ], [ -97.429282, 32.909632 ], [ -97.429279, 32.90956 ] ], [ [ -97.393443, 32.910058 ], [ -97.393515, 32.910094 ], [ -97.39367, 32.910162 ], [ -97.393699, 32.910184 ], [ -97.393726, 32.910207 ], [ -97.393843, 32.910255 ], [ -97.393909, 32.910308 ], [ -97.39396, 32.910342 ], [ -97.394071, 32.910362 ], [ -97.394143, 32.910356 ], [ -97.394188, 32.910322 ], [ -97.394295, 32.910128 ], [ -97.394385, 32.910032 ], [ -97.394433, 32.909996 ], [ -97.39445, 32.909945 ], [ -97.394447, 32.909869 ], [ -97.394423, 32.909746 ], [ -97.39434, 32.909632 ], [ -97.394312, 32.909518 ], [ -97.394323, 32.909466 ], [ -97.394312, 32.909408 ], [ -97.394285, 32.909366 ], [ -97.394236, 32.909322 ], [ -97.394178, 32.909287 ], [ -97.393905, 32.909242 ], [ -97.393767, 32.909335 ], [ -97.393704, 32.909354 ], [ -97.393415, 32.909432 ], [ -97.393367, 32.90947 ], [ -97.393353, 32.909501 ], [ -97.393353, 32.909546 ], [ -97.393369, 32.909599 ], [ -97.393422, 32.909697 ], [ -97.393416, 32.909789 ], [ -97.393377, 32.909903 ], [ -97.393346, 32.909922 ], [ -97.393358, 32.909968 ], [ -97.393394, 32.910018 ], [ -97.393443, 32.910058 ] ], [ [ -97.414518, 32.911262 ], [ -97.414583, 32.911268 ], [ -97.414713, 32.911295 ], [ -97.414792, 32.911323 ], [ -97.414902, 32.911312 ], [ -97.414979, 32.911275 ], [ -97.415091, 32.91124 ], [ -97.415208, 32.911212 ], [ -97.415339, 32.911197 ], [ -97.415476, 32.911257 ], [ -97.415678, 32.911394 ], [ -97.415834, 32.911405 ], [ -97.415958, 32.911372 ], [ -97.416003, 32.911333 ], [ -97.416036, 32.911234 ], [ -97.416049, 32.910814 ], [ -97.416036, 32.910649 ], [ -97.416029, 32.910169 ], [ -97.415997, 32.910151 ], [ -97.415951, 32.910196 ], [ -97.415899, 32.910234 ], [ -97.415821, 32.910255 ], [ -97.415756, 32.910251 ], [ -97.415623, 32.910199 ], [ -97.415295, 32.909951 ], [ -97.415202, 32.909909 ], [ -97.415122, 32.909882 ], [ -97.415045, 32.909863 ], [ -97.414945, 32.909863 ], [ -97.414831, 32.909895 ], [ -97.41474, 32.909927 ], [ -97.414698, 32.909951 ], [ -97.414658, 32.90995 ], [ -97.414588, 32.909923 ], [ -97.41444, 32.909878 ], [ -97.414316, 32.909851 ], [ -97.414309, 32.909878 ], [ -97.414346, 32.909908 ], [ -97.414362, 32.909927 ], [ -97.414426, 32.909948 ], [ -97.414471, 32.909951 ], [ -97.414524, 32.909975 ], [ -97.414557, 32.909993 ], [ -97.414574, 32.910013 ], [ -97.414569, 32.910055 ], [ -97.414556, 32.910088 ], [ -97.414567, 32.910136 ], [ -97.414602, 32.910161 ], [ -97.414689, 32.910156 ], [ -97.414798, 32.910127 ], [ -97.41487, 32.910086 ], [ -97.414914, 32.910075 ], [ -97.414956, 32.910074 ], [ -97.41499, 32.910086 ], [ -97.415019, 32.910122 ], [ -97.415054, 32.910176 ], [ -97.415051, 32.910217 ], [ -97.415024, 32.910263 ], [ -97.414938, 32.910488 ], [ -97.414842, 32.910639 ], [ -97.414801, 32.910994 ], [ -97.414804, 32.91104 ], [ -97.414797, 32.911081 ], [ -97.414752, 32.911102 ], [ -97.414701, 32.911099 ], [ -97.414607, 32.911033 ], [ -97.414533, 32.91104 ], [ -97.414479, 32.911067 ], [ -97.414415, 32.91113 ], [ -97.414342, 32.91129 ], [ -97.414329, 32.911338 ], [ -97.414348, 32.91135 ], [ -97.414375, 32.911344 ], [ -97.414433, 32.91129 ], [ -97.414518, 32.911262 ] ], [ [ -97.389289, 32.916632 ], [ -97.389263, 32.916655 ], [ -97.389231, 32.916753 ], [ -97.389182, 32.916829 ], [ -97.389162, 32.91695 ], [ -97.389169, 32.917015 ], [ -97.38921, 32.917046 ], [ -97.389278, 32.917049 ], [ -97.389354, 32.917066 ], [ -97.389393, 32.917144 ], [ -97.389443, 32.917201 ], [ -97.389551, 32.917253 ], [ -97.389588, 32.917267 ], [ -97.389783, 32.917284 ], [ -97.389819, 32.917261 ], [ -97.389833, 32.917191 ], [ -97.389823, 32.917155 ], [ -97.389796, 32.917122 ], [ -97.38977, 32.917105 ], [ -97.389661, 32.917096 ], [ -97.389549, 32.917115 ], [ -97.389496, 32.917099 ], [ -97.38942, 32.917043 ], [ -97.38938, 32.916972 ], [ -97.38934, 32.916828 ], [ -97.389344, 32.91666 ], [ -97.389338, 32.916639 ], [ -97.38932, 32.916628 ], [ -97.389289, 32.916632 ] ], [ [ -97.397701, 32.957718 ], [ -97.397184, 32.957658 ], [ -97.397069, 32.957712 ], [ -97.39704, 32.957785 ], [ -97.396969, 32.957869 ], [ -97.397026, 32.957965 ], [ -97.397127, 32.958032 ], [ -97.397277, 32.958062 ], [ -97.397536, 32.958086 ], [ -97.397766, 32.958092 ], [ -97.397823, 32.958152 ], [ -97.397888, 32.958199 ], [ -97.397988, 32.958182 ], [ -97.398154, 32.958109 ], [ -97.39829, 32.958038 ], [ -97.398326, 32.957994 ], [ -97.398276, 32.957941 ], [ -97.397931, 32.957754 ], [ -97.397751, 32.957726 ], [ -97.397701, 32.957718 ] ], [ [ -97.385932, 32.958357 ], [ -97.385849, 32.958457 ], [ -97.385846, 32.958485 ], [ -97.385838, 32.958551 ], [ -97.38588, 32.95863 ], [ -97.386019, 32.958717 ], [ -97.386183, 32.958762 ], [ -97.386387, 32.958776 ], [ -97.386567, 32.95881 ], [ -97.386716, 32.958824 ], [ -97.38693, 32.958821 ], [ -97.387087, 32.958799 ], [ -97.3872, 32.958772 ], [ -97.387225, 32.958717 ], [ -97.387252, 32.9587 ], [ -97.387259, 32.958654 ], [ -97.387074, 32.958301 ], [ -97.387032, 32.958277 ], [ -97.386994, 32.95827 ], [ -97.386924, 32.958284 ], [ -97.386879, 32.95827 ], [ -97.386827, 32.958154 ], [ -97.386775, 32.9581 ], [ -97.386688, 32.958078 ], [ -97.38664, 32.958083 ], [ -97.386602, 32.958072 ], [ -97.386574, 32.958031 ], [ -97.386609, 32.957887 ], [ -97.386581, 32.957867 ], [ -97.386546, 32.957864 ], [ -97.386494, 32.95787 ], [ -97.386477, 32.957912 ], [ -97.386456, 32.958024 ], [ -97.386439, 32.958055 ], [ -97.386355, 32.958107 ], [ -97.386092, 32.958218 ], [ -97.385932, 32.958357 ] ], [ [ -97.413575, 32.960154 ], [ -97.413602, 32.960175 ], [ -97.413628, 32.960271 ], [ -97.413665, 32.960366 ], [ -97.413691, 32.960472 ], [ -97.413754, 32.960589 ], [ -97.413905, 32.960652 ], [ -97.414019, 32.960589 ], [ -97.414095, 32.960483 ], [ -97.414158, 32.960313 ], [ -97.414145, 32.960178 ], [ -97.414185, 32.959823 ], [ -97.414182, 32.959665 ], [ -97.414209, 32.95957 ], [ -97.41422, 32.95949 ], [ -97.414214, 32.959471 ], [ -97.414082, 32.95938 ], [ -97.413792, 32.959305 ], [ -97.413729, 32.959243 ], [ -97.413552, 32.959147 ], [ -97.413413, 32.959031 ], [ -97.413274, 32.959009 ], [ -97.413173, 32.958967 ], [ -97.41311, 32.95902 ], [ -97.413135, 32.959137 ], [ -97.413198, 32.959252 ], [ -97.4134, 32.95938 ], [ -97.413489, 32.959401 ], [ -97.41359, 32.95939 ], [ -97.413649, 32.959418 ], [ -97.413691, 32.959476 ], [ -97.413761, 32.959629 ], [ -97.413778, 32.959642 ], [ -97.413915, 32.959663 ], [ -97.413931, 32.959677 ], [ -97.413927, 32.959711 ], [ -97.413906, 32.959722 ], [ -97.41388, 32.95973 ], [ -97.413754, 32.959741 ], [ -97.413602, 32.959783 ], [ -97.413489, 32.959826 ], [ -97.413274, 32.959985 ], [ -97.413173, 32.960006 ], [ -97.413046, 32.960006 ], [ -97.412996, 32.960059 ], [ -97.412996, 32.960154 ], [ -97.413067, 32.960234 ], [ -97.413131, 32.960251 ], [ -97.413211, 32.960239 ], [ -97.413451, 32.960175 ], [ -97.413529, 32.960151 ], [ -97.413575, 32.960154 ] ], [ [ -97.419148, 32.960282 ], [ -97.419144, 32.960265 ], [ -97.419124, 32.960189 ], [ -97.41907, 32.960146 ], [ -97.419015, 32.960155 ], [ -97.418951, 32.960181 ], [ -97.418903, 32.960209 ], [ -97.418892, 32.960256 ], [ -97.41891, 32.960312 ], [ -97.418957, 32.960343 ], [ -97.418998, 32.960346 ], [ -97.41906, 32.960361 ], [ -97.419131, 32.960346 ], [ -97.419148, 32.960282 ] ], [ [ -97.391502, 32.960518 ], [ -97.391401, 32.960481 ], [ -97.391266, 32.960396 ], [ -97.391176, 32.960377 ], [ -97.391086, 32.960405 ], [ -97.390979, 32.960459 ], [ -97.390973, 32.960481 ], [ -97.390951, 32.960555 ], [ -97.390973, 32.960631 ], [ -97.391108, 32.960717 ], [ -97.391119, 32.960763 ], [ -97.391187, 32.960811 ], [ -97.391311, 32.96083 ], [ -97.391412, 32.960811 ], [ -97.391514, 32.960783 ], [ -97.391514, 32.960613 ], [ -97.391502, 32.960518 ] ], [ [ -97.397528, 32.96152 ], [ -97.397415, 32.961577 ], [ -97.397325, 32.961672 ], [ -97.397291, 32.961785 ], [ -97.397359, 32.96188 ], [ -97.397505, 32.961945 ], [ -97.397641, 32.961955 ], [ -97.397776, 32.962031 ], [ -97.397866, 32.962116 ], [ -97.397934, 32.962049 ], [ -97.397967, 32.961973 ], [ -97.39799, 32.961869 ], [ -97.398091, 32.961889 ], [ -97.398103, 32.961945 ], [ -97.398283, 32.96188 ], [ -97.398159, 32.961729 ], [ -97.398091, 32.961709 ], [ -97.398024, 32.961747 ], [ -97.397855, 32.961776 ], [ -97.397787, 32.961729 ], [ -97.397753, 32.961643 ], [ -97.397629, 32.961557 ], [ -97.397528, 32.96152 ] ], [ [ -97.415922, 32.962589 ], [ -97.415967, 32.962663 ], [ -97.416056, 32.962683 ], [ -97.416201, 32.962721 ], [ -97.416414, 32.962749 ], [ -97.416559, 32.962815 ], [ -97.416749, 32.962918 ], [ -97.416895, 32.963002 ], [ -97.416906, 32.963096 ], [ -97.41695, 32.963143 ], [ -97.417051, 32.963124 ], [ -97.417163, 32.963048 ], [ -97.417252, 32.962946 ], [ -97.417364, 32.962795 ], [ -97.417398, 32.962721 ], [ -97.417387, 32.962663 ], [ -97.417118, 32.962608 ], [ -97.416839, 32.962542 ], [ -97.416593, 32.962496 ], [ -97.416358, 32.962457 ], [ -97.415989, 32.962477 ], [ -97.415922, 32.962589 ] ], [ [ -97.382576, 32.968032 ], [ -97.382585, 32.967976 ], [ -97.382571, 32.96792 ], [ -97.3826, 32.967892 ], [ -97.38259, 32.967861 ], [ -97.382557, 32.967854 ], [ -97.382548, 32.967826 ], [ -97.382613, 32.967708 ], [ -97.38263, 32.967695 ], [ -97.382666, 32.967703 ], [ -97.38269, 32.967722 ], [ -97.382699, 32.967754 ], [ -97.382769, 32.967868 ], [ -97.382788, 32.967883 ], [ -97.38281, 32.967886 ], [ -97.382822, 32.967871 ], [ -97.382824, 32.967852 ], [ -97.382746, 32.967571 ], [ -97.382727, 32.967554 ], [ -97.382705, 32.967557 ], [ -97.382623, 32.967591 ], [ -97.382552, 32.96763 ], [ -97.382523, 32.967654 ], [ -97.382415, 32.967746 ], [ -97.382377, 32.967711 ], [ -97.382292, 32.967671 ], [ -97.38224, 32.967655 ], [ -97.382202, 32.967655 ], [ -97.38214, 32.967667 ], [ -97.382136, 32.967717 ], [ -97.382159, 32.967762 ], [ -97.382226, 32.967813 ], [ -97.382221, 32.96785 ], [ -97.382226, 32.967905 ], [ -97.382249, 32.967985 ], [ -97.382278, 32.968055 ], [ -97.382301, 32.9681 ], [ -97.382344, 32.968128 ], [ -97.382415, 32.968147 ], [ -97.382495, 32.968136 ], [ -97.382548, 32.968096 ], [ -97.382576, 32.968032 ] ], [ [ -97.390878, 32.975261 ], [ -97.390922, 32.975354 ], [ -97.390955, 32.975392 ], [ -97.391066, 32.975447 ], [ -97.391109, 32.975451 ], [ -97.391166, 32.975457 ], [ -97.39121, 32.975465 ], [ -97.391288, 32.975457 ], [ -97.391421, 32.97542 ], [ -97.391477, 32.975326 ], [ -97.391477, 32.975206 ], [ -97.391399, 32.974936 ], [ -97.391421, 32.97488 ], [ -97.391554, 32.974711 ], [ -97.391643, 32.974638 ], [ -97.391632, 32.97459 ], [ -97.391621, 32.974563 ], [ -97.391532, 32.974545 ], [ -97.391333, 32.974545 ], [ -97.391299, 32.974573 ], [ -97.391266, 32.974618 ], [ -97.391233, 32.974739 ], [ -97.391166, 32.974832 ], [ -97.390977, 32.975057 ], [ -97.390955, 32.975112 ], [ -97.390922, 32.97513 ], [ -97.390878, 32.975261 ] ], [ [ -97.390421, 32.975448 ], [ -97.390465, 32.975561 ], [ -97.390561, 32.97569 ], [ -97.390568, 32.975766 ], [ -97.390535, 32.975971 ], [ -97.390535, 32.976044 ], [ -97.390551, 32.976162 ], [ -97.390531, 32.976363 ], [ -97.390535, 32.97643 ], [ -97.390568, 32.976478 ], [ -97.390726, 32.976486 ], [ -97.390878, 32.97649 ], [ -97.390944, 32.976443 ], [ -97.391011, 32.976369 ], [ -97.391033, 32.976256 ], [ -97.391, 32.97608 ], [ -97.390889, 32.975848 ], [ -97.3908, 32.975634 ], [ -97.390733, 32.975493 ], [ -97.390536, 32.975339 ], [ -97.390437, 32.975364 ], [ -97.390424, 32.975392 ], [ -97.390421, 32.975448 ] ], [ [ -97.381271, 32.587086 ], [ -97.381237, 32.587058 ], [ -97.381198, 32.587049 ], [ -97.381141, 32.587049 ], [ -97.381079, 32.587063 ], [ -97.381069, 32.587068 ], [ -97.381017, 32.587092 ], [ -97.380977, 32.587116 ], [ -97.38096, 32.587148 ], [ -97.380983, 32.587201 ], [ -97.381022, 32.587235 ], [ -97.381107, 32.587259 ], [ -97.381186, 32.587235 ], [ -97.381265, 32.587206 ], [ -97.381277, 32.587154 ], [ -97.381271, 32.587086 ] ], [ [ -97.377236, 32.594369 ], [ -97.377344, 32.594475 ], [ -97.377436, 32.594555 ], [ -97.377547, 32.594707 ], [ -97.377671, 32.594791 ], [ -97.37794, 32.594817 ], [ -97.378934, 32.594991 ], [ -97.379169, 32.59508 ], [ -97.379383, 32.595087 ], [ -97.379686, 32.595087 ], [ -97.379873, 32.595059 ], [ -97.380018, 32.595053 ], [ -97.38009, 32.595022 ], [ -97.380114, 32.595011 ], [ -97.380142, 32.594969 ], [ -97.380162, 32.594873 ], [ -97.380162, 32.594825 ], [ -97.380128, 32.594749 ], [ -97.380066, 32.594701 ], [ -97.37999, 32.594659 ], [ -97.379797, 32.594617 ], [ -97.379748, 32.594597 ], [ -97.379728, 32.594563 ], [ -97.379728, 32.594541 ], [ -97.379769, 32.594479 ], [ -97.379859, 32.594383 ], [ -97.379866, 32.594349 ], [ -97.379859, 32.594322 ], [ -97.379811, 32.594322 ], [ -97.379762, 32.594341 ], [ -97.379735, 32.594377 ], [ -97.379679, 32.594411 ], [ -97.379597, 32.594417 ], [ -97.379569, 32.594398 ], [ -97.379528, 32.594293 ], [ -97.379534, 32.594203 ], [ -97.379576, 32.594115 ], [ -97.379583, 32.594073 ], [ -97.379541, 32.594004 ], [ -97.379486, 32.593998 ], [ -97.379321, 32.59406 ], [ -97.379141, 32.594073 ], [ -97.378651, 32.593915 ], [ -97.37852, 32.59388 ], [ -97.378409, 32.593866 ], [ -97.378313, 32.593866 ], [ -97.378182, 32.593894 ], [ -97.377975, 32.593922 ], [ -97.377885, 32.593942 ], [ -97.377843, 32.593977 ], [ -97.377788, 32.593991 ], [ -97.377561, 32.593977 ], [ -97.377512, 32.593984 ], [ -97.377326, 32.594039 ], [ -97.377257, 32.594067 ], [ -97.377222, 32.594094 ], [ -97.377195, 32.59417 ], [ -97.377188, 32.594225 ], [ -97.377195, 32.594267 ], [ -97.377236, 32.594369 ] ], [ [ -97.383964, 32.605427 ], [ -97.383986, 32.605497 ], [ -97.384036, 32.605576 ], [ -97.384103, 32.605643 ], [ -97.384159, 32.605666 ], [ -97.384253, 32.60568 ], [ -97.384359, 32.605674 ], [ -97.384426, 32.605657 ], [ -97.384493, 32.605624 ], [ -97.384532, 32.605576 ], [ -97.384543, 32.605474 ], [ -97.384565, 32.605384 ], [ -97.384582, 32.605347 ], [ -97.384632, 32.60528 ], [ -97.384643, 32.605238 ], [ -97.384643, 32.605206 ], [ -97.384627, 32.605155 ], [ -97.384582, 32.605136 ], [ -97.384521, 32.605141 ], [ -97.384471, 32.605155 ], [ -97.384404, 32.605164 ], [ -97.384315, 32.605155 ], [ -97.384237, 32.605155 ], [ -97.384175, 32.605164 ], [ -97.384114, 32.605192 ], [ -97.384025, 32.605252 ], [ -97.38401, 32.605272 ], [ -97.383958, 32.605342 ], [ -97.383964, 32.605427 ] ], [ [ -97.36039, 32.607717 ], [ -97.360359, 32.607771 ], [ -97.360336, 32.607909 ], [ -97.360346, 32.607978 ], [ -97.360403, 32.60811 ], [ -97.360644, 32.608269 ], [ -97.360865, 32.608368 ], [ -97.36096, 32.608401 ], [ -97.361045, 32.608412 ], [ -97.361194, 32.608392 ], [ -97.361245, 32.608375 ], [ -97.36136, 32.608361 ], [ -97.361442, 32.608317 ], [ -97.361506, 32.608247 ], [ -97.361537, 32.60812 ], [ -97.361472, 32.607923 ], [ -97.361421, 32.607709 ], [ -97.361391, 32.607697 ], [ -97.361326, 32.607697 ], [ -97.361255, 32.607709 ], [ -97.361187, 32.607743 ], [ -97.361119, 32.607743 ], [ -97.36099, 32.607687 ], [ -97.360892, 32.607675 ], [ -97.360817, 32.607683 ], [ -97.360732, 32.60768 ], [ -97.36061, 32.607657 ], [ -97.360441, 32.607687 ], [ -97.36039, 32.607717 ] ], [ [ -97.376941, 32.611156 ], [ -97.377006, 32.611199 ], [ -97.377071, 32.611229 ], [ -97.377129, 32.611223 ], [ -97.377211, 32.611188 ], [ -97.377235, 32.611106 ], [ -97.377305, 32.610953 ], [ -97.377335, 32.610906 ], [ -97.377511, 32.610766 ], [ -97.377522, 32.610625 ], [ -97.377493, 32.610495 ], [ -97.377505, 32.610461 ], [ -97.377546, 32.610419 ], [ -97.377575, 32.61036 ], [ -97.377569, 32.61032 ], [ -97.377522, 32.610303 ], [ -97.377458, 32.610326 ], [ -97.377441, 32.610346 ], [ -97.377417, 32.61039 ], [ -97.377393, 32.610408 ], [ -97.377328, 32.610472 ], [ -97.377264, 32.610537 ], [ -97.377147, 32.610554 ], [ -97.377059, 32.61059 ], [ -97.377, 32.610643 ], [ -97.376953, 32.610701 ], [ -97.376824, 32.610725 ], [ -97.376783, 32.610742 ], [ -97.376725, 32.610795 ], [ -97.376689, 32.610858 ], [ -97.376695, 32.61093 ], [ -97.376719, 32.610988 ], [ -97.376783, 32.611053 ], [ -97.376941, 32.611156 ] ], [ [ -97.365363, 32.61211 ], [ -97.365349, 32.612167 ], [ -97.365346, 32.612316 ], [ -97.36537, 32.612453 ], [ -97.365397, 32.612527 ], [ -97.365489, 32.612645 ], [ -97.365645, 32.61273 ], [ -97.365774, 32.612758 ], [ -97.366055, 32.612758 ], [ -97.36617, 32.612741 ], [ -97.366289, 32.612704 ], [ -97.36636, 32.612665 ], [ -97.366411, 32.612582 ], [ -97.36642, 32.612549 ], [ -97.366432, 32.612504 ], [ -97.366435, 32.612385 ], [ -97.366422, 32.612282 ], [ -97.366401, 32.612215 ], [ -97.366354, 32.612164 ], [ -97.366137, 32.612012 ], [ -97.36597, 32.611931 ], [ -97.365889, 32.611921 ], [ -97.365767, 32.611924 ], [ -97.365634, 32.611938 ], [ -97.365536, 32.611961 ], [ -97.365448, 32.612005 ], [ -97.365415, 32.612034 ], [ -97.365397, 32.612049 ], [ -97.365363, 32.61211 ] ], [ [ -97.348351, 32.682727 ], [ -97.348349, 32.682476 ], [ -97.348346, 32.682181 ], [ -97.348319, 32.682169 ], [ -97.348155, 32.682175 ], [ -97.348069, 32.682169 ], [ -97.348049, 32.682177 ], [ -97.34804, 32.682198 ], [ -97.348037, 32.682232 ], [ -97.348053, 32.682474 ], [ -97.348037, 32.682664 ], [ -97.348047, 32.6828 ], [ -97.348082, 32.682805 ], [ -97.348316, 32.682753 ], [ -97.348339, 32.682741 ], [ -97.348351, 32.682727 ] ], [ [ -97.348297, 32.682789 ], [ -97.348205, 32.68282 ], [ -97.348062, 32.682839 ], [ -97.348053, 32.682846 ], [ -97.34804, 32.682982 ], [ -97.348044, 32.68314 ], [ -97.34805, 32.683166 ], [ -97.348063, 32.68318 ], [ -97.348156, 32.683228 ], [ -97.348185, 32.683231 ], [ -97.348226, 32.68323 ], [ -97.348326, 32.68319 ], [ -97.34834, 32.683176 ], [ -97.348349, 32.683152 ], [ -97.348356, 32.682806 ], [ -97.348353, 32.682788 ], [ -97.348331, 32.682786 ], [ -97.348297, 32.682789 ] ], [ [ -97.317529, 32.700626 ], [ -97.317572, 32.700646 ], [ -97.31788, 32.700716 ], [ -97.31815, 32.700764 ], [ -97.318216, 32.700747 ], [ -97.318243, 32.700708 ], [ -97.318263, 32.700695 ], [ -97.318302, 32.700705 ], [ -97.318434, 32.700837 ], [ -97.3185, 32.700946 ], [ -97.318547, 32.700966 ], [ -97.318697, 32.700997 ], [ -97.318836, 32.700997 ], [ -97.318902, 32.700964 ], [ -97.318928, 32.700944 ], [ -97.318928, 32.700885 ], [ -97.318892, 32.700822 ], [ -97.318621, 32.700637 ], [ -97.317893, 32.700074 ], [ -97.317637, 32.699938 ], [ -97.317538, 32.699865 ], [ -97.317412, 32.699812 ], [ -97.317326, 32.699806 ], [ -97.317201, 32.699818 ], [ -97.317082, 32.699799 ], [ -97.316797, 32.699613 ], [ -97.316616, 32.699509 ], [ -97.316514, 32.699472 ], [ -97.316445, 32.699466 ], [ -97.316283, 32.699472 ], [ -97.316137, 32.699449 ], [ -97.315985, 32.69935 ], [ -97.3159, 32.699311 ], [ -97.315683, 32.699055 ], [ -97.315613, 32.699013 ], [ -97.315125, 32.698745 ], [ -97.315084, 32.698717 ], [ -97.315024, 32.698621 ], [ -97.314988, 32.698515 ], [ -97.314975, 32.698453 ], [ -97.314988, 32.698359 ], [ -97.315028, 32.698293 ], [ -97.315117, 32.698205 ], [ -97.315176, 32.698129 ], [ -97.315176, 32.698106 ], [ -97.31515, 32.698043 ], [ -97.315117, 32.698006 ], [ -97.315084, 32.698003 ], [ -97.314966, 32.698019 ], [ -97.314876, 32.698023 ], [ -97.314757, 32.697971 ], [ -97.314688, 32.697971 ], [ -97.314645, 32.697984 ], [ -97.314503, 32.698053 ], [ -97.314422, 32.698051 ], [ -97.314402, 32.698034 ], [ -97.314362, 32.69791 ], [ -97.31425, 32.697901 ], [ -97.314085, 32.697949 ], [ -97.313908, 32.698029 ], [ -97.313812, 32.698231 ], [ -97.313684, 32.698675 ], [ -97.313524, 32.69912 ], [ -97.313456, 32.699364 ], [ -97.31341, 32.699621 ], [ -97.313392, 32.699792 ], [ -97.313753, 32.699924 ], [ -97.313806, 32.699917 ], [ -97.313849, 32.699832 ], [ -97.313902, 32.699793 ], [ -97.313945, 32.699786 ], [ -97.313971, 32.699806 ], [ -97.313954, 32.699948 ], [ -97.314025, 32.699969 ], [ -97.314085, 32.699969 ], [ -97.314111, 32.699942 ], [ -97.314138, 32.699801 ], [ -97.314167, 32.699798 ], [ -97.314217, 32.699807 ], [ -97.314233, 32.699834 ], [ -97.314238, 32.699921 ], [ -97.314262, 32.699976 ], [ -97.314296, 32.700012 ], [ -97.314318, 32.70001 ], [ -97.314338, 32.699961 ], [ -97.314384, 32.699928 ], [ -97.314433, 32.699948 ], [ -97.314499, 32.700014 ], [ -97.314579, 32.70002 ], [ -97.314645, 32.699984 ], [ -97.314668, 32.699981 ], [ -97.314721, 32.700014 ], [ -97.314717, 32.7001 ], [ -97.314795, 32.700164 ], [ -97.314841, 32.700173 ], [ -97.314861, 32.700164 ], [ -97.314897, 32.70017 ], [ -97.314924, 32.700203 ], [ -97.31497, 32.700235 ], [ -97.315439, 32.700375 ], [ -97.315597, 32.700401 ], [ -97.31572, 32.70044 ], [ -97.31589, 32.700525 ], [ -97.316273, 32.700628 ], [ -97.316722, 32.700654 ], [ -97.317151, 32.700657 ], [ -97.317221, 32.700643 ], [ -97.317308, 32.700603 ], [ -97.317378, 32.70055 ], [ -97.317407, 32.700543 ], [ -97.317463, 32.700563 ], [ -97.317529, 32.700626 ] ], [ [ -97.383014, 32.746983 ], [ -97.382929, 32.747059 ], [ -97.382929, 32.747135 ], [ -97.382947, 32.747231 ], [ -97.383002, 32.747318 ], [ -97.383074, 32.747368 ], [ -97.383122, 32.747318 ], [ -97.383128, 32.747272 ], [ -97.383092, 32.74718 ], [ -97.383086, 32.747145 ], [ -97.383116, 32.74711 ], [ -97.383182, 32.747095 ], [ -97.383321, 32.747085 ], [ -97.383345, 32.747044 ], [ -97.383351, 32.746972 ], [ -97.383351, 32.746882 ], [ -97.383345, 32.746796 ], [ -97.383345, 32.746719 ], [ -97.383309, 32.746684 ], [ -97.383298, 32.746684 ], [ -97.383255, 32.746684 ], [ -97.383213, 32.746709 ], [ -97.383219, 32.746765 ], [ -97.383182, 32.746856 ], [ -97.383098, 32.746927 ], [ -97.383014, 32.746983 ] ], [ [ -97.383937, 32.747564 ], [ -97.383912, 32.747556 ], [ -97.383876, 32.747576 ], [ -97.383864, 32.747611 ], [ -97.383834, 32.747667 ], [ -97.383755, 32.747728 ], [ -97.383725, 32.747784 ], [ -97.383731, 32.747825 ], [ -97.383755, 32.74786 ], [ -97.383785, 32.747881 ], [ -97.383828, 32.747901 ], [ -97.383912, 32.747881 ], [ -97.383942, 32.747835 ], [ -97.383978, 32.747734 ], [ -97.383978, 32.747687 ], [ -97.384033, 32.747647 ], [ -97.38402, 32.747607 ], [ -97.383978, 32.747576 ], [ -97.383937, 32.747564 ] ], [ [ -97.384267, 32.750076 ], [ -97.384333, 32.750045 ], [ -97.384315, 32.749985 ], [ -97.384213, 32.749975 ], [ -97.384152, 32.749964 ], [ -97.384092, 32.749837 ], [ -97.38408, 32.749777 ], [ -97.384116, 32.749736 ], [ -97.384134, 32.749676 ], [ -97.384134, 32.7496 ], [ -97.384177, 32.749533 ], [ -97.384225, 32.749478 ], [ -97.384279, 32.7494 ], [ -97.384303, 32.749336 ], [ -97.384339, 32.749274 ], [ -97.384309, 32.749223 ], [ -97.384237, 32.749223 ], [ -97.384211, 32.74923 ], [ -97.384171, 32.74924 ], [ -97.384086, 32.749274 ], [ -97.383942, 32.749398 ], [ -97.383923, 32.749447 ], [ -97.383851, 32.749473 ], [ -97.383785, 32.749508 ], [ -97.383719, 32.749564 ], [ -97.383676, 32.74963 ], [ -97.38367, 32.74971 ], [ -97.383712, 32.749767 ], [ -97.383773, 32.749772 ], [ -97.383863, 32.749772 ], [ -97.383923, 32.749777 ], [ -97.383911, 32.749868 ], [ -97.383749, 32.749873 ], [ -97.3837, 32.749888 ], [ -97.383706, 32.749929 ], [ -97.383743, 32.749958 ], [ -97.383737, 32.749989 ], [ -97.383682, 32.749985 ], [ -97.383628, 32.750056 ], [ -97.383604, 32.750081 ], [ -97.38367, 32.750162 ], [ -97.383682, 32.750213 ], [ -97.383688, 32.750273 ], [ -97.383658, 32.750299 ], [ -97.383622, 32.750318 ], [ -97.383604, 32.750355 ], [ -97.383617, 32.750379 ], [ -97.383657, 32.750389 ], [ -97.38411, 32.750193 ], [ -97.384267, 32.750076 ] ], [ [ -97.367183, 32.722831 ], [ -97.367524, 32.72285 ], [ -97.368871, 32.723066 ], [ -97.369197, 32.723125 ], [ -97.369456, 32.723162 ], [ -97.369769, 32.723176 ], [ -97.370117, 32.723162 ], [ -97.37036, 32.723129 ], [ -97.370712, 32.723063 ], [ -97.370982, 32.722986 ], [ -97.371757, 32.722696 ], [ -97.372497, 32.722365 ], [ -97.373702, 32.721896 ], [ -97.375005, 32.721316 ], [ -97.380364, 32.719081 ], [ -97.380743, 32.718851 ], [ -97.380925, 32.718669 ], [ -97.380588, 32.718626 ], [ -97.37951, 32.719022 ], [ -97.377574, 32.719771 ], [ -97.37615, 32.720255 ], [ -97.375651, 32.720424 ], [ -97.374459, 32.720926 ], [ -97.37367, 32.721227 ], [ -97.373049, 32.72148 ], [ -97.371916, 32.722002 ], [ -97.370888, 32.72242 ], [ -97.370663, 32.72249 ], [ -97.370518, 32.722544 ], [ -97.370357, 32.722569 ], [ -97.370158, 32.722569 ], [ -97.369878, 32.722592 ], [ -97.36975, 32.722592 ], [ -97.369543, 32.722566 ], [ -97.369205, 32.722496 ], [ -97.368164, 32.722343 ], [ -97.367749, 32.722306 ], [ -97.366928, 32.722288 ], [ -97.366594, 32.722299 ], [ -97.366434, 32.722323 ], [ -97.366041, 32.722391 ], [ -97.365421, 32.722589 ], [ -97.36527, 32.722692 ], [ -97.365145, 32.722794 ], [ -97.365057, 32.722842 ], [ -97.364298, 32.723214 ], [ -97.364144, 32.723331 ], [ -97.364043, 32.723407 ], [ -97.363904, 32.723492 ], [ -97.363595, 32.723657 ], [ -97.363248, 32.723774 ], [ -97.362902, 32.723867 ], [ -97.362405, 32.723981 ], [ -97.361438, 32.724141 ], [ -97.361284, 32.724173 ], [ -97.361126, 32.72421 ], [ -97.36085, 32.724289 ], [ -97.360617, 32.724397 ], [ -97.360224, 32.724654 ], [ -97.359758, 32.724994 ], [ -97.359517, 32.725202 ], [ -97.359149, 32.725603 ], [ -97.359007, 32.725811 ], [ -97.358815, 32.726177 ], [ -97.357664, 32.728377 ], [ -97.357512, 32.728713 ], [ -97.357476, 32.728875 ], [ -97.357461, 32.729052 ], [ -97.357465, 32.729246 ], [ -97.357508, 32.729537 ], [ -97.357547, 32.729698 ], [ -97.35758, 32.729788 ], [ -97.358057, 32.730792 ], [ -97.358181, 32.731104 ], [ -97.358239, 32.731657 ], [ -97.358322, 32.732294 ], [ -97.358405, 32.73255 ], [ -97.358428, 32.732612 ], [ -97.358459, 32.73267 ], [ -97.358503, 32.732753 ], [ -97.358608, 32.732892 ], [ -97.358747, 32.733049 ], [ -97.358799, 32.733109 ], [ -97.358857, 32.733169 ], [ -97.358938, 32.733255 ], [ -97.359065, 32.733388 ], [ -97.359169, 32.733498 ], [ -97.359453, 32.733798 ], [ -97.359571, 32.733915 ], [ -97.359612, 32.733968 ], [ -97.359653, 32.734023 ], [ -97.35969, 32.734071 ], [ -97.359728, 32.734121 ], [ -97.359829, 32.734259 ], [ -97.359935, 32.734391 ], [ -97.360015, 32.734516 ], [ -97.36007, 32.734676 ], [ -97.360096, 32.734783 ], [ -97.3601, 32.73491 ], [ -97.360087, 32.735019 ], [ -97.360001, 32.735362 ], [ -97.359942, 32.735517 ], [ -97.359837, 32.735684 ], [ -97.359633, 32.735878 ], [ -97.358952, 32.736281 ], [ -97.35864, 32.736613 ], [ -97.358389, 32.736938 ], [ -97.3581, 32.73735 ], [ -97.357316, 32.738279 ], [ -97.357148, 32.738464 ], [ -97.356883, 32.738801 ], [ -97.356599, 32.739103 ], [ -97.356449, 32.739244 ], [ -97.356274, 32.739364 ], [ -97.356066, 32.739482 ], [ -97.35547, 32.739948 ], [ -97.354895, 32.740385 ], [ -97.354542, 32.740675 ], [ -97.354453, 32.740695 ], [ -97.354426, 32.740689 ], [ -97.354302, 32.740613 ], [ -97.354261, 32.740595 ], [ -97.354245, 32.740623 ], [ -97.354278, 32.740715 ], [ -97.354347, 32.7408 ], [ -97.354357, 32.740831 ], [ -97.354337, 32.740906 ], [ -97.354055, 32.741334 ], [ -97.35387, 32.741677 ], [ -97.353781, 32.741802 ], [ -97.353672, 32.741905 ], [ -97.353424, 32.742112 ], [ -97.353329, 32.742175 ], [ -97.353214, 32.742227 ], [ -97.353084, 32.742288 ], [ -97.352883, 32.742367 ], [ -97.352705, 32.742455 ], [ -97.352502, 32.742587 ], [ -97.351881, 32.743045 ], [ -97.351405, 32.743526 ], [ -97.351149, 32.74387 ], [ -97.350898, 32.744186 ], [ -97.350653, 32.74451 ], [ -97.349949, 32.745475 ], [ -97.34991, 32.745579 ], [ -97.349864, 32.745672 ], [ -97.349672, 32.745894 ], [ -97.349335, 32.746367 ], [ -97.349086, 32.74684 ], [ -97.349047, 32.746893 ], [ -97.348603, 32.747497 ], [ -97.348447, 32.74768 ], [ -97.348283, 32.747931 ], [ -97.347836, 32.748406 ], [ -97.347513, 32.748776 ], [ -97.347037, 32.749273 ], [ -97.34693, 32.749434 ], [ -97.346824, 32.749628 ], [ -97.346667, 32.749997 ], [ -97.346215, 32.750884 ], [ -97.346191, 32.750959 ], [ -97.346146, 32.751099 ], [ -97.34602, 32.75188 ], [ -97.345878, 32.752389 ], [ -97.345442, 32.753752 ], [ -97.345155, 32.754424 ], [ -97.344239, 32.75564 ], [ -97.343283, 32.756692 ], [ -97.342645, 32.757303 ], [ -97.342389, 32.757568 ], [ -97.342049, 32.757827 ], [ -97.342024, 32.757863 ], [ -97.341964, 32.757907 ], [ -97.341403, 32.758383 ], [ -97.340624, 32.758861 ], [ -97.339542, 32.759517 ], [ -97.339042, 32.759714 ], [ -97.338723, 32.759715 ], [ -97.338101, 32.75967 ], [ -97.337655, 32.759448 ], [ -97.337405, 32.759335 ], [ -97.336579, 32.758963 ], [ -97.335858, 32.758741 ], [ -97.335317, 32.758781 ], [ -97.334651, 32.758893 ], [ -97.33429, 32.759056 ], [ -97.334199, 32.759098 ], [ -97.332902, 32.759684 ], [ -97.331905, 32.760402 ], [ -97.331334, 32.761111 ], [ -97.331071, 32.761417 ], [ -97.330995, 32.761736 ], [ -97.330981, 32.761902 ], [ -97.331001, 32.762044 ], [ -97.330965, 32.76278 ], [ -97.330953, 32.763343 ], [ -97.330995, 32.76412 ], [ -97.331057, 32.764391 ], [ -97.331279, 32.765354 ], [ -97.33151, 32.765974 ], [ -97.331567, 32.766111 ], [ -97.331702, 32.766436 ], [ -97.331855, 32.766731 ], [ -97.331945, 32.766876 ], [ -97.332062, 32.767024 ], [ -97.332277, 32.767532 ], [ -97.332682, 32.768268 ], [ -97.33281, 32.768592 ], [ -97.333422, 32.769548 ], [ -97.333921, 32.770128 ], [ -97.334215, 32.770322 ], [ -97.334883, 32.770788 ], [ -97.33528, 32.771017 ], [ -97.336164, 32.771431 ], [ -97.337862, 32.772247 ], [ -97.338406, 32.772574 ], [ -97.338458, 32.772546 ], [ -97.338734, 32.772759 ], [ -97.339367, 32.773392 ], [ -97.339755, 32.77378 ], [ -97.340236, 32.774552 ], [ -97.340472, 32.775298 ], [ -97.34043, 32.775588 ], [ -97.340379, 32.7761 ], [ -97.340312, 32.776432 ], [ -97.340075, 32.777448 ], [ -97.339944, 32.778139 ], [ -97.339896, 32.7782 ], [ -97.339887, 32.778244 ], [ -97.339828, 32.778345 ], [ -97.339357, 32.780656 ], [ -97.339036, 32.781639 ], [ -97.338358, 32.782953 ], [ -97.337982, 32.783334 ], [ -97.337707, 32.783489 ], [ -97.337291, 32.783723 ], [ -97.336504, 32.783996 ], [ -97.336044, 32.784036 ], [ -97.335599, 32.783921 ], [ -97.333121, 32.783777 ], [ -97.331332, 32.783397 ], [ -97.329844, 32.78316 ], [ -97.328112, 32.78282 ], [ -97.326873, 32.782522 ], [ -97.326911, 32.782404 ], [ -97.326911, 32.782339 ], [ -97.326883, 32.782316 ], [ -97.326817, 32.78238 ], [ -97.326817, 32.782459 ], [ -97.326657, 32.782474 ], [ -97.325524, 32.782215 ], [ -97.325022, 32.781956 ], [ -97.324683, 32.781599 ], [ -97.324447, 32.781188 ], [ -97.324325, 32.780847 ], [ -97.324269, 32.780578 ], [ -97.324118, 32.780237 ], [ -97.324071, 32.780094 ], [ -97.323911, 32.779532 ], [ -97.323883, 32.77935 ], [ -97.32376, 32.779049 ], [ -97.323355, 32.778011 ], [ -97.323242, 32.777814 ], [ -97.322969, 32.777434 ], [ -97.322583, 32.777236 ], [ -97.322442, 32.777172 ], [ -97.322404, 32.77703 ], [ -97.322216, 32.776943 ], [ -97.321256, 32.776682 ], [ -97.319664, 32.776282 ], [ -97.319445, 32.77612 ], [ -97.318996, 32.775923 ], [ -97.318441, 32.775511 ], [ -97.318064, 32.775163 ], [ -97.317867, 32.774894 ], [ -97.317528, 32.774403 ], [ -97.317208, 32.774006 ], [ -97.316878, 32.773691 ], [ -97.316624, 32.773469 ], [ -97.316304, 32.773215 ], [ -97.315936, 32.772875 ], [ -97.315202, 32.77221 ], [ -97.31476, 32.771932 ], [ -97.31443, 32.771569 ], [ -97.314035, 32.771085 ], [ -97.313583, 32.770113 ], [ -97.313127, 32.768748 ], [ -97.313093, 32.768642 ], [ -97.312847, 32.767734 ], [ -97.312793, 32.767198 ], [ -97.312746, 32.767072 ], [ -97.312761, 32.766855 ], [ -97.312636, 32.766139 ], [ -97.312517, 32.765686 ], [ -97.312412, 32.765245 ], [ -97.312408, 32.765211 ], [ -97.312294, 32.764153 ], [ -97.312176, 32.762971 ], [ -97.312168, 32.762345 ], [ -97.312163, 32.761891 ], [ -97.312189, 32.761462 ], [ -97.312143, 32.761272 ], [ -97.312098, 32.761087 ], [ -97.311966, 32.760679 ], [ -97.311903, 32.760543 ], [ -97.311507, 32.759686 ], [ -97.311258, 32.759245 ], [ -97.311165, 32.759079 ], [ -97.31102, 32.758671 ], [ -97.310914, 32.758209 ], [ -97.310921, 32.757754 ], [ -97.311066, 32.756895 ], [ -97.311634, 32.755218 ], [ -97.31174, 32.754678 ], [ -97.311733, 32.753985 ], [ -97.311627, 32.753219 ], [ -97.311535, 32.753073 ], [ -97.311178, 32.752665 ], [ -97.310399, 32.751873 ], [ -97.310297, 32.751773 ], [ -97.309355, 32.750856 ], [ -97.308721, 32.750301 ], [ -97.308563, 32.750196 ], [ -97.308338, 32.75013 ], [ -97.307914, 32.750027 ], [ -97.307797, 32.749999 ], [ -97.307511, 32.749906 ], [ -97.307099, 32.749803 ], [ -97.306864, 32.749719 ], [ -97.306585, 32.749736 ], [ -97.306256, 32.749789 ], [ -97.305858, 32.749868 ], [ -97.305325, 32.749921 ], [ -97.304938, 32.749921 ], [ -97.304634, 32.749936 ], [ -97.304512, 32.749975 ], [ -97.304464, 32.749999 ], [ -97.304299, 32.750133 ], [ -97.304101, 32.750179 ], [ -97.303652, 32.750259 ], [ -97.303428, 32.75029 ], [ -97.303252, 32.750269 ], [ -97.302654, 32.750193 ], [ -97.302414, 32.750194 ], [ -97.302032, 32.750234 ], [ -97.301951, 32.750255 ], [ -97.301515, 32.750307 ], [ -97.301066, 32.750321 ], [ -97.300706, 32.750419 ], [ -97.3005, 32.750529 ], [ -97.300231, 32.750768 ], [ -97.300099, 32.750853 ], [ -97.299932, 32.750926 ], [ -97.299906, 32.750971 ], [ -97.299894, 32.751029 ], [ -97.299906, 32.751081 ], [ -97.299966, 32.751143 ], [ -97.299995, 32.751157 ], [ -97.300061, 32.751167 ], [ -97.300135, 32.75116 ], [ -97.300293, 32.751106 ], [ -97.300689, 32.750856 ], [ -97.300954, 32.750763 ], [ -97.301456, 32.750645 ], [ -97.301495, 32.750642 ], [ -97.302063, 32.750605 ], [ -97.302306, 32.750599 ], [ -97.302592, 32.750591 ], [ -97.302909, 32.750658 ], [ -97.303267, 32.750695 ], [ -97.303347, 32.75069 ], [ -97.303439, 32.750684 ], [ -97.303622, 32.75067 ], [ -97.305353, 32.75038 ], [ -97.306164, 32.750299 ], [ -97.306337, 32.750282 ], [ -97.30705, 32.750255 ], [ -97.307235, 32.750269 ], [ -97.30738, 32.750321 ], [ -97.307684, 32.750585 ], [ -97.308509, 32.751233 ], [ -97.308857, 32.751494 ], [ -97.309071, 32.751655 ], [ -97.309666, 32.752024 ], [ -97.309956, 32.752288 ], [ -97.310326, 32.752789 ], [ -97.310644, 32.753255 ], [ -97.310801, 32.753676 ], [ -97.31121, 32.754362 ], [ -97.311198, 32.755132 ], [ -97.310875, 32.756269 ], [ -97.31069, 32.757364 ], [ -97.310557, 32.757945 ], [ -97.310557, 32.758195 ], [ -97.310584, 32.758446 ], [ -97.310605, 32.758507 ], [ -97.310742, 32.758909 ], [ -97.310907, 32.759292 ], [ -97.310926, 32.759444 ], [ -97.311257, 32.760088 ], [ -97.311379, 32.76054 ], [ -97.311425, 32.760711 ], [ -97.311467, 32.761063 ], [ -97.31146, 32.761268 ], [ -97.311425, 32.762336 ], [ -97.311409, 32.762846 ], [ -97.311402, 32.763072 ], [ -97.311413, 32.763579 ], [ -97.311415, 32.765234 ], [ -97.311376, 32.765333 ], [ -97.311386, 32.76556 ], [ -97.311401, 32.765884 ], [ -97.31146, 32.766171 ], [ -97.311474, 32.766271 ], [ -97.31148, 32.766374 ], [ -97.311533, 32.766469 ], [ -97.311611, 32.766635 ], [ -97.311736, 32.767091 ], [ -97.311819, 32.767292 ], [ -97.311828, 32.767347 ], [ -97.311988, 32.767827 ], [ -97.312108, 32.768078 ], [ -97.312395, 32.768937 ], [ -97.312427, 32.769036 ], [ -97.312697, 32.76974 ], [ -97.313136, 32.770981 ], [ -97.313344, 32.771652 ], [ -97.313448, 32.771842 ], [ -97.313501, 32.771977 ], [ -97.313674, 32.772289 ], [ -97.313911, 32.772596 ], [ -97.314142, 32.772852 ], [ -97.31442, 32.773135 ], [ -97.315658, 32.774259 ], [ -97.316184, 32.77473 ], [ -97.316259, 32.774808 ], [ -97.317205, 32.775666 ], [ -97.317319, 32.775748 ], [ -97.317577, 32.776014 ], [ -97.317646, 32.776122 ], [ -97.317764, 32.776265 ], [ -97.318091, 32.776622 ], [ -97.31832, 32.776842 ], [ -97.318459, 32.776944 ], [ -97.318606, 32.776973 ], [ -97.318696, 32.777006 ], [ -97.318745, 32.776992 ], [ -97.318843, 32.777054 ], [ -97.319048, 32.777096 ], [ -97.319293, 32.77709 ], [ -97.319555, 32.777124 ], [ -97.319792, 32.777199 ], [ -97.320111, 32.777234 ], [ -97.320413, 32.777358 ], [ -97.320749, 32.777523 ], [ -97.321027, 32.777681 ], [ -97.321231, 32.777811 ], [ -97.321435, 32.777962 ], [ -97.321975, 32.778512 ], [ -97.322338, 32.77891 ], [ -97.323031, 32.779837 ], [ -97.323254, 32.780299 ], [ -97.323075, 32.780324 ], [ -97.322845, 32.780456 ], [ -97.321854, 32.781214 ], [ -97.321692, 32.781374 ], [ -97.321662, 32.781429 ], [ -97.321666, 32.78146 ], [ -97.32168, 32.781481 ], [ -97.321705, 32.781483 ], [ -97.321743, 32.78147 ], [ -97.321809, 32.781433 ], [ -97.322256, 32.781132 ], [ -97.323187, 32.780437 ], [ -97.323299, 32.780381 ], [ -97.323373, 32.780475 ], [ -97.32341, 32.780582 ], [ -97.323447, 32.780638 ], [ -97.323496, 32.780804 ], [ -97.323727, 32.781487 ], [ -97.323853, 32.781668 ], [ -97.323935, 32.781799 ], [ -97.323965, 32.781824 ], [ -97.323987, 32.781875 ], [ -97.324002, 32.781937 ], [ -97.324218, 32.782125 ], [ -97.324338, 32.782207 ], [ -97.324568, 32.782445 ], [ -97.32468, 32.782539 ], [ -97.324643, 32.782564 ], [ -97.324561, 32.782607 ], [ -97.324412, 32.782883 ], [ -97.324293, 32.782888 ], [ -97.324308, 32.782952 ], [ -97.324367, 32.782964 ], [ -97.324434, 32.782971 ], [ -97.32465, 32.782789 ], [ -97.32465, 32.782725 ], [ -97.324837, 32.782581 ], [ -97.325187, 32.782663 ], [ -97.325313, 32.782708 ], [ -97.325432, 32.78275 ], [ -97.325768, 32.782857 ], [ -97.325879, 32.782883 ], [ -97.326378, 32.783051 ], [ -97.326624, 32.783096 ], [ -97.327802, 32.783439 ], [ -97.328214, 32.783496 ], [ -97.328878, 32.783622 ], [ -97.330514, 32.783949 ], [ -97.332024, 32.784323 ], [ -97.332195, 32.784343 ], [ -97.332413, 32.784401 ], [ -97.332756, 32.784449 ], [ -97.333694, 32.784497 ], [ -97.333797, 32.784536 ], [ -97.334895, 32.784497 ], [ -97.335739, 32.784537 ], [ -97.335998, 32.784514 ], [ -97.336387, 32.784519 ], [ -97.336578, 32.784492 ], [ -97.336827, 32.784464 ], [ -97.337262, 32.78437 ], [ -97.33751, 32.784349 ], [ -97.337538, 32.784343 ], [ -97.337754, 32.784232 ], [ -97.337939, 32.784157 ], [ -97.338003, 32.784072 ], [ -97.338181, 32.783991 ], [ -97.338277, 32.783938 ], [ -97.338455, 32.78382 ], [ -97.338583, 32.783701 ], [ -97.338691, 32.783583 ], [ -97.338838, 32.783445 ], [ -97.338953, 32.783268 ], [ -97.338991, 32.783192 ], [ -97.339179, 32.782927 ], [ -97.339334, 32.782688 ], [ -97.339391, 32.782587 ], [ -97.339557, 32.782218 ], [ -97.339799, 32.78181 ], [ -97.339882, 32.781442 ], [ -97.339946, 32.781013 ], [ -97.340214, 32.77985 ], [ -97.340316, 32.779196 ], [ -97.340328, 32.779072 ], [ -97.340523, 32.778264 ], [ -97.340506, 32.778229 ], [ -97.340552, 32.778146 ], [ -97.340654, 32.777609 ], [ -97.340731, 32.777351 ], [ -97.340893, 32.776477 ], [ -97.340935, 32.77601 ], [ -97.340987, 32.775639 ], [ -97.341063, 32.775495 ], [ -97.341004, 32.775129 ], [ -97.340935, 32.774765 ], [ -97.340808, 32.774335 ], [ -97.340748, 32.77427 ], [ -97.340561, 32.773854 ], [ -97.340458, 32.77366 ], [ -97.3402, 32.773352 ], [ -97.339993, 32.77304 ], [ -97.339687, 32.772577 ], [ -97.339615, 32.772456 ], [ -97.339597, 32.772378 ], [ -97.339618, 32.772337 ], [ -97.339677, 32.772263 ], [ -97.339621, 32.772216 ], [ -97.339524, 32.772297 ], [ -97.339453, 32.772305 ], [ -97.339331, 32.772274 ], [ -97.338934, 32.772095 ], [ -97.338852, 32.772027 ], [ -97.338118, 32.771703 ], [ -97.336931, 32.77112 ], [ -97.335856, 32.770702 ], [ -97.334866, 32.770203 ], [ -97.333961, 32.769205 ], [ -97.333281, 32.768421 ], [ -97.333025, 32.767472 ], [ -97.332828, 32.767075 ], [ -97.332728, 32.766934 ], [ -97.332732, 32.76691 ], [ -97.332679, 32.766804 ], [ -97.332683, 32.766748 ], [ -97.332591, 32.766641 ], [ -97.332556, 32.766478 ], [ -97.332394, 32.766233 ], [ -97.332311, 32.766012 ], [ -97.332044, 32.765304 ], [ -97.331967, 32.764894 ], [ -97.331773, 32.76414 ], [ -97.331711, 32.7639 ], [ -97.331615, 32.763585 ], [ -97.331578, 32.763258 ], [ -97.331549, 32.763097 ], [ -97.331536, 32.762653 ], [ -97.331561, 32.762309 ], [ -97.331615, 32.762027 ], [ -97.331719, 32.761798 ], [ -97.332323, 32.761049 ], [ -97.332656, 32.760682 ], [ -97.332947, 32.760405 ], [ -97.3333, 32.760129 ], [ -97.333645, 32.759906 ], [ -97.334207, 32.759614 ], [ -97.334486, 32.759515 ], [ -97.334576, 32.759483 ], [ -97.334935, 32.759358 ], [ -97.33533, 32.759295 ], [ -97.335872, 32.75933 ], [ -97.336045, 32.759351 ], [ -97.337065, 32.759808 ], [ -97.337164, 32.759852 ], [ -97.337512, 32.759982 ], [ -97.337637, 32.760002 ], [ -97.337776, 32.76005 ], [ -97.338047, 32.760348 ], [ -97.338607, 32.760825 ], [ -97.339031, 32.761186 ], [ -97.339177, 32.761322 ], [ -97.339743, 32.761795 ], [ -97.340492, 32.762352 ], [ -97.340702, 32.76245 ], [ -97.340908, 32.762546 ], [ -97.341255, 32.762748 ], [ -97.341784, 32.763121 ], [ -97.341836, 32.763143 ], [ -97.342202, 32.763309 ], [ -97.342403, 32.763455 ], [ -97.342868, 32.763934 ], [ -97.343662, 32.764806 ], [ -97.344924, 32.765945 ], [ -97.3452, 32.766087 ], [ -97.34535, 32.766112 ], [ -97.345412, 32.766164 ], [ -97.34551, 32.766258 ], [ -97.345666, 32.766318 ], [ -97.345969, 32.766337 ], [ -97.346149, 32.766325 ], [ -97.34648, 32.766295 ], [ -97.346804, 32.766222 ], [ -97.347366, 32.766112 ], [ -97.347733, 32.766077 ], [ -97.348467, 32.765883 ], [ -97.348993, 32.765683 ], [ -97.349346, 32.765647 ], [ -97.349482, 32.765574 ], [ -97.349641, 32.765555 ], [ -97.349965, 32.765465 ], [ -97.350943, 32.765349 ], [ -97.351224, 32.765302 ], [ -97.351282, 32.765265 ], [ -97.351346, 32.765265 ], [ -97.351402, 32.765265 ], [ -97.351492, 32.765254 ], [ -97.351602, 32.765241 ], [ -97.352613, 32.765226 ], [ -97.353051, 32.76525 ], [ -97.353616, 32.765143 ], [ -97.356115, 32.764639 ], [ -97.356313, 32.764611 ], [ -97.356426, 32.764609 ], [ -97.356539, 32.764573 ], [ -97.358281, 32.764207 ], [ -97.358526, 32.764201 ], [ -97.359083, 32.764136 ], [ -97.359446, 32.764104 ], [ -97.359531, 32.764121 ], [ -97.360368, 32.764077 ], [ -97.360594, 32.764071 ], [ -97.360792, 32.764077 ], [ -97.360905, 32.764097 ], [ -97.361014, 32.763981 ], [ -97.360922, 32.763827 ], [ -97.360301, 32.763756 ], [ -97.360147, 32.763787 ], [ -97.358997, 32.763841 ], [ -97.358531, 32.763893 ], [ -97.357664, 32.76406 ], [ -97.357464, 32.764069 ], [ -97.35741, 32.764063 ], [ -97.356983, 32.764173 ], [ -97.356868, 32.764189 ], [ -97.356816, 32.764138 ], [ -97.355983, 32.764238 ], [ -97.355639, 32.764243 ], [ -97.354235, 32.764507 ], [ -97.352372, 32.76475 ], [ -97.351273, 32.764944 ], [ -97.351106, 32.76496 ], [ -97.351021, 32.764968 ], [ -97.350996, 32.764979 ], [ -97.350968, 32.764991 ], [ -97.350891, 32.765003 ], [ -97.350116, 32.76507 ], [ -97.349741, 32.765079 ], [ -97.348106, 32.765476 ], [ -97.346871, 32.765712 ], [ -97.346556, 32.765732 ], [ -97.34639, 32.765758 ], [ -97.34609, 32.765825 ], [ -97.345617, 32.765831 ], [ -97.345316, 32.76578 ], [ -97.345091, 32.765616 ], [ -97.345003, 32.765563 ], [ -97.344811, 32.765445 ], [ -97.344308, 32.764924 ], [ -97.343912, 32.764474 ], [ -97.343551, 32.764015 ], [ -97.343107, 32.763503 ], [ -97.342396, 32.762907 ], [ -97.342119, 32.762762 ], [ -97.341807, 32.76256 ], [ -97.341286, 32.762272 ], [ -97.340516, 32.761847 ], [ -97.340378, 32.76175 ], [ -97.340322, 32.761651 ], [ -97.340297, 32.761574 ], [ -97.34028, 32.761521 ], [ -97.340232, 32.760945 ], [ -97.340149, 32.760717 ], [ -97.33992, 32.760342 ], [ -97.339795, 32.760244 ], [ -97.339733, 32.760275 ], [ -97.339739, 32.760348 ], [ -97.33985, 32.760509 ], [ -97.33994, 32.760592 ], [ -97.339996, 32.76071 ], [ -97.339989, 32.760758 ], [ -97.33994, 32.760751 ], [ -97.339871, 32.760654 ], [ -97.33976, 32.760543 ], [ -97.339677, 32.760516 ], [ -97.339656, 32.760529 ], [ -97.339649, 32.760557 ], [ -97.339767, 32.760931 ], [ -97.33976, 32.761015 ], [ -97.339725, 32.761015 ], [ -97.339677, 32.76098 ], [ -97.339111, 32.760424 ], [ -97.338938, 32.76028 ], [ -97.338917, 32.760244 ], [ -97.338938, 32.760182 ], [ -97.339028, 32.760134 ], [ -97.339354, 32.76005 ], [ -97.339807, 32.759839 ], [ -97.340273, 32.759621 ], [ -97.340613, 32.759399 ], [ -97.341848, 32.758498 ], [ -97.342302, 32.75815 ], [ -97.342384, 32.758087 ], [ -97.342528, 32.757976 ], [ -97.342948, 32.757619 ], [ -97.343778, 32.756738 ], [ -97.344637, 32.755772 ], [ -97.345587, 32.754559 ], [ -97.345802, 32.754103 ], [ -97.345938, 32.753679 ], [ -97.346741, 32.750971 ], [ -97.346907, 32.75042 ], [ -97.347068, 32.75 ], [ -97.347278, 32.749643 ], [ -97.347399, 32.749476 ], [ -97.347761, 32.749093 ], [ -97.348475, 32.748196 ], [ -97.348862, 32.747748 ], [ -97.349015, 32.74758 ], [ -97.349172, 32.74736 ], [ -97.349303, 32.747145 ], [ -97.349399, 32.746921 ], [ -97.349445, 32.7468 ], [ -97.349885, 32.746191 ], [ -97.35017, 32.74586 ], [ -97.350436, 32.745607 ], [ -97.350461, 32.745576 ], [ -97.350475, 32.745415 ], [ -97.35149, 32.744014 ], [ -97.351774, 32.743606 ], [ -97.351927, 32.743449 ], [ -97.352371, 32.74306 ], [ -97.35278, 32.742784 ], [ -97.353128, 32.742597 ], [ -97.35322, 32.74257 ], [ -97.353467, 32.742493 ], [ -97.353627, 32.742418 ], [ -97.353866, 32.742271 ], [ -97.354084, 32.742092 ], [ -97.354264, 32.7419 ], [ -97.354443, 32.741672 ], [ -97.354639, 32.741394 ], [ -97.354753, 32.741197 ], [ -97.354889, 32.741022 ], [ -97.355097, 32.740803 ], [ -97.355938, 32.740204 ], [ -97.356442, 32.739829 ], [ -97.356646, 32.739708 ], [ -97.356814, 32.739593 ], [ -97.357176, 32.739248 ], [ -97.358886, 32.737195 ], [ -97.358999, 32.737014 ], [ -97.359065, 32.736888 ], [ -97.359137, 32.736789 ], [ -97.359499, 32.736461 ], [ -97.359866, 32.736193 ], [ -97.3601, 32.736005 ], [ -97.360252, 32.735854 ], [ -97.360377, 32.735695 ], [ -97.360475, 32.735518 ], [ -97.360538, 32.735383 ], [ -97.360607, 32.735149 ], [ -97.360624, 32.735004 ], [ -97.360624, 32.734892 ], [ -97.360607, 32.73474 ], [ -97.360523, 32.734487 ], [ -97.360426, 32.734274 ], [ -97.360333, 32.734105 ], [ -97.360227, 32.73397 ], [ -97.360169, 32.733898 ], [ -97.360091, 32.733801 ], [ -97.359878, 32.733547 ], [ -97.359626, 32.733233 ], [ -97.359547, 32.733135 ], [ -97.359445, 32.733008 ], [ -97.35936, 32.732902 ], [ -97.359304, 32.732832 ], [ -97.359266, 32.732787 ], [ -97.359132, 32.73263 ], [ -97.358966, 32.732433 ], [ -97.358936, 32.732377 ], [ -97.358883, 32.732278 ], [ -97.358877, 32.732245 ], [ -97.358835, 32.731955 ], [ -97.358835, 32.731748 ], [ -97.358855, 32.731633 ], [ -97.358797, 32.731281 ], [ -97.358698, 32.730997 ], [ -97.358437, 32.730427 ], [ -97.358221, 32.730019 ], [ -97.358115, 32.729734 ], [ -97.358089, 32.729602 ], [ -97.358087, 32.729505 ], [ -97.35813, 32.729 ], [ -97.35818, 32.728848 ], [ -97.359169, 32.726757 ], [ -97.359504, 32.726132 ], [ -97.359705, 32.725901 ], [ -97.359993, 32.725595 ], [ -97.360247, 32.725369 ], [ -97.360445, 32.725232 ], [ -97.360723, 32.725076 ], [ -97.360957, 32.724961 ], [ -97.361109, 32.724916 ], [ -97.36119, 32.724891 ], [ -97.361271, 32.724868 ], [ -97.362453, 32.724519 ], [ -97.362767, 32.724443 ], [ -97.363018, 32.724397 ], [ -97.363543, 32.724207 ], [ -97.364271, 32.723875 ], [ -97.364538, 32.723736 ], [ -97.365572, 32.723176 ], [ -97.365785, 32.723098 ], [ -97.366244, 32.72296 ], [ -97.366606, 32.722875 ], [ -97.366896, 32.722839 ], [ -97.367183, 32.722831 ] ], [ [ -97.379818, 32.752324 ], [ -97.379747, 32.752335 ], [ -97.379715, 32.752358 ], [ -97.379664, 32.752394 ], [ -97.379697, 32.75247 ], [ -97.379834, 32.752612 ], [ -97.379921, 32.752623 ], [ -97.379948, 32.752654 ], [ -97.379864, 32.752688 ], [ -97.379911, 32.752747 ], [ -97.379974, 32.752753 ], [ -97.379981, 32.752786 ], [ -97.380001, 32.752815 ], [ -97.380101, 32.752744 ], [ -97.380252, 32.752647 ], [ -97.380232, 32.752588 ], [ -97.380185, 32.752571 ], [ -97.380131, 32.752578 ], [ -97.380055, 32.752487 ], [ -97.380015, 32.752484 ], [ -97.379951, 32.75238 ], [ -97.379884, 32.752324 ], [ -97.379818, 32.752324 ] ], [ [ -97.380245, 32.752891 ], [ -97.380242, 32.752927 ], [ -97.380255, 32.752983 ], [ -97.380308, 32.753399 ], [ -97.380315, 32.753427 ], [ -97.380338, 32.75345 ], [ -97.380372, 32.753438 ], [ -97.380549, 32.753309 ], [ -97.380605, 32.753262 ], [ -97.380638, 32.753228 ], [ -97.380642, 32.753202 ], [ -97.380629, 32.75318 ], [ -97.380631, 32.753152 ], [ -97.380659, 32.753134 ], [ -97.380652, 32.75311 ], [ -97.380625, 32.753113 ], [ -97.380572, 32.75313 ], [ -97.380545, 32.753118 ], [ -97.380525, 32.753099 ], [ -97.380479, 32.753073 ], [ -97.380439, 32.753028 ], [ -97.380408, 32.752981 ], [ -97.380398, 32.75291 ], [ -97.380446, 32.752861 ], [ -97.380477, 32.752847 ], [ -97.380482, 32.752829 ], [ -97.38045, 32.752836 ], [ -97.380408, 32.752862 ], [ -97.380318, 32.752879 ], [ -97.380288, 32.752848 ], [ -97.380262, 32.752868 ], [ -97.380245, 32.752891 ] ], [ [ -97.323677, 32.813937 ], [ -97.323574, 32.813909 ], [ -97.323499, 32.813916 ], [ -97.323444, 32.814026 ], [ -97.323416, 32.814135 ], [ -97.323423, 32.814205 ], [ -97.323485, 32.814328 ], [ -97.323736, 32.814524 ], [ -97.324303, 32.814967 ], [ -97.324358, 32.815022 ], [ -97.324468, 32.815022 ], [ -97.324523, 32.814974 ], [ -97.32464, 32.814926 ], [ -97.324785, 32.814748 ], [ -97.32484, 32.814576 ], [ -97.324874, 32.814005 ], [ -97.32484, 32.813997 ], [ -97.324798, 32.814047 ], [ -97.324523, 32.814617 ], [ -97.324434, 32.814664 ], [ -97.324324, 32.814638 ], [ -97.324035, 32.814418 ], [ -97.323891, 32.814231 ], [ -97.323863, 32.814135 ], [ -97.323863, 32.814053 ], [ -97.323753, 32.813978 ], [ -97.323677, 32.813937 ] ], [ [ -97.348937, 32.81834 ], [ -97.349163, 32.818506 ], [ -97.349243, 32.818536 ], [ -97.349323, 32.818616 ], [ -97.349397, 32.818758 ], [ -97.349403, 32.818769 ], [ -97.349935, 32.819184 ], [ -97.349942, 32.819226 ], [ -97.350153, 32.819423 ], [ -97.350218, 32.819518 ], [ -97.350262, 32.819547 ], [ -97.350415, 32.819467 ], [ -97.35051, 32.819373 ], [ -97.35051, 32.819226 ], [ -97.350604, 32.819111 ], [ -97.350612, 32.819038 ], [ -97.350553, 32.818922 ], [ -97.350072, 32.818108 ], [ -97.349847, 32.817729 ], [ -97.349767, 32.817692 ], [ -97.349389, 32.81767 ], [ -97.348828, 32.817663 ], [ -97.34877, 32.817678 ], [ -97.348726, 32.817729 ], [ -97.348719, 32.817794 ], [ -97.348726, 32.818085 ], [ -97.348748, 32.818179 ], [ -97.348937, 32.81834 ] ], [ [ -97.368943, 32.821106 ], [ -97.369191, 32.821168 ], [ -97.369284, 32.821238 ], [ -97.369369, 32.821378 ], [ -97.369385, 32.821424 ], [ -97.369369, 32.821494 ], [ -97.369315, 32.821641 ], [ -97.369299, 32.821742 ], [ -97.369307, 32.821796 ], [ -97.369354, 32.821849 ], [ -97.369453, 32.821865 ], [ -97.369499, 32.821882 ], [ -97.369633, 32.821889 ], [ -97.369734, 32.821874 ], [ -97.369757, 32.821858 ], [ -97.369757, 32.821787 ], [ -97.369672, 32.821587 ], [ -97.369648, 32.821471 ], [ -97.369664, 32.821385 ], [ -97.369651, 32.821289 ], [ -97.369641, 32.821215 ], [ -97.369602, 32.821129 ], [ -97.369555, 32.821091 ], [ -97.369424, 32.821036 ], [ -97.369393, 32.820998 ], [ -97.369369, 32.82085 ], [ -97.369377, 32.820749 ], [ -97.369369, 32.820665 ], [ -97.369346, 32.820588 ], [ -97.369292, 32.820532 ], [ -97.369199, 32.820464 ], [ -97.369063, 32.820414 ], [ -97.368943, 32.820371 ], [ -97.36885, 32.820316 ], [ -97.368703, 32.820022 ], [ -97.368633, 32.819944 ], [ -97.368563, 32.819898 ], [ -97.368532, 32.819898 ], [ -97.368493, 32.819937 ], [ -97.368485, 32.819975 ], [ -97.368501, 32.820053 ], [ -97.368571, 32.820223 ], [ -97.368602, 32.820316 ], [ -97.36861, 32.820408 ], [ -97.368586, 32.820642 ], [ -97.368594, 32.820843 ], [ -97.368617, 32.820921 ], [ -97.368726, 32.821036 ], [ -97.368943, 32.821106 ] ], [ [ -97.367741, 32.832622 ], [ -97.367852, 32.832606 ], [ -97.367938, 32.832611 ], [ -97.368036, 32.832622 ], [ -97.368134, 32.832678 ], [ -97.368187, 32.832678 ], [ -97.368246, 32.832656 ], [ -97.368266, 32.832589 ], [ -97.368226, 32.832534 ], [ -97.368226, 32.832451 ], [ -97.368344, 32.832369 ], [ -97.368443, 32.832341 ], [ -97.368535, 32.832296 ], [ -97.3686, 32.832231 ], [ -97.368659, 32.832158 ], [ -97.368699, 32.832087 ], [ -97.368679, 32.831977 ], [ -97.3686, 32.831905 ], [ -97.368509, 32.83185 ], [ -97.368436, 32.831718 ], [ -97.36843, 32.831635 ], [ -97.368535, 32.831282 ], [ -97.36864, 32.831166 ], [ -97.368659, 32.831083 ], [ -97.368659, 32.830979 ], [ -97.368653, 32.83088 ], [ -97.368614, 32.830775 ], [ -97.368574, 32.830466 ], [ -97.368541, 32.830345 ], [ -97.368495, 32.830218 ], [ -97.368522, 32.829687 ], [ -97.368535, 32.829545 ], [ -97.368502, 32.829484 ], [ -97.368404, 32.829423 ], [ -97.368285, 32.829368 ], [ -97.368006, 32.82931 ], [ -97.367911, 32.829374 ], [ -97.367859, 32.8294 ], [ -97.367793, 32.829396 ], [ -97.367728, 32.829357 ], [ -97.367636, 32.829335 ], [ -97.367498, 32.829335 ], [ -97.367393, 32.829368 ], [ -97.367314, 32.82944 ], [ -97.367071, 32.829676 ], [ -97.366979, 32.829749 ], [ -97.366868, 32.829804 ], [ -97.366815, 32.829853 ], [ -97.366789, 32.82992 ], [ -97.366776, 32.830002 ], [ -97.366776, 32.830069 ], [ -97.366763, 32.830157 ], [ -97.366723, 32.830201 ], [ -97.366671, 32.830212 ], [ -97.366638, 32.830174 ], [ -97.366618, 32.830107 ], [ -97.366586, 32.830052 ], [ -97.366526, 32.830008 ], [ -97.366474, 32.829997 ], [ -97.366421, 32.830025 ], [ -97.366362, 32.830084 ], [ -97.366323, 32.830162 ], [ -97.366303, 32.830244 ], [ -97.366277, 32.830311 ], [ -97.366264, 32.830382 ], [ -97.366244, 32.830444 ], [ -97.366192, 32.830509 ], [ -97.36606, 32.830598 ], [ -97.365982, 32.830675 ], [ -97.365916, 32.83072 ], [ -97.36585, 32.830725 ], [ -97.365785, 32.830664 ], [ -97.365739, 32.830593 ], [ -97.365719, 32.830531 ], [ -97.365654, 32.830455 ], [ -97.365555, 32.830438 ], [ -97.365365, 32.83046 ], [ -97.365253, 32.830482 ], [ -97.365122, 32.830515 ], [ -97.364991, 32.830531 ], [ -97.364846, 32.830565 ], [ -97.364774, 32.830593 ], [ -97.364741, 32.830641 ], [ -97.364735, 32.830692 ], [ -97.364774, 32.830786 ], [ -97.364833, 32.830885 ], [ -97.365181, 32.831277 ], [ -97.365214, 32.831332 ], [ -97.365181, 32.831364 ], [ -97.365083, 32.831321 ], [ -97.364984, 32.831255 ], [ -97.364919, 32.83126 ], [ -97.364853, 32.831293 ], [ -97.364827, 32.83137 ], [ -97.364787, 32.831431 ], [ -97.364741, 32.831525 ], [ -97.364728, 32.831612 ], [ -97.364807, 32.831733 ], [ -97.364879, 32.831795 ], [ -97.364925, 32.831861 ], [ -97.364997, 32.831933 ], [ -97.36505, 32.831972 ], [ -97.365122, 32.831999 ], [ -97.365201, 32.832016 ], [ -97.365312, 32.83211 ], [ -97.365339, 32.832175 ], [ -97.365371, 32.832279 ], [ -97.36545, 32.832324 ], [ -97.365634, 32.832391 ], [ -97.365798, 32.83244 ], [ -97.365916, 32.832424 ], [ -97.365988, 32.832399 ], [ -97.365969, 32.832154 ], [ -97.365995, 32.83195 ], [ -97.366047, 32.831894 ], [ -97.366093, 32.831828 ], [ -97.366165, 32.831795 ], [ -97.366244, 32.831795 ], [ -97.366389, 32.83185 ], [ -97.366474, 32.831861 ], [ -97.366579, 32.831867 ], [ -97.366704, 32.831888 ], [ -97.366809, 32.832005 ], [ -97.366809, 32.832065 ], [ -97.366835, 32.832165 ], [ -97.366887, 32.832225 ], [ -97.36694, 32.832268 ], [ -97.367025, 32.83233 ], [ -97.367202, 32.832402 ], [ -97.367294, 32.832417 ], [ -97.367373, 32.832451 ], [ -97.367393, 32.832512 ], [ -97.367451, 32.832566 ], [ -97.367577, 32.832594 ], [ -97.367662, 32.8326 ], [ -97.367741, 32.832622 ] ], [ [ -97.373162, 32.833904 ], [ -97.372752, 32.835032 ], [ -97.371772, 32.836991 ], [ -97.371049, 32.838341 ], [ -97.371134, 32.838574 ], [ -97.37126, 32.838688 ], [ -97.371578, 32.838585 ], [ -97.371863, 32.838335 ], [ -97.372535, 32.838426 ], [ -97.372911, 32.838243 ], [ -97.373139, 32.837993 ], [ -97.373902, 32.837458 ], [ -97.374551, 32.836991 ], [ -97.375041, 32.836478 ], [ -97.375884, 32.836284 ], [ -97.375838, 32.83477 ], [ -97.375804, 32.833437 ], [ -97.375801, 32.833288 ], [ -97.375792, 32.832833 ], [ -97.375405, 32.832958 ], [ -97.374459, 32.833197 ], [ -97.373651, 32.833175 ], [ -97.373343, 32.832878 ], [ -97.373093, 32.833015 ], [ -97.37315, 32.833232 ], [ -97.373198, 32.833354 ], [ -97.373275, 32.833551 ], [ -97.373162, 32.833904 ] ], [ [ -97.320835, 32.863618 ], [ -97.320637, 32.863535 ], [ -97.320596, 32.863528 ], [ -97.32053, 32.863445 ], [ -97.320485, 32.8634 ], [ -97.320472, 32.863352 ], [ -97.320481, 32.863293 ], [ -97.320571, 32.863199 ], [ -97.320645, 32.863037 ], [ -97.320689, 32.863033 ], [ -97.320769, 32.863027 ], [ -97.321057, 32.863034 ], [ -97.32109, 32.862996 ], [ -97.32111, 32.862947 ], [ -97.321106, 32.862895 ], [ -97.321086, 32.862875 ], [ -97.321077, 32.86283 ], [ -97.32095, 32.862747 ], [ -97.320863, 32.862774 ], [ -97.320839, 32.86275 ], [ -97.320831, 32.862723 ], [ -97.320715, 32.862709 ], [ -97.320633, 32.862729 ], [ -97.320356, 32.862707 ], [ -97.320271, 32.862709 ], [ -97.320011, 32.862795 ], [ -97.319888, 32.862885 ], [ -97.319834, 32.862885 ], [ -97.319707, 32.862923 ], [ -97.319583, 32.862923 ], [ -97.319443, 32.862892 ], [ -97.319336, 32.862902 ], [ -97.319266, 32.862954 ], [ -97.319164, 32.863079 ], [ -97.319139, 32.863244 ], [ -97.319172, 32.863476 ], [ -97.319209, 32.863521 ], [ -97.319266, 32.863569 ], [ -97.319308, 32.863597 ], [ -97.319485, 32.863683 ], [ -97.319592, 32.863701 ], [ -97.319662, 32.863708 ], [ -97.319707, 32.86368 ], [ -97.319732, 32.863642 ], [ -97.319773, 32.863552 ], [ -97.319806, 32.863545 ], [ -97.31983, 32.863552 ], [ -97.3199, 32.863625 ], [ -97.320069, 32.863839 ], [ -97.320135, 32.863887 ], [ -97.320205, 32.863922 ], [ -97.320258, 32.863939 ], [ -97.320448, 32.863956 ], [ -97.320493, 32.86397 ], [ -97.320567, 32.863967 ], [ -97.320625, 32.863956 ], [ -97.320658, 32.863922 ], [ -97.320711, 32.86388 ], [ -97.320777, 32.863801 ], [ -97.320851, 32.863721 ], [ -97.320863, 32.863652 ], [ -97.320835, 32.863618 ] ], [ [ -97.335317, 32.878005 ], [ -97.335344, 32.878006 ], [ -97.335514, 32.878065 ], [ -97.33553, 32.878085 ], [ -97.335554, 32.878106 ], [ -97.335601, 32.878115 ], [ -97.335636, 32.87813 ], [ -97.33568, 32.878137 ], [ -97.335705, 32.878126 ], [ -97.335736, 32.878118 ], [ -97.335791, 32.878118 ], [ -97.335839, 32.878113 ], [ -97.335849, 32.878076 ], [ -97.335904, 32.878068 ], [ -97.335902, 32.878044 ], [ -97.335762, 32.877986 ], [ -97.335695, 32.877986 ], [ -97.335675, 32.877994 ], [ -97.335658, 32.87802 ], [ -97.335633, 32.878026 ], [ -97.335607, 32.878026 ], [ -97.33557, 32.878016 ], [ -97.335567, 32.877997 ], [ -97.335587, 32.877974 ], [ -97.335556, 32.877955 ], [ -97.335477, 32.877941 ], [ -97.335441, 32.877913 ], [ -97.335424, 32.877876 ], [ -97.335399, 32.877847 ], [ -97.33526, 32.877864 ], [ -97.335207, 32.877864 ], [ -97.335196, 32.877812 ], [ -97.335147, 32.877772 ], [ -97.33514, 32.877749 ], [ -97.335143, 32.87773 ], [ -97.335117, 32.877712 ], [ -97.335096, 32.877708 ], [ -97.335052, 32.877749 ], [ -97.335031, 32.877779 ], [ -97.335019, 32.877797 ], [ -97.335023, 32.87784 ], [ -97.335058, 32.877876 ], [ -97.33516, 32.877898 ], [ -97.335163, 32.877924 ], [ -97.335151, 32.877952 ], [ -97.335174, 32.877966 ], [ -97.335191, 32.877951 ], [ -97.335262, 32.877979 ], [ -97.33526, 32.878017 ], [ -97.335295, 32.878041 ], [ -97.335317, 32.878005 ] ], [ [ -97.354097, 32.887734 ], [ -97.35408, 32.887805 ], [ -97.354073, 32.887914 ], [ -97.354184, 32.888309 ], [ -97.354212, 32.888351 ], [ -97.354234, 32.888357 ], [ -97.35434, 32.888388 ], [ -97.354427, 32.888354 ], [ -97.354517, 32.888306 ], [ -97.354729, 32.888247 ], [ -97.354853, 32.888261 ], [ -97.354909, 32.888257 ], [ -97.355006, 32.888209 ], [ -97.355026, 32.88817 ], [ -97.355036, 32.888143 ], [ -97.355027, 32.888087 ], [ -97.35494, 32.887904 ], [ -97.35493, 32.887757 ], [ -97.354888, 32.887737 ], [ -97.354826, 32.887743 ], [ -97.354677, 32.8878 ], [ -97.354635, 32.887805 ], [ -97.35459, 32.887796 ], [ -97.354538, 32.88776 ], [ -97.354472, 32.887743 ], [ -97.354385, 32.887748 ], [ -97.354295, 32.887741 ], [ -97.35424, 32.887701 ], [ -97.354181, 32.887684 ], [ -97.354118, 32.887701 ], [ -97.354097, 32.887734 ] ], [ [ -97.314212, 32.888737 ], [ -97.314295, 32.888685 ], [ -97.314313, 32.888643 ], [ -97.314313, 32.888619 ], [ -97.31425, 32.888463 ], [ -97.314243, 32.888351 ], [ -97.314285, 32.888238 ], [ -97.314325, 32.888165 ], [ -97.314333, 32.888106 ], [ -97.314368, 32.888039 ], [ -97.314479, 32.887929 ], [ -97.314597, 32.887856 ], [ -97.314673, 32.887818 ], [ -97.314833, 32.887784 ], [ -97.314927, 32.887746 ], [ -97.314999, 32.887653 ], [ -97.314996, 32.887624 ], [ -97.314961, 32.887607 ], [ -97.314934, 32.887621 ], [ -97.314868, 32.887603 ], [ -97.314857, 32.887586 ], [ -97.314868, 32.887427 ], [ -97.314958, 32.887292 ], [ -97.314963, 32.887253 ], [ -97.31498, 32.887219 ], [ -97.314977, 32.887141 ], [ -97.31496, 32.887101 ], [ -97.314928, 32.887065 ], [ -97.314852, 32.887042 ], [ -97.314693, 32.887051 ], [ -97.314502, 32.887118 ], [ -97.314457, 32.887169 ], [ -97.314446, 32.887287 ], [ -97.314457, 32.887458 ], [ -97.314422, 32.887538 ], [ -97.314401, 32.887562 ], [ -97.314339, 32.887603 ], [ -97.31429, 32.887624 ], [ -97.314079, 32.887652 ], [ -97.313936, 32.887711 ], [ -97.313853, 32.887766 ], [ -97.313746, 32.887863 ], [ -97.313673, 32.887957 ], [ -97.313631, 32.88803 ], [ -97.313567, 32.888216 ], [ -97.313556, 32.888359 ], [ -97.313587, 32.888484 ], [ -97.313709, 32.888699 ], [ -97.313772, 32.888775 ], [ -97.313886, 32.888827 ], [ -97.313983, 32.888844 ], [ -97.314063, 32.888834 ], [ -97.314122, 32.888806 ], [ -97.314212, 32.888737 ] ], [ [ -97.383713, 32.889001 ], [ -97.38379, 32.888973 ], [ -97.383849, 32.888967 ], [ -97.383873, 32.888928 ], [ -97.383868, 32.888863 ], [ -97.383875, 32.888845 ], [ -97.383948, 32.888831 ], [ -97.384005, 32.888724 ], [ -97.38404, 32.888641 ], [ -97.384074, 32.888603 ], [ -97.384213, 32.888513 ], [ -97.384244, 32.888467 ], [ -97.384262, 32.888322 ], [ -97.3843, 32.888284 ], [ -97.384296, 32.888242 ], [ -97.384216, 32.888204 ], [ -97.384185, 32.888176 ], [ -97.384178, 32.888123 ], [ -97.38416, 32.88807 ], [ -97.384154, 32.888052 ], [ -97.384005, 32.887957 ], [ -97.38397, 32.887951 ], [ -97.383956, 32.887993 ], [ -97.383977, 32.888064 ], [ -97.383984, 32.888086 ], [ -97.384043, 32.888123 ], [ -97.384057, 32.888151 ], [ -97.38406, 32.888218 ], [ -97.384071, 32.888242 ], [ -97.384119, 32.888266 ], [ -97.384126, 32.888301 ], [ -97.384112, 32.888332 ], [ -97.384112, 32.888415 ], [ -97.384081, 32.888478 ], [ -97.384053, 32.888499 ], [ -97.383887, 32.888554 ], [ -97.383866, 32.88863 ], [ -97.383866, 32.888669 ], [ -97.383897, 32.888679 ], [ -97.383918, 32.888717 ], [ -97.383877, 32.888734 ], [ -97.383741, 32.888734 ], [ -97.383568, 32.888724 ], [ -97.383516, 32.888734 ], [ -97.38336, 32.888741 ], [ -97.382961, 32.888682 ], [ -97.382884, 32.888665 ], [ -97.382618, 32.888672 ], [ -97.382538, 32.888655 ], [ -97.382496, 32.888675 ], [ -97.382489, 32.888759 ], [ -97.382493, 32.888807 ], [ -97.382468, 32.888903 ], [ -97.382472, 32.888928 ], [ -97.382503, 32.888956 ], [ -97.382507, 32.888998 ], [ -97.38235, 32.889119 ], [ -97.382215, 32.889272 ], [ -97.382167, 32.889313 ], [ -97.382135, 32.889358 ], [ -97.382118, 32.889417 ], [ -97.382059, 32.889497 ], [ -97.381967, 32.889556 ], [ -97.38184, 32.889606 ], [ -97.381722, 32.889625 ], [ -97.381701, 32.889649 ], [ -97.381721, 32.889657 ], [ -97.381883, 32.889691 ], [ -97.382166, 32.88976 ], [ -97.382659, 32.889816 ], [ -97.382909, 32.889816 ], [ -97.383034, 32.889805 ], [ -97.383061, 32.889788 ], [ -97.383072, 32.88976 ], [ -97.383027, 32.889587 ], [ -97.383009, 32.889566 ], [ -97.382789, 32.889552 ], [ -97.382747, 32.889528 ], [ -97.382723, 32.889466 ], [ -97.382723, 32.889403 ], [ -97.382744, 32.889291 ], [ -97.382793, 32.889212 ], [ -97.382912, 32.889083 ], [ -97.382961, 32.889108 ], [ -97.383027, 32.889111 ], [ -97.383049, 32.889102 ], [ -97.383051, 32.88906 ], [ -97.383061, 32.889043 ], [ -97.383138, 32.888993 ], [ -97.383197, 32.888973 ], [ -97.383332, 32.888973 ], [ -97.383609, 32.889007 ], [ -97.383713, 32.889001 ] ], [ [ -97.357465, 32.891776 ], [ -97.35745, 32.891806 ], [ -97.357405, 32.891834 ], [ -97.357353, 32.891849 ], [ -97.357335, 32.891894 ], [ -97.357336, 32.891917 ], [ -97.357327, 32.891959 ], [ -97.35735, 32.891986 ], [ -97.357438, 32.89204 ], [ -97.357548, 32.892058 ], [ -97.357571, 32.892055 ], [ -97.357603, 32.892045 ], [ -97.357621, 32.892029 ], [ -97.357641, 32.891995 ], [ -97.357661, 32.89192 ], [ -97.35766, 32.891871 ], [ -97.357643, 32.891841 ], [ -97.35759, 32.891771 ], [ -97.357552, 32.891757 ], [ -97.357528, 32.891742 ], [ -97.357498, 32.891731 ], [ -97.357476, 32.891734 ], [ -97.357465, 32.891776 ] ], [ [ -97.361351, 32.894661 ], [ -97.361842, 32.894796 ], [ -97.362385, 32.894849 ], [ -97.362516, 32.894855 ], [ -97.362656, 32.894913 ], [ -97.363639, 32.894973 ], [ -97.363755, 32.895013 ], [ -97.363894, 32.895061 ], [ -97.364052, 32.895182 ], [ -97.364349, 32.895338 ], [ -97.364438, 32.895373 ], [ -97.364555, 32.895379 ], [ -97.364721, 32.895367 ], [ -97.364824, 32.895327 ], [ -97.364849, 32.895263 ], [ -97.36481, 32.895061 ], [ -97.364721, 32.895003 ], [ -97.364652, 32.894973 ], [ -97.364528, 32.894985 ], [ -97.364438, 32.894945 ], [ -97.36417, 32.894869 ], [ -97.363963, 32.894812 ], [ -97.363576, 32.894731 ], [ -97.36336, 32.894668 ], [ -97.363165, 32.894548 ], [ -97.363115, 32.894525 ], [ -97.362968, 32.894506 ], [ -97.362793, 32.894529 ], [ -97.362547, 32.89461 ], [ -97.362516, 32.894627 ], [ -97.362426, 32.894653 ], [ -97.36233, 32.894651 ], [ -97.362168, 32.894596 ], [ -97.362137, 32.894568 ], [ -97.361525, 32.894357 ], [ -97.36149, 32.894315 ], [ -97.361467, 32.894263 ], [ -97.361567, 32.894149 ], [ -97.361466, 32.894104 ], [ -97.361278, 32.894183 ], [ -97.361243, 32.894193 ], [ -97.361158, 32.894145 ], [ -97.361165, 32.894035 ], [ -97.36108, 32.893949 ], [ -97.360902, 32.893883 ], [ -97.360124, 32.893741 ], [ -97.360055, 32.893653 ], [ -97.359954, 32.89354 ], [ -97.359858, 32.893617 ], [ -97.359696, 32.893649 ], [ -97.359236, 32.893555 ], [ -97.358838, 32.893545 ], [ -97.35854, 32.893445 ], [ -97.358509, 32.89331 ], [ -97.358374, 32.893262 ], [ -97.358091, 32.893273 ], [ -97.357503, 32.892975 ], [ -97.357175, 32.892933 ], [ -97.357113, 32.892935 ], [ -97.356568, 32.892708 ], [ -97.356018, 32.892516 ], [ -97.35588, 32.892469 ], [ -97.355825, 32.892411 ], [ -97.355744, 32.892367 ], [ -97.355646, 32.892367 ], [ -97.355511, 32.892336 ], [ -97.355425, 32.892353 ], [ -97.355274, 32.892424 ], [ -97.355198, 32.892483 ], [ -97.35516, 32.892574 ], [ -97.355106, 32.892923 ], [ -97.355139, 32.892982 ], [ -97.35515, 32.893054 ], [ -97.355117, 32.893126 ], [ -97.355052, 32.893296 ], [ -97.354993, 32.893718 ], [ -97.355003, 32.893819 ], [ -97.354956, 32.893982 ], [ -97.354978, 32.894041 ], [ -97.355059, 32.894118 ], [ -97.355237, 32.894109 ], [ -97.355467, 32.894195 ], [ -97.35585, 32.894208 ], [ -97.356293, 32.894213 ], [ -97.356502, 32.894194 ], [ -97.356863, 32.894227 ], [ -97.356998, 32.894292 ], [ -97.357196, 32.894368 ], [ -97.357239, 32.894396 ], [ -97.357353, 32.894481 ], [ -97.357403, 32.894565 ], [ -97.357602, 32.894661 ], [ -97.357762, 32.8947 ], [ -97.358236, 32.894734 ], [ -97.358542, 32.894717 ], [ -97.358689, 32.894812 ], [ -97.35897, 32.894803 ], [ -97.35904, 32.894771 ], [ -97.359565, 32.894745 ], [ -97.359628, 32.894714 ], [ -97.359773, 32.8947 ], [ -97.359817, 32.894734 ], [ -97.360415, 32.894765 ], [ -97.360686, 32.894653 ], [ -97.360799, 32.894516 ], [ -97.360859, 32.894503 ], [ -97.360989, 32.894495 ], [ -97.361293, 32.894576 ], [ -97.361351, 32.894661 ] ], [ [ -97.367828, 32.896562 ], [ -97.367852, 32.896552 ], [ -97.368066, 32.896516 ], [ -97.36811, 32.896472 ], [ -97.3683, 32.896481 ], [ -97.368321, 32.89649 ], [ -97.368358, 32.896487 ], [ -97.368551, 32.896414 ], [ -97.3686, 32.896406 ], [ -97.368631, 32.896428 ], [ -97.368655, 32.896417 ], [ -97.368672, 32.89638 ], [ -97.368717, 32.896363 ], [ -97.368724, 32.896344 ], [ -97.368727, 32.89631 ], [ -97.368751, 32.896273 ], [ -97.368734, 32.896244 ], [ -97.368734, 32.896154 ], [ -97.368637, 32.896116 ], [ -97.368603, 32.896093 ], [ -97.368538, 32.896073 ], [ -97.368524, 32.896093 ], [ -97.368541, 32.896122 ], [ -97.368591, 32.896157 ], [ -97.368603, 32.896172 ], [ -97.368627, 32.896256 ], [ -97.368607, 32.896279 ], [ -97.368407, 32.896293 ], [ -97.368345, 32.89622 ], [ -97.368286, 32.896192 ], [ -97.368152, 32.896166 ], [ -97.368059, 32.896163 ], [ -97.36799, 32.896186 ], [ -97.367838, 32.896267 ], [ -97.36779, 32.89625 ], [ -97.367718, 32.896209 ], [ -97.367587, 32.896124 ], [ -97.367501, 32.896091 ], [ -97.367452, 32.896085 ], [ -97.367418, 32.896065 ], [ -97.367363, 32.896059 ], [ -97.367284, 32.896059 ], [ -97.367253, 32.89607 ], [ -97.36718, 32.896237 ], [ -97.367192, 32.896351 ], [ -97.367201, 32.896438 ], [ -97.367225, 32.896518 ], [ -97.36729, 32.896565 ], [ -97.367383, 32.896568 ], [ -97.367614, 32.896555 ], [ -97.367828, 32.896562 ] ], [ [ -97.33585, 32.896065 ], [ -97.335853, 32.895995 ], [ -97.335813, 32.895944 ], [ -97.335786, 32.895936 ], [ -97.33574, 32.895935 ], [ -97.335647, 32.895944 ], [ -97.335625, 32.895957 ], [ -97.335609, 32.895986 ], [ -97.335612, 32.896082 ], [ -97.33564, 32.896167 ], [ -97.335664, 32.896208 ], [ -97.335731, 32.89622 ], [ -97.335769, 32.89622 ], [ -97.335799, 32.896209 ], [ -97.335839, 32.896183 ], [ -97.335863, 32.896155 ], [ -97.335866, 32.896116 ], [ -97.335855, 32.896101 ], [ -97.33585, 32.896065 ] ], [ [ -97.379072, 32.897309 ], [ -97.37921, 32.897336 ], [ -97.379253, 32.897374 ], [ -97.379582, 32.89737 ], [ -97.37971, 32.89735 ], [ -97.379781, 32.897274 ], [ -97.379824, 32.897182 ], [ -97.379853, 32.897103 ], [ -97.379843, 32.89705 ], [ -97.379762, 32.896931 ], [ -97.379695, 32.896755 ], [ -97.379686, 32.896731 ], [ -97.379682, 32.896627 ], [ -97.379986, 32.896515 ], [ -97.379986, 32.89649 ], [ -97.379919, 32.89649 ], [ -97.379843, 32.89651 ], [ -97.379767, 32.896507 ], [ -97.37972, 32.896475 ], [ -97.379682, 32.896503 ], [ -97.379658, 32.896499 ], [ -97.379596, 32.896411 ], [ -97.379643, 32.896282 ], [ -97.379595, 32.896251 ], [ -97.379496, 32.896243 ], [ -97.37941, 32.896271 ], [ -97.379363, 32.896358 ], [ -97.379377, 32.896518 ], [ -97.379187, 32.896659 ], [ -97.379169, 32.896766 ], [ -97.379158, 32.896827 ], [ -97.379058, 32.896831 ], [ -97.378925, 32.896863 ], [ -97.378882, 32.896883 ], [ -97.378811, 32.896903 ], [ -97.378787, 32.896923 ], [ -97.378777, 32.896939 ], [ -97.378739, 32.896966 ], [ -97.378706, 32.897022 ], [ -97.378706, 32.897067 ], [ -97.378725, 32.897107 ], [ -97.378758, 32.897143 ], [ -97.378849, 32.897226 ], [ -97.378944, 32.897261 ], [ -97.378991, 32.897274 ], [ -97.379072, 32.897309 ] ], [ [ -97.31149, 32.896189 ], [ -97.311482, 32.896199 ], [ -97.311447, 32.896245 ], [ -97.311437, 32.896319 ], [ -97.311481, 32.896383 ], [ -97.311557, 32.896444 ], [ -97.311601, 32.896501 ], [ -97.311692, 32.896517 ], [ -97.311788, 32.896509 ], [ -97.311831, 32.896484 ], [ -97.312148, 32.896234 ], [ -97.312807, 32.89604 ], [ -97.313167, 32.896053 ], [ -97.313273, 32.896025 ], [ -97.313364, 32.895975 ], [ -97.313393, 32.895927 ], [ -97.313402, 32.895871 ], [ -97.313364, 32.895778 ], [ -97.313205, 32.895597 ], [ -97.313066, 32.895516 ], [ -97.312807, 32.895491 ], [ -97.31248, 32.895508 ], [ -97.312283, 32.895529 ], [ -97.312144, 32.895577 ], [ -97.311975, 32.895726 ], [ -97.311774, 32.895758 ], [ -97.311735, 32.895791 ], [ -97.311634, 32.895927 ], [ -97.31149, 32.896189 ] ], [ [ -97.314569, 32.897514 ], [ -97.3147, 32.897461 ], [ -97.314867, 32.897318 ], [ -97.314947, 32.89714 ], [ -97.314985, 32.897081 ], [ -97.315026, 32.896932 ], [ -97.315033, 32.896668 ], [ -97.315011, 32.896608 ], [ -97.314966, 32.896563 ], [ -97.314896, 32.896543 ], [ -97.314879, 32.89649 ], [ -97.314907, 32.896445 ], [ -97.314948, 32.896414 ], [ -97.315101, 32.896332 ], [ -97.315188, 32.896237 ], [ -97.315219, 32.896161 ], [ -97.315226, 32.896034 ], [ -97.315157, 32.895895 ], [ -97.315122, 32.895843 ], [ -97.315077, 32.895822 ], [ -97.314496, 32.895809 ], [ -97.314473, 32.895809 ], [ -97.314359, 32.895871 ], [ -97.314324, 32.895944 ], [ -97.314348, 32.896023 ], [ -97.314411, 32.89611 ], [ -97.314432, 32.896183 ], [ -97.314425, 32.896273 ], [ -97.314217, 32.896751 ], [ -97.31421, 32.896821 ], [ -97.314251, 32.896939 ], [ -97.31422, 32.89698 ], [ -97.31421, 32.897081 ], [ -97.314217, 32.897126 ], [ -97.314251, 32.897188 ], [ -97.314255, 32.897348 ], [ -97.314275, 32.897385 ], [ -97.314341, 32.89743 ], [ -97.3144, 32.897509 ], [ -97.314458, 32.897545 ], [ -97.314569, 32.897514 ] ], [ [ -97.336194, 32.898598 ], [ -97.336125, 32.898645 ], [ -97.33611, 32.898666 ], [ -97.336085, 32.898757 ], [ -97.3361, 32.898851 ], [ -97.336125, 32.898881 ], [ -97.336184, 32.898964 ], [ -97.336209, 32.899084 ], [ -97.336209, 32.899129 ], [ -97.336218, 32.899158 ], [ -97.336253, 32.8992 ], [ -97.336307, 32.899233 ], [ -97.336396, 32.899229 ], [ -97.336603, 32.899208 ], [ -97.336662, 32.899186 ], [ -97.336687, 32.89915 ], [ -97.336603, 32.899022 ], [ -97.336613, 32.898778 ], [ -97.336573, 32.898715 ], [ -97.336475, 32.898612 ], [ -97.33645, 32.898598 ], [ -97.336352, 32.89857 ], [ -97.336263, 32.898578 ], [ -97.336194, 32.898598 ] ], [ [ -97.37996, 32.906654 ], [ -97.379911, 32.90665 ], [ -97.379769, 32.906672 ], [ -97.379717, 32.906689 ], [ -97.379672, 32.906726 ], [ -97.379623, 32.906838 ], [ -97.379627, 32.906886 ], [ -97.379668, 32.906973 ], [ -97.379729, 32.907032 ], [ -97.379795, 32.907066 ], [ -97.379881, 32.907066 ], [ -97.379972, 32.907046 ], [ -97.379996, 32.907015 ], [ -97.380071, 32.906897 ], [ -97.380105, 32.906807 ], [ -97.380095, 32.906762 ], [ -97.380081, 32.906734 ], [ -97.37996, 32.906654 ] ], [ [ -97.360127, 32.907983 ], [ -97.360169, 32.907974 ], [ -97.3602, 32.907929 ], [ -97.360238, 32.907919 ], [ -97.360293, 32.907952 ], [ -97.360355, 32.908008 ], [ -97.36039, 32.908053 ], [ -97.360418, 32.908181 ], [ -97.360418, 32.908233 ], [ -97.360492, 32.908327 ], [ -97.360519, 32.908347 ], [ -97.360699, 32.908327 ], [ -97.36098, 32.908216 ], [ -97.361035, 32.908171 ], [ -97.361056, 32.908126 ], [ -97.361063, 32.908074 ], [ -97.361051, 32.907994 ], [ -97.36101, 32.907862 ], [ -97.360903, 32.90761 ], [ -97.360842, 32.90753 ], [ -97.360762, 32.907514 ], [ -97.360698, 32.907428 ], [ -97.360664, 32.907361 ], [ -97.360637, 32.907348 ], [ -97.360591, 32.90731 ], [ -97.36047, 32.907313 ], [ -97.360447, 32.907319 ], [ -97.360276, 32.907325 ], [ -97.360203, 32.907286 ], [ -97.360165, 32.907246 ], [ -97.360161, 32.907172 ], [ -97.360169, 32.907057 ], [ -97.360234, 32.907003 ], [ -97.36023, 32.906974 ], [ -97.360192, 32.906965 ], [ -97.360074, 32.907003 ], [ -97.359975, 32.907016 ], [ -97.359481, 32.907102 ], [ -97.359317, 32.907169 ], [ -97.359313, 32.907217 ], [ -97.359275, 32.907404 ], [ -97.359275, 32.907483 ], [ -97.359313, 32.90793 ], [ -97.359378, 32.908025 ], [ -97.359424, 32.908057 ], [ -97.359522, 32.908073 ], [ -97.359595, 32.908054 ], [ -97.359652, 32.908043 ], [ -97.359876, 32.907913 ], [ -97.359971, 32.907884 ], [ -97.360047, 32.907902 ], [ -97.360082, 32.907977 ], [ -97.360127, 32.907983 ] ], [ [ -97.321706, 32.908779 ], [ -97.321738, 32.908755 ], [ -97.321835, 32.908734 ], [ -97.321949, 32.908748 ], [ -97.32197, 32.908744 ], [ -97.321987, 32.908689 ], [ -97.321953, 32.908651 ], [ -97.321925, 32.90863 ], [ -97.321939, 32.908599 ], [ -97.321991, 32.908561 ], [ -97.322026, 32.908509 ], [ -97.322126, 32.908443 ], [ -97.322251, 32.908391 ], [ -97.322306, 32.908335 ], [ -97.322325, 32.908237 ], [ -97.322297, 32.908147 ], [ -97.322244, 32.907881 ], [ -97.322154, 32.907718 ], [ -97.322084, 32.907649 ], [ -97.321698, 32.907299 ], [ -97.321687, 32.907247 ], [ -97.321687, 32.907094 ], [ -97.321667, 32.907055 ], [ -97.321632, 32.907038 ], [ -97.321583, 32.907029 ], [ -97.321538, 32.906996 ], [ -97.321486, 32.9069 ], [ -97.321448, 32.906869 ], [ -97.321337, 32.906858 ], [ -97.321288, 32.906872 ], [ -97.321195, 32.906928 ], [ -97.321046, 32.907038 ], [ -97.320938, 32.9071 ], [ -97.320914, 32.907139 ], [ -97.320938, 32.907218 ], [ -97.321048, 32.907307 ], [ -97.321081, 32.907328 ], [ -97.321136, 32.907347 ], [ -97.321236, 32.907361 ], [ -97.32133, 32.907406 ], [ -97.321392, 32.907458 ], [ -97.321417, 32.907517 ], [ -97.321392, 32.907677 ], [ -97.321413, 32.907711 ], [ -97.321566, 32.907736 ], [ -97.321618, 32.907763 ], [ -97.321819, 32.907998 ], [ -97.321843, 32.90806 ], [ -97.32184, 32.908085 ], [ -97.321809, 32.908119 ], [ -97.321767, 32.908144 ], [ -97.321684, 32.908169 ], [ -97.321566, 32.908237 ], [ -97.321524, 32.908296 ], [ -97.3215, 32.90838 ], [ -97.3215, 32.908429 ], [ -97.321528, 32.90849 ], [ -97.321578, 32.908533 ], [ -97.321703, 32.90858 ], [ -97.321717, 32.908595 ], [ -97.321703, 32.908623 ], [ -97.321575, 32.908647 ], [ -97.321512, 32.908682 ], [ -97.321498, 32.908727 ], [ -97.321523, 32.908824 ], [ -97.32163, 32.908918 ], [ -97.32172, 32.908959 ], [ -97.321856, 32.909073 ], [ -97.321876, 32.909104 ], [ -97.321908, 32.909125 ], [ -97.321928, 32.909101 ], [ -97.321928, 32.909081 ], [ -97.321946, 32.909056 ], [ -97.322005, 32.909032 ], [ -97.322084, 32.909018 ], [ -97.322123, 32.908987 ], [ -97.32213, 32.908938 ], [ -97.322098, 32.908931 ], [ -97.322036, 32.908959 ], [ -97.321953, 32.908973 ], [ -97.321911, 32.908969 ], [ -97.321915, 32.908938 ], [ -97.321942, 32.908918 ], [ -97.321935, 32.908897 ], [ -97.32189, 32.908879 ], [ -97.3218, 32.908855 ], [ -97.321703, 32.90881 ], [ -97.321706, 32.908779 ] ], [ [ -97.36343, 32.909798 ], [ -97.363452, 32.909823 ], [ -97.363531, 32.909824 ], [ -97.363637, 32.90988 ], [ -97.363665, 32.909885 ], [ -97.363708, 32.909883 ], [ -97.363733, 32.909867 ], [ -97.363846, 32.910015 ], [ -97.363861, 32.910035 ], [ -97.363896, 32.910089 ], [ -97.363915, 32.910156 ], [ -97.363953, 32.910217 ], [ -97.363993, 32.910257 ], [ -97.364038, 32.910181 ], [ -97.364072, 32.910111 ], [ -97.364078, 32.91003 ], [ -97.364066, 32.909942 ], [ -97.364046, 32.909899 ], [ -97.364026, 32.909824 ], [ -97.364, 32.909795 ], [ -97.363952, 32.909742 ], [ -97.363915, 32.909713 ], [ -97.363873, 32.909663 ], [ -97.363807, 32.909615 ], [ -97.363688, 32.909505 ], [ -97.36364, 32.909477 ], [ -97.363605, 32.909446 ], [ -97.36352, 32.909416 ], [ -97.363483, 32.909419 ], [ -97.363438, 32.909388 ], [ -97.363392, 32.909385 ], [ -97.363327, 32.909391 ], [ -97.363281, 32.909353 ], [ -97.363264, 32.909281 ], [ -97.363298, 32.909242 ], [ -97.363352, 32.909224 ], [ -97.363381, 32.909202 ], [ -97.363369, 32.909177 ], [ -97.36333, 32.909149 ], [ -97.363261, 32.90914 ], [ -97.363119, 32.909146 ], [ -97.363099, 32.909173 ], [ -97.363054, 32.909183 ], [ -97.362937, 32.909221 ], [ -97.362889, 32.90925 ], [ -97.362849, 32.909269 ], [ -97.362815, 32.909309 ], [ -97.362791, 32.909365 ], [ -97.362764, 32.909453 ], [ -97.362763, 32.909472 ], [ -97.362789, 32.90952 ], [ -97.362823, 32.909523 ], [ -97.362872, 32.909536 ], [ -97.363008, 32.909588 ], [ -97.363091, 32.909591 ], [ -97.363128, 32.909619 ], [ -97.363145, 32.909656 ], [ -97.36319, 32.909677 ], [ -97.363267, 32.90968 ], [ -97.363304, 32.909706 ], [ -97.36333, 32.909684 ], [ -97.363366, 32.90968 ], [ -97.363403, 32.909701 ], [ -97.363423, 32.909739 ], [ -97.363406, 32.90977 ], [ -97.36343, 32.909798 ] ], [ [ -97.36529, 32.910839 ], [ -97.365309, 32.910843 ], [ -97.365314, 32.910832 ], [ -97.365327, 32.910828 ], [ -97.365353, 32.910809 ], [ -97.365399, 32.910785 ], [ -97.365415, 32.910785 ], [ -97.365428, 32.910796 ], [ -97.365432, 32.910833 ], [ -97.365441, 32.910862 ], [ -97.365476, 32.910858 ], [ -97.365534, 32.910794 ], [ -97.365577, 32.910675 ], [ -97.365596, 32.910589 ], [ -97.365647, 32.910402 ], [ -97.365644, 32.910368 ], [ -97.365608, 32.910376 ], [ -97.365563, 32.910433 ], [ -97.365482, 32.910562 ], [ -97.365468, 32.910564 ], [ -97.365444, 32.910556 ], [ -97.365435, 32.910543 ], [ -97.36543, 32.91052 ], [ -97.365411, 32.910513 ], [ -97.365332, 32.910502 ], [ -97.365198, 32.910507 ], [ -97.365163, 32.910496 ], [ -97.365133, 32.910477 ], [ -97.365106, 32.910481 ], [ -97.365058, 32.910469 ], [ -97.365018, 32.910447 ], [ -97.364985, 32.910455 ], [ -97.364926, 32.910483 ], [ -97.364868, 32.910513 ], [ -97.364827, 32.910555 ], [ -97.364825, 32.91058 ], [ -97.36483, 32.910599 ], [ -97.364852, 32.91063 ], [ -97.364868, 32.910639 ], [ -97.364914, 32.910642 ], [ -97.36497, 32.910638 ], [ -97.36507, 32.910637 ], [ -97.365098, 32.91065 ], [ -97.365178, 32.910692 ], [ -97.365188, 32.910714 ], [ -97.365226, 32.910741 ], [ -97.365284, 32.910763 ], [ -97.365297, 32.910785 ], [ -97.365298, 32.91081 ], [ -97.36529, 32.910839 ] ], [ [ -97.368578, 32.912582 ], [ -97.368665, 32.912644 ], [ -97.368692, 32.912652 ], [ -97.368797, 32.912661 ], [ -97.36887, 32.912632 ], [ -97.368939, 32.912623 ], [ -97.369019, 32.912658 ], [ -97.369099, 32.912644 ], [ -97.36912, 32.912613 ], [ -97.369099, 32.912585 ], [ -97.369064, 32.912553 ], [ -97.369075, 32.912477 ], [ -97.369095, 32.91243 ], [ -97.369137, 32.912387 ], [ -97.369178, 32.912335 ], [ -97.369179, 32.912317 ], [ -97.369165, 32.912298 ], [ -97.369143, 32.9123 ], [ -97.369116, 32.912308 ], [ -97.369089, 32.912298 ], [ -97.36905, 32.912229 ], [ -97.369047, 32.912194 ], [ -97.369019, 32.912159 ], [ -97.368956, 32.912115 ], [ -97.368925, 32.912101 ], [ -97.368903, 32.912096 ], [ -97.368884, 32.912086 ], [ -97.368849, 32.912051 ], [ -97.368807, 32.912045 ], [ -97.3688, 32.912086 ], [ -97.368818, 32.912121 ], [ -97.36882, 32.912141 ], [ -97.368807, 32.912162 ], [ -97.368706, 32.912183 ], [ -97.368619, 32.912222 ], [ -97.368564, 32.912284 ], [ -97.368578, 32.912582 ] ], [ [ -97.365966, 32.916908 ], [ -97.365986, 32.916919 ], [ -97.365993, 32.916939 ], [ -97.365984, 32.916956 ], [ -97.365984, 32.917052 ], [ -97.366002, 32.917107 ], [ -97.366034, 32.917147 ], [ -97.366079, 32.917161 ], [ -97.366109, 32.917216 ], [ -97.366103, 32.917264 ], [ -97.366147, 32.917248 ], [ -97.366174, 32.917243 ], [ -97.36621, 32.917233 ], [ -97.366263, 32.917233 ], [ -97.366407, 32.917181 ], [ -97.36645, 32.917126 ], [ -97.36645, 32.917082 ], [ -97.366439, 32.917029 ], [ -97.366441, 32.91698 ], [ -97.366419, 32.916959 ], [ -97.36641, 32.916877 ], [ -97.366387, 32.916831 ], [ -97.366346, 32.916784 ], [ -97.366287, 32.916776 ], [ -97.366238, 32.916764 ], [ -97.366163, 32.916781 ], [ -97.366109, 32.916781 ], [ -97.366088, 32.91679 ], [ -97.366063, 32.916807 ], [ -97.366041, 32.916803 ], [ -97.365979, 32.916804 ], [ -97.365959, 32.916849 ], [ -97.365966, 32.916908 ] ], [ [ -97.3327, 32.922489 ], [ -97.332625, 32.922541 ], [ -97.332601, 32.922641 ], [ -97.332594, 32.922704 ], [ -97.332589, 32.922946 ], [ -97.332588, 32.923026 ], [ -97.332843, 32.923187 ], [ -97.332949, 32.923284 ], [ -97.33299, 32.923279 ], [ -97.333092, 32.923209 ], [ -97.333119, 32.923141 ], [ -97.333123, 32.923067 ], [ -97.333147, 32.922958 ], [ -97.33315, 32.92286 ], [ -97.333167, 32.922821 ], [ -97.333198, 32.922789 ], [ -97.333164, 32.922758 ], [ -97.333109, 32.922738 ], [ -97.333034, 32.922635 ], [ -97.332942, 32.922528 ], [ -97.332854, 32.922475 ], [ -97.332738, 32.922469 ], [ -97.3327, 32.922489 ] ], [ [ -97.365063, 32.925347 ], [ -97.365026, 32.925285 ], [ -97.364952, 32.925264 ], [ -97.364916, 32.925254 ], [ -97.364805, 32.925254 ], [ -97.364667, 32.925308 ], [ -97.36463, 32.925409 ], [ -97.364621, 32.9255 ], [ -97.364713, 32.925548 ], [ -97.364787, 32.925601 ], [ -97.364897, 32.925648 ], [ -97.364971, 32.925655 ], [ -97.365054, 32.92557 ], [ -97.365082, 32.925455 ], [ -97.365063, 32.925347 ] ], [ [ -97.327124, 32.929541 ], [ -97.327186, 32.929589 ], [ -97.3272, 32.929625 ], [ -97.327309, 32.929653 ], [ -97.327365, 32.929693 ], [ -97.327417, 32.929701 ], [ -97.327479, 32.929724 ], [ -97.327498, 32.92976 ], [ -97.327474, 32.929803 ], [ -97.327465, 32.929856 ], [ -97.327507, 32.929899 ], [ -97.327559, 32.929882 ], [ -97.327597, 32.929859 ], [ -97.327611, 32.929788 ], [ -97.327762, 32.929533 ], [ -97.327772, 32.929474 ], [ -97.327748, 32.929434 ], [ -97.327594, 32.929425 ], [ -97.327547, 32.929433 ], [ -97.327519, 32.929405 ], [ -97.327504, 32.929338 ], [ -97.327462, 32.929285 ], [ -97.327457, 32.929239 ], [ -97.327424, 32.929167 ], [ -97.327381, 32.929143 ], [ -97.327334, 32.929139 ], [ -97.327282, 32.929163 ], [ -97.327221, 32.929178 ], [ -97.327131, 32.929167 ], [ -97.326999, 32.92917 ], [ -97.326691, 32.929124 ], [ -97.32654, 32.929119 ], [ -97.32645, 32.929136 ], [ -97.326351, 32.929143 ], [ -97.326157, 32.929139 ], [ -97.32611, 32.929128 ], [ -97.326001, 32.929091 ], [ -97.325926, 32.929032 ], [ -97.325803, 32.928997 ], [ -97.325661, 32.928973 ], [ -97.325529, 32.928977 ], [ -97.325122, 32.928933 ], [ -97.324999, 32.928914 ], [ -97.324872, 32.928917 ], [ -97.324725, 32.928877 ], [ -97.32463, 32.928842 ], [ -97.324569, 32.928826 ], [ -97.324517, 32.928842 ], [ -97.324465, 32.92889 ], [ -97.324451, 32.928928 ], [ -97.324427, 32.928964 ], [ -97.324375, 32.929009 ], [ -97.324347, 32.92908 ], [ -97.324356, 32.929132 ], [ -97.324356, 32.929206 ], [ -97.324337, 32.929285 ], [ -97.324328, 32.929385 ], [ -97.324285, 32.929412 ], [ -97.324271, 32.929473 ], [ -97.324285, 32.929552 ], [ -97.324314, 32.929631 ], [ -97.324323, 32.929707 ], [ -97.324352, 32.929746 ], [ -97.324418, 32.929758 ], [ -97.324564, 32.929761 ], [ -97.324682, 32.929741 ], [ -97.324817, 32.929738 ], [ -97.325042, 32.929758 ], [ -97.32508, 32.929766 ], [ -97.325174, 32.929774 ], [ -97.325231, 32.929789 ], [ -97.325306, 32.929794 ], [ -97.325425, 32.92983 ], [ -97.3255, 32.929837 ], [ -97.325562, 32.929876 ], [ -97.325585, 32.929909 ], [ -97.325656, 32.929921 ], [ -97.325727, 32.929949 ], [ -97.325817, 32.929941 ], [ -97.325864, 32.929929 ], [ -97.325883, 32.929893 ], [ -97.325874, 32.929794 ], [ -97.325893, 32.929761 ], [ -97.325945, 32.929741 ], [ -97.325997, 32.929766 ], [ -97.326053, 32.929769 ], [ -97.326143, 32.929722 ], [ -97.326256, 32.929687 ], [ -97.326356, 32.929647 ], [ -97.326431, 32.929639 ], [ -97.326526, 32.929606 ], [ -97.326573, 32.92958 ], [ -97.326691, 32.929532 ], [ -97.326932, 32.929513 ], [ -97.326948, 32.929515 ], [ -97.327124, 32.929541 ] ], [ [ -97.329229, 32.93058 ], [ -97.329309, 32.93058 ], [ -97.329364, 32.930597 ], [ -97.329426, 32.930721 ], [ -97.329464, 32.93076 ], [ -97.329534, 32.93076 ], [ -97.32959, 32.930777 ], [ -97.329604, 32.930825 ], [ -97.329581, 32.930877 ], [ -97.329585, 32.930926 ], [ -97.329631, 32.930968 ], [ -97.329701, 32.930982 ], [ -97.329814, 32.930949 ], [ -97.329884, 32.930956 ], [ -97.329937, 32.930947 ], [ -97.329973, 32.930916 ], [ -97.329996, 32.930871 ], [ -97.329965, 32.930776 ], [ -97.329907, 32.930698 ], [ -97.329915, 32.930646 ], [ -97.329867, 32.930507 ], [ -97.329876, 32.930489 ], [ -97.329872, 32.930434 ], [ -97.329822, 32.930343 ], [ -97.329746, 32.930177 ], [ -97.329673, 32.930067 ], [ -97.329607, 32.930025 ], [ -97.329538, 32.930008 ], [ -97.329454, 32.930039 ], [ -97.329396, 32.930076 ], [ -97.32935, 32.930081 ], [ -97.329229, 32.930025 ], [ -97.329073, 32.930025 ], [ -97.328986, 32.929994 ], [ -97.328861, 32.929938 ], [ -97.328723, 32.929795 ], [ -97.328615, 32.92973 ], [ -97.328548, 32.929676 ], [ -97.328436, 32.929668 ], [ -97.328401, 32.929619 ], [ -97.328348, 32.929564 ], [ -97.328251, 32.92954 ], [ -97.328213, 32.929554 ], [ -97.327998, 32.929772 ], [ -97.327987, 32.929893 ], [ -97.328008, 32.929966 ], [ -97.328095, 32.930034 ], [ -97.328065, 32.930045 ], [ -97.328032, 32.930045 ], [ -97.328025, 32.930107 ], [ -97.328074, 32.930174 ], [ -97.328147, 32.930219 ], [ -97.32824, 32.930237 ], [ -97.328397, 32.930239 ], [ -97.32849, 32.930261 ], [ -97.328625, 32.930313 ], [ -97.328754, 32.930403 ], [ -97.32885, 32.930495 ], [ -97.328927, 32.930559 ], [ -97.329031, 32.9306 ], [ -97.329149, 32.9306 ], [ -97.329229, 32.93058 ] ], [ [ -97.361397, 32.930148 ], [ -97.361344, 32.930194 ], [ -97.361311, 32.930266 ], [ -97.361265, 32.930562 ], [ -97.361199, 32.932665 ], [ -97.361213, 32.932758 ], [ -97.361252, 32.932811 ], [ -97.361357, 32.932864 ], [ -97.361502, 32.932903 ], [ -97.361943, 32.932896 ], [ -97.36236, 32.932872 ], [ -97.362733, 32.93285 ], [ -97.364602, 32.932864 ], [ -97.364661, 32.93285 ], [ -97.364701, 32.932778 ], [ -97.364701, 32.932719 ], [ -97.364688, 32.93266 ], [ -97.362554, 32.930943 ], [ -97.361621, 32.930259 ], [ -97.361397, 32.930148 ] ], [ [ -97.373428, 32.95337 ], [ -97.373365, 32.953159 ], [ -97.373403, 32.953031 ], [ -97.373339, 32.952925 ], [ -97.373263, 32.952903 ], [ -97.373124, 32.953021 ], [ -97.37296, 32.953116 ], [ -97.372871, 32.953201 ], [ -97.372833, 32.953265 ], [ -97.372795, 32.953467 ], [ -97.372934, 32.95355 ], [ -97.373036, 32.953573 ], [ -97.373263, 32.953561 ], [ -97.37339, 32.953477 ], [ -97.373428, 32.95337 ] ], [ [ -97.373701, 32.958959 ], [ -97.373554, 32.958969 ], [ -97.373475, 32.959045 ], [ -97.373475, 32.959139 ], [ -97.373543, 32.959176 ], [ -97.373667, 32.959158 ], [ -97.373779, 32.959063 ], [ -97.373701, 32.958959 ] ], [ [ -97.370406, 32.971572 ], [ -97.370273, 32.971488 ], [ -97.370062, 32.971414 ], [ -97.369917, 32.971432 ], [ -97.369795, 32.971404 ], [ -97.369606, 32.971414 ], [ -97.369473, 32.971488 ], [ -97.369406, 32.97159 ], [ -97.36944, 32.971684 ], [ -97.369551, 32.971731 ], [ -97.369717, 32.971731 ], [ -97.369862, 32.971693 ], [ -97.370062, 32.971656 ], [ -97.370173, 32.971646 ], [ -97.370417, 32.971618 ], [ -97.370406, 32.971572 ] ], [ [ -97.37398, 32.980873 ], [ -97.373869, 32.980808 ], [ -97.37377, 32.980845 ], [ -97.373703, 32.980928 ], [ -97.373681, 32.981077 ], [ -97.373703, 32.981225 ], [ -97.373836, 32.981457 ], [ -97.373931, 32.981589 ], [ -97.374057, 32.981596 ], [ -97.374179, 32.981558 ], [ -97.374246, 32.98151 ], [ -97.374267, 32.981502 ], [ -97.374478, 32.981634 ], [ -97.374512, 32.981648 ], [ -97.374551, 32.98165 ], [ -97.37457, 32.98164 ], [ -97.374577, 32.981614 ], [ -97.374569, 32.981579 ], [ -97.374477, 32.981493 ], [ -97.374411, 32.981392 ], [ -97.374311, 32.981327 ], [ -97.37419, 32.981206 ], [ -97.374068, 32.981049 ], [ -97.37398, 32.980873 ] ], [ [ -97.366543, 32.99687 ], [ -97.366479, 32.996882 ], [ -97.36642, 32.996903 ], [ -97.366366, 32.99694 ], [ -97.366341, 32.996989 ], [ -97.366341, 32.997048 ], [ -97.366366, 32.997126 ], [ -97.366435, 32.997176 ], [ -97.366505, 32.997196 ], [ -97.366538, 32.997205 ], [ -97.366617, 32.997213 ], [ -97.366705, 32.997213 ], [ -97.366769, 32.997188 ], [ -97.366824, 32.997159 ], [ -97.366858, 32.997134 ], [ -97.366863, 32.997093 ], [ -97.366843, 32.997048 ], [ -97.366804, 32.996989 ], [ -97.366681, 32.996899 ], [ -97.366607, 32.996879 ], [ -97.366543, 32.99687 ] ], [ [ -97.328891, 33.001632 ], [ -97.328744, 33.001793 ], [ -97.328722, 33.001826 ], [ -97.32872, 33.001862 ], [ -97.328733, 33.001891 ], [ -97.328749, 33.001914 ], [ -97.328771, 33.001931 ], [ -97.328878, 33.002001 ], [ -97.328947, 33.002035 ], [ -97.328993, 33.002043 ], [ -97.329023, 33.00204 ], [ -97.32905, 33.002025 ], [ -97.329071, 33.002001 ], [ -97.329107, 33.001945 ], [ -97.329266, 33.001755 ], [ -97.329269, 33.001728 ], [ -97.329263, 33.001706 ], [ -97.329182, 33.001585 ], [ -97.329147, 33.001548 ], [ -97.329112, 33.001533 ], [ -97.329061, 33.001524 ], [ -97.329023, 33.001528 ], [ -97.328985, 33.00154 ], [ -97.328952, 33.001565 ], [ -97.328891, 33.001632 ] ], [ [ -97.334925, 33.00349 ], [ -97.33489, 33.003517 ], [ -97.334854, 33.003577 ], [ -97.334791, 33.003735 ], [ -97.334785, 33.003807 ], [ -97.334789, 33.003869 ], [ -97.334822, 33.003923 ], [ -97.334867, 33.003954 ], [ -97.334918, 33.003971 ], [ -97.33497, 33.003979 ], [ -97.335022, 33.00398 ], [ -97.335051, 33.003968 ], [ -97.335091, 33.003934 ], [ -97.335125, 33.003906 ], [ -97.335218, 33.003735 ], [ -97.335229, 33.003683 ], [ -97.335229, 33.003583 ], [ -97.335204, 33.00351 ], [ -97.335154, 33.003514 ], [ -97.335147, 33.003542 ], [ -97.335125, 33.003546 ], [ -97.335066, 33.003534 ], [ -97.334925, 33.00349 ] ], [ [ -97.31976, 33.008552 ], [ -97.31978, 33.008561 ], [ -97.319819, 33.008559 ], [ -97.319899, 33.008567 ], [ -97.320079, 33.008561 ], [ -97.320213, 33.008535 ], [ -97.320243, 33.008508 ], [ -97.320362, 33.008483 ], [ -97.320505, 33.008468 ], [ -97.320668, 33.008462 ], [ -97.320756, 33.008453 ], [ -97.320853, 33.008421 ], [ -97.320905, 33.008392 ], [ -97.320926, 33.008369 ], [ -97.320938, 33.008343 ], [ -97.320944, 33.008294 ], [ -97.320938, 33.008274 ], [ -97.320923, 33.008259 ], [ -97.320901, 33.008254 ], [ -97.320872, 33.008254 ], [ -97.320851, 33.008259 ], [ -97.320707, 33.008313 ], [ -97.320614, 33.008328 ], [ -97.320532, 33.008328 ], [ -97.32047, 33.008319 ], [ -97.320362, 33.008287 ], [ -97.320192, 33.008276 ], [ -97.319965, 33.008254 ], [ -97.319852, 33.008265 ], [ -97.31979, 33.008291 ], [ -97.31977, 33.008316 ], [ -97.31977, 33.008343 ], [ -97.31978, 33.008395 ], [ -97.31978, 33.008453 ], [ -97.31976, 33.008483 ], [ -97.31977, 33.008501 ], [ -97.31976, 33.008552 ] ], [ [ -97.311375, 33.009023 ], [ -97.311424, 33.009121 ], [ -97.311461, 33.009155 ], [ -97.311505, 33.009175 ], [ -97.311545, 33.009182 ], [ -97.311766, 33.009182 ], [ -97.311829, 33.009172 ], [ -97.3119, 33.009141 ], [ -97.311954, 33.009102 ], [ -97.312028, 33.009023 ], [ -97.312112, 33.008955 ], [ -97.312146, 33.008916 ], [ -97.312183, 33.008791 ], [ -97.312209, 33.008661 ], [ -97.312224, 33.008584 ], [ -97.31223, 33.008505 ], [ -97.312212, 33.008453 ], [ -97.312166, 33.008387 ], [ -97.312011, 33.00829 ], [ -97.311918, 33.008238 ], [ -97.311871, 33.008215 ], [ -97.311837, 33.008209 ], [ -97.3118, 33.008212 ], [ -97.311748, 33.008225 ], [ -97.31173, 33.008242 ], [ -97.311708, 33.008305 ], [ -97.311661, 33.008511 ], [ -97.311644, 33.008546 ], [ -97.311466, 33.008671 ], [ -97.311434, 33.008685 ], [ -97.311397, 33.008693 ], [ -97.31131, 33.008682 ], [ -97.311288, 33.008685 ], [ -97.311273, 33.008698 ], [ -97.31127, 33.008722 ], [ -97.311274, 33.008743 ], [ -97.311286, 33.008758 ], [ -97.311332, 33.008783 ], [ -97.311345, 33.008809 ], [ -97.311362, 33.008982 ], [ -97.311375, 33.009023 ] ], [ [ -97.33912, 33.027951 ], [ -97.339122, 33.02796 ], [ -97.339148, 33.027982 ], [ -97.339201, 33.028005 ], [ -97.339333, 33.028052 ], [ -97.339383, 33.02806 ], [ -97.339419, 33.02806 ], [ -97.339564, 33.028016 ], [ -97.339651, 33.02803 ], [ -97.339739, 33.028064 ], [ -97.339808, 33.028087 ], [ -97.339874, 33.028098 ], [ -97.339914, 33.028098 ], [ -97.33995, 33.028087 ], [ -97.33997, 33.028067 ], [ -97.339977, 33.028046 ], [ -97.339977, 33.028018 ], [ -97.339911, 33.027606 ], [ -97.339927, 33.027515 ], [ -97.33993, 33.027437 ], [ -97.339921, 33.02741 ], [ -97.339897, 33.027382 ], [ -97.339855, 33.027363 ], [ -97.339789, 33.027346 ], [ -97.339726, 33.027335 ], [ -97.33965, 33.027335 ], [ -97.339581, 33.027344 ], [ -97.339521, 33.027357 ], [ -97.339472, 33.027377 ], [ -97.339419, 33.02741 ], [ -97.339356, 33.027457 ], [ -97.339284, 33.027537 ], [ -97.339198, 33.027678 ], [ -97.339129, 33.027844 ], [ -97.339115, 33.027929 ], [ -97.33912, 33.027951 ] ], [ [ -97.329662, 33.030422 ], [ -97.329658, 33.030577 ], [ -97.329667, 33.030611 ], [ -97.329693, 33.030645 ], [ -97.329738, 33.030675 ], [ -97.329815, 33.030704 ], [ -97.329891, 33.03072 ], [ -97.329967, 33.030724 ], [ -97.33003, 33.030716 ], [ -97.330093, 33.030693 ], [ -97.330151, 33.030656 ], [ -97.330259, 33.030566 ], [ -97.330303, 33.030535 ], [ -97.330335, 33.030506 ], [ -97.330356, 33.030453 ], [ -97.330356, 33.030425 ], [ -97.330348, 33.030397 ], [ -97.33033, 33.030363 ], [ -97.330255, 33.030282 ], [ -97.330119, 33.03016 ], [ -97.329904, 33.030002 ], [ -97.329859, 33.029961 ], [ -97.329617, 33.029769 ], [ -97.329227, 33.029505 ], [ -97.329142, 33.029435 ], [ -97.329079, 33.029393 ], [ -97.329016, 33.02937 ], [ -97.328962, 33.029367 ], [ -97.328909, 33.029373 ], [ -97.328859, 33.029393 ], [ -97.328814, 33.029423 ], [ -97.328714, 33.029519 ], [ -97.328671, 33.029604 ], [ -97.328662, 33.029656 ], [ -97.328671, 33.029716 ], [ -97.328689, 33.029758 ], [ -97.328734, 33.029814 ], [ -97.328783, 33.029852 ], [ -97.328841, 33.029897 ], [ -97.328931, 33.029975 ], [ -97.329254, 33.030201 ], [ -97.329303, 33.030223 ], [ -97.32956, 33.030326 ], [ -97.329593, 33.030344 ], [ -97.32964, 33.030385 ], [ -97.329662, 33.030422 ] ], [ [ -97.302922, 32.5675 ], [ -97.302985, 32.567594 ], [ -97.303085, 32.567712 ], [ -97.30316, 32.567774 ], [ -97.30324, 32.567819 ], [ -97.303361, 32.56786 ], [ -97.303499, 32.567881 ], [ -97.303688, 32.56787 ], [ -97.304503, 32.567467 ], [ -97.30498, 32.567331 ], [ -97.305118, 32.567278 ], [ -97.305206, 32.567236 ], [ -97.305257, 32.567151 ], [ -97.305282, 32.567065 ], [ -97.305282, 32.56695 ], [ -97.305269, 32.566749 ], [ -97.305219, 32.566622 ], [ -97.305081, 32.56658 ], [ -97.304893, 32.566558 ], [ -97.304792, 32.566558 ], [ -97.304616, 32.566601 ], [ -97.304491, 32.566643 ], [ -97.304365, 32.566654 ], [ -97.304177, 32.566716 ], [ -97.304052, 32.566738 ], [ -97.303964, 32.566727 ], [ -97.30375, 32.566633 ], [ -97.303612, 32.566536 ], [ -97.303499, 32.566495 ], [ -97.303329, 32.566498 ], [ -97.303223, 32.566516 ], [ -97.303123, 32.566601 ], [ -97.303035, 32.566654 ], [ -97.302985, 32.566664 ], [ -97.302909, 32.56676 ], [ -97.302922, 32.566887 ], [ -97.302884, 32.56713 ], [ -97.302872, 32.567256 ], [ -97.302897, 32.567394 ], [ -97.302922, 32.5675 ] ], [ [ -97.30129, 32.568685 ], [ -97.30129, 32.568652 ], [ -97.301265, 32.568494 ], [ -97.301277, 32.568452 ], [ -97.301303, 32.56842 ], [ -97.301403, 32.568399 ], [ -97.301566, 32.56842 ], [ -97.301805, 32.568315 ], [ -97.301867, 32.56825 ], [ -97.30198, 32.568092 ], [ -97.302081, 32.567722 ], [ -97.302118, 32.567616 ], [ -97.302169, 32.567552 ], [ -97.30242, 32.567352 ], [ -97.302432, 32.567287 ], [ -97.30242, 32.567203 ], [ -97.302395, 32.567162 ], [ -97.302332, 32.567109 ], [ -97.302219, 32.567098 ], [ -97.302131, 32.567109 ], [ -97.302081, 32.56713 ], [ -97.302043, 32.567162 ], [ -97.301993, 32.567287 ], [ -97.30193, 32.567373 ], [ -97.30188, 32.567414 ], [ -97.301717, 32.567489 ], [ -97.301591, 32.567648 ], [ -97.301516, 32.567712 ], [ -97.301466, 32.567743 ], [ -97.301428, 32.567785 ], [ -97.30124, 32.567891 ], [ -97.301177, 32.567943 ], [ -97.301077, 32.567976 ], [ -97.300989, 32.567976 ], [ -97.300863, 32.567965 ], [ -97.300826, 32.567965 ], [ -97.30075, 32.568029 ], [ -97.300725, 32.568092 ], [ -97.300662, 32.568292 ], [ -97.3006, 32.568315 ], [ -97.300424, 32.568283 ], [ -97.300336, 32.568283 ], [ -97.300273, 32.568336 ], [ -97.300248, 32.568389 ], [ -97.300248, 32.568472 ], [ -97.300248, 32.568537 ], [ -97.300273, 32.568621 ], [ -97.300286, 32.568685 ], [ -97.300273, 32.568917 ], [ -97.300261, 32.569034 ], [ -97.300261, 32.569076 ], [ -97.300286, 32.569118 ], [ -97.300449, 32.569256 ], [ -97.300524, 32.569245 ], [ -97.30065, 32.569118 ], [ -97.300964, 32.568875 ], [ -97.301265, 32.568716 ], [ -97.30129, 32.568685 ] ], [ [ -97.292949, 32.579068 ], [ -97.29294, 32.579031 ], [ -97.292949, 32.578957 ], [ -97.29294, 32.578859 ], [ -97.292896, 32.578791 ], [ -97.29278, 32.578656 ], [ -97.292637, 32.578566 ], [ -97.292619, 32.578438 ], [ -97.292673, 32.57819 ], [ -97.292753, 32.578046 ], [ -97.292833, 32.57801 ], [ -97.293065, 32.577874 ], [ -97.293261, 32.577716 ], [ -97.293342, 32.577589 ], [ -97.29336, 32.577544 ], [ -97.293351, 32.577483 ], [ -97.293324, 32.57743 ], [ -97.293279, 32.577393 ], [ -97.293235, 32.577333 ], [ -97.293199, 32.577198 ], [ -97.293137, 32.57707 ], [ -97.293074, 32.576897 ], [ -97.292967, 32.576769 ], [ -97.292949, 32.576732 ], [ -97.292909, 32.576698 ], [ -97.292878, 32.576687 ], [ -97.292744, 32.576799 ], [ -97.292637, 32.576822 ], [ -97.292458, 32.576881 ], [ -97.292414, 32.576904 ], [ -97.292387, 32.576949 ], [ -97.292387, 32.576994 ], [ -97.292423, 32.5771 ], [ -97.292485, 32.57719 ], [ -97.292539, 32.577243 ], [ -97.292744, 32.577333 ], [ -97.292797, 32.577385 ], [ -97.292949, 32.577491 ], [ -97.292949, 32.577536 ], [ -97.292931, 32.577619 ], [ -97.292878, 32.577679 ], [ -97.292789, 32.577731 ], [ -97.292717, 32.577754 ], [ -97.292682, 32.577754 ], [ -97.292512, 32.577731 ], [ -97.292396, 32.577709 ], [ -97.292369, 32.577716 ], [ -97.292343, 32.577731 ], [ -97.29228, 32.57801 ], [ -97.2922, 32.578212 ], [ -97.292191, 32.578415 ], [ -97.292262, 32.57873 ], [ -97.292298, 32.578754 ], [ -97.292503, 32.578806 ], [ -97.292664, 32.578859 ], [ -97.292771, 32.578912 ], [ -97.292762, 32.578941 ], [ -97.292717, 32.579017 ], [ -97.292717, 32.579092 ], [ -97.292753, 32.579122 ], [ -97.292878, 32.579144 ], [ -97.292922, 32.579122 ], [ -97.292949, 32.579068 ] ], [ [ -97.300254, 32.581052 ], [ -97.301045, 32.581559 ], [ -97.301111, 32.581584 ], [ -97.301177, 32.581566 ], [ -97.301258, 32.581469 ], [ -97.301621, 32.581094 ], [ -97.301678, 32.581026 ], [ -97.301779, 32.580979 ], [ -97.301879, 32.580953 ], [ -97.301945, 32.580945 ], [ -97.302226, 32.580953 ], [ -97.302372, 32.580917 ], [ -97.30258, 32.580844 ], [ -97.302649, 32.580807 ], [ -97.302934, 32.580606 ], [ -97.302974, 32.58054 ], [ -97.302991, 32.580467 ], [ -97.302974, 32.580419 ], [ -97.302946, 32.580405 ], [ -97.302831, 32.580412 ], [ -97.302526, 32.58045 ], [ -97.302318, 32.580454 ], [ -97.302117, 32.580395 ], [ -97.301928, 32.580367 ], [ -97.301706, 32.580298 ], [ -97.301425, 32.580287 ], [ -97.30123, 32.580322 ], [ -97.300531, 32.580585 ], [ -97.300094, 32.580897 ], [ -97.300095, 32.580928 ], [ -97.300101, 32.580945 ], [ -97.300254, 32.581052 ] ], [ [ -97.298329, 32.59855 ], [ -97.298296, 32.598588 ], [ -97.298263, 32.598626 ], [ -97.298135, 32.599032 ], [ -97.298011, 32.599548 ], [ -97.298018, 32.5996 ], [ -97.298046, 32.599621 ], [ -97.298122, 32.599621 ], [ -97.29824, 32.599586 ], [ -97.298861, 32.599468 ], [ -97.298986, 32.599455 ], [ -97.299128, 32.59941 ], [ -97.29919, 32.599376 ], [ -97.29934, 32.59928 ], [ -97.299373, 32.599249 ], [ -97.299349, 32.59917 ], [ -97.299283, 32.599052 ], [ -97.299113, 32.598833 ], [ -97.299056, 32.598791 ], [ -97.298971, 32.598726 ], [ -97.298901, 32.598689 ], [ -97.298818, 32.598668 ], [ -97.298547, 32.598633 ], [ -97.298509, 32.598616 ], [ -97.298468, 32.598564 ], [ -97.298409, 32.598533 ], [ -97.298367, 32.598533 ], [ -97.298329, 32.59855 ] ], [ [ -97.292954, 32.599479 ], [ -97.293006, 32.599445 ], [ -97.293033, 32.599403 ], [ -97.293054, 32.599396 ], [ -97.293255, 32.599393 ], [ -97.293323, 32.599414 ], [ -97.293363, 32.59941 ], [ -97.293425, 32.599365 ], [ -97.29345, 32.599334 ], [ -97.293453, 32.599282 ], [ -97.293429, 32.599142 ], [ -97.293497, 32.599131 ], [ -97.293519, 32.599128 ], [ -97.293533, 32.599111 ], [ -97.293529, 32.598987 ], [ -97.293481, 32.598928 ], [ -97.293394, 32.598903 ], [ -97.293307, 32.598903 ], [ -97.29294, 32.59897 ], [ -97.292752, 32.599015 ], [ -97.292687, 32.599043 ], [ -97.292666, 32.59906 ], [ -97.292645, 32.599128 ], [ -97.292652, 32.599161 ], [ -97.29272, 32.599221 ], [ -97.29277, 32.59924 ], [ -97.29286, 32.599247 ], [ -97.292874, 32.599282 ], [ -97.292846, 32.599375 ], [ -97.292846, 32.599414 ], [ -97.292863, 32.599448 ], [ -97.292884, 32.599466 ], [ -97.292919, 32.599479 ], [ -97.292954, 32.599479 ] ], [ [ -97.300495, 32.600352 ], [ -97.300543, 32.600366 ], [ -97.300676, 32.600371 ], [ -97.300856, 32.600333 ], [ -97.300989, 32.600253 ], [ -97.301141, 32.600143 ], [ -97.301226, 32.600119 ], [ -97.301397, 32.600158 ], [ -97.30144, 32.600181 ], [ -97.30153, 32.600257 ], [ -97.301715, 32.600385 ], [ -97.30182, 32.600433 ], [ -97.301867, 32.600437 ], [ -97.301891, 32.600403 ], [ -97.3019, 32.600305 ], [ -97.301834, 32.599905 ], [ -97.301796, 32.599877 ], [ -97.301753, 32.599925 ], [ -97.301734, 32.600043 ], [ -97.301711, 32.600091 ], [ -97.301668, 32.600077 ], [ -97.301587, 32.599897 ], [ -97.301533, 32.599815 ], [ -97.301518, 32.599746 ], [ -97.301549, 32.599731 ], [ -97.301658, 32.599715 ], [ -97.301673, 32.599699 ], [ -97.301673, 32.59966 ], [ -97.301541, 32.59959 ], [ -97.301479, 32.599536 ], [ -97.301424, 32.599451 ], [ -97.301362, 32.599458 ], [ -97.301354, 32.59949 ], [ -97.301292, 32.599521 ], [ -97.301253, 32.599513 ], [ -97.301199, 32.599482 ], [ -97.30116, 32.599521 ], [ -97.301191, 32.599614 ], [ -97.301191, 32.599645 ], [ -97.30116, 32.599684 ], [ -97.301051, 32.599691 ], [ -97.300973, 32.599637 ], [ -97.300934, 32.599598 ], [ -97.30088, 32.599621 ], [ -97.300833, 32.599684 ], [ -97.300747, 32.599762 ], [ -97.30074, 32.599784 ], [ -97.300747, 32.599846 ], [ -97.30074, 32.599894 ], [ -97.299931, 32.599832 ], [ -97.299837, 32.599808 ], [ -97.299759, 32.599746 ], [ -97.299674, 32.599583 ], [ -97.299666, 32.599334 ], [ -97.299612, 32.599286 ], [ -97.299549, 32.599294 ], [ -97.299249, 32.599438 ], [ -97.299013, 32.599552 ], [ -97.299015, 32.599584 ], [ -97.299006, 32.599603 ], [ -97.29902, 32.599683 ], [ -97.299053, 32.599731 ], [ -97.29911, 32.599773 ], [ -97.299186, 32.599854 ], [ -97.299305, 32.600096 ], [ -97.299461, 32.600693 ], [ -97.299485, 32.600735 ], [ -97.299551, 32.600755 ], [ -97.299727, 32.600727 ], [ -97.299831, 32.600679 ], [ -97.300111, 32.600423 ], [ -97.300178, 32.600347 ], [ -97.300244, 32.600319 ], [ -97.30032, 32.600319 ], [ -97.300495, 32.600352 ] ], [ [ -97.313891, 32.604259 ], [ -97.313864, 32.604277 ], [ -97.313841, 32.604353 ], [ -97.313835, 32.604466 ], [ -97.313849, 32.604551 ], [ -97.313909, 32.604635 ], [ -97.313965, 32.604686 ], [ -97.314023, 32.604728 ], [ -97.314081, 32.604753 ], [ -97.314141, 32.604739 ], [ -97.31421, 32.604709 ], [ -97.314331, 32.604646 ], [ -97.314496, 32.604537 ], [ -97.31454, 32.60449 ], [ -97.314572, 32.604439 ], [ -97.314561, 32.604281 ], [ -97.314553, 32.604244 ], [ -97.314537, 32.60421 ], [ -97.314495, 32.604186 ], [ -97.314419, 32.604179 ], [ -97.314331, 32.60419 ], [ -97.314308, 32.604199 ], [ -97.314218, 32.604259 ], [ -97.314189, 32.60427 ], [ -97.313965, 32.604317 ], [ -97.313943, 32.604317 ], [ -97.31392, 32.604306 ], [ -97.313891, 32.604259 ] ], [ [ -97.301999, 32.614265 ], [ -97.301993, 32.614355 ], [ -97.30198, 32.614401 ], [ -97.301993, 32.614458 ], [ -97.302025, 32.614497 ], [ -97.302128, 32.614575 ], [ -97.302186, 32.614638 ], [ -97.302237, 32.614718 ], [ -97.302277, 32.614781 ], [ -97.302435, 32.614963 ], [ -97.302664, 32.615018 ], [ -97.302954, 32.615122 ], [ -97.303032, 32.615129 ], [ -97.303128, 32.615032 ], [ -97.303387, 32.614981 ], [ -97.303438, 32.614936 ], [ -97.303425, 32.614897 ], [ -97.302991, 32.614857 ], [ -97.302845, 32.614845 ], [ -97.302716, 32.614812 ], [ -97.302645, 32.614755 ], [ -97.302316, 32.614265 ], [ -97.302193, 32.614193 ], [ -97.302109, 32.614188 ], [ -97.302045, 32.614207 ], [ -97.301999, 32.614265 ] ], [ [ -97.291223, 32.639373 ], [ -97.291255, 32.639336 ], [ -97.291266, 32.639235 ], [ -97.291219, 32.639186 ], [ -97.291158, 32.639159 ], [ -97.291087, 32.639144 ], [ -97.29104, 32.63915 ], [ -97.291005, 32.63918 ], [ -97.290979, 32.639217 ], [ -97.290976, 32.639268 ], [ -97.290987, 32.639288 ], [ -97.29103, 32.639325 ], [ -97.291115, 32.639381 ], [ -97.291176, 32.639391 ], [ -97.291223, 32.639373 ] ], [ [ -97.293196, 32.640521 ], [ -97.293171, 32.640512 ], [ -97.293149, 32.64051 ], [ -97.293136, 32.640509 ], [ -97.293028, 32.640542 ], [ -97.293007, 32.640586 ], [ -97.293, 32.640631 ], [ -97.293007, 32.640663 ], [ -97.293035, 32.640707 ], [ -97.293064, 32.640726 ], [ -97.293143, 32.640741 ], [ -97.293204, 32.640732 ], [ -97.293254, 32.640704 ], [ -97.2933, 32.640669 ], [ -97.293307, 32.640647 ], [ -97.293293, 32.640614 ], [ -97.293271, 32.64058 ], [ -97.293232, 32.640542 ], [ -97.293196, 32.640521 ] ], [ [ -97.292437, 32.650295 ], [ -97.292491, 32.650295 ], [ -97.2926, 32.650266 ], [ -97.292658, 32.650219 ], [ -97.292848, 32.649878 ], [ -97.29294, 32.649788 ], [ -97.292982, 32.649762 ], [ -97.293051, 32.649737 ], [ -97.293105, 32.649728 ], [ -97.29319, 32.649737 ], [ -97.29363, 32.649883 ], [ -97.293709, 32.649864 ], [ -97.293838, 32.6498 ], [ -97.29386, 32.649762 ], [ -97.29387, 32.649639 ], [ -97.293857, 32.649597 ], [ -97.293813, 32.649563 ], [ -97.293759, 32.649566 ], [ -97.293538, 32.649635 ], [ -97.293446, 32.649655 ], [ -97.293418, 32.649648 ], [ -97.293317, 32.649472 ], [ -97.293291, 32.649453 ], [ -97.293216, 32.649431 ], [ -97.292984, 32.649393 ], [ -97.292807, 32.649393 ], [ -97.29276, 32.649402 ], [ -97.292554, 32.649597 ], [ -97.292195, 32.649993 ], [ -97.292178, 32.650022 ], [ -97.292192, 32.650098 ], [ -97.292284, 32.650197 ], [ -97.292391, 32.650274 ], [ -97.292437, 32.650295 ] ], [ [ -97.316847, 32.665292 ], [ -97.316699, 32.665329 ], [ -97.316545, 32.665349 ], [ -97.316257, 32.665373 ], [ -97.316248, 32.665415 ], [ -97.316273, 32.665447 ], [ -97.316435, 32.665535 ], [ -97.316528, 32.66559 ], [ -97.316621, 32.665622 ], [ -97.316709, 32.665609 ], [ -97.316756, 32.66559 ], [ -97.316786, 32.665565 ], [ -97.316837, 32.665495 ], [ -97.316878, 32.665404 ], [ -97.316891, 32.665336 ], [ -97.316871, 32.665295 ], [ -97.316847, 32.665292 ] ], [ [ -97.292551, 32.831546 ], [ -97.292541, 32.831609 ], [ -97.292585, 32.831857 ], [ -97.292634, 32.831902 ], [ -97.292673, 32.831916 ], [ -97.292756, 32.83191 ], [ -97.292815, 32.831887 ], [ -97.292863, 32.831814 ], [ -97.292917, 32.831789 ], [ -97.292956, 32.831789 ], [ -97.293078, 32.831887 ], [ -97.293166, 32.831916 ], [ -97.293381, 32.831916 ], [ -97.293523, 32.831892 ], [ -97.293562, 32.831871 ], [ -97.293635, 32.831711 ], [ -97.293635, 32.831663 ], [ -97.293616, 32.831614 ], [ -97.293508, 32.831541 ], [ -97.293438, 32.831505 ], [ -97.293357, 32.831463 ], [ -97.293235, 32.831424 ], [ -97.293093, 32.831346 ], [ -97.292961, 32.831325 ], [ -97.292868, 32.831336 ], [ -97.292605, 32.831482 ], [ -97.292551, 32.831546 ] ], [ [ -97.304988, 32.833008 ], [ -97.305057, 32.833064 ], [ -97.305233, 32.833198 ], [ -97.305369, 32.833271 ], [ -97.305413, 32.833305 ], [ -97.305447, 32.833539 ], [ -97.305477, 32.833602 ], [ -97.305555, 32.83372 ], [ -97.305775, 32.833871 ], [ -97.305887, 32.833939 ], [ -97.30597, 32.833959 ], [ -97.306058, 32.833944 ], [ -97.306136, 32.833871 ], [ -97.306175, 32.833764 ], [ -97.306209, 32.833607 ], [ -97.306236, 32.833391 ], [ -97.306231, 32.833278 ], [ -97.306138, 32.83316 ], [ -97.306026, 32.833092 ], [ -97.305728, 32.833039 ], [ -97.305665, 32.833 ], [ -97.305635, 32.832952 ], [ -97.305591, 32.83278 ], [ -97.305611, 32.832649 ], [ -97.30565, 32.83261 ], [ -97.305689, 32.832594 ], [ -97.305795, 32.832599 ], [ -97.305863, 32.832574 ], [ -97.305951, 32.832496 ], [ -97.306012, 32.8324 ], [ -97.305993, 32.832181 ], [ -97.305954, 32.831986 ], [ -97.305919, 32.831884 ], [ -97.30589, 32.831845 ], [ -97.305841, 32.831806 ], [ -97.305753, 32.831702 ], [ -97.305734, 32.831664 ], [ -97.305748, 32.831567 ], [ -97.305807, 32.831455 ], [ -97.305817, 32.831395 ], [ -97.305756, 32.831316 ], [ -97.305728, 32.831092 ], [ -97.305756, 32.830989 ], [ -97.305814, 32.830857 ], [ -97.305809, 32.830787 ], [ -97.30579, 32.830667 ], [ -97.305756, 32.830613 ], [ -97.305624, 32.83052 ], [ -97.305567, 32.830498 ], [ -97.305474, 32.830478 ], [ -97.305152, 32.830454 ], [ -97.304948, 32.830486 ], [ -97.304781, 32.830512 ], [ -97.304668, 32.830537 ], [ -97.304566, 32.830595 ], [ -97.304522, 32.830664 ], [ -97.30449, 32.830764 ], [ -97.304476, 32.830886 ], [ -97.304499, 32.831031 ], [ -97.30451, 32.831071 ], [ -97.304637, 32.831276 ], [ -97.304947, 32.831698 ], [ -97.30504, 32.831916 ], [ -97.305084, 32.832073 ], [ -97.305093, 32.832181 ], [ -97.305053, 32.832402 ], [ -97.304925, 32.832828 ], [ -97.304934, 32.832939 ], [ -97.304988, 32.833008 ] ], [ [ -97.306594, 32.834781 ], [ -97.306666, 32.834803 ], [ -97.306749, 32.834803 ], [ -97.306848, 32.834781 ], [ -97.306926, 32.834742 ], [ -97.307008, 32.834729 ], [ -97.307107, 32.834747 ], [ -97.30719, 32.834786 ], [ -97.307262, 32.834808 ], [ -97.307361, 32.834786 ], [ -97.307537, 32.834716 ], [ -97.307584, 32.834646 ], [ -97.307636, 32.83459 ], [ -97.307656, 32.834516 ], [ -97.307646, 32.834451 ], [ -97.307423, 32.834276 ], [ -97.307356, 32.834268 ], [ -97.307294, 32.834246 ], [ -97.307273, 32.834215 ], [ -97.307278, 32.834172 ], [ -97.307304, 32.834133 ], [ -97.307304, 32.834066 ], [ -97.307004, 32.833854 ], [ -97.306965, 32.833858 ], [ -97.306931, 32.833878 ], [ -97.306867, 32.834024 ], [ -97.306828, 32.834086 ], [ -97.306774, 32.834145 ], [ -97.306594, 32.834282 ], [ -97.306564, 32.834355 ], [ -97.30654, 32.834657 ], [ -97.306553, 32.834715 ], [ -97.306594, 32.834781 ] ], [ [ -97.306697, 32.849353 ], [ -97.306676, 32.849438 ], [ -97.306599, 32.849516 ], [ -97.306594, 32.849551 ], [ -97.306599, 32.849606 ], [ -97.306656, 32.849691 ], [ -97.306697, 32.849718 ], [ -97.306717, 32.849764 ], [ -97.306714, 32.849882 ], [ -97.306773, 32.850001 ], [ -97.306829, 32.850014 ], [ -97.306911, 32.850014 ], [ -97.307008, 32.849992 ], [ -97.3071, 32.849941 ], [ -97.307157, 32.849843 ], [ -97.307182, 32.849764 ], [ -97.307172, 32.849691 ], [ -97.307095, 32.849409 ], [ -97.307091, 32.849288 ], [ -97.3071, 32.849237 ], [ -97.30708, 32.84919 ], [ -97.307029, 32.849173 ], [ -97.306953, 32.849167 ], [ -97.306855, 32.84921 ], [ -97.306727, 32.849314 ], [ -97.306697, 32.849353 ] ], [ [ -97.29418, 32.850561 ], [ -97.294111, 32.850575 ], [ -97.294059, 32.850546 ], [ -97.293979, 32.850488 ], [ -97.293911, 32.850488 ], [ -97.293799, 32.850625 ], [ -97.29376, 32.850721 ], [ -97.29376, 32.850794 ], [ -97.293804, 32.850859 ], [ -97.293892, 32.850917 ], [ -97.294077, 32.851014 ], [ -97.294927, 32.851259 ], [ -97.295103, 32.851269 ], [ -97.295132, 32.851244 ], [ -97.295122, 32.851069 ], [ -97.295196, 32.850937 ], [ -97.295191, 32.850873 ], [ -97.295161, 32.850805 ], [ -97.295127, 32.850678 ], [ -97.295127, 32.850665 ], [ -97.295122, 32.850512 ], [ -97.295108, 32.850395 ], [ -97.295073, 32.850341 ], [ -97.295088, 32.850278 ], [ -97.295078, 32.850234 ], [ -97.295034, 32.85022 ], [ -97.294971, 32.850215 ], [ -97.294922, 32.850229 ], [ -97.294873, 32.850308 ], [ -97.294815, 32.850375 ], [ -97.294678, 32.850488 ], [ -97.294551, 32.850575 ], [ -97.294478, 32.850575 ], [ -97.294355, 32.850532 ], [ -97.294282, 32.850521 ], [ -97.294214, 32.850541 ], [ -97.29418, 32.850561 ] ], [ [ -97.297433, 32.852725 ], [ -97.297321, 32.852741 ], [ -97.297205, 32.8528 ], [ -97.297163, 32.852826 ], [ -97.297163, 32.852866 ], [ -97.297196, 32.852897 ], [ -97.297252, 32.852929 ], [ -97.297303, 32.852944 ], [ -97.297461, 32.852976 ], [ -97.297708, 32.853042 ], [ -97.297996, 32.853093 ], [ -97.298038, 32.853093 ], [ -97.298071, 32.853068 ], [ -97.298089, 32.853026 ], [ -97.298099, 32.85298 ], [ -97.298071, 32.852615 ], [ -97.298052, 32.852542 ], [ -97.298006, 32.852448 ], [ -97.297957, 32.85239 ], [ -97.297917, 32.852358 ], [ -97.297866, 32.852303 ], [ -97.297796, 32.852263 ], [ -97.297726, 32.852241 ], [ -97.29768, 32.852233 ], [ -97.297577, 32.852252 ], [ -97.29754, 32.852233 ], [ -97.297517, 32.852206 ], [ -97.297526, 32.852139 ], [ -97.297563, 32.852103 ], [ -97.297708, 32.852069 ], [ -97.297745, 32.852044 ], [ -97.297787, 32.851995 ], [ -97.297815, 32.851923 ], [ -97.297815, 32.851881 ], [ -97.297805, 32.85183 ], [ -97.297787, 32.851795 ], [ -97.29775, 32.851756 ], [ -97.297684, 32.851737 ], [ -97.297619, 32.851737 ], [ -97.297536, 32.85176 ], [ -97.297429, 32.851858 ], [ -97.297349, 32.851954 ], [ -97.297321, 32.852065 ], [ -97.297317, 32.852142 ], [ -97.297331, 32.852182 ], [ -97.297359, 32.852221 ], [ -97.297382, 32.852272 ], [ -97.297396, 32.85235 ], [ -97.297442, 32.852404 ], [ -97.297538, 32.852508 ], [ -97.297554, 32.852525 ], [ -97.297554, 32.852573 ], [ -97.29747, 32.85269 ], [ -97.297433, 32.852725 ] ], [ [ -97.307307, 32.853149 ], [ -97.307269, 32.85316 ], [ -97.30724, 32.853184 ], [ -97.307228, 32.853209 ], [ -97.307236, 32.853279 ], [ -97.307269, 32.853454 ], [ -97.307303, 32.85351 ], [ -97.307345, 32.853546 ], [ -97.30742, 32.853589 ], [ -97.307904, 32.853617 ], [ -97.308014, 32.853609 ], [ -97.30805, 32.853597 ], [ -97.308109, 32.853548 ], [ -97.308155, 32.853495 ], [ -97.308309, 32.853253 ], [ -97.308298, 32.853127 ], [ -97.30826, 32.853037 ], [ -97.308231, 32.852924 ], [ -97.308223, 32.852566 ], [ -97.308248, 32.852435 ], [ -97.308243, 32.852348 ], [ -97.308218, 32.852313 ], [ -97.308118, 32.852303 ], [ -97.30808, 32.85232 ], [ -97.308047, 32.852379 ], [ -97.308022, 32.852401 ], [ -97.30798, 32.852415 ], [ -97.307942, 32.852454 ], [ -97.307913, 32.852496 ], [ -97.307901, 32.852531 ], [ -97.307896, 32.852612 ], [ -97.307896, 32.85278 ], [ -97.30788, 32.852879 ], [ -97.30783, 32.852938 ], [ -97.307668, 32.853114 ], [ -97.307616, 32.85317 ], [ -97.307566, 32.853219 ], [ -97.307537, 32.853226 ], [ -97.307499, 32.853216 ], [ -97.307441, 32.85316 ], [ -97.307366, 32.853149 ], [ -97.307307, 32.853149 ] ], [ [ -97.295449, 32.856655 ], [ -97.295523, 32.856634 ], [ -97.295588, 32.856579 ], [ -97.295695, 32.856434 ], [ -97.295752, 32.856339 ], [ -97.295801, 32.856318 ], [ -97.296066, 32.856313 ], [ -97.296219, 32.85631 ], [ -97.296702, 32.856325 ], [ -97.29711, 32.856406 ], [ -97.297364, 32.856406 ], [ -97.297536, 32.856482 ], [ -97.297635, 32.856476 ], [ -97.297684, 32.856457 ], [ -97.297704, 32.856417 ], [ -97.297704, 32.856378 ], [ -97.29766, 32.85633 ], [ -97.297499, 32.856237 ], [ -97.297396, 32.85616 ], [ -97.297269, 32.856085 ], [ -97.297133, 32.855984 ], [ -97.297069, 32.85595 ], [ -97.296957, 32.855862 ], [ -97.296893, 32.855773 ], [ -97.296844, 32.855607 ], [ -97.29683, 32.855589 ], [ -97.296786, 32.855584 ], [ -97.296729, 32.855597 ], [ -97.296556, 32.855652 ], [ -97.296454, 32.855745 ], [ -97.296278, 32.855808 ], [ -97.296178, 32.855829 ], [ -97.296154, 32.855829 ], [ -97.295987, 32.855821 ], [ -97.295816, 32.855777 ], [ -97.295431, 32.855772 ], [ -97.29525, 32.855821 ], [ -97.295181, 32.855791 ], [ -97.294957, 32.855596 ], [ -97.294864, 32.855483 ], [ -97.29481, 32.855352 ], [ -97.29484, 32.855264 ], [ -97.294845, 32.855221 ], [ -97.294823, 32.855203 ], [ -97.294691, 32.855189 ], [ -97.294603, 32.85515 ], [ -97.29452, 32.855077 ], [ -97.294451, 32.85493 ], [ -97.294324, 32.854779 ], [ -97.294188, 32.854734 ], [ -97.2939, 32.854711 ], [ -97.293748, 32.854672 ], [ -97.293553, 32.854642 ], [ -97.293475, 32.854652 ], [ -97.293362, 32.854745 ], [ -97.293216, 32.854891 ], [ -97.29306, 32.854979 ], [ -97.292918, 32.855003 ], [ -97.292815, 32.854984 ], [ -97.292698, 32.85494 ], [ -97.292591, 32.854915 ], [ -97.292371, 32.854911 ], [ -97.292166, 32.854886 ], [ -97.291956, 32.854895 ], [ -97.291873, 32.854925 ], [ -97.291819, 32.854989 ], [ -97.291731, 32.855168 ], [ -97.291534, 32.85544 ], [ -97.291503, 32.855513 ], [ -97.291497, 32.85557 ], [ -97.291522, 32.855642 ], [ -97.29156, 32.855696 ], [ -97.291595, 32.855736 ], [ -97.291665, 32.855795 ], [ -97.291939, 32.855933 ], [ -97.292055, 32.855969 ], [ -97.292276, 32.856029 ], [ -97.292349, 32.856057 ], [ -97.292497, 32.856124 ], [ -97.292516, 32.856127 ], [ -97.292589, 32.85614 ], [ -97.292676, 32.856147 ], [ -97.292885, 32.856192 ], [ -97.292953, 32.856223 ], [ -97.292979, 32.856264 ], [ -97.292984, 32.856367 ], [ -97.292957, 32.856716 ], [ -97.29295, 32.857362 ], [ -97.292964, 32.857425 ], [ -97.292998, 32.857464 ], [ -97.293091, 32.857512 ], [ -97.293208, 32.857591 ], [ -97.293248, 32.857635 ], [ -97.293248, 32.857718 ], [ -97.293204, 32.857777 ], [ -97.293101, 32.857821 ], [ -97.293077, 32.857977 ], [ -97.293101, 32.858069 ], [ -97.293179, 32.858216 ], [ -97.293223, 32.85825 ], [ -97.293311, 32.858279 ], [ -97.293485, 32.858286 ], [ -97.293733, 32.858286 ], [ -97.293821, 32.858266 ], [ -97.294227, 32.858331 ], [ -97.294565, 32.858375 ], [ -97.294655, 32.858368 ], [ -97.294737, 32.858347 ], [ -97.294851, 32.858306 ], [ -97.294909, 32.858271 ], [ -97.294925, 32.858182 ], [ -97.2949, 32.858086 ], [ -97.294843, 32.858002 ], [ -97.29481, 32.857928 ], [ -97.294794, 32.85772 ], [ -97.294769, 32.857625 ], [ -97.294687, 32.857515 ], [ -97.29436, 32.857163 ], [ -97.294253, 32.85702 ], [ -97.294188, 32.856786 ], [ -97.294188, 32.856696 ], [ -97.29418, 32.856634 ], [ -97.294106, 32.856592 ], [ -97.294008, 32.856572 ], [ -97.293909, 32.856572 ], [ -97.293795, 32.856552 ], [ -97.293746, 32.856516 ], [ -97.293713, 32.856462 ], [ -97.293426, 32.85629 ], [ -97.293394, 32.856242 ], [ -97.293385, 32.856201 ], [ -97.293434, 32.85618 ], [ -97.293525, 32.856174 ], [ -97.293566, 32.856153 ], [ -97.293606, 32.856084 ], [ -97.293615, 32.856036 ], [ -97.293688, 32.855967 ], [ -97.293778, 32.855933 ], [ -97.293836, 32.855939 ], [ -97.293885, 32.856008 ], [ -97.293926, 32.856043 ], [ -97.293991, 32.856043 ], [ -97.29404, 32.856029 ], [ -97.294188, 32.855933 ], [ -97.29427, 32.855891 ], [ -97.294352, 32.855891 ], [ -97.294483, 32.855947 ], [ -97.294835, 32.856119 ], [ -97.294909, 32.856174 ], [ -97.294958, 32.856263 ], [ -97.295023, 32.856524 ], [ -97.295048, 32.856572 ], [ -97.295097, 32.856606 ], [ -97.295244, 32.856641 ], [ -97.295359, 32.856662 ], [ -97.295449, 32.856655 ] ], [ [ -97.29875, 32.857113 ], [ -97.298721, 32.857162 ], [ -97.298721, 32.857245 ], [ -97.298745, 32.857318 ], [ -97.298853, 32.857435 ], [ -97.298911, 32.857469 ], [ -97.298989, 32.85745 ], [ -97.299243, 32.857279 ], [ -97.299336, 32.857235 ], [ -97.299398, 32.857228 ], [ -97.299478, 32.857221 ], [ -97.299634, 32.857128 ], [ -97.299908, 32.856943 ], [ -97.299976, 32.856884 ], [ -97.299995, 32.856825 ], [ -97.299981, 32.856777 ], [ -97.299912, 32.856727 ], [ -97.299825, 32.856684 ], [ -97.299571, 32.856586 ], [ -97.299488, 32.856606 ], [ -97.299414, 32.85665 ], [ -97.299346, 32.856733 ], [ -97.299273, 32.856783 ], [ -97.299248, 32.8568 ], [ -97.299024, 32.856913 ], [ -97.29875, 32.857113 ] ], [ [ -97.311824, 32.860498 ], [ -97.311853, 32.860585 ], [ -97.311846, 32.86076 ], [ -97.311857, 32.860923 ], [ -97.311876, 32.860954 ], [ -97.311941, 32.861116 ], [ -97.312187, 32.86148 ], [ -97.312279, 32.861606 ], [ -97.312388, 32.861705 ], [ -97.312535, 32.8619 ], [ -97.312813, 32.862114 ], [ -97.312954, 32.862194 ], [ -97.313265, 32.862344 ], [ -97.313534, 32.862426 ], [ -97.313766, 32.862478 ], [ -97.313776, 32.862352 ], [ -97.313429, 32.862156 ], [ -97.312762, 32.861736 ], [ -97.312521, 32.861522 ], [ -97.3124, 32.861399 ], [ -97.31235, 32.861305 ], [ -97.312325, 32.861217 ], [ -97.3123, 32.861105 ], [ -97.312295, 32.861055 ], [ -97.312307, 32.860965 ], [ -97.312307, 32.860836 ], [ -97.312293, 32.860773 ], [ -97.312305, 32.860697 ], [ -97.312304, 32.860569 ], [ -97.312283, 32.860492 ], [ -97.312216, 32.860383 ], [ -97.312208, 32.860326 ], [ -97.312183, 32.860028 ], [ -97.312174, 32.859623 ], [ -97.312124, 32.85942 ], [ -97.311974, 32.859084 ], [ -97.311753, 32.858618 ], [ -97.311565, 32.858545 ], [ -97.310981, 32.858415 ], [ -97.310726, 32.85839 ], [ -97.310326, 32.858293 ], [ -97.309942, 32.858268 ], [ -97.309683, 32.858215 ], [ -97.309337, 32.858261 ], [ -97.309082, 32.85832 ], [ -97.308782, 32.858342 ], [ -97.308494, 32.85825 ], [ -97.308148, 32.85817 ], [ -97.307789, 32.858243 ], [ -97.307693, 32.858243 ], [ -97.307346, 32.858179 ], [ -97.307175, 32.858035 ], [ -97.307207, 32.858125 ], [ -97.307232, 32.858196 ], [ -97.30729, 32.858299 ], [ -97.307347, 32.858359 ], [ -97.307447, 32.858401 ], [ -97.307561, 32.858426 ], [ -97.307825, 32.85842 ], [ -97.308076, 32.858376 ], [ -97.308298, 32.858383 ], [ -97.308827, 32.85851 ], [ -97.308963, 32.85851 ], [ -97.30914, 32.8585 ], [ -97.309363, 32.858576 ], [ -97.309614, 32.858584 ], [ -97.309865, 32.858655 ], [ -97.31023, 32.858829 ], [ -97.310422, 32.858874 ], [ -97.310776, 32.858905 ], [ -97.311102, 32.858983 ], [ -97.311336, 32.859102 ], [ -97.311599, 32.859368 ], [ -97.311757, 32.859686 ], [ -97.311811, 32.860408 ], [ -97.311824, 32.860498 ] ], [ [ -97.301319, 32.893222 ], [ -97.301296, 32.893231 ], [ -97.30128, 32.893245 ], [ -97.301271, 32.893262 ], [ -97.301269, 32.893296 ], [ -97.301284, 32.893346 ], [ -97.301302, 32.893441 ], [ -97.301314, 32.893465 ], [ -97.301378, 32.893509 ], [ -97.301408, 32.893517 ], [ -97.301468, 32.893521 ], [ -97.301495, 32.893501 ], [ -97.301509, 32.893479 ], [ -97.30153, 32.893358 ], [ -97.301522, 32.893338 ], [ -97.3015, 32.893318 ], [ -97.301463, 32.893301 ], [ -97.301403, 32.893242 ], [ -97.301352, 32.89322 ], [ -97.301319, 32.893222 ] ], [ [ -97.286388, 32.900204 ], [ -97.286383, 32.900194 ], [ -97.286381, 32.900177 ], [ -97.286362, 32.900158 ], [ -97.286347, 32.900164 ], [ -97.286344, 32.900176 ], [ -97.28634, 32.900193 ], [ -97.286348, 32.900209 ], [ -97.286347, 32.900223 ], [ -97.286339, 32.90023 ], [ -97.286328, 32.900238 ], [ -97.286338, 32.900251 ], [ -97.286349, 32.900251 ], [ -97.28637, 32.90024 ], [ -97.286386, 32.900233 ], [ -97.286393, 32.900212 ], [ -97.286388, 32.900204 ] ], [ [ -97.307517, 32.908819 ], [ -97.307452, 32.908862 ], [ -97.30743, 32.908913 ], [ -97.307427, 32.908971 ], [ -97.307488, 32.909142 ], [ -97.307535, 32.909163 ], [ -97.307786, 32.909126 ], [ -97.307944, 32.909081 ], [ -97.308121, 32.909053 ], [ -97.308215, 32.90902 ], [ -97.308292, 32.908977 ], [ -97.308335, 32.908932 ], [ -97.30835, 32.908897 ], [ -97.308433, 32.908845 ], [ -97.308491, 32.908828 ], [ -97.308493, 32.90881 ], [ -97.30846, 32.908741 ], [ -97.308444, 32.908723 ], [ -97.308419, 32.908712 ], [ -97.308299, 32.908716 ], [ -97.30772, 32.908765 ], [ -97.307517, 32.908819 ] ], [ [ -97.285946, 32.918611 ], [ -97.285699, 32.91858 ], [ -97.285735, 32.918625 ], [ -97.285744, 32.918665 ], [ -97.285908, 32.918662 ], [ -97.285946, 32.918611 ] ], [ [ -97.303506, 32.919991 ], [ -97.303523, 32.919975 ], [ -97.303513, 32.919947 ], [ -97.303501, 32.919911 ], [ -97.303508, 32.919885 ], [ -97.303539, 32.919845 ], [ -97.30363, 32.919835 ], [ -97.303668, 32.919846 ], [ -97.303724, 32.91988 ], [ -97.303755, 32.919888 ], [ -97.30376, 32.91987 ], [ -97.303727, 32.919835 ], [ -97.303724, 32.919801 ], [ -97.303794, 32.919738 ], [ -97.303901, 32.919587 ], [ -97.303898, 32.919531 ], [ -97.303866, 32.91948 ], [ -97.303819, 32.919441 ], [ -97.303664, 32.919401 ], [ -97.303657, 32.91932 ], [ -97.303672, 32.919282 ], [ -97.303691, 32.919265 ], [ -97.303697, 32.919237 ], [ -97.303689, 32.91921 ], [ -97.303651, 32.91917 ], [ -97.303634, 32.91913 ], [ -97.303614, 32.919022 ], [ -97.303579, 32.918962 ], [ -97.303369, 32.918816 ], [ -97.303335, 32.918763 ], [ -97.303293, 32.918763 ], [ -97.30324, 32.918778 ], [ -97.303203, 32.918776 ], [ -97.303156, 32.918723 ], [ -97.303145, 32.918658 ], [ -97.303156, 32.918596 ], [ -97.303318, 32.918474 ], [ -97.303368, 32.918419 ], [ -97.30342, 32.918394 ], [ -97.303531, 32.918384 ], [ -97.303553, 32.91837 ], [ -97.303562, 32.918346 ], [ -97.303495, 32.918242 ], [ -97.30349, 32.91821 ], [ -97.303508, 32.918142 ], [ -97.303498, 32.91812 ], [ -97.303459, 32.918142 ], [ -97.303403, 32.91814 ], [ -97.303369, 32.918183 ], [ -97.303338, 32.918194 ], [ -97.303299, 32.918174 ], [ -97.303259, 32.91812 ], [ -97.303241, 32.918076 ], [ -97.303183, 32.918062 ], [ -97.303168, 32.91808 ], [ -97.30313, 32.918123 ], [ -97.303106, 32.918128 ], [ -97.302522, 32.918129 ], [ -97.302407, 32.91811 ], [ -97.302183, 32.918118 ], [ -97.302063, 32.91814 ], [ -97.301918, 32.918199 ], [ -97.301843, 32.918256 ], [ -97.301735, 32.918369 ], [ -97.30172, 32.918421 ], [ -97.301728, 32.918514 ], [ -97.301753, 32.918611 ], [ -97.301783, 32.918653 ], [ -97.301868, 32.918673 ], [ -97.301946, 32.918739 ], [ -97.302029, 32.918791 ], [ -97.302133, 32.918823 ], [ -97.30223, 32.918875 ], [ -97.302593, 32.919249 ], [ -97.302855, 32.919462 ], [ -97.302917, 32.919486 ], [ -97.303011, 32.919482 ], [ -97.303041, 32.919494 ], [ -97.303083, 32.919569 ], [ -97.303048, 32.919624 ], [ -97.303048, 32.919643 ], [ -97.303107, 32.919784 ], [ -97.303127, 32.919898 ], [ -97.303149, 32.919941 ], [ -97.30318, 32.919953 ], [ -97.303212, 32.919949 ], [ -97.303281, 32.919953 ], [ -97.303306, 32.919987 ], [ -97.303344, 32.920018 ], [ -97.303382, 32.920015 ], [ -97.303449, 32.91998 ], [ -97.303506, 32.919991 ] ], [ [ -97.297249, 32.918877 ], [ -97.297198, 32.918975 ], [ -97.29714, 32.919073 ], [ -97.297122, 32.919119 ], [ -97.297124, 32.919128 ], [ -97.297134, 32.919137 ], [ -97.297149, 32.919135 ], [ -97.297168, 32.919129 ], [ -97.29724, 32.91909 ], [ -97.297254, 32.919158 ], [ -97.297271, 32.919237 ], [ -97.29729, 32.919266 ], [ -97.297322, 32.919301 ], [ -97.297346, 32.919318 ], [ -97.297388, 32.919208 ], [ -97.297393, 32.91913 ], [ -97.297365, 32.918954 ], [ -97.297342, 32.918855 ], [ -97.297281, 32.918819 ], [ -97.297249, 32.918877 ] ], [ [ -97.289413, 32.919564 ], [ -97.289382, 32.91959 ], [ -97.289306, 32.919691 ], [ -97.289233, 32.919831 ], [ -97.289212, 32.919955 ], [ -97.289183, 32.920257 ], [ -97.289164, 32.92044 ], [ -97.289181, 32.920465 ], [ -97.289216, 32.920489 ], [ -97.289302, 32.920489 ], [ -97.289451, 32.920448 ], [ -97.28949, 32.920416 ], [ -97.289528, 32.920333 ], [ -97.289552, 32.920259 ], [ -97.289552, 32.920188 ], [ -97.289558, 32.919942 ], [ -97.289552, 32.919877 ], [ -97.289526, 32.919697 ], [ -97.28951, 32.919595 ], [ -97.289483, 32.919556 ], [ -97.289455, 32.91955 ], [ -97.289413, 32.919564 ] ], [ [ -97.304423, 32.920726 ], [ -97.304579, 32.920814 ], [ -97.304704, 32.920875 ], [ -97.304828, 32.920924 ], [ -97.304912, 32.920961 ], [ -97.304935, 32.920989 ], [ -97.304994, 32.921013 ], [ -97.305066, 32.921077 ], [ -97.305153, 32.921137 ], [ -97.305295, 32.921226 ], [ -97.305372, 32.921276 ], [ -97.305418, 32.921309 ], [ -97.305479, 32.921361 ], [ -97.305513, 32.92148 ], [ -97.305668, 32.921473 ], [ -97.305559, 32.921305 ], [ -97.305409, 32.921159 ], [ -97.305287, 32.921065 ], [ -97.305176, 32.920968 ], [ -97.305106, 32.920851 ], [ -97.305094, 32.92073 ], [ -97.305028, 32.920545 ], [ -97.304985, 32.92046 ], [ -97.304921, 32.920402 ], [ -97.30481, 32.920353 ], [ -97.304567, 32.920292 ], [ -97.304401, 32.920314 ], [ -97.304334, 32.920381 ], [ -97.304244, 32.920491 ], [ -97.304234, 32.92055 ], [ -97.304264, 32.920598 ], [ -97.30431, 32.920643 ], [ -97.304423, 32.920726 ] ], [ [ -97.295754, 32.921914 ], [ -97.295813, 32.921914 ], [ -97.295842, 32.921908 ], [ -97.295864, 32.921883 ], [ -97.295864, 32.921833 ], [ -97.295901, 32.92179 ], [ -97.295953, 32.921747 ], [ -97.296033, 32.921717 ], [ -97.29607, 32.921717 ], [ -97.296107, 32.921778 ], [ -97.296165, 32.921858 ], [ -97.296246, 32.921858 ], [ -97.296283, 32.92184 ], [ -97.296312, 32.921821 ], [ -97.296334, 32.921784 ], [ -97.296312, 32.92176 ], [ -97.29632, 32.921704 ], [ -97.296312, 32.921624 ], [ -97.29629, 32.921543 ], [ -97.296168, 32.92152 ], [ -97.296105, 32.921487 ], [ -97.296006, 32.921456 ], [ -97.295907, 32.921421 ], [ -97.295836, 32.921365 ], [ -97.295785, 32.921365 ], [ -97.295671, 32.921391 ], [ -97.295578, 32.921421 ], [ -97.295488, 32.921436 ], [ -97.295349, 32.92149 ], [ -97.295299, 32.921526 ], [ -97.295255, 32.921591 ], [ -97.295224, 32.921675 ], [ -97.295217, 32.921754 ], [ -97.295173, 32.921816 ], [ -97.295167, 32.921871 ], [ -97.295152, 32.921895 ], [ -97.295189, 32.921937 ], [ -97.295211, 32.921951 ], [ -97.295248, 32.921962 ], [ -97.295328, 32.921951 ], [ -97.295394, 32.921926 ], [ -97.29549, 32.92192 ], [ -97.295519, 32.921908 ], [ -97.295556, 32.921901 ], [ -97.295644, 32.921914 ], [ -97.295703, 32.921908 ], [ -97.295754, 32.921914 ] ], [ [ -97.297328, 32.922576 ], [ -97.297293, 32.922626 ], [ -97.297273, 32.922682 ], [ -97.297285, 32.922732 ], [ -97.297403, 32.922801 ], [ -97.29747, 32.922775 ], [ -97.297541, 32.922758 ], [ -97.297624, 32.922749 ], [ -97.297695, 32.922755 ], [ -97.297746, 32.922767 ], [ -97.29777, 32.922821 ], [ -97.297813, 32.922851 ], [ -97.297833, 32.922828 ], [ -97.297845, 32.922778 ], [ -97.297887, 32.922745 ], [ -97.297892, 32.922682 ], [ -97.297841, 32.922649 ], [ -97.297794, 32.922626 ], [ -97.297746, 32.922613 ], [ -97.297699, 32.922606 ], [ -97.297707, 32.922576 ], [ -97.297738, 32.92255 ], [ -97.297719, 32.922507 ], [ -97.297656, 32.922527 ], [ -97.297604, 32.922533 ], [ -97.297525, 32.922457 ], [ -97.297328, 32.922576 ] ], [ [ -97.309097, 32.923809 ], [ -97.309053, 32.92384 ], [ -97.309028, 32.923879 ], [ -97.30902, 32.923989 ], [ -97.309028, 32.924099 ], [ -97.30907, 32.924258 ], [ -97.309205, 32.924653 ], [ -97.309254, 32.924743 ], [ -97.309273, 32.924826 ], [ -97.309354, 32.92485 ], [ -97.310132, 32.924709 ], [ -97.310286, 32.924641 ], [ -97.310404, 32.924579 ], [ -97.310507, 32.924529 ], [ -97.31068, 32.924234 ], [ -97.310693, 32.924174 ], [ -97.310668, 32.924154 ], [ -97.310587, 32.924135 ], [ -97.310466, 32.924124 ], [ -97.31036, 32.924179 ], [ -97.310286, 32.924239 ], [ -97.31025, 32.924283 ], [ -97.31022, 32.924296 ], [ -97.310095, 32.92429 ], [ -97.309552, 32.923963 ], [ -97.309339, 32.923803 ], [ -97.30923, 32.923746 ], [ -97.309148, 32.923789 ], [ -97.309097, 32.923809 ] ], [ [ -97.304675, 32.933326 ], [ -97.304684, 32.933343 ], [ -97.30473, 32.93338 ], [ -97.304794, 32.933393 ], [ -97.304827, 32.933396 ], [ -97.304873, 32.933388 ], [ -97.304908, 32.933372 ], [ -97.304924, 32.933358 ], [ -97.304931, 32.93334 ], [ -97.304913, 32.933306 ], [ -97.304917, 32.933286 ], [ -97.304943, 32.933259 ], [ -97.304969, 32.933249 ], [ -97.304989, 32.933243 ], [ -97.305035, 32.93323 ], [ -97.305054, 32.933213 ], [ -97.305033, 32.933207 ], [ -97.304974, 32.933208 ], [ -97.304953, 32.933196 ], [ -97.30495, 32.933174 ], [ -97.304957, 32.933155 ], [ -97.304981, 32.933116 ], [ -97.305, 32.933073 ], [ -97.305002, 32.933052 ], [ -97.304998, 32.93303 ], [ -97.304937, 32.933 ], [ -97.304898, 32.932992 ], [ -97.304874, 32.932992 ], [ -97.30483, 32.933005 ], [ -97.304781, 32.933051 ], [ -97.304742, 32.933113 ], [ -97.304704, 32.93318 ], [ -97.30468, 32.933235 ], [ -97.304673, 32.93329 ], [ -97.304675, 32.933326 ] ], [ [ -97.306372, 32.936863 ], [ -97.306341, 32.936858 ], [ -97.306305, 32.936864 ], [ -97.306272, 32.936884 ], [ -97.306246, 32.936915 ], [ -97.306211, 32.936942 ], [ -97.306199, 32.936963 ], [ -97.306197, 32.937013 ], [ -97.306219, 32.937056 ], [ -97.306249, 32.937085 ], [ -97.306276, 32.9371 ], [ -97.306313, 32.937114 ], [ -97.306346, 32.937117 ], [ -97.306462, 32.937092 ], [ -97.306484, 32.937075 ], [ -97.306493, 32.937033 ], [ -97.30649, 32.936954 ], [ -97.306484, 32.936937 ], [ -97.306464, 32.936911 ], [ -97.306447, 32.936902 ], [ -97.306372, 32.936863 ] ], [ [ -97.292707, 32.937826 ], [ -97.292689, 32.937848 ], [ -97.292677, 32.937902 ], [ -97.292689, 32.937998 ], [ -97.292722, 32.938051 ], [ -97.292808, 32.938136 ], [ -97.292917, 32.938239 ], [ -97.293009, 32.938288 ], [ -97.293042, 32.938291 ], [ -97.293069, 32.938287 ], [ -97.293102, 32.938253 ], [ -97.293097, 32.938195 ], [ -97.293115, 32.938169 ], [ -97.293155, 32.938139 ], [ -97.293166, 32.938119 ], [ -97.293168, 32.938101 ], [ -97.293162, 32.938059 ], [ -97.293138, 32.938032 ], [ -97.293101, 32.93802 ], [ -97.293052, 32.938012 ], [ -97.293033, 32.937998 ], [ -97.293023, 32.937982 ], [ -97.292983, 32.937917 ], [ -97.292927, 32.937859 ], [ -97.292854, 32.937823 ], [ -97.292812, 32.93781 ], [ -97.29278, 32.93781 ], [ -97.292707, 32.937826 ] ], [ [ -97.28895, 32.943944 ], [ -97.288959, 32.94397 ], [ -97.289006, 32.944054 ], [ -97.289009, 32.944111 ], [ -97.28903, 32.944139 ], [ -97.289046, 32.944152 ], [ -97.289066, 32.944159 ], [ -97.289088, 32.944162 ], [ -97.289146, 32.944142 ], [ -97.289221, 32.944128 ], [ -97.289301, 32.944139 ], [ -97.289365, 32.944156 ], [ -97.289377, 32.944159 ], [ -97.289516, 32.944266 ], [ -97.289538, 32.944269 ], [ -97.289529, 32.944235 ], [ -97.289392, 32.944108 ], [ -97.289378, 32.944085 ], [ -97.289382, 32.944049 ], [ -97.289395, 32.944009 ], [ -97.289384, 32.943875 ], [ -97.289365, 32.943838 ], [ -97.289341, 32.943812 ], [ -97.289317, 32.9438 ], [ -97.289256, 32.943793 ], [ -97.289191, 32.943795 ], [ -97.289081, 32.943806 ], [ -97.28905, 32.943813 ], [ -97.289034, 32.943817 ], [ -97.289022, 32.943832 ], [ -97.289022, 32.943892 ], [ -97.28901, 32.943907 ], [ -97.288962, 32.943914 ], [ -97.28895, 32.943944 ] ], [ [ -97.286551, 32.952267 ], [ -97.286554, 32.952318 ], [ -97.286601, 32.95243 ], [ -97.286815, 32.952691 ], [ -97.286993, 32.952759 ], [ -97.287145, 32.952847 ], [ -97.287203, 32.952911 ], [ -97.287272, 32.953032 ], [ -97.287294, 32.953054 ], [ -97.287352, 32.953075 ], [ -97.287675, 32.953054 ], [ -97.288074, 32.953003 ], [ -97.288226, 32.952973 ], [ -97.288277, 32.952952 ], [ -97.288295, 32.95293 ], [ -97.288297, 32.952909 ], [ -97.288302, 32.952872 ], [ -97.288269, 32.952824 ], [ -97.288124, 32.952481 ], [ -97.288081, 32.952419 ], [ -97.287892, 32.952325 ], [ -97.287725, 32.952267 ], [ -97.287406, 32.952235 ], [ -97.287207, 32.952202 ], [ -97.287153, 32.952168 ], [ -97.28704, 32.952122 ], [ -97.286975, 32.952064 ], [ -97.286888, 32.95201 ], [ -97.286819, 32.952005 ], [ -97.286736, 32.952021 ], [ -97.28667, 32.952078 ], [ -97.286572, 32.952195 ], [ -97.286551, 32.952267 ] ], [ [ -97.295476, 32.952835 ], [ -97.295484, 32.952869 ], [ -97.295501, 32.9529 ], [ -97.295537, 32.952917 ], [ -97.295574, 32.952925 ], [ -97.2956, 32.952923 ], [ -97.295642, 32.952925 ], [ -97.29567, 32.95292 ], [ -97.29569, 32.952899 ], [ -97.295719, 32.952852 ], [ -97.295739, 32.952835 ], [ -97.295745, 32.952818 ], [ -97.295742, 32.952795 ], [ -97.295756, 32.952756 ], [ -97.295835, 32.952728 ], [ -97.295838, 32.952703 ], [ -97.295809, 32.952661 ], [ -97.295775, 32.952638 ], [ -97.295743, 32.95263 ], [ -97.295703, 32.952637 ], [ -97.295646, 32.952683 ], [ -97.295574, 32.952703 ], [ -97.295532, 32.952725 ], [ -97.2955, 32.952757 ], [ -97.295479, 32.952804 ], [ -97.295476, 32.952835 ] ], [ [ -97.29608, 32.952737 ], [ -97.296047, 32.952717 ], [ -97.296023, 32.952713 ], [ -97.296001, 32.952716 ], [ -97.29598, 32.95274 ], [ -97.295969, 32.952848 ], [ -97.295967, 32.952872 ], [ -97.295947, 32.952917 ], [ -97.295944, 32.952948 ], [ -97.295954, 32.952964 ], [ -97.295979, 32.952973 ], [ -97.296032, 32.952967 ], [ -97.296086, 32.952937 ], [ -97.296116, 32.952911 ], [ -97.296133, 32.952858 ], [ -97.296123, 32.95281 ], [ -97.2961, 32.952759 ], [ -97.29608, 32.952737 ] ], [ [ -97.302702, 32.954372 ], [ -97.302679, 32.954366 ], [ -97.302652, 32.954366 ], [ -97.302614, 32.954376 ], [ -97.302575, 32.954405 ], [ -97.30255, 32.95443 ], [ -97.302515, 32.954448 ], [ -97.302501, 32.954465 ], [ -97.302499, 32.954484 ], [ -97.302511, 32.954517 ], [ -97.30253, 32.954529 ], [ -97.302688, 32.954558 ], [ -97.302831, 32.954549 ], [ -97.302915, 32.954537 ], [ -97.302933, 32.954527 ], [ -97.30293, 32.954493 ], [ -97.302895, 32.95447 ], [ -97.302826, 32.954442 ], [ -97.302732, 32.954389 ], [ -97.302702, 32.954372 ] ], [ [ -97.302125, 32.955122 ], [ -97.302103, 32.955154 ], [ -97.302096, 32.955185 ], [ -97.302177, 32.955396 ], [ -97.302197, 32.955436 ], [ -97.302239, 32.955475 ], [ -97.302285, 32.9555 ], [ -97.302406, 32.955522 ], [ -97.3026, 32.955517 ], [ -97.302733, 32.955494 ], [ -97.302832, 32.955436 ], [ -97.302881, 32.955382 ], [ -97.302928, 32.955345 ], [ -97.303004, 32.955292 ], [ -97.303005, 32.955275 ], [ -97.302994, 32.955229 ], [ -97.302962, 32.955179 ], [ -97.302928, 32.955165 ], [ -97.302866, 32.955167 ], [ -97.302809, 32.955179 ], [ -97.302714, 32.955198 ], [ -97.302679, 32.955199 ], [ -97.302632, 32.955182 ], [ -97.302564, 32.955184 ], [ -97.302514, 32.955171 ], [ -97.302416, 32.955091 ], [ -97.302376, 32.955081 ], [ -97.302303, 32.955084 ], [ -97.302221, 32.955092 ], [ -97.302165, 32.955103 ], [ -97.302125, 32.955122 ] ], [ [ -97.297838, 32.955726 ], [ -97.297757, 32.955761 ], [ -97.297715, 32.955785 ], [ -97.297704, 32.955804 ], [ -97.297706, 32.955869 ], [ -97.297777, 32.955999 ], [ -97.297848, 32.956055 ], [ -97.297886, 32.956073 ], [ -97.297931, 32.956086 ], [ -97.297957, 32.956088 ], [ -97.297982, 32.956083 ], [ -97.298008, 32.956068 ], [ -97.298026, 32.956038 ], [ -97.298049, 32.955958 ], [ -97.298083, 32.955909 ], [ -97.298088, 32.95588 ], [ -97.298079, 32.955787 ], [ -97.298058, 32.955734 ], [ -97.298039, 32.955699 ], [ -97.29802, 32.955678 ], [ -97.298, 32.955671 ], [ -97.297966, 32.955672 ], [ -97.297882, 32.955698 ], [ -97.297838, 32.955726 ] ], [ [ -97.306564, 32.962701 ], [ -97.306586, 32.962821 ], [ -97.306664, 32.962911 ], [ -97.306686, 32.963037 ], [ -97.306621, 32.963276 ], [ -97.306621, 32.963403 ], [ -97.306657, 32.963517 ], [ -97.306736, 32.963571 ], [ -97.306843, 32.963589 ], [ -97.307022, 32.963607 ], [ -97.307143, 32.963655 ], [ -97.307258, 32.963655 ], [ -97.307343, 32.963613 ], [ -97.307429, 32.963529 ], [ -97.307443, 32.96342 ], [ -97.307493, 32.963192 ], [ -97.307429, 32.963019 ], [ -97.307343, 32.962899 ], [ -97.30725, 32.962725 ], [ -97.307229, 32.962677 ], [ -97.307122, 32.962629 ], [ -97.307079, 32.962556 ], [ -97.306986, 32.962431 ], [ -97.306914, 32.962232 ], [ -97.306907, 32.962094 ], [ -97.306936, 32.962004 ], [ -97.307015, 32.961956 ], [ -97.307043, 32.961939 ], [ -97.307158, 32.961914 ], [ -97.307258, 32.961874 ], [ -97.307315, 32.961796 ], [ -97.307336, 32.961694 ], [ -97.307315, 32.961641 ], [ -97.307265, 32.961627 ], [ -97.307222, 32.961675 ], [ -97.307143, 32.961778 ], [ -97.307022, 32.96182 ], [ -97.306814, 32.961838 ], [ -97.306729, 32.961914 ], [ -97.306671, 32.961999 ], [ -97.306679, 32.962089 ], [ -97.306679, 32.962353 ], [ -97.30665, 32.962466 ], [ -97.306593, 32.962605 ], [ -97.306564, 32.962701 ] ], [ [ -97.298908, 32.971026 ], [ -97.298965, 32.971074 ], [ -97.298993, 32.971164 ], [ -97.299072, 32.971218 ], [ -97.299093, 32.971302 ], [ -97.299115, 32.971428 ], [ -97.299172, 32.971434 ], [ -97.299279, 32.971398 ], [ -97.299408, 32.971344 ], [ -97.299515, 32.97132 ], [ -97.29963, 32.971331 ], [ -97.299723, 32.971314 ], [ -97.299851, 32.971325 ], [ -97.29998, 32.971356 ], [ -97.300041, 32.971306 ], [ -97.300025, 32.971195 ], [ -97.29993, 32.971086 ], [ -97.299873, 32.970954 ], [ -97.299744, 32.970869 ], [ -97.299701, 32.970804 ], [ -97.299637, 32.970798 ], [ -97.299537, 32.970816 ], [ -97.299472, 32.970875 ], [ -97.299308, 32.970888 ], [ -97.299022, 32.9709 ], [ -97.298936, 32.970917 ], [ -97.2989, 32.970948 ], [ -97.298908, 32.971026 ] ], [ [ -97.310548, 32.974212 ], [ -97.310597, 32.974201 ], [ -97.310659, 32.974204 ], [ -97.310788, 32.97423 ], [ -97.31093, 32.974286 ], [ -97.311023, 32.974311 ], [ -97.311116, 32.974327 ], [ -97.311213, 32.974323 ], [ -97.311306, 32.974308 ], [ -97.311382, 32.974286 ], [ -97.311495, 32.974224 ], [ -97.311576, 32.974165 ], [ -97.311837, 32.973934 ], [ -97.31191, 32.97385 ], [ -97.312042, 32.973723 ], [ -97.312011, 32.973684 ], [ -97.311976, 32.973658 ], [ -97.311945, 32.973595 ], [ -97.311918, 32.973568 ], [ -97.311883, 32.973557 ], [ -97.311577, 32.973568 ], [ -97.311528, 32.97358 ], [ -97.311471, 32.973609 ], [ -97.311293, 32.973751 ], [ -97.311213, 32.973855 ], [ -97.311125, 32.973948 ], [ -97.311072, 32.973992 ], [ -97.311023, 32.974015 ], [ -97.310956, 32.974026 ], [ -97.310872, 32.97403 ], [ -97.310746, 32.974019 ], [ -97.310318, 32.973965 ], [ -97.310247, 32.973962 ], [ -97.310185, 32.973974 ], [ -97.309832, 32.974063 ], [ -97.309582, 32.974158 ], [ -97.309475, 32.974215 ], [ -97.309369, 32.97429 ], [ -97.309285, 32.974359 ], [ -97.309178, 32.974487 ], [ -97.309112, 32.974539 ], [ -97.309084, 32.974576 ], [ -97.30907, 32.974618 ], [ -97.30907, 32.974663 ], [ -97.309088, 32.97477 ], [ -97.309125, 32.974822 ], [ -97.309178, 32.974877 ], [ -97.309214, 32.974896 ], [ -97.309325, 32.974907 ], [ -97.309436, 32.974902 ], [ -97.30952, 32.974891 ], [ -97.309608, 32.97487 ], [ -97.309706, 32.974825 ], [ -97.309817, 32.974762 ], [ -97.310043, 32.97459 ], [ -97.3105, 32.974234 ], [ -97.310548, 32.974212 ] ], [ [ -97.304757, 32.975144 ], [ -97.304829, 32.975288 ], [ -97.305029, 32.975439 ], [ -97.305351, 32.975625 ], [ -97.30578, 32.975685 ], [ -97.305881, 32.975678 ], [ -97.306144, 32.975661 ], [ -97.30648, 32.975619 ], [ -97.306602, 32.975667 ], [ -97.306738, 32.975799 ], [ -97.307052, 32.975775 ], [ -97.307324, 32.975727 ], [ -97.307408, 32.975611 ], [ -97.307459, 32.975532 ], [ -97.307468, 32.975472 ], [ -97.307459, 32.975419 ], [ -97.307417, 32.975324 ], [ -97.307339, 32.975265 ], [ -97.30721, 32.97524 ], [ -97.307038, 32.975277 ], [ -97.306895, 32.975385 ], [ -97.306788, 32.975451 ], [ -97.306731, 32.975439 ], [ -97.306616, 32.975372 ], [ -97.306488, 32.975229 ], [ -97.306488, 32.975181 ], [ -97.306452, 32.975139 ], [ -97.306373, 32.975133 ], [ -97.306277, 32.975102 ], [ -97.306209, 32.975079 ], [ -97.306023, 32.975109 ], [ -97.305815, 32.975091 ], [ -97.305715, 32.975109 ], [ -97.305651, 32.975054 ], [ -97.305572, 32.975012 ], [ -97.305236, 32.974922 ], [ -97.305079, 32.974941 ], [ -97.304865, 32.975029 ], [ -97.304757, 32.975144 ] ], [ [ -97.303673, 32.989579 ], [ -97.303797, 32.989592 ], [ -97.303891, 32.989631 ], [ -97.303968, 32.989691 ], [ -97.304057, 32.989779 ], [ -97.304249, 32.989945 ], [ -97.304352, 32.989997 ], [ -97.304441, 32.990023 ], [ -97.304518, 32.990028 ], [ -97.304607, 32.990023 ], [ -97.304747, 32.989975 ], [ -97.304845, 32.98991 ], [ -97.304897, 32.989832 ], [ -97.304954, 32.989705 ], [ -97.304991, 32.98951 ], [ -97.304986, 32.989413 ], [ -97.304944, 32.989314 ], [ -97.304882, 32.98924 ], [ -97.304788, 32.989192 ], [ -97.304664, 32.989144 ], [ -97.304472, 32.989148 ], [ -97.304223, 32.98924 ], [ -97.304119, 32.989261 ], [ -97.304085, 32.989274 ], [ -97.304045, 32.989258 ], [ -97.304026, 32.989224 ], [ -97.304026, 32.989157 ], [ -97.304067, 32.989148 ], [ -97.304238, 32.989057 ], [ -97.304301, 32.989042 ], [ -97.304346, 32.989006 ], [ -97.304351, 32.988988 ], [ -97.303043, 32.989001 ], [ -97.301991, 32.989044 ], [ -97.301799, 32.98944 ], [ -97.301753, 32.98957 ], [ -97.301758, 32.989645 ], [ -97.301789, 32.989727 ], [ -97.301831, 32.989784 ], [ -97.301908, 32.989832 ], [ -97.302012, 32.989857 ], [ -97.302121, 32.989857 ], [ -97.302204, 32.98984 ], [ -97.302464, 32.9897 ], [ -97.302536, 32.989691 ], [ -97.302599, 32.989697 ], [ -97.302806, 32.989823 ], [ -97.302884, 32.989849 ], [ -97.302972, 32.989866 ], [ -97.303045, 32.989866 ], [ -97.303133, 32.989852 ], [ -97.303221, 32.98981 ], [ -97.303361, 32.989697 ], [ -97.303475, 32.989623 ], [ -97.303569, 32.989592 ], [ -97.303673, 32.989579 ] ], [ [ -97.30436, 32.996004 ], [ -97.304345, 32.996043 ], [ -97.30436, 32.996074 ], [ -97.30436, 32.996119 ], [ -97.304414, 32.996152 ], [ -97.304525, 32.996183 ], [ -97.30469, 32.996294 ], [ -97.304797, 32.996352 ], [ -97.304912, 32.996389 ], [ -97.30505, 32.996422 ], [ -97.305173, 32.996454 ], [ -97.305204, 32.996474 ], [ -97.305273, 32.996474 ], [ -97.305311, 32.996448 ], [ -97.305327, 32.996416 ], [ -97.305327, 32.996384 ], [ -97.305273, 32.996352 ], [ -97.305217, 32.996279 ], [ -97.305089, 32.996249 ], [ -97.304728, 32.9961 ], [ -97.304613, 32.996055 ], [ -97.304475, 32.996001 ], [ -97.304406, 32.995998 ], [ -97.30436, 32.996004 ] ], [ [ -97.300231, 33.000977 ], [ -97.300264, 33.001023 ], [ -97.300301, 33.001064 ], [ -97.300436, 33.001136 ], [ -97.300582, 33.001136 ], [ -97.300631, 33.001126 ], [ -97.300729, 33.001116 ], [ -97.300766, 33.001136 ], [ -97.300766, 33.001157 ], [ -97.300778, 33.001208 ], [ -97.300827, 33.001198 ], [ -97.300912, 33.001198 ], [ -97.301022, 33.001187 ], [ -97.301034, 33.001126 ], [ -97.301043, 33.001058 ], [ -97.301047, 33.001023 ], [ -97.300802, 33.000982 ], [ -97.300802, 33.00089 ], [ -97.300778, 33.000829 ], [ -97.300726, 33.000785 ], [ -97.30068, 33.000706 ], [ -97.300631, 33.000653 ], [ -97.300497, 33.000675 ], [ -97.300264, 33.000788 ], [ -97.300228, 33.00087 ], [ -97.300231, 33.000977 ] ], [ [ -97.301084, 33.004492 ], [ -97.301139, 33.004519 ], [ -97.30139, 33.004524 ], [ -97.301463, 33.004488 ], [ -97.301482, 33.004441 ], [ -97.301445, 33.004416 ], [ -97.301323, 33.004385 ], [ -97.301151, 33.004389 ], [ -97.301078, 33.004427 ], [ -97.30106, 33.004457 ], [ -97.301066, 33.004478 ], [ -97.301084, 33.004492 ] ], [ [ -97.291635, 33.022644 ], [ -97.291661, 33.022686 ], [ -97.291766, 33.022787 ], [ -97.291802, 33.022835 ], [ -97.291846, 33.023007 ], [ -97.291893, 33.023086 ], [ -97.291951, 33.023159 ], [ -97.292017, 33.023192 ], [ -97.292093, 33.023217 ], [ -97.292162, 33.023246 ], [ -97.292216, 33.02329 ], [ -97.292249, 33.023308 ], [ -97.292282, 33.023311 ], [ -97.292307, 33.023302 ], [ -97.292318, 33.023277 ], [ -97.292296, 33.023007 ], [ -97.292278, 33.02292 ], [ -97.292256, 33.022742 ], [ -97.292264, 33.022595 ], [ -97.29226, 33.022503 ], [ -97.292238, 33.022452 ], [ -97.292202, 33.022422 ], [ -97.292115, 33.022379 ], [ -97.292049, 33.022373 ], [ -97.291959, 33.022379 ], [ -97.291879, 33.022391 ], [ -97.291762, 33.022427 ], [ -97.291708, 33.022461 ], [ -97.291679, 33.022498 ], [ -97.291657, 33.02255 ], [ -97.291635, 33.022589 ], [ -97.291635, 33.022644 ] ], [ [ -97.297628, 33.025823 ], [ -97.297707, 33.025871 ], [ -97.297737, 33.025901 ], [ -97.297769, 33.025922 ], [ -97.297791, 33.025935 ], [ -97.297812, 33.025938 ], [ -97.297861, 33.02594 ], [ -97.297915, 33.025949 ], [ -97.298027, 33.026012 ], [ -97.298095, 33.026045 ], [ -97.298135, 33.026055 ], [ -97.298172, 33.026061 ], [ -97.298231, 33.026061 ], [ -97.298261, 33.026024 ], [ -97.298273, 33.025991 ], [ -97.29827, 33.025963 ], [ -97.298258, 33.025939 ], [ -97.298175, 33.025801 ], [ -97.29807, 33.025669 ], [ -97.298001, 33.025599 ], [ -97.29791, 33.025512 ], [ -97.297869, 33.025487 ], [ -97.29776, 33.025441 ], [ -97.297723, 33.025438 ], [ -97.297684, 33.02544 ], [ -97.297645, 33.025449 ], [ -97.297612, 33.025466 ], [ -97.297584, 33.025486 ], [ -97.297563, 33.025511 ], [ -97.297545, 33.025538 ], [ -97.297534, 33.025567 ], [ -97.297525, 33.025604 ], [ -97.297528, 33.025657 ], [ -97.29754, 33.025696 ], [ -97.297561, 33.025742 ], [ -97.297585, 33.02578 ], [ -97.297628, 33.025823 ] ], [ [ -97.299592, 33.030112 ], [ -97.29957, 33.030212 ], [ -97.29957, 33.030535 ], [ -97.299637, 33.030678 ], [ -97.299653, 33.030701 ], [ -97.299674, 33.030729 ], [ -97.299704, 33.030755 ], [ -97.299758, 33.030779 ], [ -97.300347, 33.030957 ], [ -97.300381, 33.030959 ], [ -97.300418, 33.030955 ], [ -97.300446, 33.030943 ], [ -97.300466, 33.030929 ], [ -97.300482, 33.030904 ], [ -97.300536, 33.030061 ], [ -97.30053, 33.029953 ], [ -97.300515, 33.029927 ], [ -97.300494, 33.029901 ], [ -97.300464, 33.029882 ], [ -97.300425, 33.029876 ], [ -97.300373, 33.02988 ], [ -97.299939, 33.029949 ], [ -97.299756, 33.029985 ], [ -97.299696, 33.030006 ], [ -97.299657, 33.030032 ], [ -97.299623, 33.030065 ], [ -97.299592, 33.030112 ] ], [ [ -97.300045, 33.031056 ], [ -97.30003, 33.031089 ], [ -97.30003, 33.031107 ], [ -97.30006, 33.031245 ], [ -97.300077, 33.03132 ], [ -97.30012, 33.031391 ], [ -97.300142, 33.031412 ], [ -97.30017, 33.031428 ], [ -97.300201, 33.031436 ], [ -97.30024, 33.031442 ], [ -97.300382, 33.031433 ], [ -97.300405, 33.031427 ], [ -97.300428, 33.031413 ], [ -97.30044, 33.031398 ], [ -97.300452, 33.031325 ], [ -97.300452, 33.031204 ], [ -97.300446, 33.031138 ], [ -97.300423, 33.031098 ], [ -97.300405, 33.03108 ], [ -97.300379, 33.031072 ], [ -97.30018, 33.031036 ], [ -97.300119, 33.031033 ], [ -97.300082, 33.031036 ], [ -97.300045, 33.031056 ] ], [ [ -97.288304, 32.555757 ], [ -97.288327, 32.555705 ], [ -97.288343, 32.555613 ], [ -97.288351, 32.555507 ], [ -97.288312, 32.555335 ], [ -97.288241, 32.555157 ], [ -97.288092, 32.554893 ], [ -97.288084, 32.554827 ], [ -97.288108, 32.554775 ], [ -97.288507, 32.554516 ], [ -97.288938, 32.554147 ], [ -97.289134, 32.55391 ], [ -97.289181, 32.553804 ], [ -97.289251, 32.553672 ], [ -97.28933, 32.553573 ], [ -97.289549, 32.553427 ], [ -97.289557, 32.553388 ], [ -97.289533, 32.553316 ], [ -97.289501, 32.553302 ], [ -97.289471, 32.553289 ], [ -97.289236, 32.553309 ], [ -97.289056, 32.553368 ], [ -97.288923, 32.553395 ], [ -97.28886, 32.55348 ], [ -97.288672, 32.55389 ], [ -97.28846, 32.554161 ], [ -97.288296, 32.55428 ], [ -97.288233, 32.554339 ], [ -97.287975, 32.554478 ], [ -97.287826, 32.554537 ], [ -97.287779, 32.554589 ], [ -97.287536, 32.554913 ], [ -97.287411, 32.555118 ], [ -97.287278, 32.55525 ], [ -97.287074, 32.555428 ], [ -97.286894, 32.555534 ], [ -97.286745, 32.555639 ], [ -97.286643, 32.555732 ], [ -97.286565, 32.555824 ], [ -97.286518, 32.555943 ], [ -97.286502, 32.556035 ], [ -97.286534, 32.556114 ], [ -97.286604, 32.556167 ], [ -97.286698, 32.556227 ], [ -97.286965, 32.556331 ], [ -97.287129, 32.556351 ], [ -97.287293, 32.556404 ], [ -97.287442, 32.556404 ], [ -97.287568, 32.556412 ], [ -97.287709, 32.556392 ], [ -97.287803, 32.556345 ], [ -97.287897, 32.556286 ], [ -97.288069, 32.556114 ], [ -97.288272, 32.55585 ], [ -97.288304, 32.555757 ] ], [ [ -97.2917, 32.576115 ], [ -97.291682, 32.576138 ], [ -97.291682, 32.576197 ], [ -97.291727, 32.576371 ], [ -97.291807, 32.576574 ], [ -97.291853, 32.576703 ], [ -97.291888, 32.576799 ], [ -97.291977, 32.576965 ], [ -97.292012, 32.576994 ], [ -97.292048, 32.577002 ], [ -97.292111, 32.577002 ], [ -97.292253, 32.576942 ], [ -97.292307, 32.576912 ], [ -97.29236, 32.576867 ], [ -97.29236, 32.576799 ], [ -97.292378, 32.576754 ], [ -97.292351, 32.576656 ], [ -97.292155, 32.576416 ], [ -97.292155, 32.576386 ], [ -97.292227, 32.576386 ], [ -97.292253, 32.576378 ], [ -97.29228, 32.576348 ], [ -97.292298, 32.576318 ], [ -97.292325, 32.57616 ], [ -97.292325, 32.576123 ], [ -97.292298, 32.576123 ], [ -97.292227, 32.576138 ], [ -97.291941, 32.576138 ], [ -97.29187, 32.57613 ], [ -97.291834, 32.576107 ], [ -97.2917, 32.576115 ] ], [ [ -97.289996, 32.608972 ], [ -97.290023, 32.609059 ], [ -97.290063, 32.609313 ], [ -97.29009, 32.609356 ], [ -97.290157, 32.609397 ], [ -97.290255, 32.609403 ], [ -97.290375, 32.609389 ], [ -97.29042, 32.609371 ], [ -97.290482, 32.60928 ], [ -97.290491, 32.609156 ], [ -97.290469, 32.609108 ], [ -97.290478, 32.609085 ], [ -97.290505, 32.609074 ], [ -97.290558, 32.609066 ], [ -97.290661, 32.608942 ], [ -97.290683, 32.608931 ], [ -97.290629, 32.608874 ], [ -97.290531, 32.60886 ], [ -97.290442, 32.608866 ], [ -97.290398, 32.608886 ], [ -97.290362, 32.608946 ], [ -97.290299, 32.609006 ], [ -97.290246, 32.609029 ], [ -97.290197, 32.609029 ], [ -97.29009, 32.608961 ], [ -97.290045, 32.608961 ], [ -97.289996, 32.608972 ] ], [ [ -97.258298, 32.643917 ], [ -97.258218, 32.643805 ], [ -97.258214, 32.643782 ], [ -97.258232, 32.643763 ], [ -97.25827, 32.64376 ], [ -97.258447, 32.643791 ], [ -97.258492, 32.643789 ], [ -97.258541, 32.643729 ], [ -97.258575, 32.643535 ], [ -97.258634, 32.643417 ], [ -97.258717, 32.643362 ], [ -97.258991, 32.643282 ], [ -97.259047, 32.643251 ], [ -97.259113, 32.643175 ], [ -97.259163, 32.64304 ], [ -97.259191, 32.642909 ], [ -97.259198, 32.64275 ], [ -97.259191, 32.642639 ], [ -97.259163, 32.642477 ], [ -97.259087, 32.642103 ], [ -97.259045, 32.642068 ], [ -97.258948, 32.642054 ], [ -97.258795, 32.641992 ], [ -97.258719, 32.641928 ], [ -97.258636, 32.64179 ], [ -97.258594, 32.641618 ], [ -97.258532, 32.641506 ], [ -97.25849, 32.641478 ], [ -97.258428, 32.641458 ], [ -97.258005, 32.641495 ], [ -97.257939, 32.64154 ], [ -97.257918, 32.641565 ], [ -97.257901, 32.641618 ], [ -97.257982, 32.642305 ], [ -97.257973, 32.642336 ], [ -97.257234, 32.642347 ], [ -97.257193, 32.642336 ], [ -97.257175, 32.642319 ], [ -97.257161, 32.641871 ], [ -97.25712, 32.640962 ], [ -97.257102, 32.640827 ], [ -97.257085, 32.640805 ], [ -97.257026, 32.640803 ], [ -97.257002, 32.640827 ], [ -97.256995, 32.640862 ], [ -97.256977, 32.642049 ], [ -97.257019, 32.642667 ], [ -97.256995, 32.642694 ], [ -97.256946, 32.642701 ], [ -97.256901, 32.642684 ], [ -97.256631, 32.642525 ], [ -97.25656, 32.642492 ], [ -97.256263, 32.642355 ], [ -97.256148, 32.642341 ], [ -97.256065, 32.64235 ], [ -97.255919, 32.642417 ], [ -97.255836, 32.642483 ], [ -97.255531, 32.642829 ], [ -97.255447, 32.642896 ], [ -97.255406, 32.642916 ], [ -97.255309, 32.642924 ], [ -97.255239, 32.642899 ], [ -97.255218, 32.642837 ], [ -97.255212, 32.642598 ], [ -97.255201, 32.642539 ], [ -97.25517, 32.642488 ], [ -97.255118, 32.642435 ], [ -97.255055, 32.642418 ], [ -97.254972, 32.642425 ], [ -97.254927, 32.642446 ], [ -97.254903, 32.642467 ], [ -97.254875, 32.642533 ], [ -97.25484, 32.642893 ], [ -97.254858, 32.642972 ], [ -97.254882, 32.643031 ], [ -97.254948, 32.643107 ], [ -97.255142, 32.643233 ], [ -97.255205, 32.64324 ], [ -97.25534, 32.643233 ], [ -97.255392, 32.643222 ], [ -97.255642, 32.643087 ], [ -97.255999, 32.642845 ], [ -97.256065, 32.642809 ], [ -97.256166, 32.642789 ], [ -97.256311, 32.642781 ], [ -97.256518, 32.642809 ], [ -97.256766, 32.642854 ], [ -97.256988, 32.64291 ], [ -97.257005, 32.642927 ], [ -97.257038, 32.643198 ], [ -97.256959, 32.644066 ], [ -97.256969, 32.64409 ], [ -97.25699, 32.644097 ], [ -97.257024, 32.644094 ], [ -97.257194, 32.644021 ], [ -97.25724, 32.64401 ], [ -97.257285, 32.64401 ], [ -97.257912, 32.644174 ], [ -97.257954, 32.644177 ], [ -97.258023, 32.644171 ], [ -97.258267, 32.644024 ], [ -97.258294, 32.643996 ], [ -97.258305, 32.643957 ], [ -97.258298, 32.643917 ] ], [ [ -97.241492, 32.644271 ], [ -97.241362, 32.644725 ], [ -97.241291, 32.645139 ], [ -97.241283, 32.645313 ], [ -97.241296, 32.645359 ], [ -97.241329, 32.645421 ], [ -97.241372, 32.645463 ], [ -97.241428, 32.645484 ], [ -97.241587, 32.645497 ], [ -97.243203, 32.645511 ], [ -97.243398, 32.645502 ], [ -97.243543, 32.645511 ], [ -97.243842, 32.645457 ], [ -97.243892, 32.645408 ], [ -97.243902, 32.645362 ], [ -97.243845, 32.644793 ], [ -97.243763, 32.644503 ], [ -97.243707, 32.64437 ], [ -97.243692, 32.644334 ], [ -97.243586, 32.644152 ], [ -97.243434, 32.643974 ], [ -97.24321, 32.643766 ], [ -97.242899, 32.643577 ], [ -97.242747, 32.643521 ], [ -97.242622, 32.643489 ], [ -97.242084, 32.643465 ], [ -97.241978, 32.643469 ], [ -97.241875, 32.643496 ], [ -97.24178, 32.643575 ], [ -97.241717, 32.643676 ], [ -97.241492, 32.644271 ] ], [ [ -97.285923, 32.653548 ], [ -97.286144, 32.653578 ], [ -97.286235, 32.653582 ], [ -97.28569, 32.653352 ], [ -97.2855, 32.653044 ], [ -97.285397, 32.652885 ], [ -97.285293, 32.652726 ], [ -97.284899, 32.652873 ], [ -97.284505, 32.653022 ], [ -97.284459, 32.653309 ], [ -97.284697, 32.653331 ], [ -97.285172, 32.653402 ], [ -97.285463, 32.653458 ], [ -97.285923, 32.653548 ] ], [ [ -97.283898, 32.654488 ], [ -97.283833, 32.654507 ], [ -97.283794, 32.654531 ], [ -97.28377, 32.654566 ], [ -97.283506, 32.655575 ], [ -97.283496, 32.655648 ], [ -97.283503, 32.655714 ], [ -97.283537, 32.655763 ], [ -97.283569, 32.655776 ], [ -97.284104, 32.655887 ], [ -97.285415, 32.656146 ], [ -97.285846, 32.656232 ], [ -97.285933, 32.656235 ], [ -97.285992, 32.656218 ], [ -97.286006, 32.6562 ], [ -97.286009, 32.656173 ], [ -97.285996, 32.656135 ], [ -97.285968, 32.656106 ], [ -97.285635, 32.655971 ], [ -97.285572, 32.655901 ], [ -97.285489, 32.655566 ], [ -97.28543, 32.65531 ], [ -97.285385, 32.655113 ], [ -97.285374, 32.654964 ], [ -97.285378, 32.654902 ], [ -97.285347, 32.654846 ], [ -97.285253, 32.654808 ], [ -97.28453, 32.654593 ], [ -97.284075, 32.654488 ], [ -97.283968, 32.654482 ], [ -97.283898, 32.654488 ] ], [ [ -97.28923, 32.700552 ], [ -97.288607, 32.700243 ], [ -97.288247, 32.700069 ], [ -97.287922, 32.700027 ], [ -97.287836, 32.700099 ], [ -97.287888, 32.700301 ], [ -97.28799, 32.70056 ], [ -97.288144, 32.70066 ], [ -97.288384, 32.700791 ], [ -97.28859, 32.700992 ], [ -97.288812, 32.701352 ], [ -97.288881, 32.701611 ], [ -97.288983, 32.701684 ], [ -97.289617, 32.701524 ], [ -97.289822, 32.70141 ], [ -97.289805, 32.701309 ], [ -97.289548, 32.70102 ], [ -97.28936, 32.700761 ], [ -97.289274, 32.700574 ], [ -97.28923, 32.700552 ] ], [ [ -97.239937, 32.7485 ], [ -97.239909, 32.748587 ], [ -97.239909, 32.748801 ], [ -97.239853, 32.748863 ], [ -97.239836, 32.748918 ], [ -97.239861, 32.748966 ], [ -97.239942, 32.749001 ], [ -97.240023, 32.749014 ], [ -97.240068, 32.749014 ], [ -97.240096, 32.749014 ], [ -97.240162, 32.748987 ], [ -97.24021, 32.748905 ], [ -97.240304, 32.748818 ], [ -97.240535, 32.748526 ], [ -97.240576, 32.748482 ], [ -97.240573, 32.748433 ], [ -97.240535, 32.748393 ], [ -97.240469, 32.748376 ], [ -97.2403, 32.748399 ], [ -97.240089, 32.748421 ], [ -97.239998, 32.748465 ], [ -97.239937, 32.7485 ] ], [ [ -97.237815, 32.75436 ], [ -97.237875, 32.754454 ], [ -97.237898, 32.754531 ], [ -97.237889, 32.754626 ], [ -97.237908, 32.754742 ], [ -97.237945, 32.754814 ], [ -97.237992, 32.754865 ], [ -97.237987, 32.754925 ], [ -97.238025, 32.754981 ], [ -97.238067, 32.755024 ], [ -97.238127, 32.755018 ], [ -97.238202, 32.755012 ], [ -97.238267, 32.754973 ], [ -97.238327, 32.754925 ], [ -97.238341, 32.754883 ], [ -97.238327, 32.754824 ], [ -97.238249, 32.754679 ], [ -97.238196, 32.754602 ], [ -97.23815, 32.754516 ], [ -97.238112, 32.754434 ], [ -97.237977, 32.754258 ], [ -97.237917, 32.754191 ], [ -97.237866, 32.754109 ], [ -97.237833, 32.754035 ], [ -97.237819, 32.75398 ], [ -97.237768, 32.753953 ], [ -97.237712, 32.753964 ], [ -97.237684, 32.753988 ], [ -97.237661, 32.754043 ], [ -97.237694, 32.75414 ], [ -97.237731, 32.754215 ], [ -97.237815, 32.75436 ] ], [ [ -97.257528, 32.755664 ], [ -97.257486, 32.755685 ], [ -97.257442, 32.75574 ], [ -97.257442, 32.755805 ], [ -97.257457, 32.755846 ], [ -97.257512, 32.755896 ], [ -97.257856, 32.756037 ], [ -97.257962, 32.756149 ], [ -97.258112, 32.756448 ], [ -97.258159, 32.756478 ], [ -97.258289, 32.756448 ], [ -97.258769, 32.756292 ], [ -97.259317, 32.756093 ], [ -97.259418, 32.756037 ], [ -97.259469, 32.755977 ], [ -97.259529, 32.755785 ], [ -97.259524, 32.755699 ], [ -97.259474, 32.755608 ], [ -97.259383, 32.755547 ], [ -97.259287, 32.755516 ], [ -97.259231, 32.755482 ], [ -97.259191, 32.755406 ], [ -97.259166, 32.755315 ], [ -97.259171, 32.755149 ], [ -97.259206, 32.754861 ], [ -97.259206, 32.754531 ], [ -97.259307, 32.754072 ], [ -97.259322, 32.753875 ], [ -97.259254, 32.753768 ], [ -97.25916, 32.753714 ], [ -97.258852, 32.753694 ], [ -97.25864, 32.753759 ], [ -97.258579, 32.75385 ], [ -97.258412, 32.754334 ], [ -97.258306, 32.754674 ], [ -97.258175, 32.755406 ], [ -97.2582, 32.755497 ], [ -97.25818, 32.755578 ], [ -97.258028, 32.755649 ], [ -97.257735, 32.755679 ], [ -97.257528, 32.755664 ] ], [ [ -97.238006, 32.756332 ], [ -97.237997, 32.756394 ], [ -97.237964, 32.756507 ], [ -97.237999, 32.756715 ], [ -97.238013, 32.756943 ], [ -97.238034, 32.757002 ], [ -97.238069, 32.757043 ], [ -97.238131, 32.757072 ], [ -97.238208, 32.757089 ], [ -97.238298, 32.757084 ], [ -97.238416, 32.757061 ], [ -97.2385, 32.757013 ], [ -97.238565, 32.757021 ], [ -97.238625, 32.757041 ], [ -97.238686, 32.757021 ], [ -97.238718, 32.756967 ], [ -97.238714, 32.756897 ], [ -97.238687, 32.756845 ], [ -97.238631, 32.756798 ], [ -97.238499, 32.756652 ], [ -97.238458, 32.756543 ], [ -97.23843, 32.756442 ], [ -97.238402, 32.756366 ], [ -97.238365, 32.756301 ], [ -97.238313, 32.756254 ], [ -97.238248, 32.756234 ], [ -97.23816, 32.756234 ], [ -97.238071, 32.756242 ], [ -97.238034, 32.756281 ], [ -97.238006, 32.756332 ] ], [ [ -97.288205, 32.757649 ], [ -97.288144, 32.757743 ], [ -97.288008, 32.757953 ], [ -97.288091, 32.758056 ], [ -97.288271, 32.758111 ], [ -97.28864, 32.758118 ], [ -97.288886, 32.758083 ], [ -97.289001, 32.758007 ], [ -97.289067, 32.757973 ], [ -97.289165, 32.757904 ], [ -97.289263, 32.757855 ], [ -97.289411, 32.757649 ], [ -97.28951, 32.757565 ], [ -97.289575, 32.757463 ], [ -97.289559, 32.757387 ], [ -97.289395, 32.757325 ], [ -97.288853, 32.757015 ], [ -97.288697, 32.756904 ], [ -97.288517, 32.756849 ], [ -97.288419, 32.756925 ], [ -97.288238, 32.757277 ], [ -97.288287, 32.757497 ], [ -97.288246, 32.757607 ], [ -97.288205, 32.757649 ] ], [ [ -97.283455, 32.760343 ], [ -97.283731, 32.761996 ], [ -97.283731, 32.762104 ], [ -97.283784, 32.762228 ], [ -97.283846, 32.762245 ], [ -97.283873, 32.762237 ], [ -97.28406, 32.762058 ], [ -97.284166, 32.761916 ], [ -97.284238, 32.7618 ], [ -97.284282, 32.761694 ], [ -97.284282, 32.76156 ], [ -97.284327, 32.761436 ], [ -97.28446, 32.761356 ], [ -97.284531, 32.761223 ], [ -97.2847, 32.760592 ], [ -97.284682, 32.760494 ], [ -97.284611, 32.760475 ], [ -97.284495, 32.76052 ], [ -97.284415, 32.760537 ], [ -97.284318, 32.760537 ], [ -97.284297, 32.760526 ], [ -97.284184, 32.760458 ], [ -97.284122, 32.760396 ], [ -97.284033, 32.760244 ], [ -97.283944, 32.760192 ], [ -97.28374, 32.760192 ], [ -97.283633, 32.760201 ], [ -97.283606, 32.760192 ], [ -97.283606, 32.760129 ], [ -97.28366, 32.760067 ], [ -97.283829, 32.759952 ], [ -97.283971, 32.75989 ], [ -97.284113, 32.759748 ], [ -97.284202, 32.758947 ], [ -97.284574, 32.758891 ], [ -97.284475, 32.75856 ], [ -97.28438, 32.758415 ], [ -97.284344, 32.758201 ], [ -97.284081, 32.757925 ], [ -97.284081, 32.757593 ], [ -97.283873, 32.756993 ], [ -97.283775, 32.75686 ], [ -97.283633, 32.756824 ], [ -97.283544, 32.756815 ], [ -97.283491, 32.756842 ], [ -97.283464, 32.756887 ], [ -97.283429, 32.757046 ], [ -97.283384, 32.75925 ], [ -97.283455, 32.760343 ] ], [ [ -97.258957, 32.763343 ], [ -97.259004, 32.763213 ], [ -97.259018, 32.762925 ], [ -97.258975, 32.762639 ], [ -97.258991, 32.762444 ], [ -97.258991, 32.76231 ], [ -97.259001, 32.762265 ], [ -97.259034, 32.762223 ], [ -97.259094, 32.762155 ], [ -97.259132, 32.762042 ], [ -97.259141, 32.761927 ], [ -97.259137, 32.761817 ], [ -97.259151, 32.761723 ], [ -97.259186, 32.761615 ], [ -97.259193, 32.761541 ], [ -97.259193, 32.76149 ], [ -97.25916, 32.761454 ], [ -97.25908, 32.761423 ], [ -97.258946, 32.761381 ], [ -97.258841, 32.761376 ], [ -97.258748, 32.76138 ], [ -97.258665, 32.761409 ], [ -97.258574, 32.761494 ], [ -97.258504, 32.761761 ], [ -97.258424, 32.76192 ], [ -97.257965, 32.762653 ], [ -97.257858, 32.762998 ], [ -97.257787, 32.763089 ], [ -97.257712, 32.763148 ], [ -97.257464, 32.763207 ], [ -97.25738, 32.763202 ], [ -97.257319, 32.76323 ], [ -97.257262, 32.763286 ], [ -97.257196, 32.763393 ], [ -97.257178, 32.763475 ], [ -97.25722, 32.763739 ], [ -97.257248, 32.763865 ], [ -97.257244, 32.763976 ], [ -97.257206, 32.764069 ], [ -97.257126, 32.7642 ], [ -97.257088, 32.764287 ], [ -97.257003, 32.764409 ], [ -97.256952, 32.764437 ], [ -97.256881, 32.76446 ], [ -97.256844, 32.764508 ], [ -97.256826, 32.764545 ], [ -97.256811, 32.764581 ], [ -97.256746, 32.764626 ], [ -97.256643, 32.76464 ], [ -97.256469, 32.764649 ], [ -97.256291, 32.764673 ], [ -97.256249, 32.764709 ], [ -97.256211, 32.76476 ], [ -97.256122, 32.764981 ], [ -97.256122, 32.765044 ], [ -97.256131, 32.765103 ], [ -97.256202, 32.765174 ], [ -97.256361, 32.765248 ], [ -97.256563, 32.765324 ], [ -97.257213, 32.765451 ], [ -97.258069, 32.765582 ], [ -97.258134, 32.765554 ], [ -97.258173, 32.765546 ], [ -97.258188, 32.76552 ], [ -97.258225, 32.765462 ], [ -97.258239, 32.765333 ], [ -97.258253, 32.765101 ], [ -97.258282, 32.765048 ], [ -97.25838, 32.764935 ], [ -97.258436, 32.76484 ], [ -97.258484, 32.764545 ], [ -97.25854, 32.764431 ], [ -97.258582, 32.764249 ], [ -97.258568, 32.763952 ], [ -97.258653, 32.763674 ], [ -97.258892, 32.763418 ], [ -97.258957, 32.763343 ] ], [ [ -97.245243, 32.765956 ], [ -97.245284, 32.76587 ], [ -97.245386, 32.765712 ], [ -97.245423, 32.765607 ], [ -97.24546, 32.765538 ], [ -97.245494, 32.765396 ], [ -97.245621, 32.765086 ], [ -97.245627, 32.765071 ], [ -97.245672, 32.765005 ], [ -97.24571, 32.764968 ], [ -97.245781, 32.764919 ], [ -97.245886, 32.764865 ], [ -97.246001, 32.764747 ], [ -97.246042, 32.764679 ], [ -97.246113, 32.764598 ], [ -97.24611, 32.764544 ], [ -97.246063, 32.764456 ], [ -97.245947, 32.76433 ], [ -97.245917, 32.764319 ], [ -97.245808, 32.764412 ], [ -97.245703, 32.764541 ], [ -97.245591, 32.764605 ], [ -97.245574, 32.764649 ], [ -97.245567, 32.764818 ], [ -97.245557, 32.764848 ], [ -97.24552, 32.764882 ], [ -97.245218, 32.765022 ], [ -97.245058, 32.765085 ], [ -97.244974, 32.765144 ], [ -97.244871, 32.765255 ], [ -97.244729, 32.765411 ], [ -97.244699, 32.765486 ], [ -97.244665, 32.765541 ], [ -97.244424, 32.76571 ], [ -97.2444, 32.765743 ], [ -97.244397, 32.765839 ], [ -97.244417, 32.76589 ], [ -97.244458, 32.765946 ], [ -97.244475, 32.765988 ], [ -97.244536, 32.766312 ], [ -97.244578, 32.766441 ], [ -97.244643, 32.766593 ], [ -97.244731, 32.766705 ], [ -97.244782, 32.766756 ], [ -97.244803, 32.766769 ], [ -97.244857, 32.766803 ], [ -97.244962, 32.766844 ], [ -97.245162, 32.766874 ], [ -97.245586, 32.766807 ], [ -97.245627, 32.766796 ], [ -97.245671, 32.766756 ], [ -97.245708, 32.766551 ], [ -97.245759, 32.766495 ], [ -97.245864, 32.766402 ], [ -97.245871, 32.766346 ], [ -97.24584, 32.766346 ], [ -97.245664, 32.766402 ], [ -97.245508, 32.766407 ], [ -97.245406, 32.766373 ], [ -97.245253, 32.766213 ], [ -97.245233, 32.766088 ], [ -97.245233, 32.766 ], [ -97.245243, 32.765956 ] ], [ [ -97.252746, 32.77876 ], [ -97.252819, 32.778719 ], [ -97.252926, 32.77865 ], [ -97.253082, 32.778581 ], [ -97.253238, 32.778533 ], [ -97.25364, 32.77852 ], [ -97.253724, 32.778549 ], [ -97.253845, 32.778602 ], [ -97.253892, 32.77876 ], [ -97.254047, 32.778788 ], [ -97.254117, 32.77876 ], [ -97.254131, 32.778717 ], [ -97.254117, 32.778044 ], [ -97.254117, 32.776528 ], [ -97.254159, 32.776345 ], [ -97.254173, 32.776192 ], [ -97.254159, 32.776065 ], [ -97.254117, 32.775981 ], [ -97.254061, 32.775953 ], [ -97.253836, 32.775883 ], [ -97.253755, 32.775905 ], [ -97.253673, 32.776002 ], [ -97.253714, 32.776043 ], [ -97.253738, 32.776125 ], [ -97.253714, 32.776283 ], [ -97.253681, 32.776367 ], [ -97.253591, 32.776463 ], [ -97.2535, 32.776505 ], [ -97.253336, 32.776615 ], [ -97.252639, 32.77694 ], [ -97.25245, 32.777036 ], [ -97.252352, 32.777071 ], [ -97.252122, 32.777167 ], [ -97.252048, 32.777209 ], [ -97.251851, 32.777222 ], [ -97.251786, 32.777346 ], [ -97.251777, 32.777471 ], [ -97.25195, 32.777622 ], [ -97.251901, 32.777698 ], [ -97.251827, 32.77774 ], [ -97.251745, 32.777766 ], [ -97.251736, 32.777828 ], [ -97.251753, 32.778215 ], [ -97.251786, 32.778367 ], [ -97.251843, 32.778491 ], [ -97.251901, 32.77856 ], [ -97.251991, 32.77856 ], [ -97.25213, 32.778622 ], [ -97.252262, 32.778802 ], [ -97.25236, 32.77885 ], [ -97.252573, 32.778829 ], [ -97.252705, 32.77876 ], [ -97.252746, 32.77876 ] ], [ [ -97.24531, 32.778646 ], [ -97.245316, 32.778607 ], [ -97.24532, 32.778581 ], [ -97.245455, 32.778419 ], [ -97.24564, 32.778139 ], [ -97.245698, 32.778087 ], [ -97.245834, 32.778003 ], [ -97.246071, 32.777892 ], [ -97.246152, 32.77787 ], [ -97.246224, 32.77787 ], [ -97.246285, 32.777898 ], [ -97.246312, 32.777892 ], [ -97.246339, 32.777861 ], [ -97.246356, 32.777786 ], [ -97.246353, 32.777749 ], [ -97.246315, 32.777698 ], [ -97.246264, 32.77767 ], [ -97.246091, 32.777668 ], [ -97.245823, 32.777763 ], [ -97.245522, 32.777887 ], [ -97.245128, 32.777993 ], [ -97.244188, 32.778153 ], [ -97.244026, 32.778187 ], [ -97.243959, 32.77818 ], [ -97.243909, 32.778188 ], [ -97.243895, 32.778239 ], [ -97.243905, 32.778377 ], [ -97.243929, 32.778425 ], [ -97.243926, 32.778509 ], [ -97.243885, 32.778717 ], [ -97.2439, 32.77939 ], [ -97.24391, 32.779542 ], [ -97.243934, 32.779583 ], [ -97.243975, 32.779617 ], [ -97.244029, 32.779643 ], [ -97.244205, 32.77968 ], [ -97.244222, 32.779715 ], [ -97.244222, 32.779749 ], [ -97.244199, 32.779776 ], [ -97.243971, 32.779881 ], [ -97.243873, 32.779939 ], [ -97.243795, 32.780071 ], [ -97.24378, 32.780188 ], [ -97.24379, 32.780215 ], [ -97.244153, 32.780253 ], [ -97.244631, 32.780236 ], [ -97.244719, 32.780246 ], [ -97.245103, 32.780259 ], [ -97.245379, 32.780264 ], [ -97.245627, 32.780305 ], [ -97.245698, 32.780295 ], [ -97.245779, 32.780268 ], [ -97.2458, 32.780217 ], [ -97.245766, 32.780122 ], [ -97.245776, 32.780034 ], [ -97.245796, 32.779973 ], [ -97.245796, 32.779929 ], [ -97.245783, 32.779912 ], [ -97.245545, 32.77986 ], [ -97.245481, 32.779823 ], [ -97.245366, 32.779729 ], [ -97.245342, 32.779688 ], [ -97.245325, 32.779539 ], [ -97.245325, 32.779383 ], [ -97.245311, 32.779325 ], [ -97.245333, 32.779083 ], [ -97.24533, 32.778906 ], [ -97.245306, 32.778781 ], [ -97.24531, 32.778646 ] ], [ [ -97.251021, 32.782503 ], [ -97.251604, 32.782503 ], [ -97.251948, 32.78249 ], [ -97.252096, 32.782448 ], [ -97.252268, 32.782428 ], [ -97.252481, 32.782469 ], [ -97.25267, 32.782345 ], [ -97.25276, 32.782324 ], [ -97.252982, 32.782372 ], [ -97.253162, 32.782352 ], [ -97.253154, 32.782414 ], [ -97.253228, 32.782476 ], [ -97.253244, 32.78249 ], [ -97.253327, 32.782517 ], [ -97.253491, 32.782496 ], [ -97.253605, 32.782386 ], [ -97.253458, 32.782034 ], [ -97.253433, 32.78191 ], [ -97.253302, 32.781621 ], [ -97.253187, 32.781455 ], [ -97.253113, 32.781295 ], [ -97.252867, 32.781352 ], [ -97.252736, 32.781331 ], [ -97.252678, 32.781165 ], [ -97.25258, 32.781069 ], [ -97.252564, 32.781007 ], [ -97.252646, 32.780979 ], [ -97.252564, 32.780876 ], [ -97.251997, 32.780552 ], [ -97.251694, 32.780531 ], [ -97.251038, 32.780538 ], [ -97.250709, 32.780572 ], [ -97.250619, 32.78129 ], [ -97.250619, 32.78231 ], [ -97.250693, 32.7824 ], [ -97.251021, 32.782503 ] ], [ [ -97.253759, 32.781719 ], [ -97.253857, 32.781871 ], [ -97.253909, 32.781933 ], [ -97.254018, 32.781953 ], [ -97.254168, 32.782015 ], [ -97.254268, 32.782125 ], [ -97.254399, 32.782185 ], [ -97.254393, 32.782266 ], [ -97.254454, 32.782321 ], [ -97.254542, 32.782328 ], [ -97.254653, 32.782319 ], [ -97.254793, 32.782271 ], [ -97.254858, 32.782209 ], [ -97.254916, 32.782147 ], [ -97.255014, 32.781995 ], [ -97.255055, 32.781905 ], [ -97.254988, 32.781692 ], [ -97.255022, 32.781616 ], [ -97.255022, 32.781512 ], [ -97.25499, 32.781408 ], [ -97.254981, 32.781346 ], [ -97.254907, 32.781216 ], [ -97.254891, 32.781112 ], [ -97.254793, 32.781016 ], [ -97.254637, 32.780898 ], [ -97.254522, 32.780856 ], [ -97.254382, 32.780837 ], [ -97.254227, 32.780822 ], [ -97.253939, 32.78083 ], [ -97.253784, 32.78085 ], [ -97.25366, 32.780878 ], [ -97.25348, 32.780878 ], [ -97.253455, 32.78085 ], [ -97.253357, 32.780904 ], [ -97.253258, 32.781016 ], [ -97.253209, 32.781098 ], [ -97.25325, 32.781146 ], [ -97.253291, 32.78123 ], [ -97.253309, 32.781248 ], [ -97.253406, 32.781346 ], [ -97.253455, 32.781416 ], [ -97.253474, 32.781474 ], [ -97.253521, 32.781471 ], [ -97.253619, 32.781568 ], [ -97.253759, 32.781719 ] ], [ [ -97.269997, 32.89696 ], [ -97.269968, 32.896946 ], [ -97.269939, 32.896954 ], [ -97.269913, 32.89699 ], [ -97.269881, 32.897106 ], [ -97.269815, 32.897261 ], [ -97.269786, 32.89737 ], [ -97.269794, 32.897418 ], [ -97.269823, 32.897468 ], [ -97.26991, 32.897577 ], [ -97.269979, 32.897613 ], [ -97.270044, 32.897627 ], [ -97.270127, 32.897624 ], [ -97.27023, 32.897565 ], [ -97.270244, 32.897548 ], [ -97.27026, 32.897455 ], [ -97.270254, 32.897399 ], [ -97.270214, 32.897349 ], [ -97.270163, 32.897298 ], [ -97.270076, 32.897142 ], [ -97.270058, 32.897077 ], [ -97.269997, 32.89696 ] ], [ [ -97.277325, 32.899993 ], [ -97.277211, 32.89998 ], [ -97.277044, 32.899984 ], [ -97.277026, 32.900061 ], [ -97.277031, 32.900354 ], [ -97.277053, 32.900486 ], [ -97.277085, 32.900553 ], [ -97.277424, 32.900784 ], [ -97.277474, 32.900833 ], [ -97.277541, 32.900838 ], [ -97.277618, 32.90082 ], [ -97.277665, 32.900765 ], [ -97.277695, 32.900689 ], [ -97.277686, 32.900571 ], [ -97.277718, 32.900454 ], [ -97.277688, 32.90021 ], [ -97.277668, 32.90012 ], [ -97.277641, 32.900078 ], [ -97.277573, 32.900038 ], [ -97.277325, 32.899993 ] ], [ [ -97.276964, 32.906244 ], [ -97.277106, 32.906362 ], [ -97.277172, 32.906383 ], [ -97.277255, 32.906379 ], [ -97.277297, 32.906278 ], [ -97.277314, 32.90621 ], [ -97.277373, 32.906092 ], [ -97.277387, 32.905929 ], [ -97.277408, 32.905853 ], [ -97.277449, 32.905804 ], [ -97.277453, 32.905735 ], [ -97.277446, 32.90569 ], [ -97.277481, 32.905579 ], [ -97.277595, 32.905496 ], [ -97.27763, 32.905454 ], [ -97.277647, 32.905405 ], [ -97.277616, 32.905312 ], [ -97.277592, 32.905276 ], [ -97.277328, 32.905166 ], [ -97.277241, 32.905144 ], [ -97.277012, 32.905149 ], [ -97.276911, 32.905158 ], [ -97.276804, 32.905177 ], [ -97.276745, 32.905217 ], [ -97.276721, 32.90527 ], [ -97.276735, 32.905402 ], [ -97.276825, 32.905721 ], [ -97.276853, 32.905783 ], [ -97.27686, 32.905842 ], [ -97.276853, 32.90589 ], [ -97.276808, 32.905974 ], [ -97.276738, 32.906039 ], [ -97.276736, 32.906081 ], [ -97.276756, 32.906137 ], [ -97.276842, 32.906205 ], [ -97.276905, 32.906216 ], [ -97.276964, 32.906244 ] ], [ [ -97.257489, 32.936087 ], [ -97.257417, 32.936096 ], [ -97.257349, 32.936114 ], [ -97.257322, 32.936131 ], [ -97.257309, 32.936151 ], [ -97.257316, 32.936197 ], [ -97.257391, 32.936309 ], [ -97.257413, 32.936323 ], [ -97.257593, 32.936358 ], [ -97.257665, 32.93638 ], [ -97.257741, 32.936411 ], [ -97.257864, 32.936486 ], [ -97.257906, 32.936518 ], [ -97.257933, 32.936531 ], [ -97.257969, 32.936528 ], [ -97.257985, 32.936512 ], [ -97.257986, 32.936489 ], [ -97.257963, 32.936442 ], [ -97.25794, 32.936394 ], [ -97.257854, 32.936284 ], [ -97.257757, 32.936208 ], [ -97.257655, 32.936141 ], [ -97.257584, 32.936102 ], [ -97.257535, 32.936089 ], [ -97.257489, 32.936087 ] ], [ [ -97.28282, 32.938571 ], [ -97.282856, 32.93857 ], [ -97.282893, 32.93856 ], [ -97.283099, 32.938485 ], [ -97.283151, 32.938442 ], [ -97.283166, 32.938419 ], [ -97.2832, 32.938403 ], [ -97.283314, 32.938392 ], [ -97.283335, 32.938384 ], [ -97.283351, 32.938364 ], [ -97.283365, 32.938329 ], [ -97.283404, 32.938285 ], [ -97.283467, 32.938273 ], [ -97.283497, 32.938249 ], [ -97.283503, 32.938215 ], [ -97.283492, 32.938193 ], [ -97.283473, 32.938173 ], [ -97.283432, 32.938175 ], [ -97.283335, 32.938226 ], [ -97.283273, 32.938246 ], [ -97.283204, 32.938249 ], [ -97.283172, 32.938254 ], [ -97.283144, 32.93827 ], [ -97.283121, 32.938293 ], [ -97.283112, 32.938315 ], [ -97.28308, 32.938325 ], [ -97.283037, 32.938318 ], [ -97.283017, 32.938304 ], [ -97.283002, 32.938273 ], [ -97.282981, 32.938265 ], [ -97.282931, 32.938262 ], [ -97.282867, 32.938268 ], [ -97.282802, 32.938284 ], [ -97.282736, 32.938312 ], [ -97.282699, 32.938339 ], [ -97.282686, 32.938373 ], [ -97.282729, 32.938518 ], [ -97.282773, 32.938558 ], [ -97.28282, 32.938571 ] ], [ [ -97.28336, 32.940465 ], [ -97.283332, 32.940497 ], [ -97.283306, 32.940537 ], [ -97.283286, 32.94063 ], [ -97.283313, 32.940696 ], [ -97.283356, 32.940748 ], [ -97.283394, 32.940779 ], [ -97.283473, 32.940801 ], [ -97.283535, 32.940804 ], [ -97.283613, 32.940798 ], [ -97.283628, 32.940792 ], [ -97.283661, 32.940779 ], [ -97.283699, 32.940758 ], [ -97.283778, 32.940683 ], [ -97.283792, 32.940652 ], [ -97.283792, 32.940604 ], [ -97.283785, 32.940562 ], [ -97.283754, 32.940486 ], [ -97.283699, 32.940421 ], [ -97.283647, 32.940401 ], [ -97.283578, 32.940381 ], [ -97.283508, 32.940395 ], [ -97.283463, 32.940413 ], [ -97.283399, 32.940441 ], [ -97.28336, 32.940465 ] ], [ [ -97.257247, 32.945003 ], [ -97.25733, 32.945005 ], [ -97.257367, 32.945002 ], [ -97.257441, 32.944981 ], [ -97.257465, 32.944965 ], [ -97.257481, 32.944938 ], [ -97.257489, 32.944907 ], [ -97.257511, 32.94485 ], [ -97.257514, 32.944822 ], [ -97.257506, 32.944805 ], [ -97.257476, 32.944795 ], [ -97.257464, 32.944781 ], [ -97.257474, 32.944774 ], [ -97.257505, 32.944761 ], [ -97.257521, 32.944747 ], [ -97.257526, 32.944715 ], [ -97.257505, 32.944709 ], [ -97.257379, 32.944708 ], [ -97.257356, 32.944725 ], [ -97.25732, 32.944739 ], [ -97.257289, 32.944733 ], [ -97.257259, 32.944716 ], [ -97.257215, 32.944708 ], [ -97.25719, 32.944719 ], [ -97.257182, 32.94489 ], [ -97.257178, 32.944923 ], [ -97.257182, 32.944947 ], [ -97.257195, 32.944981 ], [ -97.257212, 32.944997 ], [ -97.257247, 32.945003 ] ], [ [ -97.265231, 32.954764 ], [ -97.265306, 32.954624 ], [ -97.265219, 32.954391 ], [ -97.265159, 32.954337 ], [ -97.265109, 32.954321 ], [ -97.265044, 32.954336 ], [ -97.264967, 32.954416 ], [ -97.264952, 32.954466 ], [ -97.264978, 32.954605 ], [ -97.264987, 32.954616 ], [ -97.265009, 32.954617 ], [ -97.265064, 32.954748 ], [ -97.265129, 32.954769 ], [ -97.265211, 32.954845 ], [ -97.265231, 32.954764 ] ], [ [ -97.25594, 32.959944 ], [ -97.255875, 32.959953 ], [ -97.255848, 32.959961 ], [ -97.255821, 32.95998 ], [ -97.255788, 32.959994 ], [ -97.255745, 32.960048 ], [ -97.255723, 32.960153 ], [ -97.255723, 32.960184 ], [ -97.255814, 32.960237 ], [ -97.255894, 32.960265 ], [ -97.255955, 32.960267 ], [ -97.256032, 32.960262 ], [ -97.256087, 32.960231 ], [ -97.256125, 32.960189 ], [ -97.256141, 32.960135 ], [ -97.256146, 32.960099 ], [ -97.25613, 32.960034 ], [ -97.256076, 32.959975 ], [ -97.256011, 32.959953 ], [ -97.25594, 32.959944 ] ], [ [ -97.280145, 32.962123 ], [ -97.280285, 32.962083 ], [ -97.280344, 32.962049 ], [ -97.280349, 32.962021 ], [ -97.28032, 32.961896 ], [ -97.280309, 32.961654 ], [ -97.280305, 32.961452 ], [ -97.280329, 32.961415 ], [ -97.280432, 32.961315 ], [ -97.280472, 32.961261 ], [ -97.28048, 32.961184 ], [ -97.280443, 32.961092 ], [ -97.280417, 32.960971 ], [ -97.280494, 32.960839 ], [ -97.280498, 32.960769 ], [ -97.280476, 32.960735 ], [ -97.280406, 32.960724 ], [ -97.280256, 32.96067 ], [ -97.28023, 32.960641 ], [ -97.28023, 32.9606 ], [ -97.280318, 32.960504 ], [ -97.280333, 32.960454 ], [ -97.280336, 32.960329 ], [ -97.280322, 32.9602 ], [ -97.280259, 32.960186 ], [ -97.280131, 32.960182 ], [ -97.280002, 32.9602 ], [ -97.27991, 32.960237 ], [ -97.27987, 32.960296 ], [ -97.279879, 32.960487 ], [ -97.27985, 32.9606 ], [ -97.279813, 32.960684 ], [ -97.279828, 32.960821 ], [ -97.279806, 32.960909 ], [ -97.279582, 32.961109 ], [ -97.279482, 32.96129 ], [ -97.279473, 32.961404 ], [ -97.279455, 32.961458 ], [ -97.279436, 32.961712 ], [ -97.279407, 32.961771 ], [ -97.279286, 32.961869 ], [ -97.27915, 32.961947 ], [ -97.279021, 32.961999 ], [ -97.278864, 32.962108 ], [ -97.278852, 32.962164 ], [ -97.278886, 32.962193 ], [ -97.279532, 32.962207 ], [ -97.280069, 32.962134 ], [ -97.280145, 32.962123 ] ], [ [ -97.251564, 32.964463 ], [ -97.251455, 32.964461 ], [ -97.251394, 32.964485 ], [ -97.251352, 32.964515 ], [ -97.251325, 32.964593 ], [ -97.251311, 32.96472 ], [ -97.251319, 32.964782 ], [ -97.251366, 32.96481 ], [ -97.251418, 32.964827 ], [ -97.2515, 32.96483 ], [ -97.251541, 32.964824 ], [ -97.251605, 32.964799 ], [ -97.251655, 32.964762 ], [ -97.251695, 32.964703 ], [ -97.25171, 32.964669 ], [ -97.251714, 32.964624 ], [ -97.251699, 32.964562 ], [ -97.251658, 32.964503 ], [ -97.251611, 32.964478 ], [ -97.251564, 32.964463 ] ], [ [ -97.27186, 32.965531 ], [ -97.271822, 32.965511 ], [ -97.271788, 32.965511 ], [ -97.271757, 32.965525 ], [ -97.271728, 32.965553 ], [ -97.271714, 32.965589 ], [ -97.271725, 32.965666 ], [ -97.271759, 32.965739 ], [ -97.271805, 32.965812 ], [ -97.271825, 32.965826 ], [ -97.27186, 32.965829 ], [ -97.271963, 32.965809 ], [ -97.272097, 32.965795 ], [ -97.272134, 32.965783 ], [ -97.272157, 32.965759 ], [ -97.27216, 32.965725 ], [ -97.272146, 32.965687 ], [ -97.272086, 32.965622 ], [ -97.27202, 32.965579 ], [ -97.271991, 32.965569 ], [ -97.271948, 32.965577 ], [ -97.271897, 32.965555 ], [ -97.27186, 32.965531 ] ], [ [ -97.249951, 32.966071 ], [ -97.249942, 32.966091 ], [ -97.249941, 32.966119 ], [ -97.249949, 32.966146 ], [ -97.249971, 32.966164 ], [ -97.249994, 32.966175 ], [ -97.250025, 32.966182 ], [ -97.250054, 32.966182 ], [ -97.250086, 32.966166 ], [ -97.250299, 32.966005 ], [ -97.250355, 32.965927 ], [ -97.250385, 32.965865 ], [ -97.250406, 32.965808 ], [ -97.250412, 32.96571 ], [ -97.250451, 32.96562 ], [ -97.250467, 32.965519 ], [ -97.250425, 32.965473 ], [ -97.250378, 32.965442 ], [ -97.250332, 32.965425 ], [ -97.250263, 32.96544 ], [ -97.250198, 32.965486 ], [ -97.250146, 32.965538 ], [ -97.250111, 32.965581 ], [ -97.25008, 32.96568 ], [ -97.250047, 32.965744 ], [ -97.250043, 32.965774 ], [ -97.250068, 32.965817 ], [ -97.250069, 32.96586 ], [ -97.250021, 32.966001 ], [ -97.249951, 32.966071 ] ], [ [ -97.272807, 32.967083 ], [ -97.272822, 32.967149 ], [ -97.272779, 32.96716 ], [ -97.272743, 32.967191 ], [ -97.272736, 32.96725 ], [ -97.2727, 32.967298 ], [ -97.272686, 32.967329 ], [ -97.2727, 32.967353 ], [ -97.272743, 32.967371 ], [ -97.272822, 32.967377 ], [ -97.273151, 32.96738 ], [ -97.273429, 32.967346 ], [ -97.273537, 32.967317 ], [ -97.273587, 32.967292 ], [ -97.273608, 32.967256 ], [ -97.273608, 32.967185 ], [ -97.273594, 32.967167 ], [ -97.273522, 32.967137 ], [ -97.273429, 32.967112 ], [ -97.273372, 32.967059 ], [ -97.273386, 32.966987 ], [ -97.273408, 32.966945 ], [ -97.273408, 32.966861 ], [ -97.273379, 32.966807 ], [ -97.273351, 32.966777 ], [ -97.273258, 32.966759 ], [ -97.273193, 32.966765 ], [ -97.273179, 32.966849 ], [ -97.273122, 32.966879 ], [ -97.273065, 32.966903 ], [ -97.272958, 32.966909 ], [ -97.272844, 32.966898 ], [ -97.272807, 32.966999 ], [ -97.272807, 32.967083 ] ], [ [ -97.253116, 32.967146 ], [ -97.253082, 32.96718 ], [ -97.253067, 32.967235 ], [ -97.253066, 32.967258 ], [ -97.253079, 32.967292 ], [ -97.253104, 32.967312 ], [ -97.253185, 32.967351 ], [ -97.253223, 32.967388 ], [ -97.253262, 32.967412 ], [ -97.253351, 32.96743 ], [ -97.253423, 32.967433 ], [ -97.253479, 32.967409 ], [ -97.2535, 32.967381 ], [ -97.253534, 32.967278 ], [ -97.253513, 32.967157 ], [ -97.253494, 32.967139 ], [ -97.253458, 32.967118 ], [ -97.253373, 32.967098 ], [ -97.253249, 32.967114 ], [ -97.253161, 32.96712 ], [ -97.253116, 32.967146 ] ], [ [ -97.273179, 32.968072 ], [ -97.273222, 32.968252 ], [ -97.273258, 32.968276 ], [ -97.273313, 32.96828 ], [ -97.273401, 32.968269 ], [ -97.273444, 32.968282 ], [ -97.273487, 32.9683 ], [ -97.273615, 32.968311 ], [ -97.273651, 32.9683 ], [ -97.27373, 32.968306 ], [ -97.273801, 32.96833 ], [ -97.273908, 32.968353 ], [ -97.273994, 32.968353 ], [ -97.274037, 32.968336 ], [ -97.27408, 32.968282 ], [ -97.274073, 32.968221 ], [ -97.274058, 32.968168 ], [ -97.274015, 32.96812 ], [ -97.27398, 32.968089 ], [ -97.273973, 32.96806 ], [ -97.273973, 32.96803 ], [ -97.274001, 32.968012 ], [ -97.274001, 32.967917 ], [ -97.27398, 32.967863 ], [ -97.27393, 32.967857 ], [ -97.27388, 32.967875 ], [ -97.273851, 32.967923 ], [ -97.273787, 32.967928 ], [ -97.273737, 32.967911 ], [ -97.273594, 32.967886 ], [ -97.273479, 32.967875 ], [ -97.273472, 32.967838 ], [ -97.273451, 32.967821 ], [ -97.273429, 32.967827 ], [ -97.273358, 32.967821 ], [ -97.273301, 32.967827 ], [ -97.273272, 32.967803 ], [ -97.273254, 32.967767 ], [ -97.273251, 32.967748 ], [ -97.273196, 32.96773 ], [ -97.273143, 32.967695 ], [ -97.273115, 32.967683 ], [ -97.273065, 32.967689 ], [ -97.273058, 32.967815 ], [ -97.27305, 32.967851 ], [ -97.273022, 32.967875 ], [ -97.273036, 32.967923 ], [ -97.273065, 32.967934 ], [ -97.273101, 32.967941 ], [ -97.273122, 32.968012 ], [ -97.273179, 32.968072 ] ], [ [ -97.248387, 32.968359 ], [ -97.248343, 32.968423 ], [ -97.248323, 32.968513 ], [ -97.248323, 32.968542 ], [ -97.248339, 32.968575 ], [ -97.248383, 32.96862 ], [ -97.248422, 32.968642 ], [ -97.248475, 32.968662 ], [ -97.248526, 32.968671 ], [ -97.248577, 32.968676 ], [ -97.248626, 32.968662 ], [ -97.248671, 32.968642 ], [ -97.248726, 32.968603 ], [ -97.248766, 32.968546 ], [ -97.248775, 32.968503 ], [ -97.248767, 32.968445 ], [ -97.248748, 32.968414 ], [ -97.248726, 32.968395 ], [ -97.248704, 32.968383 ], [ -97.248632, 32.968345 ], [ -97.248558, 32.968327 ], [ -97.248464, 32.968327 ], [ -97.248416, 32.968341 ], [ -97.248387, 32.968359 ] ], [ [ -97.27189, 32.973593 ], [ -97.27176, 32.973526 ], [ -97.271694, 32.973517 ], [ -97.27166, 32.973522 ], [ -97.271544, 32.973596 ], [ -97.271449, 32.973643 ], [ -97.27141, 32.973681 ], [ -97.271399, 32.973751 ], [ -97.27141, 32.973816 ], [ -97.271527, 32.973917 ], [ -97.271694, 32.973974 ], [ -97.27181, 32.97397 ], [ -97.271872, 32.973956 ], [ -97.271977, 32.973886 ], [ -97.272016, 32.973844 ], [ -97.272027, 32.973807 ], [ -97.271994, 32.973717 ], [ -97.271905, 32.973601 ], [ -97.27189, 32.973593 ] ], [ [ -97.260537, 32.987504 ], [ -97.26059, 32.987545 ], [ -97.260589, 32.987596 ], [ -97.260584, 32.987704 ], [ -97.260627, 32.987849 ], [ -97.260754, 32.987888 ], [ -97.260834, 32.987863 ], [ -97.260881, 32.987795 ], [ -97.260908, 32.987702 ], [ -97.260967, 32.987605 ], [ -97.261076, 32.987556 ], [ -97.261186, 32.98751 ], [ -97.261344, 32.987527 ], [ -97.261394, 32.987518 ], [ -97.261415, 32.987496 ], [ -97.261435, 32.98742 ], [ -97.261427, 32.987378 ], [ -97.261398, 32.98735 ], [ -97.261319, 32.987294 ], [ -97.261261, 32.987232 ], [ -97.261115, 32.987136 ], [ -97.261073, 32.987127 ], [ -97.261023, 32.987133 ], [ -97.260849, 32.987305 ], [ -97.260736, 32.987381 ], [ -97.260686, 32.987395 ], [ -97.260545, 32.987371 ], [ -97.260441, 32.987375 ], [ -97.260416, 32.987395 ], [ -97.260428, 32.987426 ], [ -97.260537, 32.987504 ] ], [ [ -97.259638, 32.993088 ], [ -97.259605, 32.993174 ], [ -97.259582, 32.993302 ], [ -97.259571, 32.993449 ], [ -97.259575, 32.993656 ], [ -97.259576, 32.993729 ], [ -97.259593, 32.993781 ], [ -97.259672, 32.993867 ], [ -97.259735, 32.994061 ], [ -97.259684, 32.994085 ], [ -97.259644, 32.994123 ], [ -97.259672, 32.99418 ], [ -97.259712, 32.994236 ], [ -97.259791, 32.994236 ], [ -97.259978, 32.994123 ], [ -97.26017, 32.993933 ], [ -97.260136, 32.993767 ], [ -97.260079, 32.993715 ], [ -97.260083, 32.993681 ], [ -97.260091, 32.993606 ], [ -97.260074, 32.993449 ], [ -97.259944, 32.993098 ], [ -97.259887, 32.993037 ], [ -97.259808, 32.993008 ], [ -97.259695, 32.993012 ], [ -97.259638, 32.993088 ] ], [ [ -97.256901, 32.994273 ], [ -97.256868, 32.994203 ], [ -97.256834, 32.994179 ], [ -97.256819, 32.994179 ], [ -97.256777, 32.994179 ], [ -97.256721, 32.994169 ], [ -97.256687, 32.994179 ], [ -97.256684, 32.994292 ], [ -97.256664, 32.994363 ], [ -97.256681, 32.994402 ], [ -97.256734, 32.994419 ], [ -97.256811, 32.994407 ], [ -97.256873, 32.994388 ], [ -97.256924, 32.994349 ], [ -97.256901, 32.994273 ] ], [ [ -97.257201, 32.994971 ], [ -97.257195, 32.994914 ], [ -97.257167, 32.994881 ], [ -97.257128, 32.99481 ], [ -97.257071, 32.994824 ], [ -97.257065, 32.994857 ], [ -97.257009, 32.99499 ], [ -97.257065, 32.995094 ], [ -97.257089, 32.995182 ], [ -97.257065, 32.995232 ], [ -97.257122, 32.995374 ], [ -97.257263, 32.995478 ], [ -97.257348, 32.995516 ], [ -97.257433, 32.995525 ], [ -97.25754, 32.99545 ], [ -97.257631, 32.995365 ], [ -97.257659, 32.995298 ], [ -97.257625, 32.995278 ], [ -97.257574, 32.995278 ], [ -97.257489, 32.995237 ], [ -97.257342, 32.995175 ], [ -97.257308, 32.995147 ], [ -97.257269, 32.995089 ], [ -97.257212, 32.99508 ], [ -97.257201, 32.995027 ], [ -97.257201, 32.994971 ] ], [ [ -97.25461, 32.996253 ], [ -97.254628, 32.996178 ], [ -97.254605, 32.996125 ], [ -97.254506, 32.996116 ], [ -97.254389, 32.996125 ], [ -97.254325, 32.996139 ], [ -97.254267, 32.99616 ], [ -97.254249, 32.996168 ], [ -97.254191, 32.996194 ], [ -97.25415, 32.996267 ], [ -97.254214, 32.996297 ], [ -97.254348, 32.996311 ], [ -97.254424, 32.99633 ], [ -97.254488, 32.996341 ], [ -97.254564, 32.996316 ], [ -97.25461, 32.996253 ] ], [ [ -97.25482, 32.996443 ], [ -97.254855, 32.996492 ], [ -97.255001, 32.996595 ], [ -97.255024, 32.996668 ], [ -97.255071, 32.996712 ], [ -97.255112, 32.996781 ], [ -97.255135, 32.996874 ], [ -97.255158, 32.996918 ], [ -97.255205, 32.996927 ], [ -97.255322, 32.996814 ], [ -97.255403, 32.996747 ], [ -97.255485, 32.996644 ], [ -97.255555, 32.996541 ], [ -97.255572, 32.996443 ], [ -97.255572, 32.996384 ], [ -97.255508, 32.996398 ], [ -97.255499, 32.996405 ], [ -97.255462, 32.996434 ], [ -97.255403, 32.996468 ], [ -97.255339, 32.996453 ], [ -97.255258, 32.996457 ], [ -97.255153, 32.996429 ], [ -97.255036, 32.996389 ], [ -97.254954, 32.996404 ], [ -97.254884, 32.996404 ], [ -97.254857, 32.996392 ], [ -97.254809, 32.996398 ], [ -97.254801, 32.996426 ], [ -97.25482, 32.996443 ] ], [ [ -97.264582, 32.998226 ], [ -97.264629, 32.998128 ], [ -97.264674, 32.99805 ], [ -97.264726, 32.998012 ], [ -97.264773, 32.998001 ], [ -97.26481, 32.997962 ], [ -97.264823, 32.997922 ], [ -97.26482, 32.997872 ], [ -97.26479, 32.99783 ], [ -97.26478, 32.997788 ], [ -97.264794, 32.997701 ], [ -97.26479, 32.997591 ], [ -97.26481, 32.997496 ], [ -97.264793, 32.997389 ], [ -97.264894, 32.997007 ], [ -97.264879, 32.996977 ], [ -97.264837, 32.996985 ], [ -97.26478, 32.997016 ], [ -97.26472, 32.997064 ], [ -97.264628, 32.997176 ], [ -97.264588, 32.997207 ], [ -97.264524, 32.997202 ], [ -97.264462, 32.997179 ], [ -97.264387, 32.997143 ], [ -97.26433, 32.997098 ], [ -97.2643, 32.997053 ], [ -97.264274, 32.996979 ], [ -97.264226, 32.996901 ], [ -97.264166, 32.996823 ], [ -97.264129, 32.996758 ], [ -97.264099, 32.99675 ], [ -97.264096, 32.996775 ], [ -97.264123, 32.996851 ], [ -97.264156, 32.996907 ], [ -97.264178, 32.996957 ], [ -97.264187, 32.997025 ], [ -97.264191, 32.997061 ], [ -97.264241, 32.997197 ], [ -97.264288, 32.997299 ], [ -97.264311, 32.997439 ], [ -97.264311, 32.997549 ], [ -97.264301, 32.997628 ], [ -97.264282, 32.997701 ], [ -97.264238, 32.997833 ], [ -97.264201, 32.9979 ], [ -97.264148, 32.997957 ], [ -97.264088, 32.997982 ], [ -97.264004, 32.99801 ], [ -97.263963, 32.998035 ], [ -97.263816, 32.99806 ], [ -97.263679, 32.998043 ], [ -97.263502, 32.998009 ], [ -97.263387, 32.998012 ], [ -97.263287, 32.998021 ], [ -97.263123, 32.99808 ], [ -97.26305, 32.998122 ], [ -97.263023, 32.998168 ], [ -97.263026, 32.99823 ], [ -97.263113, 32.998379 ], [ -97.26318, 32.998441 ], [ -97.263294, 32.9985 ], [ -97.263455, 32.99854 ], [ -97.263569, 32.998554 ], [ -97.263635, 32.998548 ], [ -97.263766, 32.998548 ], [ -97.263812, 32.998573 ], [ -97.263863, 32.998593 ], [ -97.263913, 32.998604 ], [ -97.26404, 32.998613 ], [ -97.26418, 32.998613 ], [ -97.264395, 32.998621 ], [ -97.264547, 32.998598 ], [ -97.264584, 32.998573 ], [ -97.264604, 32.998545 ], [ -97.264564, 32.998441 ], [ -97.264559, 32.998358 ], [ -97.264582, 32.998226 ] ], [ [ -97.261225, 32.997652 ], [ -97.261197, 32.997608 ], [ -97.261202, 32.997566 ], [ -97.261123, 32.997552 ], [ -97.261089, 32.99758 ], [ -97.260993, 32.997562 ], [ -97.260942, 32.997528 ], [ -97.260891, 32.997538 ], [ -97.260852, 32.997608 ], [ -97.260886, 32.997675 ], [ -97.260982, 32.997723 ], [ -97.261061, 32.997742 ], [ -97.261129, 32.99777 ], [ -97.261304, 32.997742 ], [ -97.261389, 32.997704 ], [ -97.2614, 32.997656 ], [ -97.261338, 32.997656 ], [ -97.261282, 32.997661 ], [ -97.261225, 32.997652 ] ], [ [ -97.259121, 32.998998 ], [ -97.259161, 32.999051 ], [ -97.259184, 32.99924 ], [ -97.259206, 32.999307 ], [ -97.25928, 32.999397 ], [ -97.259353, 32.999445 ], [ -97.259444, 32.99944 ], [ -97.259478, 32.999321 ], [ -97.259523, 32.999226 ], [ -97.259546, 32.99915 ], [ -97.259585, 32.99906 ], [ -97.259715, 32.998842 ], [ -97.259817, 32.998728 ], [ -97.259925, 32.998618 ], [ -97.260038, 32.99841 ], [ -97.259958, 32.998358 ], [ -97.259845, 32.998358 ], [ -97.259709, 32.998258 ], [ -97.25963, 32.998178 ], [ -97.259539, 32.998102 ], [ -97.259455, 32.998041 ], [ -97.259455, 32.99797 ], [ -97.259472, 32.997898 ], [ -97.259571, 32.997773 ], [ -97.259607, 32.997728 ], [ -97.259607, 32.99769 ], [ -97.259619, 32.997619 ], [ -97.259624, 32.997546 ], [ -97.259585, 32.997514 ], [ -97.259531, 32.997497 ], [ -97.259494, 32.997528 ], [ -97.259375, 32.997666 ], [ -97.259279, 32.997742 ], [ -97.259183, 32.99777 ], [ -97.259019, 32.997751 ], [ -97.258883, 32.997728 ], [ -97.258719, 32.99769 ], [ -97.258674, 32.997684 ], [ -97.258639, 32.997718 ], [ -97.258632, 32.997771 ], [ -97.258711, 32.997836 ], [ -97.25881, 32.997846 ], [ -97.258906, 32.997946 ], [ -97.25898, 32.998112 ], [ -97.259053, 32.99823 ], [ -97.259138, 32.998286 ], [ -97.259234, 32.998325 ], [ -97.25924, 32.99841 ], [ -97.259201, 32.998486 ], [ -97.259133, 32.998548 ], [ -97.259093, 32.9986 ], [ -97.259104, 32.998714 ], [ -97.259133, 32.998828 ], [ -97.259138, 32.998911 ], [ -97.259121, 32.998998 ] ], [ [ -97.263185, 32.999219 ], [ -97.263196, 32.99924 ], [ -97.263215, 32.99926 ], [ -97.263258, 32.999246 ], [ -97.263311, 32.999236 ], [ -97.263364, 32.999242 ], [ -97.263496, 32.999282 ], [ -97.263553, 32.999308 ], [ -97.263604, 32.999339 ], [ -97.263623, 32.99937 ], [ -97.263671, 32.999373 ], [ -97.263707, 32.999364 ], [ -97.263714, 32.999316 ], [ -97.263736, 32.999297 ], [ -97.263762, 32.999291 ], [ -97.263765, 32.999271 ], [ -97.263719, 32.999229 ], [ -97.263693, 32.99922 ], [ -97.263671, 32.99922 ], [ -97.263635, 32.999206 ], [ -97.263616, 32.99918 ], [ -97.263563, 32.999162 ], [ -97.263505, 32.99915 ], [ -97.263479, 32.999128 ], [ -97.263433, 32.999108 ], [ -97.263385, 32.999097 ], [ -97.263366, 32.999069 ], [ -97.263333, 32.999003 ], [ -97.263309, 32.99897 ], [ -97.263287, 32.998961 ], [ -97.263273, 32.998976 ], [ -97.263254, 32.999017 ], [ -97.263213, 32.999071 ], [ -97.263201, 32.999122 ], [ -97.263179, 32.99917 ], [ -97.263185, 32.999219 ] ], [ [ -97.264283, 32.999359 ], [ -97.264273, 32.999398 ], [ -97.26429, 32.999409 ], [ -97.264312, 32.999409 ], [ -97.264368, 32.999379 ], [ -97.264391, 32.999361 ], [ -97.26442, 32.999363 ], [ -97.264444, 32.999357 ], [ -97.26447, 32.999364 ], [ -97.264494, 32.999364 ], [ -97.264494, 32.999339 ], [ -97.264511, 32.999321 ], [ -97.264539, 32.999319 ], [ -97.264573, 32.999327 ], [ -97.264575, 32.999301 ], [ -97.264566, 32.99924 ], [ -97.264552, 32.999225 ], [ -97.264532, 32.999218 ], [ -97.264499, 32.999187 ], [ -97.264372, 32.999146 ], [ -97.264362, 32.999118 ], [ -97.264372, 32.999097 ], [ -97.264372, 32.999079 ], [ -97.264338, 32.999041 ], [ -97.26428, 32.999023 ], [ -97.26424, 32.999032 ], [ -97.264206, 32.999066 ], [ -97.264206, 32.999096 ], [ -97.26423, 32.999116 ], [ -97.264244, 32.999133 ], [ -97.264247, 32.99918 ], [ -97.264261, 32.999198 ], [ -97.2643, 32.99922 ], [ -97.26434, 32.999271 ], [ -97.264348, 32.999301 ], [ -97.264297, 32.999341 ], [ -97.264283, 32.999359 ] ], [ [ -97.263625, 33.000038 ], [ -97.263734, 33.000031 ], [ -97.263815, 33.000008 ], [ -97.263939, 32.999995 ], [ -97.264099, 33.000026 ], [ -97.264267, 33.000044 ], [ -97.264407, 33.00007 ], [ -97.264607, 33.000193 ], [ -97.264774, 33.000239 ], [ -97.264975, 33.000276 ], [ -97.265099, 33.000265 ], [ -97.265194, 33.000222 ], [ -97.265208, 33.000154 ], [ -97.265271, 33.000087 ], [ -97.265311, 32.999983 ], [ -97.265354, 32.99989 ], [ -97.265349, 32.99982 ], [ -97.265289, 32.99978 ], [ -97.265037, 32.999696 ], [ -97.264924, 32.999622 ], [ -97.264836, 32.999536 ], [ -97.264756, 32.999505 ], [ -97.264705, 32.999512 ], [ -97.264676, 32.999567 ], [ -97.264797, 32.999843 ], [ -97.264775, 32.999902 ], [ -97.264683, 32.99994 ], [ -97.264559, 32.999958 ], [ -97.264391, 32.999946 ], [ -97.264326, 32.999921 ], [ -97.264245, 32.999842 ], [ -97.264209, 32.999769 ], [ -97.264165, 32.999665 ], [ -97.264107, 32.999634 ], [ -97.264034, 32.999653 ], [ -97.263995, 32.999705 ], [ -97.263975, 32.999732 ], [ -97.263793, 32.999896 ], [ -97.263683, 32.999921 ], [ -97.263603, 32.999952 ], [ -97.263559, 33.000014 ], [ -97.263625, 33.000038 ] ], [ [ -97.261629, 33.000247 ], [ -97.261761, 33.000332 ], [ -97.26187, 33.000436 ], [ -97.262016, 33.00051 ], [ -97.262155, 33.000601 ], [ -97.26233, 33.000644 ], [ -97.262505, 33.000736 ], [ -97.262644, 33.000828 ], [ -97.26276, 33.000877 ], [ -97.262841, 33.000877 ], [ -97.262914, 33.000833 ], [ -97.262936, 33.000748 ], [ -97.262914, 33.000588 ], [ -97.262965, 33.000332 ], [ -97.262936, 32.999977 ], [ -97.262972, 32.999769 ], [ -97.26295, 32.999586 ], [ -97.262914, 32.999463 ], [ -97.262855, 32.99939 ], [ -97.262775, 32.999408 ], [ -97.262717, 32.999482 ], [ -97.262666, 32.999536 ], [ -97.26252, 32.999555 ], [ -97.26241, 32.999505 ], [ -97.26233, 32.999426 ], [ -97.262293, 32.999273 ], [ -97.262293, 32.999194 ], [ -97.26225, 32.999127 ], [ -97.262169, 32.999133 ], [ -97.26206, 32.999176 ], [ -97.261899, 32.999218 ], [ -97.261753, 32.999225 ], [ -97.261571, 32.999194 ], [ -97.261425, 32.9992 ], [ -97.261282, 32.999198 ], [ -97.261024, 32.999231 ], [ -97.260827, 32.999297 ], [ -97.260805, 32.999304 ], [ -97.26075, 32.999402 ], [ -97.260796, 32.999491 ], [ -97.260863, 32.99953 ], [ -97.260994, 32.999572 ], [ -97.261104, 32.999598 ], [ -97.261111, 32.999702 ], [ -97.261038, 32.999806 ], [ -97.260943, 32.999916 ], [ -97.260834, 32.999934 ], [ -97.260673, 32.999892 ], [ -97.260513, 32.999812 ], [ -97.260447, 32.99972 ], [ -97.26036, 32.999622 ], [ -97.260352, 32.999518 ], [ -97.260381, 32.999457 ], [ -97.260396, 32.99937 ], [ -97.26036, 32.999291 ], [ -97.26025, 32.999249 ], [ -97.260111, 32.99928 ], [ -97.260009, 32.999359 ], [ -97.259893, 32.999457 ], [ -97.259856, 32.999592 ], [ -97.259849, 32.999726 ], [ -97.259922, 32.999867 ], [ -97.260017, 32.999971 ], [ -97.260177, 33.00002 ], [ -97.26044, 33.000075 ], [ -97.2606, 33.0001 ], [ -97.260768, 33.000141 ], [ -97.260936, 33.000179 ], [ -97.261119, 33.000197 ], [ -97.261483, 33.000222 ], [ -97.261629, 33.000247 ] ], [ [ -97.277411, 33.029518 ], [ -97.277587, 33.029559 ], [ -97.277635, 33.029564 ], [ -97.277688, 33.029562 ], [ -97.277768, 33.029548 ], [ -97.277893, 33.029514 ], [ -97.277964, 33.029486 ], [ -97.27803, 33.029452 ], [ -97.278064, 33.029411 ], [ -97.278071, 33.029381 ], [ -97.278071, 33.029344 ], [ -97.278035, 33.029209 ], [ -97.278047, 33.029089 ], [ -97.27811, 33.028916 ], [ -97.278115, 33.028867 ], [ -97.278106, 33.028823 ], [ -97.278084, 33.028768 ], [ -97.277745, 33.028303 ], [ -97.277525, 33.028154 ], [ -97.277468, 33.028132 ], [ -97.277396, 33.028112 ], [ -97.277305, 33.028097 ], [ -97.277236, 33.028079 ], [ -97.277151, 33.028048 ], [ -97.277034, 33.02797 ], [ -97.276756, 33.027827 ], [ -97.276612, 33.027763 ], [ -97.276497, 33.027731 ], [ -97.276209, 33.027669 ], [ -97.275896, 33.027647 ], [ -97.275456, 33.027654 ], [ -97.275271, 33.027662 ], [ -97.275192, 33.027673 ], [ -97.275142, 33.027693 ], [ -97.275111, 33.027724 ], [ -97.275062, 33.027782 ], [ -97.27499, 33.027856 ], [ -97.274874, 33.02794 ], [ -97.274766, 33.028 ], [ -97.274695, 33.028044 ], [ -97.274649, 33.02809 ], [ -97.274573, 33.0282 ], [ -97.274273, 33.028526 ], [ -97.274076, 33.028767 ], [ -97.274013, 33.028886 ], [ -97.273999, 33.028957 ], [ -97.274013, 33.029054 ], [ -97.274035, 33.029124 ], [ -97.27407, 33.029169 ], [ -97.274119, 33.029195 ], [ -97.274176, 33.029206 ], [ -97.274237, 33.029203 ], [ -97.274387, 33.029184 ], [ -97.274479, 33.029173 ], [ -97.274668, 33.029142 ], [ -97.274753, 33.02914 ], [ -97.27499, 33.02915 ], [ -97.275663, 33.029142 ], [ -97.276187, 33.029186 ], [ -97.27629, 33.029165 ], [ -97.276383, 33.029162 ], [ -97.276467, 33.02917 ], [ -97.27656, 33.029187 ], [ -97.276693, 33.029229 ], [ -97.276906, 33.029322 ], [ -97.276963, 33.029362 ], [ -97.277021, 33.029397 ], [ -97.277079, 33.029421 ], [ -97.277411, 33.029518 ] ], [ [ -97.273836, 33.04209 ], [ -97.273812, 33.04213 ], [ -97.273801, 33.042166 ], [ -97.273798, 33.0422 ], [ -97.273808, 33.042253 ], [ -97.273832, 33.042294 ], [ -97.273872, 33.042341 ], [ -97.27393, 33.042389 ], [ -97.27398, 33.042411 ], [ -97.274058, 33.042412 ], [ -97.274244, 33.042386 ], [ -97.274364, 33.042347 ], [ -97.274395, 33.042326 ], [ -97.274423, 33.042293 ], [ -97.274439, 33.042256 ], [ -97.274442, 33.04222 ], [ -97.274437, 33.042178 ], [ -97.274411, 33.04214 ], [ -97.274371, 33.042101 ], [ -97.274301, 33.042057 ], [ -97.274237, 33.042032 ], [ -97.27415, 33.042012 ], [ -97.274086, 33.042006 ], [ -97.274015, 33.042006 ], [ -97.27398, 33.042015 ], [ -97.273912, 33.042029 ], [ -97.273871, 33.042057 ], [ -97.273836, 33.04209 ] ], [ [ -97.237873, 32.673102 ], [ -97.237814, 32.673209 ], [ -97.237819, 32.673284 ], [ -97.237839, 32.673336 ], [ -97.237937, 32.67337 ], [ -97.238412, 32.673436 ], [ -97.238632, 32.673461 ], [ -97.23875, 32.673465 ], [ -97.238828, 32.673445 ], [ -97.238897, 32.673399 ], [ -97.238936, 32.673318 ], [ -97.238931, 32.673094 ], [ -97.23899, 32.67302 ], [ -97.239049, 32.672921 ], [ -97.239093, 32.672814 ], [ -97.239117, 32.672711 ], [ -97.239088, 32.67255 ], [ -97.239039, 32.672418 ], [ -97.238907, 32.672314 ], [ -97.23875, 32.672224 ], [ -97.238657, 32.67208 ], [ -97.238554, 32.671973 ], [ -97.238363, 32.671911 ], [ -97.238069, 32.671844 ], [ -97.237609, 32.671757 ], [ -97.237536, 32.671767 ], [ -97.237398, 32.67203 ], [ -97.237364, 32.672154 ], [ -97.237383, 32.672265 ], [ -97.237462, 32.672348 ], [ -97.237574, 32.672406 ], [ -97.237986, 32.672455 ], [ -97.238103, 32.672496 ], [ -97.238172, 32.672542 ], [ -97.238201, 32.672624 ], [ -97.238157, 32.672731 ], [ -97.238123, 32.672851 ], [ -97.23802, 32.67297 ], [ -97.237873, 32.673102 ] ], [ [ -97.221462, 32.727606 ], [ -97.22154, 32.727638 ], [ -97.221617, 32.727676 ], [ -97.221701, 32.727727 ], [ -97.221898, 32.727891 ], [ -97.22213, 32.728079 ], [ -97.222429, 32.72826 ], [ -97.222559, 32.728309 ], [ -97.222689, 32.728339 ], [ -97.222877, 32.728358 ], [ -97.223265, 32.728399 ], [ -97.223896, 32.728471 ], [ -97.224332, 32.728521 ], [ -97.224421, 32.728526 ], [ -97.224455, 32.728512 ], [ -97.22446, 32.728479 ], [ -97.224427, 32.728446 ], [ -97.224366, 32.728428 ], [ -97.223894, 32.728352 ], [ -97.223408, 32.728274 ], [ -97.223262, 32.72826 ], [ -97.223119, 32.728234 ], [ -97.222855, 32.728201 ], [ -97.2226, 32.728133 ], [ -97.222279, 32.728039 ], [ -97.222073, 32.72788 ], [ -97.221923, 32.727736 ], [ -97.221817, 32.727624 ], [ -97.221717, 32.727475 ], [ -97.221651, 32.727334 ], [ -97.22159, 32.72719 ], [ -97.221475, 32.726945 ], [ -97.221417, 32.72688 ], [ -97.221349, 32.726694 ], [ -97.221317, 32.72663 ], [ -97.221293, 32.726615 ], [ -97.221287, 32.726596 ], [ -97.221231, 32.726563 ], [ -97.221157, 32.726546 ], [ -97.220664, 32.72654 ], [ -97.220553, 32.726528 ], [ -97.220186, 32.7265 ], [ -97.220073, 32.726475 ], [ -97.219974, 32.726422 ], [ -97.219783, 32.726174 ], [ -97.219674, 32.726042 ], [ -97.219574, 32.725879 ], [ -97.219288, 32.725566 ], [ -97.219269, 32.72555 ], [ -97.219224, 32.725544 ], [ -97.219141, 32.725558 ], [ -97.219106, 32.725557 ], [ -97.219067, 32.725535 ], [ -97.218974, 32.725377 ], [ -97.218945, 32.725347 ], [ -97.218858, 32.725226 ], [ -97.218823, 32.725142 ], [ -97.218736, 32.72504 ], [ -97.218496, 32.724789 ], [ -97.218294, 32.724477 ], [ -97.218261, 32.724397 ], [ -97.218252, 32.724331 ], [ -97.218265, 32.724279 ], [ -97.218294, 32.72423 ], [ -97.218297, 32.724207 ], [ -97.218274, 32.724184 ], [ -97.218242, 32.724165 ], [ -97.218204, 32.724154 ], [ -97.218143, 32.724145 ], [ -97.218046, 32.724157 ], [ -97.218027, 32.724171 ], [ -97.217937, 32.724206 ], [ -97.217838, 32.724192 ], [ -97.217789, 32.724138 ], [ -97.217744, 32.724109 ], [ -97.217655, 32.724072 ], [ -97.217501, 32.723976 ], [ -97.217167, 32.723787 ], [ -97.217034, 32.723726 ], [ -97.216951, 32.723669 ], [ -97.216858, 32.723582 ], [ -97.216791, 32.723548 ], [ -97.216755, 32.723502 ], [ -97.216764, 32.723475 ], [ -97.216775, 32.723459 ], [ -97.216842, 32.723416 ], [ -97.21689, 32.723362 ], [ -97.216979, 32.723278 ], [ -97.217005, 32.723233 ], [ -97.217011, 32.723194 ], [ -97.217011, 32.72316 ], [ -97.216995, 32.723128 ], [ -97.216947, 32.723094 ], [ -97.216928, 32.723084 ], [ -97.216864, 32.723042 ], [ -97.2168, 32.72298 ], [ -97.216787, 32.722942 ], [ -97.216775, 32.722926 ], [ -97.216755, 32.722918 ], [ -97.216701, 32.722886 ], [ -97.216631, 32.722827 ], [ -97.216531, 32.722802 ], [ -97.216493, 32.72278 ], [ -97.216451, 32.722769 ], [ -97.216419, 32.722775 ], [ -97.216291, 32.722824 ], [ -97.216234, 32.722827 ], [ -97.216189, 32.72281 ], [ -97.21617, 32.722794 ], [ -97.216024, 32.722616 ], [ -97.21582, 32.722338 ], [ -97.215759, 32.722226 ], [ -97.215749, 32.72217 ], [ -97.215762, 32.722129 ], [ -97.215784, 32.722094 ], [ -97.2159, 32.721998 ], [ -97.215963, 32.721916 ], [ -97.216027, 32.721795 ], [ -97.216075, 32.721729 ], [ -97.216085, 32.721699 ], [ -97.216075, 32.721663 ], [ -97.216043, 32.721612 ], [ -97.216015, 32.721581 ], [ -97.215947, 32.72153 ], [ -97.215602, 32.721421 ], [ -97.215474, 32.72135 ], [ -97.215404, 32.721261 ], [ -97.215375, 32.721167 ], [ -97.215363, 32.721097 ], [ -97.215363, 32.721038 ], [ -97.215388, 32.720979 ], [ -97.215449, 32.720923 ], [ -97.215586, 32.720813 ], [ -97.215689, 32.720748 ], [ -97.215903, 32.720641 ], [ -97.216034, 32.720563 ], [ -97.216114, 32.720543 ], [ -97.2162, 32.720531 ], [ -97.21627, 32.720506 ], [ -97.216286, 32.720484 ], [ -97.216286, 32.720453 ], [ -97.216296, 32.72043 ], [ -97.216305, 32.720391 ], [ -97.216305, 32.720371 ], [ -97.216273, 32.720337 ], [ -97.216203, 32.720321 ], [ -97.216178, 32.720309 ], [ -97.216162, 32.72028 ], [ -97.216168, 32.720236 ], [ -97.216149, 32.720208 ], [ -97.216094, 32.720186 ], [ -97.216066, 32.72018 ], [ -97.216031, 32.720184 ], [ -97.215999, 32.720191 ], [ -97.215951, 32.720211 ], [ -97.215906, 32.720243 ], [ -97.215874, 32.720246 ], [ -97.215832, 32.720236 ], [ -97.2158, 32.720224 ], [ -97.215705, 32.720197 ], [ -97.215644, 32.720162 ], [ -97.215628, 32.720122 ], [ -97.215625, 32.720073 ], [ -97.215682, 32.719869 ], [ -97.215898, 32.719271 ], [ -97.216083, 32.718947 ], [ -97.216522, 32.718207 ], [ -97.216685, 32.717851 ], [ -97.216847, 32.717579 ], [ -97.217039, 32.71728 ], [ -97.217046, 32.717222 ], [ -97.21707, 32.717157 ], [ -97.21707, 32.717125 ], [ -97.217016, 32.717086 ], [ -97.2169, 32.717104 ], [ -97.216861, 32.717118 ], [ -97.216823, 32.717151 ], [ -97.216761, 32.717292 ], [ -97.216669, 32.717443 ], [ -97.216615, 32.717514 ], [ -97.216415, 32.717832 ], [ -97.216152, 32.718325 ], [ -97.21589, 32.718753 ], [ -97.215652, 32.71923 ], [ -97.215598, 32.719337 ], [ -97.215543, 32.719509 ], [ -97.215221, 32.72048 ], [ -97.215136, 32.720986 ], [ -97.215144, 32.721207 ], [ -97.215273, 32.721731 ], [ -97.215381, 32.721966 ], [ -97.215417, 32.722092 ], [ -97.21549, 32.722226 ], [ -97.215684, 32.72251 ], [ -97.2158, 32.722648 ], [ -97.21616, 32.723219 ], [ -97.216323, 32.723439 ], [ -97.216398, 32.723523 ], [ -97.216552, 32.723636 ], [ -97.216643, 32.72368 ], [ -97.216746, 32.723717 ], [ -97.217135, 32.72401 ], [ -97.217311, 32.724097 ], [ -97.217481, 32.724221 ], [ -97.217679, 32.724342 ], [ -97.217842, 32.724485 ], [ -97.217887, 32.724497 ], [ -97.218065, 32.724663 ], [ -97.218436, 32.725047 ], [ -97.218523, 32.725156 ], [ -97.218626, 32.725386 ], [ -97.218652, 32.725411 ], [ -97.218752, 32.725476 ], [ -97.218797, 32.72552 ], [ -97.219499, 32.72641 ], [ -97.21957, 32.726512 ], [ -97.219648, 32.72666 ], [ -97.219738, 32.727049 ], [ -97.219748, 32.727171 ], [ -97.219703, 32.727269 ], [ -97.219645, 32.727314 ], [ -97.219629, 32.727345 ], [ -97.219635, 32.727376 ], [ -97.219667, 32.727426 ], [ -97.219706, 32.727454 ], [ -97.219748, 32.727469 ], [ -97.219813, 32.727459 ], [ -97.219884, 32.727418 ], [ -97.219942, 32.727353 ], [ -97.219961, 32.727291 ], [ -97.219958, 32.727111 ], [ -97.219939, 32.72704 ], [ -97.219939, 32.727009 ], [ -97.219948, 32.726992 ], [ -97.219955, 32.726964 ], [ -97.219922, 32.726861 ], [ -97.219884, 32.726785 ], [ -97.219884, 32.726754 ], [ -97.219897, 32.726714 ], [ -97.219926, 32.726703 ], [ -97.219958, 32.726701 ], [ -97.220149, 32.72672 ], [ -97.220324, 32.726746 ], [ -97.220385, 32.726742 ], [ -97.22044, 32.726703 ], [ -97.220507, 32.726667 ], [ -97.22059, 32.726643 ], [ -97.220746, 32.726661 ], [ -97.220829, 32.726689 ], [ -97.220923, 32.726746 ], [ -97.220984, 32.726802 ], [ -97.22104, 32.726882 ], [ -97.221068, 32.726979 ], [ -97.221134, 32.727279 ], [ -97.22119, 32.727386 ], [ -97.221256, 32.727475 ], [ -97.221351, 32.727539 ], [ -97.221462, 32.727606 ] ], [ [ -97.18542, 32.732214 ], [ -97.185446, 32.732265 ], [ -97.185532, 32.732322 ], [ -97.185715, 32.732362 ], [ -97.186451, 32.732455 ], [ -97.18663, 32.732469 ], [ -97.186902, 32.732473 ], [ -97.186971, 32.732462 ], [ -97.187028, 32.732425 ], [ -97.187078, 32.732365 ], [ -97.187114, 32.732294 ], [ -97.187179, 32.732197 ], [ -97.187243, 32.732035 ], [ -97.187272, 32.731889 ], [ -97.187276, 32.73182 ], [ -97.187272, 32.731809 ], [ -97.187266, 32.731793 ], [ -97.187232, 32.731757 ], [ -97.1871, 32.731734 ], [ -97.186888, 32.731716 ], [ -97.186687, 32.731713 ], [ -97.186494, 32.73172 ], [ -97.186268, 32.731741 ], [ -97.186189, 32.73176 ], [ -97.18579, 32.731766 ], [ -97.18559, 32.731752 ], [ -97.1855, 32.731758 ], [ -97.185443, 32.73178 ], [ -97.185378, 32.731831 ], [ -97.185342, 32.731896 ], [ -97.185339, 32.731975 ], [ -97.185378, 32.732039 ], [ -97.18542, 32.732214 ] ], [ [ -97.183926, 32.733044 ], [ -97.184014, 32.732967 ], [ -97.184096, 32.732856 ], [ -97.184239, 32.732566 ], [ -97.184268, 32.732537 ], [ -97.184415, 32.732466 ], [ -97.184534, 32.732433 ], [ -97.184792, 32.732387 ], [ -97.184907, 32.732357 ], [ -97.184996, 32.732326 ], [ -97.185047, 32.732272 ], [ -97.185093, 32.732201 ], [ -97.185208, 32.732042 ], [ -97.185271, 32.731983 ], [ -97.185288, 32.731927 ], [ -97.185276, 32.731859 ], [ -97.185251, 32.731824 ], [ -97.185215, 32.731813 ], [ -97.185165, 32.731813 ], [ -97.185082, 32.731842 ], [ -97.185061, 32.731871 ], [ -97.185, 32.731899 ], [ -97.184867, 32.731907 ], [ -97.184749, 32.731935 ], [ -97.184424, 32.73208 ], [ -97.184203, 32.732174 ], [ -97.183952, 32.732281 ], [ -97.183847, 32.732335 ], [ -97.183642, 32.732402 ], [ -97.18352, 32.732425 ], [ -97.183409, 32.732428 ], [ -97.183215, 32.73245 ], [ -97.183055, 32.732478 ], [ -97.183011, 32.732503 ], [ -97.182997, 32.732653 ], [ -97.182936, 32.73294 ], [ -97.1829, 32.732977 ], [ -97.182893, 32.73303 ], [ -97.182907, 32.733077 ], [ -97.182936, 32.733102 ], [ -97.182982, 32.733113 ], [ -97.183201, 32.73312 ], [ -97.183524, 32.733069 ], [ -97.183596, 32.733066 ], [ -97.183692, 32.733072 ], [ -97.183836, 32.733072 ], [ -97.183926, 32.733044 ] ], [ [ -97.186132, 32.734127 ], [ -97.18621, 32.734219 ], [ -97.186253, 32.734249 ], [ -97.186289, 32.734259 ], [ -97.186331, 32.734243 ], [ -97.186349, 32.734214 ], [ -97.186361, 32.734167 ], [ -97.186343, 32.734087 ], [ -97.186343, 32.734046 ], [ -97.186367, 32.733995 ], [ -97.186525, 32.733868 ], [ -97.186573, 32.733822 ], [ -97.186615, 32.733772 ], [ -97.186639, 32.733716 ], [ -97.186633, 32.733655 ], [ -97.186605, 32.733623 ], [ -97.186597, 32.733614 ], [ -97.186537, 32.733598 ], [ -97.186458, 32.733624 ], [ -97.186071, 32.733761 ], [ -97.185993, 32.733838 ], [ -97.185981, 32.733883 ], [ -97.185993, 32.733939 ], [ -97.186132, 32.734127 ] ], [ [ -97.174881, 32.745704 ], [ -97.174816, 32.745716 ], [ -97.17471, 32.745736 ], [ -97.174629, 32.745769 ], [ -97.174578, 32.745821 ], [ -97.174551, 32.745896 ], [ -97.174559, 32.745997 ], [ -97.174551, 32.746209 ], [ -97.174605, 32.746339 ], [ -97.174714, 32.746419 ], [ -97.174823, 32.746481 ], [ -97.174955, 32.746519 ], [ -97.175075, 32.746546 ], [ -97.175168, 32.746536 ], [ -97.175211, 32.746499 ], [ -97.175219, 32.746471 ], [ -97.175141, 32.746339 ], [ -97.175095, 32.746291 ], [ -97.175001, 32.746229 ], [ -97.174982, 32.746203 ], [ -97.17499, 32.746167 ], [ -97.175052, 32.746032 ], [ -97.175095, 32.745919 ], [ -97.175106, 32.745846 ], [ -97.175095, 32.745784 ], [ -97.175079, 32.74573 ], [ -97.175013, 32.74569 ], [ -97.174951, 32.745677 ], [ -97.174881, 32.745704 ] ], [ [ -97.237649, 32.748029 ], [ -97.237592, 32.747968 ], [ -97.237535, 32.747954 ], [ -97.237478, 32.747968 ], [ -97.237454, 32.748016 ], [ -97.237446, 32.748084 ], [ -97.237451, 32.748111 ], [ -97.237527, 32.748522 ], [ -97.237568, 32.74861 ], [ -97.237617, 32.748665 ], [ -97.237698, 32.748713 ], [ -97.237739, 32.748761 ], [ -97.237804, 32.748775 ], [ -97.237861, 32.748761 ], [ -97.237877, 32.748713 ], [ -97.237869, 32.748638 ], [ -97.237649, 32.748029 ] ], [ [ -97.170526, 32.747763 ], [ -97.170248, 32.747801 ], [ -97.170147, 32.747832 ], [ -97.170123, 32.747872 ], [ -97.170143, 32.74794 ], [ -97.170191, 32.748001 ], [ -97.170292, 32.748081 ], [ -97.170481, 32.74815 ], [ -97.170683, 32.748208 ], [ -97.170888, 32.748257 ], [ -97.170993, 32.748258 ], [ -97.171093, 32.74823 ], [ -97.171202, 32.748191 ], [ -97.171282, 32.748137 ], [ -97.171307, 32.748095 ], [ -97.171282, 32.747998 ], [ -97.171227, 32.747895 ], [ -97.171138, 32.747791 ], [ -97.171013, 32.747734 ], [ -97.170904, 32.74769 ], [ -97.170791, 32.74769 ], [ -97.170671, 32.747734 ], [ -97.170592, 32.74775 ], [ -97.170526, 32.747763 ] ], [ [ -97.23734, 32.750709 ], [ -97.237397, 32.750676 ], [ -97.237527, 32.750512 ], [ -97.237568, 32.75045 ], [ -97.237576, 32.750389 ], [ -97.23756, 32.750341 ], [ -97.237487, 32.75032 ], [ -97.237422, 32.750327 ], [ -97.23729, 32.750522 ], [ -97.237218, 32.750628 ], [ -97.237235, 32.750669 ], [ -97.237291, 32.750703 ], [ -97.23734, 32.750709 ] ], [ [ -97.180053, 32.750939 ], [ -97.179973, 32.750937 ], [ -97.179952, 32.750942 ], [ -97.179913, 32.750951 ], [ -97.179882, 32.750973 ], [ -97.17981, 32.751005 ], [ -97.179784, 32.751053 ], [ -97.179795, 32.7511 ], [ -97.179824, 32.751128 ], [ -97.179873, 32.751154 ], [ -97.179949, 32.75116 ], [ -97.179998, 32.751145 ], [ -97.180044, 32.751095 ], [ -97.180087, 32.751036 ], [ -97.180111, 32.750995 ], [ -97.180104, 32.75096 ], [ -97.180053, 32.750939 ] ], [ [ -97.16761, 32.75069 ], [ -97.16757, 32.750696 ], [ -97.167541, 32.7507 ], [ -97.167493, 32.750722 ], [ -97.167433, 32.750732 ], [ -97.16739, 32.750757 ], [ -97.167377, 32.750805 ], [ -97.167398, 32.751027 ], [ -97.167441, 32.751058 ], [ -97.167502, 32.751063 ], [ -97.167584, 32.751044 ], [ -97.16764, 32.751016 ], [ -97.167679, 32.75094 ], [ -97.1677, 32.750856 ], [ -97.167704, 32.75078 ], [ -97.167683, 32.750715 ], [ -97.16761, 32.75069 ] ], [ [ -97.236755, 32.751475 ], [ -97.236706, 32.751517 ], [ -97.236714, 32.751579 ], [ -97.236727, 32.751598 ], [ -97.236763, 32.751647 ], [ -97.2371, 32.75239 ], [ -97.237113, 32.752502 ], [ -97.237012, 32.75262 ], [ -97.237007, 32.752656 ], [ -97.237049, 32.752691 ], [ -97.237119, 32.75271 ], [ -97.237218, 32.752679 ], [ -97.237316, 32.752659 ], [ -97.237389, 32.752591 ], [ -97.237446, 32.752516 ], [ -97.237454, 32.75242 ], [ -97.23743, 32.752311 ], [ -97.23737, 32.752128 ], [ -97.236999, 32.751537 ], [ -97.236909, 32.751469 ], [ -97.23682, 32.751455 ], [ -97.236755, 32.751475 ] ], [ [ -97.231759, 32.752415 ], [ -97.231773, 32.752495 ], [ -97.231866, 32.752589 ], [ -97.231933, 32.7526 ], [ -97.231985, 32.752634 ], [ -97.232042, 32.752648 ], [ -97.232105, 32.752653 ], [ -97.232151, 32.752639 ], [ -97.232174, 32.752609 ], [ -97.23218, 32.752561 ], [ -97.232168, 32.752504 ], [ -97.232117, 32.752369 ], [ -97.232111, 32.752319 ], [ -97.232114, 32.752283 ], [ -97.232156, 32.75224 ], [ -97.232193, 32.752215 ], [ -97.232198, 32.752181 ], [ -97.232165, 32.752149 ], [ -97.232105, 32.752118 ], [ -97.231866, 32.752024 ], [ -97.231787, 32.752012 ], [ -97.231712, 32.752015 ], [ -97.231615, 32.752039 ], [ -97.231524, 32.752093 ], [ -97.231255, 32.752251 ], [ -97.231171, 32.752325 ], [ -97.231176, 32.752361 ], [ -97.231213, 32.752377 ], [ -97.231274, 32.752338 ], [ -97.231437, 32.752259 ], [ -97.231554, 32.752228 ], [ -97.231629, 32.752228 ], [ -97.23168, 32.752254 ], [ -97.231726, 32.752302 ], [ -97.231754, 32.752353 ], [ -97.231759, 32.752415 ] ], [ [ -97.155174, 32.762151 ], [ -97.155266, 32.762299 ], [ -97.155291, 32.76231 ], [ -97.155324, 32.762317 ], [ -97.155432, 32.762317 ], [ -97.155501, 32.762326 ], [ -97.155562, 32.762344 ], [ -97.155602, 32.762372 ], [ -97.155627, 32.762399 ], [ -97.155699, 32.762548 ], [ -97.155717, 32.762566 ], [ -97.155746, 32.762566 ], [ -97.155854, 32.762535 ], [ -97.155912, 32.762504 ], [ -97.15593, 32.762484 ], [ -97.155938, 32.762462 ], [ -97.155901, 32.76222 ], [ -97.155891, 32.762202 ], [ -97.155869, 32.762186 ], [ -97.155497, 32.762101 ], [ -97.155468, 32.762079 ], [ -97.155454, 32.762037 ], [ -97.155454, 32.761992 ], [ -97.155468, 32.761958 ], [ -97.155667, 32.761843 ], [ -97.155681, 32.761816 ], [ -97.155714, 32.761567 ], [ -97.155732, 32.761546 ], [ -97.155808, 32.761479 ], [ -97.155858, 32.761446 ], [ -97.155891, 32.761406 ], [ -97.155919, 32.761364 ], [ -97.155927, 32.76133 ], [ -97.155923, 32.761288 ], [ -97.155912, 32.761254 ], [ -97.155854, 32.761173 ], [ -97.155775, 32.761114 ], [ -97.15571, 32.761077 ], [ -97.155667, 32.761072 ], [ -97.155638, 32.761077 ], [ -97.155605, 32.761094 ], [ -97.155569, 32.761133 ], [ -97.155508, 32.761187 ], [ -97.155457, 32.761215 ], [ -97.155302, 32.761279 ], [ -97.155291, 32.761297 ], [ -97.155306, 32.761311 ], [ -97.155428, 32.761355 ], [ -97.155446, 32.761367 ], [ -97.155457, 32.761387 ], [ -97.155461, 32.761485 ], [ -97.15545, 32.761512 ], [ -97.155432, 32.761528 ], [ -97.155313, 32.761588 ], [ -97.155288, 32.761591 ], [ -97.155233, 32.761573 ], [ -97.155208, 32.761573 ], [ -97.155194, 32.761588 ], [ -97.155172, 32.76164 ], [ -97.15515, 32.761657 ], [ -97.155121, 32.76167 ], [ -97.155093, 32.76167 ], [ -97.155013, 32.76166 ], [ -97.154973, 32.761664 ], [ -97.154948, 32.761673 ], [ -97.154944, 32.761716 ], [ -97.15497, 32.761752 ], [ -97.155046, 32.761825 ], [ -97.155053, 32.761848 ], [ -97.155064, 32.761947 ], [ -97.155082, 32.762003 ], [ -97.155174, 32.762151 ] ], [ [ -97.22534, 32.766433 ], [ -97.225371, 32.766406 ], [ -97.225364, 32.766267 ], [ -97.225377, 32.766222 ], [ -97.225408, 32.76621 ], [ -97.225449, 32.766236 ], [ -97.225462, 32.766257 ], [ -97.225499, 32.766281 ], [ -97.225618, 32.76625 ], [ -97.225723, 32.766168 ], [ -97.225791, 32.766088 ], [ -97.225796, 32.765954 ], [ -97.22581, 32.765934 ], [ -97.225925, 32.765883 ], [ -97.225925, 32.765859 ], [ -97.225837, 32.765808 ], [ -97.225586, 32.765768 ], [ -97.225555, 32.765797 ], [ -97.225508, 32.765801 ], [ -97.225396, 32.76576 ], [ -97.22523, 32.765662 ], [ -97.225223, 32.765653 ], [ -97.225175, 32.765591 ], [ -97.225155, 32.765544 ], [ -97.225172, 32.765378 ], [ -97.225148, 32.765361 ], [ -97.225089, 32.765366 ], [ -97.225048, 32.765376 ], [ -97.225014, 32.765439 ], [ -97.224997, 32.765451 ], [ -97.224984, 32.765427 ], [ -97.224984, 32.765358 ], [ -97.224953, 32.765332 ], [ -97.224889, 32.765301 ], [ -97.224852, 32.765234 ], [ -97.224848, 32.765186 ], [ -97.224824, 32.765144 ], [ -97.224617, 32.765084 ], [ -97.224489, 32.765034 ], [ -97.224414, 32.765027 ], [ -97.224292, 32.765068 ], [ -97.224248, 32.765057 ], [ -97.22421, 32.764989 ], [ -97.224173, 32.764966 ], [ -97.224102, 32.764944 ], [ -97.224058, 32.764949 ], [ -97.223885, 32.765091 ], [ -97.223817, 32.765206 ], [ -97.22378, 32.76524 ], [ -97.223698, 32.765288 ], [ -97.223688, 32.765304 ], [ -97.223688, 32.765335 ], [ -97.223783, 32.765437 ], [ -97.223929, 32.765569 ], [ -97.224105, 32.76569 ], [ -97.224386, 32.765822 ], [ -97.224858, 32.766036 ], [ -97.225192, 32.76632 ], [ -97.22522, 32.766364 ], [ -97.225223, 32.766391 ], [ -97.225175, 32.766461 ], [ -97.225203, 32.7665 ], [ -97.22525, 32.7665 ], [ -97.225293, 32.766437 ], [ -97.22534, 32.766433 ] ], [ [ -97.156391, 32.769779 ], [ -97.156347, 32.769804 ], [ -97.156299, 32.769861 ], [ -97.156296, 32.769875 ], [ -97.156287, 32.769917 ], [ -97.156303, 32.769985 ], [ -97.156299, 32.770062 ], [ -97.156331, 32.770108 ], [ -97.156363, 32.770128 ], [ -97.156411, 32.770136 ], [ -97.156467, 32.770125 ], [ -97.156519, 32.770089 ], [ -97.156559, 32.770024 ], [ -97.156587, 32.769975 ], [ -97.156595, 32.76992 ], [ -97.156583, 32.769871 ], [ -97.156539, 32.76981 ], [ -97.156443, 32.769776 ], [ -97.156391, 32.769779 ] ], [ [ -97.233408, 32.772826 ], [ -97.23323, 32.772985 ], [ -97.233218, 32.773041 ], [ -97.233218, 32.773094 ], [ -97.233237, 32.773139 ], [ -97.233292, 32.77317 ], [ -97.233341, 32.773176 ], [ -97.233445, 32.773176 ], [ -97.233972, 32.773094 ], [ -97.234045, 32.773063 ], [ -97.234094, 32.773027 ], [ -97.234125, 32.77299 ], [ -97.234143, 32.772934 ], [ -97.234155, 32.772805 ], [ -97.234174, 32.772666 ], [ -97.234192, 32.772362 ], [ -97.234143, 32.772078 ], [ -97.2341, 32.77194 ], [ -97.234082, 32.771811 ], [ -97.234076, 32.771698 ], [ -97.234088, 32.771625 ], [ -97.234094, 32.771554 ], [ -97.234076, 32.771501 ], [ -97.234033, 32.771471 ], [ -97.233959, 32.771465 ], [ -97.233898, 32.771487 ], [ -97.233849, 32.771532 ], [ -97.233825, 32.771572 ], [ -97.233776, 32.771656 ], [ -97.233445, 32.772774 ], [ -97.233408, 32.772826 ] ], [ [ -97.224445, 32.772596 ], [ -97.22442, 32.772618 ], [ -97.22441, 32.772643 ], [ -97.224415, 32.772717 ], [ -97.224603, 32.772979 ], [ -97.224623, 32.773034 ], [ -97.224633, 32.773162 ], [ -97.224657, 32.773204 ], [ -97.224702, 32.773251 ], [ -97.224811, 32.773296 ], [ -97.22487, 32.7733 ], [ -97.224929, 32.773296 ], [ -97.224994, 32.773271 ], [ -97.225137, 32.773201 ], [ -97.225261, 32.773134 ], [ -97.225291, 32.773097 ], [ -97.225286, 32.773059 ], [ -97.225261, 32.773026 ], [ -97.225221, 32.772993 ], [ -97.225172, 32.772972 ], [ -97.225063, 32.772939 ], [ -97.225004, 32.772897 ], [ -97.224959, 32.772847 ], [ -97.224811, 32.772785 ], [ -97.224746, 32.772743 ], [ -97.224722, 32.7727 ], [ -97.224722, 32.77261 ], [ -97.224697, 32.772571 ], [ -97.224657, 32.772548 ], [ -97.224613, 32.772543 ], [ -97.224563, 32.772556 ], [ -97.22449, 32.772581 ], [ -97.224445, 32.772596 ] ], [ [ -97.231776, 32.772666 ], [ -97.23176, 32.772671 ], [ -97.23173, 32.772702 ], [ -97.231711, 32.772728 ], [ -97.231699, 32.772795 ], [ -97.231711, 32.772872 ], [ -97.231742, 32.772939 ], [ -97.231993, 32.77333 ], [ -97.23203, 32.773403 ], [ -97.232085, 32.773449 ], [ -97.232146, 32.773469 ], [ -97.232208, 32.773463 ], [ -97.232263, 32.773454 ], [ -97.232336, 32.773418 ], [ -97.232361, 32.773392 ], [ -97.232367, 32.773356 ], [ -97.232355, 32.7733 ], [ -97.232318, 32.773243 ], [ -97.232128, 32.773063 ], [ -97.232036, 32.772939 ], [ -97.231987, 32.772857 ], [ -97.23192, 32.772723 ], [ -97.231871, 32.772666 ], [ -97.231809, 32.772655 ], [ -97.231776, 32.772666 ] ], [ [ -97.163058, 32.774102 ], [ -97.16317, 32.774138 ], [ -97.163185, 32.774152 ], [ -97.163193, 32.774169 ], [ -97.163189, 32.774203 ], [ -97.163145, 32.774229 ], [ -97.163127, 32.774259 ], [ -97.163147, 32.774265 ], [ -97.163772, 32.774272 ], [ -97.163853, 32.774265 ], [ -97.163895, 32.774259 ], [ -97.164011, 32.77422 ], [ -97.164123, 32.774168 ], [ -97.164142, 32.774155 ], [ -97.164158, 32.774129 ], [ -97.164154, 32.77411 ], [ -97.164138, 32.774093 ], [ -97.164034, 32.774037 ], [ -97.163864, 32.773876 ], [ -97.163752, 32.773746 ], [ -97.163702, 32.773674 ], [ -97.163695, 32.773652 ], [ -97.163702, 32.773623 ], [ -97.163698, 32.773601 ], [ -97.163579, 32.773497 ], [ -97.163563, 32.773477 ], [ -97.163513, 32.773386 ], [ -97.163505, 32.773359 ], [ -97.163502, 32.773328 ], [ -97.163529, 32.773145 ], [ -97.163525, 32.7731 ], [ -97.163502, 32.773091 ], [ -97.163475, 32.773097 ], [ -97.163274, 32.773415 ], [ -97.163266, 32.773451 ], [ -97.163266, 32.773532 ], [ -97.163266, 32.773545 ], [ -97.163262, 32.77357 ], [ -97.163208, 32.773716 ], [ -97.163212, 32.773736 ], [ -97.163228, 32.773763 ], [ -97.163232, 32.773792 ], [ -97.163228, 32.773815 ], [ -97.163208, 32.773837 ], [ -97.163181, 32.77384 ], [ -97.16312, 32.773798 ], [ -97.1631, 32.773789 ], [ -97.163073, 32.773784 ], [ -97.16305, 32.773795 ], [ -97.162981, 32.773995 ], [ -97.162977, 32.774022 ], [ -97.162988, 32.774042 ], [ -97.163023, 32.774084 ], [ -97.163058, 32.774102 ] ], [ [ -97.232171, 32.775671 ], [ -97.232131, 32.775671 ], [ -97.232094, 32.775689 ], [ -97.232076, 32.775717 ], [ -97.232063, 32.775751 ], [ -97.23209, 32.775812 ], [ -97.232117, 32.775843 ], [ -97.232167, 32.775869 ], [ -97.232221, 32.775885 ], [ -97.232266, 32.775914 ], [ -97.23238, 32.776029 ], [ -97.232416, 32.776055 ], [ -97.232466, 32.776066 ], [ -97.232556, 32.776075 ], [ -97.232638, 32.776071 ], [ -97.23267, 32.776055 ], [ -97.232683, 32.776033 ], [ -97.23267, 32.776006 ], [ -97.232642, 32.775987 ], [ -97.232588, 32.775984 ], [ -97.232488, 32.775968 ], [ -97.232457, 32.775957 ], [ -97.232212, 32.775702 ], [ -97.232181, 32.775679 ], [ -97.232171, 32.775671 ] ], [ [ -97.233027, 32.776097 ], [ -97.232991, 32.776086 ], [ -97.232955, 32.776079 ], [ -97.23291, 32.776086 ], [ -97.232869, 32.776125 ], [ -97.232851, 32.776162 ], [ -97.232864, 32.776197 ], [ -97.232892, 32.776227 ], [ -97.232991, 32.77641 ], [ -97.233037, 32.77646 ], [ -97.233073, 32.776482 ], [ -97.233114, 32.776494 ], [ -97.233154, 32.776486 ], [ -97.233181, 32.776463 ], [ -97.233195, 32.776443 ], [ -97.233195, 32.776406 ], [ -97.23315, 32.776243 ], [ -97.233127, 32.776189 ], [ -97.233082, 32.776148 ], [ -97.233027, 32.776097 ] ], [ [ -97.225587, 32.781289 ], [ -97.225831, 32.781271 ], [ -97.225939, 32.781263 ], [ -97.226024, 32.781109 ], [ -97.226091, 32.781018 ], [ -97.226145, 32.780964 ], [ -97.226259, 32.780951 ], [ -97.226357, 32.78099 ], [ -97.226432, 32.781027 ], [ -97.2265, 32.78104 ], [ -97.226519, 32.781081 ], [ -97.226549, 32.781099 ], [ -97.22659, 32.781094 ], [ -97.226597, 32.781068 ], [ -97.226597, 32.781001 ], [ -97.226621, 32.780935 ], [ -97.22656, 32.780895 ], [ -97.226534, 32.780796 ], [ -97.226512, 32.780692 ], [ -97.226471, 32.78061 ], [ -97.226446, 32.780501 ], [ -97.226402, 32.780384 ], [ -97.226376, 32.780265 ], [ -97.226359, 32.780153 ], [ -97.226365, 32.780084 ], [ -97.226275, 32.779971 ], [ -97.226221, 32.779872 ], [ -97.226115, 32.77977 ], [ -97.226009, 32.779724 ], [ -97.225905, 32.779679 ], [ -97.225667, 32.779666 ], [ -97.225407, 32.779666 ], [ -97.225225, 32.779696 ], [ -97.225081, 32.779741 ], [ -97.224948, 32.779839 ], [ -97.22485, 32.779996 ], [ -97.224684, 32.780263 ], [ -97.224602, 32.780395 ], [ -97.224575, 32.780486 ], [ -97.224555, 32.78072 ], [ -97.224607, 32.78083 ], [ -97.224675, 32.780932 ], [ -97.224703, 32.780963 ], [ -97.224968, 32.781118 ], [ -97.225072, 32.781155 ], [ -97.225401, 32.781256 ], [ -97.225587, 32.781289 ] ], [ [ -97.18309, 32.781756 ], [ -97.182688, 32.781655 ], [ -97.182648, 32.781664 ], [ -97.18262, 32.781698 ], [ -97.182597, 32.781756 ], [ -97.182591, 32.781819 ], [ -97.182602, 32.782007 ], [ -97.182625, 32.782041 ], [ -97.182711, 32.782108 ], [ -97.182935, 32.782268 ], [ -97.183176, 32.782403 ], [ -97.183222, 32.782407 ], [ -97.183274, 32.782398 ], [ -97.183302, 32.782373 ], [ -97.183365, 32.782131 ], [ -97.183383, 32.782026 ], [ -97.183377, 32.781993 ], [ -97.183354, 32.781964 ], [ -97.183262, 32.781914 ], [ -97.183228, 32.781906 ], [ -97.183205, 32.78193 ], [ -97.183188, 32.781964 ], [ -97.183153, 32.781968 ], [ -97.183119, 32.781954 ], [ -97.183096, 32.78192 ], [ -97.18309, 32.781886 ], [ -97.183124, 32.781805 ], [ -97.183122, 32.781796 ], [ -97.183119, 32.781776 ], [ -97.18309, 32.781756 ] ], [ [ -97.235633, 32.784975 ], [ -97.235843, 32.784844 ], [ -97.236127, 32.784714 ], [ -97.236649, 32.784424 ], [ -97.236824, 32.784366 ], [ -97.236998, 32.784337 ], [ -97.237172, 32.784366 ], [ -97.237433, 32.784424 ], [ -97.237579, 32.784511 ], [ -97.237956, 32.784858 ], [ -97.238043, 32.784858 ], [ -97.238101, 32.78483 ], [ -97.238159, 32.784771 ], [ -97.238275, 32.784395 ], [ -97.238362, 32.783901 ], [ -97.238391, 32.783467 ], [ -97.238333, 32.782857 ], [ -97.238217, 32.782161 ], [ -97.23813, 32.781958 ], [ -97.238072, 32.7819 ], [ -97.237985, 32.7819 ], [ -97.237869, 32.781928 ], [ -97.237811, 32.781987 ], [ -97.237404, 32.782248 ], [ -97.236824, 32.782538 ], [ -97.236262, 32.782803 ], [ -97.235982, 32.782944 ], [ -97.235691, 32.783032 ], [ -97.235285, 32.783119 ], [ -97.23482, 32.783293 ], [ -97.234559, 32.783467 ], [ -97.234298, 32.783496 ], [ -97.234153, 32.783496 ], [ -97.233978, 32.783554 ], [ -97.233804, 32.783641 ], [ -97.233717, 32.783728 ], [ -97.233717, 32.783844 ], [ -97.233775, 32.783989 ], [ -97.233746, 32.784134 ], [ -97.233572, 32.784337 ], [ -97.233311, 32.784568 ], [ -97.233136, 32.784656 ], [ -97.233078, 32.784743 ], [ -97.233078, 32.78483 ], [ -97.233136, 32.784917 ], [ -97.233253, 32.785062 ], [ -97.233369, 32.785178 ], [ -97.233572, 32.785294 ], [ -97.233833, 32.785469 ], [ -97.234269, 32.785614 ], [ -97.234414, 32.785643 ], [ -97.234501, 32.785584 ], [ -97.23453, 32.785527 ], [ -97.234501, 32.78544 ], [ -97.23453, 32.785382 ], [ -97.234617, 32.785324 ], [ -97.234762, 32.785324 ], [ -97.234936, 32.785382 ], [ -97.23514, 32.785353 ], [ -97.235314, 32.785266 ], [ -97.235633, 32.784975 ] ], [ [ -97.215865, 32.784661 ], [ -97.215913, 32.78458 ], [ -97.21593, 32.784536 ], [ -97.21598, 32.784519 ], [ -97.216237, 32.784543 ], [ -97.216488, 32.784504 ], [ -97.216979, 32.784388 ], [ -97.217498, 32.784174 ], [ -97.217571, 32.784152 ], [ -97.218458, 32.78389 ], [ -97.219154, 32.783696 ], [ -97.220489, 32.783281 ], [ -97.220836, 32.783198 ], [ -97.22086, 32.783171 ], [ -97.22086, 32.783049 ], [ -97.220826, 32.782992 ], [ -97.220616, 32.782764 ], [ -97.220592, 32.78275 ], [ -97.22047, 32.782741 ], [ -97.220324, 32.782687 ], [ -97.220236, 32.782642 ], [ -97.219854, 32.782573 ], [ -97.219486, 32.782531 ], [ -97.21912, 32.782463 ], [ -97.218687, 32.782424 ], [ -97.218603, 32.782434 ], [ -97.218491, 32.782497 ], [ -97.218209, 32.782708 ], [ -97.21808, 32.78278 ], [ -97.217013, 32.783049 ], [ -97.216355, 32.783246 ], [ -97.21616, 32.783295 ], [ -97.215278, 32.783392 ], [ -97.214452, 32.783465 ], [ -97.2143, 32.783487 ], [ -97.214201, 32.78351 ], [ -97.214133, 32.783565 ], [ -97.2141, 32.783642 ], [ -97.214089, 32.783696 ], [ -97.214096, 32.784191 ], [ -97.214055, 32.784256 ], [ -97.213667, 32.784599 ], [ -97.213592, 32.784647 ], [ -97.213351, 32.784729 ], [ -97.213267, 32.784779 ], [ -97.213244, 32.784823 ], [ -97.213227, 32.784927 ], [ -97.213176, 32.784971 ], [ -97.21309, 32.785006 ], [ -97.212942, 32.785003 ], [ -97.212896, 32.785024 ], [ -97.212661, 32.785172 ], [ -97.21244, 32.785286 ], [ -97.212235, 32.785383 ], [ -97.212129, 32.78542 ], [ -97.212059, 32.785432 ], [ -97.21196, 32.785425 ], [ -97.211786, 32.785433 ], [ -97.211553, 32.785474 ], [ -97.211456, 32.78552 ], [ -97.211332, 32.785613 ], [ -97.211199, 32.785638 ], [ -97.210962, 32.78572 ], [ -97.210855, 32.785813 ], [ -97.210762, 32.785976 ], [ -97.210654, 32.786087 ], [ -97.210601, 32.786151 ], [ -97.210557, 32.786218 ], [ -97.210559, 32.786239 ], [ -97.210593, 32.786265 ], [ -97.210785, 32.786329 ], [ -97.210861, 32.786332 ], [ -97.211034, 32.786232 ], [ -97.211451, 32.786172 ], [ -97.211641, 32.78608 ], [ -97.21196, 32.785963 ], [ -97.21202, 32.78592 ], [ -97.212071, 32.785863 ], [ -97.212335, 32.785713 ], [ -97.212414, 32.785682 ], [ -97.21265, 32.785577 ], [ -97.212905, 32.785468 ], [ -97.212973, 32.78546 ], [ -97.213055, 32.785424 ], [ -97.213084, 32.785386 ], [ -97.213087, 32.785261 ], [ -97.213102, 32.785203 ], [ -97.213175, 32.785171 ], [ -97.213267, 32.785171 ], [ -97.213421, 32.785269 ], [ -97.21354, 32.785276 ], [ -97.213665, 32.785187 ], [ -97.213855, 32.785117 ], [ -97.214001, 32.785114 ], [ -97.214069, 32.785137 ], [ -97.214235, 32.785131 ], [ -97.21434, 32.785148 ], [ -97.21454, 32.785117 ], [ -97.215058, 32.784962 ], [ -97.21517, 32.784919 ], [ -97.215356, 32.784888 ], [ -97.215679, 32.784776 ], [ -97.215828, 32.784698 ], [ -97.215865, 32.784661 ] ], [ [ -97.166321, 32.788549 ], [ -97.166336, 32.788638 ], [ -97.16638, 32.78877 ], [ -97.166425, 32.788843 ], [ -97.166454, 32.788932 ], [ -97.166463, 32.789033 ], [ -97.166498, 32.789056 ], [ -97.166528, 32.78905 ], [ -97.166571, 32.788988 ], [ -97.166693, 32.788756 ], [ -97.166711, 32.788713 ], [ -97.166849, 32.788696 ], [ -97.166911, 32.788652 ], [ -97.166941, 32.788549 ], [ -97.166956, 32.788401 ], [ -97.166941, 32.788342 ], [ -97.166882, 32.788313 ], [ -97.166779, 32.788299 ], [ -97.166572, 32.788196 ], [ -97.166307, 32.788078 ], [ -97.16613, 32.78793 ], [ -97.166041, 32.787723 ], [ -97.166012, 32.787459 ], [ -97.165997, 32.787163 ], [ -97.165894, 32.787045 ], [ -97.165783, 32.786279 ], [ -97.165813, 32.785705 ], [ -97.165886, 32.78519 ], [ -97.165901, 32.784792 ], [ -97.165901, 32.784394 ], [ -97.165857, 32.783864 ], [ -97.165857, 32.783673 ], [ -97.165562, 32.783481 ], [ -97.165297, 32.783201 ], [ -97.165002, 32.783098 ], [ -97.164545, 32.783009 ], [ -97.16425, 32.783054 ], [ -97.164176, 32.783157 ], [ -97.164095, 32.783746 ], [ -97.163947, 32.784498 ], [ -97.163758, 32.785241 ], [ -97.163785, 32.785528 ], [ -97.163933, 32.785587 ], [ -97.164021, 32.785646 ], [ -97.164006, 32.785719 ], [ -97.163903, 32.785941 ], [ -97.163712, 32.786236 ], [ -97.163712, 32.786516 ], [ -97.1638, 32.786662 ], [ -97.163977, 32.786752 ], [ -97.16407, 32.786682 ], [ -97.164113, 32.786669 ], [ -97.164154, 32.786678 ], [ -97.164154, 32.786766 ], [ -97.16408, 32.786929 ], [ -97.163815, 32.787253 ], [ -97.163741, 32.78821 ], [ -97.163741, 32.789285 ], [ -97.163771, 32.789462 ], [ -97.1638, 32.789536 ], [ -97.163859, 32.789551 ], [ -97.163947, 32.789654 ], [ -97.163918, 32.789757 ], [ -97.163947, 32.78989 ], [ -97.164065, 32.789875 ], [ -97.164065, 32.7898 ], [ -97.163933, 32.789256 ], [ -97.163992, 32.788755 ], [ -97.164021, 32.788608 ], [ -97.164051, 32.78852 ], [ -97.164095, 32.78846 ], [ -97.164685, 32.788401 ], [ -97.164847, 32.788401 ], [ -97.165938, 32.788342 ], [ -97.166233, 32.788313 ], [ -97.166307, 32.788342 ], [ -97.166321, 32.788401 ], [ -97.166321, 32.788549 ] ], [ [ -97.143593, 32.785292 ], [ -97.143403, 32.785339 ], [ -97.143276, 32.785474 ], [ -97.143031, 32.785807 ], [ -97.142976, 32.785933 ], [ -97.142976, 32.786281 ], [ -97.142999, 32.786392 ], [ -97.143047, 32.786471 ], [ -97.14334, 32.786653 ], [ -97.144139, 32.787065 ], [ -97.144709, 32.787262 ], [ -97.14577, 32.787484 ], [ -97.146981, 32.787674 ], [ -97.147155, 32.787666 ], [ -97.147266, 32.787579 ], [ -97.147282, 32.787444 ], [ -97.147243, 32.787371 ], [ -97.147227, 32.787342 ], [ -97.146965, 32.787278 ], [ -97.146395, 32.787207 ], [ -97.145493, 32.787056 ], [ -97.14486, 32.786914 ], [ -97.144226, 32.786716 ], [ -97.143641, 32.786375 ], [ -97.143506, 32.786305 ], [ -97.143451, 32.786226 ], [ -97.143451, 32.786163 ], [ -97.143482, 32.786036 ], [ -97.14353, 32.785941 ], [ -97.143553, 32.785846 ], [ -97.143617, 32.785672 ], [ -97.14368, 32.785584 ], [ -97.143751, 32.785514 ], [ -97.143807, 32.785435 ], [ -97.143807, 32.785364 ], [ -97.143751, 32.785245 ], [ -97.143704, 32.785221 ], [ -97.143664, 32.785252 ], [ -97.143593, 32.785292 ] ], [ [ -97.162435, 32.789949 ], [ -97.162399, 32.789913 ], [ -97.162376, 32.789854 ], [ -97.162369, 32.789766 ], [ -97.162653, 32.789339 ], [ -97.163007, 32.789029 ], [ -97.163147, 32.788882 ], [ -97.163272, 32.788477 ], [ -97.16342, 32.787467 ], [ -97.163449, 32.786687 ], [ -97.163493, 32.786392 ], [ -97.163479, 32.786141 ], [ -97.163504, 32.784912 ], [ -97.163586, 32.784168 ], [ -97.163597, 32.783622 ], [ -97.163611, 32.783423 ], [ -97.163604, 32.783276 ], [ -97.163486, 32.783144 ], [ -97.163206, 32.782967 ], [ -97.163022, 32.782761 ], [ -97.162786, 32.782376 ], [ -97.162645, 32.782384 ], [ -97.162321, 32.78251 ], [ -97.162144, 32.782539 ], [ -97.162004, 32.782348 ], [ -97.161934, 32.782179 ], [ -97.161978, 32.782075 ], [ -97.161941, 32.782016 ], [ -97.161735, 32.781958 ], [ -97.161285, 32.781934 ], [ -97.161108, 32.781883 ], [ -97.160953, 32.781861 ], [ -97.160821, 32.78181 ], [ -97.160688, 32.78181 ], [ -97.158026, 32.781604 ], [ -97.15754, 32.781706 ], [ -97.156935, 32.781928 ], [ -97.155534, 32.782193 ], [ -97.153912, 32.782635 ], [ -97.153006, 32.78318 ], [ -97.152622, 32.7834 ], [ -97.152534, 32.783519 ], [ -97.152445, 32.783696 ], [ -97.152431, 32.78402 ], [ -97.152401, 32.784284 ], [ -97.152401, 32.784388 ], [ -97.15249, 32.784506 ], [ -97.152519, 32.78458 ], [ -97.152519, 32.784698 ], [ -97.152504, 32.784844 ], [ -97.152534, 32.784978 ], [ -97.152652, 32.785051 ], [ -97.15277, 32.785096 ], [ -97.152961, 32.785199 ], [ -97.152961, 32.785286 ], [ -97.152873, 32.785345 ], [ -97.152306, 32.785348 ], [ -97.152283, 32.785404 ], [ -97.15236, 32.785452 ], [ -97.152413, 32.785471 ], [ -97.152924, 32.7855 ], [ -97.153061, 32.785473 ], [ -97.153184, 32.785473 ], [ -97.15347, 32.785505 ], [ -97.15371, 32.785505 ], [ -97.153954, 32.785477 ], [ -97.154004, 32.785486 ], [ -97.154042, 32.785493 ], [ -97.156725, 32.785435 ], [ -97.157787, 32.785493 ], [ -97.158406, 32.785493 ], [ -97.158629, 32.785373 ], [ -97.158613, 32.785317 ], [ -97.158465, 32.785258 ], [ -97.158347, 32.785258 ], [ -97.157905, 32.785317 ], [ -97.157669, 32.785376 ], [ -97.157521, 32.785376 ], [ -97.157286, 32.785286 ], [ -97.157403, 32.785021 ], [ -97.157227, 32.784903 ], [ -97.156932, 32.784668 ], [ -97.156342, 32.784284 ], [ -97.156047, 32.783901 ], [ -97.15587, 32.783726 ], [ -97.15584, 32.783372 ], [ -97.155929, 32.783254 ], [ -97.156371, 32.783225 ], [ -97.156489, 32.783431 ], [ -97.156784, 32.783549 ], [ -97.157109, 32.783549 ], [ -97.157698, 32.783519 ], [ -97.1582, 32.783372 ], [ -97.158406, 32.78349 ], [ -97.158642, 32.783549 ], [ -97.158849, 32.783549 ], [ -97.15932, 32.783136 ], [ -97.159733, 32.783107 ], [ -97.159999, 32.783107 ], [ -97.160319, 32.78315 ], [ -97.160541, 32.783239 ], [ -97.160592, 32.783298 ], [ -97.160718, 32.783386 ], [ -97.160894, 32.783468 ], [ -97.160909, 32.783534 ], [ -97.160894, 32.783614 ], [ -97.160813, 32.783792 ], [ -97.160718, 32.783938 ], [ -97.160651, 32.784145 ], [ -97.160695, 32.784654 ], [ -97.160636, 32.784823 ], [ -97.160533, 32.784948 ], [ -97.160471, 32.785081 ], [ -97.160323, 32.785081 ], [ -97.160146, 32.78514 ], [ -97.16008, 32.785249 ], [ -97.160058, 32.785345 ], [ -97.160183, 32.785648 ], [ -97.160131, 32.785744 ], [ -97.159932, 32.785972 ], [ -97.159829, 32.786112 ], [ -97.15977, 32.78626 ], [ -97.159704, 32.786355 ], [ -97.159571, 32.786444 ], [ -97.159372, 32.786524 ], [ -97.159335, 32.786597 ], [ -97.159254, 32.789839 ], [ -97.15932, 32.790008 ], [ -97.159431, 32.790156 ], [ -97.159475, 32.790488 ], [ -97.159774, 32.791711 ], [ -97.159774, 32.791748 ], [ -97.159811, 32.791902 ], [ -97.160017, 32.791932 ], [ -97.161558, 32.791969 ], [ -97.161683, 32.791873 ], [ -97.161757, 32.791857 ], [ -97.161831, 32.791798 ], [ -97.161919, 32.791873 ], [ -97.162107, 32.791932 ], [ -97.162144, 32.791961 ], [ -97.162904, 32.791961 ], [ -97.162985, 32.791969 ], [ -97.163014, 32.791953 ], [ -97.162985, 32.791924 ], [ -97.162476, 32.791888 ], [ -97.162247, 32.791762 ], [ -97.162233, 32.791688 ], [ -97.162343, 32.791629 ], [ -97.16252, 32.791556 ], [ -97.162609, 32.791446 ], [ -97.162723, 32.791033 ], [ -97.162738, 32.790951 ], [ -97.162686, 32.790782 ], [ -97.162539, 32.790546 ], [ -97.162539, 32.790444 ], [ -97.162575, 32.790348 ], [ -97.162575, 32.790289 ], [ -97.162546, 32.790222 ], [ -97.162465, 32.79012 ], [ -97.162457, 32.790002 ], [ -97.162435, 32.789949 ] ], [ [ -97.174213, 32.789149 ], [ -97.174213, 32.789108 ], [ -97.174266, 32.789026 ], [ -97.17438, 32.788937 ], [ -97.174582, 32.788846 ], [ -97.174853, 32.788823 ], [ -97.175015, 32.788781 ], [ -97.175075, 32.788739 ], [ -97.175135, 32.788657 ], [ -97.175235, 32.788541 ], [ -97.175294, 32.788365 ], [ -97.175293, 32.788243 ], [ -97.17525, 32.788027 ], [ -97.175242, 32.787966 ], [ -97.175309, 32.787925 ], [ -97.175309, 32.787857 ], [ -97.175289, 32.787648 ], [ -97.175275, 32.787607 ], [ -97.175234, 32.787588 ], [ -97.175221, 32.787561 ], [ -97.175145, 32.787514 ], [ -97.175076, 32.787407 ], [ -97.175001, 32.787326 ], [ -97.17498, 32.787272 ], [ -97.174966, 32.787212 ], [ -97.174965, 32.787151 ], [ -97.17506, 32.787103 ], [ -97.175165, 32.786932 ], [ -97.175172, 32.786898 ], [ -97.175171, 32.78685 ], [ -97.175015, 32.786792 ], [ -97.174954, 32.786792 ], [ -97.174832, 32.786801 ], [ -97.174812, 32.78676 ], [ -97.174797, 32.786693 ], [ -97.174789, 32.786625 ], [ -97.174776, 32.786585 ], [ -97.174579, 32.78654 ], [ -97.174517, 32.786486 ], [ -97.17451, 32.786412 ], [ -97.174516, 32.786358 ], [ -97.174556, 32.786344 ], [ -97.174596, 32.786303 ], [ -97.174608, 32.786234 ], [ -97.174379, 32.786245 ], [ -97.174332, 32.786258 ], [ -97.174237, 32.786314 ], [ -97.174198, 32.786361 ], [ -97.174085, 32.786559 ], [ -97.174031, 32.78656 ], [ -97.173895, 32.786534 ], [ -97.173616, 32.786469 ], [ -97.173548, 32.786423 ], [ -97.173452, 32.786337 ], [ -97.173343, 32.786216 ], [ -97.173263, 32.786184 ], [ -97.17324, 32.78619 ], [ -97.17323, 32.786227 ], [ -97.17327, 32.786379 ], [ -97.173272, 32.786582 ], [ -97.173221, 32.7868 ], [ -97.173193, 32.786878 ], [ -97.173117, 32.786895 ], [ -97.173009, 32.78689 ], [ -97.172982, 32.786917 ], [ -97.172985, 32.787208 ], [ -97.172945, 32.787202 ], [ -97.17289, 32.787128 ], [ -97.172848, 32.787047 ], [ -97.172827, 32.786966 ], [ -97.172785, 32.786858 ], [ -97.172776, 32.786696 ], [ -97.172816, 32.786608 ], [ -97.172856, 32.786574 ], [ -97.172883, 32.786532 ], [ -97.172876, 32.786522 ], [ -97.172861, 32.78652 ], [ -97.172843, 32.786525 ], [ -97.172775, 32.786575 ], [ -97.172727, 32.786575 ], [ -97.17268, 32.786603 ], [ -97.172633, 32.786657 ], [ -97.172607, 32.786711 ], [ -97.172595, 32.786813 ], [ -97.172579, 32.787247 ], [ -97.172581, 32.787362 ], [ -97.172511, 32.787735 ], [ -97.172493, 32.787931 ], [ -97.172488, 32.78808 ], [ -97.17259, 32.788173 ], [ -97.172612, 32.788254 ], [ -97.172653, 32.788342 ], [ -97.172735, 32.788388 ], [ -97.172912, 32.788508 ], [ -97.173028, 32.78852 ], [ -97.173129, 32.788519 ], [ -97.173191, 32.788572 ], [ -97.173239, 32.788626 ], [ -97.17327, 32.78872 ], [ -97.173278, 32.788815 ], [ -97.173278, 32.788827 ], [ -97.173272, 32.788841 ], [ -97.173212, 32.788897 ], [ -97.173199, 32.788912 ], [ -97.173196, 32.788931 ], [ -97.173198, 32.788948 ], [ -97.173211, 32.788966 ], [ -97.173227, 32.788978 ], [ -97.173258, 32.788991 ], [ -97.173303, 32.788993 ], [ -97.173307, 32.789012 ], [ -97.173248, 32.789133 ], [ -97.173249, 32.789234 ], [ -97.17323, 32.789357 ], [ -97.173198, 32.789431 ], [ -97.173137, 32.789466 ], [ -97.173069, 32.789467 ], [ -97.172987, 32.789491 ], [ -97.172908, 32.789504 ], [ -97.172895, 32.789511 ], [ -97.172893, 32.789525 ], [ -97.172897, 32.789537 ], [ -97.172913, 32.789545 ], [ -97.17305, 32.789548 ], [ -97.173066, 32.789558 ], [ -97.173095, 32.789598 ], [ -97.173193, 32.789614 ], [ -97.17324, 32.789597 ], [ -97.173274, 32.789562 ], [ -97.173291, 32.789552 ], [ -97.173314, 32.789559 ], [ -97.173406, 32.789598 ], [ -97.173623, 32.789595 ], [ -97.173684, 32.789622 ], [ -97.173928, 32.789619 ], [ -97.174042, 32.78959 ], [ -97.174123, 32.789535 ], [ -97.174203, 32.789413 ], [ -97.17425, 32.789364 ], [ -97.17429, 32.78929 ], [ -97.174302, 32.789236 ], [ -97.174295, 32.789195 ], [ -97.174274, 32.789169 ], [ -97.174213, 32.789149 ] ], [ [ -97.197508, 32.788807 ], [ -97.197855, 32.788775 ], [ -97.197964, 32.788789 ], [ -97.198096, 32.78877 ], [ -97.198201, 32.788775 ], [ -97.19853, 32.788719 ], [ -97.19869, 32.788719 ], [ -97.199211, 32.788677 ], [ -97.199327, 32.788632 ], [ -97.199393, 32.788576 ], [ -97.199492, 32.788525 ], [ -97.200143, 32.788382 ], [ -97.200803, 32.788209 ], [ -97.200835, 32.788192 ], [ -97.200856, 32.788167 ], [ -97.20086, 32.788133 ], [ -97.200856, 32.788088 ], [ -97.20084, 32.78806 ], [ -97.200815, 32.788036 ], [ -97.200778, 32.788015 ], [ -97.200716, 32.788007 ], [ -97.200065, 32.788112 ], [ -97.199722, 32.788123 ], [ -97.199343, 32.788216 ], [ -97.198761, 32.788341 ], [ -97.198662, 32.788418 ], [ -97.198453, 32.788469 ], [ -97.198118, 32.788539 ], [ -97.197893, 32.788544 ], [ -97.197676, 32.788528 ], [ -97.197382, 32.788396 ], [ -97.197206, 32.788331 ], [ -97.197175, 32.788324 ], [ -97.197054, 32.788319 ], [ -97.196907, 32.78833 ], [ -97.196867, 32.788345 ], [ -97.196821, 32.788373 ], [ -97.196734, 32.788432 ], [ -97.196713, 32.788477 ], [ -97.196712, 32.788513 ], [ -97.196723, 32.788548 ], [ -97.196765, 32.788618 ], [ -97.196877, 32.788738 ], [ -97.196983, 32.788773 ], [ -97.197082, 32.78879 ], [ -97.197454, 32.788805 ], [ -97.197508, 32.788807 ] ], [ [ -97.168139, 32.790273 ], [ -97.168234, 32.790238 ], [ -97.168316, 32.790142 ], [ -97.168393, 32.789847 ], [ -97.168467, 32.789845 ], [ -97.168487, 32.789853 ], [ -97.168618, 32.790048 ], [ -97.168649, 32.790067 ], [ -97.16914, 32.790805 ], [ -97.169324, 32.791136 ], [ -97.169361, 32.791556 ], [ -97.16953, 32.791674 ], [ -97.169582, 32.791674 ], [ -97.169869, 32.791452 ], [ -97.169951, 32.791334 ], [ -97.169936, 32.790886 ], [ -97.169884, 32.790871 ], [ -97.169847, 32.790849 ], [ -97.16981, 32.790768 ], [ -97.16981, 32.790709 ], [ -97.169899, 32.790694 ], [ -97.169906, 32.790584 ], [ -97.169722, 32.790473 ], [ -97.169678, 32.79037 ], [ -97.169626, 32.790193 ], [ -97.16953, 32.78978 ], [ -97.169516, 32.789575 ], [ -97.169442, 32.789273 ], [ -97.169375, 32.789133 ], [ -97.169198, 32.788933 ], [ -97.168963, 32.788411 ], [ -97.168756, 32.788234 ], [ -97.16864, 32.788185 ], [ -97.168546, 32.788145 ], [ -97.168413, 32.788123 ], [ -97.168391, 32.788027 ], [ -97.168391, 32.787777 ], [ -97.168406, 32.787549 ], [ -97.168458, 32.787202 ], [ -97.168494, 32.78707 ], [ -97.16848, 32.787004 ], [ -97.168435, 32.786966 ], [ -97.16831, 32.786945 ], [ -97.168037, 32.786996 ], [ -97.167956, 32.787025 ], [ -97.167794, 32.787055 ], [ -97.167741, 32.787103 ], [ -97.167733, 32.787155 ], [ -97.167711, 32.78718 ], [ -97.167612, 32.787162 ], [ -97.167619, 32.787048 ], [ -97.167685, 32.786945 ], [ -97.167755, 32.786879 ], [ -97.168047, 32.786704 ], [ -97.168205, 32.786562 ], [ -97.168209, 32.786503 ], [ -97.168201, 32.78647 ], [ -97.168117, 32.786414 ], [ -97.167903, 32.7864 ], [ -97.167714, 32.786419 ], [ -97.167678, 32.7864 ], [ -97.167668, 32.786369 ], [ -97.167696, 32.78631 ], [ -97.167814, 32.785958 ], [ -97.167858, 32.785877 ], [ -97.168028, 32.785729 ], [ -97.168043, 32.785641 ], [ -97.167984, 32.785567 ], [ -97.167976, 32.785435 ], [ -97.167895, 32.785376 ], [ -97.167792, 32.785376 ], [ -97.167593, 32.785472 ], [ -97.167357, 32.785516 ], [ -97.167084, 32.785611 ], [ -97.166922, 32.785626 ], [ -97.166716, 32.785626 ], [ -97.166524, 32.785648 ], [ -97.166214, 32.785707 ], [ -97.166096, 32.785722 ], [ -97.166015, 32.785759 ], [ -97.165919, 32.786098 ], [ -97.165942, 32.786186 ], [ -97.165956, 32.786709 ], [ -97.166001, 32.786893 ], [ -97.166037, 32.786937 ], [ -97.166096, 32.786952 ], [ -97.166354, 32.786952 ], [ -97.166443, 32.787011 ], [ -97.16648, 32.787084 ], [ -97.166465, 32.787335 ], [ -97.166436, 32.787453 ], [ -97.166428, 32.787593 ], [ -97.166436, 32.787652 ], [ -97.166502, 32.787667 ], [ -97.166598, 32.787674 ], [ -97.166694, 32.787711 ], [ -97.166966, 32.787718 ], [ -97.167055, 32.787777 ], [ -97.167239, 32.787872 ], [ -97.167276, 32.787917 ], [ -97.167313, 32.78802 ], [ -97.167307, 32.788041 ], [ -97.16714, 32.78875 ], [ -97.16697, 32.789161 ], [ -97.166859, 32.789346 ], [ -97.166808, 32.789493 ], [ -97.1668, 32.789582 ], [ -97.166904, 32.7897 ], [ -97.16714, 32.789899 ], [ -97.167221, 32.790061 ], [ -97.167291, 32.790098 ], [ -97.167438, 32.790142 ], [ -97.167505, 32.790201 ], [ -97.167593, 32.790252 ], [ -97.167844, 32.790245 ], [ -97.168013, 32.790281 ], [ -97.168139, 32.790273 ] ], [ [ -97.144697, 32.7885 ], [ -97.145126, 32.788196 ], [ -97.145134, 32.788134 ], [ -97.145041, 32.78812 ], [ -97.144831, 32.788142 ], [ -97.144497, 32.788244 ], [ -97.144392, 32.788308 ], [ -97.144241, 32.788399 ], [ -97.143992, 32.788648 ], [ -97.143992, 32.788679 ], [ -97.144163, 32.788741 ], [ -97.14431, 32.788772 ], [ -97.144697, 32.7885 ] ], [ [ -97.143122, 32.7901 ], [ -97.142935, 32.790309 ], [ -97.142805, 32.790398 ], [ -97.142741, 32.790442 ], [ -97.142438, 32.79048 ], [ -97.142298, 32.790488 ], [ -97.142189, 32.790511 ], [ -97.142174, 32.790597 ], [ -97.142158, 32.790838 ], [ -97.142407, 32.790861 ], [ -97.142865, 32.790813 ], [ -97.143083, 32.790729 ], [ -97.143238, 32.790574 ], [ -97.143475, 32.79025 ], [ -97.143518, 32.790193 ], [ -97.143906, 32.789479 ], [ -97.14365, 32.789392 ], [ -97.143541, 32.789392 ], [ -97.143479, 32.789448 ], [ -97.143378, 32.789603 ], [ -97.143122, 32.7901 ] ], [ [ -97.165786, 32.795473 ], [ -97.16583, 32.795586 ], [ -97.165843, 32.795642 ], [ -97.16589, 32.795642 ], [ -97.16594, 32.79562 ], [ -97.166003, 32.795617 ], [ -97.166037, 32.795623 ], [ -97.166097, 32.795662 ], [ -97.166141, 32.795654 ], [ -97.166294, 32.795605 ], [ -97.166366, 32.795606 ], [ -97.166423, 32.795639 ], [ -97.166489, 32.795647 ], [ -97.166545, 32.795634 ], [ -97.166614, 32.795606 ], [ -97.166636, 32.795583 ], [ -97.166626, 32.795544 ], [ -97.166583, 32.795515 ], [ -97.166523, 32.795493 ], [ -97.166473, 32.795433 ], [ -97.166232, 32.79507 ], [ -97.166153, 32.795014 ], [ -97.16605, 32.794959 ], [ -97.165736, 32.794806 ], [ -97.165611, 32.794724 ], [ -97.165532, 32.794679 ], [ -97.165463, 32.794627 ], [ -97.165426, 32.794592 ], [ -97.165294, 32.794434 ], [ -97.165197, 32.794371 ], [ -97.165162, 32.794353 ], [ -97.164858, 32.794157 ], [ -97.164824, 32.794148 ], [ -97.164771, 32.794176 ], [ -97.164742, 32.794221 ], [ -97.16473, 32.794249 ], [ -97.164711, 32.794268 ], [ -97.164677, 32.794286 ], [ -97.164639, 32.794317 ], [ -97.16467, 32.794416 ], [ -97.164708, 32.794446 ], [ -97.164774, 32.794449 ], [ -97.16484, 32.794461 ], [ -97.164905, 32.794511 ], [ -97.164934, 32.794566 ], [ -97.164952, 32.794637 ], [ -97.16494, 32.794672 ], [ -97.164912, 32.794701 ], [ -97.164843, 32.794716 ], [ -97.164774, 32.794679 ], [ -97.164733, 32.794615 ], [ -97.164724, 32.794569 ], [ -97.164686, 32.794519 ], [ -97.164626, 32.794508 ], [ -97.164589, 32.794519 ], [ -97.164564, 32.794566 ], [ -97.164579, 32.794933 ], [ -97.164595, 32.795056 ], [ -97.164617, 32.795178 ], [ -97.164667, 32.795212 ], [ -97.164695, 32.795222 ], [ -97.164714, 32.795243 ], [ -97.16473, 32.795288 ], [ -97.164739, 32.795338 ], [ -97.164752, 32.795364 ], [ -97.164824, 32.795402 ], [ -97.164865, 32.795454 ], [ -97.164896, 32.795507 ], [ -97.165072, 32.795679 ], [ -97.165159, 32.795738 ], [ -97.165294, 32.795802 ], [ -97.165432, 32.795828 ], [ -97.165492, 32.795816 ], [ -97.165529, 32.795795 ], [ -97.165545, 32.79575 ], [ -97.165532, 32.795704 ], [ -97.165514, 32.795665 ], [ -97.16552, 32.795642 ], [ -97.165573, 32.795613 ], [ -97.165586, 32.795572 ], [ -97.165586, 32.795534 ], [ -97.165611, 32.795493 ], [ -97.165658, 32.795361 ], [ -97.165711, 32.795361 ], [ -97.165764, 32.795394 ], [ -97.165786, 32.795473 ] ], [ [ -97.152114, 32.79719 ], [ -97.152494, 32.797196 ], [ -97.152521, 32.797184 ], [ -97.152591, 32.797162 ], [ -97.152646, 32.797047 ], [ -97.152738, 32.796985 ], [ -97.153008, 32.796985 ], [ -97.153432, 32.797024 ], [ -97.153841, 32.797246 ], [ -97.1539, 32.79732 ], [ -97.153973, 32.797379 ], [ -97.154121, 32.797393 ], [ -97.154313, 32.797393 ], [ -97.154445, 32.797305 ], [ -97.154475, 32.797217 ], [ -97.154372, 32.796981 ], [ -97.154254, 32.796642 ], [ -97.154224, 32.79589 ], [ -97.154136, 32.795537 ], [ -97.154018, 32.795405 ], [ -97.153885, 32.795228 ], [ -97.153767, 32.794947 ], [ -97.153678, 32.794683 ], [ -97.153531, 32.794328 ], [ -97.153443, 32.79421 ], [ -97.153251, 32.794123 ], [ -97.152926, 32.794064 ], [ -97.152618, 32.794058 ], [ -97.152499, 32.794049 ], [ -97.152219, 32.794137 ], [ -97.152174, 32.794196 ], [ -97.15213, 32.794314 ], [ -97.152042, 32.79486 ], [ -97.152042, 32.795184 ], [ -97.152012, 32.795507 ], [ -97.152012, 32.795979 ], [ -97.152042, 32.796391 ], [ -97.152101, 32.796686 ], [ -97.152101, 32.796981 ], [ -97.152077, 32.797092 ], [ -97.152092, 32.797165 ], [ -97.152114, 32.79719 ] ], [ [ -97.196791, 32.797628 ], [ -97.196873, 32.797682 ], [ -97.19692, 32.797797 ], [ -97.196981, 32.797994 ], [ -97.19732, 32.798462 ], [ -97.197476, 32.798726 ], [ -97.197631, 32.798929 ], [ -97.197792, 32.798651 ], [ -97.197832, 32.798454 ], [ -97.197862, 32.798368 ], [ -97.197918, 32.798307 ], [ -97.198089, 32.797934 ], [ -97.198332, 32.797611 ], [ -97.199615, 32.797759 ], [ -97.199468, 32.79755 ], [ -97.199264, 32.797238 ], [ -97.199244, 32.79717 ], [ -97.199176, 32.797068 ], [ -97.19904, 32.796987 ], [ -97.198884, 32.796926 ], [ -97.198525, 32.796811 ], [ -97.19826, 32.79679 ], [ -97.198165, 32.796796 ], [ -97.198111, 32.796818 ], [ -97.19809, 32.796912 ], [ -97.198301, 32.797089 ], [ -97.198341, 32.797162 ], [ -97.198335, 32.79721 ], [ -97.198253, 32.79719 ], [ -97.198158, 32.79715 ], [ -97.197819, 32.796899 ], [ -97.197765, 32.796885 ], [ -97.197429, 32.796977 ], [ -97.197286, 32.796962 ], [ -97.197205, 32.796909 ], [ -97.196906, 32.796813 ], [ -97.196479, 32.796807 ], [ -97.196106, 32.79678 ], [ -97.195841, 32.79678 ], [ -97.195767, 32.796807 ], [ -97.195706, 32.796841 ], [ -97.195645, 32.79695 ], [ -97.195617, 32.797248 ], [ -97.195624, 32.797384 ], [ -97.195658, 32.797506 ], [ -97.195787, 32.797682 ], [ -97.195841, 32.79777 ], [ -97.196038, 32.797857 ], [ -97.196194, 32.797851 ], [ -97.196316, 32.79775 ], [ -97.196513, 32.797655 ], [ -97.196655, 32.797635 ], [ -97.196791, 32.797628 ] ], [ [ -97.217155, 32.799988 ], [ -97.217164, 32.799961 ], [ -97.217155, 32.79992 ], [ -97.21715, 32.799843 ], [ -97.217126, 32.799802 ], [ -97.21712, 32.799691 ], [ -97.217147, 32.799569 ], [ -97.21714, 32.799494 ], [ -97.217091, 32.799414 ], [ -97.217084, 32.799329 ], [ -97.217115, 32.799315 ], [ -97.21724, 32.799343 ], [ -97.217298, 32.799343 ], [ -97.217389, 32.799301 ], [ -97.217427, 32.799228 ], [ -97.217366, 32.799199 ], [ -97.217336, 32.799202 ], [ -97.217311, 32.799189 ], [ -97.217328, 32.799154 ], [ -97.217344, 32.799106 ], [ -97.21732, 32.799037 ], [ -97.217311, 32.798994 ], [ -97.217303, 32.79892 ], [ -97.217278, 32.798823 ], [ -97.21726, 32.798675 ], [ -97.217128, 32.7986 ], [ -97.217047, 32.798603 ], [ -97.216799, 32.798662 ], [ -97.216724, 32.798672 ], [ -97.216614, 32.798671 ], [ -97.216507, 32.798678 ], [ -97.216277, 32.798713 ], [ -97.216187, 32.798754 ], [ -97.216089, 32.798761 ], [ -97.215792, 32.798828 ], [ -97.215588, 32.798885 ], [ -97.215342, 32.79887 ], [ -97.215223, 32.798901 ], [ -97.215186, 32.798945 ], [ -97.215047, 32.799511 ], [ -97.215037, 32.799636 ], [ -97.215083, 32.799902 ], [ -97.215083, 32.800008 ], [ -97.215055, 32.800184 ], [ -97.215076, 32.800282 ], [ -97.21511, 32.80033 ], [ -97.215184, 32.800401 ], [ -97.215266, 32.800445 ], [ -97.215342, 32.800423 ], [ -97.215407, 32.800409 ], [ -97.215465, 32.800389 ], [ -97.215514, 32.800333 ], [ -97.215574, 32.800241 ], [ -97.215544, 32.800224 ], [ -97.215388, 32.800207 ], [ -97.215381, 32.80019 ], [ -97.215399, 32.800044 ], [ -97.215442, 32.800041 ], [ -97.2155, 32.799963 ], [ -97.215607, 32.799981 ], [ -97.215629, 32.799979 ], [ -97.215737, 32.800075 ], [ -97.215825, 32.800193 ], [ -97.215954, 32.800265 ], [ -97.216146, 32.800306 ], [ -97.216302, 32.800251 ], [ -97.216425, 32.800237 ], [ -97.216458, 32.800244 ], [ -97.216638, 32.800195 ], [ -97.217057, 32.80012 ], [ -97.217106, 32.800107 ], [ -97.217139, 32.800099 ], [ -97.217147, 32.800064 ], [ -97.217155, 32.799988 ] ], [ [ -97.162738, 32.799255 ], [ -97.162686, 32.799211 ], [ -97.162579, 32.799166 ], [ -97.162531, 32.799166 ], [ -97.162504, 32.799132 ], [ -97.162765, 32.799003 ], [ -97.162821, 32.798949 ], [ -97.162865, 32.798872 ], [ -97.162828, 32.798702 ], [ -97.162854, 32.798636 ], [ -97.162905, 32.798572 ], [ -97.163023, 32.798456 ], [ -97.163116, 32.798433 ], [ -97.163226, 32.798481 ], [ -97.163281, 32.798481 ], [ -97.1633, 32.798459 ], [ -97.163307, 32.798397 ], [ -97.163281, 32.798296 ], [ -97.163211, 32.798178 ], [ -97.163174, 32.798146 ], [ -97.163068, 32.798153 ], [ -97.162612, 32.798478 ], [ -97.161949, 32.798857 ], [ -97.161189, 32.799185 ], [ -97.159964, 32.799715 ], [ -97.159842, 32.799774 ], [ -97.159853, 32.799818 ], [ -97.159901, 32.79984 ], [ -97.160192, 32.799804 ], [ -97.160251, 32.799807 ], [ -97.16027, 32.799833 ], [ -97.160266, 32.799866 ], [ -97.160386, 32.799895 ], [ -97.161737, 32.79987 ], [ -97.162404, 32.799866 ], [ -97.162511, 32.799836 ], [ -97.162577, 32.799734 ], [ -97.162599, 32.799638 ], [ -97.162599, 32.799568 ], [ -97.162706, 32.799384 ], [ -97.162741, 32.79934 ], [ -97.162738, 32.799255 ] ], [ [ -97.163858, 32.799402 ], [ -97.163925, 32.799402 ], [ -97.163973, 32.799341 ], [ -97.163965, 32.7993 ], [ -97.163903, 32.79927 ], [ -97.163951, 32.799 ], [ -97.163958, 32.798983 ], [ -97.164054, 32.798946 ], [ -97.16426, 32.798957 ], [ -97.164319, 32.798946 ], [ -97.164352, 32.798917 ], [ -97.164382, 32.798854 ], [ -97.164411, 32.798851 ], [ -97.164585, 32.798938 ], [ -97.164614, 32.798943 ], [ -97.16464, 32.798913 ], [ -97.164644, 32.798884 ], [ -97.164459, 32.79871 ], [ -97.164385, 32.798614 ], [ -97.164344, 32.798544 ], [ -97.16433, 32.79849 ], [ -97.164297, 32.79846 ], [ -97.164164, 32.798482 ], [ -97.163891, 32.798512 ], [ -97.163747, 32.798564 ], [ -97.163696, 32.798626 ], [ -97.163637, 32.798772 ], [ -97.163432, 32.798858 ], [ -97.163213, 32.799146 ], [ -97.162982, 32.79945 ], [ -97.162923, 32.799594 ], [ -97.162916, 32.799683 ], [ -97.162923, 32.799753 ], [ -97.162942, 32.799801 ], [ -97.16301, 32.799842 ], [ -97.16311, 32.799871 ], [ -97.163353, 32.799871 ], [ -97.163558, 32.799856 ], [ -97.163862, 32.799842 ], [ -97.16387, 32.799816 ], [ -97.163862, 32.799616 ], [ -97.163799, 32.799557 ], [ -97.163777, 32.799473 ], [ -97.163777, 32.799414 ], [ -97.163818, 32.799391 ], [ -97.163858, 32.799402 ] ], [ [ -97.209824, 32.800544 ], [ -97.209882, 32.800412 ], [ -97.209923, 32.800371 ], [ -97.209943, 32.800381 ], [ -97.209967, 32.800435 ], [ -97.210045, 32.800449 ], [ -97.210128, 32.800444 ], [ -97.210197, 32.800424 ], [ -97.210231, 32.800398 ], [ -97.210381, 32.800347 ], [ -97.210453, 32.80033 ], [ -97.210581, 32.8003 ], [ -97.210659, 32.800212 ], [ -97.210699, 32.800109 ], [ -97.210713, 32.799934 ], [ -97.210649, 32.799815 ], [ -97.210615, 32.799798 ], [ -97.210493, 32.799798 ], [ -97.210394, 32.799815 ], [ -97.210326, 32.7999 ], [ -97.210242, 32.799934 ], [ -97.210065, 32.799981 ], [ -97.209991, 32.799974 ], [ -97.209885, 32.799937 ], [ -97.209845, 32.799944 ], [ -97.209765, 32.800038 ], [ -97.209614, 32.800266 ], [ -97.209577, 32.800361 ], [ -97.209566, 32.800547 ], [ -97.20959, 32.800587 ], [ -97.209655, 32.800621 ], [ -97.209709, 32.800612 ], [ -97.209796, 32.80057 ], [ -97.209824, 32.800544 ] ], [ [ -97.18227, 32.804446 ], [ -97.182319, 32.804329 ], [ -97.182353, 32.804285 ], [ -97.182508, 32.804218 ], [ -97.18258, 32.804145 ], [ -97.182721, 32.804141 ], [ -97.182798, 32.804155 ], [ -97.182837, 32.804223 ], [ -97.182857, 32.804281 ], [ -97.18307, 32.804397 ], [ -97.18321, 32.804397 ], [ -97.183336, 32.804367 ], [ -97.183428, 32.804204 ], [ -97.183438, 32.80415 ], [ -97.183409, 32.804077 ], [ -97.183501, 32.803632 ], [ -97.183491, 32.803573 ], [ -97.183423, 32.803545 ], [ -97.183341, 32.803555 ], [ -97.182895, 32.803559 ], [ -97.182279, 32.803598 ], [ -97.182042, 32.803613 ], [ -97.181984, 32.803632 ], [ -97.181989, 32.803685 ], [ -97.182033, 32.80384 ], [ -97.182076, 32.804131 ], [ -97.18212, 32.804266 ], [ -97.18222, 32.804434 ], [ -97.182236, 32.804451 ], [ -97.18227, 32.804446 ] ], [ [ -97.192546, 32.806147 ], [ -97.192791, 32.806187 ], [ -97.19299, 32.806243 ], [ -97.193076, 32.806329 ], [ -97.193138, 32.806614 ], [ -97.193785, 32.806781 ], [ -97.193998, 32.806847 ], [ -97.194408, 32.806847 ], [ -97.194687, 32.806853 ], [ -97.195189, 32.806933 ], [ -97.195462, 32.806836 ], [ -97.19598, 32.806745 ], [ -97.196373, 32.806688 ], [ -97.196538, 32.806551 ], [ -97.196743, 32.805777 ], [ -97.196857, 32.805509 ], [ -97.196777, 32.805315 ], [ -97.196646, 32.805258 ], [ -97.196476, 32.805161 ], [ -97.196322, 32.805031 ], [ -97.196202, 32.80486 ], [ -97.196094, 32.8047 ], [ -97.195866, 32.80474 ], [ -97.195564, 32.804774 ], [ -97.19516, 32.80478 ], [ -97.194904, 32.804763 ], [ -97.194733, 32.804638 ], [ -97.194573, 32.804535 ], [ -97.194368, 32.80445 ], [ -97.194237, 32.804427 ], [ -97.193907, 32.80433 ], [ -97.193605, 32.804302 ], [ -97.193252, 32.804245 ], [ -97.192932, 32.804226 ], [ -97.192437, 32.804181 ], [ -97.192232, 32.804176 ], [ -97.192016, 32.804181 ], [ -97.19176, 32.804142 ], [ -97.191606, 32.804176 ], [ -97.191441, 32.804221 ], [ -97.191441, 32.804335 ], [ -97.191424, 32.804404 ], [ -97.19136, 32.804479 ], [ -97.191396, 32.804564 ], [ -97.191322, 32.804626 ], [ -97.191105, 32.804649 ], [ -97.191157, 32.80482 ], [ -97.19135, 32.804769 ], [ -97.191373, 32.804843 ], [ -97.191538, 32.805008 ], [ -97.191732, 32.805258 ], [ -97.192056, 32.8056 ], [ -97.19229, 32.805833 ], [ -97.192546, 32.806147 ] ], [ [ -97.152115, 32.806446 ], [ -97.152181, 32.806426 ], [ -97.152253, 32.806386 ], [ -97.152305, 32.806317 ], [ -97.152362, 32.806254 ], [ -97.152415, 32.806129 ], [ -97.152429, 32.806069 ], [ -97.152472, 32.805988 ], [ -97.152534, 32.805949 ], [ -97.152587, 32.805937 ], [ -97.152653, 32.805937 ], [ -97.152701, 32.805925 ], [ -97.152744, 32.805877 ], [ -97.152758, 32.805765 ], [ -97.152753, 32.805709 ], [ -97.152725, 32.805644 ], [ -97.152682, 32.805604 ], [ -97.152606, 32.805508 ], [ -97.152577, 32.805459 ], [ -97.152568, 32.805416 ], [ -97.152596, 32.805363 ], [ -97.152644, 32.80534 ], [ -97.152706, 32.805328 ], [ -97.152734, 32.805292 ], [ -97.152715, 32.805252 ], [ -97.152668, 32.805211 ], [ -97.152625, 32.805146 ], [ -97.152563, 32.805107 ], [ -97.15252, 32.805042 ], [ -97.152486, 32.804979 ], [ -97.152477, 32.804899 ], [ -97.152477, 32.804811 ], [ -97.152501, 32.804695 ], [ -97.152544, 32.804643 ], [ -97.152587, 32.804566 ], [ -97.152572, 32.80453 ], [ -97.15252, 32.804513 ], [ -97.152243, 32.804506 ], [ -97.151881, 32.804462 ], [ -97.151724, 32.80447 ], [ -97.151623, 32.80447 ], [ -97.151523, 32.804446 ], [ -97.151437, 32.804418 ], [ -97.151318, 32.804409 ], [ -97.151056, 32.80443 ], [ -97.150927, 32.80443 ], [ -97.15066, 32.804406 ], [ -97.150555, 32.804381 ], [ -97.150422, 32.804358 ], [ -97.150212, 32.80431 ], [ -97.150136, 32.804302 ], [ -97.150083, 32.80429 ], [ -97.150047, 32.804309 ], [ -97.150036, 32.804333 ], [ -97.15004, 32.804381 ], [ -97.150074, 32.80443 ], [ -97.150136, 32.804454 ], [ -97.150202, 32.804454 ], [ -97.150274, 32.804478 ], [ -97.150403, 32.804574 ], [ -97.150479, 32.804691 ], [ -97.150532, 32.804839 ], [ -97.150541, 32.804931 ], [ -97.150536, 32.80507 ], [ -97.150498, 32.805138 ], [ -97.150479, 32.805188 ], [ -97.150493, 32.805231 ], [ -97.150532, 32.805256 ], [ -97.150584, 32.805304 ], [ -97.150622, 32.805348 ], [ -97.150675, 32.8054 ], [ -97.150727, 32.805459 ], [ -97.150784, 32.805515 ], [ -97.150846, 32.805543 ], [ -97.150908, 32.805548 ], [ -97.150956, 32.805568 ], [ -97.151004, 32.805596 ], [ -97.151032, 32.805604 ], [ -97.151066, 32.805636 ], [ -97.151085, 32.805688 ], [ -97.151099, 32.805816 ], [ -97.151137, 32.805873 ], [ -97.151161, 32.805973 ], [ -97.151213, 32.806053 ], [ -97.151266, 32.806089 ], [ -97.151333, 32.806117 ], [ -97.151395, 32.806137 ], [ -97.151476, 32.806196 ], [ -97.151724, 32.806269 ], [ -97.1518, 32.806302 ], [ -97.151848, 32.806342 ], [ -97.151857, 32.80639 ], [ -97.151862, 32.806469 ], [ -97.151852, 32.806525 ], [ -97.151867, 32.806565 ], [ -97.151881, 32.80659 ], [ -97.151924, 32.80659 ], [ -97.152024, 32.806538 ], [ -97.152062, 32.806478 ], [ -97.152115, 32.806446 ] ], [ [ -97.144166, 32.805632 ], [ -97.144051, 32.805686 ], [ -97.143981, 32.805754 ], [ -97.143935, 32.80584 ], [ -97.143889, 32.806154 ], [ -97.143865, 32.806654 ], [ -97.143858, 32.806809 ], [ -97.143912, 32.806978 ], [ -97.143981, 32.807063 ], [ -97.144212, 32.807139 ], [ -97.14452, 32.807194 ], [ -97.144766, 32.807277 ], [ -97.145113, 32.807432 ], [ -97.145143, 32.807432 ], [ -97.14532, 32.807394 ], [ -97.145382, 32.80734 ], [ -97.145397, 32.806201 ], [ -97.145382, 32.806055 ], [ -97.14532, 32.805863 ], [ -97.145136, 32.805694 ], [ -97.14502, 32.805639 ], [ -97.144859, 32.805616 ], [ -97.144474, 32.805608 ], [ -97.144166, 32.805632 ] ], [ [ -97.145703, 32.805687 ], [ -97.145644, 32.805729 ], [ -97.145576, 32.805813 ], [ -97.145568, 32.805949 ], [ -97.145577, 32.806301 ], [ -97.145593, 32.806931 ], [ -97.14567, 32.807752 ], [ -97.145746, 32.807862 ], [ -97.146169, 32.807963 ], [ -97.146423, 32.808082 ], [ -97.146626, 32.808259 ], [ -97.146728, 32.80831 ], [ -97.14683, 32.808318 ], [ -97.146973, 32.808293 ], [ -97.147126, 32.808217 ], [ -97.147211, 32.80809 ], [ -97.147236, 32.80787 ], [ -97.147194, 32.805813 ], [ -97.147168, 32.805721 ], [ -97.147084, 32.805653 ], [ -97.146982, 32.805611 ], [ -97.145805, 32.80567 ], [ -97.145703, 32.805687 ] ] ], [ [ [ -97.453583, 32.810798 ], [ -97.45364, 32.810763 ], [ -97.453704, 32.810749 ], [ -97.453817, 32.810755 ], [ -97.454239, 32.810921 ], [ -97.455354, 32.811453 ], [ -97.455567, 32.811546 ], [ -97.456156, 32.811695 ], [ -97.456752, 32.811709 ], [ -97.457061, 32.811736 ], [ -97.457213, 32.81178 ], [ -97.457306, 32.81183 ], [ -97.457355, 32.811901 ], [ -97.457384, 32.811999 ], [ -97.457377, 32.812156 ], [ -97.457335, 32.812284 ], [ -97.457259, 32.812381 ], [ -97.45708, 32.812531 ], [ -97.45678, 32.81259 ], [ -97.456615, 32.812635 ], [ -97.456532, 32.812672 ], [ -97.45639, 32.812815 ], [ -97.456045, 32.813228 ], [ -97.455947, 32.813318 ], [ -97.455836, 32.813387 ], [ -97.455767, 32.813429 ], [ -97.455655, 32.813445 ], [ -97.455542, 32.813437 ], [ -97.455467, 32.813408 ], [ -97.455437, 32.813347 ], [ -97.455445, 32.813273 ], [ -97.455512, 32.813167 ], [ -97.455565, 32.812981 ], [ -97.455632, 32.812807 ], [ -97.455662, 32.812672 ], [ -97.45564, 32.812568 ], [ -97.455527, 32.812464 ], [ -97.455038, 32.812095 ], [ -97.454811, 32.812025 ], [ -97.454449, 32.811996 ], [ -97.454115, 32.811996 ], [ -97.453867, 32.81196 ], [ -97.453724, 32.811897 ], [ -97.453604, 32.811819 ], [ -97.45354, 32.811734 ], [ -97.453484, 32.811607 ], [ -97.453484, 32.811301 ], [ -97.453526, 32.811124 ], [ -97.453547, 32.810989 ], [ -97.453555, 32.810862 ], [ -97.453583, 32.810798 ] ] ], [ [ [ -97.467612, 32.826166 ], [ -97.469812, 32.828367 ], [ -97.469512, 32.828967 ], [ -97.46763, 32.82884 ], [ -97.467388, 32.827924 ], [ -97.466512, 32.826166 ], [ -97.467612, 32.826166 ] ] ], [ [ [ -97.463985, 32.826152 ], [ -97.464086, 32.826141 ], [ -97.46434, 32.826102 ], [ -97.464459, 32.826124 ], [ -97.464822, 32.826169 ], [ -97.46497, 32.826225 ], [ -97.465643, 32.826797 ], [ -97.465771, 32.826926 ], [ -97.466334, 32.827388 ], [ -97.466757, 32.827629 ], [ -97.466945, 32.827744 ], [ -97.467042, 32.827816 ], [ -97.467065, 32.827892 ], [ -97.467128, 32.82818 ], [ -97.467111, 32.828406 ], [ -97.467076, 32.828487 ], [ -97.467053, 32.828564 ], [ -97.467008, 32.828636 ], [ -97.466985, 32.828702 ], [ -97.466905, 32.828756 ], [ -97.466848, 32.828803 ], [ -97.466665, 32.828913 ], [ -97.466562, 32.828943 ], [ -97.466311, 32.828991 ], [ -97.466031, 32.829005 ], [ -97.465923, 32.82902 ], [ -97.465797, 32.829015 ], [ -97.465632, 32.828967 ], [ -97.465529, 32.828943 ], [ -97.465403, 32.828919 ], [ -97.465272, 32.828919 ], [ -97.465181, 32.828924 ], [ -97.465061, 32.828919 ], [ -97.464947, 32.828885 ], [ -97.464882, 32.82884 ], [ -97.464813, 32.828778 ], [ -97.464779, 32.828682 ], [ -97.464779, 32.828609 ], [ -97.464756, 32.828514 ], [ -97.464711, 32.828422 ], [ -97.464654, 32.828379 ], [ -97.464556, 32.828322 ], [ -97.464374, 32.828269 ], [ -97.464294, 32.828249 ], [ -97.464219, 32.828255 ], [ -97.4641, 32.828317 ], [ -97.464048, 32.828364 ], [ -97.464031, 32.828403 ], [ -97.464002, 32.828432 ], [ -97.463968, 32.828485 ], [ -97.463917, 32.828528 ], [ -97.46386, 32.828595 ], [ -97.463763, 32.82873 ], [ -97.463677, 32.828878 ], [ -97.463654, 32.829051 ], [ -97.463654, 32.829152 ], [ -97.463637, 32.829243 ], [ -97.463586, 32.829301 ], [ -97.463523, 32.829338 ], [ -97.463383, 32.829389 ], [ -97.463212, 32.829409 ], [ -97.463035, 32.829414 ], [ -97.462064, 32.829423 ], [ -97.461978, 32.829428 ], [ -97.461847, 32.829423 ], [ -97.461794, 32.829427 ], [ -97.461641, 32.82938 ], [ -97.461514, 32.829288 ], [ -97.461402, 32.829231 ], [ -97.461191, 32.829082 ], [ -97.461122, 32.829068 ], [ -97.461054, 32.828995 ], [ -97.460917, 32.828867 ], [ -97.460386, 32.828483 ], [ -97.460237, 32.828363 ], [ -97.459986, 32.828238 ], [ -97.459792, 32.828128 ], [ -97.459637, 32.828021 ], [ -97.459604, 32.827954 ], [ -97.459478, 32.827858 ], [ -97.459369, 32.827753 ], [ -97.459306, 32.8277 ], [ -97.459278, 32.827619 ], [ -97.4593, 32.827537 ], [ -97.45934, 32.827499 ], [ -97.45942, 32.827384 ], [ -97.459489, 32.82736 ], [ -97.459535, 32.827354 ], [ -97.459637, 32.827388 ], [ -97.45974, 32.827398 ], [ -97.459906, 32.827393 ], [ -97.460026, 32.827384 ], [ -97.460094, 32.827365 ], [ -97.460169, 32.827302 ], [ -97.460243, 32.82723 ], [ -97.460386, 32.827134 ], [ -97.460665, 32.827038 ], [ -97.46078, 32.827019 ], [ -97.460908, 32.827005 ], [ -97.461009, 32.826971 ], [ -97.461169, 32.826932 ], [ -97.461431, 32.826918 ], [ -97.461511, 32.82687 ], [ -97.46158, 32.826788 ], [ -97.461717, 32.826693 ], [ -97.4619, 32.826597 ], [ -97.462088, 32.826414 ], [ -97.462219, 32.826323 ], [ -97.462242, 32.826299 ], [ -97.462454, 32.826151 ], [ -97.462585, 32.826082 ], [ -97.462699, 32.826034 ], [ -97.462982, 32.825955 ], [ -97.463048, 32.825922 ], [ -97.463135, 32.825927 ], [ -97.463249, 32.825955 ], [ -97.46347, 32.826057 ], [ -97.463624, 32.826085 ], [ -97.463811, 32.826136 ], [ -97.463871, 32.826175 ], [ -97.463938, 32.826181 ], [ -97.463985, 32.826152 ] ] ], [ [ [ -97.470099, 32.845228 ], [ -97.470899, 32.845927 ], [ -97.470599, 32.846327 ], [ -97.470099, 32.845228 ] ] ], [ [ [ -97.471347, 32.84745 ], [ -97.471647, 32.84745 ], [ -97.471547, 32.84785 ], [ -97.471347, 32.84745 ] ] ], [ [ [ -97.264716, 33.000096 ], [ -97.264655, 33.000095 ], [ -97.264636, 33.000051 ], [ -97.264636, 33.000009 ], [ -97.264671, 32.999979 ], [ -97.264725, 32.999955 ], [ -97.264793, 32.999993 ], [ -97.264817, 33.000058 ], [ -97.264731, 33.000096 ], [ -97.264716, 33.000096 ] ] ] ] } }
]
}
