{
"type": "FeatureCollection",
"name": "admin_boundary",
"crs": { "type": "name", "properties": { "name": "urn:ogc:def:crs:OGC:1.3:CRS84" } },
"features": [
{ "type": "Feature", "properties": { "STATEFP": "06", "PLACEFP": "66000", "GEOID": "0666000", "NAME": "San Diego", "NAMELSAD": "San Diego city", "ALAND": 844408062, "AWATER": 42068473 }, "geometry": { "type": "MultiPolygon", "coordinates": [ [ [ [ -116.932566, 32.649181 ], [ -116.931919, 32.649612 ], [ -116.931708, 32.649755 ], [ -116.931537, 32.649869 ], [ -116.931437, 32.649937 ], [ -116.93104, 32.649472 ], [ -116.931492, 32.649178 ], [ -116.932225, 32.648689 ], [ -116.93264, 32.649128 ], [ -116.932566, 32.649181 ] ] ], [ [ [ -116.933724, 32.606315 ], [ -116.932419, 32.606649 ], [ -116.932557, 32.60697 ], [ -116.932392, 32.606987 ], [ -116.93292, 32.608188 ], [ -116.93232, 32.608188 ], [ -116.932194, 32.608188 ], [ -116.932187, 32.608353 ], [ -116.932167, 32.608851 ], [ -116.932134, 32.609648 ], [ -116.932117, 32.610097 ], [ -116.929146, 32.610087 ], [ -116.929157, 32.611089 ], [ -116.928587, 32.611077 ], [ -116.928351, 32.611072 ], [ -116.927782, 32.611061 ], [ -116.927781, 32.611383 ], [ -116.927782, 32.611511 ], [ -116.927782, 32.611961 ], [ -116.926854, 32.611964 ], [ -116.925695, 32.611971 ], [ -116.925647, 32.611969 ], [ -116.925653, 32.611246 ], [ -116.925654, 32.611178 ], [ -116.925657, 32.610781 ], [ -116.92572, 32.610719 ], [ -116.925676, 32.61064 ], [ -116.92567, 32.61063 ], [ -116.925659, 32.61061 ], [ -116.925664, 32.610106 ], [ -116.92568, 32.608216 ], [ -116.928315, 32.608232 ], [ -116.929126, 32.608219 ], [ -116.930041, 32.608205 ], [ -116.930516, 32.608162 ], [ -116.930585, 32.608154 ], [ -116.930619, 32.608152 ], [ -116.930781, 32.608145 ], [ -116.930836, 32.608148 ], [ -116.930837, 32.607703 ], [ -116.930818, 32.604805 ], [ -116.930831, 32.604805 ], [ -116.931435, 32.604758 ], [ -116.931615, 32.605118 ], [ -116.931635, 32.605158 ], [ -116.931747, 32.605126 ], [ -116.933204, 32.604718 ], [ -116.933507, 32.605647 ], [ -116.933724, 32.606315 ] ] ], [ [ [ -117.282265, 32.832622 ], [ -117.282213, 32.83321 ], [ -117.282063, 32.833843 ], [ -117.281987, 32.834003 ], [ -117.281763, 32.834476 ], [ -117.281677, 32.834657 ], [ -117.281672, 32.834668 ], [ -117.281607, 32.834904 ], [ -117.281588, 32.835248 ], [ -117.281578, 32.835449 ], [ -117.281574, 32.83552 ], [ -117.281586, 32.835626 ], [ -117.281501, 32.835645 ], [ -117.281456, 32.836382 ], [ -117.281457, 32.836396 ], [ -117.281458, 32.83641 ], [ -117.281458, 32.836423 ], [ -117.281458, 32.836437 ], [ -117.281458, 32.836451 ], [ -117.281458, 32.836475 ], [ -117.281458, 32.836506 ], [ -117.281457, 32.83652 ], [ -117.281457, 32.836533 ], [ -117.281456, 32.836547 ], [ -117.281455, 32.836561 ], [ -117.281454, 32.836574 ], [ -117.281453, 32.836588 ], [ -117.281451, 32.836616 ], [ -117.281449, 32.836625 ], [ -117.281288, 32.83675 ], [ -117.281432, 32.836763 ], [ -117.281432, 32.836776 ], [ -117.281445, 32.836819 ], [ -117.281452, 32.836855 ], [ -117.281453, 32.836868 ], [ -117.281455, 32.836882 ], [ -117.281456, 32.836896 ], [ -117.281458, 32.836909 ], [ -117.281459, 32.836923 ], [ -117.281467, 32.836936 ], [ -117.28147, 32.836949 ], [ -117.28147, 32.836963 ], [ -117.281464, 32.837011 ], [ -117.281461, 32.837025 ], [ -117.281461, 32.837038 ], [ -117.281464, 32.837058 ], [ -117.281466, 32.837071 ], [ -117.281467, 32.837085 ], [ -117.281466, 32.837104 ], [ -117.281469, 32.837118 ], [ -117.281475, 32.837129 ], [ -117.281481, 32.837142 ], [ -117.281486, 32.837155 ], [ -117.281491, 32.837168 ], [ -117.281498, 32.837179 ], [ -117.281512, 32.837222 ], [ -117.281522, 32.837255 ], [ -117.281532, 32.837263 ], [ -117.281522, 32.837283 ], [ -117.281539, 32.837296 ], [ -117.281549, 32.837327 ], [ -117.281543, 32.837379 ], [ -117.28157, 32.837469 ], [ -117.281557, 32.837491 ], [ -117.281564, 32.837538 ], [ -117.281555, 32.837557 ], [ -117.281545, 32.837577 ], [ -117.281565, 32.837618 ], [ -117.281549, 32.837654 ], [ -117.281566, 32.8377 ], [ -117.28155, 32.837736 ], [ -117.281577, 32.837774 ], [ -117.281568, 32.837838 ], [ -117.281584, 32.837885 ], [ -117.281577, 32.837897 ], [ -117.281572, 32.83791 ], [ -117.281569, 32.837923 ], [ -117.281569, 32.837937 ], [ -117.281571, 32.837951 ], [ -117.281576, 32.837964 ], [ -117.281591, 32.838228 ], [ -117.281592, 32.838239 ], [ -117.281576, 32.838283 ], [ -117.281593, 32.838321 ], [ -117.281575, 32.838368 ], [ -117.28158, 32.838383 ], [ -117.281583, 32.838394 ], [ -117.281594, 32.838425 ], [ -117.281597, 32.838436 ], [ -117.281631, 32.83853 ], [ -117.281635, 32.838544 ], [ -117.281639, 32.838557 ], [ -117.281643, 32.83857 ], [ -117.281647, 32.838584 ], [ -117.281651, 32.838597 ], [ -117.281655, 32.83861 ], [ -117.281659, 32.838624 ], [ -117.281663, 32.838637 ], [ -117.281667, 32.83865 ], [ -117.281671, 32.838663 ], [ -117.281676, 32.838677 ], [ -117.28168, 32.83869 ], [ -117.281685, 32.838703 ], [ -117.281689, 32.838716 ], [ -117.281694, 32.83873 ], [ -117.281698, 32.838743 ], [ -117.281703, 32.838756 ], [ -117.281708, 32.838769 ], [ -117.281712, 32.838782 ], [ -117.281717, 32.838795 ], [ -117.281722, 32.838808 ], [ -117.281727, 32.838821 ], [ -117.281732, 32.838835 ], [ -117.281737, 32.838848 ], [ -117.281742, 32.838861 ], [ -117.281748, 32.838874 ], [ -117.281753, 32.838887 ], [ -117.281758, 32.8389 ], [ -117.281764, 32.838913 ], [ -117.281769, 32.838926 ], [ -117.281775, 32.838939 ], [ -117.28178, 32.838951 ], [ -117.281786, 32.838964 ], [ -117.281791, 32.838977 ], [ -117.281797, 32.83899 ], [ -117.281803, 32.839003 ], [ -117.281809, 32.839016 ], [ -117.281814, 32.839029 ], [ -117.28182, 32.839041 ], [ -117.281826, 32.839054 ], [ -117.281832, 32.839067 ], [ -117.281839, 32.83908 ], [ -117.281845, 32.839092 ], [ -117.281851, 32.839105 ], [ -117.281857, 32.839118 ], [ -117.281864, 32.83913 ], [ -117.28187, 32.839143 ], [ -117.281876, 32.839156 ], [ -117.281883, 32.839168 ], [ -117.281889, 32.839181 ], [ -117.281896, 32.839193 ], [ -117.281903, 32.839206 ], [ -117.281909, 32.839218 ], [ -117.281916, 32.839231 ], [ -117.281932, 32.839248 ], [ -117.281942, 32.839259 ], [ -117.281952, 32.83927 ], [ -117.281961, 32.839281 ], [ -117.281971, 32.839292 ], [ -117.281981, 32.839303 ], [ -117.28199, 32.839314 ], [ -117.281999, 32.839326 ], [ -117.282009, 32.839337 ], [ -117.282018, 32.839348 ], [ -117.282027, 32.83936 ], [ -117.282036, 32.839371 ], [ -117.282045, 32.839383 ], [ -117.282054, 32.839394 ], [ -117.282062, 32.839406 ], [ -117.282071, 32.839418 ], [ -117.28208, 32.839429 ], [ -117.282088, 32.839441 ], [ -117.282096, 32.839453 ], [ -117.282105, 32.839465 ], [ -117.282113, 32.839476 ], [ -117.282121, 32.839488 ], [ -117.282129, 32.8395 ], [ -117.282137, 32.839512 ], [ -117.282145, 32.839524 ], [ -117.282152, 32.839537 ], [ -117.28216, 32.839549 ], [ -117.282167, 32.839561 ], [ -117.282176, 32.839574 ], [ -117.282204, 32.839644 ], [ -117.282217, 32.839688 ], [ -117.282243, 32.839892 ], [ -117.282237, 32.840128 ], [ -117.282119, 32.840255 ], [ -117.282184, 32.840431 ], [ -117.282009, 32.840694 ], [ -117.281976, 32.84098 ], [ -117.28178, 32.841327 ], [ -117.281784, 32.841355 ], [ -117.281813, 32.841519 ], [ -117.281663, 32.841811 ], [ -117.281645, 32.841971 ], [ -117.281617, 32.842223 ], [ -117.281304, 32.842729 ], [ -117.281319, 32.842871 ], [ -117.281337, 32.843031 ], [ -117.281259, 32.843158 ], [ -117.281109, 32.843251 ], [ -117.280933, 32.843295 ], [ -117.28075, 32.843444 ], [ -117.280757, 32.843482 ], [ -117.280802, 32.843515 ], [ -117.2809, 32.843543 ], [ -117.280907, 32.843603 ], [ -117.280868, 32.843625 ], [ -117.280587, 32.843724 ], [ -117.280425, 32.843811 ], [ -117.280379, 32.843834 ], [ -117.280301, 32.843878 ], [ -117.279936, 32.844065 ], [ -117.279721, 32.84412 ], [ -117.279283, 32.844391 ], [ -117.279252, 32.844411 ], [ -117.279121, 32.84462 ], [ -117.27905, 32.844785 ], [ -117.278945, 32.845109 ], [ -117.278906, 32.845293 ], [ -117.278808, 32.845753 ], [ -117.278808, 32.845846 ], [ -117.278879, 32.845906 ], [ -117.278945, 32.845923 ], [ -117.279069, 32.845918 ], [ -117.279114, 32.845945 ], [ -117.279147, 32.845978 ], [ -117.279121, 32.846077 ], [ -117.279064, 32.846138 ], [ -117.279062, 32.84615 ], [ -117.279058, 32.846164 ], [ -117.279051, 32.846176 ], [ -117.279041, 32.846187 ], [ -117.27903, 32.846197 ], [ -117.279018, 32.846208 ], [ -117.279008, 32.846219 ], [ -117.278998, 32.84623 ], [ -117.278988, 32.846241 ], [ -117.278979, 32.846252 ], [ -117.27897, 32.846264 ], [ -117.278961, 32.846275 ], [ -117.278953, 32.846287 ], [ -117.278945, 32.846299 ], [ -117.278937, 32.846311 ], [ -117.27893, 32.846324 ], [ -117.278923, 32.846336 ], [ -117.278917, 32.846349 ], [ -117.278911, 32.846362 ], [ -117.278905, 32.846374 ], [ -117.2789, 32.846387 ], [ -117.278895, 32.8464 ], [ -117.27889, 32.846414 ], [ -117.278886, 32.846427 ], [ -117.278882, 32.84644 ], [ -117.278879, 32.846454 ], [ -117.278876, 32.846466 ], [ -117.278873, 32.846481 ], [ -117.278871, 32.846494 ], [ -117.27887, 32.846508 ], [ -117.278868, 32.846522 ], [ -117.278867, 32.846536 ], [ -117.278867, 32.846549 ], [ -117.278867, 32.846563 ], [ -117.278867, 32.846577 ], [ -117.278868, 32.846591 ], [ -117.278869, 32.846604 ], [ -117.27887, 32.846618 ], [ -117.278872, 32.846632 ], [ -117.278874, 32.846645 ], [ -117.278877, 32.846659 ], [ -117.27888, 32.846672 ], [ -117.278889, 32.846686 ], [ -117.278898, 32.846698 ], [ -117.278906, 32.84671 ], [ -117.278914, 32.846722 ], [ -117.278922, 32.846734 ], [ -117.278929, 32.846746 ], [ -117.278937, 32.846758 ], [ -117.278944, 32.846771 ], [ -117.278952, 32.846783 ], [ -117.278959, 32.846795 ], [ -117.278966, 32.846808 ], [ -117.278972, 32.84682 ], [ -117.278979, 32.846833 ], [ -117.278985, 32.846845 ], [ -117.278992, 32.846858 ], [ -117.278998, 32.846871 ], [ -117.279004, 32.846884 ], [ -117.279009, 32.846897 ], [ -117.279015, 32.846909 ], [ -117.27902, 32.846922 ], [ -117.279026, 32.846935 ], [ -117.279031, 32.846948 ], [ -117.279036, 32.846962 ], [ -117.27904, 32.846975 ], [ -117.279045, 32.846988 ], [ -117.279049, 32.847001 ], [ -117.279054, 32.847014 ], [ -117.279058, 32.847028 ], [ -117.279062, 32.847041 ], [ -117.279065, 32.847054 ], [ -117.279069, 32.847068 ], [ -117.279072, 32.847081 ], [ -117.279075, 32.847095 ], [ -117.279079, 32.847108 ], [ -117.279081, 32.847122 ], [ -117.279084, 32.847135 ], [ -117.279087, 32.847149 ], [ -117.279089, 32.847162 ], [ -117.279091, 32.847176 ], [ -117.279093, 32.84719 ], [ -117.279095, 32.847203 ], [ -117.279096, 32.847217 ], [ -117.279098, 32.847231 ], [ -117.279099, 32.847244 ], [ -117.279099, 32.847258 ], [ -117.279098, 32.847272 ], [ -117.279097, 32.847286 ], [ -117.279095, 32.847299 ], [ -117.279093, 32.847313 ], [ -117.279091, 32.847327 ], [ -117.279089, 32.84734 ], [ -117.279086, 32.847354 ], [ -117.279082, 32.847367 ], [ -117.279079, 32.847381 ], [ -117.279075, 32.847394 ], [ -117.27907, 32.847407 ], [ -117.279066, 32.84742 ], [ -117.279061, 32.847433 ], [ -117.279055, 32.847446 ], [ -117.279049, 32.847459 ], [ -117.279043, 32.847472 ], [ -117.279037, 32.847484 ], [ -117.27903, 32.847497 ], [ -117.279023, 32.847509 ], [ -117.279016, 32.847522 ], [ -117.279008, 32.847534 ], [ -117.279, 32.847546 ], [ -117.278992, 32.847557 ], [ -117.278983, 32.847569 ], [ -117.278977, 32.847577 ], [ -117.278969, 32.847586 ], [ -117.27896, 32.847597 ], [ -117.278951, 32.847609 ], [ -117.278941, 32.84762 ], [ -117.278931, 32.847631 ], [ -117.278921, 32.847642 ], [ -117.278911, 32.847652 ], [ -117.278901, 32.847663 ], [ -117.27889, 32.847674 ], [ -117.27888, 32.847684 ], [ -117.278869, 32.847694 ], [ -117.278858, 32.847704 ], [ -117.278847, 32.847714 ], [ -117.278835, 32.847724 ], [ -117.278824, 32.847734 ], [ -117.278812, 32.847743 ], [ -117.2788, 32.847753 ], [ -117.278788, 32.847762 ], [ -117.278776, 32.847771 ], [ -117.278763, 32.84778 ], [ -117.278751, 32.847789 ], [ -117.278738, 32.847797 ], [ -117.278725, 32.847806 ], [ -117.278712, 32.847814 ], [ -117.278694, 32.847825 ], [ -117.278668, 32.84784 ], [ -117.278654, 32.847848 ], [ -117.27864, 32.847856 ], [ -117.278627, 32.847863 ], [ -117.278613, 32.84787 ], [ -117.278598, 32.847877 ], [ -117.278583, 32.847882 ], [ -117.278571, 32.84789 ], [ -117.278556, 32.847895 ], [ -117.278534, 32.847899 ], [ -117.278501, 32.847901 ], [ -117.278485, 32.847899 ], [ -117.27847, 32.847897 ], [ -117.278454, 32.847893 ], [ -117.278425, 32.847881 ], [ -117.278405, 32.847871 ], [ -117.278381, 32.847852 ], [ -117.278368, 32.847843 ], [ -117.278357, 32.847833 ], [ -117.278345, 32.847824 ], [ -117.278334, 32.847814 ], [ -117.278323, 32.847803 ], [ -117.278313, 32.847793 ], [ -117.278303, 32.847782 ], [ -117.278294, 32.847771 ], [ -117.278285, 32.847759 ], [ -117.278276, 32.847747 ], [ -117.278264, 32.847728 ], [ -117.278255, 32.847717 ], [ -117.278244, 32.847707 ], [ -117.278233, 32.8477 ], [ -117.27822, 32.847692 ], [ -117.278199, 32.847685 ], [ -117.278187, 32.847682 ], [ -117.278171, 32.847681 ], [ -117.278155, 32.847681 ], [ -117.278144, 32.847682 ], [ -117.278128, 32.847684 ], [ -117.278111, 32.847685 ], [ -117.278095, 32.847686 ], [ -117.278079, 32.847686 ], [ -117.278063, 32.847688 ], [ -117.278046, 32.847689 ], [ -117.27803, 32.84769 ], [ -117.278014, 32.847692 ], [ -117.277998, 32.847693 ], [ -117.277982, 32.847695 ], [ -117.277966, 32.847697 ], [ -117.277949, 32.8477 ], [ -117.277933, 32.847702 ], [ -117.277917, 32.847704 ], [ -117.277902, 32.847707 ], [ -117.277886, 32.84771 ], [ -117.27787, 32.847713 ], [ -117.277847, 32.847717 ], [ -117.277824, 32.847732 ], [ -117.277794, 32.847729 ], [ -117.277775, 32.847734 ], [ -117.27776, 32.847737 ], [ -117.277744, 32.847742 ], [ -117.277729, 32.847746 ], [ -117.277713, 32.84775 ], [ -117.277698, 32.847755 ], [ -117.277683, 32.847759 ], [ -117.277667, 32.847764 ], [ -117.277652, 32.847769 ], [ -117.277637, 32.847774 ], [ -117.277622, 32.847779 ], [ -117.277607, 32.847785 ], [ -117.277592, 32.84779 ], [ -117.277577, 32.847796 ], [ -117.277562, 32.847802 ], [ -117.277548, 32.847808 ], [ -117.277533, 32.847814 ], [ -117.277519, 32.84782 ], [ -117.277504, 32.847826 ], [ -117.27749, 32.847832 ], [ -117.277475, 32.847839 ], [ -117.277461, 32.847846 ], [ -117.277447, 32.847852 ], [ -117.277433, 32.847859 ], [ -117.277419, 32.847866 ], [ -117.277405, 32.847874 ], [ -117.277391, 32.847881 ], [ -117.277378, 32.847888 ], [ -117.277364, 32.847896 ], [ -117.27735, 32.847903 ], [ -117.277337, 32.847911 ], [ -117.277324, 32.847919 ], [ -117.277313, 32.847929 ], [ -117.277195, 32.848046 ], [ -117.276397, 32.848838 ], [ -117.276386, 32.848848 ], [ -117.276376, 32.848859 ], [ -117.276367, 32.848871 ], [ -117.276359, 32.848883 ], [ -117.27635, 32.848894 ], [ -117.27634, 32.848905 ], [ -117.276331, 32.848916 ], [ -117.276322, 32.848928 ], [ -117.276313, 32.848939 ], [ -117.276304, 32.848951 ], [ -117.276295, 32.848962 ], [ -117.276286, 32.848974 ], [ -117.276278, 32.848985 ], [ -117.276269, 32.848997 ], [ -117.276261, 32.849009 ], [ -117.276253, 32.849021 ], [ -117.276245, 32.849033 ], [ -117.276237, 32.849045 ], [ -117.276229, 32.849057 ], [ -117.276221, 32.849069 ], [ -117.276214, 32.849081 ], [ -117.276207, 32.849094 ], [ -117.276199, 32.849106 ], [ -117.276192, 32.849118 ], [ -117.276185, 32.849131 ], [ -117.276179, 32.849143 ], [ -117.276172, 32.849156 ], [ -117.276165, 32.849168 ], [ -117.276159, 32.849181 ], [ -117.276153, 32.849194 ], [ -117.276147, 32.849206 ], [ -117.276141, 32.849219 ], [ -117.276135, 32.849232 ], [ -117.276129, 32.849245 ], [ -117.276124, 32.849258 ], [ -117.276117, 32.849276 ], [ -117.27613, 32.849293 ], [ -117.276136, 32.849348 ], [ -117.276097, 32.849392 ], [ -117.276006, 32.849403 ], [ -117.275927, 32.849513 ], [ -117.275869, 32.849552 ], [ -117.275819, 32.849581 ], [ -117.275794, 32.849586 ], [ -117.275774, 32.84959 ], [ -117.275758, 32.849592 ], [ -117.275689, 32.849592 ], [ -117.275538, 32.849588 ], [ -117.275452, 32.849586 ], [ -117.275436, 32.849586 ], [ -117.275422, 32.849587 ], [ -117.275317, 32.849582 ], [ -117.275302, 32.849577 ], [ -117.275286, 32.849573 ], [ -117.27527, 32.84957 ], [ -117.275254, 32.84957 ], [ -117.275238, 32.849572 ], [ -117.275222, 32.849577 ], [ -117.275207, 32.849577 ], [ -117.275193, 32.849586 ], [ -117.275179, 32.849595 ], [ -117.275168, 32.849604 ], [ -117.275157, 32.849615 ], [ -117.275149, 32.849627 ], [ -117.275142, 32.849639 ], [ -117.275138, 32.849652 ], [ -117.275135, 32.849666 ], [ -117.275126, 32.849677 ], [ -117.275117, 32.849689 ], [ -117.275108, 32.8497 ], [ -117.274918, 32.849956 ], [ -117.274871, 32.850017 ], [ -117.274865, 32.850028 ], [ -117.274857, 32.850039 ], [ -117.274848, 32.850051 ], [ -117.274839, 32.850063 ], [ -117.274828, 32.850078 ], [ -117.274822, 32.850086 ], [ -117.274813, 32.850097 ], [ -117.274804, 32.850109 ], [ -117.274795, 32.85012 ], [ -117.274786, 32.850131 ], [ -117.274774, 32.850146 ], [ -117.274765, 32.850157 ], [ -117.274755, 32.850169 ], [ -117.274745, 32.85018 ], [ -117.274738, 32.850187 ], [ -117.274728, 32.850198 ], [ -117.274716, 32.850212 ], [ -117.274706, 32.850223 ], [ -117.274696, 32.850234 ], [ -117.274685, 32.850245 ], [ -117.274675, 32.850255 ], [ -117.274665, 32.850266 ], [ -117.274657, 32.850273 ], [ -117.274647, 32.850284 ], [ -117.274633, 32.850297 ], [ -117.274625, 32.850304 ], [ -117.274611, 32.850318 ], [ -117.2746, 32.850328 ], [ -117.274589, 32.850338 ], [ -117.274581, 32.850345 ], [ -117.274567, 32.850358 ], [ -117.274555, 32.850368 ], [ -117.274544, 32.850378 ], [ -117.274533, 32.850388 ], [ -117.274521, 32.850397 ], [ -117.274509, 32.850407 ], [ -117.274497, 32.850416 ], [ -117.274486, 32.850426 ], [ -117.274474, 32.850435 ], [ -117.274462, 32.850444 ], [ -117.27445, 32.850454 ], [ -117.274441, 32.850459 ], [ -117.274425, 32.850472 ], [ -117.274416, 32.850478 ], [ -117.2744, 32.85049 ], [ -117.274388, 32.850498 ], [ -117.274379, 32.850504 ], [ -117.274366, 32.850513 ], [ -117.274354, 32.850521 ], [ -117.274341, 32.85053 ], [ -117.274328, 32.850538 ], [ -117.274315, 32.850546 ], [ -117.274302, 32.850555 ], [ -117.274283, 32.850567 ], [ -117.274268, 32.850574 ], [ -117.274254, 32.850581 ], [ -117.27424, 32.850587 ], [ -117.274223, 32.850599 ], [ -117.274215, 32.850606 ], [ -117.274203, 32.850614 ], [ -117.27419, 32.850623 ], [ -117.274178, 32.850632 ], [ -117.274166, 32.850641 ], [ -117.274154, 32.850651 ], [ -117.274142, 32.85066 ], [ -117.274131, 32.85067 ], [ -117.27412, 32.85068 ], [ -117.274109, 32.850691 ], [ -117.274099, 32.850701 ], [ -117.274089, 32.850712 ], [ -117.274079, 32.850723 ], [ -117.27407, 32.850734 ], [ -117.27406, 32.850745 ], [ -117.274051, 32.850757 ], [ -117.274043, 32.850769 ], [ -117.274035, 32.85078 ], [ -117.274027, 32.850792 ], [ -117.27402, 32.8508 ], [ -117.274012, 32.850812 ], [ -117.274002, 32.850829 ], [ -117.273993, 32.85085 ], [ -117.273984, 32.850867 ], [ -117.273979, 32.85088 ], [ -117.273974, 32.850893 ], [ -117.273959, 32.850909 ], [ -117.273933, 32.850964 ], [ -117.273947, 32.850991 ], [ -117.273949, 32.851 ], [ -117.273951, 32.851014 ], [ -117.27395, 32.851028 ], [ -117.273949, 32.851041 ], [ -117.273945, 32.851055 ], [ -117.27394, 32.851068 ], [ -117.273934, 32.851081 ], [ -117.273926, 32.851093 ], [ -117.273917, 32.851104 ], [ -117.273906, 32.851114 ], [ -117.273893, 32.851125 ], [ -117.273882, 32.851135 ], [ -117.273868, 32.851141 ], [ -117.273853, 32.851146 ], [ -117.273834, 32.851153 ], [ -117.273812, 32.851161 ], [ -117.273781, 32.85117 ], [ -117.27375, 32.851179 ], [ -117.273719, 32.851188 ], [ -117.273686, 32.851194 ], [ -117.273652, 32.851199 ], [ -117.273619, 32.851202 ], [ -117.273606, 32.851202 ], [ -117.273587, 32.851203 ], [ -117.273574, 32.851204 ], [ -117.273558, 32.851205 ], [ -117.273538, 32.851205 ], [ -117.273522, 32.851204 ], [ -117.273506, 32.851204 ], [ -117.273492, 32.851203 ], [ -117.273476, 32.851201 ], [ -117.27346, 32.8512 ], [ -117.273441, 32.851198 ], [ -117.273428, 32.851196 ], [ -117.273409, 32.851194 ], [ -117.273377, 32.851188 ], [ -117.273359, 32.851184 ], [ -117.273345, 32.85118 ], [ -117.273322, 32.851171 ], [ -117.273299, 32.85116 ], [ -117.27328, 32.85115 ], [ -117.273266, 32.851143 ], [ -117.273252, 32.851135 ], [ -117.273239, 32.851127 ], [ -117.273226, 32.851119 ], [ -117.273213, 32.851111 ], [ -117.273201, 32.851102 ], [ -117.273188, 32.851093 ], [ -117.273176, 32.851084 ], [ -117.273165, 32.851074 ], [ -117.273153, 32.851064 ], [ -117.273142, 32.851054 ], [ -117.273129, 32.851045 ], [ -117.273119, 32.851034 ], [ -117.273106, 32.851018 ], [ -117.273097, 32.851006 ], [ -117.273084, 32.850991 ], [ -117.273076, 32.850979 ], [ -117.273068, 32.850967 ], [ -117.273059, 32.850953 ], [ -117.273052, 32.85094 ], [ -117.273045, 32.850928 ], [ -117.273038, 32.850915 ], [ -117.273032, 32.850903 ], [ -117.273027, 32.85089 ], [ -117.273021, 32.850877 ], [ -117.273017, 32.850864 ], [ -117.273012, 32.85085 ], [ -117.273008, 32.850837 ], [ -117.273005, 32.850824 ], [ -117.273001, 32.85081 ], [ -117.272999, 32.850797 ], [ -117.272995, 32.850787 ], [ -117.272994, 32.850773 ], [ -117.272994, 32.85076 ], [ -117.272993, 32.850746 ], [ -117.272992, 32.850732 ], [ -117.272992, 32.850719 ], [ -117.272978, 32.850709 ], [ -117.272962, 32.850706 ], [ -117.272946, 32.850703 ], [ -117.272928, 32.850702 ], [ -117.272943, 32.850662 ], [ -117.272878, 32.850552 ], [ -117.272611, 32.850359 ], [ -117.272481, 32.850337 ], [ -117.27222, 32.850386 ], [ -117.272103, 32.85037 ], [ -117.271947, 32.850287 ], [ -117.271882, 32.850304 ], [ -117.271811, 32.850373 ], [ -117.271777, 32.850408 ], [ -117.271744, 32.850438 ], [ -117.271712, 32.850469 ], [ -117.271621, 32.850508 ], [ -117.271523, 32.850551 ], [ -117.271341, 32.850513 ], [ -117.271197, 32.850476 ], [ -117.271048, 32.850441 ], [ -117.27054, 32.849902 ], [ -117.270475, 32.849737 ], [ -117.270377, 32.849599 ], [ -117.270338, 32.849599 ], [ -117.270325, 32.849682 ], [ -117.270344, 32.849764 ], [ -117.27039, 32.849852 ], [ -117.270442, 32.849962 ], [ -117.270442, 32.850039 ], [ -117.270494, 32.850138 ], [ -117.270494, 32.850276 ], [ -117.270481, 32.850358 ], [ -117.270468, 32.85038 ], [ -117.270429, 32.850397 ], [ -117.270377, 32.850386 ], [ -117.270325, 32.850292 ], [ -117.270299, 32.850276 ], [ -117.270149, 32.850276 ], [ -117.269921, 32.850155 ], [ -117.26979, 32.850028 ], [ -117.269739, 32.849797 ], [ -117.269367, 32.849495 ], [ -117.269087, 32.849451 ], [ -117.268911, 32.849274 ], [ -117.268877, 32.849265 ], [ -117.268416, 32.849148 ], [ -117.268039, 32.848977 ], [ -117.267899, 32.848904 ], [ -117.267878, 32.84889 ], [ -117.267866, 32.848881 ], [ -117.267853, 32.848872 ], [ -117.267841, 32.848863 ], [ -117.26783, 32.848853 ], [ -117.267818, 32.848844 ], [ -117.267807, 32.848834 ], [ -117.267795, 32.848824 ], [ -117.267788, 32.848817 ], [ -117.267777, 32.848807 ], [ -117.267735, 32.848716 ], [ -117.267729, 32.848705 ], [ -117.26772, 32.848692 ], [ -117.267714, 32.848679 ], [ -117.267707, 32.848667 ], [ -117.2677, 32.848654 ], [ -117.267689, 32.848643 ], [ -117.267676, 32.848633 ], [ -117.267663, 32.848625 ], [ -117.267649, 32.848618 ], [ -117.267635, 32.848613 ], [ -117.267619, 32.848608 ], [ -117.267603, 32.848605 ], [ -117.267587, 32.848603 ], [ -117.267571, 32.848602 ], [ -117.267555, 32.848603 ], [ -117.267539, 32.848606 ], [ -117.267523, 32.848609 ], [ -117.267508, 32.848614 ], [ -117.267493, 32.84862 ], [ -117.26737, 32.848683 ], [ -117.267357, 32.848689 ], [ -117.267344, 32.848692 ], [ -117.267323, 32.848702 ], [ -117.267264, 32.848731 ], [ -117.267104, 32.848808 ], [ -117.266746, 32.848977 ], [ -117.266718, 32.848991 ], [ -117.266703, 32.848997 ], [ -117.266688, 32.849002 ], [ -117.266673, 32.849007 ], [ -117.266658, 32.849011 ], [ -117.266642, 32.849014 ], [ -117.266626, 32.849017 ], [ -117.26661, 32.849019 ], [ -117.266594, 32.84902 ], [ -117.266577, 32.849021 ], [ -117.266561, 32.849021 ], [ -117.266545, 32.84902 ], [ -117.266529, 32.849018 ], [ -117.266512, 32.849016 ], [ -117.266497, 32.849013 ], [ -117.266481, 32.849009 ], [ -117.266465, 32.849005 ], [ -117.266453, 32.849001 ], [ -117.266438, 32.848997 ], [ -117.266422, 32.848992 ], [ -117.266407, 32.848988 ], [ -117.266391, 32.848984 ], [ -117.266376, 32.84898 ], [ -117.26636, 32.848976 ], [ -117.266345, 32.848972 ], [ -117.266329, 32.848968 ], [ -117.266314, 32.848964 ], [ -117.266298, 32.84896 ], [ -117.266282, 32.848956 ], [ -117.266267, 32.848952 ], [ -117.266251, 32.848948 ], [ -117.266235, 32.848944 ], [ -117.26622, 32.84894 ], [ -117.266204, 32.848937 ], [ -117.266188, 32.848933 ], [ -117.266173, 32.848929 ], [ -117.266157, 32.848926 ], [ -117.266141, 32.848922 ], [ -117.266126, 32.848919 ], [ -117.26611, 32.848915 ], [ -117.266094, 32.848912 ], [ -117.266078, 32.848908 ], [ -117.266062, 32.848905 ], [ -117.266047, 32.848902 ], [ -117.266031, 32.848899 ], [ -117.266015, 32.848895 ], [ -117.265999, 32.848892 ], [ -117.265984, 32.848889 ], [ -117.265967, 32.848886 ], [ -117.265952, 32.848883 ], [ -117.265936, 32.84888 ], [ -117.26592, 32.848877 ], [ -117.265904, 32.848875 ], [ -117.265888, 32.848872 ], [ -117.265872, 32.848869 ], [ -117.265856, 32.848866 ], [ -117.26584, 32.848864 ], [ -117.265824, 32.848861 ], [ -117.265808, 32.848859 ], [ -117.265792, 32.848856 ], [ -117.265776, 32.848854 ], [ -117.26576, 32.848851 ], [ -117.265744, 32.848849 ], [ -117.265728, 32.848847 ], [ -117.265712, 32.848844 ], [ -117.265696, 32.848842 ], [ -117.26568, 32.84884 ], [ -117.265664, 32.848838 ], [ -117.265647, 32.848836 ], [ -117.265631, 32.848834 ], [ -117.265615, 32.848832 ], [ -117.265599, 32.84883 ], [ -117.265585, 32.84883 ], [ -117.265569, 32.848831 ], [ -117.265553, 32.848833 ], [ -117.265537, 32.848835 ], [ -117.26552, 32.848836 ], [ -117.265504, 32.848838 ], [ -117.265488, 32.848841 ], [ -117.265472, 32.848843 ], [ -117.265456, 32.848845 ], [ -117.26544, 32.848848 ], [ -117.265424, 32.848851 ], [ -117.265412, 32.848851 ], [ -117.265376, 32.848857 ], [ -117.26536, 32.848861 ], [ -117.265333, 32.848867 ], [ -117.265302, 32.848875 ], [ -117.265282, 32.848879 ], [ -117.265271, 32.848883 ], [ -117.265255, 32.848887 ], [ -117.265235, 32.848892 ], [ -117.265224, 32.848895 ], [ -117.265209, 32.8489 ], [ -117.265189, 32.848906 ], [ -117.265178, 32.848909 ], [ -117.265159, 32.848915 ], [ -117.265143, 32.84892 ], [ -117.265133, 32.848924 ], [ -117.265118, 32.84893 ], [ -117.265103, 32.848935 ], [ -117.265088, 32.84894 ], [ -117.265073, 32.848946 ], [ -117.265058, 32.848952 ], [ -117.265043, 32.848957 ], [ -117.265029, 32.848963 ], [ -117.265014, 32.848969 ], [ -117.264985, 32.848982 ], [ -117.264967, 32.84899 ], [ -117.264952, 32.848997 ], [ -117.264938, 32.849004 ], [ -117.264928, 32.849008 ], [ -117.26491, 32.849017 ], [ -117.264896, 32.849024 ], [ -117.264872, 32.849036 ], [ -117.264854, 32.849046 ], [ -117.264841, 32.849053 ], [ -117.264827, 32.849061 ], [ -117.264814, 32.849069 ], [ -117.2648, 32.849076 ], [ -117.264787, 32.849084 ], [ -117.264773, 32.849092 ], [ -117.264764, 32.849098 ], [ -117.264747, 32.849108 ], [ -117.264734, 32.849117 ], [ -117.264725, 32.849123 ], [ -117.264709, 32.849134 ], [ -117.264696, 32.849142 ], [ -117.264683, 32.849151 ], [ -117.264671, 32.84916 ], [ -117.264658, 32.849168 ], [ -117.264646, 32.849177 ], [ -117.264637, 32.849184 ], [ -117.264622, 32.849196 ], [ -117.26461, 32.849205 ], [ -117.264598, 32.849214 ], [ -117.264586, 32.849224 ], [ -117.264577, 32.849231 ], [ -117.264562, 32.849243 ], [ -117.26455, 32.849252 ], [ -117.264538, 32.849262 ], [ -117.264526, 32.849271 ], [ -117.264514, 32.84928 ], [ -117.264502, 32.84929 ], [ -117.264491, 32.849299 ], [ -117.264479, 32.849309 ], [ -117.264467, 32.849319 ], [ -117.264456, 32.849328 ], [ -117.264444, 32.849338 ], [ -117.264433, 32.849348 ], [ -117.264422, 32.849358 ], [ -117.26441, 32.849368 ], [ -117.264399, 32.849378 ], [ -117.264388, 32.849388 ], [ -117.264377, 32.849398 ], [ -117.264366, 32.849408 ], [ -117.264355, 32.849418 ], [ -117.264344, 32.849428 ], [ -117.264334, 32.849439 ], [ -117.264323, 32.849449 ], [ -117.264312, 32.849459 ], [ -117.264302, 32.84947 ], [ -117.264291, 32.84948 ], [ -117.264281, 32.849491 ], [ -117.26426, 32.849512 ], [ -117.26425, 32.849523 ], [ -117.264239, 32.849533 ], [ -117.264229, 32.849544 ], [ -117.264219, 32.849555 ], [ -117.264209, 32.849566 ], [ -117.264199, 32.849577 ], [ -117.26419, 32.849588 ], [ -117.26418, 32.849599 ], [ -117.26417, 32.84961 ], [ -117.264161, 32.849621 ], [ -117.264151, 32.849632 ], [ -117.264142, 32.849643 ], [ -117.264133, 32.849655 ], [ -117.264123, 32.849666 ], [ -117.264114, 32.849677 ], [ -117.264105, 32.849689 ], [ -117.264096, 32.8497 ], [ -117.264087, 32.849712 ], [ -117.264078, 32.849723 ], [ -117.26407, 32.849735 ], [ -117.264061, 32.849746 ], [ -117.264052, 32.849758 ], [ -117.264044, 32.84977 ], [ -117.264036, 32.849782 ], [ -117.264027, 32.849793 ], [ -117.264019, 32.849805 ], [ -117.264011, 32.849817 ], [ -117.264003, 32.849829 ], [ -117.263995, 32.849841 ], [ -117.263987, 32.849853 ], [ -117.263979, 32.849865 ], [ -117.263971, 32.849877 ], [ -117.263964, 32.849889 ], [ -117.263956, 32.849902 ], [ -117.263949, 32.849914 ], [ -117.263941, 32.849926 ], [ -117.263934, 32.849938 ], [ -117.263927, 32.849951 ], [ -117.26392, 32.849963 ], [ -117.263912, 32.849975 ], [ -117.263905, 32.849988 ], [ -117.263899, 32.85 ], [ -117.263892, 32.850013 ], [ -117.263885, 32.850025 ], [ -117.263878, 32.850038 ], [ -117.263872, 32.85005 ], [ -117.263865, 32.850063 ], [ -117.263859, 32.850076 ], [ -117.263853, 32.850088 ], [ -117.263846, 32.850101 ], [ -117.26384, 32.850114 ], [ -117.263834, 32.850127 ], [ -117.263828, 32.850139 ], [ -117.263822, 32.850152 ], [ -117.263816, 32.850165 ], [ -117.263811, 32.850178 ], [ -117.263805, 32.850191 ], [ -117.263794, 32.850217 ], [ -117.263789, 32.85023 ], [ -117.263784, 32.850243 ], [ -117.263779, 32.850256 ], [ -117.263774, 32.850269 ], [ -117.263769, 32.850282 ], [ -117.263764, 32.850295 ], [ -117.263759, 32.850308 ], [ -117.263755, 32.850321 ], [ -117.26375, 32.850335 ], [ -117.263746, 32.850348 ], [ -117.263741, 32.850361 ], [ -117.263737, 32.850374 ], [ -117.263733, 32.850388 ], [ -117.263729, 32.850401 ], [ -117.263725, 32.850414 ], [ -117.263721, 32.850428 ], [ -117.263717, 32.850441 ], [ -117.263713, 32.850454 ], [ -117.26371, 32.850468 ], [ -117.263706, 32.850481 ], [ -117.263699, 32.850496 ], [ -117.263692, 32.850508 ], [ -117.263685, 32.85052 ], [ -117.263678, 32.850533 ], [ -117.26367, 32.850545 ], [ -117.263663, 32.850557 ], [ -117.263655, 32.850569 ], [ -117.263647, 32.850581 ], [ -117.263638, 32.850593 ], [ -117.26363, 32.850604 ], [ -117.263621, 32.850616 ], [ -117.263612, 32.850628 ], [ -117.263603, 32.850639 ], [ -117.263594, 32.85065 ], [ -117.263584, 32.850661 ], [ -117.263574, 32.850672 ], [ -117.263564, 32.850683 ], [ -117.263554, 32.850694 ], [ -117.263544, 32.850705 ], [ -117.263534, 32.850715 ], [ -117.263523, 32.850726 ], [ -117.263512, 32.850736 ], [ -117.263501, 32.850746 ], [ -117.26349, 32.850756 ], [ -117.263479, 32.850766 ], [ -117.263467, 32.850776 ], [ -117.263456, 32.850785 ], [ -117.263444, 32.850795 ], [ -117.263432, 32.850804 ], [ -117.263419, 32.850813 ], [ -117.263407, 32.850822 ], [ -117.263395, 32.850831 ], [ -117.263378, 32.850843 ], [ -117.263369, 32.850855 ], [ -117.26336, 32.850866 ], [ -117.263351, 32.850878 ], [ -117.263342, 32.850889 ], [ -117.263333, 32.8509 ], [ -117.263323, 32.850912 ], [ -117.263314, 32.850923 ], [ -117.263304, 32.850934 ], [ -117.263294, 32.850945 ], [ -117.263284, 32.850955 ], [ -117.263274, 32.850966 ], [ -117.263264, 32.850977 ], [ -117.263253, 32.850988 ], [ -117.263243, 32.850998 ], [ -117.263232, 32.851009 ], [ -117.263222, 32.851019 ], [ -117.263211, 32.851029 ], [ -117.2632, 32.851039 ], [ -117.263189, 32.851049 ], [ -117.263177, 32.851059 ], [ -117.263166, 32.851069 ], [ -117.263155, 32.851079 ], [ -117.263144, 32.851089 ], [ -117.263132, 32.851099 ], [ -117.26312, 32.851108 ], [ -117.263109, 32.851116 ], [ -117.263097, 32.851127 ], [ -117.263085, 32.851137 ], [ -117.263073, 32.851146 ], [ -117.263061, 32.851155 ], [ -117.263048, 32.851164 ], [ -117.263036, 32.851173 ], [ -117.263024, 32.851182 ], [ -117.263011, 32.851191 ], [ -117.263002, 32.851197 ], [ -117.262986, 32.851208 ], [ -117.262973, 32.851216 ], [ -117.26296, 32.851225 ], [ -117.262947, 32.851233 ], [ -117.262934, 32.851241 ], [ -117.262921, 32.851249 ], [ -117.262908, 32.851257 ], [ -117.262894, 32.851265 ], [ -117.262881, 32.851273 ], [ -117.262867, 32.851281 ], [ -117.262854, 32.851288 ], [ -117.26284, 32.851296 ], [ -117.262826, 32.851303 ], [ -117.262813, 32.85131 ], [ -117.262799, 32.851318 ], [ -117.262785, 32.851325 ], [ -117.262771, 32.851332 ], [ -117.262757, 32.851338 ], [ -117.262742, 32.851345 ], [ -117.262728, 32.851352 ], [ -117.26271, 32.851363 ], [ -117.262697, 32.851371 ], [ -117.262684, 32.851379 ], [ -117.262671, 32.851388 ], [ -117.262658, 32.851396 ], [ -117.262645, 32.851404 ], [ -117.262632, 32.851412 ], [ -117.262618, 32.85142 ], [ -117.262605, 32.851428 ], [ -117.262592, 32.851436 ], [ -117.262578, 32.851444 ], [ -117.262565, 32.851451 ], [ -117.262551, 32.851459 ], [ -117.262538, 32.851466 ], [ -117.262524, 32.851474 ], [ -117.26251, 32.851481 ], [ -117.262497, 32.851489 ], [ -117.262483, 32.851496 ], [ -117.262469, 32.851503 ], [ -117.262455, 32.85151 ], [ -117.262441, 32.851518 ], [ -117.262431, 32.851523 ], [ -117.262413, 32.851531 ], [ -117.262399, 32.851538 ], [ -117.262385, 32.851545 ], [ -117.26237, 32.851552 ], [ -117.262356, 32.851558 ], [ -117.262342, 32.851565 ], [ -117.262328, 32.851572 ], [ -117.262313, 32.851578 ], [ -117.262299, 32.851584 ], [ -117.262284, 32.851591 ], [ -117.26227, 32.851597 ], [ -117.262255, 32.851603 ], [ -117.262241, 32.851609 ], [ -117.262226, 32.851615 ], [ -117.262214, 32.85162 ], [ -117.262099, 32.851669 ], [ -117.262046, 32.851692 ], [ -117.261874, 32.85176 ], [ -117.261861, 32.851768 ], [ -117.261845, 32.851773 ], [ -117.261744, 32.85184 ], [ -117.261555, 32.851994 ], [ -117.260734, 32.852637 ], [ -117.260134, 32.853329 ], [ -117.259843, 32.853794 ], [ -117.259254, 32.854742 ], [ -117.259197, 32.854808 ], [ -117.258386, 32.855748 ], [ -117.25806, 32.856233 ], [ -117.257963, 32.85638 ], [ -117.257591, 32.857304 ], [ -117.257297, 32.857689 ], [ -117.256886, 32.858475 ], [ -117.256104, 32.859767 ], [ -117.255927, 32.860471 ], [ -117.255634, 32.861103 ], [ -117.255046, 32.862835 ], [ -117.254981, 32.863385 ], [ -117.254932, 32.86362 ], [ -117.254707, 32.864706 ], [ -117.254654, 32.864968 ], [ -117.254426, 32.865628 ], [ -117.254151, 32.866233 ], [ -117.254086, 32.866744 ], [ -117.25391, 32.867321 ], [ -117.25389, 32.86747 ], [ -117.253975, 32.86758 ], [ -117.253955, 32.867827 ], [ -117.253824, 32.86824 ], [ -117.253811, 32.868515 ], [ -117.253648, 32.868955 ], [ -117.253439, 32.870098 ], [ -117.253406, 32.870178 ], [ -117.253191, 32.870703 ], [ -117.253184, 32.871093 ], [ -117.253177, 32.871176 ], [ -117.253125, 32.871264 ], [ -117.253138, 32.871286 ], [ -117.253164, 32.871291 ], [ -117.25319, 32.871269 ], [ -117.253269, 32.871176 ], [ -117.253295, 32.871176 ], [ -117.253314, 32.871187 ], [ -117.253321, 32.871214 ], [ -117.253288, 32.871335 ], [ -117.25319, 32.871434 ], [ -117.253036, 32.87158 ], [ -117.252395, 32.872187 ], [ -117.252114, 32.87255 ], [ -117.251951, 32.872907 ], [ -117.251752, 32.873616 ], [ -117.25169, 32.873842 ], [ -117.251455, 32.874914 ], [ -117.251441, 32.875001 ], [ -117.251375, 32.875155 ], [ -117.251297, 32.875402 ], [ -117.251147, 32.876271 ], [ -117.251152, 32.877195 ], [ -117.251314, 32.87857 ], [ -117.251561, 32.879615 ], [ -117.251704, 32.88055 ], [ -117.251813, 32.880889 ], [ -117.252114, 32.88182 ], [ -117.25253, 32.882744 ], [ -117.252662, 32.883206 ], [ -117.252888, 32.883992 ], [ -117.25305, 32.884779 ], [ -117.253088, 32.886209 ], [ -117.25316, 32.886522 ], [ -117.253302, 32.888821 ], [ -117.253367, 32.889096 ], [ -117.253359, 32.890954 ], [ -117.253313, 32.891323 ], [ -117.253346, 32.891642 ], [ -117.2533, 32.892109 ], [ -117.253341, 32.892291 ], [ -117.253501, 32.892989 ], [ -117.253454, 32.894639 ], [ -117.253506, 32.896013 ], [ -117.253589, 32.897212 ], [ -117.253901, 32.899467 ], [ -117.254154, 32.900858 ], [ -117.254186, 32.901546 ], [ -117.25468, 32.904031 ], [ -117.25483, 32.904581 ], [ -117.255083, 32.906011 ], [ -117.255278, 32.906286 ], [ -117.255656, 32.906534 ], [ -117.255832, 32.906809 ], [ -117.255962, 32.908321 ], [ -117.256222, 32.909091 ], [ -117.256534, 32.909778 ], [ -117.256703, 32.910658 ], [ -117.256814, 32.910988 ], [ -117.257172, 32.911604 ], [ -117.258103, 32.913546 ], [ -117.258279, 32.913777 ], [ -117.258559, 32.913887 ], [ -117.258631, 32.913958 ], [ -117.258468, 32.914288 ], [ -117.258526, 32.914728 ], [ -117.258845, 32.916076 ], [ -117.258929, 32.917296 ], [ -117.259066, 32.917692 ], [ -117.259179, 32.918461 ], [ -117.259221, 32.918748 ], [ -117.259305, 32.920596 ], [ -117.259402, 32.921311 ], [ -117.259376, 32.921971 ], [ -117.259525, 32.923318 ], [ -117.259543, 32.925479 ], [ -117.259608, 32.926001 ], [ -117.259921, 32.927129 ], [ -117.259975, 32.927559 ], [ -117.260117, 32.927639 ], [ -117.260147, 32.927657 ], [ -117.260086, 32.928111 ], [ -117.260065, 32.928274 ], [ -117.260353, 32.930571 ], [ -117.260511, 32.931831 ], [ -117.260654, 32.932271 ], [ -117.260674, 32.932958 ], [ -117.260771, 32.933508 ], [ -117.260921, 32.93381 ], [ -117.26097, 32.934129 ], [ -117.261018, 32.934448 ], [ -117.26109, 32.934536 ], [ -117.261168, 32.934894 ], [ -117.261787, 32.936615 ], [ -117.261881, 32.937286 ], [ -117.261884, 32.937302 ], [ -117.26232, 32.939046 ], [ -117.262401, 32.939542 ], [ -117.262412, 32.939606 ], [ -117.262456, 32.939877 ], [ -117.262299, 32.939748 ], [ -117.262188, 32.939656 ], [ -117.261485, 32.939077 ], [ -117.261181, 32.938828 ], [ -117.259447, 32.937407 ], [ -117.258343, 32.938255 ], [ -117.258147, 32.938402 ], [ -117.258127, 32.939019 ], [ -117.258147, 32.94201 ], [ -117.255981, 32.942017 ], [ -117.255918, 32.945644 ], [ -117.256562, 32.945643 ], [ -117.257222, 32.945637 ], [ -117.258402, 32.945618 ], [ -117.258638, 32.945625 ], [ -117.258717, 32.945632 ], [ -117.258775, 32.945632 ], [ -117.258826, 32.945765 ], [ -117.259338, 32.945625 ], [ -117.259525, 32.945623 ], [ -117.260134, 32.945611 ], [ -117.260162, 32.94583 ], [ -117.260175, 32.945892 ], [ -117.26018, 32.945917 ], [ -117.260195, 32.945991 ], [ -117.260201, 32.946018 ], [ -117.260216, 32.946081 ], [ -117.260258, 32.946261 ], [ -117.260262, 32.946275 ], [ -117.260283, 32.946338 ], [ -117.26033, 32.946486 ], [ -117.26037, 32.94659 ], [ -117.260559, 32.947076 ], [ -117.260625, 32.947246 ], [ -117.260663, 32.947341 ], [ -117.260761, 32.947591 ], [ -117.260787, 32.947659 ], [ -117.260866, 32.947865 ], [ -117.260893, 32.947935 ], [ -117.260905, 32.947967 ], [ -117.260942, 32.948065 ], [ -117.260955, 32.948098 ], [ -117.260706, 32.948166 ], [ -117.260419, 32.948245 ], [ -117.26018, 32.948333 ], [ -117.259967, 32.948391 ], [ -117.259719, 32.948459 ], [ -117.259798, 32.948667 ], [ -117.259915, 32.948977 ], [ -117.260037, 32.949295 ], [ -117.260118, 32.949506 ], [ -117.260162, 32.949621 ], [ -117.260197, 32.949709 ], [ -117.260319, 32.950013 ], [ -117.260436, 32.950319 ], [ -117.260514, 32.950523 ], [ -117.260572, 32.950682 ], [ -117.260679, 32.950972 ], [ -117.260684, 32.950988 ], [ -117.260169, 32.951121 ], [ -117.260174, 32.951775 ], [ -117.260182, 32.952854 ], [ -117.259934, 32.952854 ], [ -117.259749, 32.952855 ], [ -117.259655, 32.952855 ], [ -117.259376, 32.952855 ], [ -117.259283, 32.952856 ], [ -117.259216, 32.952855 ], [ -117.259019, 32.952855 ], [ -117.258953, 32.952856 ], [ -117.258796, 32.952899 ], [ -117.258449, 32.952903 ], [ -117.256922, 32.952931 ], [ -117.256414, 32.95294 ], [ -117.256355, 32.952945 ], [ -117.256181, 32.952959 ], [ -117.256123, 32.952966 ], [ -117.255902, 32.952978 ], [ -117.255897, 32.954327 ], [ -117.255893, 32.954359 ], [ -117.255897, 32.954389 ], [ -117.255895, 32.955111 ], [ -117.255892, 32.957157 ], [ -117.255882, 32.957966 ], [ -117.255847, 32.957967 ], [ -117.255788, 32.957943 ], [ -117.255714, 32.957927 ], [ -117.255628, 32.957927 ], [ -117.255555, 32.957941 ], [ -117.255489, 32.957968 ], [ -117.255548, 32.95871 ], [ -117.255569, 32.959197 ], [ -117.255592, 32.959688 ], [ -117.255823, 32.960029 ], [ -117.25595, 32.960216 ], [ -117.255951, 32.960251 ], [ -117.255762, 32.960283 ], [ -117.255797, 32.961123 ], [ -117.255754, 32.963123 ], [ -117.255747, 32.963452 ], [ -117.255974, 32.963592 ], [ -117.255972, 32.964074 ], [ -117.255972, 32.966032 ], [ -117.255965, 32.968059 ], [ -117.256083, 32.971528 ], [ -117.256091, 32.971794 ], [ -117.256098, 32.972004 ], [ -117.256171, 32.974145 ], [ -117.256168, 32.974168 ], [ -117.25616, 32.974332 ], [ -117.256177, 32.975853 ], [ -117.256184, 32.976423 ], [ -117.256187, 32.976697 ], [ -117.256196, 32.977521 ], [ -117.256199, 32.977694 ], [ -117.2562, 32.977754 ], [ -117.2562, 32.977796 ], [ -117.256178, 32.978449 ], [ -117.256149, 32.979417 ], [ -117.256062, 32.982121 ], [ -117.255981, 32.98211 ], [ -117.255181, 32.982103 ], [ -117.254748, 32.982105 ], [ -117.25454, 32.982104 ], [ -117.254058, 32.982105 ], [ -117.253769, 32.982101 ], [ -117.253557, 32.982091 ], [ -117.253455, 32.982086 ], [ -117.252067, 32.982023 ], [ -117.251889, 32.98203 ], [ -117.251582, 32.98202 ], [ -117.251331, 32.981995 ], [ -117.251268, 32.981987 ], [ -117.250893, 32.98206 ], [ -117.249526, 32.982049 ], [ -117.249547, 32.982745 ], [ -117.249417, 32.983253 ], [ -117.249448, 32.983604 ], [ -117.249541, 32.984657 ], [ -117.249572, 32.985009 ], [ -117.249572, 32.985061 ], [ -117.249573, 32.985218 ], [ -117.249574, 32.985271 ], [ -117.249574, 32.985357 ], [ -117.249574, 32.985521 ], [ -117.249567, 32.985562 ], [ -117.249575, 32.985602 ], [ -117.249585, 32.985618 ], [ -117.249332, 32.985621 ], [ -117.245941, 32.985658 ], [ -117.245947, 32.985517 ], [ -117.245716, 32.985667 ], [ -117.245209, 32.985685 ], [ -117.242572, 32.985708 ], [ -117.23966, 32.985737 ], [ -117.238813, 32.985745 ], [ -117.238693, 32.98574 ], [ -117.238701, 32.985268 ], [ -117.23873, 32.983468 ], [ -117.238734, 32.982583 ], [ -117.238754, 32.981972 ], [ -117.238268, 32.981844 ], [ -117.233879, 32.981845 ], [ -117.233352, 32.981845 ], [ -117.233097, 32.981869 ], [ -117.232342, 32.982293 ], [ -117.232156, 32.982381 ], [ -117.232014, 32.982433 ], [ -117.231961, 32.982455 ], [ -117.23176, 32.982514 ], [ -117.231553, 32.982559 ], [ -117.231345, 32.982585 ], [ -117.230721, 32.982669 ], [ -117.230597, 32.982686 ], [ -117.230514, 32.982696 ], [ -117.230365, 32.982715 ], [ -117.229918, 32.982773 ], [ -117.22977, 32.982793 ], [ -117.229556, 32.982819 ], [ -117.22903, 32.98289 ], [ -117.228915, 32.982903 ], [ -117.228702, 32.982933 ], [ -117.228607, 32.983261 ], [ -117.227257, 32.983924 ], [ -117.226646, 32.984675 ], [ -117.226607, 32.98473 ], [ -117.226587, 32.984756 ], [ -117.226569, 32.984777 ], [ -117.226516, 32.984841 ], [ -117.226499, 32.984863 ], [ -117.226122, 32.984322 ], [ -117.226021, 32.984176 ], [ -117.224948, 32.98384 ], [ -117.224724, 32.983805 ], [ -117.224459, 32.983745 ], [ -117.22437, 32.98369 ], [ -117.223957, 32.983486 ], [ -117.22274, 32.982881 ], [ -117.222505, 32.982718 ], [ -117.222194, 32.982625 ], [ -117.221565, 32.982438 ], [ -117.221494, 32.982417 ], [ -117.221509, 32.983489 ], [ -117.221512, 32.983759 ], [ -117.220954, 32.983852 ], [ -117.220665, 32.983846 ], [ -117.22035, 32.983843 ], [ -117.220231, 32.983846 ], [ -117.219943, 32.983852 ], [ -117.219521, 32.983862 ], [ -117.219295, 32.983882 ], [ -117.219116, 32.983909 ], [ -117.219083, 32.983916 ], [ -117.218896, 32.983959 ], [ -117.218804, 32.983985 ], [ -117.218593, 32.984057 ], [ -117.21843, 32.984125 ], [ -117.218201, 32.984239 ], [ -117.218181, 32.984248 ], [ -117.218049, 32.984313 ], [ -117.217917, 32.984391 ], [ -117.217867, 32.984422 ], [ -117.217746, 32.984524 ], [ -117.217606, 32.984661 ], [ -117.21748, 32.984808 ], [ -117.217371, 32.984963 ], [ -117.217278, 32.985126 ], [ -117.217216, 32.98526 ], [ -117.217154, 32.985433 ], [ -117.217129, 32.985525 ], [ -117.216979, 32.985517 ], [ -117.216907, 32.985515 ], [ -117.211475, 32.98534 ], [ -117.208562, 32.985248 ], [ -117.208199, 32.985236 ], [ -117.199823, 32.984972 ], [ -117.198903, 32.984945 ], [ -117.19691, 32.98498 ], [ -117.196881, 32.984958 ], [ -117.196817, 32.984959 ], [ -117.196623, 32.984964 ], [ -117.202852, 32.980092 ], [ -117.202906, 32.980052 ], [ -117.203071, 32.97994 ], [ -117.203126, 32.979902 ], [ -117.204117, 32.979105 ], [ -117.20448, 32.97881 ], [ -117.203214, 32.977579 ], [ -117.202291, 32.977584 ], [ -117.200256, 32.977596 ], [ -117.200216, 32.976512 ], [ -117.20016, 32.973989 ], [ -117.199184, 32.973981 ], [ -117.198021, 32.973977 ], [ -117.187747, 32.973946 ], [ -117.18198, 32.974011 ], [ -117.181897, 32.973996 ], [ -117.180983, 32.973832 ], [ -117.178919, 32.973952 ], [ -117.178515, 32.973925 ], [ -117.178515, 32.973814 ], [ -117.178515, 32.97318 ], [ -117.178515, 32.973108 ], [ -117.178515, 32.971925 ], [ -117.178515, 32.97128 ], [ -117.178515, 32.971221 ], [ -117.178513, 32.970899 ], [ -117.178512, 32.970648 ], [ -117.178511, 32.970577 ], [ -117.17851, 32.970365 ], [ -117.17851, 32.970295 ], [ -117.178331, 32.970283 ], [ -117.177795, 32.97025 ], [ -117.177617, 32.970239 ], [ -117.177024, 32.970261 ], [ -117.176273, 32.970289 ], [ -117.175245, 32.970286 ], [ -117.174955, 32.970286 ], [ -117.174826, 32.9703 ], [ -117.174656, 32.97033 ], [ -117.174611, 32.9703 ], [ -117.174477, 32.970211 ], [ -117.174446, 32.97014 ], [ -117.174374, 32.969974 ], [ -117.174015, 32.970048 ], [ -117.173744, 32.970102 ], [ -117.173299, 32.970175 ], [ -117.173243, 32.97018 ], [ -117.172953, 32.970212 ], [ -117.172769, 32.970215 ], [ -117.172217, 32.970225 ], [ -117.172034, 32.970231 ], [ -117.1716, 32.970231 ], [ -117.170301, 32.970231 ], [ -117.169866, 32.970231 ], [ -117.169859, 32.970516 ], [ -117.169863, 32.970647 ], [ -117.169854, 32.971902 ], [ -117.169852, 32.97232 ], [ -117.16985, 32.972627 ], [ -117.169843, 32.973548 ], [ -117.169842, 32.973856 ], [ -117.169843, 32.977426 ], [ -117.169845, 32.980168 ], [ -117.169846, 32.9814 ], [ -117.169848, 32.98563 ], [ -117.169808, 32.98647 ], [ -117.169807, 32.986502 ], [ -117.169806, 32.986601 ], [ -117.169806, 32.986635 ], [ -117.169817, 32.989843 ], [ -117.169828, 32.992839 ], [ -117.169872, 33.00444 ], [ -117.169862, 33.007228 ], [ -117.169826, 33.00723 ], [ -117.167453, 33.007247 ], [ -117.160856, 33.007299 ], [ -117.153269, 33.007357 ], [ -117.152454, 33.007366 ], [ -117.152504, 33.011006 ], [ -117.15249, 33.011574 ], [ -117.152475, 33.012213 ], [ -117.152476, 33.012461 ], [ -117.152458, 33.012696 ], [ -117.152464, 33.013278 ], [ -117.15247, 33.013848 ], [ -117.152474, 33.014283 ], [ -117.152476, 33.014482 ], [ -117.152477, 33.014547 ], [ -117.152474, 33.015591 ], [ -117.152473, 33.016028 ], [ -117.152472, 33.016454 ], [ -117.152471, 33.01704 ], [ -117.152457, 33.017265 ], [ -117.152458, 33.017647 ], [ -117.152458, 33.017732 ], [ -117.152459, 33.018159 ], [ -117.152442, 33.018219 ], [ -117.15244, 33.01827 ], [ -117.152422, 33.018917 ], [ -117.152417, 33.019681 ], [ -117.152431, 33.020464 ], [ -117.152422, 33.0212 ], [ -117.152421, 33.021383 ], [ -117.152419, 33.021512 ], [ -117.152408, 33.02155 ], [ -117.152403, 33.021565 ], [ -117.152374, 33.021614 ], [ -117.152346, 33.021644 ], [ -117.152294, 33.021677 ], [ -117.152066, 33.021738 ], [ -117.151898, 33.021774 ], [ -117.151576, 33.021774 ], [ -117.15114, 33.021804 ], [ -117.151049, 33.021788 ], [ -117.14645, 33.021907 ], [ -117.141262, 33.021959 ], [ -117.140823, 33.021974 ], [ -117.139759, 33.022002 ], [ -117.138977, 33.02201 ], [ -117.138787, 33.022012 ], [ -117.138303, 33.022024 ], [ -117.138034, 33.022031 ], [ -117.137531, 33.022053 ], [ -117.137346, 33.022062 ], [ -117.137118, 33.022067 ], [ -117.136906, 33.022059 ], [ -117.13671, 33.022047 ], [ -117.136449, 33.022045 ], [ -117.136188, 33.022057 ], [ -117.136023, 33.022069 ], [ -117.135712, 33.022094 ], [ -117.135522, 33.022101 ], [ -117.135085, 33.022093 ], [ -117.13479, 33.022088 ], [ -117.133776, 33.022084 ], [ -117.133696, 33.022085 ], [ -117.133571, 33.022093 ], [ -117.13334, 33.022094 ], [ -117.13301, 33.022103 ], [ -117.132449, 33.022104 ], [ -117.132368, 33.022101 ], [ -117.132019, 33.022093 ], [ -117.130629, 33.022064 ], [ -117.128484, 33.022082 ], [ -117.124689, 33.022092 ], [ -117.124611, 33.022092 ], [ -117.123331, 33.022092 ], [ -117.122802, 33.022085 ], [ -117.122472, 33.022092 ], [ -117.121675, 33.022092 ], [ -117.119344, 33.022078 ], [ -117.119469, 33.021584 ], [ -117.119714, 33.020153 ], [ -117.119741, 33.0201 ], [ -117.119838, 33.01988 ], [ -117.119846, 33.019863 ], [ -117.119932, 33.019608 ], [ -117.119946, 33.019551 ], [ -117.119979, 33.019417 ], [ -117.120026, 33.019157 ], [ -117.120047, 33.019076 ], [ -117.120062, 33.019011 ], [ -117.120134, 33.01872 ], [ -117.120276, 33.018478 ], [ -117.120351, 33.018261 ], [ -117.120475, 33.017975 ], [ -117.120698, 33.016775 ], [ -117.120712, 33.016703 ], [ -117.120725, 33.016634 ], [ -117.12076, 33.016448 ], [ -117.120733, 33.016273 ], [ -117.120737, 33.016263 ], [ -117.120867, 33.015729 ], [ -117.121266, 33.014096 ], [ -117.121399, 33.013552 ], [ -117.121435, 33.013407 ], [ -117.121463, 33.013297 ], [ -117.121519, 33.013085 ], [ -117.121567, 33.012945 ], [ -117.121595, 33.012862 ], [ -117.121692, 33.01261 ], [ -117.121716, 33.012554 ], [ -117.121789, 33.012387 ], [ -117.121825, 33.012316 ], [ -117.121731, 33.011868 ], [ -117.121743, 33.011812 ], [ -117.121922, 33.011057 ], [ -117.121933, 33.011021 ], [ -117.122118, 33.010396 ], [ -117.122134, 33.010322 ], [ -117.122183, 33.010107 ], [ -117.122242, 33.00982 ], [ -117.123017, 33.006941 ], [ -117.123081, 33.006869 ], [ -117.123219, 33.006712 ], [ -117.123279, 33.006598 ], [ -117.123318, 33.006271 ], [ -117.123329, 33.005797 ], [ -117.124101, 33.002611 ], [ -117.124153, 33.002429 ], [ -117.12421, 33.002274 ], [ -117.124245, 33.002183 ], [ -117.124719, 33.000078 ], [ -117.124727, 33.000047 ], [ -117.118294, 32.99952 ], [ -117.110858, 32.998824 ], [ -117.110587, 32.998798 ], [ -117.109831, 32.998728 ], [ -117.10966, 32.998749 ], [ -117.109337, 32.998793 ], [ -117.105285, 32.998458 ], [ -117.103933, 32.998346 ], [ -117.099623, 32.99799 ], [ -117.099523, 32.998319 ], [ -117.099397, 32.998741 ], [ -117.099332, 32.998988 ], [ -117.099281, 32.999181 ], [ -117.099215, 32.999438 ], [ -117.098216, 33.003365 ], [ -117.096491, 33.009689 ], [ -117.095857, 33.012129 ], [ -117.095933, 33.012134 ], [ -117.097646, 33.012254 ], [ -117.099001, 33.012349 ], [ -117.09658, 33.022048 ], [ -117.092475, 33.038505 ], [ -117.092394, 33.038832 ], [ -117.092218, 33.03954 ], [ -117.091888, 33.040867 ], [ -117.091164, 33.043776 ], [ -117.090821, 33.045143 ], [ -117.089848, 33.049039 ], [ -117.089896, 33.049255 ], [ -117.091233, 33.050851 ], [ -117.09477, 33.054995 ], [ -117.101797, 33.059118 ], [ -117.103394, 33.059127 ], [ -117.109695, 33.059161 ], [ -117.110272, 33.059202 ], [ -117.109798, 33.061203 ], [ -117.10996, 33.061279 ], [ -117.11032, 33.06137 ], [ -117.110491, 33.0614 ], [ -117.110672, 33.061415 ], [ -117.110718, 33.061402 ], [ -117.110951, 33.061339 ], [ -117.111023, 33.061377 ], [ -117.111122, 33.061543 ], [ -117.11113, 33.061552 ], [ -117.111257, 33.061687 ], [ -117.111278, 33.061702 ], [ -117.111345, 33.061742 ], [ -117.111388, 33.061763 ], [ -117.111433, 33.061779 ], [ -117.111525, 33.061801 ], [ -117.111583, 33.061805 ], [ -117.111705, 33.061899 ], [ -117.111771, 33.061906 ], [ -117.111886, 33.061964 ], [ -117.112019, 33.062483 ], [ -117.112355, 33.062788 ], [ -117.112527, 33.063031 ], [ -117.112645, 33.063121 ], [ -117.11277, 33.063287 ], [ -117.112824, 33.063476 ], [ -117.112815, 33.063604 ], [ -117.112806, 33.063748 ], [ -117.11279, 33.063875 ], [ -117.112805, 33.064037 ], [ -117.112823, 33.064207 ], [ -117.112804, 33.06438 ], [ -117.112731, 33.064607 ], [ -117.112731, 33.064715 ], [ -117.112713, 33.064854 ], [ -117.112676, 33.064931 ], [ -117.112584, 33.065008 ], [ -117.112547, 33.065193 ], [ -117.1124, 33.065193 ], [ -117.112327, 33.065255 ], [ -117.112198, 33.065547 ], [ -117.112124, 33.065609 ], [ -117.111922, 33.065717 ], [ -117.111756, 33.066025 ], [ -117.11172, 33.066149 ], [ -117.111701, 33.066272 ], [ -117.111701, 33.066395 ], [ -117.111738, 33.066534 ], [ -117.111793, 33.06675 ], [ -117.111922, 33.066919 ], [ -117.112014, 33.067089 ], [ -117.112051, 33.06715 ], [ -117.112106, 33.06715 ], [ -117.112161, 33.06715 ], [ -117.112253, 33.067181 ], [ -117.112216, 33.067227 ], [ -117.112143, 33.06732 ], [ -117.112198, 33.067443 ], [ -117.112382, 33.067628 ], [ -117.112547, 33.06772 ], [ -117.112621, 33.067782 ], [ -117.112682, 33.06782 ], [ -117.112728, 33.067956 ], [ -117.113297, 33.068004 ], [ -117.11382, 33.068042 ], [ -117.114621, 33.067172 ], [ -117.115006, 33.06675 ], [ -117.115019, 33.066607 ], [ -117.115169, 33.066305 ], [ -117.115182, 33.066156 ], [ -117.11511, 33.065903 ], [ -117.114992, 33.06576 ], [ -117.115059, 33.065514 ], [ -117.115103, 33.065359 ], [ -117.115024, 33.064919 ], [ -117.114933, 33.064693 ], [ -117.114822, 33.064584 ], [ -117.114704, 33.064529 ], [ -117.114593, 33.064204 ], [ -117.114495, 33.06405 ], [ -117.114619, 33.063786 ], [ -117.114579, 33.063313 ], [ -117.114514, 33.063154 ], [ -117.11437, 33.063006 ], [ -117.114383, 33.062835 ], [ -117.114311, 33.062676 ], [ -117.114285, 33.062478 ], [ -117.114128, 33.062263 ], [ -117.114089, 33.061955 ], [ -117.114052, 33.061902 ], [ -117.113886, 33.061659 ], [ -117.113886, 33.061444 ], [ -117.113951, 33.061197 ], [ -117.11386, 33.06107 ], [ -117.113546, 33.060806 ], [ -117.113449, 33.059917 ], [ -117.113292, 33.058468 ], [ -117.113463, 33.057257 ], [ -117.113589, 33.056374 ], [ -117.113694, 33.055895 ], [ -117.114011, 33.05446 ], [ -117.113925, 33.054409 ], [ -117.113744, 33.054323 ], [ -117.113502, 33.054239 ], [ -117.113422, 33.054222 ], [ -117.113523, 33.054172 ], [ -117.113602, 33.054122 ], [ -117.113703, 33.054037 ], [ -117.113764, 33.053952 ], [ -117.113765, 33.053868 ], [ -117.113744, 33.053682 ], [ -117.113713, 33.053618 ], [ -117.113879, 33.053664 ], [ -117.114086, 33.053749 ], [ -117.114173, 33.053731 ], [ -117.114187, 33.053733 ], [ -117.114213, 33.053722 ], [ -117.114329, 33.053666 ], [ -117.114591, 33.05343 ], [ -117.114752, 33.053075 ], [ -117.114813, 33.052923 ], [ -117.114954, 33.052602 ], [ -117.115014, 33.052466 ], [ -117.115014, 33.05223 ], [ -117.114974, 33.052112 ], [ -117.11491, 33.052014 ], [ -117.115035, 33.05173 ], [ -117.115085, 33.051729 ], [ -117.115627, 33.051341 ], [ -117.117201, 33.050218 ], [ -117.117226, 33.050157 ], [ -117.117483, 33.049543 ], [ -117.117848, 33.049008 ], [ -117.118023, 33.048755 ], [ -117.117924, 33.04827 ], [ -117.117655, 33.047718 ], [ -117.117554, 33.047583 ], [ -117.117413, 33.047211 ], [ -117.117433, 33.047126 ], [ -117.117474, 33.046957 ], [ -117.117353, 33.046873 ], [ -117.117212, 33.046704 ], [ -117.117333, 33.046636 ], [ -117.117438, 33.046383 ], [ -117.117474, 33.046298 ], [ -117.117433, 33.046214 ], [ -117.117554, 33.04618 ], [ -117.117653, 33.046411 ], [ -117.117742, 33.046517 ], [ -117.1183, 33.047148 ], [ -117.118296, 33.046496 ], [ -117.118365, 33.046492 ], [ -117.118419, 33.043824 ], [ -117.130196, 33.043824 ], [ -117.13078, 33.043823 ], [ -117.131066, 33.043823 ], [ -117.132171, 33.043822 ], [ -117.132853, 33.04382 ], [ -117.132648, 33.044315 ], [ -117.13256, 33.044477 ], [ -117.132269, 33.044323 ], [ -117.131032, 33.045389 ], [ -117.130519, 33.045833 ], [ -117.130123, 33.046176 ], [ -117.130089, 33.04642 ], [ -117.129928, 33.046544 ], [ -117.12974, 33.046667 ], [ -117.129562, 33.046765 ], [ -117.129377, 33.046852 ], [ -117.129169, 33.046932 ], [ -117.12897, 33.046994 ], [ -117.128735, 33.04705 ], [ -117.12818, 33.047175 ], [ -117.127996, 33.04723 ], [ -117.127817, 33.047298 ], [ -117.127668, 33.047367 ], [ -117.127632, 33.047385 ], [ -117.127458, 33.047486 ], [ -117.127294, 33.0476 ], [ -117.126008, 33.048652 ], [ -117.125844, 33.048766 ], [ -117.125659, 33.048879 ], [ -117.125451, 33.048987 ], [ -117.125215, 33.049089 ], [ -117.124978, 33.049172 ], [ -117.124774, 33.04923 ], [ -117.124228, 33.049356 ], [ -117.12404, 33.049402 ], [ -117.123842, 33.049466 ], [ -117.123652, 33.049546 ], [ -117.123485, 33.049632 ], [ -117.123341, 33.049721 ], [ -117.12318, 33.049838 ], [ -117.123033, 33.049967 ], [ -117.122901, 33.050106 ], [ -117.122784, 33.050256 ], [ -117.122691, 33.050401 ], [ -117.122607, 33.050565 ], [ -117.122544, 33.050727 ], [ -117.122497, 33.050895 ], [ -117.122476, 33.051012 ], [ -117.122419, 33.05126 ], [ -117.122195, 33.052256 ], [ -117.121915, 33.053503 ], [ -117.121895, 33.053694 ], [ -117.121892, 33.053903 ], [ -117.121909, 33.054106 ], [ -117.121942, 33.054296 ], [ -117.121987, 33.054471 ], [ -117.122056, 33.054668 ], [ -117.122122, 33.054815 ], [ -117.121355, 33.054896 ], [ -117.119056, 33.055145 ], [ -117.11829, 33.055229 ], [ -117.118321, 33.055269 ], [ -117.118334, 33.05529 ], [ -117.118372, 33.055355 ], [ -117.118389, 33.055397 ], [ -117.11841, 33.05545 ], [ -117.118422, 33.055501 ], [ -117.118439, 33.055563 ], [ -117.118438, 33.055578 ], [ -117.118432, 33.055646 ], [ -117.118406, 33.055711 ], [ -117.118362, 33.055769 ], [ -117.118348, 33.055779 ], [ -117.118302, 33.055816 ], [ -117.118231, 33.055849 ], [ -117.118032, 33.055919 ], [ -117.117829, 33.056007 ], [ -117.117725, 33.05606 ], [ -117.117674, 33.056087 ], [ -117.117631, 33.056128 ], [ -117.117604, 33.056178 ], [ -117.117601, 33.056245 ], [ -117.117606, 33.056317 ], [ -117.117635, 33.056381 ], [ -117.117684, 33.056436 ], [ -117.117896, 33.056594 ], [ -117.117954, 33.05666 ], [ -117.118, 33.056733 ], [ -117.118019, 33.056776 ], [ -117.118075, 33.05691 ], [ -117.118111, 33.057039 ], [ -117.118145, 33.05714 ], [ -117.118199, 33.05724 ], [ -117.118268, 33.057332 ], [ -117.118341, 33.057406 ], [ -117.118437, 33.057481 ], [ -117.118468, 33.057532 ], [ -117.118464, 33.059032 ], [ -117.118395, 33.059185 ], [ -117.118091, 33.060032 ], [ -117.118076, 33.060127 ], [ -117.118077, 33.060223 ], [ -117.118094, 33.060318 ], [ -117.118134, 33.060428 ], [ -117.118183, 33.06052 ], [ -117.118252, 33.060608 ], [ -117.118327, 33.06068 ], [ -117.118413, 33.060743 ], [ -117.118627, 33.060862 ], [ -117.118755, 33.060952 ], [ -117.118811, 33.061002 ], [ -117.118864, 33.061071 ], [ -117.118896, 33.061134 ], [ -117.118918, 33.061214 ], [ -117.118921, 33.061297 ], [ -117.118906, 33.061378 ], [ -117.118771, 33.061728 ], [ -117.118756, 33.06181 ], [ -117.118756, 33.061828 ], [ -117.118757, 33.061892 ], [ -117.118775, 33.061978 ], [ -117.118819, 33.062083 ], [ -117.118863, 33.062141 ], [ -117.118919, 33.062191 ], [ -117.118985, 33.06223 ], [ -117.11906, 33.062257 ], [ -117.119124, 33.06227 ], [ -117.119193, 33.062273 ], [ -117.11964, 33.062278 ], [ -117.11977, 33.062284 ], [ -117.11985, 33.062298 ], [ -117.11994, 33.062331 ], [ -117.120006, 33.062371 ], [ -117.120065, 33.062422 ], [ -117.120085, 33.062455 ], [ -117.120114, 33.062528 ], [ -117.120133, 33.062576 ], [ -117.120136, 33.062585 ], [ -117.120169, 33.062706 ], [ -117.120174, 33.062733 ], [ -117.120184, 33.062786 ], [ -117.120095, 33.062821 ], [ -117.120015, 33.062868 ], [ -117.119955, 33.062915 ], [ -117.119892, 33.062985 ], [ -117.119849, 33.063052 ], [ -117.119761, 33.063198 ], [ -117.119558, 33.063542 ], [ -117.119375, 33.063842 ], [ -117.119332, 33.06396 ], [ -117.119308, 33.064068 ], [ -117.119301, 33.064174 ], [ -117.119309, 33.064298 ], [ -117.119333, 33.06442 ], [ -117.119361, 33.064504 ], [ -117.119405, 33.064578 ], [ -117.119465, 33.064643 ], [ -117.119539, 33.064697 ], [ -117.119606, 33.06473 ], [ -117.119658, 33.064753 ], [ -117.119901, 33.064862 ], [ -117.120006, 33.064928 ], [ -117.120096, 33.065003 ], [ -117.120141, 33.065061 ], [ -117.120154, 33.065087 ], [ -117.120186, 33.065193 ], [ -117.120189, 33.065219 ], [ -117.120202, 33.065316 ], [ -117.120207, 33.065634 ], [ -117.120208, 33.065694 ], [ -117.120207, 33.065773 ], [ -117.120204, 33.065863 ], [ -117.120197, 33.066133 ], [ -117.120195, 33.066224 ], [ -117.120179, 33.06631 ], [ -117.12017, 33.06636 ], [ -117.120123, 33.066506 ], [ -117.120098, 33.06656 ], [ -117.120062, 33.06664 ], [ -117.120002, 33.066719 ], [ -117.119821, 33.066961 ], [ -117.119762, 33.067043 ], [ -117.119697, 33.067132 ], [ -117.119632, 33.067223 ], [ -117.119534, 33.067397 ], [ -117.119525, 33.067414 ], [ -117.11948, 33.067515 ], [ -117.119428, 33.067646 ], [ -117.119375, 33.067791 ], [ -117.119077, 33.068627 ], [ -117.118978, 33.068907 ], [ -117.118935, 33.069027 ], [ -117.118807, 33.069387 ], [ -117.118765, 33.069508 ], [ -117.118678, 33.069756 ], [ -117.118658, 33.069815 ], [ -117.118598, 33.069972 ], [ -117.118527, 33.07011 ], [ -117.1183, 33.070447 ], [ -117.118269, 33.070495 ], [ -117.118209, 33.070593 ], [ -117.118173, 33.070677 ], [ -117.118153, 33.070737 ], [ -117.118134, 33.070796 ], [ -117.118115, 33.070919 ], [ -117.118114, 33.070974 ], [ -117.118113, 33.070987 ], [ -117.1181, 33.071173 ], [ -117.11806, 33.071731 ], [ -117.118048, 33.071918 ], [ -117.118039, 33.072055 ], [ -117.118044, 33.07213 ], [ -117.11805, 33.07222 ], [ -117.118075, 33.072355 ], [ -117.118112, 33.072478 ], [ -117.118212, 33.072721 ], [ -117.118215, 33.072741 ], [ -117.118231, 33.072844 ], [ -117.118228, 33.072955 ], [ -117.118211, 33.07305 ], [ -117.118163, 33.073175 ], [ -117.118142, 33.073226 ], [ -117.118052, 33.073456 ], [ -117.118028, 33.073564 ], [ -117.118022, 33.073674 ], [ -117.11803, 33.073775 ], [ -117.118083, 33.074059 ], [ -117.118137, 33.074341 ], [ -117.118175, 33.074543 ], [ -117.118256, 33.074972 ], [ -117.118274, 33.075151 ], [ -117.118277, 33.075177 ], [ -117.118281, 33.075357 ], [ -117.118272, 33.07551 ], [ -117.118246, 33.075969 ], [ -117.118241, 33.076063 ], [ -117.118236, 33.076124 ], [ -117.118223, 33.076276 ], [ -117.118195, 33.076617 ], [ -117.118169, 33.076732 ], [ -117.118159, 33.076781 ], [ -117.118126, 33.076881 ], [ -117.118072, 33.07701 ], [ -117.118066, 33.077019 ], [ -117.118011, 33.07713 ], [ -117.117936, 33.077237 ], [ -117.117845, 33.077334 ], [ -117.117793, 33.077375 ], [ -117.117739, 33.07742 ], [ -117.117672, 33.077464 ], [ -117.117576, 33.077517 ], [ -117.117549, 33.077527 ], [ -117.11751, 33.077545 ], [ -117.117459, 33.07756 ], [ -117.117265, 33.077618 ], [ -117.117155, 33.077652 ], [ -117.117024, 33.077697 ], [ -117.116935, 33.077727 ], [ -117.116803, 33.077772 ], [ -117.116669, 33.077821 ], [ -117.116582, 33.077854 ], [ -117.116523, 33.077873 ], [ -117.116506, 33.077879 ], [ -117.116349, 33.077942 ], [ -117.116286, 33.077967 ], [ -117.116246, 33.077984 ], [ -117.116215, 33.078002 ], [ -117.116194, 33.078014 ], [ -117.116131, 33.078052 ], [ -117.116111, 33.078066 ], [ -117.116057, 33.078108 ], [ -117.116034, 33.078128 ], [ -117.115968, 33.078197 ], [ -117.11592, 33.07826 ], [ -117.115908, 33.078279 ], [ -117.115885, 33.07832 ], [ -117.115586, 33.078694 ], [ -117.115519, 33.07878 ], [ -117.115483, 33.078857 ], [ -117.115466, 33.078925 ], [ -117.115444, 33.079057 ], [ -117.115356, 33.078992 ], [ -117.115265, 33.078948 ], [ -117.115174, 33.078923 ], [ -117.115073, 33.078912 ], [ -117.114956, 33.078923 ], [ -117.114855, 33.078959 ], [ -117.114789, 33.079006 ], [ -117.114728, 33.079068 ], [ -117.114648, 33.079173 ], [ -117.114488, 33.079405 ], [ -117.114372, 33.079576 ], [ -117.114212, 33.079801 ], [ -117.114145, 33.079891 ], [ -117.106848, 33.073212 ], [ -117.106515, 33.073386 ], [ -117.10639, 33.073735 ], [ -117.106058, 33.073875 ], [ -117.10601, 33.073875 ], [ -117.105891, 33.073875 ], [ -117.105766, 33.073596 ], [ -117.105642, 33.073282 ], [ -117.105683, 33.073108 ], [ -117.105683, 33.072585 ], [ -117.105725, 33.072445 ], [ -117.105683, 33.072271 ], [ -117.105558, 33.072027 ], [ -117.105434, 33.071783 ], [ -117.105267, 33.071608 ], [ -117.105059, 33.071329 ], [ -117.104726, 33.071155 ], [ -117.104518, 33.071051 ], [ -117.10431, 33.070911 ], [ -117.104144, 33.070772 ], [ -117.104019, 33.070632 ], [ -117.103853, 33.070381 ], [ -117.103811, 33.070318 ], [ -117.103769, 33.070109 ], [ -117.103229, 33.069726 ], [ -117.103074, 33.069652 ], [ -117.102937, 33.069586 ], [ -117.102288, 33.069435 ], [ -117.102157, 33.069403 ], [ -117.101852, 33.069318 ], [ -117.100969, 33.068505 ], [ -117.100499, 33.068073 ], [ -117.100106, 33.068213 ], [ -117.100038, 33.068122 ], [ -117.099981, 33.067978 ], [ -117.100067, 33.067878 ], [ -117.099859, 33.067773 ], [ -117.099611, 33.067735 ], [ -117.099193, 33.067634 ], [ -117.098943, 33.067634 ], [ -117.098777, 33.067564 ], [ -117.098569, 33.06732 ], [ -117.09886, 33.067285 ], [ -117.099027, 33.067285 ], [ -117.099027, 33.067146 ], [ -117.099027, 33.066971 ], [ -117.098902, 33.066692 ], [ -117.09886, 33.066518 ], [ -117.09886, 33.06596 ], [ -117.09886, 33.065856 ], [ -117.098902, 33.065577 ], [ -117.098777, 33.065402 ], [ -117.098652, 33.064949 ], [ -117.098569, 33.06474 ], [ -117.098486, 33.064531 ], [ -117.098153, 33.064357 ], [ -117.097987, 33.064252 ], [ -117.097446, 33.064217 ], [ -117.097321, 33.064287 ], [ -117.097196, 33.064217 ], [ -117.097279, 33.064008 ], [ -117.097404, 33.063799 ], [ -117.097196, 33.06352 ], [ -117.096947, 33.063415 ], [ -117.096614, 33.063311 ], [ -117.096156, 33.063345 ], [ -117.095948, 33.06345 ], [ -117.095574, 33.06345 ], [ -117.095116, 33.06345 ], [ -117.094783, 33.06352 ], [ -117.094742, 33.06338 ], [ -117.095158, 33.063241 ], [ -117.095241, 33.063032 ], [ -117.095324, 33.062857 ], [ -117.095449, 33.062648 ], [ -117.095449, 33.062439 ], [ -117.09549, 33.06223 ], [ -117.095282, 33.062021 ], [ -117.09549, 33.061811 ], [ -117.095615, 33.061602 ], [ -117.095782, 33.061393 ], [ -117.095574, 33.061219 ], [ -117.095324, 33.061114 ], [ -117.095118, 33.061042 ], [ -117.094619, 33.060868 ], [ -117.094326, 33.060766 ], [ -117.094122, 33.060483 ], [ -117.094086, 33.06048 ], [ -117.093955, 33.060477 ], [ -117.093513, 33.060465 ], [ -117.093209, 33.060461 ], [ -117.093036, 33.060417 ], [ -117.092745, 33.060243 ], [ -117.092453, 33.060103 ], [ -117.092245, 33.059964 ], [ -117.092121, 33.05972 ], [ -117.091913, 33.05972 ], [ -117.091746, 33.059685 ], [ -117.091621, 33.059754 ], [ -117.091705, 33.059371 ], [ -117.091637, 33.059308 ], [ -117.091454, 33.059127 ], [ -117.091274, 33.059013 ], [ -117.090552, 33.057993 ], [ -117.090097, 33.057955 ], [ -117.089022, 33.057749 ], [ -117.087907, 33.057654 ], [ -117.087427, 33.057783 ], [ -117.087004, 33.058169 ], [ -117.086313, 33.058588 ], [ -117.085948, 33.058894 ], [ -117.085256, 33.059698 ], [ -117.084391, 33.060359 ], [ -117.08372, 33.060713 ], [ -117.083355, 33.061728 ], [ -117.082797, 33.062114 ], [ -117.08222, 33.062629 ], [ -117.081741, 33.063064 ], [ -117.081471, 33.06337 ], [ -117.081379, 33.063436 ], [ -117.081255, 33.063527 ], [ -117.081791, 33.063851 ], [ -117.082006, 33.064016 ], [ -117.082132, 33.064238 ], [ -117.082248, 33.064703 ], [ -117.082094, 33.064601 ], [ -117.081803, 33.064496 ], [ -117.081387, 33.064391 ], [ -117.081345, 33.064287 ], [ -117.080929, 33.064252 ], [ -117.080763, 33.064252 ], [ -117.080638, 33.064112 ], [ -117.080472, 33.063973 ], [ -117.080014, 33.064078 ], [ -117.079806, 33.064078 ], [ -117.079723, 33.063973 ], [ -117.079598, 33.063868 ], [ -117.079473, 33.063834 ], [ -117.079432, 33.063694 ], [ -117.079307, 33.06359 ], [ -117.078808, 33.063694 ], [ -117.079224, 33.063345 ], [ -117.079265, 33.063206 ], [ -117.079182, 33.062997 ], [ -117.079057, 33.062892 ], [ -117.079016, 33.062613 ], [ -117.078891, 33.062334 ], [ -117.078724, 33.062125 ], [ -117.078482, 33.061984 ], [ -117.078311, 33.061885 ], [ -117.078184, 33.061811 ], [ -117.078017, 33.061881 ], [ -117.077767, 33.061881 ], [ -117.078017, 33.061602 ], [ -117.0781, 33.061393 ], [ -117.078059, 33.06101 ], [ -117.078059, 33.0608 ], [ -117.07759, 33.060604 ], [ -117.077559, 33.060591 ], [ -117.076727, 33.060975 ], [ -117.076395, 33.060835 ], [ -117.076364, 33.060828 ], [ -117.075292, 33.060688 ], [ -117.074368, 33.060733 ], [ -117.073798, 33.060927 ], [ -117.073253, 33.061324 ], [ -117.073064, 33.061667 ], [ -117.073064, 33.061791 ], [ -117.07184, 33.061747 ], [ -117.071201, 33.061864 ], [ -117.071018, 33.061954 ], [ -117.070856, 33.062124 ], [ -117.070772, 33.062234 ], [ -117.0706, 33.062429 ], [ -117.070457, 33.062527 ], [ -117.070214, 33.062649 ], [ -117.069854, 33.062811 ], [ -117.070006, 33.063194 ], [ -117.070029, 33.063241 ], [ -117.070071, 33.063345 ], [ -117.069946, 33.063485 ], [ -117.069821, 33.063648 ], [ -117.069663, 33.063853 ], [ -117.069629, 33.063898 ], [ -117.069605, 33.063929 ], [ -117.069572, 33.063973 ], [ -117.069651, 33.064355 ], [ -117.069676, 33.064475 ], [ -117.069696, 33.064566 ], [ -117.069863, 33.064949 ], [ -117.070018, 33.065153 ], [ -117.070154, 33.065333 ], [ -117.070087, 33.065337 ], [ -117.069141, 33.06541 ], [ -117.069031, 33.065418 ], [ -117.068876, 33.06543 ], [ -117.0687, 33.065443 ], [ -117.068553, 33.065455 ], [ -117.068365, 33.065472 ], [ -117.06835, 33.065499 ], [ -117.067991, 33.066169 ], [ -117.067075, 33.067518 ], [ -117.067022, 33.067559 ], [ -117.066915, 33.067622 ], [ -117.0668, 33.067673 ], [ -117.066689, 33.067707 ], [ -117.066662, 33.067716 ], [ -117.066518, 33.067742 ], [ -117.066065, 33.067775 ], [ -117.065707, 33.067801 ], [ -117.06561, 33.067799 ], [ -117.065497, 33.067783 ], [ -117.065401, 33.067757 ], [ -117.065388, 33.067755 ], [ -117.065278, 33.067712 ], [ -117.06506, 33.067624 ], [ -117.065, 33.067597 ], [ -117.064936, 33.067589 ], [ -117.064889, 33.067594 ], [ -117.064872, 33.067597 ], [ -117.064814, 33.067623 ], [ -117.064781, 33.067653 ], [ -117.064753, 33.067703 ], [ -117.064729, 33.067758 ], [ -117.064578, 33.067772 ], [ -117.061916, 33.067982 ], [ -117.061598, 33.068049 ], [ -117.061417, 33.068157 ], [ -117.061126, 33.068261 ], [ -117.059929, 33.067362 ], [ -117.059255, 33.066856 ], [ -117.058705, 33.066442 ], [ -117.058272, 33.066117 ], [ -117.057903, 33.06584 ], [ -117.057507, 33.065542 ], [ -117.057507, 33.065519 ], [ -117.057507, 33.063973 ], [ -117.057631, 33.063659 ], [ -117.057839, 33.063345 ], [ -117.057923, 33.063171 ], [ -117.058047, 33.062892 ], [ -117.058131, 33.062613 ], [ -117.058089, 33.062474 ], [ -117.057673, 33.06223 ], [ -117.056719, 33.061979 ], [ -117.056626, 33.061954 ], [ -117.05627, 33.061902 ], [ -117.054141, 33.061592 ], [ -117.054006, 33.061587 ], [ -117.05343, 33.061567 ], [ -117.053873, 33.060988 ], [ -117.05447, 33.060208 ], [ -117.051266, 33.05965 ], [ -117.050886, 33.059332 ], [ -117.0506, 33.059092 ], [ -117.050174, 33.058972 ], [ -117.049727, 33.058991 ], [ -117.049018, 33.059351 ], [ -117.048724, 33.059426 ], [ -117.048492, 33.059353 ], [ -117.048233, 33.059273 ], [ -117.047825, 33.059422 ], [ -117.047706, 33.059392 ], [ -117.047568, 33.059447 ], [ -117.047378, 33.059479 ], [ -117.046972, 33.059547 ], [ -117.046688, 33.059595 ], [ -117.04624, 33.059527 ], [ -117.045991, 33.059489 ], [ -117.045589, 33.059427 ], [ -117.045306, 33.059384 ], [ -117.044878, 33.059637 ], [ -117.044549, 33.05949 ], [ -117.044371, 33.059558 ], [ -117.043965, 33.059841 ], [ -117.04336, 33.060132 ], [ -117.042968, 33.06029 ], [ -117.042721, 33.060971 ], [ -117.042626, 33.061277 ], [ -117.04182, 33.061132 ], [ -117.041234, 33.061027 ], [ -117.040913, 33.061212 ], [ -117.040591, 33.061397 ], [ -117.040127, 33.061662 ], [ -117.040078, 33.061733 ], [ -117.04003, 33.062041 ], [ -117.040054, 33.062092 ], [ -117.040052, 33.062102 ], [ -117.03968, 33.062348 ], [ -117.039574, 33.062418 ], [ -117.040002, 33.062776 ], [ -117.039172, 33.062607 ], [ -117.039143, 33.062631 ], [ -117.038846, 33.062881 ], [ -117.038691, 33.063453 ], [ -117.038577, 33.063876 ], [ -117.038544, 33.063998 ], [ -117.038523, 33.064177 ], [ -117.038519, 33.064208 ], [ -117.0384, 33.064268 ], [ -117.038091, 33.064735 ], [ -117.038217, 33.064946 ], [ -117.038494, 33.065262 ], [ -117.038912, 33.065364 ], [ -117.039574, 33.06568 ], [ -117.039657, 33.065717 ], [ -117.039569, 33.065756 ], [ -117.039499, 33.065788 ], [ -117.039172, 33.06602 ], [ -117.039122, 33.066104 ], [ -117.039172, 33.066231 ], [ -117.039298, 33.066315 ], [ -117.041196, 33.067278 ], [ -117.041133, 33.067389 ], [ -117.041503, 33.067497 ], [ -117.041736, 33.067514 ], [ -117.042437, 33.067566 ], [ -117.042671, 33.067585 ], [ -117.043997, 33.067684 ], [ -117.047168, 33.067921 ], [ -117.046994, 33.068484 ], [ -117.046775, 33.069176 ], [ -117.046552, 33.069885 ], [ -117.046157, 33.07118 ], [ -117.046107, 33.071344 ], [ -117.046051, 33.071508 ], [ -117.045907, 33.071501 ], [ -117.045791, 33.071505 ], [ -117.045761, 33.071507 ], [ -117.045581, 33.07153 ], [ -117.045395, 33.071559 ], [ -117.045312, 33.071574 ], [ -117.045213, 33.071593 ], [ -117.044509, 33.071708 ], [ -117.044241, 33.071753 ], [ -117.043953, 33.0718 ], [ -117.04309, 33.071944 ], [ -117.043071, 33.071948 ], [ -117.042905, 33.071987 ], [ -117.042808, 33.072015 ], [ -117.042749, 33.072035 ], [ -117.042575, 33.072099 ], [ -117.042518, 33.072122 ], [ -117.042183, 33.07225 ], [ -117.042091, 33.072288 ], [ -117.041854, 33.072387 ], [ -117.040816, 33.072802 ], [ -117.040391, 33.072973 ], [ -117.040021, 33.073117 ], [ -117.039368, 33.073372 ], [ -117.03904, 33.073496 ], [ -117.038912, 33.073548 ], [ -117.038747, 33.073617 ], [ -117.03855, 33.073708 ], [ -117.038414, 33.073784 ], [ -117.038394, 33.073796 ], [ -117.038176, 33.073942 ], [ -117.037957, 33.074108 ], [ -117.037946, 33.074117 ], [ -117.037839, 33.074203 ], [ -117.037816, 33.074218 ], [ -117.037896, 33.074353 ], [ -117.037909, 33.074374 ], [ -117.037991, 33.074553 ], [ -117.038026, 33.074661 ], [ -117.038025, 33.074716 ], [ -117.038008, 33.074769 ], [ -117.037992, 33.07479 ], [ -117.037979, 33.074813 ], [ -117.037946, 33.074843 ], [ -117.037902, 33.074862 ], [ -117.037867, 33.074881 ], [ -117.037766, 33.074937 ], [ -117.037642, 33.075027 ], [ -117.037593, 33.075072 ], [ -117.037555, 33.075109 ], [ -117.037479, 33.075183 ], [ -117.037424, 33.075252 ], [ -117.03739, 33.075312 ], [ -117.037369, 33.075379 ], [ -117.03736, 33.075461 ], [ -117.037369, 33.07553 ], [ -117.037398, 33.07561 ], [ -117.037424, 33.075645 ], [ -117.037461, 33.075672 ], [ -117.037534, 33.075711 ], [ -117.037596, 33.075729 ], [ -117.037125, 33.075722 ], [ -117.037232, 33.076065 ], [ -117.036885, 33.075921 ], [ -117.036764, 33.075841 ], [ -117.036653, 33.075773 ], [ -117.036579, 33.075689 ], [ -117.036352, 33.075605 ], [ -117.036176, 33.076047 ], [ -117.036151, 33.076173 ], [ -117.0361, 33.076299 ], [ -117.036075, 33.076448 ], [ -117.035999, 33.076574 ], [ -117.035974, 33.076658 ], [ -117.03605, 33.07689 ], [ -117.035875, 33.076932 ], [ -117.035659, 33.077034 ], [ -117.035615, 33.077127 ], [ -117.035589, 33.077188 ], [ -117.035561, 33.07725 ], [ -117.035637, 33.077322 ], [ -117.035537, 33.077344 ], [ -117.035526, 33.077377 ], [ -117.035503, 33.077425 ], [ -117.035493, 33.077482 ], [ -117.035493, 33.077527 ], [ -117.03555, 33.077583 ], [ -117.035565, 33.077621 ], [ -117.035462, 33.077693 ], [ -117.035447, 33.077734 ], [ -117.035326, 33.077817 ], [ -117.0351, 33.078027 ], [ -117.035074, 33.078133 ], [ -117.035076, 33.078353 ], [ -117.035099, 33.078533 ], [ -117.035124, 33.078659 ], [ -117.035351, 33.079018 ], [ -117.035577, 33.079081 ], [ -117.035722, 33.079133 ], [ -117.036097, 33.079222 ], [ -117.036226, 33.079308 ], [ -117.036683, 33.079426 ], [ -117.036733, 33.079502 ], [ -117.036508, 33.079692 ], [ -117.036429, 33.079713 ], [ -117.036357, 33.079733 ], [ -117.036056, 33.080008 ], [ -117.036004, 33.080155 ], [ -117.036004, 33.080366 ], [ -117.035929, 33.080682 ], [ -117.035904, 33.081123 ], [ -117.035955, 33.081356 ], [ -117.036081, 33.081588 ], [ -117.036131, 33.081693 ], [ -117.036112, 33.081837 ], [ -117.036105, 33.081967 ], [ -117.036004, 33.081925 ], [ -117.035923, 33.081901 ], [ -117.035845, 33.081929 ], [ -117.035745, 33.081974 ], [ -117.035704, 33.082009 ], [ -117.035528, 33.082366 ], [ -117.035477, 33.082515 ], [ -117.035503, 33.082724 ], [ -117.035351, 33.082999 ], [ -117.035327, 33.083083 ], [ -117.035366, 33.083185 ], [ -117.035376, 33.08321 ], [ -117.035101, 33.083288 ], [ -117.034999, 33.083378 ], [ -117.034848, 33.08342 ], [ -117.034772, 33.083399 ], [ -117.034697, 33.083315 ], [ -117.034521, 33.083041 ], [ -117.03437, 33.082957 ], [ -117.034018, 33.082915 ], [ -117.033442, 33.082941 ], [ -117.033163, 33.083024 ], [ -117.032911, 33.083173 ], [ -117.032457, 33.083444 ], [ -117.032071, 33.083749 ], [ -117.031605, 33.084302 ], [ -117.031505, 33.084453 ], [ -117.031354, 33.084895 ], [ -117.031259, 33.085145 ], [ -117.031203, 33.085295 ], [ -117.031027, 33.085548 ], [ -117.030877, 33.085738 ], [ -117.030525, 33.085969 ], [ -117.030525, 33.086075 ], [ -117.030449, 33.086264 ], [ -117.030575, 33.086538 ], [ -117.030312, 33.08687 ], [ -117.030245, 33.087042 ], [ -117.030192, 33.087183 ], [ -117.030291, 33.087399 ], [ -117.030504, 33.087559 ], [ -117.030437, 33.087691 ], [ -117.030235, 33.087662 ], [ -117.030011, 33.087738 ], [ -117.029977, 33.087672 ], [ -117.030078, 33.087587 ], [ -117.030011, 33.087399 ], [ -117.029797, 33.08738 ], [ -117.029775, 33.087343 ], [ -117.029674, 33.086957 ], [ -117.029517, 33.086797 ], [ -117.029158, 33.086703 ], [ -117.028911, 33.086534 ], [ -117.028743, 33.086478 ], [ -117.028754, 33.08629 ], [ -117.028462, 33.08597 ], [ -117.028451, 33.085867 ], [ -117.028238, 33.085633 ], [ -117.026902, 33.085556 ], [ -117.026756, 33.085613 ], [ -117.026599, 33.085594 ], [ -117.026375, 33.085406 ], [ -117.026397, 33.085011 ], [ -117.026094, 33.084672 ], [ -117.026229, 33.084343 ], [ -117.026236, 33.084066 ], [ -117.026173, 33.083845 ], [ -117.025992, 33.083976 ], [ -117.025488, 33.084484 ], [ -117.025376, 33.084945 ], [ -117.02523, 33.085049 ], [ -117.025842, 33.083227 ], [ -117.025974, 33.082856 ], [ -117.025883, 33.082873 ], [ -117.025743, 33.082973 ], [ -117.025701, 33.082992 ], [ -117.025571, 33.083158 ], [ -117.025395, 33.083346 ], [ -117.024587, 33.084208 ], [ -117.022602, 33.086325 ], [ -117.022485, 33.08645 ], [ -117.021775, 33.087208 ], [ -117.021683, 33.087305 ], [ -117.021653, 33.087337 ], [ -117.02156, 33.087437 ], [ -117.022794, 33.087422 ], [ -117.023067, 33.08742 ], [ -117.02322, 33.087416 ], [ -117.023221, 33.087474 ], [ -117.023232, 33.087531 ], [ -117.023232, 33.087568 ], [ -117.023188, 33.087578 ], [ -117.023087, 33.087663 ], [ -117.022921, 33.087713 ], [ -117.022582, 33.088049 ], [ -117.022398, 33.088231 ], [ -117.022324, 33.088377 ], [ -117.022324, 33.08855 ], [ -117.022245, 33.088631 ], [ -117.022155, 33.088659 ], [ -117.021985, 33.088677 ], [ -117.021931, 33.088678 ], [ -117.021762, 33.088876 ], [ -117.021717, 33.089017 ], [ -117.021852, 33.089148 ], [ -117.021905, 33.089237 ], [ -117.021942, 33.089289 ], [ -117.021908, 33.089336 ], [ -117.021976, 33.089355 ], [ -117.021942, 33.089402 ], [ -117.021886, 33.089421 ], [ -117.02165, 33.089458 ], [ -117.021437, 33.089527 ], [ -117.021351, 33.089558 ], [ -117.021224, 33.089647 ], [ -117.021168, 33.089712 ], [ -117.020999, 33.089853 ], [ -117.020898, 33.0899 ], [ -117.020775, 33.090041 ], [ -117.020719, 33.090267 ], [ -117.020764, 33.090399 ], [ -117.02101, 33.090681 ], [ -117.021402, 33.090673 ], [ -117.022376, 33.090654 ], [ -117.023016, 33.090641 ], [ -117.023906, 33.090624 ], [ -117.02391, 33.090833 ], [ -117.023929, 33.091855 ], [ -117.023935, 33.092429 ], [ -117.023362, 33.092419 ], [ -117.020592, 33.09237 ], [ -117.020616, 33.092658 ], [ -117.020691, 33.093522 ], [ -117.020716, 33.09381 ], [ -117.020778, 33.094552 ], [ -117.020967, 33.096778 ], [ -117.02103, 33.097521 ], [ -117.02124, 33.097343 ], [ -117.021538, 33.097168 ], [ -117.021698, 33.097099 ], [ -117.021988, 33.097012 ], [ -117.022148, 33.096981 ], [ -117.022301, 33.096954 ], [ -117.022598, 33.096947 ], [ -117.023491, 33.097038 ], [ -117.023804, 33.097088 ], [ -117.024353, 33.097214 ], [ -117.024681, 33.097313 ], [ -117.025879, 33.097805 ], [ -117.025918, 33.097821 ], [ -117.0261, 33.097897 ], [ -117.026324, 33.098031 ], [ -117.026367, 33.098057 ], [ -117.026485, 33.098152 ], [ -117.026333, 33.098155 ], [ -117.024355, 33.09823 ], [ -117.024349, 33.09831 ], [ -117.024341, 33.098427 ], [ -117.024332, 33.098549 ], [ -117.024346, 33.098728 ], [ -117.02435, 33.098784 ], [ -117.024394, 33.099364 ], [ -117.024509, 33.100887 ], [ -117.024838, 33.105234 ], [ -117.024406, 33.105251 ], [ -117.023574, 33.105284 ], [ -117.021371, 33.105372 ], [ -117.020858, 33.10541 ], [ -117.020292, 33.105449 ], [ -117.020124, 33.10546 ], [ -117.020162, 33.106087 ], [ -117.020195, 33.106626 ], [ -117.020224, 33.107374 ], [ -117.020277, 33.108683 ], [ -117.020278, 33.10923 ], [ -117.018691, 33.110151 ], [ -117.015939, 33.111751 ], [ -117.015785, 33.111829 ], [ -117.015767, 33.11184 ], [ -117.015656, 33.111913 ], [ -117.015585, 33.111981 ], [ -117.015503, 33.112067 ], [ -117.015418, 33.112131 ], [ -117.015311, 33.112192 ], [ -117.015144, 33.112289 ], [ -117.014943, 33.112399 ], [ -117.014796, 33.112481 ], [ -117.014349, 33.112743 ], [ -117.014152, 33.112859 ], [ -117.014136, 33.11285 ], [ -117.014089, 33.112823 ], [ -117.014074, 33.112815 ], [ -117.013807, 33.112965 ], [ -117.013008, 33.113418 ], [ -117.012742, 33.113569 ], [ -117.012986, 33.11392 ], [ -117.012761, 33.114166 ], [ -117.01265, 33.114161 ], [ -117.012298, 33.114168 ], [ -117.011878, 33.114169 ], [ -117.011681, 33.114169 ], [ -117.011347, 33.114173 ], [ -117.011074, 33.114175 ], [ -117.010603, 33.114178 ], [ -117.010399, 33.114179 ], [ -117.009518, 33.114184 ], [ -117.009394, 33.114185 ], [ -117.009367, 33.112278 ], [ -117.00951, 33.112269 ], [ -117.010776, 33.112217 ], [ -117.010779, 33.112167 ], [ -117.01078, 33.112143 ], [ -117.010798, 33.111821 ], [ -117.010807, 33.111401 ], [ -117.010611, 33.111396 ], [ -117.009653, 33.111407 ], [ -117.008908, 33.111417 ], [ -117.008909, 33.111193 ], [ -117.008912, 33.110698 ], [ -117.008915, 33.110333 ], [ -117.008916, 33.110096 ], [ -117.008923, 33.108995 ], [ -117.008752, 33.108999 ], [ -117.007149, 33.109032 ], [ -117.007161, 33.108707 ], [ -117.007175, 33.107497 ], [ -117.007185, 33.106959 ], [ -117.007192, 33.106508 ], [ -117.007229, 33.104321 ], [ -117.007242, 33.103565 ], [ -117.007244, 33.103497 ], [ -117.007239, 33.103049 ], [ -117.007233, 33.102587 ], [ -117.007224, 33.101736 ], [ -117.003022, 33.101771 ], [ -117.002749, 33.101774 ], [ -117.002736, 33.104332 ], [ -117.002743, 33.105057 ], [ -117.002736, 33.105143 ], [ -117.002749, 33.105497 ], [ -117.001886, 33.105508 ], [ -117.000188, 33.105543 ], [ -116.998305, 33.105554 ], [ -116.998295, 33.107116 ], [ -116.998282, 33.109145 ], [ -116.995793, 33.109135 ], [ -116.994703, 33.10913 ], [ -116.993865, 33.109134 ], [ -116.993629, 33.109127 ], [ -116.992109, 33.108976 ], [ -116.991772, 33.108978 ], [ -116.989481, 33.108995 ], [ -116.983229, 33.108981 ], [ -116.980974, 33.108977 ], [ -116.980952, 33.105404 ], [ -116.972413, 33.105536 ], [ -116.963358, 33.105681 ], [ -116.963528, 33.102075 ], [ -116.96386, 33.095004 ], [ -116.963799, 33.0933 ], [ -116.963712, 33.091286 ], [ -116.963092, 33.091334 ], [ -116.961319, 33.091363 ], [ -116.960678, 33.091374 ], [ -116.959805, 33.091388 ], [ -116.959538, 33.091392 ], [ -116.959485, 33.091773 ], [ -116.959342, 33.092924 ], [ -116.959233, 33.092951 ], [ -116.957658, 33.093341 ], [ -116.957023, 33.093614 ], [ -116.955953, 33.093704 ], [ -116.955719, 33.093701 ], [ -116.955284, 33.093696 ], [ -116.955281, 33.093958 ], [ -116.955279, 33.094193 ], [ -116.955185, 33.094192 ], [ -116.955171, 33.094192 ], [ -116.955013, 33.094377 ], [ -116.954996, 33.095025 ], [ -116.955167, 33.094996 ], [ -116.954964, 33.098355 ], [ -116.954944, 33.098695 ], [ -116.950227, 33.098695 ], [ -116.948933, 33.098695 ], [ -116.942532, 33.098719 ], [ -116.941506, 33.098723 ], [ -116.941688, 33.095092 ], [ -116.932291, 33.095046 ], [ -116.932288, 33.094298 ], [ -116.932285, 33.093795 ], [ -116.93228, 33.092733 ], [ -116.932282, 33.092414 ], [ -116.932273, 33.091202 ], [ -116.924108, 33.091279 ], [ -116.919468, 33.091323 ], [ -116.918792, 33.091329 ], [ -116.918353, 33.091333 ], [ -116.916142, 33.091355 ], [ -116.913121, 33.091384 ], [ -116.911414, 33.0914 ], [ -116.9094, 33.091419 ], [ -116.908221, 33.091431 ], [ -116.90576, 33.091399 ], [ -116.905753, 33.089939 ], [ -116.905737, 33.086773 ], [ -116.905736, 33.08654 ], [ -116.905726, 33.084514 ], [ -116.905723, 33.083649 ], [ -116.914354, 33.083527 ], [ -116.914323, 33.080388 ], [ -116.914318, 33.079864 ], [ -116.918401, 33.079914 ], [ -116.921468, 33.079952 ], [ -116.928179, 33.080036 ], [ -116.936603, 33.08014 ], [ -116.94578, 33.08014 ], [ -116.946029, 33.080138 ], [ -116.946262, 33.080137 ], [ -116.946249, 33.080406 ], [ -116.946282, 33.081451 ], [ -116.946303, 33.0825 ], [ -116.946328, 33.08371 ], [ -116.945272, 33.083649 ], [ -116.945308, 33.087371 ], [ -116.945973, 33.087376 ], [ -116.945987, 33.087377 ], [ -116.946291, 33.087371 ], [ -116.946291, 33.087782 ], [ -116.946689, 33.087781 ], [ -116.946605, 33.087823 ], [ -116.946534, 33.08788 ], [ -116.946477, 33.087947 ], [ -116.946437, 33.088022 ], [ -116.946411, 33.088116 ], [ -116.946379, 33.08871 ], [ -116.946381, 33.089119 ], [ -116.946387, 33.089314 ], [ -116.94637, 33.089375 ], [ -116.946338, 33.089433 ], [ -116.946309, 33.089467 ], [ -116.946347, 33.090603 ], [ -116.946426, 33.092551 ], [ -116.946443, 33.093316 ], [ -116.946436, 33.095091 ], [ -116.950806, 33.095183 ], [ -116.950751, 33.093186 ], [ -116.950681, 33.090579 ], [ -116.950672, 33.090013 ], [ -116.950645, 33.088318 ], [ -116.950636, 33.087754 ], [ -116.951497, 33.08775 ], [ -116.954084, 33.087739 ], [ -116.954946, 33.087737 ], [ -116.954931, 33.087625 ], [ -116.954925, 33.087364 ], [ -116.954911, 33.08663 ], [ -116.954904, 33.086264 ], [ -116.954903, 33.086244 ], [ -116.954895, 33.086097 ], [ -116.954813, 33.085754 ], [ -116.954158, 33.085754 ], [ -116.954049, 33.083984 ], [ -116.954568, 33.083871 ], [ -116.954788, 33.083877 ], [ -116.954777, 33.082642 ], [ -116.954966, 33.082645 ], [ -116.957726, 33.082489 ], [ -116.957678, 33.080955 ], [ -116.957653, 33.08014 ], [ -116.964641, 33.080123 ], [ -116.966843, 33.080091 ], [ -116.971566, 33.080109 ], [ -116.971556, 33.07984 ], [ -116.971484, 33.077894 ], [ -116.97147, 33.076943 ], [ -116.971445, 33.075218 ], [ -116.971716, 33.075181 ], [ -116.971795, 33.075173 ], [ -116.97187, 33.075169 ], [ -116.971984, 33.075178 ], [ -116.972094, 33.075204 ], [ -116.972246, 33.075265 ], [ -116.972391, 33.075339 ], [ -116.972505, 33.075412 ], [ -116.97257, 33.075476 ], [ -116.974294, 33.075882 ], [ -116.974338, 33.075736 ], [ -116.974374, 33.075646 ], [ -116.974408, 33.075578 ], [ -116.974446, 33.075507 ], [ -116.974516, 33.075399 ], [ -116.974616, 33.075273 ], [ -116.974715, 33.07517 ], [ -116.97473, 33.075156 ], [ -116.974845, 33.075059 ], [ -116.97495, 33.074984 ], [ -116.97511, 33.074889 ], [ -116.975402, 33.074754 ], [ -116.977007, 33.074016 ], [ -116.977139, 33.073954 ], [ -116.977658, 33.073721 ], [ -116.977721, 33.073694 ], [ -116.978061, 33.073545 ], [ -116.978146, 33.073528 ], [ -116.97826, 33.073517 ], [ -116.97837, 33.07352 ], [ -116.978486, 33.073536 ], [ -116.978617, 33.073578 ], [ -116.978748, 33.073636 ], [ -116.978882, 33.073713 ], [ -116.979705, 33.074315 ], [ -116.98016, 33.074649 ], [ -116.980019, 33.069838 ], [ -116.980012, 33.069586 ], [ -116.981287, 33.069579 ], [ -116.988386, 33.069542 ], [ -116.98836, 33.071099 ], [ -116.988543, 33.073073 ], [ -116.991625, 33.073158 ], [ -116.991733, 33.073161 ], [ -116.992447, 33.073181 ], [ -116.992827, 33.073191 ], [ -116.993916, 33.073191 ], [ -116.994128, 33.07319 ], [ -116.995015, 33.073184 ], [ -116.997365, 33.073169 ], [ -116.998828, 33.073184 ], [ -117.003879, 33.073234 ], [ -117.004695, 33.073242 ], [ -117.014763, 33.073292 ], [ -117.014789, 33.073205 ], [ -117.018713, 33.073183 ], [ -117.018834, 33.066758 ], [ -117.018766, 33.066319 ], [ -117.020732, 33.066261 ], [ -117.023102, 33.066191 ], [ -117.023518, 33.066179 ], [ -117.029426, 33.06604 ], [ -117.029756, 33.066012 ], [ -117.02973, 33.065814 ], [ -117.029496, 33.065568 ], [ -117.029704, 33.065398 ], [ -117.029776, 33.065239 ], [ -117.029835, 33.065113 ], [ -117.029756, 33.064893 ], [ -117.02994, 33.064806 ], [ -117.030044, 33.064652 ], [ -117.029907, 33.064404 ], [ -117.029312, 33.06395 ], [ -117.028998, 33.063841 ], [ -117.028841, 33.063599 ], [ -117.028871, 33.063422 ], [ -117.028764, 33.063342 ], [ -117.028707, 33.062887 ], [ -117.028186, 33.062635 ], [ -117.028003, 33.062635 ], [ -117.027977, 33.062525 ], [ -117.027742, 33.062481 ], [ -117.027585, 33.062547 ], [ -117.027532, 33.062437 ], [ -117.027461, 33.06241 ], [ -117.027399, 33.062412 ], [ -117.025125, 33.062503 ], [ -117.025073, 33.062415 ], [ -117.024811, 33.062284 ], [ -117.024859, 33.062224 ], [ -117.024916, 33.062152 ], [ -117.024732, 33.061933 ], [ -117.024235, 33.061714 ], [ -117.024261, 33.061626 ], [ -117.024131, 33.061538 ], [ -117.023989, 33.061551 ], [ -117.023135, 33.061626 ], [ -117.023156, 33.060592 ], [ -117.023151, 33.060078 ], [ -117.023153, 33.059845 ], [ -117.023318, 33.059696 ], [ -117.023606, 33.059871 ], [ -117.024444, 33.059893 ], [ -117.024574, 33.059718 ], [ -117.024391, 33.059016 ], [ -117.024183, 33.05873 ], [ -117.024522, 33.058534 ], [ -117.025151, 33.05849 ], [ -117.025674, 33.058139 ], [ -117.026041, 33.057657 ], [ -117.026015, 33.057503 ], [ -117.026145, 33.057525 ], [ -117.026486, 33.057393 ], [ -117.026355, 33.05724 ], [ -117.026616, 33.057174 ], [ -117.026852, 33.057393 ], [ -117.027506, 33.057065 ], [ -117.027689, 33.056779 ], [ -117.028422, 33.056648 ], [ -117.029095, 33.055979 ], [ -117.029547, 33.055529 ], [ -117.029574, 33.055244 ], [ -117.030123, 33.054784 ], [ -117.030149, 33.054521 ], [ -117.029914, 33.054301 ], [ -117.030149, 33.054235 ], [ -117.030254, 33.053841 ], [ -117.029992, 33.053665 ], [ -117.030306, 33.053578 ], [ -117.030071, 33.053205 ], [ -117.029861, 33.053205 ], [ -117.02994, 33.053051 ], [ -117.029757, 33.05281 ], [ -117.029678, 33.052788 ], [ -117.029809, 33.052525 ], [ -117.0299, 33.052452 ], [ -117.030045, 33.052459 ], [ -117.030175, 33.052372 ], [ -117.030202, 33.05224 ], [ -117.030829, 33.051999 ], [ -117.030856, 33.051692 ], [ -117.031196, 33.051867 ], [ -117.03117, 33.052043 ], [ -117.031379, 33.052174 ], [ -117.031614, 33.052569 ], [ -117.031719, 33.052569 ], [ -117.031745, 33.052613 ], [ -117.031667, 33.0527 ], [ -117.031771, 33.052964 ], [ -117.031876, 33.053161 ], [ -117.032164, 33.053534 ], [ -117.03253, 33.053665 ], [ -117.032766, 33.053621 ], [ -117.033027, 33.053621 ], [ -117.03321, 33.05349 ], [ -117.033524, 33.053972 ], [ -117.033707, 33.054016 ], [ -117.033864, 33.054016 ], [ -117.033969, 33.053994 ], [ -117.034047, 33.053994 ], [ -117.034126, 33.053972 ], [ -117.034308, 33.053888 ], [ -117.034545, 33.053797 ], [ -117.034806, 33.053621 ], [ -117.034911, 33.053512 ], [ -117.035094, 33.053468 ], [ -117.035356, 33.05338 ], [ -117.035608, 33.053144 ], [ -117.035642, 33.052953 ], [ -117.035645, 33.052649 ], [ -117.035598, 33.052616 ], [ -117.035355, 33.052085 ], [ -117.034937, 33.052086 ], [ -117.035355, 33.051955 ], [ -117.035407, 33.051801 ], [ -117.035276, 33.051692 ], [ -117.03546, 33.051581 ], [ -117.036088, 33.051121 ], [ -117.036453, 33.050748 ], [ -117.036847, 33.050091 ], [ -117.03771, 33.050047 ], [ -117.038049, 33.049915 ], [ -117.03826, 33.04963 ], [ -117.038311, 33.049016 ], [ -117.038337, 33.048885 ], [ -117.03826, 33.048731 ], [ -117.038285, 33.0486 ], [ -117.038207, 33.048424 ], [ -117.038077, 33.048183 ], [ -117.037866, 33.048249 ], [ -117.037814, 33.048161 ], [ -117.037763, 33.048138 ], [ -117.037709, 33.04816 ], [ -117.03771, 33.04803 ], [ -117.037919, 33.048008 ], [ -117.037971, 33.047437 ], [ -117.03784, 33.047218 ], [ -117.037578, 33.046999 ], [ -117.037764, 33.047021 ], [ -117.037918, 33.04699 ], [ -117.038236, 33.046867 ], [ -117.038287, 33.046801 ], [ -117.038313, 33.046691 ], [ -117.038205, 33.046411 ], [ -117.038288, 33.046341 ], [ -117.038366, 33.046209 ], [ -117.038393, 33.046078 ], [ -117.038392, 33.045924 ], [ -117.03834, 33.045837 ], [ -117.038261, 33.045749 ], [ -117.038131, 33.045705 ], [ -117.038445, 33.045617 ], [ -117.03868, 33.045354 ], [ -117.038654, 33.04531 ], [ -117.038653, 33.045223 ], [ -117.038627, 33.045135 ], [ -117.038601, 33.045113 ], [ -117.038523, 33.045113 ], [ -117.038444, 33.045135 ], [ -117.038418, 33.045113 ], [ -117.038419, 33.045003 ], [ -117.038889, 33.044872 ], [ -117.039492, 33.044411 ], [ -117.039701, 33.044016 ], [ -117.041008, 33.044016 ], [ -117.041326, 33.043467 ], [ -117.041547, 33.043089 ], [ -117.042916, 33.040735 ], [ -117.044852, 33.037238 ], [ -117.045588, 33.03591 ], [ -117.045636, 33.035779 ], [ -117.045943, 33.035209 ], [ -117.046191, 33.034748 ], [ -117.046229, 33.034678 ], [ -117.046865, 33.033501 ], [ -117.047173, 33.032932 ], [ -117.047309, 33.032682 ], [ -117.047408, 33.032503 ], [ -117.047586, 33.032392 ], [ -117.047755, 33.032287 ], [ -117.051622, 33.025246 ], [ -117.051744, 33.025023 ], [ -117.0519, 33.024741 ], [ -117.052363, 33.023864 ], [ -117.052401, 33.023725 ], [ -117.05246, 33.023512 ], [ -117.052753, 33.022441 ], [ -117.05276, 33.022417 ], [ -117.052889, 33.021948 ], [ -117.053048, 33.021368 ], [ -117.053142, 33.021023 ], [ -117.053227, 33.020715 ], [ -117.053362, 33.020222 ], [ -117.053413, 33.020035 ], [ -117.053566, 33.019479 ], [ -117.053632, 33.019238 ], [ -117.05377, 33.018734 ], [ -117.053711, 33.018746 ], [ -117.05441, 33.01605 ], [ -117.05454, 33.01556 ], [ -117.055239, 33.012784 ], [ -117.055316, 33.012479 ], [ -117.055565, 33.011553 ], [ -117.055615, 33.011367 ], [ -117.055675, 33.011252 ], [ -117.055972, 33.010089 ], [ -117.05599, 33.009934 ], [ -117.056008, 33.009834 ], [ -117.056063, 33.009639 ], [ -117.056599, 33.007694 ], [ -117.056674, 33.007432 ], [ -117.05671, 33.007307 ], [ -117.056867, 33.006802 ], [ -117.057006, 33.006352 ], [ -117.0572, 33.005748 ], [ -117.057283, 33.005454 ], [ -117.057635, 33.004158 ], [ -117.057607, 33.004101 ], [ -117.057863, 33.003159 ], [ -117.058212, 33.001884 ], [ -117.058317, 33.001499 ], [ -117.058337, 33.00145 ], [ -117.058401, 33.001251 ], [ -117.05864, 33.000266 ], [ -117.058748, 32.999826 ], [ -117.058935, 32.999119 ], [ -117.060101, 32.994709 ], [ -117.060249, 32.994722 ], [ -117.0604, 32.994736 ], [ -117.062066, 32.99489 ], [ -117.062094, 32.994752 ], [ -117.062093, 32.994128 ], [ -117.062094, 32.993199 ], [ -117.062236, 32.993198 ], [ -117.062368, 32.993197 ], [ -117.06305, 32.993206 ], [ -117.066341, 32.993252 ], [ -117.066343, 32.992945 ], [ -117.066264, 32.991445 ], [ -117.066422, 32.987276 ], [ -117.066461, 32.986275 ], [ -117.0665, 32.9851 ], [ -117.066519, 32.984504 ], [ -117.066557, 32.982954 ], [ -117.066563, 32.98272 ], [ -117.066568, 32.982211 ], [ -117.066601, 32.979714 ], [ -117.066607, 32.979221 ], [ -117.066704, 32.97529 ], [ -117.066804, 32.972194 ], [ -117.066812, 32.971235 ], [ -117.066825, 32.968331 ], [ -117.066843, 32.965545 ], [ -117.066876, 32.96436 ], [ -117.067162, 32.964362 ], [ -117.067363, 32.964365 ], [ -117.068571, 32.964383 ], [ -117.069095, 32.964389 ], [ -117.071639, 32.96442 ], [ -117.07518, 32.964463 ], [ -117.078588, 32.964504 ], [ -117.08424, 32.964572 ], [ -117.084295, 32.964573 ], [ -117.084292, 32.964047 ], [ -117.084292, 32.964025 ], [ -117.084284, 32.962411 ], [ -117.084282, 32.961932 ], [ -117.08424, 32.960556 ], [ -117.08422, 32.959914 ], [ -117.084218, 32.959869 ], [ -117.084137, 32.957442 ], [ -117.084115, 32.956751 ], [ -117.083941, 32.951237 ], [ -117.083929, 32.950855 ], [ -117.08389, 32.949628 ], [ -117.078946, 32.949607 ], [ -117.075399, 32.949576 ], [ -117.075398, 32.948529 ], [ -117.075398, 32.947641 ], [ -117.075399, 32.947164 ], [ -117.075398, 32.945979 ], [ -117.07114, 32.945943 ], [ -117.07107, 32.945941 ], [ -117.071061, 32.94242 ], [ -117.070805, 32.942324 ], [ -117.067143, 32.942311 ], [ -117.066764, 32.94231 ], [ -117.066751, 32.940375 ], [ -117.066697, 32.936496 ], [ -117.066748, 32.936481 ], [ -117.06677, 32.936467 ], [ -117.066813, 32.936436 ], [ -117.066857, 32.936381 ], [ -117.066939, 32.936225 ], [ -117.066991, 32.936089 ], [ -117.067015, 32.93603 ], [ -117.067068, 32.935929 ], [ -117.067135, 32.935809 ], [ -117.067179, 32.935669 ], [ -117.067325, 32.935083 ], [ -117.066697, 32.935046 ], [ -117.066697, 32.934633 ], [ -117.066698, 32.93449 ], [ -117.06674, 32.934435 ], [ -117.06673, 32.93403 ], [ -117.06671, 32.933236 ], [ -117.066694, 32.932607 ], [ -117.066676, 32.931772 ], [ -117.066669, 32.931339 ], [ -117.066665, 32.930855 ], [ -117.066662, 32.930566 ], [ -117.066662, 32.930515 ], [ -117.066658, 32.929341 ], [ -117.066657, 32.92913 ], [ -117.066655, 32.928557 ], [ -117.06664, 32.927908 ], [ -117.066639, 32.927717 ], [ -117.066291, 32.927717 ], [ -117.066176, 32.927717 ], [ -117.065832, 32.927742 ], [ -117.065487, 32.927777 ], [ -117.065477, 32.927766 ], [ -117.06545, 32.927733 ], [ -117.065441, 32.927723 ], [ -117.062443, 32.927751 ], [ -117.062132, 32.927754 ], [ -117.061613, 32.92776 ], [ -117.0609, 32.927774 ], [ -117.059849, 32.927794 ], [ -117.059323, 32.927798 ], [ -117.058213, 32.927813 ], [ -117.058211, 32.927889 ], [ -117.058198, 32.92841 ], [ -117.058194, 32.928585 ], [ -117.05818, 32.929043 ], [ -117.058185, 32.929128 ], [ -117.058205, 32.929509 ], [ -117.058212, 32.930086 ], [ -117.058216, 32.930416 ], [ -117.058222, 32.930653 ], [ -117.058224, 32.931025 ], [ -117.058149, 32.930979 ], [ -117.058103, 32.930964 ], [ -117.05785, 32.930877 ], [ -117.057741, 32.930854 ], [ -117.057536, 32.930771 ], [ -117.057369, 32.930712 ], [ -117.057212, 32.93062 ], [ -117.057001, 32.930438 ], [ -117.056825, 32.930216 ], [ -117.056736, 32.929999 ], [ -117.056581, 32.929822 ], [ -117.056432, 32.929723 ], [ -117.056171, 32.92955 ], [ -117.056084, 32.929492 ], [ -117.055863, 32.929367 ], [ -117.05567, 32.929258 ], [ -117.055625, 32.92917 ], [ -117.055589, 32.929098 ], [ -117.055541, 32.929001 ], [ -117.054492, 32.928731 ], [ -117.054324, 32.928704 ], [ -117.054174, 32.928679 ], [ -117.053104, 32.928387 ], [ -117.050184, 32.927593 ], [ -117.049894, 32.92767 ], [ -117.049245, 32.927844 ], [ -117.048865, 32.927828 ], [ -117.048208, 32.927801 ], [ -117.047426, 32.927506 ], [ -117.047164, 32.927406 ], [ -117.04702, 32.927352 ], [ -117.046927, 32.927317 ], [ -117.046507, 32.927158 ], [ -117.044165, 32.927654 ], [ -117.041502, 32.927456 ], [ -117.040916, 32.927414 ], [ -117.04076, 32.927407 ], [ -117.040587, 32.927399 ], [ -117.039635, 32.927355 ], [ -117.039383, 32.927343 ], [ -117.038136, 32.927284 ], [ -117.037457, 32.927253 ], [ -117.036521, 32.92792 ], [ -117.033954, 32.928021 ], [ -117.033889, 32.928097 ], [ -117.033041, 32.929098 ], [ -117.032868, 32.929171 ], [ -117.031798, 32.929623 ], [ -117.029852, 32.930448 ], [ -117.028502, 32.930692 ], [ -117.027903, 32.930803 ], [ -117.027436, 32.931099 ], [ -117.02693, 32.931419 ], [ -117.026128, 32.931928 ], [ -117.025312, 32.932153 ], [ -117.024736, 32.932314 ], [ -117.023855, 32.932547 ], [ -117.021387, 32.933204 ], [ -117.021261, 32.933238 ], [ -117.020514, 32.933504 ], [ -117.019785, 32.933717 ], [ -117.01931, 32.9339 ], [ -117.018305, 32.934287 ], [ -117.017687, 32.934525 ], [ -117.016563, 32.935356 ], [ -117.015999, 32.936052 ], [ -117.014952, 32.937133 ], [ -117.014871, 32.937141 ], [ -117.013656, 32.937255 ], [ -117.013258, 32.937293 ], [ -117.012979, 32.937319 ], [ -117.012941, 32.937448 ], [ -117.012784, 32.937975 ], [ -117.012532, 32.938822 ], [ -117.010529, 32.940451 ], [ -117.010478, 32.941355 ], [ -117.010463, 32.941353 ], [ -117.009438, 32.941348 ], [ -117.008443, 32.941607 ], [ -117.007903, 32.942061 ], [ -117.007828, 32.942125 ], [ -117.007049, 32.942387 ], [ -117.0062, 32.942672 ], [ -117.003655, 32.943527 ], [ -117.002807, 32.943813 ], [ -117.002475, 32.943924 ], [ -117.002182, 32.944023 ], [ -117.001482, 32.944266 ], [ -117.001152, 32.944381 ], [ -117.001124, 32.94446 ], [ -117.001083, 32.944534 ], [ -117.001018, 32.944613 ], [ -117.000995, 32.944635 ], [ -117.000925, 32.94469 ], [ -117.000858, 32.944729 ], [ -117.000093, 32.944572 ], [ -116.999769, 32.944423 ], [ -116.999278, 32.944197 ], [ -116.997863, 32.943107 ], [ -116.997806, 32.943083 ], [ -116.995924, 32.942311 ], [ -116.994239, 32.942262 ], [ -116.992552, 32.942523 ], [ -116.991667, 32.942429 ], [ -116.99137, 32.942458 ], [ -116.991194, 32.942451 ], [ -116.991112, 32.942443 ], [ -116.990952, 32.942417 ], [ -116.9903, 32.942376 ], [ -116.988873, 32.942515 ], [ -116.988276, 32.942575 ], [ -116.987072, 32.942832 ], [ -116.986455, 32.942844 ], [ -116.98532, 32.942864 ], [ -116.985294, 32.942859 ], [ -116.985048, 32.942812 ], [ -116.984543, 32.942705 ], [ -116.984422, 32.94269 ], [ -116.983363, 32.942532 ], [ -116.981981, 32.942626 ], [ -116.981852, 32.942571 ], [ -116.981549, 32.942443 ], [ -116.980915, 32.942182 ], [ -116.980867, 32.942147 ], [ -116.980807, 32.942085 ], [ -116.98075, 32.942017 ], [ -116.980703, 32.941935 ], [ -116.980674, 32.941855 ], [ -116.980529, 32.941198 ], [ -116.980483, 32.940796 ], [ -116.980382, 32.939906 ], [ -116.980519, 32.93985 ], [ -116.980548, 32.939839 ], [ -116.980986, 32.940205 ], [ -116.981734, 32.940062 ], [ -116.983061, 32.939118 ], [ -116.98363, 32.938716 ], [ -116.984112, 32.938284 ], [ -116.984421, 32.938007 ], [ -116.98452, 32.937919 ], [ -116.984525, 32.937495 ], [ -116.984533, 32.936805 ], [ -116.984539, 32.93639 ], [ -116.984543, 32.936093 ], [ -116.984432, 32.935982 ], [ -116.98439, 32.935923 ], [ -116.984307, 32.935803 ], [ -116.984183, 32.935624 ], [ -116.984073, 32.935438 ], [ -116.983981, 32.935247 ], [ -116.983919, 32.935096 ], [ -116.98385, 32.934888 ], [ -116.983793, 32.934638 ], [ -116.983779, 32.934515 ], [ -116.983774, 32.934492 ], [ -116.983697, 32.934123 ], [ -116.983729, 32.933978 ], [ -116.984392, 32.933969 ], [ -116.984953, 32.93396 ], [ -116.98861, 32.933913 ], [ -116.988626, 32.933912 ], [ -116.989546, 32.933901 ], [ -116.989343, 32.919877 ], [ -116.989339, 32.919571 ], [ -116.989645, 32.919519 ], [ -116.989639, 32.919296 ], [ -116.98949, 32.913378 ], [ -116.989394, 32.909622 ], [ -116.989277, 32.905005 ], [ -116.985054, 32.904917 ], [ -116.984293, 32.904901 ], [ -116.98432, 32.903298 ], [ -116.984325, 32.903017 ], [ -116.984374, 32.900203 ], [ -116.98433, 32.899817 ], [ -116.984292, 32.899271 ], [ -116.986082, 32.898982 ], [ -116.987122, 32.8988 ], [ -116.987744, 32.898692 ], [ -116.988381, 32.898233 ], [ -116.988472, 32.898166 ], [ -116.989052, 32.897748 ], [ -116.99158, 32.89592 ], [ -116.992512, 32.895247 ], [ -116.993058, 32.894852 ], [ -116.993347, 32.892625 ], [ -116.993672, 32.891971 ], [ -116.993683, 32.891949 ], [ -116.994185, 32.890687 ], [ -116.994294, 32.890386 ], [ -116.99555, 32.887823 ], [ -116.995657, 32.88763 ], [ -116.996838, 32.885659 ], [ -116.997603, 32.88454 ], [ -116.998241, 32.883576 ], [ -116.999173, 32.882165 ], [ -116.99979, 32.881233 ], [ -117.000045, 32.880942 ], [ -117.000561, 32.880388 ], [ -117.000769, 32.880083 ], [ -117.001991, 32.878815 ], [ -117.002916, 32.877644 ], [ -117.003194, 32.877255 ], [ -117.004733, 32.874555 ], [ -117.005975, 32.872377 ], [ -117.006739, 32.871037 ], [ -117.009339, 32.866442 ], [ -117.010752, 32.86701 ], [ -117.011109, 32.866696 ], [ -117.011255, 32.866369 ], [ -117.011255, 32.866194 ], [ -117.011189, 32.866056 ], [ -117.011728, 32.864978 ], [ -117.01234, 32.865276 ], [ -117.013199, 32.86473 ], [ -117.012303, 32.86371 ], [ -117.011939, 32.863674 ], [ -117.011817, 32.863613 ], [ -117.011721, 32.863528 ], [ -117.011706, 32.863448 ], [ -117.012005, 32.863048 ], [ -117.012333, 32.863208 ], [ -117.01258, 32.863252 ], [ -117.012864, 32.863223 ], [ -117.013024, 32.863157 ], [ -117.012914, 32.863035 ], [ -117.013292, 32.862914 ], [ -117.013511, 32.862868 ], [ -117.013675, 32.862835 ], [ -117.013838, 32.862808 ], [ -117.014184, 32.862776 ], [ -117.014255, 32.862775 ], [ -117.014323, 32.862776 ], [ -117.014421, 32.862781 ], [ -117.01458, 32.862786 ], [ -117.014844, 32.862808 ], [ -117.015222, 32.862884 ], [ -117.015281, 32.8628 ], [ -117.015297, 32.862715 ], [ -117.015291, 32.862693 ], [ -117.015284, 32.86267 ], [ -117.015268, 32.862632 ], [ -117.014952, 32.862435 ], [ -117.014947, 32.862341 ], [ -117.014934, 32.862257 ], [ -117.014913, 32.862179 ], [ -117.014902, 32.862145 ], [ -117.014884, 32.862093 ], [ -117.014872, 32.862027 ], [ -117.014868, 32.862004 ], [ -117.014806, 32.861897 ], [ -117.014737, 32.861842 ], [ -117.014718, 32.861816 ], [ -117.014687, 32.86178 ], [ -117.014638, 32.861728 ], [ -117.014559, 32.861657 ], [ -117.014501, 32.861612 ], [ -117.014441, 32.861571 ], [ -117.014412, 32.861553 ], [ -117.014334, 32.861436 ], [ -117.014227, 32.861341 ], [ -117.014166, 32.861306 ], [ -117.014082, 32.861278 ], [ -117.013964, 32.861256 ], [ -117.013819, 32.861258 ], [ -117.013682, 32.861283 ], [ -117.013539, 32.861335 ], [ -117.013518, 32.861341 ], [ -117.013305, 32.861376 ], [ -117.013325, 32.86146 ], [ -117.013181, 32.861589 ], [ -117.012991, 32.86166 ], [ -117.012554, 32.861832 ], [ -117.012298, 32.861897 ], [ -117.01194, 32.862046 ], [ -117.011741, 32.862043 ], [ -117.011633, 32.861903 ], [ -117.011617, 32.861731 ], [ -117.011599, 32.861564 ], [ -117.011683, 32.861486 ], [ -117.011899, 32.861461 ], [ -117.012188, 32.861406 ], [ -117.012457, 32.861291 ], [ -117.012663, 32.86107 ], [ -117.012696, 32.861008 ], [ -117.012762, 32.860893 ], [ -117.012798, 32.860663 ], [ -117.012701, 32.860127 ], [ -117.012672, 32.859508 ], [ -117.012631, 32.859411 ], [ -117.012641, 32.859334 ], [ -117.012699, 32.85914 ], [ -117.012865, 32.858923 ], [ -117.013081, 32.858754 ], [ -117.013486, 32.858589 ], [ -117.013602, 32.858364 ], [ -117.013753, 32.858213 ], [ -117.013771, 32.858178 ], [ -117.013813, 32.858008 ], [ -117.01381, 32.857883 ], [ -117.013797, 32.857762 ], [ -117.013761, 32.857438 ], [ -117.01372, 32.857312 ], [ -117.013664, 32.857107 ], [ -117.013643, 32.857019 ], [ -117.013578, 32.856865 ], [ -117.01341, 32.856648 ], [ -117.013082, 32.856349 ], [ -117.012833, 32.856054 ], [ -117.012735, 32.855768 ], [ -117.012727, 32.855586 ], [ -117.011134, 32.85559 ], [ -117.011168, 32.855122 ], [ -117.011331, 32.854055 ], [ -117.011433, 32.8535 ], [ -117.011569, 32.853227 ], [ -117.011823, 32.853316 ], [ -117.011951, 32.853376 ], [ -117.01202, 32.85327 ], [ -117.01202, 32.853203 ], [ -117.011984, 32.85317 ], [ -117.011851, 32.853124 ], [ -117.011957, 32.853061 ], [ -117.012391, 32.852875 ], [ -117.013233, 32.852789 ], [ -117.013501, 32.852574 ], [ -117.013637, 32.852263 ], [ -117.013991, 32.851272 ], [ -117.014018, 32.851116 ], [ -117.014415, 32.850908 ], [ -117.014515, 32.850835 ], [ -117.015012, 32.850467 ], [ -117.0152, 32.850381 ], [ -117.015359, 32.850311 ], [ -117.015465, 32.850282 ], [ -117.015628, 32.850272 ], [ -117.01579, 32.850298 ], [ -117.015966, 32.850364 ], [ -117.016085, 32.850421 ], [ -117.016502, 32.850623 ], [ -117.017102, 32.850596 ], [ -117.017996, 32.85004 ], [ -117.018116, 32.84998 ], [ -117.018232, 32.849954 ], [ -117.018503, 32.84993 ], [ -117.018662, 32.84991 ], [ -117.018802, 32.849877 ], [ -117.018927, 32.849824 ], [ -117.019033, 32.849738 ], [ -117.019126, 32.849619 ], [ -117.019143, 32.849576 ], [ -117.019149, 32.849463 ], [ -117.019009, 32.848836 ], [ -117.019041, 32.848827 ], [ -117.019191, 32.848788 ], [ -117.01951, 32.848687 ], [ -117.019712, 32.848613 ], [ -117.019823, 32.848572 ], [ -117.020128, 32.848443 ], [ -117.020425, 32.8483 ], [ -117.020713, 32.848145 ], [ -117.020971, 32.84799 ], [ -117.021037, 32.847945 ], [ -117.02112, 32.847889 ], [ -117.021257, 32.847798 ], [ -117.021739, 32.847441 ], [ -117.021876, 32.847338 ], [ -117.022286, 32.847035 ], [ -117.022424, 32.846934 ], [ -117.022518, 32.846863 ], [ -117.022803, 32.846652 ], [ -117.022898, 32.846583 ], [ -117.023106, 32.846428 ], [ -117.023609, 32.846056 ], [ -117.023729, 32.845959 ], [ -117.023764, 32.845933 ], [ -117.02394, 32.845807 ], [ -117.023885, 32.845748 ], [ -117.023721, 32.845571 ], [ -117.023667, 32.845513 ], [ -117.023641, 32.845485 ], [ -117.023576, 32.845352 ], [ -117.023516, 32.845187 ], [ -117.02348, 32.845033 ], [ -117.023461, 32.844874 ], [ -117.023456, 32.842858 ], [ -117.023455, 32.842184 ], [ -117.023399, 32.841715 ], [ -117.023288, 32.840786 ], [ -117.023323, 32.840619 ], [ -117.023318, 32.839556 ], [ -117.023297, 32.839519 ], [ -117.023233, 32.839408 ], [ -117.023213, 32.839371 ], [ -117.023276, 32.839238 ], [ -117.023083, 32.839163 ], [ -117.02292, 32.839107 ], [ -117.022851, 32.838968 ], [ -117.02232, 32.838757 ], [ -117.022095, 32.838668 ], [ -117.021933, 32.838537 ], [ -117.021828, 32.838491 ], [ -117.020837, 32.838057 ], [ -117.019358, 32.83741 ], [ -117.018667, 32.837108 ], [ -117.01863, 32.837092 ], [ -117.017299, 32.837452 ], [ -117.016476, 32.837674 ], [ -117.016248, 32.837856 ], [ -117.016012, 32.838045 ], [ -117.014233, 32.83947 ], [ -117.013799, 32.839819 ], [ -117.013109, 32.839919 ], [ -117.012376, 32.840026 ], [ -117.011835, 32.840111 ], [ -117.011734, 32.84012 ], [ -117.011552, 32.840138 ], [ -117.011196, 32.840171 ], [ -117.011137, 32.840187 ], [ -117.010725, 32.840304 ], [ -117.008267, 32.840499 ], [ -117.007997, 32.840521 ], [ -117.007602, 32.840569 ], [ -117.006043, 32.841303 ], [ -117.005868, 32.841385 ], [ -117.005656, 32.841462 ], [ -117.005412, 32.841557 ], [ -117.005422, 32.840914 ], [ -117.005427, 32.840658 ], [ -117.005425, 32.840149 ], [ -117.005426, 32.839378 ], [ -117.005432, 32.838992 ], [ -117.005428, 32.838702 ], [ -117.005429, 32.838536 ], [ -117.00543, 32.837822 ], [ -117.005431, 32.837432 ], [ -117.005448, 32.837325 ], [ -117.005504, 32.837307 ], [ -117.006193, 32.837091 ], [ -117.006286, 32.837062 ], [ -117.007143, 32.836792 ], [ -117.007755, 32.8366 ], [ -117.008078, 32.836524 ], [ -117.008816, 32.83642 ], [ -117.009602, 32.836369 ], [ -117.01041, 32.836296 ], [ -117.011949, 32.836174 ], [ -117.012295, 32.836146 ], [ -117.012918, 32.836097 ], [ -117.017953, 32.836481 ], [ -117.018726, 32.836542 ], [ -117.019051, 32.836567 ], [ -117.019838, 32.836647 ], [ -117.019964, 32.83665 ], [ -117.020345, 32.836661 ], [ -117.020472, 32.836666 ], [ -117.020514, 32.836666 ], [ -117.020642, 32.836669 ], [ -117.020685, 32.836671 ], [ -117.020999, 32.836681 ], [ -117.021944, 32.836711 ], [ -117.022259, 32.836722 ], [ -117.022352, 32.836731 ], [ -117.022323, 32.837187 ], [ -117.022282, 32.837817 ], [ -117.022327, 32.837865 ], [ -117.02242, 32.837885 ], [ -117.022492, 32.8379 ], [ -117.023981, 32.838693 ], [ -117.024229, 32.838518 ], [ -117.024891, 32.838717 ], [ -117.024955, 32.838665 ], [ -117.025031, 32.838609 ], [ -117.026388, 32.8376 ], [ -117.026477, 32.837535 ], [ -117.02652, 32.837498 ], [ -117.026602, 32.83741 ], [ -117.026666, 32.83732 ], [ -117.026718, 32.837221 ], [ -117.026753, 32.837122 ], [ -117.026773, 32.83702 ], [ -117.02681, 32.837024 ], [ -117.026921, 32.837041 ], [ -117.026959, 32.837047 ], [ -117.027178, 32.837079 ], [ -117.027837, 32.837176 ], [ -117.028057, 32.83721 ], [ -117.028314, 32.837248 ], [ -117.028941, 32.837342 ], [ -117.029087, 32.837362 ], [ -117.029345, 32.837399 ], [ -117.029381, 32.837395 ], [ -117.029483, 32.837418 ], [ -117.029518, 32.837424 ], [ -117.029593, 32.837452 ], [ -117.029804, 32.837525 ], [ -117.029823, 32.837531 ], [ -117.029833, 32.837536 ], [ -117.03119, 32.837734 ], [ -117.031341, 32.837756 ], [ -117.031489, 32.837777 ], [ -117.031497, 32.837711 ], [ -117.031699, 32.837739 ], [ -117.032304, 32.837829 ], [ -117.032507, 32.837859 ], [ -117.032749, 32.837894 ], [ -117.033477, 32.838001 ], [ -117.03372, 32.838037 ], [ -117.034163, 32.838096 ], [ -117.035492, 32.838276 ], [ -117.035936, 32.838337 ], [ -117.036084, 32.838357 ], [ -117.036531, 32.838419 ], [ -117.03668, 32.83844 ], [ -117.036803, 32.837848 ], [ -117.036901, 32.837378 ], [ -117.03718, 32.836041 ], [ -117.037276, 32.835519 ], [ -117.037456, 32.835341 ], [ -117.037538, 32.835235 ], [ -117.038308, 32.834255 ], [ -117.038414, 32.834103 ], [ -117.037572, 32.833572 ], [ -117.037246, 32.833366 ], [ -117.037211, 32.833344 ], [ -117.037098, 32.833273 ], [ -117.036995, 32.833208 ], [ -117.036883, 32.833137 ], [ -117.036605, 32.83297 ], [ -117.036831, 32.832749 ], [ -117.03751, 32.832089 ], [ -117.037737, 32.831869 ], [ -117.037806, 32.8318 ], [ -117.038017, 32.831595 ], [ -117.038088, 32.831528 ], [ -117.038104, 32.831511 ], [ -117.038155, 32.831462 ], [ -117.038173, 32.831446 ], [ -117.037933, 32.831445 ], [ -117.034982, 32.831449 ], [ -117.034563, 32.831502 ], [ -117.034503, 32.831462 ], [ -117.030959, 32.829143 ], [ -117.029151, 32.82796 ], [ -117.022955, 32.823906 ], [ -117.020147, 32.822068 ], [ -117.016544, 32.81971 ], [ -117.016223, 32.819505 ], [ -117.015262, 32.818892 ], [ -117.014942, 32.818688 ], [ -117.014919, 32.818598 ], [ -117.014906, 32.818546 ], [ -117.014683, 32.81852 ], [ -117.014591, 32.818512 ], [ -117.0144, 32.818404 ], [ -117.013828, 32.818081 ], [ -117.013638, 32.817974 ], [ -117.013298, 32.81776 ], [ -117.01263, 32.817339 ], [ -117.012281, 32.817119 ], [ -117.011942, 32.816906 ], [ -117.011829, 32.816804 ], [ -117.011806, 32.816783 ], [ -117.011168, 32.81637 ], [ -117.00997, 32.815625 ], [ -117.009896, 32.815577 ], [ -117.009325, 32.815208 ], [ -117.009064, 32.81505 ], [ -117.008987, 32.814989 ], [ -117.008393, 32.814583 ], [ -117.006351, 32.813284 ], [ -117.005948, 32.812943 ], [ -117.005975, 32.812859 ], [ -117.00594, 32.812584 ], [ -117.006126, 32.809529 ], [ -117.00613, 32.809486 ], [ -117.006103, 32.809007 ], [ -117.006062, 32.805206 ], [ -117.006007, 32.804714 ], [ -117.006014, 32.804248 ], [ -117.006013, 32.804022 ], [ -117.00601, 32.802671 ], [ -117.006004, 32.80259 ], [ -117.006045, 32.801078 ], [ -117.006063, 32.800751 ], [ -117.006063, 32.80053 ], [ -117.006063, 32.79975 ], [ -117.006063, 32.799585 ], [ -117.006027, 32.797977 ], [ -117.006028, 32.797749 ], [ -117.006029, 32.797664 ], [ -117.006035, 32.797584 ], [ -117.006029, 32.797421 ], [ -117.006029, 32.797375 ], [ -117.006028, 32.797238 ], [ -117.00603, 32.797144 ], [ -117.006029, 32.797048 ], [ -117.006031, 32.796949 ], [ -117.006031, 32.796927 ], [ -117.006031, 32.796883 ], [ -117.00603, 32.796705 ], [ -117.006031, 32.796548 ], [ -117.006031, 32.796496 ], [ -117.006031, 32.796473 ], [ -117.00603, 32.796426 ], [ -117.006029, 32.796306 ], [ -117.006029, 32.79629 ], [ -117.006028, 32.796133 ], [ -117.006028, 32.796051 ], [ -117.006028, 32.795979 ], [ -117.006027, 32.7958 ], [ -117.006025, 32.795627 ], [ -117.006025, 32.795587 ], [ -117.006025, 32.795509 ], [ -117.006025, 32.795476 ], [ -117.006024, 32.795342 ], [ -117.006023, 32.7953 ], [ -117.006023, 32.795102 ], [ -117.006023, 32.795071 ], [ -117.006022, 32.795041 ], [ -117.006022, 32.794866 ], [ -117.006021, 32.794726 ], [ -117.005878, 32.794729 ], [ -117.005947, 32.794307 ], [ -117.005985, 32.794088 ], [ -117.005988, 32.793614 ], [ -117.005994, 32.792797 ], [ -117.005996, 32.792541 ], [ -117.005997, 32.792466 ], [ -117.00601, 32.79132 ], [ -117.006192, 32.79132 ], [ -117.006216, 32.79132 ], [ -117.00649, 32.79132 ], [ -117.006514, 32.79132 ], [ -117.006532, 32.79132 ], [ -117.006617, 32.79132 ], [ -117.007039, 32.791322 ], [ -117.007143, 32.791322 ], [ -117.007164, 32.791322 ], [ -117.007229, 32.791322 ], [ -117.007251, 32.791322 ], [ -117.007543, 32.791323 ], [ -117.008081, 32.791325 ], [ -117.008418, 32.791327 ], [ -117.008711, 32.791329 ], [ -117.00913, 32.79133 ], [ -117.009209, 32.79133 ], [ -117.010204, 32.791335 ], [ -117.010389, 32.791334 ], [ -117.010809, 32.791338 ], [ -117.011453, 32.791352 ], [ -117.017867, 32.791382 ], [ -117.020208, 32.79134 ], [ -117.022013, 32.791378 ], [ -117.024503, 32.791386 ], [ -117.028823, 32.79142 ], [ -117.028882, 32.791421 ], [ -117.029838, 32.791426 ], [ -117.032886, 32.791442 ], [ -117.032967, 32.791443 ], [ -117.033118, 32.791443 ], [ -117.03469, 32.791451 ], [ -117.03636, 32.791461 ], [ -117.036526, 32.791462 ], [ -117.0371, 32.791466 ], [ -117.037399, 32.791476 ], [ -117.037394, 32.79143 ], [ -117.037345, 32.790963 ], [ -117.037668, 32.790703 ], [ -117.038045, 32.790401 ], [ -117.03809, 32.790366 ], [ -117.03809, 32.789648 ], [ -117.03809, 32.789562 ], [ -117.038051, 32.789514 ], [ -117.037845, 32.789255 ], [ -117.037488, 32.788787 ], [ -117.036514, 32.788761 ], [ -117.036173, 32.788745 ], [ -117.035786, 32.788728 ], [ -117.034849, 32.789122 ], [ -117.03475, 32.78916 ], [ -117.03406, 32.789424 ], [ -117.032454, 32.790039 ], [ -117.032255, 32.790308 ], [ -117.0321, 32.790516 ], [ -117.031675, 32.790516 ], [ -117.03157, 32.790677 ], [ -117.031462, 32.790844 ], [ -117.03132, 32.790754 ], [ -117.031426, 32.790605 ], [ -117.031001, 32.790546 ], [ -117.031371, 32.78984 ], [ -117.031418, 32.789751 ], [ -117.031469, 32.789652 ], [ -117.031923, 32.788787 ], [ -117.033553, 32.788042 ], [ -117.033891, 32.787679 ], [ -117.034271, 32.78727 ], [ -117.034912, 32.786593 ], [ -117.035016, 32.786473 ], [ -117.035077, 32.786403 ], [ -117.035208, 32.786346 ], [ -117.036318, 32.785867 ], [ -117.036645, 32.785298 ], [ -117.037311, 32.784139 ], [ -117.037397, 32.783597 ], [ -117.037438, 32.78345 ], [ -117.037482, 32.783263 ], [ -117.037522, 32.783096 ], [ -117.03832, 32.782568 ], [ -117.039011, 32.782112 ], [ -117.039761, 32.782111 ], [ -117.039826, 32.782112 ], [ -117.039833, 32.782037 ], [ -117.039843, 32.781933 ], [ -117.039756, 32.781929 ], [ -117.039756, 32.78183 ], [ -117.039756, 32.781748 ], [ -117.039279, 32.781758 ], [ -117.038927, 32.781742 ], [ -117.038931, 32.781584 ], [ -117.038947, 32.781377 ], [ -117.039656, 32.781382 ], [ -117.039906, 32.781378 ], [ -117.040003, 32.781377 ], [ -117.040002, 32.78132 ], [ -117.039989, 32.780851 ], [ -117.039985, 32.780695 ], [ -117.039979, 32.780473 ], [ -117.039961, 32.779814 ], [ -117.039955, 32.779594 ], [ -117.039954, 32.779564 ], [ -117.039951, 32.779474 ], [ -117.03995, 32.779444 ], [ -117.039969, 32.779441 ], [ -117.040027, 32.779435 ], [ -117.040047, 32.779434 ], [ -117.040149, 32.779423 ], [ -117.040458, 32.779392 ], [ -117.040561, 32.779382 ], [ -117.040733, 32.779359 ], [ -117.041139, 32.779308 ], [ -117.041248, 32.779285 ], [ -117.041361, 32.779262 ], [ -117.041418, 32.779246 ], [ -117.041576, 32.7792 ], [ -117.04177, 32.779129 ], [ -117.041876, 32.77908 ], [ -117.041959, 32.779043 ], [ -117.042161, 32.778932 ], [ -117.042327, 32.778821 ], [ -117.042482, 32.7787 ], [ -117.042625, 32.778569 ], [ -117.042765, 32.778417 ], [ -117.042976, 32.77814 ], [ -117.043273, 32.777753 ], [ -117.043355, 32.777645 ], [ -117.043601, 32.777323 ], [ -117.043684, 32.777216 ], [ -117.043692, 32.777445 ], [ -117.043707, 32.77783 ], [ -117.043704, 32.778444 ], [ -117.043704, 32.778524 ], [ -117.043703, 32.779213 ], [ -117.043703, 32.779281 ], [ -117.043703, 32.779454 ], [ -117.044286, 32.780058 ], [ -117.044329, 32.780022 ], [ -117.044457, 32.779925 ], [ -117.044487, 32.779903 ], [ -117.044656, 32.779796 ], [ -117.044836, 32.779702 ], [ -117.04504, 32.779617 ], [ -117.045238, 32.779553 ], [ -117.045253, 32.779618 ], [ -117.045265, 32.779668 ], [ -117.045273, 32.779777 ], [ -117.045268, 32.779823 ], [ -117.045264, 32.77988 ], [ -117.045261, 32.779892 ], [ -117.045256, 32.77991 ], [ -117.045244, 32.779964 ], [ -117.04524, 32.779983 ], [ -117.045237, 32.780015 ], [ -117.04528, 32.780015 ], [ -117.045325, 32.780009 ], [ -117.045689, 32.779964 ], [ -117.046584, 32.779856 ], [ -117.046959, 32.779759 ], [ -117.047196, 32.780276 ], [ -117.047298, 32.780234 ], [ -117.047452, 32.780182 ], [ -117.047532, 32.780155 ], [ -117.047585, 32.78025 ], [ -117.047682, 32.780414 ], [ -117.047692, 32.780483 ], [ -117.047809, 32.78044 ], [ -117.048147, 32.780282 ], [ -117.048233, 32.780428 ], [ -117.048565, 32.78025 ], [ -117.048653, 32.780221 ], [ -117.048666, 32.779525 ], [ -117.049738, 32.778798 ], [ -117.05079, 32.778267 ], [ -117.050909, 32.77818 ], [ -117.051002, 32.778129 ], [ -117.051283, 32.777983 ], [ -117.051377, 32.777936 ], [ -117.051318, 32.777907 ], [ -117.051259, 32.777883 ], [ -117.051151, 32.777841 ], [ -117.049593, 32.777229 ], [ -117.04923, 32.77727 ], [ -117.048757, 32.777323 ], [ -117.048653, 32.777335 ], [ -117.048657, 32.777245 ], [ -117.04867, 32.77698 ], [ -117.048675, 32.776892 ], [ -117.048702, 32.776679 ], [ -117.04876, 32.776221 ], [ -117.048784, 32.77604 ], [ -117.048812, 32.775828 ], [ -117.048812, 32.775793 ], [ -117.048814, 32.775739 ], [ -117.048815, 32.775695 ], [ -117.048816, 32.775662 ], [ -117.048816, 32.775629 ], [ -117.048818, 32.775532 ], [ -117.04882, 32.7755 ], [ -117.048801, 32.77545 ], [ -117.048782, 32.775397 ], [ -117.04876, 32.775338 ], [ -117.048747, 32.775303 ], [ -117.048729, 32.775254 ], [ -117.048719, 32.775206 ], [ -117.048708, 32.775153 ], [ -117.048676, 32.774993 ], [ -117.048646, 32.77485 ], [ -117.048626, 32.77475 ], [ -117.048621, 32.774651 ], [ -117.048606, 32.774355 ], [ -117.048602, 32.774257 ], [ -117.048397, 32.774174 ], [ -117.047783, 32.773927 ], [ -117.047579, 32.773845 ], [ -117.04736, 32.773773 ], [ -117.047071, 32.773679 ], [ -117.046703, 32.773559 ], [ -117.046485, 32.773488 ], [ -117.046515, 32.773429 ], [ -117.046607, 32.773252 ], [ -117.046638, 32.773195 ], [ -117.04665, 32.773167 ], [ -117.04666, 32.773139 ], [ -117.046724, 32.772973 ], [ -117.046746, 32.772919 ], [ -117.046788, 32.772769 ], [ -117.046828, 32.772566 ], [ -117.046834, 32.772509 ], [ -117.046975, 32.771258 ], [ -117.047014, 32.770923 ], [ -117.047023, 32.770842 ], [ -117.046598, 32.770847 ], [ -117.045326, 32.770864 ], [ -117.044902, 32.77087 ], [ -117.04446, 32.770876 ], [ -117.043134, 32.770893 ], [ -117.042693, 32.7709 ], [ -117.042238, 32.770902 ], [ -117.041422, 32.770935 ], [ -117.0411, 32.770949 ], [ -117.040975, 32.770949 ], [ -117.040599, 32.770952 ], [ -117.040475, 32.770953 ], [ -117.040377, 32.770953 ], [ -117.040374, 32.771006 ], [ -117.040357, 32.771374 ], [ -117.040257, 32.771375 ], [ -117.039909, 32.77138 ], [ -117.039906, 32.771361 ], [ -117.039904, 32.771176 ], [ -117.039901, 32.770903 ], [ -117.039803, 32.770903 ], [ -117.039664, 32.770903 ], [ -117.039642, 32.770355 ], [ -117.038992, 32.770355 ], [ -117.038982, 32.769916 ], [ -117.038977, 32.769649 ], [ -117.038976, 32.769638 ], [ -117.038976, 32.7696 ], [ -117.038971, 32.769449 ], [ -117.038957, 32.768999 ], [ -117.038953, 32.768849 ], [ -117.039247, 32.768844 ], [ -117.040129, 32.76883 ], [ -117.040323, 32.768828 ], [ -117.040424, 32.768826 ], [ -117.040417, 32.768608 ], [ -117.040409, 32.76829 ], [ -117.040402, 32.767958 ], [ -117.040398, 32.767743 ], [ -117.040587, 32.767739 ], [ -117.041157, 32.767729 ], [ -117.041347, 32.767726 ], [ -117.041601, 32.767721 ], [ -117.042364, 32.76771 ], [ -117.042619, 32.767707 ], [ -117.042779, 32.767702 ], [ -117.043262, 32.767691 ], [ -117.043423, 32.767688 ], [ -117.043604, 32.767684 ], [ -117.044148, 32.767674 ], [ -117.04433, 32.767671 ], [ -117.044428, 32.767668 ], [ -117.044725, 32.767664 ], [ -117.044824, 32.767663 ], [ -117.044979, 32.767659 ], [ -117.045446, 32.76765 ], [ -117.045602, 32.767647 ], [ -117.045601, 32.767563 ], [ -117.045598, 32.767318 ], [ -117.045586, 32.766334 ], [ -117.045584, 32.766075 ], [ -117.045584, 32.766006 ], [ -117.045604, 32.766005 ], [ -117.045664, 32.766005 ], [ -117.045685, 32.766005 ], [ -117.045904, 32.766005 ], [ -117.046189, 32.766008 ], [ -117.046564, 32.766005 ], [ -117.046784, 32.766004 ], [ -117.046893, 32.766004 ], [ -117.04843, 32.76601 ], [ -117.050051, 32.766012 ], [ -117.051067, 32.766013 ], [ -117.051133, 32.766014 ], [ -117.051133, 32.765925 ], [ -117.051135, 32.765662 ], [ -117.051136, 32.765574 ], [ -117.051136, 32.765403 ], [ -117.05114, 32.764896 ], [ -117.051141, 32.764728 ], [ -117.051142, 32.764432 ], [ -117.051143, 32.764214 ], [ -117.051154, 32.763544 ], [ -117.05116, 32.763249 ], [ -117.051384, 32.76325 ], [ -117.052058, 32.763256 ], [ -117.052283, 32.763258 ], [ -117.052497, 32.763258 ], [ -117.053139, 32.763264 ], [ -117.053353, 32.763268 ], [ -117.053361, 32.762878 ], [ -117.053388, 32.761715 ], [ -117.053397, 32.761327 ], [ -117.053401, 32.761186 ], [ -117.053403, 32.761155 ], [ -117.053411, 32.761095 ], [ -117.053421, 32.761032 ], [ -117.053453, 32.760912 ], [ -117.053506, 32.760779 ], [ -117.053576, 32.760658 ], [ -117.053545, 32.76046 ], [ -117.053454, 32.759869 ], [ -117.05344, 32.759783 ], [ -117.053424, 32.759672 ], [ -117.053439, 32.75915 ], [ -117.053468, 32.7572 ], [ -117.053481, 32.755827 ], [ -117.053482, 32.755769 ], [ -117.051301, 32.755645 ], [ -117.05079, 32.755603 ], [ -117.050443, 32.755574 ], [ -117.050094, 32.755558 ], [ -117.050015, 32.755588 ], [ -117.049906, 32.755611 ], [ -117.049129, 32.755656 ], [ -117.049151, 32.755455 ], [ -117.049147, 32.755401 ], [ -117.049141, 32.75532 ], [ -117.049135, 32.75524 ], [ -117.049132, 32.755187 ], [ -117.049132, 32.7551 ], [ -117.049136, 32.754841 ], [ -117.049138, 32.754755 ], [ -117.049144, 32.754194 ], [ -117.049164, 32.752512 ], [ -117.049171, 32.751952 ], [ -117.049173, 32.751784 ], [ -117.04918, 32.75128 ], [ -117.049183, 32.751113 ], [ -117.049185, 32.75094 ], [ -117.049195, 32.750425 ], [ -117.049198, 32.750253 ], [ -117.049204, 32.749437 ], [ -117.049222, 32.746992 ], [ -117.049229, 32.746177 ], [ -117.049232, 32.746141 ], [ -117.049234, 32.746 ], [ -117.049242, 32.745579 ], [ -117.049245, 32.74544 ], [ -117.049247, 32.745302 ], [ -117.049256, 32.744889 ], [ -117.049259, 32.744753 ], [ -117.049259, 32.744669 ], [ -117.049263, 32.744419 ], [ -117.049265, 32.744338 ], [ -117.049265, 32.744304 ], [ -117.049268, 32.744205 ], [ -117.049269, 32.744172 ], [ -117.049269, 32.744148 ], [ -117.049271, 32.744078 ], [ -117.049272, 32.744055 ], [ -117.049273, 32.74396 ], [ -117.049279, 32.743676 ], [ -117.049281, 32.743582 ], [ -117.049343, 32.743546 ], [ -117.04953, 32.74344 ], [ -117.049593, 32.743406 ], [ -117.049763, 32.743309 ], [ -117.050277, 32.743018 ], [ -117.050449, 32.742923 ], [ -117.05051, 32.742888 ], [ -117.050694, 32.742787 ], [ -117.050756, 32.742753 ], [ -117.050861, 32.742694 ], [ -117.051178, 32.742519 ], [ -117.05127, 32.742462 ], [ -117.051251, 32.742431 ], [ -117.051242, 32.742421 ], [ -117.051111, 32.7423 ], [ -117.051077, 32.742268 ], [ -117.051105, 32.742229 ], [ -117.051189, 32.742114 ], [ -117.051218, 32.742076 ], [ -117.051243, 32.742061 ], [ -117.051321, 32.742021 ], [ -117.051347, 32.742008 ], [ -117.051348, 32.742086 ], [ -117.05138, 32.742073 ], [ -117.051609, 32.741898 ], [ -117.051662, 32.741832 ], [ -117.052497, 32.740986 ], [ -117.053882, 32.739628 ], [ -117.054751, 32.738698 ], [ -117.056101, 32.737255 ], [ -117.056518, 32.736847 ], [ -117.056657, 32.736711 ], [ -117.05707, 32.736309 ], [ -117.057132, 32.736229 ], [ -117.057679, 32.735605 ], [ -117.058101, 32.735125 ], [ -117.058098, 32.734958 ], [ -117.058091, 32.734621 ], [ -117.058073, 32.734318 ], [ -117.058056, 32.73402 ], [ -117.05804, 32.733721 ], [ -117.058628, 32.733165 ], [ -117.058938, 32.732803 ], [ -117.059273, 32.732689 ], [ -117.060325, 32.731972 ], [ -117.060482, 32.731718 ], [ -117.060845, 32.731661 ], [ -117.06149, 32.731209 ], [ -117.061543, 32.731039 ], [ -117.062295, 32.730531 ], [ -117.062564, 32.730564 ], [ -117.063449, 32.730069 ], [ -117.063961, 32.729672 ], [ -117.064445, 32.729469 ], [ -117.062881, 32.72949 ], [ -117.06262, 32.729494 ], [ -117.062565, 32.729525 ], [ -117.062282, 32.729678 ], [ -117.061991, 32.729864 ], [ -117.061917, 32.729913 ], [ -117.060835, 32.730635 ], [ -117.060698, 32.730728 ], [ -117.060475, 32.730877 ], [ -117.06033, 32.730766 ], [ -117.060175, 32.730648 ], [ -117.060068, 32.730586 ], [ -117.059953, 32.730535 ], [ -117.059856, 32.730502 ], [ -117.059832, 32.730495 ], [ -117.059706, 32.730469 ], [ -117.059678, 32.730465 ], [ -117.059541, 32.730454 ], [ -117.059499, 32.730452 ], [ -117.05945, 32.730452 ], [ -117.058963, 32.730463 ], [ -117.058785, 32.730469 ], [ -117.058644, 32.730474 ], [ -117.058548, 32.73049 ], [ -117.058466, 32.730514 ], [ -117.058377, 32.730554 ], [ -117.058287, 32.730612 ], [ -117.058207, 32.730685 ], [ -117.058165, 32.730733 ], [ -117.058132, 32.730328 ], [ -117.057554, 32.729921 ], [ -117.057406, 32.730045 ], [ -117.056318, 32.730565 ], [ -117.055327, 32.731263 ], [ -117.055285, 32.731292 ], [ -117.05484, 32.731605 ], [ -117.053053, 32.732151 ], [ -117.052609, 32.732282 ], [ -117.052569, 32.732395 ], [ -117.051843, 32.73296 ], [ -117.05194, 32.733829 ], [ -117.051869, 32.733845 ], [ -117.051748, 32.733885 ], [ -117.051634, 32.733938 ], [ -117.051607, 32.733953 ], [ -117.051575, 32.733356 ], [ -117.049876, 32.733348 ], [ -117.049762, 32.733346 ], [ -117.04978, 32.732641 ], [ -117.049789, 32.732306 ], [ -117.050084, 32.732306 ], [ -117.050085, 32.732294 ], [ -117.050071, 32.731956 ], [ -117.04937, 32.731966 ], [ -117.049371, 32.731879 ], [ -117.049375, 32.731711 ], [ -117.049375, 32.731625 ], [ -117.049376, 32.73154 ], [ -117.049376, 32.731459 ], [ -117.049631, 32.731463 ], [ -117.049922, 32.731469 ], [ -117.049922, 32.730406 ], [ -117.050742, 32.730406 ], [ -117.050757, 32.729642 ], [ -117.05073, 32.729643 ], [ -117.050583, 32.729644 ], [ -117.050432, 32.729648 ], [ -117.050223, 32.72965 ], [ -117.049599, 32.729658 ], [ -117.049392, 32.729663 ], [ -117.049358, 32.729663 ], [ -117.049256, 32.729666 ], [ -117.049223, 32.729667 ], [ -117.049226, 32.729491 ], [ -117.049237, 32.728966 ], [ -117.049241, 32.728792 ], [ -117.049249, 32.728353 ], [ -117.049276, 32.72704 ], [ -117.049286, 32.726602 ], [ -117.049262, 32.726571 ], [ -117.049193, 32.726483 ], [ -117.049171, 32.726454 ], [ -117.049281, 32.726382 ], [ -117.049308, 32.726348 ], [ -117.049325, 32.72631 ], [ -117.049332, 32.726266 ], [ -117.04933, 32.726131 ], [ -117.049332, 32.725824 ], [ -117.049346, 32.723716 ], [ -117.04935, 32.723198 ], [ -117.049342, 32.723118 ], [ -117.049335, 32.723015 ], [ -117.049334, 32.722833 ], [ -117.049331, 32.722291 ], [ -117.04933, 32.72211 ], [ -117.049329, 32.721994 ], [ -117.049326, 32.721648 ], [ -117.049325, 32.721533 ], [ -117.049321, 32.721218 ], [ -117.04931, 32.720275 ], [ -117.049307, 32.719961 ], [ -117.049304, 32.719659 ], [ -117.049298, 32.718753 ], [ -117.049297, 32.718452 ], [ -117.049298, 32.717933 ], [ -117.049298, 32.7178 ], [ -117.049304, 32.716379 ], [ -117.049306, 32.715861 ], [ -117.049306, 32.715718 ], [ -117.04931, 32.715291 ], [ -117.049312, 32.715151 ], [ -117.048842, 32.71515 ], [ -117.048627, 32.71515 ], [ -117.0478, 32.71515 ], [ -117.047432, 32.71515 ], [ -117.046962, 32.71515 ], [ -117.046891, 32.715145 ], [ -117.046755, 32.71514 ], [ -117.046682, 32.715136 ], [ -117.046612, 32.715133 ], [ -117.046562, 32.715122 ], [ -117.046415, 32.715092 ], [ -117.046366, 32.715082 ], [ -117.046079, 32.715421 ], [ -117.04522, 32.716437 ], [ -117.044934, 32.716777 ], [ -117.044396, 32.717413 ], [ -117.042781, 32.719324 ], [ -117.042244, 32.719962 ], [ -117.042141, 32.720083 ], [ -117.041833, 32.720447 ], [ -117.041731, 32.72057 ], [ -117.041614, 32.720503 ], [ -117.041263, 32.720303 ], [ -117.041146, 32.720237 ], [ -117.040647, 32.719926 ], [ -117.04047, 32.720144 ], [ -117.040355, 32.72028 ], [ -117.040003, 32.720083 ], [ -117.039895, 32.720207 ], [ -117.039534, 32.720011 ], [ -117.03957, 32.719957 ], [ -117.039177, 32.719732 ], [ -117.039149, 32.719765 ], [ -117.038824, 32.719564 ], [ -117.038104, 32.720422 ], [ -117.038153, 32.720484 ], [ -117.037813, 32.720665 ], [ -117.037609, 32.720617 ], [ -117.037522, 32.720397 ], [ -117.037215, 32.720266 ], [ -117.036669, 32.720287 ], [ -117.036509, 32.720593 ], [ -117.036524, 32.721046 ], [ -117.035873, 32.721083 ], [ -117.035873, 32.721193 ], [ -117.035363, 32.721196 ], [ -117.035363, 32.720683 ], [ -117.035363, 32.720552 ], [ -117.035469, 32.720246 ], [ -117.034915, 32.720165 ], [ -117.034915, 32.720198 ], [ -117.034916, 32.720297 ], [ -117.034917, 32.720331 ], [ -117.034832, 32.720331 ], [ -117.034581, 32.720331 ], [ -117.034497, 32.720331 ], [ -117.034504, 32.719155 ], [ -117.034506, 32.719139 ], [ -117.034514, 32.71854 ], [ -117.034585, 32.718541 ], [ -117.034582, 32.718254 ], [ -117.03458, 32.718025 ], [ -117.034575, 32.717395 ], [ -117.034573, 32.717109 ], [ -117.034569, 32.716768 ], [ -117.034569, 32.716708 ], [ -117.03379, 32.716146 ], [ -117.033515, 32.715948 ], [ -117.033419, 32.715879 ], [ -117.033133, 32.715673 ], [ -117.033038, 32.715605 ], [ -117.032954, 32.715544 ], [ -117.032829, 32.715454 ], [ -117.032702, 32.715362 ], [ -117.032619, 32.715302 ], [ -117.032483, 32.715336 ], [ -117.032076, 32.715443 ], [ -117.031941, 32.71548 ], [ -117.031942, 32.715643 ], [ -117.031946, 32.716137 ], [ -117.031948, 32.716302 ], [ -117.031948, 32.716451 ], [ -117.031949, 32.716465 ], [ -117.03195, 32.716898 ], [ -117.031951, 32.717049 ], [ -117.031951, 32.717188 ], [ -117.031953, 32.717605 ], [ -117.031954, 32.717745 ], [ -117.031952, 32.717903 ], [ -117.031948, 32.718376 ], [ -117.031948, 32.718536 ], [ -117.03195, 32.718702 ], [ -117.031952, 32.718821 ], [ -117.031956, 32.719206 ], [ -117.031959, 32.719376 ], [ -117.031961, 32.719566 ], [ -117.031968, 32.720137 ], [ -117.031971, 32.720328 ], [ -117.031875, 32.720324 ], [ -117.030627, 32.720273 ], [ -117.030207, 32.720256 ], [ -117.030202, 32.721239 ], [ -117.030201, 32.721608 ], [ -117.030189, 32.721654 ], [ -117.030156, 32.721788 ], [ -117.030086, 32.721786 ], [ -117.029878, 32.721783 ], [ -117.029809, 32.721782 ], [ -117.02968, 32.721781 ], [ -117.029477, 32.721784 ], [ -117.02947, 32.721186 ], [ -117.028464, 32.72118 ], [ -117.028463, 32.72106 ], [ -117.028463, 32.71932 ], [ -117.028464, 32.718681 ], [ -117.027612, 32.718638 ], [ -117.027546, 32.718634 ], [ -117.027349, 32.718624 ], [ -117.027284, 32.718621 ], [ -117.027, 32.718604 ], [ -117.026148, 32.718556 ], [ -117.025865, 32.718542 ], [ -117.025587, 32.718527 ], [ -117.024753, 32.718485 ], [ -117.024476, 32.718471 ], [ -117.024412, 32.718486 ], [ -117.024305, 32.718514 ], [ -117.024221, 32.718528 ], [ -117.024157, 32.71854 ], [ -117.02413, 32.718545 ], [ -117.023936, 32.718564 ], [ -117.023924, 32.718564 ], [ -117.023741, 32.718568 ], [ -117.023531, 32.718555 ], [ -117.023225, 32.71851 ], [ -117.023057, 32.718486 ], [ -117.022994, 32.718477 ], [ -117.022998, 32.71838 ], [ -117.023011, 32.718092 ], [ -117.023016, 32.717996 ], [ -117.023026, 32.717729 ], [ -117.023055, 32.716931 ], [ -117.023066, 32.716665 ], [ -117.023086, 32.71643 ], [ -117.023146, 32.715727 ], [ -117.023167, 32.715493 ], [ -117.023155, 32.715336 ], [ -117.023142, 32.715166 ], [ -117.023116, 32.714867 ], [ -117.02311, 32.714793 ], [ -117.023163, 32.71473 ], [ -117.023043, 32.714728 ], [ -117.022885, 32.714725 ], [ -117.022665, 32.714722 ], [ -117.02209, 32.71477 ], [ -117.022055, 32.71477 ], [ -117.021778, 32.714772 ], [ -117.021511, 32.714771 ], [ -117.020711, 32.714768 ], [ -117.020445, 32.714769 ], [ -117.020412, 32.71468 ], [ -117.020314, 32.714413 ], [ -117.020282, 32.714325 ], [ -117.020263, 32.714272 ], [ -117.020209, 32.714115 ], [ -117.020192, 32.714064 ], [ -117.020183, 32.714039 ], [ -117.020157, 32.713966 ], [ -117.020149, 32.713942 ], [ -117.020124, 32.713872 ], [ -117.020049, 32.713662 ], [ -117.020025, 32.713592 ], [ -117.019966, 32.713424 ], [ -117.01979, 32.712919 ], [ -117.019732, 32.712753 ], [ -117.019681, 32.712608 ], [ -117.019528, 32.712173 ], [ -117.019478, 32.712029 ], [ -117.019424, 32.711877 ], [ -117.019264, 32.711421 ], [ -117.019211, 32.71127 ], [ -117.019151, 32.711098 ], [ -117.018971, 32.710582 ], [ -117.018911, 32.710411 ], [ -117.01886, 32.710265 ], [ -117.018708, 32.709826 ], [ -117.018658, 32.709682 ], [ -117.018606, 32.709533 ], [ -117.018452, 32.709091 ], [ -117.018401, 32.708944 ], [ -117.018353, 32.708806 ], [ -117.018209, 32.708392 ], [ -117.018161, 32.708255 ], [ -117.018396, 32.708185 ], [ -117.019105, 32.707977 ], [ -117.019341, 32.70791 ], [ -117.019512, 32.707861 ], [ -117.020029, 32.707715 ], [ -117.020201, 32.707668 ], [ -117.020264, 32.707649 ], [ -117.020456, 32.707593 ], [ -117.02052, 32.707575 ], [ -117.020638, 32.70754 ], [ -117.020686, 32.707527 ], [ -117.0201, 32.70605 ], [ -117.020166, 32.705803 ], [ -117.02017, 32.705787 ], [ -117.020768, 32.705612 ], [ -117.020841, 32.705484 ], [ -117.020983, 32.705237 ], [ -117.021158, 32.704983 ], [ -117.021146, 32.704881 ], [ -117.021109, 32.704566 ], [ -117.021085, 32.704358 ], [ -117.021189, 32.703945 ], [ -117.020178, 32.701764 ], [ -117.019978, 32.701332 ], [ -117.019775, 32.700945 ], [ -117.019757, 32.700909 ], [ -117.019117, 32.700926 ], [ -117.019022, 32.700778 ], [ -117.018808, 32.700437 ], [ -117.020071, 32.700094 ], [ -117.023301, 32.699215 ], [ -117.025233, 32.69868 ], [ -117.024911, 32.697862 ], [ -117.024604, 32.697078 ], [ -117.023824, 32.69684 ], [ -117.023227, 32.696668 ], [ -117.022789, 32.69653 ], [ -117.022747, 32.69645 ], [ -117.022527, 32.695934 ], [ -117.022387, 32.6958 ], [ -117.021972, 32.69459 ], [ -117.02217, 32.693806 ], [ -117.022169, 32.693578 ], [ -117.02209, 32.693368 ], [ -117.02208, 32.6933 ], [ -117.022339, 32.692878 ], [ -117.022957, 32.69276 ], [ -117.022831, 32.692475 ], [ -117.022595, 32.691771 ], [ -117.021726, 32.689183 ], [ -117.021471, 32.688425 ], [ -117.021438, 32.688306 ], [ -117.022029, 32.688057 ], [ -117.023055, 32.687376 ], [ -117.023246, 32.687249 ], [ -117.023277, 32.687139 ], [ -117.023454, 32.686779 ], [ -117.023693, 32.686695 ], [ -117.024066, 32.68651 ], [ -117.024311, 32.68639 ], [ -117.02477, 32.685952 ], [ -117.025267, 32.685887 ], [ -117.025908, 32.685783 ], [ -117.026028, 32.685682 ], [ -117.026128, 32.685463 ], [ -117.026349, 32.684654 ], [ -117.027484, 32.683831 ], [ -117.028258, 32.683268 ], [ -117.02874, 32.683252 ], [ -117.029133, 32.682632 ], [ -117.029413, 32.682223 ], [ -117.030187, 32.681634 ], [ -117.03101, 32.681009 ], [ -117.032466, 32.680451 ], [ -117.032771, 32.680265 ], [ -117.032801, 32.679887 ], [ -117.033587, 32.67925 ], [ -117.034267, 32.6787 ], [ -117.03569, 32.677549 ], [ -117.03704, 32.676459 ], [ -117.037143, 32.67636 ], [ -117.037533, 32.675871 ], [ -117.037973, 32.675322 ], [ -117.038159, 32.675071 ], [ -117.038241, 32.674961 ], [ -117.038347, 32.674818 ], [ -117.038399, 32.674747 ], [ -117.038466, 32.674658 ], [ -117.038784, 32.67423 ], [ -117.038929, 32.674034 ], [ -117.039254, 32.673597 ], [ -117.039425, 32.673452 ], [ -117.039726, 32.673197 ], [ -117.040633, 32.672432 ], [ -117.040935, 32.672178 ], [ -117.041129, 32.672057 ], [ -117.041171, 32.672037 ], [ -117.041161, 32.672027 ], [ -117.04146, 32.671726 ], [ -117.0418, 32.671588 ], [ -117.041748, 32.67148 ], [ -117.042147, 32.671249 ], [ -117.042722, 32.670919 ], [ -117.043028, 32.670743 ], [ -117.043091, 32.670752 ], [ -117.043158, 32.670692 ], [ -117.043973, 32.670511 ], [ -117.044586, 32.670178 ], [ -117.047252, 32.668668 ], [ -117.05019, 32.667008 ], [ -117.050573, 32.666932 ], [ -117.050833, 32.666799 ], [ -117.050873, 32.66678 ], [ -117.052856, 32.665754 ], [ -117.052884, 32.665835 ], [ -117.053034, 32.665963 ], [ -117.053248, 32.665873 ], [ -117.053283, 32.665743 ], [ -117.053255, 32.665638 ], [ -117.054427, 32.665236 ], [ -117.05481, 32.665106 ], [ -117.055292, 32.664967 ], [ -117.055434, 32.664957 ], [ -117.055869, 32.664942 ], [ -117.057164, 32.66465 ], [ -117.057119, 32.664528 ], [ -117.057107, 32.664495 ], [ -117.057047, 32.664326 ], [ -117.057, 32.664197 ], [ -117.057032, 32.664184 ], [ -117.057107, 32.664178 ], [ -117.0574, 32.664124 ], [ -117.057499, 32.664105 ], [ -117.057798, 32.664051 ], [ -117.057898, 32.664035 ], [ -117.058548, 32.663919 ], [ -117.058579, 32.663916 ], [ -117.059209, 32.66386 ], [ -117.060586, 32.663734 ], [ -117.061256, 32.663674 ], [ -117.063452, 32.663069 ], [ -117.064388, 32.662809 ], [ -117.064825, 32.662652 ], [ -117.065428, 32.662415 ], [ -117.065515, 32.662677 ], [ -117.065539, 32.66274 ], [ -117.065613, 32.662934 ], [ -117.065638, 32.662999 ], [ -117.065779, 32.663369 ], [ -117.066112, 32.664238 ], [ -117.066207, 32.664478 ], [ -117.066354, 32.664847 ], [ -117.066576, 32.665384 ], [ -117.066646, 32.665553 ], [ -117.067459, 32.667513 ], [ -117.067525, 32.667673 ], [ -117.067802, 32.668339 ], [ -117.067819, 32.668381 ], [ -117.067824, 32.668401 ], [ -117.067853, 32.668504 ], [ -117.067958, 32.668872 ], [ -117.067994, 32.668997 ], [ -117.068038, 32.669139 ], [ -117.068171, 32.669565 ], [ -117.068216, 32.669707 ], [ -117.068247, 32.669741 ], [ -117.068296, 32.669866 ], [ -117.068497, 32.67037 ], [ -117.068564, 32.670538 ], [ -117.06862, 32.670685 ], [ -117.06879, 32.671127 ], [ -117.068849, 32.671277 ], [ -117.068858, 32.671303 ], [ -117.068892, 32.671388 ], [ -117.068904, 32.671418 ], [ -117.068974, 32.671597 ], [ -117.069186, 32.672134 ], [ -117.069257, 32.672314 ], [ -117.069323, 32.67249 ], [ -117.069523, 32.67302 ], [ -117.06959, 32.673197 ], [ -117.069703, 32.673493 ], [ -117.069935, 32.674095 ], [ -117.070045, 32.674383 ], [ -117.070159, 32.67468 ], [ -117.070225, 32.674847 ], [ -117.070425, 32.675351 ], [ -117.070492, 32.675519 ], [ -117.070559, 32.675691 ], [ -117.07076, 32.676206 ], [ -117.070828, 32.67638 ], [ -117.070891, 32.676551 ], [ -117.070928, 32.67665 ], [ -117.071081, 32.677064 ], [ -117.071145, 32.677235 ], [ -117.071148, 32.677244 ], [ -117.071158, 32.677272 ], [ -117.071162, 32.677282 ], [ -117.071227, 32.67745 ], [ -117.071425, 32.677957 ], [ -117.071491, 32.678126 ], [ -117.071696, 32.678635 ], [ -117.071834, 32.678977 ], [ -117.072311, 32.680163 ], [ -117.072517, 32.680674 ], [ -117.072691, 32.681158 ], [ -117.072835, 32.681556 ], [ -117.071758, 32.681874 ], [ -117.071265, 32.68202 ], [ -117.070334, 32.68227 ], [ -117.067544, 32.68302 ], [ -117.066614, 32.683272 ], [ -117.066315, 32.683355 ], [ -117.065419, 32.683605 ], [ -117.065121, 32.68369 ], [ -117.064872, 32.683768 ], [ -117.064651, 32.683839 ], [ -117.064684, 32.683937 ], [ -117.065653, 32.686817 ], [ -117.065904, 32.687203 ], [ -117.065986, 32.687328 ], [ -117.065882, 32.687357 ], [ -117.064954, 32.687612 ], [ -117.06397, 32.687883 ], [ -117.064107, 32.688222 ], [ -117.064344, 32.688864 ], [ -117.064646, 32.689641 ], [ -117.064784, 32.689963 ], [ -117.064816, 32.690037 ], [ -117.06536, 32.691352 ], [ -117.065692, 32.691255 ], [ -117.065989, 32.691204 ], [ -117.06724, 32.690818 ], [ -117.067543, 32.690749 ], [ -117.068398, 32.690498 ], [ -117.070136, 32.689991 ], [ -117.070246, 32.689963 ], [ -117.071251, 32.689689 ], [ -117.071297, 32.689673 ], [ -117.072086, 32.689425 ], [ -117.072228, 32.689399 ], [ -117.072655, 32.689323 ], [ -117.072798, 32.689299 ], [ -117.072847, 32.689282 ], [ -117.072998, 32.689234 ], [ -117.073048, 32.68922 ], [ -117.073093, 32.689205 ], [ -117.073231, 32.689163 ], [ -117.073278, 32.68915 ], [ -117.073329, 32.689133 ], [ -117.073482, 32.689086 ], [ -117.073534, 32.689071 ], [ -117.07372, 32.689013 ], [ -117.07428, 32.688843 ], [ -117.074467, 32.688787 ], [ -117.074601, 32.688746 ], [ -117.075006, 32.688626 ], [ -117.075141, 32.688587 ], [ -117.075215, 32.688564 ], [ -117.075439, 32.688497 ], [ -117.075494, 32.688481 ], [ -117.075514, 32.688475 ], [ -117.076167, 32.690164 ], [ -117.076233, 32.690406 ], [ -117.076648, 32.691917 ], [ -117.076807, 32.691872 ], [ -117.077831, 32.69159 ], [ -117.077988, 32.691977 ], [ -117.078182, 32.692464 ], [ -117.078194, 32.692495 ], [ -117.078439, 32.69311 ], [ -117.07847, 32.693191 ], [ -117.078612, 32.693128 ], [ -117.079038, 32.69294 ], [ -117.079181, 32.692878 ], [ -117.07922, 32.69286 ], [ -117.079337, 32.692808 ], [ -117.079377, 32.692792 ], [ -117.079392, 32.692783 ], [ -117.079438, 32.69276 ], [ -117.079454, 32.692753 ], [ -117.07951, 32.692739 ], [ -117.079573, 32.692731 ], [ -117.079606, 32.692727 ], [ -117.079704, 32.692731 ], [ -117.079798, 32.692751 ], [ -117.079926, 32.692798 ], [ -117.08004, 32.692841 ], [ -117.080108, 32.692866 ], [ -117.080314, 32.692943 ], [ -117.080383, 32.692969 ], [ -117.080461, 32.692998 ], [ -117.080695, 32.693088 ], [ -117.080774, 32.693118 ], [ -117.080945, 32.693181 ], [ -117.081152, 32.693258 ], [ -117.081246, 32.693282 ], [ -117.081342, 32.693292 ], [ -117.08144, 32.693288 ], [ -117.081474, 32.69328 ], [ -117.081653, 32.693244 ], [ -117.081851, 32.693201 ], [ -117.082447, 32.693073 ], [ -117.082646, 32.693031 ], [ -117.083151, 32.692929 ], [ -117.083651, 32.692829 ], [ -117.083849, 32.69278 ], [ -117.084641, 32.692523 ], [ -117.085132, 32.692365 ], [ -117.085132, 32.692329 ], [ -117.085133, 32.692264 ], [ -117.085133, 32.692224 ], [ -117.085134, 32.692189 ], [ -117.085134, 32.692116 ], [ -117.085134, 32.691896 ], [ -117.08716, 32.691899 ], [ -117.087267, 32.691903 ], [ -117.087267, 32.691868 ], [ -117.087267, 32.691768 ], [ -117.087268, 32.691735 ], [ -117.087268, 32.691719 ], [ -117.087268, 32.691674 ], [ -117.087268, 32.691606 ], [ -117.087273, 32.691593 ], [ -117.087268, 32.691519 ], [ -117.087268, 32.69132 ], [ -117.087607, 32.69132 ], [ -117.090372, 32.691316 ], [ -117.090461, 32.691314 ], [ -117.090483, 32.691445 ], [ -117.090535, 32.691651 ], [ -117.090742, 32.691894 ], [ -117.090883, 32.692 ], [ -117.091039, 32.692075 ], [ -117.091389, 32.692142 ], [ -117.091543, 32.692127 ], [ -117.091566, 32.692145 ], [ -117.092373, 32.692152 ], [ -117.092433, 32.692152 ], [ -117.092742, 32.692155 ], [ -117.093773, 32.692164 ], [ -117.09377, 32.692076 ], [ -117.093761, 32.691816 ], [ -117.093759, 32.691729 ], [ -117.093765, 32.691679 ], [ -117.093767, 32.691669 ], [ -117.093756, 32.690927 ], [ -117.09375, 32.69052 ], [ -117.093749, 32.690424 ], [ -117.093738, 32.689445 ], [ -117.093735, 32.68923 ], [ -117.093734, 32.689207 ], [ -117.09373, 32.689002 ], [ -117.093729, 32.688976 ], [ -117.093759, 32.688975 ], [ -117.094029, 32.688968 ], [ -117.094059, 32.688968 ], [ -117.094119, 32.688967 ], [ -117.094176, 32.688966 ], [ -117.094349, 32.688965 ], [ -117.094407, 32.688965 ], [ -117.094474, 32.688964 ], [ -117.094585, 32.688963 ], [ -117.09512, 32.688958 ], [ -117.095299, 32.688959 ], [ -117.095762, 32.688958 ], [ -117.095908, 32.688958 ], [ -117.095944, 32.688954 ], [ -117.096034, 32.688965 ], [ -117.096029, 32.688562 ], [ -117.096027, 32.688382 ], [ -117.096591, 32.68839 ], [ -117.098126, 32.688388 ], [ -117.098136, 32.688937 ], [ -117.098259, 32.688938 ], [ -117.098605, 32.688945 ], [ -117.098922, 32.68894 ], [ -117.099144, 32.688938 ], [ -117.099167, 32.688938 ], [ -117.099803, 32.68893 ], [ -117.099882, 32.688931 ], [ -117.101783, 32.688946 ], [ -117.101842, 32.688947 ], [ -117.102443, 32.688962 ], [ -117.102443, 32.688924 ], [ -117.102446, 32.688817 ], [ -117.102448, 32.688781 ], [ -117.102448, 32.688695 ], [ -117.102449, 32.688547 ], [ -117.10244, 32.688437 ], [ -117.102434, 32.688352 ], [ -117.102433, 32.688333 ], [ -117.10243, 32.68828 ], [ -117.10243, 32.688262 ], [ -117.102419, 32.688166 ], [ -117.102409, 32.68807 ], [ -117.102392, 32.687978 ], [ -117.102373, 32.68788 ], [ -117.102368, 32.687853 ], [ -117.102351, 32.687787 ], [ -117.102288, 32.687584 ], [ -117.102249, 32.687454 ], [ -117.102163, 32.687214 ], [ -117.102083, 32.686981 ], [ -117.102015, 32.686781 ], [ -117.102009, 32.686763 ], [ -117.101991, 32.686709 ], [ -117.101986, 32.686693 ], [ -117.101938, 32.686549 ], [ -117.101872, 32.68635 ], [ -117.101792, 32.686126 ], [ -117.101743, 32.685985 ], [ -117.101675, 32.685791 ], [ -117.101666, 32.685763 ], [ -117.101474, 32.685209 ], [ -117.101407, 32.685017 ], [ -117.101527, 32.684983 ], [ -117.101851, 32.684888 ], [ -117.102001, 32.684845 ], [ -117.103133, 32.684527 ], [ -117.103189, 32.684511 ], [ -117.103635, 32.684386 ], [ -117.103749, 32.684353 ], [ -117.104094, 32.684258 ], [ -117.104209, 32.684226 ], [ -117.104222, 32.684221 ], [ -117.104263, 32.68421 ], [ -117.104277, 32.684207 ], [ -117.104377, 32.684179 ], [ -117.10468, 32.684099 ], [ -117.104782, 32.684073 ], [ -117.104938, 32.684028 ], [ -117.105006, 32.684011 ], [ -117.105134, 32.683972 ], [ -117.105193, 32.683955 ], [ -117.105247, 32.683939 ], [ -117.105411, 32.683894 ], [ -117.105466, 32.683879 ], [ -117.105503, 32.683867 ], [ -117.105616, 32.683839 ], [ -117.105654, 32.683831 ], [ -117.105741, 32.683805 ], [ -117.106006, 32.683729 ], [ -117.106094, 32.683704 ], [ -117.106186, 32.683678 ], [ -117.106462, 32.683604 ], [ -117.106555, 32.68358 ], [ -117.106595, 32.683566 ], [ -117.106718, 32.683529 ], [ -117.106759, 32.683518 ], [ -117.106896, 32.68348 ], [ -117.107018, 32.683447 ], [ -117.107308, 32.683366 ], [ -117.107446, 32.683329 ], [ -117.107501, 32.683315 ], [ -117.107625, 32.683279 ], [ -117.107998, 32.683175 ], [ -117.108123, 32.68314 ], [ -117.108208, 32.683118 ], [ -117.108258, 32.683103 ], [ -117.108665, 32.682989 ], [ -117.108801, 32.682951 ], [ -117.108873, 32.682929 ], [ -117.109091, 32.682867 ], [ -117.109164, 32.682847 ], [ -117.109251, 32.68282 ], [ -117.109513, 32.682744 ], [ -117.109601, 32.68272 ], [ -117.10972, 32.682687 ], [ -117.11008, 32.682589 ], [ -117.110149, 32.682571 ], [ -117.110201, 32.682557 ], [ -117.110329, 32.682519 ], [ -117.110714, 32.682409 ], [ -117.110843, 32.682374 ], [ -117.110859, 32.682369 ], [ -117.11091, 32.682355 ], [ -117.110927, 32.682351 ], [ -117.110987, 32.682333 ], [ -117.111232, 32.682258 ], [ -117.111517, 32.682165 ], [ -117.111578, 32.682146 ], [ -117.111748, 32.682091 ], [ -117.111896, 32.682045 ], [ -117.112134, 32.681977 ], [ -117.112849, 32.681776 ], [ -117.112877, 32.681769 ], [ -117.113088, 32.681709 ], [ -117.113352, 32.681635 ], [ -117.113467, 32.681603 ], [ -117.114146, 32.681415 ], [ -117.114411, 32.681343 ], [ -117.114461, 32.681328 ], [ -117.114537, 32.681309 ], [ -117.114617, 32.681308 ], [ -117.11467, 32.681308 ], [ -117.11475, 32.681282 ], [ -117.114991, 32.681206 ], [ -117.115072, 32.681182 ], [ -117.115104, 32.681174 ], [ -117.1152, 32.681153 ], [ -117.115233, 32.681146 ], [ -117.115443, 32.681095 ], [ -117.116076, 32.680948 ], [ -117.116287, 32.6809 ], [ -117.116319, 32.680885 ], [ -117.116418, 32.680842 ], [ -117.116452, 32.680828 ], [ -117.116559, 32.680791 ], [ -117.116879, 32.680684 ], [ -117.116987, 32.680649 ], [ -117.117184, 32.680588 ], [ -117.117777, 32.680413 ], [ -117.117975, 32.680355 ], [ -117.118022, 32.680337 ], [ -117.118166, 32.680284 ], [ -117.118214, 32.680268 ], [ -117.118467, 32.680211 ], [ -117.119229, 32.680042 ], [ -117.119483, 32.679986 ], [ -117.11955, 32.679964 ], [ -117.119754, 32.679902 ], [ -117.119822, 32.679881 ], [ -117.119859, 32.679871 ], [ -117.11997, 32.679841 ], [ -117.120007, 32.679831 ], [ -117.120204, 32.679777 ], [ -117.120797, 32.679617 ], [ -117.120995, 32.679564 ], [ -117.121059, 32.679536 ], [ -117.121253, 32.679451 ], [ -117.121318, 32.679424 ], [ -117.122179, 32.679379 ], [ -117.124747, 32.679291 ], [ -117.124809, 32.679365 ], [ -117.125102, 32.679193 ], [ -117.125674, 32.679169 ], [ -117.125863, 32.679079 ], [ -117.126757, 32.679032 ], [ -117.129441, 32.67889 ], [ -117.130336, 32.678844 ], [ -117.131353, 32.678798 ], [ -117.134404, 32.678659 ], [ -117.135345, 32.678566 ], [ -117.137462, 32.678433 ], [ -117.137738, 32.678417 ], [ -117.138065, 32.678398 ], [ -117.141875, 32.678168 ], [ -117.134476, 32.673823 ], [ -117.132279, 32.671061 ], [ -117.129263, 32.667263 ], [ -117.126758, 32.651497 ], [ -117.126136, 32.647577 ], [ -117.125862, 32.645827 ], [ -117.125778, 32.645287 ], [ -117.125693, 32.644748 ], [ -117.125652, 32.644551 ], [ -117.12553, 32.643965 ], [ -117.12549, 32.64377 ], [ -117.124063, 32.636503 ], [ -117.121763, 32.625188 ], [ -117.120563, 32.61898 ], [ -117.119884, 32.614668 ], [ -117.118733, 32.607349 ], [ -117.118563, 32.606268 ], [ -117.117336, 32.60644 ], [ -117.116463, 32.606565 ], [ -117.110671, 32.604602 ], [ -117.109567, 32.604228 ], [ -117.108519, 32.603817 ], [ -117.108236, 32.603706 ], [ -117.108149, 32.603672 ], [ -117.107841, 32.603569 ], [ -117.105978, 32.602944 ], [ -117.10578, 32.602878 ], [ -117.105527, 32.602793 ], [ -117.105393, 32.602748 ], [ -117.105124, 32.602657 ], [ -117.104797, 32.602547 ], [ -117.10412, 32.602318 ], [ -117.102348, 32.60392 ], [ -117.100647, 32.604176 ], [ -117.099933, 32.604524 ], [ -117.098494, 32.605227 ], [ -117.098445, 32.605219 ], [ -117.098188, 32.60515 ], [ -117.09791, 32.605077 ], [ -117.097823, 32.605067 ], [ -117.096843, 32.604962 ], [ -117.094142, 32.604711 ], [ -117.092565, 32.604602 ], [ -117.092629, 32.602223 ], [ -117.092442, 32.602217 ], [ -117.092444, 32.602148 ], [ -117.092453, 32.60194 ], [ -117.092456, 32.601872 ], [ -117.09246, 32.601761 ], [ -117.092468, 32.601567 ], [ -117.092124, 32.601565 ], [ -117.091926, 32.601563 ], [ -117.091647, 32.601561 ], [ -117.091454, 32.60156 ], [ -117.091352, 32.601559 ], [ -117.091191, 32.601558 ], [ -117.091125, 32.600978 ], [ -117.091125, 32.600873 ], [ -117.091126, 32.600561 ], [ -117.091127, 32.600459 ], [ -117.091127, 32.600372 ], [ -117.091128, 32.600113 ], [ -117.091129, 32.600027 ], [ -117.091128, 32.599936 ], [ -117.091128, 32.599671 ], [ -117.091128, 32.599582 ], [ -117.091129, 32.599485 ], [ -117.091133, 32.599193 ], [ -117.091134, 32.59914 ], [ -117.091133, 32.599098 ], [ -117.091106, 32.599021 ], [ -117.091028, 32.598795 ], [ -117.091003, 32.59872 ], [ -117.090974, 32.598385 ], [ -117.090805, 32.598109 ], [ -117.090566, 32.597718 ], [ -117.090492, 32.597597 ], [ -117.090435, 32.597336 ], [ -117.090284, 32.596653 ], [ -117.090274, 32.596607 ], [ -117.09022, 32.596361 ], [ -117.090333, 32.596095 ], [ -117.090175, 32.595875 ], [ -117.090129, 32.595811 ], [ -117.090008, 32.595642 ], [ -117.089917, 32.595516 ], [ -117.089549, 32.595002 ], [ -117.089512, 32.594951 ], [ -117.089269, 32.594946 ], [ -117.089055, 32.594942 ], [ -117.089038, 32.594942 ], [ -117.088977, 32.594939 ], [ -117.088931, 32.594937 ], [ -117.088881, 32.594935 ], [ -117.088807, 32.594931 ], [ -117.088734, 32.594929 ], [ -117.088686, 32.594929 ], [ -117.088635, 32.594928 ], [ -117.088482, 32.594926 ], [ -117.088431, 32.594925 ], [ -117.088164, 32.59492 ], [ -117.087717, 32.594914 ], [ -117.08748, 32.594913 ], [ -117.087363, 32.59491 ], [ -117.087269, 32.594909 ], [ -117.087097, 32.594896 ], [ -117.086918, 32.594884 ], [ -117.086651, 32.594866 ], [ -117.086384, 32.594853 ], [ -117.086206, 32.594847 ], [ -117.085783, 32.594844 ], [ -117.085047, 32.594839 ], [ -117.084515, 32.594825 ], [ -117.084093, 32.594815 ], [ -117.084092, 32.594541 ], [ -117.084089, 32.593722 ], [ -117.084089, 32.593449 ], [ -117.084088, 32.593325 ], [ -117.084085, 32.592958 ], [ -117.084084, 32.592836 ], [ -117.084083, 32.592669 ], [ -117.08408, 32.592169 ], [ -117.084079, 32.592003 ], [ -117.084079, 32.591839 ], [ -117.08408, 32.59135 ], [ -117.084081, 32.591187 ], [ -117.084024, 32.591197 ], [ -117.083856, 32.591226 ], [ -117.0838, 32.591237 ], [ -117.083799, 32.591195 ], [ -117.083799, 32.591146 ], [ -117.080029, 32.59113 ], [ -117.079537, 32.591126 ], [ -117.07647, 32.591106 ], [ -117.075757, 32.591107 ], [ -117.075373, 32.591109 ], [ -117.073212, 32.591123 ], [ -117.073087, 32.591099 ], [ -117.065791, 32.591065 ], [ -117.065116, 32.591062 ], [ -117.063414, 32.591054 ], [ -117.062422, 32.591068 ], [ -117.061865, 32.591049 ], [ -117.059344, 32.591036 ], [ -117.058124, 32.591031 ], [ -117.058125, 32.590372 ], [ -117.058131, 32.588113 ], [ -117.05813, 32.58796 ], [ -117.058131, 32.587433 ], [ -117.058, 32.587435 ], [ -117.05596, 32.587422 ], [ -117.053804, 32.587418 ], [ -117.053804, 32.587946 ], [ -117.053783, 32.588531 ], [ -117.05372, 32.590286 ], [ -117.0537, 32.590872 ], [ -117.053699, 32.590908 ], [ -117.053697, 32.591015 ], [ -117.053697, 32.591052 ], [ -117.052917, 32.591051 ], [ -117.050681, 32.591054 ], [ -117.050581, 32.591054 ], [ -117.049802, 32.591055 ], [ -117.049409, 32.591059 ], [ -117.0493, 32.591059 ], [ -117.049304, 32.590541 ], [ -117.049254, 32.587555 ], [ -117.049258, 32.587369 ], [ -117.048363, 32.587381 ], [ -117.047241, 32.587396 ], [ -117.046977, 32.5874 ], [ -117.046094, 32.587412 ], [ -117.045961, 32.587411 ], [ -117.045602, 32.58741 ], [ -117.045004, 32.587408 ], [ -117.044923, 32.587408 ], [ -117.044929, 32.587924 ], [ -117.044944, 32.58912 ], [ -117.044947, 32.589498 ], [ -117.044957, 32.590572 ], [ -117.044956, 32.590634 ], [ -117.044956, 32.591013 ], [ -117.044956, 32.591195 ], [ -117.040774, 32.591265 ], [ -117.04076, 32.591126 ], [ -117.036752, 32.591155 ], [ -117.03656, 32.591156 ], [ -117.036514, 32.591156 ], [ -117.036498, 32.591156 ], [ -117.036467, 32.591156 ], [ -117.036196, 32.591155 ], [ -117.036157, 32.591155 ], [ -117.036136, 32.591155 ], [ -117.036113, 32.591155 ], [ -117.035822, 32.591158 ], [ -117.035605, 32.591152 ], [ -117.035608, 32.590037 ], [ -117.035741, 32.588109 ], [ -117.035784, 32.587498 ], [ -117.035483, 32.587506 ], [ -117.035425, 32.587507 ], [ -117.035309, 32.587511 ], [ -117.032582, 32.587525 ], [ -117.032288, 32.587527 ], [ -117.032313, 32.590515 ], [ -117.032316, 32.590778 ], [ -117.032316, 32.591218 ], [ -117.031853, 32.591214 ], [ -117.030803, 32.591206 ], [ -117.022475, 32.591141 ], [ -117.014754, 32.59108 ], [ -117.014481, 32.59108 ], [ -117.014478, 32.590938 ], [ -117.014457, 32.590433 ], [ -117.014449, 32.590231 ], [ -117.014434, 32.589864 ], [ -117.014463, 32.588859 ], [ -117.014463, 32.588565 ], [ -117.014459, 32.586542 ], [ -117.014463, 32.583766 ], [ -117.014473, 32.583634 ], [ -117.014179, 32.583622 ], [ -117.013596, 32.583601 ], [ -117.013486, 32.583597 ], [ -117.013159, 32.583585 ], [ -117.01305, 32.583581 ], [ -117.01114, 32.583493 ], [ -117.007782, 32.583348 ], [ -117.001941, 32.583127 ], [ -117.001509, 32.583113 ], [ -117.001249, 32.582387 ], [ -117.001045, 32.581885 ], [ -117.000781, 32.581239 ], [ -117.000551, 32.580671 ], [ -116.999466, 32.578008 ], [ -116.999211, 32.578076 ], [ -116.997954, 32.578411 ], [ -116.997536, 32.578523 ], [ -116.99562, 32.579135 ], [ -116.994674, 32.579357 ], [ -116.9934, 32.579601 ], [ -116.991893, 32.580125 ], [ -116.990983, 32.580442 ], [ -116.988094, 32.581361 ], [ -116.984995, 32.582203 ], [ -116.983901, 32.582524 ], [ -116.982611, 32.582546 ], [ -116.971051, 32.582456 ], [ -116.966657, 32.582456 ], [ -116.966656, 32.584097 ], [ -116.966656, 32.584356 ], [ -116.965625, 32.584356 ], [ -116.965416, 32.584356 ], [ -116.96534, 32.584356 ], [ -116.965064, 32.584356 ], [ -116.964783, 32.584356 ], [ -116.962371, 32.584356 ], [ -116.96222, 32.584356 ], [ -116.962223, 32.585969 ], [ -116.962223, 32.586188 ], [ -116.951569, 32.58584 ], [ -116.951568, 32.585654 ], [ -116.951551, 32.581926 ], [ -116.951548, 32.581259 ], [ -116.951535, 32.578559 ], [ -116.951938, 32.578567 ], [ -116.952132, 32.578571 ], [ -116.953147, 32.578589 ], [ -116.953551, 32.578597 ], [ -116.953671, 32.578598 ], [ -116.953672, 32.574972 ], [ -116.953676, 32.574605 ], [ -116.953677, 32.574486 ], [ -116.953678, 32.574398 ], [ -116.95368, 32.574184 ], [ -116.953681, 32.574123 ], [ -116.953687, 32.573538 ], [ -116.953692, 32.573182 ], [ -116.953692, 32.572465 ], [ -116.953693, 32.570314 ], [ -116.953694, 32.569598 ], [ -116.953695, 32.569209 ], [ -116.953699, 32.568043 ], [ -116.953701, 32.567713 ], [ -116.953709, 32.567656 ], [ -116.953701, 32.567605 ], [ -116.952684, 32.567593 ], [ -116.949946, 32.567529 ], [ -116.949432, 32.567633 ], [ -116.949213, 32.567676 ], [ -116.948508, 32.567659 ], [ -116.947753, 32.567642 ], [ -116.946947, 32.567639 ], [ -116.946107, 32.567605 ], [ -116.945507, 32.567571 ], [ -116.945487, 32.56756 ], [ -116.945041, 32.567556 ], [ -116.944178, 32.567549 ], [ -116.94159, 32.567529 ], [ -116.940728, 32.567524 ], [ -116.939871, 32.567509 ], [ -116.938925, 32.567494 ], [ -116.9373, 32.56747 ], [ -116.937023, 32.567466 ], [ -116.936444, 32.567458 ], [ -116.936477, 32.566004 ], [ -116.936522, 32.564019 ], [ -116.936526, 32.563852 ], [ -116.936528, 32.563793 ], [ -116.936579, 32.561648 ], [ -116.936613, 32.560196 ], [ -116.936478, 32.560193 ], [ -116.936073, 32.560187 ], [ -116.935938, 32.560186 ], [ -116.935147, 32.560175 ], [ -116.934339, 32.560164 ], [ -116.932776, 32.560144 ], [ -116.931986, 32.560134 ], [ -116.931154, 32.560124 ], [ -116.92866, 32.560094 ], [ -116.927862, 32.560085 ], [ -116.927829, 32.560085 ], [ -116.927829, 32.559429 ], [ -116.927831, 32.55847 ], [ -116.927833, 32.557462 ], [ -116.927835, 32.556807 ], [ -116.927835, 32.55666 ], [ -116.927835, 32.556222 ], [ -116.927836, 32.556076 ], [ -116.927836, 32.555918 ], [ -116.927836, 32.555839 ], [ -116.927837, 32.555444 ], [ -116.927838, 32.555287 ], [ -116.927838, 32.555077 ], [ -116.92784, 32.554463 ], [ -116.927841, 32.554258 ], [ -116.927841, 32.554035 ], [ -116.927844, 32.553369 ], [ -116.927845, 32.553147 ], [ -116.927845, 32.553066 ], [ -116.927845, 32.552824 ], [ -116.927846, 32.552744 ], [ -116.92788, 32.552409 ], [ -116.927986, 32.551424 ], [ -116.927986, 32.551404 ], [ -116.927996, 32.551077 ], [ -116.93728, 32.550289 ], [ -116.938377, 32.550196 ], [ -116.938898, 32.550152 ], [ -116.963103, 32.548104 ], [ -116.970066, 32.547506 ], [ -116.975, 32.547091 ], [ -116.997254, 32.545198 ], [ -117.000853, 32.544891 ], [ -117.0116, 32.543973 ], [ -117.026613, 32.542691 ], [ -117.026936, 32.542664 ], [ -117.028353, 32.542542 ], [ -117.028943, 32.542492 ], [ -117.029359, 32.542456 ], [ -117.029683, 32.542429 ], [ -117.029901, 32.542413 ], [ -117.030271, 32.542379 ], [ -117.036369, 32.541858 ], [ -117.039988, 32.541548 ], [ -117.040402, 32.541515 ], [ -117.042018, 32.541375 ], [ -117.062, 32.539666 ], [ -117.062136, 32.53965 ], [ -117.062483, 32.539621 ], [ -117.062587, 32.539615 ], [ -117.062636, 32.539611 ], [ -117.066733, 32.539261 ], [ -117.086264, 32.537589 ], [ -117.101631, 32.536271 ], [ -117.104051, 32.536062 ], [ -117.118879, 32.534787 ], [ -117.118886, 32.535196 ], [ -117.118902, 32.536079 ], [ -117.118906, 32.536416 ], [ -117.11888, 32.539538 ], [ -117.118857, 32.542279 ], [ -117.118851, 32.54301 ], [ -117.118847, 32.543521 ], [ -117.118841, 32.547342 ], [ -117.118837, 32.547658 ], [ -117.118831, 32.548234 ], [ -117.118812, 32.550001 ], [ -117.118806, 32.550557 ], [ -117.118805, 32.550649 ], [ -117.118804, 32.550763 ], [ -117.118804, 32.55087 ], [ -117.118799, 32.551546 ], [ -117.118776, 32.554744 ], [ -117.118775, 32.55491 ], [ -117.118774, 32.55501 ], [ -117.118772, 32.55517 ], [ -117.118742, 32.558003 ], [ -117.118754, 32.558002 ], [ -117.118752, 32.558187 ], [ -117.118752, 32.558216 ], [ -117.118736, 32.558215 ], [ -117.118681, 32.558216 ], [ -117.118586, 32.558216 ], [ -117.116159, 32.558231 ], [ -117.115283, 32.558237 ], [ -117.114445, 32.55824 ], [ -117.112878, 32.558236 ], [ -117.111103, 32.558231 ], [ -117.109795, 32.558227 ], [ -117.108659, 32.558224 ], [ -117.107468, 32.558221 ], [ -117.106165, 32.558247 ], [ -117.10605, 32.558253 ], [ -117.10602, 32.558255 ], [ -117.105955, 32.558255 ], [ -117.105761, 32.558255 ], [ -117.105697, 32.558256 ], [ -117.104844, 32.558256 ], [ -117.102287, 32.558262 ], [ -117.101435, 32.558265 ], [ -117.101434, 32.558315 ], [ -117.101433, 32.55847 ], [ -117.101433, 32.558523 ], [ -117.101444, 32.558733 ], [ -117.101451, 32.558846 ], [ -117.10148, 32.55937 ], [ -117.10146, 32.562649 ], [ -117.101449, 32.564505 ], [ -117.101448, 32.564653 ], [ -117.101445, 32.565053 ], [ -117.101443, 32.565417 ], [ -117.101443, 32.565518 ], [ -117.101381, 32.565519 ], [ -117.10133, 32.56552 ], [ -117.101323, 32.565601 ], [ -117.101312, 32.566465 ], [ -117.101306, 32.56687 ], [ -117.101275, 32.56687 ], [ -117.100019, 32.566853 ], [ -117.09958, 32.566864 ], [ -117.099578, 32.567011 ], [ -117.099576, 32.567452 ], [ -117.099576, 32.5676 ], [ -117.099575, 32.567666 ], [ -117.099574, 32.567866 ], [ -117.099574, 32.567933 ], [ -117.099933, 32.567937 ], [ -117.10101, 32.567954 ], [ -117.101291, 32.567959 ], [ -117.10137, 32.567961 ], [ -117.101364, 32.568205 ], [ -117.10135, 32.568939 ], [ -117.101348, 32.56908 ], [ -117.101381, 32.56918 ], [ -117.101307, 32.569179 ], [ -117.10125, 32.569179 ], [ -117.101251, 32.569647 ], [ -117.101253, 32.570336 ], [ -117.101255, 32.570692 ], [ -117.101255, 32.570856 ], [ -117.101256, 32.571013 ], [ -117.101257, 32.571184 ], [ -117.101256, 32.571332 ], [ -117.101257, 32.571489 ], [ -117.101257, 32.571535 ], [ -117.101257, 32.571659 ], [ -117.101256, 32.571791 ], [ -117.101255, 32.571939 ], [ -117.101254, 32.572085 ], [ -117.101253, 32.572239 ], [ -117.101252, 32.57239 ], [ -117.101251, 32.572561 ], [ -117.101249, 32.572753 ], [ -117.10126, 32.572847 ], [ -117.101268, 32.572989 ], [ -117.101267, 32.573091 ], [ -117.101267, 32.573217 ], [ -117.101265, 32.573347 ], [ -117.101264, 32.573487 ], [ -117.101262, 32.57363 ], [ -117.101261, 32.573773 ], [ -117.10126, 32.573943 ], [ -117.101259, 32.574102 ], [ -117.101258, 32.574267 ], [ -117.101255, 32.57468 ], [ -117.101252, 32.574982 ], [ -117.10125, 32.575155 ], [ -117.101249, 32.575326 ], [ -117.101247, 32.575501 ], [ -117.101246, 32.575669 ], [ -117.101244, 32.575845 ], [ -117.101242, 32.576062 ], [ -117.101244, 32.576186 ], [ -117.101242, 32.576329 ], [ -117.101243, 32.576412 ], [ -117.101242, 32.576503 ], [ -117.101403, 32.576504 ], [ -117.101549, 32.576506 ], [ -117.10199, 32.576515 ], [ -117.102137, 32.576518 ], [ -117.102199, 32.576515 ], [ -117.102385, 32.57651 ], [ -117.102448, 32.576508 ], [ -117.102659, 32.576509 ], [ -117.103295, 32.576515 ], [ -117.103507, 32.576517 ], [ -117.103623, 32.576517 ], [ -117.103841, 32.576517 ], [ -117.103848, 32.57716 ], [ -117.103852, 32.577493 ], [ -117.103837, 32.577493 ], [ -117.103733, 32.577492 ], [ -117.103729, 32.577977 ], [ -117.103738, 32.579089 ], [ -117.10381, 32.579089 ], [ -117.103858, 32.57909 ], [ -117.103856, 32.580681 ], [ -117.103839, 32.58227 ], [ -117.103848, 32.583787 ], [ -117.10385, 32.583964 ], [ -117.103851, 32.584073 ], [ -117.104089, 32.584073 ], [ -117.104391, 32.584075 ], [ -117.104404, 32.584075 ], [ -117.10443, 32.584075 ], [ -117.104462, 32.584075 ], [ -117.104563, 32.584075 ], [ -117.104618, 32.584075 ], [ -117.105033, 32.584075 ], [ -117.10554, 32.58408 ], [ -117.105541, 32.584728 ], [ -117.105544, 32.585207 ], [ -117.105545, 32.585454 ], [ -117.105547, 32.585713 ], [ -117.10555, 32.58597 ], [ -117.105564, 32.587011 ], [ -117.105565, 32.587053 ], [ -117.105568, 32.587552 ], [ -117.10557, 32.587625 ], [ -117.105579, 32.588032 ], [ -117.105594, 32.588026 ], [ -117.105608, 32.588021 ], [ -117.105623, 32.588015 ], [ -117.105638, 32.588009 ], [ -117.105653, 32.588003 ], [ -117.105667, 32.587997 ], [ -117.105682, 32.587992 ], [ -117.105697, 32.587987 ], [ -117.105712, 32.587981 ], [ -117.105727, 32.587976 ], [ -117.105742, 32.58797 ], [ -117.105757, 32.587965 ], [ -117.105772, 32.58796 ], [ -117.105787, 32.587954 ], [ -117.105802, 32.587949 ], [ -117.105817, 32.587944 ], [ -117.105832, 32.587939 ], [ -117.105847, 32.587934 ], [ -117.105863, 32.587929 ], [ -117.105878, 32.587924 ], [ -117.105893, 32.58792 ], [ -117.105908, 32.587915 ], [ -117.105924, 32.58791 ], [ -117.105939, 32.587906 ], [ -117.105954, 32.587901 ], [ -117.10597, 32.587897 ], [ -117.106104, 32.587861 ], [ -117.106126, 32.587854 ], [ -117.10628, 32.587824 ], [ -117.106588, 32.587748 ], [ -117.106919, 32.587737 ], [ -117.107035, 32.587731 ], [ -117.107127, 32.587727 ], [ -117.107474, 32.587747 ], [ -117.107783, 32.587791 ], [ -117.108104, 32.587878 ], [ -117.108168, 32.587987 ], [ -117.108197, 32.588017 ], [ -117.108283, 32.588106 ], [ -117.108617, 32.588203 ], [ -117.108938, 32.588311 ], [ -117.109092, 32.588506 ], [ -117.109112, 32.588527 ], [ -117.109182, 32.588603 ], [ -117.109203, 32.588638 ], [ -117.109285, 32.588786 ], [ -117.109326, 32.58886 ], [ -117.109376, 32.58895 ], [ -117.109514, 32.589169 ], [ -117.109612, 32.589245 ], [ -117.109786, 32.58935 ], [ -117.109914, 32.589426 ], [ -117.110081, 32.589501 ], [ -117.110299, 32.589577 ], [ -117.110569, 32.589598 ], [ -117.11084, 32.589621 ], [ -117.11116, 32.589556 ], [ -117.11134, 32.58949 ], [ -117.111532, 32.589448 ], [ -117.111764, 32.589415 ], [ -117.111995, 32.589425 ], [ -117.112275, 32.58944 ], [ -117.112846, 32.5896 ], [ -117.112881, 32.589599 ], [ -117.113125, 32.589632 ], [ -117.113292, 32.589662 ], [ -117.113422, 32.589686 ], [ -117.113807, 32.589664 ], [ -117.114218, 32.58974 ], [ -117.114385, 32.589902 ], [ -117.114423, 32.58999 ], [ -117.114461, 32.590085 ], [ -117.114551, 32.590281 ], [ -117.114654, 32.590432 ], [ -117.114718, 32.59048 ], [ -117.114911, 32.590626 ], [ -117.115257, 32.590789 ], [ -117.115543, 32.590921 ], [ -117.115849, 32.59106 ], [ -117.116312, 32.591212 ], [ -117.1164, 32.591235 ], [ -117.116882, 32.591351 ], [ -117.116999, 32.591339 ], [ -117.117224, 32.591315 ], [ -117.117336, 32.591316 ], [ -117.117841, 32.591326 ], [ -117.117916, 32.591309 ], [ -117.118057, 32.591243 ], [ -117.118546, 32.591287 ], [ -117.118474, 32.591339 ], [ -117.118445, 32.59136 ], [ -117.118259, 32.591496 ], [ -117.116729, 32.592566 ], [ -117.115987, 32.593094 ], [ -117.115943, 32.593126 ], [ -117.115378, 32.593523 ], [ -117.114988, 32.593796 ], [ -117.114992, 32.593817 ], [ -117.114999, 32.593858 ], [ -117.115031, 32.594054 ], [ -117.115064, 32.594262 ], [ -117.114876, 32.594202 ], [ -117.114959, 32.594739 ], [ -117.116123, 32.602268 ], [ -117.11636, 32.603801 ], [ -117.11659, 32.605287 ], [ -117.116707, 32.606045 ], [ -117.117444, 32.605958 ], [ -117.119601, 32.605702 ], [ -117.119807, 32.606978 ], [ -117.11996, 32.607886 ], [ -117.120114, 32.608811 ], [ -117.1202, 32.60934 ], [ -117.124545, 32.635612 ], [ -117.125875, 32.643648 ], [ -117.12602, 32.644515 ], [ -117.127595, 32.654045 ], [ -117.128588, 32.660042 ], [ -117.129611, 32.666225 ], [ -117.13188, 32.669082 ], [ -117.135133, 32.673178 ], [ -117.143525, 32.67806 ], [ -117.149733, 32.682828 ], [ -117.153114, 32.685423 ], [ -117.155568, 32.687308 ], [ -117.155765, 32.687459 ], [ -117.155831, 32.687509 ], [ -117.158262, 32.689376 ], [ -117.162037, 32.692274 ], [ -117.162399, 32.692552 ], [ -117.163181, 32.692366 ], [ -117.163513, 32.692286 ], [ -117.163786, 32.69222 ], [ -117.163776, 32.692284 ], [ -117.16367, 32.692903 ], [ -117.163726, 32.693206 ], [ -117.163774, 32.693219 ], [ -117.163926, 32.693263 ], [ -117.163921, 32.693635 ], [ -117.164142, 32.69401 ], [ -117.164449, 32.694618 ], [ -117.165093, 32.69589 ], [ -117.165898, 32.697297 ], [ -117.166653, 32.698344 ], [ -117.166773, 32.698397 ], [ -117.167561, 32.698745 ], [ -117.168037, 32.69896 ], [ -117.168143, 32.698958 ], [ -117.168269, 32.699058 ], [ -117.168778, 32.699188 ], [ -117.170773, 32.699705 ], [ -117.171438, 32.699877 ], [ -117.171683, 32.699987 ], [ -117.171906, 32.700088 ], [ -117.172441, 32.700257 ], [ -117.172459, 32.700264 ], [ -117.172706, 32.700303 ], [ -117.173025, 32.700419 ], [ -117.173095, 32.700438 ], [ -117.173324, 32.700501 ], [ -117.173656, 32.700573 ], [ -117.174312, 32.70064 ], [ -117.174345, 32.700644 ], [ -117.174573, 32.700694 ], [ -117.174713, 32.700735 ], [ -117.17481, 32.700769 ], [ -117.174926, 32.700806 ], [ -117.175282, 32.700919 ], [ -117.17537, 32.700962 ], [ -117.175483, 32.701018 ], [ -117.17556, 32.701034 ], [ -117.17578, 32.701086 ], [ -117.175893, 32.701112 ], [ -117.176287, 32.701276 ], [ -117.176342, 32.701299 ], [ -117.176641, 32.70137 ], [ -117.177129, 32.701453 ], [ -117.177879, 32.701611 ], [ -117.178065, 32.701651 ], [ -117.178358, 32.701722 ], [ -117.178407, 32.70174 ], [ -117.178494, 32.701773 ], [ -117.178722, 32.70186 ], [ -117.178757, 32.701875 ], [ -117.178785, 32.701888 ], [ -117.17884, 32.701921 ], [ -117.178893, 32.701936 ], [ -117.179008, 32.701987 ], [ -117.179242, 32.702091 ], [ -117.179514, 32.702184 ], [ -117.179594, 32.702212 ], [ -117.179689, 32.702234 ], [ -117.179802, 32.702261 ], [ -117.179927, 32.702264 ], [ -117.180042, 32.702267 ], [ -117.180127, 32.702322 ], [ -117.180244, 32.702437 ], [ -117.180374, 32.702492 ], [ -117.180517, 32.702586 ], [ -117.180533, 32.702613 ], [ -117.180634, 32.702778 ], [ -117.180677, 32.702802 ], [ -117.180732, 32.702833 ], [ -117.180744, 32.702846 ], [ -117.18081, 32.702916 ], [ -117.180823, 32.702987 ], [ -117.180827, 32.703063 ], [ -117.180829, 32.703086 ], [ -117.180875, 32.703124 ], [ -117.180972, 32.703202 ], [ -117.180938, 32.703273 ], [ -117.180803, 32.703559 ], [ -117.180855, 32.703587 ], [ -117.181081, 32.703654 ], [ -117.181276, 32.703714 ], [ -117.182748, 32.704158 ], [ -117.187166, 32.705492 ], [ -117.188517, 32.705902 ], [ -117.188896, 32.706068 ], [ -117.189425, 32.70623 ], [ -117.189232, 32.7066 ], [ -117.186868, 32.711129 ], [ -117.187101, 32.711294 ], [ -117.187182, 32.711351 ], [ -117.1893, 32.712851 ], [ -117.18984, 32.713233 ], [ -117.189998, 32.713251 ], [ -117.190089, 32.713154 ], [ -117.189687, 32.712849 ], [ -117.190007, 32.712718 ], [ -117.190341, 32.712865 ], [ -117.191429, 32.713349 ], [ -117.192576, 32.713881 ], [ -117.19333, 32.714205 ], [ -117.193614, 32.714327 ], [ -117.193663, 32.714343 ], [ -117.193963, 32.714442 ], [ -117.1944, 32.71451 ], [ -117.195221, 32.714578 ], [ -117.195828, 32.714628 ], [ -117.195828, 32.714562 ], [ -117.19673, 32.714555 ], [ -117.196761, 32.714551 ], [ -117.197534, 32.714464 ], [ -117.197824, 32.714419 ], [ -117.197986, 32.714391 ], [ -117.198003, 32.714387 ], [ -117.198301, 32.714325 ], [ -117.198327, 32.714319 ], [ -117.198553, 32.714264 ], [ -117.19857, 32.71426 ], [ -117.198831, 32.714188 ], [ -117.198849, 32.714183 ], [ -117.199133, 32.714094 ], [ -117.199145, 32.71409 ], [ -117.19919, 32.714075 ], [ -117.19922, 32.714065 ], [ -117.199251, 32.714054 ], [ -117.199709, 32.713881 ], [ -117.200061, 32.713731 ], [ -117.200222, 32.713634 ], [ -117.201219, 32.713161 ], [ -117.202447, 32.712553 ], [ -117.202709, 32.712432 ], [ -117.203761, 32.711953 ], [ -117.204575, 32.711387 ], [ -117.20602, 32.710331 ], [ -117.207002, 32.709782 ], [ -117.207593, 32.709541 ], [ -117.20825, 32.709252 ], [ -117.208804, 32.708991 ], [ -117.209427, 32.70868 ], [ -117.209955, 32.708399 ], [ -117.210499, 32.708094 ], [ -117.210821, 32.707904 ], [ -117.211424, 32.707536 ], [ -117.211827, 32.707346 ], [ -117.212251, 32.707132 ], [ -117.212645, 32.70692 ], [ -117.213012, 32.706711 ], [ -117.213387, 32.706485 ], [ -117.21378, 32.706234 ], [ -117.214144, 32.705988 ], [ -117.214552, 32.705694 ], [ -117.215928, 32.704889 ], [ -117.216918, 32.70445 ], [ -117.216984, 32.704412 ], [ -117.21717, 32.704298 ], [ -117.217407, 32.704138 ], [ -117.217591, 32.704 ], [ -117.217623, 32.703974 ], [ -117.217784, 32.703839 ], [ -117.21782, 32.703808 ], [ -117.217989, 32.70365 ], [ -117.218009, 32.703631 ], [ -117.218191, 32.703439 ], [ -117.218217, 32.70341 ], [ -117.218358, 32.703244 ], [ -117.218387, 32.703207 ], [ -117.218534, 32.703009 ], [ -117.218584, 32.702929 ], [ -117.218702, 32.702751 ], [ -117.218719, 32.702722 ], [ -117.218814, 32.702552 ], [ -117.21884, 32.702501 ], [ -117.21892, 32.702337 ], [ -117.219367, 32.701594 ], [ -117.219525, 32.701376 ], [ -117.219789, 32.701011 ], [ -117.220049, 32.700332 ], [ -117.220146, 32.699854 ], [ -117.220173, 32.699791 ], [ -117.220279, 32.699544 ], [ -117.220429, 32.699248 ], [ -117.220453, 32.699204 ], [ -117.220581, 32.69899 ], [ -117.220603, 32.698954 ], [ -117.220783, 32.698691 ], [ -117.22081, 32.698654 ], [ -117.221012, 32.698398 ], [ -117.221147, 32.698243 ], [ -117.221303, 32.698078 ], [ -117.221525, 32.697864 ], [ -117.221677, 32.69773 ], [ -117.221707, 32.697704 ], [ -117.221855, 32.697583 ], [ -117.222093, 32.697405 ], [ -117.222131, 32.697378 ], [ -117.222375, 32.697214 ], [ -117.222656, 32.697046 ], [ -117.222888, 32.69692 ], [ -117.22318, 32.696779 ], [ -117.223476, 32.696652 ], [ -117.223644, 32.696588 ], [ -117.22391, 32.696495 ], [ -117.224431, 32.696301 ], [ -117.225032, 32.69597 ], [ -117.225625, 32.695476 ], [ -117.226004, 32.695371 ], [ -117.226063, 32.695343 ], [ -117.226119, 32.695327 ], [ -117.22646, 32.695194 ], [ -117.226584, 32.695152 ], [ -117.226981, 32.694968 ], [ -117.227039, 32.694941 ], [ -117.227039, 32.694885 ], [ -117.227039, 32.694715 ], [ -117.227039, 32.694577 ], [ -117.227052, 32.694318 ], [ -117.22706, 32.69414 ], [ -117.227054, 32.693934 ], [ -117.227055, 32.693661 ], [ -117.227063, 32.693538 ], [ -117.227078, 32.693452 ], [ -117.22711, 32.693405 ], [ -117.227175, 32.693372 ], [ -117.227227, 32.693341 ], [ -117.227194, 32.693319 ], [ -117.227177, 32.693292 ], [ -117.2272, 32.693262 ], [ -117.227196, 32.693221 ], [ -117.227169, 32.69316 ], [ -117.227146, 32.693119 ], [ -117.227119, 32.693048 ], [ -117.227089, 32.692968 ], [ -117.227082, 32.69293 ], [ -117.227072, 32.69285 ], [ -117.227058, 32.692752 ], [ -117.227057, 32.692669 ], [ -117.227092, 32.692592 ], [ -117.227127, 32.692526 ], [ -117.227152, 32.692457 ], [ -117.227161, 32.692437 ], [ -117.227135, 32.692405 ], [ -117.227115, 32.692388 ], [ -117.227072, 32.692331 ], [ -117.227036, 32.692257 ], [ -117.227028, 32.692166 ], [ -117.22705, 32.692073 ], [ -117.227059, 32.692009 ], [ -117.227062, 32.691944 ], [ -117.227051, 32.691894 ], [ -117.227041, 32.691823 ], [ -117.227033, 32.691738 ], [ -117.227036, 32.691661 ], [ -117.227035, 32.691564 ], [ -117.227033, 32.691416 ], [ -117.227036, 32.691361 ], [ -117.227031, 32.691273 ], [ -117.227017, 32.691185 ], [ -117.226997, 32.691108 ], [ -117.22699, 32.691015 ], [ -117.226995, 32.690944 ], [ -117.227008, 32.69088 ], [ -117.22701, 32.690801 ], [ -117.226993, 32.690737 ], [ -117.226979, 32.690641 ], [ -117.226945, 32.69054 ], [ -117.226925, 32.69046 ], [ -117.226914, 32.690364 ], [ -117.226897, 32.690279 ], [ -117.226883, 32.690205 ], [ -117.226853, 32.690156 ], [ -117.226839, 32.690082 ], [ -117.226842, 32.690005 ], [ -117.226841, 32.689953 ], [ -117.226828, 32.689903 ], [ -117.226804, 32.689837 ], [ -117.226781, 32.689752 ], [ -117.226757, 32.689648 ], [ -117.226733, 32.689541 ], [ -117.226732, 32.689461 ], [ -117.226724, 32.68936 ], [ -117.22672, 32.689297 ], [ -117.22672, 32.689236 ], [ -117.226706, 32.68917 ], [ -117.226695, 32.689102 ], [ -117.226688, 32.689033 ], [ -117.226661, 32.688956 ], [ -117.226652, 32.688893 ], [ -117.226425, 32.688742 ], [ -117.226227, 32.688572 ], [ -117.226062, 32.68843 ], [ -117.225692, 32.68791 ], [ -117.225685, 32.68778 ], [ -117.225678, 32.687323 ], [ -117.225585, 32.687162 ], [ -117.225401, 32.687002 ], [ -117.225204, 32.686918 ], [ -117.225021, 32.686888 ], [ -117.223919, 32.686887 ], [ -117.222536, 32.686885 ], [ -117.221862, 32.686888 ], [ -117.221708, 32.686888 ], [ -117.221298, 32.686888 ], [ -117.221214, 32.686937 ], [ -117.21968, 32.68781 ], [ -117.21716, 32.688583 ], [ -117.215064, 32.689251 ], [ -117.213556, 32.689496 ], [ -117.212595, 32.6899 ], [ -117.211853, 32.69042 ], [ -117.211171, 32.690067 ], [ -117.210702, 32.689977 ], [ -117.210337, 32.689907 ], [ -117.209306, 32.689658 ], [ -117.208732, 32.689479 ], [ -117.208514, 32.689448 ], [ -117.208123, 32.689418 ], [ -117.207632, 32.689312 ], [ -117.207002, 32.689132 ], [ -117.206565, 32.688997 ], [ -117.206454, 32.688966 ], [ -117.205861, 32.688756 ], [ -117.205249, 32.688426 ], [ -117.204833, 32.688137 ], [ -117.203841, 32.687447 ], [ -117.203625, 32.687343 ], [ -117.203592, 32.687321 ], [ -117.203545, 32.687294 ], [ -117.203496, 32.687268 ], [ -117.203447, 32.687243 ], [ -117.203396, 32.68722 ], [ -117.203345, 32.687198 ], [ -117.203293, 32.687177 ], [ -117.20324, 32.687158 ], [ -117.203187, 32.68714 ], [ -117.203133, 32.687124 ], [ -117.203078, 32.687109 ], [ -117.203023, 32.687096 ], [ -117.202967, 32.687084 ], [ -117.202579, 32.687045 ], [ -117.201681, 32.686956 ], [ -117.201284, 32.686921 ], [ -117.201211, 32.686917 ], [ -117.201113, 32.68691 ], [ -117.201081, 32.686908 ], [ -117.200595, 32.686877 ], [ -117.200579, 32.686876 ], [ -117.200563, 32.686875 ], [ -117.200546, 32.686874 ], [ -117.20053, 32.686873 ], [ -117.200514, 32.686872 ], [ -117.200498, 32.686871 ], [ -117.200482, 32.68687 ], [ -117.200465, 32.686869 ], [ -117.200449, 32.686868 ], [ -117.200433, 32.686867 ], [ -117.200419, 32.686866 ], [ -117.200401, 32.686864 ], [ -117.200384, 32.686862 ], [ -117.200368, 32.686861 ], [ -117.200352, 32.686859 ], [ -117.200336, 32.686857 ], [ -117.20032, 32.686855 ], [ -117.200304, 32.686853 ], [ -117.200288, 32.686852 ], [ -117.200272, 32.68685 ], [ -117.200256, 32.686848 ], [ -117.20024, 32.686846 ], [ -117.200223, 32.686844 ], [ -117.200207, 32.686843 ], [ -117.200191, 32.686841 ], [ -117.200175, 32.686839 ], [ -117.200159, 32.686837 ], [ -117.200143, 32.686835 ], [ -117.200127, 32.686834 ], [ -117.200111, 32.686832 ], [ -117.200095, 32.68683 ], [ -117.200078, 32.686828 ], [ -117.200062, 32.686826 ], [ -117.200046, 32.686825 ], [ -117.20003, 32.686823 ], [ -117.200014, 32.686821 ], [ -117.199998, 32.686819 ], [ -117.199982, 32.686817 ], [ -117.199966, 32.686816 ], [ -117.19995, 32.686814 ], [ -117.199933, 32.686812 ], [ -117.199917, 32.68681 ], [ -117.199901, 32.686808 ], [ -117.198639, 32.686677 ], [ -117.198017, 32.68661 ], [ -117.197624, 32.686555 ], [ -117.196926, 32.68639 ], [ -117.196383, 32.686298 ], [ -117.196155, 32.686256 ], [ -117.19535, 32.686125 ], [ -117.194952, 32.686003 ], [ -117.194443, 32.685848 ], [ -117.194206, 32.685776 ], [ -117.19414, 32.685756 ], [ -117.194311, 32.685502 ], [ -117.195042, 32.684412 ], [ -117.201849, 32.674259 ], [ -117.235478, 32.671922 ], [ -117.235553, 32.671917 ], [ -117.236316, 32.671864 ], [ -117.236304, 32.671842 ], [ -117.236291, 32.671821 ], [ -117.236269, 32.671784 ], [ -117.236256, 32.671759 ], [ -117.236233, 32.671708 ], [ -117.236224, 32.671681 ], [ -117.236212, 32.671641 ], [ -117.236206, 32.671614 ], [ -117.236201, 32.671587 ], [ -117.236198, 32.671567 ], [ -117.23619, 32.67153 ], [ -117.236224, 32.671355 ], [ -117.236238, 32.671283 ], [ -117.23647, 32.670963 ], [ -117.236835, 32.670747 ], [ -117.237347, 32.670261 ], [ -117.237528, 32.670066 ], [ -117.23758, 32.669848 ], [ -117.237544, 32.669386 ], [ -117.237438, 32.6692 ], [ -117.237391, 32.669104 ], [ -117.237244, 32.668764 ], [ -117.237142, 32.668429 ], [ -117.237163, 32.668282 ], [ -117.23704, 32.668177 ], [ -117.237044, 32.668164 ], [ -117.237049, 32.668151 ], [ -117.237053, 32.668138 ], [ -117.237059, 32.668125 ], [ -117.237064, 32.668112 ], [ -117.23707, 32.668099 ], [ -117.237077, 32.668084 ], [ -117.237083, 32.668071 ], [ -117.23709, 32.668058 ], [ -117.237097, 32.668046 ], [ -117.237104, 32.668034 ], [ -117.237112, 32.668022 ], [ -117.23712, 32.66801 ], [ -117.237129, 32.667998 ], [ -117.237137, 32.667987 ], [ -117.237146, 32.667975 ], [ -117.237156, 32.667964 ], [ -117.237166, 32.667953 ], [ -117.237176, 32.667942 ], [ -117.237186, 32.667931 ], [ -117.237196, 32.667921 ], [ -117.237207, 32.667911 ], [ -117.237218, 32.667901 ], [ -117.23723, 32.667891 ], [ -117.237241, 32.667881 ], [ -117.237253, 32.667872 ], [ -117.237265, 32.667863 ], [ -117.237278, 32.667854 ], [ -117.23729, 32.667845 ], [ -117.237301, 32.667839 ], [ -117.237315, 32.667832 ], [ -117.237328, 32.667824 ], [ -117.237341, 32.667816 ], [ -117.237354, 32.667808 ], [ -117.237368, 32.6678 ], [ -117.23738, 32.667791 ], [ -117.237393, 32.667783 ], [ -117.237406, 32.667775 ], [ -117.237419, 32.667766 ], [ -117.237431, 32.667757 ], [ -117.237444, 32.667748 ], [ -117.237456, 32.667739 ], [ -117.237468, 32.66773 ], [ -117.23748, 32.667721 ], [ -117.237492, 32.667712 ], [ -117.237504, 32.667702 ], [ -117.237516, 32.667693 ], [ -117.237527, 32.667683 ], [ -117.237539, 32.667673 ], [ -117.23755, 32.667664 ], [ -117.237561, 32.667654 ], [ -117.237576, 32.667638 ], [ -117.237585, 32.667627 ], [ -117.237595, 32.667616 ], [ -117.237604, 32.667605 ], [ -117.237613, 32.667593 ], [ -117.237621, 32.667582 ], [ -117.237629, 32.66757 ], [ -117.237637, 32.667558 ], [ -117.237644, 32.667545 ], [ -117.237652, 32.667533 ], [ -117.237658, 32.667521 ], [ -117.237665, 32.667508 ], [ -117.237671, 32.667495 ], [ -117.237677, 32.667481 ], [ -117.237683, 32.667468 ], [ -117.237688, 32.667455 ], [ -117.237694, 32.667442 ], [ -117.2377, 32.667429 ], [ -117.237706, 32.667416 ], [ -117.237712, 32.667404 ], [ -117.237718, 32.667391 ], [ -117.237724, 32.667378 ], [ -117.23773, 32.667365 ], [ -117.237737, 32.667353 ], [ -117.237743, 32.66734 ], [ -117.237749, 32.667328 ], [ -117.237756, 32.667315 ], [ -117.237762, 32.667302 ], [ -117.237769, 32.66729 ], [ -117.237776, 32.667277 ], [ -117.237782, 32.667265 ], [ -117.237789, 32.667252 ], [ -117.237796, 32.66724 ], [ -117.237803, 32.667227 ], [ -117.23781, 32.667215 ], [ -117.237817, 32.667203 ], [ -117.237824, 32.66719 ], [ -117.237831, 32.667178 ], [ -117.237839, 32.667166 ], [ -117.237846, 32.667153 ], [ -117.237853, 32.667141 ], [ -117.237861, 32.667129 ], [ -117.237871, 32.667109 ], [ -117.237878, 32.667097 ], [ -117.237886, 32.667085 ], [ -117.237893, 32.667072 ], [ -117.237901, 32.66706 ], [ -117.237909, 32.667048 ], [ -117.237917, 32.667037 ], [ -117.237925, 32.667025 ], [ -117.237934, 32.667013 ], [ -117.237943, 32.667002 ], [ -117.237952, 32.66699 ], [ -117.237961, 32.666979 ], [ -117.237971, 32.666968 ], [ -117.237981, 32.666957 ], [ -117.237991, 32.666946 ], [ -117.238001, 32.666935 ], [ -117.238011, 32.666925 ], [ -117.238022, 32.666914 ], [ -117.238032, 32.666904 ], [ -117.238044, 32.666894 ], [ -117.238054, 32.666883 ], [ -117.238065, 32.666873 ], [ -117.238076, 32.666863 ], [ -117.238098, 32.666843 ], [ -117.23811, 32.666833 ], [ -117.238122, 32.666823 ], [ -117.238133, 32.666814 ], [ -117.238145, 32.666805 ], [ -117.238157, 32.666796 ], [ -117.23817, 32.666787 ], [ -117.238182, 32.666778 ], [ -117.238195, 32.666769 ], [ -117.238208, 32.666761 ], [ -117.238221, 32.666752 ], [ -117.238242, 32.66674 ], [ -117.238255, 32.666732 ], [ -117.238268, 32.666724 ], [ -117.23828, 32.666715 ], [ -117.238293, 32.666706 ], [ -117.238307, 32.666694 ], [ -117.238319, 32.666684 ], [ -117.23833, 32.666674 ], [ -117.238342, 32.666665 ], [ -117.238355, 32.666656 ], [ -117.238368, 32.666648 ], [ -117.238381, 32.66664 ], [ -117.238394, 32.666632 ], [ -117.238408, 32.666624 ], [ -117.238418, 32.666618 ], [ -117.238431, 32.66661 ], [ -117.238444, 32.666602 ], [ -117.238457, 32.666593 ], [ -117.238469, 32.666584 ], [ -117.238482, 32.666575 ], [ -117.238494, 32.666566 ], [ -117.238505, 32.666557 ], [ -117.238517, 32.666547 ], [ -117.238528, 32.666537 ], [ -117.23854, 32.666527 ], [ -117.23855, 32.666517 ], [ -117.238561, 32.666507 ], [ -117.238571, 32.666496 ], [ -117.238582, 32.666486 ], [ -117.238587, 32.666478 ], [ -117.238596, 32.666466 ], [ -117.238605, 32.666455 ], [ -117.238614, 32.666443 ], [ -117.238624, 32.666432 ], [ -117.238634, 32.666421 ], [ -117.238644, 32.666411 ], [ -117.238655, 32.6664 ], [ -117.238665, 32.66639 ], [ -117.238677, 32.66638 ], [ -117.238688, 32.66637 ], [ -117.2387, 32.666361 ], [ -117.238711, 32.666351 ], [ -117.238724, 32.666342 ], [ -117.238736, 32.666333 ], [ -117.23875, 32.666324 ], [ -117.238763, 32.666316 ], [ -117.238775, 32.666307 ], [ -117.238788, 32.666299 ], [ -117.2388, 32.66629 ], [ -117.238813, 32.666281 ], [ -117.238825, 32.666271 ], [ -117.238837, 32.666262 ], [ -117.238848, 32.666253 ], [ -117.23886, 32.666243 ], [ -117.238874, 32.66623 ], [ -117.238886, 32.666221 ], [ -117.238895, 32.666209 ], [ -117.238901, 32.666197 ], [ -117.238905, 32.666183 ], [ -117.238906, 32.666169 ], [ -117.238908, 32.666156 ], [ -117.238911, 32.666142 ], [ -117.238915, 32.666129 ], [ -117.238919, 32.666116 ], [ -117.238924, 32.666103 ], [ -117.238931, 32.66609 ], [ -117.238937, 32.666078 ], [ -117.238945, 32.666065 ], [ -117.238954, 32.666054 ], [ -117.23897, 32.666037 ], [ -117.23898, 32.666026 ], [ -117.238992, 32.666016 ], [ -117.239003, 32.666007 ], [ -117.239015, 32.665997 ], [ -117.239028, 32.665989 ], [ -117.239041, 32.66598 ], [ -117.239054, 32.665972 ], [ -117.239067, 32.665965 ], [ -117.239081, 32.665958 ], [ -117.239095, 32.665951 ], [ -117.239115, 32.665942 ], [ -117.239129, 32.665936 ], [ -117.239143, 32.66593 ], [ -117.239158, 32.665923 ], [ -117.239173, 32.665918 ], [ -117.239188, 32.665912 ], [ -117.239202, 32.665907 ], [ -117.239217, 32.665901 ], [ -117.239233, 32.665896 ], [ -117.239248, 32.665891 ], [ -117.239263, 32.665886 ], [ -117.239278, 32.665882 ], [ -117.239294, 32.665877 ], [ -117.239309, 32.665873 ], [ -117.239325, 32.665869 ], [ -117.23934, 32.665866 ], [ -117.239356, 32.665862 ], [ -117.239372, 32.665858 ], [ -117.239387, 32.665855 ], [ -117.239403, 32.665852 ], [ -117.239419, 32.665849 ], [ -117.23944, 32.665844 ], [ -117.239456, 32.665841 ], [ -117.239471, 32.665837 ], [ -117.239487, 32.665834 ], [ -117.239503, 32.66583 ], [ -117.239519, 32.665827 ], [ -117.239534, 32.665824 ], [ -117.23955, 32.665822 ], [ -117.239566, 32.665819 ], [ -117.239582, 32.665816 ], [ -117.239598, 32.665814 ], [ -117.239614, 32.665812 ], [ -117.23963, 32.66581 ], [ -117.239646, 32.665808 ], [ -117.239663, 32.665806 ], [ -117.239679, 32.665805 ], [ -117.239695, 32.665803 ], [ -117.239718, 32.665801 ], [ -117.239734, 32.6658 ], [ -117.23975, 32.665799 ], [ -117.239766, 32.665797 ], [ -117.239782, 32.665796 ], [ -117.239799, 32.665794 ], [ -117.239815, 32.665792 ], [ -117.239831, 32.665791 ], [ -117.239847, 32.665789 ], [ -117.239863, 32.665787 ], [ -117.239879, 32.665785 ], [ -117.239895, 32.665783 ], [ -117.239911, 32.665781 ], [ -117.239927, 32.665779 ], [ -117.239943, 32.665776 ], [ -117.239959, 32.665774 ], [ -117.239975, 32.665772 ], [ -117.239991, 32.665769 ], [ -117.240007, 32.665767 ], [ -117.240023, 32.665764 ], [ -117.240039, 32.665762 ], [ -117.240055, 32.665759 ], [ -117.240079, 32.665755 ], [ -117.240095, 32.665752 ], [ -117.240111, 32.66575 ], [ -117.240126, 32.665747 ], [ -117.240142, 32.665744 ], [ -117.240158, 32.665741 ], [ -117.240174, 32.665738 ], [ -117.24019, 32.665735 ], [ -117.240206, 32.665732 ], [ -117.240221, 32.665728 ], [ -117.240237, 32.665725 ], [ -117.240253, 32.665722 ], [ -117.240269, 32.665718 ], [ -117.240284, 32.665715 ], [ -117.2403, 32.665711 ], [ -117.240316, 32.665708 ], [ -117.240332, 32.665704 ], [ -117.240347, 32.665701 ], [ -117.240363, 32.665697 ], [ -117.240378, 32.665693 ], [ -117.240394, 32.665689 ], [ -117.24041, 32.665685 ], [ -117.240425, 32.665681 ], [ -117.240441, 32.665677 ], [ -117.240456, 32.665673 ], [ -117.240472, 32.665669 ], [ -117.240487, 32.665665 ], [ -117.240503, 32.66566 ], [ -117.240518, 32.665656 ], [ -117.240533, 32.665652 ], [ -117.240549, 32.665647 ], [ -117.240564, 32.665643 ], [ -117.240579, 32.665638 ], [ -117.240595, 32.665633 ], [ -117.24061, 32.665629 ], [ -117.240625, 32.665624 ], [ -117.24064, 32.665619 ], [ -117.240656, 32.665614 ], [ -117.240671, 32.665609 ], [ -117.240686, 32.665604 ], [ -117.240701, 32.665599 ], [ -117.240716, 32.665594 ], [ -117.241441, 32.665311 ], [ -117.241464, 32.665302 ], [ -117.241479, 32.665297 ], [ -117.241494, 32.665292 ], [ -117.241509, 32.665288 ], [ -117.241525, 32.665284 ], [ -117.24154, 32.66528 ], [ -117.241556, 32.665276 ], [ -117.241572, 32.665273 ], [ -117.241587, 32.66527 ], [ -117.241603, 32.665267 ], [ -117.241619, 32.665265 ], [ -117.241635, 32.665263 ], [ -117.241652, 32.665261 ], [ -117.241666, 32.665262 ], [ -117.241708, 32.665258 ], [ -117.241879, 32.665241 ], [ -117.241915, 32.665236 ], [ -117.242051, 32.665221 ], [ -117.242066, 32.665221 ], [ -117.242084, 32.665219 ], [ -117.242099, 32.665214 ], [ -117.242111, 32.665211 ], [ -117.242126, 32.665207 ], [ -117.242146, 32.665201 ], [ -117.24216, 32.665196 ], [ -117.242171, 32.665191 ], [ -117.242199, 32.665178 ], [ -117.242214, 32.665171 ], [ -117.242242, 32.665157 ], [ -117.242255, 32.665149 ], [ -117.242268, 32.66514 ], [ -117.24228, 32.665131 ], [ -117.2423, 32.665114 ], [ -117.242329, 32.665081 ], [ -117.242352, 32.665053 ], [ -117.24236, 32.665041 ], [ -117.242367, 32.665025 ], [ -117.242372, 32.665009 ], [ -117.242376, 32.664993 ], [ -117.242381, 32.66498 ], [ -117.242387, 32.664967 ], [ -117.242393, 32.664956 ], [ -117.242409, 32.664935 ], [ -117.24242, 32.664925 ], [ -117.242437, 32.664913 ], [ -117.242463, 32.664899 ], [ -117.242475, 32.664893 ], [ -117.242499, 32.664885 ], [ -117.242578, 32.664864 ], [ -117.242594, 32.664853 ], [ -117.242616, 32.664838 ], [ -117.24263, 32.664828 ], [ -117.242652, 32.664818 ], [ -117.242676, 32.664814 ], [ -117.242688, 32.664813 ], [ -117.242704, 32.664812 ], [ -117.242717, 32.664816 ], [ -117.242733, 32.66482 ], [ -117.242748, 32.664825 ], [ -117.242761, 32.664831 ], [ -117.242774, 32.66484 ], [ -117.242786, 32.664848 ], [ -117.242798, 32.664858 ], [ -117.242808, 32.664869 ], [ -117.242818, 32.66488 ], [ -117.242826, 32.664892 ], [ -117.242833, 32.664904 ], [ -117.242855, 32.664934 ], [ -117.242893, 32.664986 ], [ -117.242958, 32.665074 ], [ -117.242968, 32.665084 ], [ -117.242979, 32.665095 ], [ -117.242989, 32.665105 ], [ -117.243, 32.665116 ], [ -117.243011, 32.665126 ], [ -117.243022, 32.665136 ], [ -117.243033, 32.665146 ], [ -117.243045, 32.665155 ], [ -117.243057, 32.665165 ], [ -117.243069, 32.665174 ], [ -117.243081, 32.665183 ], [ -117.243093, 32.665192 ], [ -117.243106, 32.665201 ], [ -117.243119, 32.665209 ], [ -117.243131, 32.665218 ], [ -117.243145, 32.665226 ], [ -117.243158, 32.665234 ], [ -117.243171, 32.665241 ], [ -117.243185, 32.665249 ], [ -117.243199, 32.665256 ], [ -117.243212, 32.665264 ], [ -117.243226, 32.66527 ], [ -117.243241, 32.665277 ], [ -117.243254, 32.665279 ], [ -117.24327, 32.665281 ], [ -117.243286, 32.665283 ], [ -117.243303, 32.665283 ], [ -117.243322, 32.665284 ], [ -117.243334, 32.665283 ], [ -117.24335, 32.665283 ], [ -117.243366, 32.665287 ], [ -117.24338, 32.665293 ], [ -117.243393, 32.665301 ], [ -117.243403, 32.665312 ], [ -117.243419, 32.665327 ], [ -117.243429, 32.665338 ], [ -117.243438, 32.66535 ], [ -117.243446, 32.665362 ], [ -117.243453, 32.665374 ], [ -117.24346, 32.665386 ], [ -117.243466, 32.665399 ], [ -117.243475, 32.665408 ], [ -117.243485, 32.665419 ], [ -117.243495, 32.66543 ], [ -117.243505, 32.665441 ], [ -117.243514, 32.665453 ], [ -117.243523, 32.665464 ], [ -117.243533, 32.665477 ], [ -117.243544, 32.665488 ], [ -117.243555, 32.665497 ], [ -117.24357, 32.665507 ], [ -117.243582, 32.665516 ], [ -117.243594, 32.665526 ], [ -117.243605, 32.665536 ], [ -117.243616, 32.665546 ], [ -117.243626, 32.665557 ], [ -117.243636, 32.665568 ], [ -117.243645, 32.665579 ], [ -117.243654, 32.665591 ], [ -117.243662, 32.665602 ], [ -117.24367, 32.665615 ], [ -117.243678, 32.665623 ], [ -117.243689, 32.665634 ], [ -117.243699, 32.665644 ], [ -117.24371, 32.665655 ], [ -117.243721, 32.665665 ], [ -117.243734, 32.665679 ], [ -117.24374, 32.665692 ], [ -117.243746, 32.665705 ], [ -117.243753, 32.665717 ], [ -117.243759, 32.66573 ], [ -117.243766, 32.665742 ], [ -117.243773, 32.665755 ], [ -117.24378, 32.665767 ], [ -117.243788, 32.665779 ], [ -117.243795, 32.665791 ], [ -117.243803, 32.665803 ], [ -117.243812, 32.665815 ], [ -117.24382, 32.665827 ], [ -117.243832, 32.665842 ], [ -117.243842, 32.665853 ], [ -117.243853, 32.665863 ], [ -117.243865, 32.665873 ], [ -117.243878, 32.665881 ], [ -117.243891, 32.665889 ], [ -117.243906, 32.665895 ], [ -117.243921, 32.665901 ], [ -117.243937, 32.665904 ], [ -117.243953, 32.665907 ], [ -117.243968, 32.665912 ], [ -117.243983, 32.665917 ], [ -117.243998, 32.665924 ], [ -117.244011, 32.665931 ], [ -117.244025, 32.665939 ], [ -117.244051, 32.665945 ], [ -117.244065, 32.665951 ], [ -117.244079, 32.665958 ], [ -117.244092, 32.665967 ], [ -117.244103, 32.665977 ], [ -117.244113, 32.665988 ], [ -117.244213, 32.666092 ], [ -117.244224, 32.666102 ], [ -117.244236, 32.666112 ], [ -117.244248, 32.666121 ], [ -117.244261, 32.666129 ], [ -117.244277, 32.666139 ], [ -117.244292, 32.666144 ], [ -117.244307, 32.666149 ], [ -117.244323, 32.666153 ], [ -117.244336, 32.666161 ], [ -117.244349, 32.666169 ], [ -117.244362, 32.666178 ], [ -117.244373, 32.666187 ], [ -117.244385, 32.666197 ], [ -117.244395, 32.666208 ], [ -117.244408, 32.666223 ], [ -117.244419, 32.666233 ], [ -117.244431, 32.666242 ], [ -117.244444, 32.666251 ], [ -117.244457, 32.666258 ], [ -117.244472, 32.666265 ], [ -117.244492, 32.666272 ], [ -117.244507, 32.666276 ], [ -117.244522, 32.666282 ], [ -117.244536, 32.666289 ], [ -117.244549, 32.666297 ], [ -117.244567, 32.666311 ], [ -117.244578, 32.666321 ], [ -117.244589, 32.666332 ], [ -117.244598, 32.666343 ], [ -117.244607, 32.666355 ], [ -117.244615, 32.666367 ], [ -117.244622, 32.666379 ], [ -117.244628, 32.666392 ], [ -117.244633, 32.666405 ], [ -117.244638, 32.666418 ], [ -117.244641, 32.666431 ], [ -117.244643, 32.666445 ], [ -117.244645, 32.666459 ], [ -117.244647, 32.666481 ], [ -117.24465, 32.666492 ], [ -117.244651, 32.66652 ], [ -117.244652, 32.666536 ], [ -117.244651, 32.666547 ], [ -117.244651, 32.666564 ], [ -117.24465, 32.666576 ], [ -117.244648, 32.666588 ], [ -117.244645, 32.666616 ], [ -117.244639, 32.666642 ], [ -117.244636, 32.666663 ], [ -117.244634, 32.666686 ], [ -117.244634, 32.6667 ], [ -117.244636, 32.666713 ], [ -117.24464, 32.666727 ], [ -117.244644, 32.66674 ], [ -117.24465, 32.666753 ], [ -117.244657, 32.666765 ], [ -117.244665, 32.666777 ], [ -117.244674, 32.666788 ], [ -117.244684, 32.666799 ], [ -117.244692, 32.666806 ], [ -117.244703, 32.666816 ], [ -117.244713, 32.666826 ], [ -117.244724, 32.666837 ], [ -117.244734, 32.666848 ], [ -117.244743, 32.666859 ], [ -117.244752, 32.66687 ], [ -117.244761, 32.666881 ], [ -117.24477, 32.666893 ], [ -117.244778, 32.666905 ], [ -117.244786, 32.666917 ], [ -117.244794, 32.666929 ], [ -117.244801, 32.666942 ], [ -117.244807, 32.666954 ], [ -117.244814, 32.666967 ], [ -117.244819, 32.66698 ], [ -117.244903, 32.667179 ], [ -117.24495, 32.667355 ], [ -117.245011, 32.667539 ], [ -117.245056, 32.667718 ], [ -117.245062, 32.667729 ], [ -117.245063, 32.667753 ], [ -117.245058, 32.667774 ], [ -117.245054, 32.66779 ], [ -117.245047, 32.66781 ], [ -117.245039, 32.667828 ], [ -117.245033, 32.667839 ], [ -117.245027, 32.667848 ], [ -117.245019, 32.66786 ], [ -117.24501, 32.667872 ], [ -117.244998, 32.667887 ], [ -117.244989, 32.667896 ], [ -117.244963, 32.66792 ], [ -117.24495, 32.667928 ], [ -117.244932, 32.667936 ], [ -117.244921, 32.66794 ], [ -117.244887, 32.667945 ], [ -117.244871, 32.667953 ], [ -117.244859, 32.667963 ], [ -117.244852, 32.667974 ], [ -117.244862, 32.667986 ], [ -117.244877, 32.667993 ], [ -117.244893, 32.667996 ], [ -117.244916, 32.667997 ], [ -117.244932, 32.667998 ], [ -117.244948, 32.667999 ], [ -117.244965, 32.668001 ], [ -117.244981, 32.668003 ], [ -117.245003, 32.668014 ], [ -117.245015, 32.668023 ], [ -117.245024, 32.668035 ], [ -117.24503, 32.668047 ], [ -117.245037, 32.668064 ], [ -117.245036, 32.668076 ], [ -117.245031, 32.668091 ], [ -117.245026, 32.668099 ], [ -117.245014, 32.668111 ], [ -117.245001, 32.668119 ], [ -117.244988, 32.668124 ], [ -117.244977, 32.668127 ], [ -117.244959, 32.66813 ], [ -117.244937, 32.668135 ], [ -117.244922, 32.668139 ], [ -117.244906, 32.668143 ], [ -117.244881, 32.668151 ], [ -117.244867, 32.668157 ], [ -117.244845, 32.668169 ], [ -117.244815, 32.66819 ], [ -117.244805, 32.6682 ], [ -117.244798, 32.668208 ], [ -117.244787, 32.668224 ], [ -117.244776, 32.668242 ], [ -117.244765, 32.668259 ], [ -117.244757, 32.668275 ], [ -117.244744, 32.6683 ], [ -117.244734, 32.668323 ], [ -117.244727, 32.668339 ], [ -117.244713, 32.668378 ], [ -117.244707, 32.668396 ], [ -117.244702, 32.668414 ], [ -117.244699, 32.668427 ], [ -117.244695, 32.668445 ], [ -117.244693, 32.668468 ], [ -117.244691, 32.668479 ], [ -117.244689, 32.668495 ], [ -117.244693, 32.668506 ], [ -117.244694, 32.66852 ], [ -117.244698, 32.668537 ], [ -117.244702, 32.668551 ], [ -117.244706, 32.668564 ], [ -117.24471, 32.668578 ], [ -117.244714, 32.668591 ], [ -117.244718, 32.668604 ], [ -117.244722, 32.668617 ], [ -117.244726, 32.668631 ], [ -117.24473, 32.668644 ], [ -117.244735, 32.668657 ], [ -117.244739, 32.66867 ], [ -117.244744, 32.668684 ], [ -117.244749, 32.668697 ], [ -117.244753, 32.66871 ], [ -117.244758, 32.668723 ], [ -117.244763, 32.668736 ], [ -117.244768, 32.668749 ], [ -117.244774, 32.668762 ], [ -117.244779, 32.668775 ], [ -117.244784, 32.668788 ], [ -117.24479, 32.668801 ], [ -117.244796, 32.668814 ], [ -117.244801, 32.668827 ], [ -117.244808, 32.66884 ], [ -117.244814, 32.668852 ], [ -117.244821, 32.668865 ], [ -117.244828, 32.668877 ], [ -117.244835, 32.668889 ], [ -117.244843, 32.668902 ], [ -117.244851, 32.668914 ], [ -117.244859, 32.668925 ], [ -117.244867, 32.668937 ], [ -117.244876, 32.668949 ], [ -117.244885, 32.66896 ], [ -117.244894, 32.668971 ], [ -117.244904, 32.668982 ], [ -117.244914, 32.668993 ], [ -117.245045, 32.669141 ], [ -117.245055, 32.669146 ], [ -117.24507, 32.669152 ], [ -117.245085, 32.669156 ], [ -117.245101, 32.66916 ], [ -117.245117, 32.669162 ], [ -117.245133, 32.669162 ], [ -117.245145, 32.669163 ], [ -117.245161, 32.669163 ], [ -117.245177, 32.669161 ], [ -117.245193, 32.669158 ], [ -117.245208, 32.669153 ], [ -117.245232, 32.669152 ], [ -117.245249, 32.669153 ], [ -117.245265, 32.669155 ], [ -117.24528, 32.669159 ], [ -117.245295, 32.669165 ], [ -117.245309, 32.669171 ], [ -117.245323, 32.669179 ], [ -117.245339, 32.669191 ], [ -117.24535, 32.669202 ], [ -117.24536, 32.669213 ], [ -117.245368, 32.669224 ], [ -117.245376, 32.669236 ], [ -117.245382, 32.669249 ], [ -117.245387, 32.669262 ], [ -117.245391, 32.669275 ], [ -117.245396, 32.669288 ], [ -117.245401, 32.669301 ], [ -117.245407, 32.669314 ], [ -117.245412, 32.669327 ], [ -117.245417, 32.669339 ], [ -117.245423, 32.669352 ], [ -117.245428, 32.669365 ], [ -117.245434, 32.669378 ], [ -117.245439, 32.669391 ], [ -117.245445, 32.669405 ], [ -117.245453, 32.669418 ], [ -117.24546, 32.66943 ], [ -117.245468, 32.669442 ], [ -117.245475, 32.669454 ], [ -117.245483, 32.669466 ], [ -117.245491, 32.669478 ], [ -117.245497, 32.669495 ], [ -117.245501, 32.669509 ], [ -117.245504, 32.669522 ], [ -117.245506, 32.669536 ], [ -117.245508, 32.669549 ], [ -117.245508, 32.669563 ], [ -117.245508, 32.669577 ], [ -117.245478, 32.669739 ], [ -117.245481, 32.669753 ], [ -117.245479, 32.669767 ], [ -117.245476, 32.66978 ], [ -117.24547, 32.669793 ], [ -117.245462, 32.669805 ], [ -117.245454, 32.669817 ], [ -117.245446, 32.669829 ], [ -117.245438, 32.669841 ], [ -117.24543, 32.669853 ], [ -117.245423, 32.669865 ], [ -117.245415, 32.669877 ], [ -117.245408, 32.66989 ], [ -117.245402, 32.669902 ], [ -117.245401, 32.669913 ], [ -117.2454, 32.669927 ], [ -117.245399, 32.669941 ], [ -117.245399, 32.669955 ], [ -117.2454, 32.669982 ], [ -117.245401, 32.669996 ], [ -117.245402, 32.670009 ], [ -117.245404, 32.670023 ], [ -117.245406, 32.670037 ], [ -117.245412, 32.670057 ], [ -117.245416, 32.67007 ], [ -117.24542, 32.670085 ], [ -117.245419, 32.670098 ], [ -117.245417, 32.670112 ], [ -117.245414, 32.670125 ], [ -117.245409, 32.670138 ], [ -117.245402, 32.670151 ], [ -117.245394, 32.670164 ], [ -117.245384, 32.670175 ], [ -117.245379, 32.670188 ], [ -117.245379, 32.670202 ], [ -117.245375, 32.670423 ], [ -117.245375, 32.670439 ], [ -117.245371, 32.670466 ], [ -117.245367, 32.67048 ], [ -117.245362, 32.670493 ], [ -117.245356, 32.670505 ], [ -117.245349, 32.670518 ], [ -117.245341, 32.67053 ], [ -117.245332, 32.670541 ], [ -117.245322, 32.670552 ], [ -117.245312, 32.670562 ], [ -117.245299, 32.670571 ], [ -117.245287, 32.67058 ], [ -117.245275, 32.670589 ], [ -117.245264, 32.670599 ], [ -117.245253, 32.670609 ], [ -117.245242, 32.67062 ], [ -117.245232, 32.67063 ], [ -117.245222, 32.670641 ], [ -117.245212, 32.670652 ], [ -117.245203, 32.670664 ], [ -117.245194, 32.670675 ], [ -117.245185, 32.670688 ], [ -117.245176, 32.6707 ], [ -117.245169, 32.670712 ], [ -117.245162, 32.670724 ], [ -117.245157, 32.670737 ], [ -117.245154, 32.670751 ], [ -117.245152, 32.670764 ], [ -117.245151, 32.670778 ], [ -117.245152, 32.670792 ], [ -117.245178, 32.671088 ], [ -117.245179, 32.671101 ], [ -117.245181, 32.671115 ], [ -117.245185, 32.671128 ], [ -117.245192, 32.67114 ], [ -117.245197, 32.67115 ], [ -117.245205, 32.671162 ], [ -117.245215, 32.671173 ], [ -117.245226, 32.671183 ], [ -117.245237, 32.671192 ], [ -117.24525, 32.671201 ], [ -117.245264, 32.671209 ], [ -117.245277, 32.671212 ], [ -117.245293, 32.671215 ], [ -117.245309, 32.671217 ], [ -117.245331, 32.67121 ], [ -117.245345, 32.671203 ], [ -117.245371, 32.671202 ], [ -117.245387, 32.671203 ], [ -117.245403, 32.671205 ], [ -117.245425, 32.671212 ], [ -117.245437, 32.671221 ], [ -117.245446, 32.671233 ], [ -117.245454, 32.671252 ], [ -117.245452, 32.671273 ], [ -117.24545, 32.671286 ], [ -117.245446, 32.6713 ], [ -117.24544, 32.671313 ], [ -117.245433, 32.671325 ], [ -117.245424, 32.671337 ], [ -117.245419, 32.671359 ], [ -117.245418, 32.671373 ], [ -117.245419, 32.671386 ], [ -117.245422, 32.6714 ], [ -117.245427, 32.671419 ], [ -117.245429, 32.671433 ], [ -117.245431, 32.671446 ], [ -117.245434, 32.671465 ], [ -117.245435, 32.671483 ], [ -117.245436, 32.671496 ], [ -117.245436, 32.67151 ], [ -117.245435, 32.671524 ], [ -117.245433, 32.671537 ], [ -117.24543, 32.671551 ], [ -117.245426, 32.67156 ], [ -117.24542, 32.671573 ], [ -117.245414, 32.671586 ], [ -117.24541, 32.671599 ], [ -117.245405, 32.671612 ], [ -117.245402, 32.671626 ], [ -117.245398, 32.67164 ], [ -117.245396, 32.671654 ], [ -117.245395, 32.671668 ], [ -117.245396, 32.671681 ], [ -117.245398, 32.671695 ], [ -117.245401, 32.671708 ], [ -117.245408, 32.671727 ], [ -117.245416, 32.671738 ], [ -117.245429, 32.671746 ], [ -117.24545, 32.671749 ], [ -117.245464, 32.671756 ], [ -117.245471, 32.671768 ], [ -117.245473, 32.671789 ], [ -117.245474, 32.671803 ], [ -117.245476, 32.671816 ], [ -117.245477, 32.67183 ], [ -117.245479, 32.671844 ], [ -117.245482, 32.671857 ], [ -117.245484, 32.671871 ], [ -117.245487, 32.671884 ], [ -117.245489, 32.671898 ], [ -117.245492, 32.671911 ], [ -117.245496, 32.671925 ], [ -117.245499, 32.671938 ], [ -117.245503, 32.671954 ], [ -117.245507, 32.671967 ], [ -117.245512, 32.67198 ], [ -117.24552, 32.671993 ], [ -117.245529, 32.672004 ], [ -117.245539, 32.672015 ], [ -117.245546, 32.672022 ], [ -117.24556, 32.67203 ], [ -117.245575, 32.672034 ], [ -117.245591, 32.672033 ], [ -117.245611, 32.672046 ], [ -117.245619, 32.672058 ], [ -117.245623, 32.672072 ], [ -117.245621, 32.672085 ], [ -117.245612, 32.672106 ], [ -117.245607, 32.672119 ], [ -117.245601, 32.672132 ], [ -117.245596, 32.672145 ], [ -117.245591, 32.672158 ], [ -117.245586, 32.672171 ], [ -117.245593, 32.672184 ], [ -117.245606, 32.672188 ], [ -117.24562, 32.672195 ], [ -117.245631, 32.672205 ], [ -117.245639, 32.672217 ], [ -117.245646, 32.672227 ], [ -117.245652, 32.672239 ], [ -117.245656, 32.672253 ], [ -117.245656, 32.672266 ], [ -117.245649, 32.672287 ], [ -117.245645, 32.6723 ], [ -117.24564, 32.672313 ], [ -117.245634, 32.672326 ], [ -117.245628, 32.672339 ], [ -117.245622, 32.672351 ], [ -117.245616, 32.672364 ], [ -117.245609, 32.672376 ], [ -117.245602, 32.672389 ], [ -117.245594, 32.672401 ], [ -117.245586, 32.672413 ], [ -117.245578, 32.672419 ], [ -117.245565, 32.672426 ], [ -117.24555, 32.672432 ], [ -117.245534, 32.672435 ], [ -117.245518, 32.672435 ], [ -117.245502, 32.672436 ], [ -117.245487, 32.672442 ], [ -117.245475, 32.672454 ], [ -117.245469, 32.672466 ], [ -117.245466, 32.67248 ], [ -117.245467, 32.672494 ], [ -117.24547, 32.672507 ], [ -117.245475, 32.672525 ], [ -117.245487, 32.672534 ], [ -117.245494, 32.672541 ], [ -117.245503, 32.672552 ], [ -117.245507, 32.672566 ], [ -117.245506, 32.672579 ], [ -117.2455, 32.672592 ], [ -117.2455, 32.672611 ], [ -117.245499, 32.672628 ], [ -117.245505, 32.672641 ], [ -117.245514, 32.672652 ], [ -117.245553, 32.672685 ], [ -117.245557, 32.672696 ], [ -117.245556, 32.672709 ], [ -117.245552, 32.672722 ], [ -117.245547, 32.672735 ], [ -117.245542, 32.672748 ], [ -117.245537, 32.672761 ], [ -117.245532, 32.672774 ], [ -117.245527, 32.672787 ], [ -117.245521, 32.6728 ], [ -117.245515, 32.672813 ], [ -117.245509, 32.672826 ], [ -117.245507, 32.672836 ], [ -117.245502, 32.672849 ], [ -117.245496, 32.672862 ], [ -117.245489, 32.672874 ], [ -117.245481, 32.672886 ], [ -117.245471, 32.672897 ], [ -117.245461, 32.672908 ], [ -117.245449, 32.672917 ], [ -117.245436, 32.672926 ], [ -117.245423, 32.672933 ], [ -117.245402, 32.672944 ], [ -117.245388, 32.672956 ], [ -117.245376, 32.672961 ], [ -117.245365, 32.67297 ], [ -117.245353, 32.67298 ], [ -117.245343, 32.67299 ], [ -117.245333, 32.673001 ], [ -117.245325, 32.673013 ], [ -117.245317, 32.673025 ], [ -117.245313, 32.673035 ], [ -117.245309, 32.673048 ], [ -117.245306, 32.673061 ], [ -117.245303, 32.673075 ], [ -117.245301, 32.673088 ], [ -117.245299, 32.673102 ], [ -117.245298, 32.673116 ], [ -117.245291, 32.67315 ], [ -117.245296, 32.673163 ], [ -117.245299, 32.673177 ], [ -117.245303, 32.67319 ], [ -117.245307, 32.673203 ], [ -117.245311, 32.673217 ], [ -117.245315, 32.67323 ], [ -117.245319, 32.673243 ], [ -117.245324, 32.673257 ], [ -117.245328, 32.67327 ], [ -117.245333, 32.673283 ], [ -117.245338, 32.673296 ], [ -117.245343, 32.673309 ], [ -117.245348, 32.673322 ], [ -117.245353, 32.673335 ], [ -117.245358, 32.673346 ], [ -117.245364, 32.673359 ], [ -117.245373, 32.673371 ], [ -117.245382, 32.673382 ], [ -117.245392, 32.673393 ], [ -117.245403, 32.673403 ], [ -117.245415, 32.673412 ], [ -117.245438, 32.67342 ], [ -117.245453, 32.673416 ], [ -117.245464, 32.673406 ], [ -117.245482, 32.673395 ], [ -117.245494, 32.673386 ], [ -117.245505, 32.673376 ], [ -117.245516, 32.673365 ], [ -117.245525, 32.673354 ], [ -117.245533, 32.673342 ], [ -117.24554, 32.673329 ], [ -117.245546, 32.673317 ], [ -117.245551, 32.673303 ], [ -117.245557, 32.673295 ], [ -117.245567, 32.673303 ], [ -117.245648, 32.673583 ], [ -117.245649, 32.673594 ], [ -117.245651, 32.673608 ], [ -117.245652, 32.673622 ], [ -117.245652, 32.673635 ], [ -117.245652, 32.673649 ], [ -117.245652, 32.673668 ], [ -117.245651, 32.673681 ], [ -117.245649, 32.673695 ], [ -117.245647, 32.673709 ], [ -117.245644, 32.673722 ], [ -117.245641, 32.673736 ], [ -117.245637, 32.673749 ], [ -117.245633, 32.673762 ], [ -117.245628, 32.673776 ], [ -117.245623, 32.673789 ], [ -117.245618, 32.673801 ], [ -117.245612, 32.673814 ], [ -117.245606, 32.673822 ], [ -117.245599, 32.673834 ], [ -117.245591, 32.673846 ], [ -117.245583, 32.673858 ], [ -117.245575, 32.67387 ], [ -117.245568, 32.673882 ], [ -117.24556, 32.673894 ], [ -117.245548, 32.673914 ], [ -117.245537, 32.673931 ], [ -117.245529, 32.673943 ], [ -117.245522, 32.673955 ], [ -117.245514, 32.673967 ], [ -117.245506, 32.673979 ], [ -117.245499, 32.673992 ], [ -117.245491, 32.674004 ], [ -117.245484, 32.674016 ], [ -117.245476, 32.674025 ], [ -117.245467, 32.674036 ], [ -117.245459, 32.674048 ], [ -117.245452, 32.67406 ], [ -117.245446, 32.674073 ], [ -117.245441, 32.674086 ], [ -117.245436, 32.674099 ], [ -117.245433, 32.674113 ], [ -117.245431, 32.674126 ], [ -117.245426, 32.67415 ], [ -117.245428, 32.674165 ], [ -117.24543, 32.674178 ], [ -117.245436, 32.674191 ], [ -117.245443, 32.674203 ], [ -117.245456, 32.674217 ], [ -117.245467, 32.674227 ], [ -117.245481, 32.674234 ], [ -117.245496, 32.674238 ], [ -117.245519, 32.674235 ], [ -117.245534, 32.674229 ], [ -117.245547, 32.674221 ], [ -117.245558, 32.67421 ], [ -117.245565, 32.6742 ], [ -117.245573, 32.674188 ], [ -117.245579, 32.674176 ], [ -117.245585, 32.674163 ], [ -117.245589, 32.674149 ], [ -117.245592, 32.674136 ], [ -117.245604, 32.674124 ], [ -117.245616, 32.674114 ], [ -117.245628, 32.674105 ], [ -117.24564, 32.674096 ], [ -117.245665, 32.674078 ], [ -117.245678, 32.674069 ], [ -117.245693, 32.674062 ], [ -117.245708, 32.674057 ], [ -117.245724, 32.674054 ], [ -117.24574, 32.674052 ], [ -117.245756, 32.674052 ], [ -117.245772, 32.674054 ], [ -117.245788, 32.674058 ], [ -117.245803, 32.674063 ], [ -117.245822, 32.674073 ], [ -117.245835, 32.674081 ], [ -117.245848, 32.67409 ], [ -117.24586, 32.674099 ], [ -117.245872, 32.674108 ], [ -117.245884, 32.674118 ], [ -117.245895, 32.674128 ], [ -117.245907, 32.674136 ], [ -117.24592, 32.674145 ], [ -117.245933, 32.674152 ], [ -117.245947, 32.674159 ], [ -117.245962, 32.674166 ], [ -117.245976, 32.674171 ], [ -117.246022, 32.674185 ], [ -117.246064, 32.674198 ], [ -117.246079, 32.674202 ], [ -117.246095, 32.674207 ], [ -117.24611, 32.674212 ], [ -117.246124, 32.674219 ], [ -117.246138, 32.674226 ], [ -117.246151, 32.674234 ], [ -117.246164, 32.674242 ], [ -117.246176, 32.674251 ], [ -117.246188, 32.674261 ], [ -117.246198, 32.674271 ], [ -117.246208, 32.674282 ], [ -117.246373, 32.674462 ], [ -117.246419, 32.674521 ], [ -117.246604, 32.67482 ], [ -117.246609, 32.674828 ], [ -117.246616, 32.67484 ], [ -117.246623, 32.674852 ], [ -117.246629, 32.674865 ], [ -117.246636, 32.674877 ], [ -117.246642, 32.67489 ], [ -117.246649, 32.674903 ], [ -117.246655, 32.674916 ], [ -117.246661, 32.674928 ], [ -117.246666, 32.674941 ], [ -117.246672, 32.674954 ], [ -117.246677, 32.674967 ], [ -117.246683, 32.67498 ], [ -117.246688, 32.674993 ], [ -117.246693, 32.675006 ], [ -117.246697, 32.675019 ], [ -117.246702, 32.675033 ], [ -117.246706, 32.675046 ], [ -117.24671, 32.675059 ], [ -117.246714, 32.675072 ], [ -117.2468, 32.675385 ], [ -117.246819, 32.675452 ], [ -117.246849, 32.675568 ], [ -117.246866, 32.675629 ], [ -117.246891, 32.67572 ], [ -117.246896, 32.675742 ], [ -117.2469, 32.675755 ], [ -117.246907, 32.675782 ], [ -117.246911, 32.675795 ], [ -117.246915, 32.675809 ], [ -117.246923, 32.675835 ], [ -117.246928, 32.675849 ], [ -117.246932, 32.675862 ], [ -117.246942, 32.675888 ], [ -117.246951, 32.675914 ], [ -117.247189, 32.676536 ], [ -117.2472, 32.676554 ], [ -117.247204, 32.676568 ], [ -117.247206, 32.676581 ], [ -117.247205, 32.676595 ], [ -117.247202, 32.676609 ], [ -117.247197, 32.676621 ], [ -117.247192, 32.676634 ], [ -117.247179, 32.676659 ], [ -117.247172, 32.676672 ], [ -117.247146, 32.676707 ], [ -117.247115, 32.676738 ], [ -117.247101, 32.676748 ], [ -117.247053, 32.676781 ], [ -117.247017, 32.676808 ], [ -117.246986, 32.67684 ], [ -117.246977, 32.676851 ], [ -117.246954, 32.676888 ], [ -117.246938, 32.676927 ], [ -117.246931, 32.676954 ], [ -117.246928, 32.676981 ], [ -117.246926, 32.677009 ], [ -117.246924, 32.677036 ], [ -117.246922, 32.677077 ], [ -117.246921, 32.677118 ], [ -117.24692, 32.677146 ], [ -117.246919, 32.677208 ], [ -117.246921, 32.677221 ], [ -117.246924, 32.677235 ], [ -117.246929, 32.677248 ], [ -117.246944, 32.677272 ], [ -117.246953, 32.677283 ], [ -117.246977, 32.677302 ], [ -117.246994, 32.677312 ], [ -117.247023, 32.677323 ], [ -117.247039, 32.677326 ], [ -117.247072, 32.677328 ], [ -117.247105, 32.677325 ], [ -117.247121, 32.677325 ], [ -117.247153, 32.677329 ], [ -117.247169, 32.677334 ], [ -117.247204, 32.677352 ], [ -117.247233, 32.677364 ], [ -117.247263, 32.677376 ], [ -117.247293, 32.677386 ], [ -117.24734, 32.677397 ], [ -117.247372, 32.677404 ], [ -117.247388, 32.677406 ], [ -117.247411, 32.677416 ], [ -117.247439, 32.67743 ], [ -117.247452, 32.677438 ], [ -117.247465, 32.677446 ], [ -117.247477, 32.677455 ], [ -117.247489, 32.677465 ], [ -117.2475, 32.677475 ], [ -117.24751, 32.677486 ], [ -117.24752, 32.677496 ], [ -117.247529, 32.677508 ], [ -117.247546, 32.677532 ], [ -117.247553, 32.677544 ], [ -117.247565, 32.677569 ], [ -117.247571, 32.677617 ], [ -117.247572, 32.677631 ], [ -117.247573, 32.677672 ], [ -117.247572, 32.677685 ], [ -117.247568, 32.67774 ], [ -117.247561, 32.677781 ], [ -117.247556, 32.677806 ], [ -117.247551, 32.677833 ], [ -117.247544, 32.67786 ], [ -117.24754, 32.677874 ], [ -117.247528, 32.677913 ], [ -117.247519, 32.67794 ], [ -117.247509, 32.677966 ], [ -117.247498, 32.677992 ], [ -117.247486, 32.678017 ], [ -117.247473, 32.678043 ], [ -117.24746, 32.678068 ], [ -117.247457, 32.678077 ], [ -117.247454, 32.67809 ], [ -117.247454, 32.678104 ], [ -117.247457, 32.678117 ], [ -117.247462, 32.678127 ], [ -117.247471, 32.678139 ], [ -117.247481, 32.678149 ], [ -117.247494, 32.678158 ], [ -117.247517, 32.678164 ], [ -117.247532, 32.67817 ], [ -117.247546, 32.678177 ], [ -117.247559, 32.678185 ], [ -117.247572, 32.678204 ], [ -117.247578, 32.678216 ], [ -117.247583, 32.678229 ], [ -117.247587, 32.678243 ], [ -117.247589, 32.678256 ], [ -117.24759, 32.678285 ], [ -117.247591, 32.678298 ], [ -117.247594, 32.678312 ], [ -117.247598, 32.678325 ], [ -117.247603, 32.678338 ], [ -117.247609, 32.678351 ], [ -117.247626, 32.678376 ], [ -117.247646, 32.678398 ], [ -117.247658, 32.678407 ], [ -117.247684, 32.678424 ], [ -117.247698, 32.678431 ], [ -117.24773, 32.678442 ], [ -117.247746, 32.678445 ], [ -117.247777, 32.678451 ], [ -117.247809, 32.67846 ], [ -117.247824, 32.678465 ], [ -117.247839, 32.678471 ], [ -117.247867, 32.678484 ], [ -117.247894, 32.6785 ], [ -117.247906, 32.678509 ], [ -117.247929, 32.678528 ], [ -117.24794, 32.678538 ], [ -117.24795, 32.678549 ], [ -117.247968, 32.678572 ], [ -117.247983, 32.678597 ], [ -117.247989, 32.678609 ], [ -117.247994, 32.678622 ], [ -117.248003, 32.678649 ], [ -117.248073, 32.678867 ], [ -117.248082, 32.678893 ], [ -117.24809, 32.67892 ], [ -117.248098, 32.678946 ], [ -117.248105, 32.678973 ], [ -117.248111, 32.679 ], [ -117.248116, 32.679027 ], [ -117.248121, 32.679055 ], [ -117.248124, 32.679089 ], [ -117.248125, 32.679117 ], [ -117.248124, 32.679158 ], [ -117.248121, 32.679199 ], [ -117.248118, 32.679226 ], [ -117.248113, 32.679254 ], [ -117.248108, 32.679281 ], [ -117.248101, 32.679308 ], [ -117.248095, 32.679325 ], [ -117.248092, 32.679339 ], [ -117.24809, 32.679353 ], [ -117.248089, 32.679366 ], [ -117.248089, 32.67938 ], [ -117.24809, 32.679394 ], [ -117.248095, 32.679421 ], [ -117.248111, 32.679462 ], [ -117.248128, 32.679501 ], [ -117.24814, 32.679527 ], [ -117.248164, 32.679578 ], [ -117.248183, 32.679616 ], [ -117.24819, 32.67963 ], [ -117.24821, 32.679654 ], [ -117.248229, 32.679676 ], [ -117.248249, 32.679697 ], [ -117.248271, 32.679718 ], [ -117.248293, 32.679738 ], [ -117.248317, 32.679757 ], [ -117.248341, 32.679775 ], [ -117.248367, 32.679792 ], [ -117.248391, 32.679802 ], [ -117.248405, 32.679809 ], [ -117.248419, 32.679816 ], [ -117.248446, 32.679832 ], [ -117.248458, 32.679841 ], [ -117.248482, 32.67986 ], [ -117.248503, 32.67988 ], [ -117.248531, 32.679914 ], [ -117.248541, 32.679938 ], [ -117.248552, 32.679964 ], [ -117.248562, 32.67999 ], [ -117.248571, 32.680016 ], [ -117.24858, 32.680043 ], [ -117.248587, 32.680069 ], [ -117.248594, 32.680096 ], [ -117.248597, 32.68011 ], [ -117.248603, 32.680137 ], [ -117.248607, 32.680164 ], [ -117.248611, 32.680191 ], [ -117.248614, 32.680219 ], [ -117.248615, 32.680232 ], [ -117.248614, 32.680255 ], [ -117.248613, 32.680282 ], [ -117.248613, 32.68031 ], [ -117.248615, 32.680337 ], [ -117.248619, 32.680372 ], [ -117.248625, 32.680399 ], [ -117.248634, 32.680425 ], [ -117.248647, 32.68045 ], [ -117.248655, 32.680462 ], [ -117.248664, 32.680474 ], [ -117.248673, 32.680495 ], [ -117.24868, 32.680507 ], [ -117.248681, 32.680534 ], [ -117.24868, 32.680548 ], [ -117.248679, 32.680562 ], [ -117.248678, 32.680577 ], [ -117.248674, 32.68059 ], [ -117.248664, 32.680616 ], [ -117.248651, 32.680641 ], [ -117.248644, 32.680654 ], [ -117.248627, 32.680677 ], [ -117.248608, 32.680699 ], [ -117.248586, 32.68072 ], [ -117.248563, 32.680739 ], [ -117.24855, 32.680747 ], [ -117.248537, 32.680755 ], [ -117.248522, 32.680761 ], [ -117.248509, 32.68077 ], [ -117.248499, 32.68078 ], [ -117.248491, 32.680792 ], [ -117.248487, 32.680805 ], [ -117.248486, 32.680819 ], [ -117.248484, 32.680836 ], [ -117.248479, 32.680863 ], [ -117.248469, 32.680889 ], [ -117.248463, 32.680902 ], [ -117.248447, 32.680926 ], [ -117.248438, 32.680938 ], [ -117.248419, 32.680953 ], [ -117.248384, 32.680982 ], [ -117.248361, 32.681002 ], [ -117.248327, 32.681031 ], [ -117.248304, 32.681051 ], [ -117.248271, 32.681081 ], [ -117.248238, 32.681111 ], [ -117.248216, 32.681132 ], [ -117.24821, 32.68114 ], [ -117.248207, 32.681153 ], [ -117.248209, 32.681167 ], [ -117.248219, 32.68118 ], [ -117.24823, 32.68119 ], [ -117.248243, 32.681199 ], [ -117.248271, 32.681212 ], [ -117.248302, 32.681222 ], [ -117.248692, 32.681213 ], [ -117.24871, 32.681212 ], [ -117.248726, 32.681212 ], [ -117.248758, 32.681218 ], [ -117.248787, 32.681229 ], [ -117.248801, 32.681237 ], [ -117.248824, 32.681256 ], [ -117.248842, 32.681279 ], [ -117.248848, 32.681292 ], [ -117.248854, 32.681327 ], [ -117.248857, 32.681355 ], [ -117.248859, 32.681386 ], [ -117.24886, 32.681414 ], [ -117.248861, 32.681441 ], [ -117.248861, 32.681469 ], [ -117.248861, 32.681482 ], [ -117.24886, 32.68151 ], [ -117.248859, 32.681551 ], [ -117.248857, 32.681578 ], [ -117.248856, 32.681592 ], [ -117.248852, 32.681633 ], [ -117.248848, 32.681674 ], [ -117.248844, 32.681702 ], [ -117.24884, 32.681729 ], [ -117.248829, 32.681777 ], [ -117.248824, 32.68179 ], [ -117.248819, 32.681803 ], [ -117.248813, 32.681816 ], [ -117.248789, 32.681852 ], [ -117.24877, 32.681874 ], [ -117.248748, 32.681895 ], [ -117.248724, 32.681913 ], [ -117.248711, 32.681921 ], [ -117.248697, 32.681929 ], [ -117.248684, 32.681936 ], [ -117.248376, 32.682054 ], [ -117.248348, 32.682066 ], [ -117.248335, 32.682075 ], [ -117.248324, 32.682084 ], [ -117.248315, 32.682096 ], [ -117.248311, 32.682107 ], [ -117.248307, 32.682121 ], [ -117.248305, 32.682134 ], [ -117.248305, 32.682148 ], [ -117.248306, 32.682162 ], [ -117.248309, 32.682175 ], [ -117.248309, 32.682189 ], [ -117.24831, 32.682216 ], [ -117.248311, 32.68223 ], [ -117.248313, 32.682244 ], [ -117.248317, 32.682271 ], [ -117.248324, 32.682298 ], [ -117.248336, 32.682338 ], [ -117.248341, 32.682351 ], [ -117.248352, 32.682377 ], [ -117.248358, 32.682389 ], [ -117.248372, 32.682414 ], [ -117.248387, 32.682439 ], [ -117.248401, 32.682464 ], [ -117.248409, 32.682476 ], [ -117.248418, 32.682487 ], [ -117.24844, 32.682508 ], [ -117.248453, 32.682516 ], [ -117.248466, 32.682525 ], [ -117.248494, 32.682538 ], [ -117.248509, 32.682543 ], [ -117.248547, 32.682554 ], [ -117.24856, 32.682561 ], [ -117.248571, 32.682572 ], [ -117.248579, 32.682584 ], [ -117.248596, 32.682608 ], [ -117.248611, 32.682632 ], [ -117.248626, 32.682656 ], [ -117.248634, 32.682668 ], [ -117.248655, 32.682706 ], [ -117.248674, 32.682743 ], [ -117.248686, 32.682769 ], [ -117.248703, 32.68279 ], [ -117.248721, 32.682812 ], [ -117.248741, 32.682834 ], [ -117.248761, 32.682855 ], [ -117.248783, 32.682876 ], [ -117.248816, 32.682906 ], [ -117.248839, 32.682926 ], [ -117.248867, 32.682944 ], [ -117.248882, 32.68295 ], [ -117.248897, 32.682954 ], [ -117.248913, 32.682956 ], [ -117.24893, 32.682957 ], [ -117.248962, 32.682952 ], [ -117.248977, 32.682946 ], [ -117.248991, 32.68294 ], [ -117.249175, 32.682856 ], [ -117.24919, 32.682844 ], [ -117.249198, 32.682833 ], [ -117.249204, 32.682819 ], [ -117.249203, 32.682792 ], [ -117.249206, 32.682764 ], [ -117.249211, 32.682741 ], [ -117.249215, 32.682728 ], [ -117.249222, 32.682715 ], [ -117.249232, 32.682705 ], [ -117.249258, 32.682685 ], [ -117.249273, 32.682679 ], [ -117.249305, 32.682675 ], [ -117.249321, 32.682678 ], [ -117.249335, 32.682684 ], [ -117.249354, 32.682696 ], [ -117.249378, 32.682715 ], [ -117.249409, 32.682747 ], [ -117.249418, 32.682758 ], [ -117.249426, 32.68277 ], [ -117.249436, 32.682784 ], [ -117.249446, 32.682794 ], [ -117.249472, 32.682811 ], [ -117.249503, 32.68282 ], [ -117.249525, 32.682822 ], [ -117.249541, 32.682824 ], [ -117.249572, 32.682831 ], [ -117.24959, 32.682837 ], [ -117.249613, 32.682857 ], [ -117.24962, 32.682869 ], [ -117.249625, 32.682896 ], [ -117.249622, 32.68291 ], [ -117.249617, 32.682923 ], [ -117.249604, 32.682938 ], [ -117.249592, 32.682947 ], [ -117.249555, 32.682974 ], [ -117.249531, 32.682992 ], [ -117.249506, 32.68301 ], [ -117.249468, 32.683036 ], [ -117.249443, 32.683053 ], [ -117.24943, 32.683062 ], [ -117.249418, 32.68307 ], [ -117.249405, 32.683079 ], [ -117.249379, 32.683096 ], [ -117.249353, 32.683112 ], [ -117.249347, 32.683124 ], [ -117.249347, 32.683137 ], [ -117.249358, 32.683147 ], [ -117.24937, 32.683156 ], [ -117.249383, 32.683165 ], [ -117.249396, 32.683173 ], [ -117.249484, 32.683175 ], [ -117.249504, 32.683177 ], [ -117.24952, 32.683177 ], [ -117.24954, 32.683173 ], [ -117.249556, 32.68317 ], [ -117.249571, 32.683165 ], [ -117.249585, 32.683158 ], [ -117.249598, 32.683149 ], [ -117.249614, 32.683147 ], [ -117.249631, 32.683146 ], [ -117.249647, 32.683146 ], [ -117.249663, 32.683148 ], [ -117.249679, 32.683151 ], [ -117.249711, 32.68317 ], [ -117.249724, 32.683178 ], [ -117.249747, 32.683197 ], [ -117.249769, 32.683218 ], [ -117.249778, 32.683229 ], [ -117.249787, 32.683241 ], [ -117.249871, 32.683455 ], [ -117.249939, 32.683732 ], [ -117.249948, 32.68375 ], [ -117.249953, 32.683763 ], [ -117.249957, 32.683776 ], [ -117.249965, 32.683803 ], [ -117.249967, 32.683817 ], [ -117.24997, 32.683844 ], [ -117.249971, 32.683858 ], [ -117.24997, 32.683885 ], [ -117.249835, 32.684307 ], [ -117.249827, 32.684322 ], [ -117.249825, 32.684331 ], [ -117.249821, 32.684344 ], [ -117.249817, 32.684357 ], [ -117.249813, 32.684371 ], [ -117.249809, 32.684384 ], [ -117.249803, 32.684404 ], [ -117.249797, 32.68442 ], [ -117.249794, 32.684429 ], [ -117.249789, 32.684445 ], [ -117.249781, 32.684462 ], [ -117.249774, 32.684474 ], [ -117.249766, 32.684484 ], [ -117.249757, 32.684495 ], [ -117.249745, 32.684506 ], [ -117.249718, 32.684548 ], [ -117.249708, 32.684567 ], [ -117.249698, 32.684584 ], [ -117.249688, 32.684603 ], [ -117.249676, 32.684625 ], [ -117.249663, 32.684654 ], [ -117.249655, 32.684677 ], [ -117.249648, 32.684721 ], [ -117.249647, 32.684739 ], [ -117.249646, 32.684764 ], [ -117.249645, 32.68478 ], [ -117.249646, 32.684807 ], [ -117.249647, 32.684821 ], [ -117.249651, 32.684862 ], [ -117.249656, 32.684889 ], [ -117.249669, 32.684937 ], [ -117.249681, 32.684977 ], [ -117.24969, 32.685003 ], [ -117.249705, 32.685042 ], [ -117.249718, 32.68507 ], [ -117.249733, 32.685094 ], [ -117.249757, 32.68513 ], [ -117.249774, 32.685153 ], [ -117.249784, 32.685164 ], [ -117.249812, 32.685198 ], [ -117.24983, 32.68522 ], [ -117.249861, 32.685252 ], [ -117.249884, 32.685272 ], [ -117.249908, 32.68529 ], [ -117.249993, 32.685339 ], [ -117.250002, 32.685348 ], [ -117.250012, 32.685359 ], [ -117.250022, 32.68537 ], [ -117.25003, 32.685381 ], [ -117.250039, 32.685393 ], [ -117.250046, 32.685405 ], [ -117.250053, 32.685418 ], [ -117.250059, 32.685431 ], [ -117.250064, 32.685443 ], [ -117.250069, 32.685457 ], [ -117.250074, 32.685474 ], [ -117.250075, 32.685489 ], [ -117.250074, 32.685501 ], [ -117.250073, 32.685511 ], [ -117.250069, 32.685531 ], [ -117.250065, 32.685546 ], [ -117.250063, 32.685559 ], [ -117.250057, 32.685593 ], [ -117.250054, 32.685619 ], [ -117.250053, 32.685637 ], [ -117.250051, 32.685652 ], [ -117.250055, 32.685663 ], [ -117.250057, 32.685691 ], [ -117.250063, 32.685719 ], [ -117.250074, 32.685759 ], [ -117.250084, 32.685786 ], [ -117.250099, 32.685825 ], [ -117.250114, 32.685858 ], [ -117.250125, 32.685884 ], [ -117.250136, 32.68591 ], [ -117.250179, 32.68603 ], [ -117.250387, 32.686562 ], [ -117.250395, 32.686589 ], [ -117.250403, 32.686616 ], [ -117.250406, 32.686629 ], [ -117.250413, 32.686656 ], [ -117.250416, 32.68667 ], [ -117.250423, 32.68671 ], [ -117.25043, 32.686751 ], [ -117.25044, 32.686933 ], [ -117.250441, 32.68696 ], [ -117.25044, 32.686974 ], [ -117.250439, 32.686988 ], [ -117.250434, 32.687015 ], [ -117.250426, 32.687041 ], [ -117.250421, 32.687054 ], [ -117.250409, 32.687086 ], [ -117.250394, 32.687125 ], [ -117.250371, 32.687177 ], [ -117.250352, 32.687218 ], [ -117.250346, 32.687231 ], [ -117.250324, 32.687282 ], [ -117.250319, 32.687295 ], [ -117.250305, 32.687335 ], [ -117.250297, 32.687358 ], [ -117.250288, 32.687384 ], [ -117.250267, 32.687451 ], [ -117.250246, 32.687517 ], [ -117.250238, 32.687544 ], [ -117.250218, 32.68761 ], [ -117.25021, 32.687637 ], [ -117.250203, 32.687664 ], [ -117.250196, 32.687691 ], [ -117.250187, 32.687722 ], [ -117.250183, 32.687736 ], [ -117.25018, 32.687749 ], [ -117.250176, 32.687763 ], [ -117.250166, 32.687803 ], [ -117.25016, 32.68783 ], [ -117.250155, 32.687857 ], [ -117.250149, 32.687884 ], [ -117.250144, 32.687911 ], [ -117.25014, 32.687938 ], [ -117.250131, 32.687992 ], [ -117.250126, 32.688019 ], [ -117.25012, 32.68806 ], [ -117.250117, 32.688087 ], [ -117.250112, 32.688128 ], [ -117.250106, 32.688183 ], [ -117.250101, 32.688252 ], [ -117.2501, 32.688279 ], [ -117.250098, 32.68832 ], [ -117.250096, 32.688356 ], [ -117.250093, 32.688411 ], [ -117.250091, 32.688466 ], [ -117.25009, 32.688507 ], [ -117.25009, 32.688576 ], [ -117.25009, 32.688604 ], [ -117.250091, 32.688631 ], [ -117.250092, 32.688672 ], [ -117.250094, 32.688725 ], [ -117.250098, 32.688793 ], [ -117.2501, 32.688821 ], [ -117.250102, 32.688862 ], [ -117.250104, 32.688889 ], [ -117.250105, 32.688903 ], [ -117.250107, 32.688931 ], [ -117.250109, 32.688958 ], [ -117.250112, 32.688999 ], [ -117.250117, 32.689038 ], [ -117.250122, 32.689079 ], [ -117.250125, 32.689107 ], [ -117.250129, 32.689148 ], [ -117.250132, 32.689175 ], [ -117.250134, 32.689189 ], [ -117.250143, 32.689314 ], [ -117.250152, 32.689355 ], [ -117.250164, 32.689395 ], [ -117.250174, 32.689421 ], [ -117.250179, 32.689434 ], [ -117.250197, 32.689472 ], [ -117.25021, 32.689497 ], [ -117.250217, 32.68951 ], [ -117.250232, 32.689534 ], [ -117.250249, 32.689555 ], [ -117.25027, 32.689576 ], [ -117.250281, 32.689586 ], [ -117.250305, 32.689605 ], [ -117.250321, 32.689615 ], [ -117.25035, 32.689627 ], [ -117.250381, 32.689637 ], [ -117.250412, 32.689643 ], [ -117.250435, 32.689646 ], [ -117.250467, 32.689644 ], [ -117.250482, 32.68964 ], [ -117.250517, 32.689626 ], [ -117.250549, 32.689619 ], [ -117.250597, 32.689616 ], [ -117.250618, 32.689622 ], [ -117.250646, 32.689635 ], [ -117.250674, 32.689659 ], [ -117.250694, 32.68968 ], [ -117.250721, 32.689715 ], [ -117.250737, 32.689739 ], [ -117.250763, 32.689789 ], [ -117.250776, 32.689822 ], [ -117.250792, 32.689861 ], [ -117.250797, 32.689874 ], [ -117.250808, 32.6899 ], [ -117.250832, 32.689936 ], [ -117.250853, 32.689964 ], [ -117.250858, 32.689977 ], [ -117.250862, 32.689997 ], [ -117.25086, 32.690011 ], [ -117.250855, 32.690024 ], [ -117.25085, 32.690044 ], [ -117.250849, 32.690058 ], [ -117.25085, 32.690072 ], [ -117.250852, 32.690082 ], [ -117.250859, 32.690098 ], [ -117.250861, 32.690108 ], [ -117.250866, 32.690121 ], [ -117.250873, 32.690134 ], [ -117.250882, 32.690145 ], [ -117.250893, 32.690155 ], [ -117.250965, 32.690226 ], [ -117.251039, 32.690298 ], [ -117.25105, 32.690308 ], [ -117.251062, 32.690317 ], [ -117.251073, 32.690327 ], [ -117.251083, 32.690338 ], [ -117.251093, 32.690349 ], [ -117.251113, 32.690363 ], [ -117.251127, 32.69037 ], [ -117.251142, 32.690374 ], [ -117.25116, 32.690376 ], [ -117.251178, 32.690379 ], [ -117.251193, 32.690385 ], [ -117.251206, 32.690393 ], [ -117.251217, 32.690403 ], [ -117.251226, 32.690411 ], [ -117.251237, 32.690421 ], [ -117.251247, 32.690432 ], [ -117.251258, 32.690442 ], [ -117.251268, 32.690453 ], [ -117.251279, 32.690463 ], [ -117.251289, 32.690474 ], [ -117.251299, 32.690485 ], [ -117.251309, 32.690495 ], [ -117.251319, 32.690506 ], [ -117.251329, 32.690517 ], [ -117.251338, 32.690528 ], [ -117.251348, 32.69054 ], [ -117.251357, 32.690551 ], [ -117.251367, 32.690562 ], [ -117.251376, 32.690573 ], [ -117.251385, 32.690585 ], [ -117.251394, 32.690596 ], [ -117.251402, 32.690608 ], [ -117.251411, 32.69062 ], [ -117.25142, 32.690631 ], [ -117.251428, 32.690643 ], [ -117.251504, 32.690758 ], [ -117.251762, 32.69113 ], [ -117.251786, 32.691157 ], [ -117.251803, 32.69118 ], [ -117.251818, 32.691199 ], [ -117.25185, 32.69123 ], [ -117.251885, 32.691259 ], [ -117.25191, 32.691276 ], [ -117.251948, 32.6913 ], [ -117.251976, 32.691315 ], [ -117.252004, 32.691328 ], [ -117.252034, 32.691339 ], [ -117.252125, 32.69136 ], [ -117.252158, 32.691366 ], [ -117.252194, 32.691371 ], [ -117.252225, 32.69138 ], [ -117.25224, 32.691385 ], [ -117.252268, 32.691399 ], [ -117.252295, 32.691415 ], [ -117.252318, 32.691433 ], [ -117.252329, 32.691444 ], [ -117.252349, 32.691466 ], [ -117.252357, 32.691477 ], [ -117.252371, 32.691502 ], [ -117.252377, 32.691518 ], [ -117.252411, 32.691594 ], [ -117.252434, 32.691652 ], [ -117.252574, 32.691931 ], [ -117.252591, 32.691965 ], [ -117.252606, 32.691989 ], [ -117.252629, 32.692026 ], [ -117.252643, 32.692045 ], [ -117.252653, 32.692056 ], [ -117.252663, 32.692066 ], [ -117.252674, 32.692076 ], [ -117.252699, 32.692094 ], [ -117.252725, 32.69211 ], [ -117.252739, 32.692118 ], [ -117.252768, 32.69213 ], [ -117.252795, 32.692138 ], [ -117.252827, 32.692143 ], [ -117.252843, 32.692144 ], [ -117.252875, 32.692144 ], [ -117.252891, 32.692143 ], [ -117.25295, 32.69214 ], [ -117.253002, 32.692137 ], [ -117.253069, 32.692131 ], [ -117.253083, 32.692138 ], [ -117.253091, 32.69215 ], [ -117.253089, 32.692169 ], [ -117.253087, 32.692182 ], [ -117.253083, 32.692196 ], [ -117.253071, 32.692221 ], [ -117.253057, 32.692242 ], [ -117.253044, 32.692253 ], [ -117.253021, 32.692275 ], [ -117.252999, 32.692295 ], [ -117.252973, 32.69232 ], [ -117.252963, 32.692331 ], [ -117.252953, 32.692342 ], [ -117.252935, 32.692364 ], [ -117.252926, 32.692376 ], [ -117.252915, 32.692391 ], [ -117.252908, 32.692403 ], [ -117.252902, 32.692416 ], [ -117.252896, 32.692429 ], [ -117.25289, 32.692442 ], [ -117.252885, 32.692455 ], [ -117.252876, 32.692482 ], [ -117.252874, 32.692495 ], [ -117.252875, 32.692509 ], [ -117.252879, 32.692522 ], [ -117.252884, 32.692535 ], [ -117.252893, 32.692547 ], [ -117.252914, 32.69256 ], [ -117.252938, 32.692569 ], [ -117.252951, 32.692568 ], [ -117.252968, 32.692566 ], [ -117.252989, 32.692562 ], [ -117.253005, 32.69256 ], [ -117.25302, 32.692565 ], [ -117.253029, 32.692572 ], [ -117.253039, 32.692583 ], [ -117.253046, 32.692596 ], [ -117.25305, 32.692613 ], [ -117.25305, 32.692627 ], [ -117.253047, 32.692654 ], [ -117.253045, 32.692668 ], [ -117.253041, 32.692681 ], [ -117.253037, 32.692695 ], [ -117.253031, 32.692708 ], [ -117.253025, 32.69272 ], [ -117.253017, 32.692734 ], [ -117.253008, 32.692746 ], [ -117.253, 32.692757 ], [ -117.252992, 32.692769 ], [ -117.252984, 32.692781 ], [ -117.252976, 32.692795 ], [ -117.252968, 32.692809 ], [ -117.25296, 32.692821 ], [ -117.252953, 32.692833 ], [ -117.252947, 32.692846 ], [ -117.25294, 32.692858 ], [ -117.252934, 32.692871 ], [ -117.252928, 32.692884 ], [ -117.252922, 32.692897 ], [ -117.252917, 32.69291 ], [ -117.252912, 32.692923 ], [ -117.252907, 32.692936 ], [ -117.252903, 32.692949 ], [ -117.252898, 32.692962 ], [ -117.252894, 32.692976 ], [ -117.252892, 32.692988 ], [ -117.252889, 32.693001 ], [ -117.252887, 32.693015 ], [ -117.252885, 32.693028 ], [ -117.252883, 32.693042 ], [ -117.252883, 32.693056 ], [ -117.252882, 32.69307 ], [ -117.252882, 32.693083 ], [ -117.252883, 32.693097 ], [ -117.252884, 32.693111 ], [ -117.252885, 32.693124 ], [ -117.252887, 32.693138 ], [ -117.25289, 32.693152 ], [ -117.252892, 32.693166 ], [ -117.252893, 32.693179 ], [ -117.252895, 32.693193 ], [ -117.252896, 32.693207 ], [ -117.252898, 32.69322 ], [ -117.2529, 32.693234 ], [ -117.252901, 32.693248 ], [ -117.252903, 32.693262 ], [ -117.252905, 32.693281 ], [ -117.252906, 32.693295 ], [ -117.252906, 32.693309 ], [ -117.252906, 32.693323 ], [ -117.252905, 32.693336 ], [ -117.252904, 32.69335 ], [ -117.252903, 32.693364 ], [ -117.252901, 32.693377 ], [ -117.252899, 32.693391 ], [ -117.252896, 32.693404 ], [ -117.252893, 32.693414 ], [ -117.25289, 32.693427 ], [ -117.252886, 32.693441 ], [ -117.252882, 32.693454 ], [ -117.252877, 32.693467 ], [ -117.252873, 32.69348 ], [ -117.252868, 32.693493 ], [ -117.252862, 32.693506 ], [ -117.252857, 32.693519 ], [ -117.252851, 32.693532 ], [ -117.252845, 32.693547 ], [ -117.252839, 32.693561 ], [ -117.252835, 32.693574 ], [ -117.252831, 32.693587 ], [ -117.252828, 32.693601 ], [ -117.252825, 32.693614 ], [ -117.252823, 32.693628 ], [ -117.252824, 32.693648 ], [ -117.252821, 32.69367 ], [ -117.25282, 32.693686 ], [ -117.25282, 32.693699 ], [ -117.252819, 32.693713 ], [ -117.252818, 32.693727 ], [ -117.252818, 32.69374 ], [ -117.252817, 32.693754 ], [ -117.252816, 32.693768 ], [ -117.252816, 32.693782 ], [ -117.252815, 32.693796 ], [ -117.252817, 32.693809 ], [ -117.252819, 32.693823 ], [ -117.252825, 32.693841 ], [ -117.25283, 32.693854 ], [ -117.252837, 32.693866 ], [ -117.252846, 32.693878 ], [ -117.252856, 32.693889 ], [ -117.252901, 32.693941 ], [ -117.252911, 32.693955 ], [ -117.252919, 32.693967 ], [ -117.252927, 32.693979 ], [ -117.252936, 32.69399 ], [ -117.252944, 32.694002 ], [ -117.252952, 32.694014 ], [ -117.25296, 32.694026 ], [ -117.252968, 32.694038 ], [ -117.252976, 32.69405 ], [ -117.252984, 32.694062 ], [ -117.252991, 32.694074 ], [ -117.253008, 32.694113 ], [ -117.253025, 32.694148 ], [ -117.253038, 32.694178 ], [ -117.253051, 32.694203 ], [ -117.253065, 32.694228 ], [ -117.253088, 32.694269 ], [ -117.253227, 32.694474 ], [ -117.253239, 32.694494 ], [ -117.253247, 32.694506 ], [ -117.253256, 32.694517 ], [ -117.253291, 32.694551 ], [ -117.253305, 32.694561 ], [ -117.253319, 32.694568 ], [ -117.253333, 32.694575 ], [ -117.253348, 32.69458 ], [ -117.253377, 32.694582 ], [ -117.25341, 32.694585 ], [ -117.253436, 32.694584 ], [ -117.253452, 32.694582 ], [ -117.253466, 32.694579 ], [ -117.253482, 32.69458 ], [ -117.253499, 32.694584 ], [ -117.253514, 32.69459 ], [ -117.253526, 32.6946 ], [ -117.253534, 32.694611 ], [ -117.25354, 32.69462 ], [ -117.25355, 32.69463 ], [ -117.253563, 32.694639 ], [ -117.253574, 32.694645 ], [ -117.253587, 32.694653 ], [ -117.253601, 32.69466 ], [ -117.253615, 32.694667 ], [ -117.253629, 32.694674 ], [ -117.253652, 32.694682 ], [ -117.253668, 32.694685 ], [ -117.253684, 32.694687 ], [ -117.253702, 32.694687 ], [ -117.253718, 32.694687 ], [ -117.253734, 32.694686 ], [ -117.25375, 32.694684 ], [ -117.253766, 32.694682 ], [ -117.253782, 32.694679 ], [ -117.253798, 32.694675 ], [ -117.253823, 32.694669 ], [ -117.253837, 32.694662 ], [ -117.253849, 32.694653 ], [ -117.253859, 32.694641 ], [ -117.253867, 32.694629 ], [ -117.253876, 32.694618 ], [ -117.253888, 32.694608 ], [ -117.253897, 32.694602 ], [ -117.253911, 32.694595 ], [ -117.253927, 32.694592 ], [ -117.253943, 32.694592 ], [ -117.253961, 32.694599 ], [ -117.253973, 32.694609 ], [ -117.25398, 32.694623 ], [ -117.253985, 32.694636 ], [ -117.253989, 32.694649 ], [ -117.253992, 32.694663 ], [ -117.253993, 32.694677 ], [ -117.253995, 32.69469 ], [ -117.254007, 32.694734 ], [ -117.254017, 32.69476 ], [ -117.25403, 32.6948 ], [ -117.254029, 32.694821 ], [ -117.254021, 32.694833 ], [ -117.253998, 32.694846 ], [ -117.253984, 32.694853 ], [ -117.253969, 32.694858 ], [ -117.253936, 32.694864 ], [ -117.253922, 32.69487 ], [ -117.253909, 32.694879 ], [ -117.253893, 32.694893 ], [ -117.253884, 32.694905 ], [ -117.253877, 32.694931 ], [ -117.25388, 32.694945 ], [ -117.253887, 32.694959 ], [ -117.253897, 32.69497 ], [ -117.253909, 32.694979 ], [ -117.253961, 32.695017 ], [ -117.253976, 32.695032 ], [ -117.253979, 32.695045 ], [ -117.25397, 32.695068 ], [ -117.253957, 32.695093 ], [ -117.253951, 32.695106 ], [ -117.253938, 32.695131 ], [ -117.253924, 32.695156 ], [ -117.253918, 32.695169 ], [ -117.253904, 32.695194 ], [ -117.253896, 32.695215 ], [ -117.253892, 32.695229 ], [ -117.253887, 32.695242 ], [ -117.253881, 32.695269 ], [ -117.253878, 32.695282 ], [ -117.253873, 32.69531 ], [ -117.253872, 32.695323 ], [ -117.25387, 32.695351 ], [ -117.25387, 32.695364 ], [ -117.253871, 32.695392 ], [ -117.253873, 32.695428 ], [ -117.253874, 32.695441 ], [ -117.253876, 32.695469 ], [ -117.253878, 32.695496 ], [ -117.253879, 32.695514 ], [ -117.253882, 32.695527 ], [ -117.253887, 32.695554 ], [ -117.253889, 32.695568 ], [ -117.253894, 32.695609 ], [ -117.253895, 32.695623 ], [ -117.253899, 32.695664 ], [ -117.2539, 32.695678 ], [ -117.253901, 32.695695 ], [ -117.253903, 32.695708 ], [ -117.253909, 32.695735 ], [ -117.253915, 32.695762 ], [ -117.253918, 32.695776 ], [ -117.253922, 32.695789 ], [ -117.253929, 32.695816 ], [ -117.253934, 32.695834 ], [ -117.253937, 32.695843 ], [ -117.253947, 32.695874 ], [ -117.253979, 32.695981 ], [ -117.254012, 32.696101 ], [ -117.254027, 32.696152 ], [ -117.254046, 32.696235 ], [ -117.254057, 32.696302 ], [ -117.254053, 32.696313 ], [ -117.254044, 32.696339 ], [ -117.254037, 32.696352 ], [ -117.254028, 32.696363 ], [ -117.254006, 32.696383 ], [ -117.25399, 32.696404 ], [ -117.253984, 32.696417 ], [ -117.253984, 32.696432 ], [ -117.253989, 32.696443 ], [ -117.254, 32.696457 ], [ -117.254013, 32.696466 ], [ -117.254027, 32.696473 ], [ -117.254054, 32.696488 ], [ -117.254077, 32.696502 ], [ -117.254116, 32.696527 ], [ -117.254141, 32.696544 ], [ -117.254171, 32.696568 ], [ -117.254189, 32.696591 ], [ -117.254208, 32.696632 ], [ -117.254215, 32.696664 ], [ -117.254214, 32.696678 ], [ -117.254207, 32.696702 ], [ -117.254191, 32.696741 ], [ -117.254179, 32.69678 ], [ -117.254165, 32.69682 ], [ -117.254143, 32.696872 ], [ -117.254131, 32.696897 ], [ -117.254118, 32.696922 ], [ -117.254104, 32.696947 ], [ -117.254095, 32.696961 ], [ -117.254076, 32.696983 ], [ -117.254057, 32.697006 ], [ -117.254024, 32.697051 ], [ -117.254004, 32.697089 ], [ -117.253995, 32.697115 ], [ -117.253991, 32.697129 ], [ -117.253986, 32.697156 ], [ -117.253984, 32.697179 ], [ -117.253989, 32.697203 ], [ -117.253996, 32.697219 ], [ -117.254012, 32.697238 ], [ -117.254035, 32.697257 ], [ -117.254061, 32.697272 ], [ -117.25409, 32.697285 ], [ -117.254116, 32.697294 ], [ -117.254135, 32.697299 ], [ -117.254163, 32.697305 ], [ -117.254183, 32.697307 ], [ -117.254199, 32.697309 ], [ -117.254211, 32.697318 ], [ -117.254212, 32.697338 ], [ -117.254151, 32.697446 ], [ -117.254225, 32.697479 ], [ -117.254301, 32.697566 ], [ -117.254309, 32.697639 ], [ -117.254378, 32.69768 ], [ -117.254449, 32.697763 ], [ -117.254461, 32.697793 ], [ -117.254466, 32.697809 ], [ -117.254475, 32.697832 ], [ -117.254479, 32.697845 ], [ -117.254484, 32.697862 ], [ -117.254492, 32.697888 ], [ -117.254502, 32.697943 ], [ -117.254512, 32.698001 ], [ -117.254521, 32.698048 ], [ -117.254527, 32.698075 ], [ -117.254533, 32.698102 ], [ -117.254538, 32.698122 ], [ -117.254544, 32.69815 ], [ -117.25455, 32.698177 ], [ -117.254554, 32.698198 ], [ -117.254561, 32.698235 ], [ -117.254568, 32.698272 ], [ -117.254574, 32.698298 ], [ -117.254577, 32.698314 ], [ -117.254568, 32.69834 ], [ -117.254567, 32.698353 ], [ -117.254561, 32.69838 ], [ -117.254555, 32.698393 ], [ -117.254547, 32.698427 ], [ -117.254543, 32.698444 ], [ -117.254541, 32.698457 ], [ -117.254544, 32.698468 ], [ -117.254555, 32.698507 ], [ -117.254563, 32.69853 ], [ -117.254569, 32.698547 ], [ -117.254579, 32.698573 ], [ -117.254588, 32.698596 ], [ -117.2546, 32.698622 ], [ -117.254618, 32.69866 ], [ -117.254631, 32.698685 ], [ -117.254639, 32.698701 ], [ -117.254654, 32.698721 ], [ -117.254672, 32.698744 ], [ -117.254693, 32.698765 ], [ -117.254707, 32.698778 ], [ -117.254719, 32.698787 ], [ -117.254753, 32.698811 ], [ -117.25478, 32.698826 ], [ -117.254813, 32.698841 ], [ -117.254839, 32.698852 ], [ -117.254867, 32.698866 ], [ -117.254896, 32.698878 ], [ -117.254926, 32.69889 ], [ -117.254952, 32.698899 ], [ -117.254971, 32.698905 ], [ -117.255029, 32.698921 ], [ -117.255048, 32.698924 ], [ -117.255095, 32.698935 ], [ -117.255111, 32.698937 ], [ -117.255128, 32.69894 ], [ -117.25516, 32.698941 ], [ -117.255176, 32.698944 ], [ -117.255205, 32.698944 ], [ -117.255219, 32.698945 ], [ -117.255245, 32.698954 ], [ -117.25527, 32.69897 ], [ -117.255293, 32.698988 ], [ -117.255325, 32.699019 ], [ -117.255346, 32.69904 ], [ -117.255373, 32.699074 ], [ -117.255381, 32.699086 ], [ -117.255407, 32.699119 ], [ -117.255417, 32.699129 ], [ -117.25544, 32.699149 ], [ -117.255465, 32.699166 ], [ -117.255493, 32.699187 ], [ -117.255501, 32.699202 ], [ -117.255505, 32.699219 ], [ -117.255482, 32.699304 ], [ -117.255462, 32.69937 ], [ -117.255438, 32.699436 ], [ -117.255348, 32.699519 ], [ -117.255294, 32.699545 ], [ -117.255267, 32.699561 ], [ -117.255239, 32.699594 ], [ -117.255197, 32.699641 ], [ -117.255154, 32.699699 ], [ -117.255101, 32.699797 ], [ -117.255096, 32.69981 ], [ -117.255096, 32.699876 ], [ -117.255099, 32.699904 ], [ -117.255105, 32.699935 ], [ -117.255134, 32.70001 ], [ -117.255162, 32.700095 ], [ -117.255182, 32.700133 ], [ -117.25521, 32.700171 ], [ -117.255235, 32.700196 ], [ -117.255265, 32.700262 ], [ -117.255286, 32.700318 ], [ -117.255295, 32.700353 ], [ -117.255297, 32.700364 ], [ -117.255304, 32.70046 ], [ -117.255309, 32.700544 ], [ -117.255324, 32.700625 ], [ -117.255332, 32.700666 ], [ -117.255344, 32.700778 ], [ -117.255348, 32.700839 ], [ -117.255351, 32.70085 ], [ -117.255347, 32.700861 ], [ -117.255345, 32.700902 ], [ -117.255339, 32.701012 ], [ -117.255336, 32.701043 ], [ -117.255327, 32.701097 ], [ -117.255312, 32.701166 ], [ -117.255306, 32.701207 ], [ -117.255304, 32.701251 ], [ -117.255307, 32.701307 ], [ -117.25531, 32.70132 ], [ -117.255305, 32.701331 ], [ -117.255295, 32.701385 ], [ -117.25527, 32.701507 ], [ -117.255248, 32.701589 ], [ -117.25521, 32.701723 ], [ -117.255188, 32.701791 ], [ -117.255184, 32.701846 ], [ -117.255186, 32.701862 ], [ -117.255177, 32.701919 ], [ -117.255155, 32.701989 ], [ -117.255128, 32.702042 ], [ -117.255122, 32.702083 ], [ -117.255124, 32.702112 ], [ -117.25512, 32.702153 ], [ -117.255106, 32.702207 ], [ -117.255094, 32.70223 ], [ -117.255087, 32.702257 ], [ -117.255087, 32.702284 ], [ -117.255106, 32.702366 ], [ -117.25511, 32.702407 ], [ -117.255109, 32.702462 ], [ -117.255124, 32.702495 ], [ -117.25514, 32.702519 ], [ -117.255182, 32.702572 ], [ -117.255197, 32.702596 ], [ -117.255216, 32.702634 ], [ -117.255235, 32.702686 ], [ -117.255259, 32.702733 ], [ -117.25527, 32.702758 ], [ -117.25528, 32.702785 ], [ -117.255285, 32.702798 ], [ -117.255292, 32.702824 ], [ -117.255299, 32.702851 ], [ -117.255302, 32.702865 ], [ -117.255306, 32.702892 ], [ -117.255308, 32.702906 ], [ -117.255309, 32.702919 ], [ -117.255339, 32.703255 ], [ -117.25544, 32.703259 ], [ -117.255447, 32.703325 ], [ -117.255415, 32.703383 ], [ -117.255412, 32.70343 ], [ -117.255552, 32.703418 ], [ -117.255601, 32.703459 ], [ -117.255586, 32.70358 ], [ -117.255571, 32.703603 ], [ -117.255563, 32.703615 ], [ -117.255549, 32.70364 ], [ -117.255542, 32.703652 ], [ -117.255524, 32.70369 ], [ -117.255514, 32.703716 ], [ -117.255509, 32.70373 ], [ -117.255501, 32.703756 ], [ -117.255502, 32.703775 ], [ -117.255503, 32.703789 ], [ -117.255504, 32.703817 ], [ -117.255505, 32.703844 ], [ -117.255506, 32.703872 ], [ -117.255512, 32.703946 ], [ -117.255515, 32.703959 ], [ -117.255522, 32.703986 ], [ -117.255526, 32.703999 ], [ -117.255536, 32.704025 ], [ -117.255538, 32.704035 ], [ -117.255543, 32.704062 ], [ -117.255545, 32.704075 ], [ -117.255549, 32.704103 ], [ -117.255553, 32.70413 ], [ -117.255555, 32.704144 ], [ -117.25556, 32.704185 ], [ -117.255561, 32.704198 ], [ -117.255565, 32.704239 ], [ -117.255567, 32.704264 ], [ -117.255569, 32.704305 ], [ -117.255571, 32.704333 ], [ -117.255572, 32.70436 ], [ -117.255572, 32.704374 ], [ -117.255573, 32.704415 ], [ -117.255573, 32.704443 ], [ -117.255573, 32.70447 ], [ -117.255573, 32.704484 ], [ -117.255572, 32.704512 ], [ -117.255571, 32.704539 ], [ -117.255568, 32.704594 ], [ -117.255568, 32.704608 ], [ -117.255568, 32.704635 ], [ -117.255567, 32.704677 ], [ -117.255567, 32.704704 ], [ -117.255567, 32.704732 ], [ -117.255567, 32.704759 ], [ -117.255567, 32.704786 ], [ -117.255568, 32.704814 ], [ -117.255568, 32.704841 ], [ -117.255568, 32.704869 ], [ -117.255569, 32.704896 ], [ -117.25557, 32.704938 ], [ -117.255571, 32.704965 ], [ -117.255571, 32.704993 ], [ -117.255572, 32.70502 ], [ -117.255573, 32.705048 ], [ -117.255575, 32.705089 ], [ -117.255577, 32.70513 ], [ -117.255578, 32.705157 ], [ -117.25558, 32.705185 ], [ -117.255582, 32.705237 ], [ -117.255581, 32.705265 ], [ -117.255579, 32.705306 ], [ -117.255579, 32.70532 ], [ -117.255577, 32.705375 ], [ -117.255575, 32.705416 ], [ -117.255575, 32.705443 ], [ -117.255574, 32.705485 ], [ -117.255573, 32.705526 ], [ -117.255572, 32.705581 ], [ -117.255571, 32.705636 ], [ -117.25557, 32.705677 ], [ -117.25557, 32.705718 ], [ -117.25557, 32.705759 ], [ -117.25557, 32.705801 ], [ -117.255561, 32.705838 ], [ -117.255554, 32.705865 ], [ -117.255545, 32.705906 ], [ -117.25554, 32.705933 ], [ -117.255535, 32.706009 ], [ -117.255534, 32.706023 ], [ -117.25553, 32.706064 ], [ -117.255527, 32.706091 ], [ -117.255525, 32.706105 ], [ -117.255521, 32.706146 ], [ -117.255516, 32.706187 ], [ -117.255506, 32.706269 ], [ -117.255501, 32.70631 ], [ -117.255495, 32.706351 ], [ -117.25549, 32.706414 ], [ -117.255493, 32.706441 ], [ -117.255496, 32.706455 ], [ -117.255511, 32.706494 ], [ -117.255526, 32.706519 ], [ -117.255535, 32.70653 ], [ -117.255544, 32.706542 ], [ -117.255559, 32.706566 ], [ -117.255572, 32.706591 ], [ -117.255577, 32.706604 ], [ -117.255585, 32.706631 ], [ -117.255588, 32.706644 ], [ -117.255594, 32.706683 ], [ -117.255596, 32.706702 ], [ -117.255597, 32.706757 ], [ -117.255594, 32.706798 ], [ -117.255589, 32.706839 ], [ -117.25558, 32.70688 ], [ -117.255569, 32.706916 ], [ -117.255555, 32.706962 ], [ -117.255549, 32.706989 ], [ -117.255542, 32.70703 ], [ -117.255539, 32.707057 ], [ -117.255537, 32.707098 ], [ -117.255537, 32.70714 ], [ -117.25554, 32.707167 ], [ -117.255543, 32.707194 ], [ -117.255549, 32.70722 ], [ -117.255556, 32.707261 ], [ -117.25556, 32.707302 ], [ -117.25556, 32.707357 ], [ -117.255556, 32.707398 ], [ -117.255549, 32.707439 ], [ -117.25554, 32.707489 ], [ -117.255538, 32.707503 ], [ -117.25553, 32.707544 ], [ -117.255521, 32.707584 ], [ -117.255514, 32.707611 ], [ -117.255507, 32.707638 ], [ -117.255491, 32.707691 ], [ -117.255478, 32.707731 ], [ -117.255472, 32.707753 ], [ -117.255466, 32.70778 ], [ -117.255456, 32.70782 ], [ -117.255447, 32.707861 ], [ -117.255432, 32.707928 ], [ -117.255421, 32.707983 ], [ -117.255406, 32.708051 ], [ -117.255393, 32.708097 ], [ -117.255386, 32.708131 ], [ -117.255373, 32.708199 ], [ -117.255369, 32.70824 ], [ -117.255366, 32.708279 ], [ -117.255364, 32.708309 ], [ -117.255364, 32.708353 ], [ -117.255359, 32.708408 ], [ -117.255355, 32.708435 ], [ -117.25535, 32.708463 ], [ -117.25534, 32.708503 ], [ -117.255326, 32.708549 ], [ -117.255316, 32.708589 ], [ -117.255308, 32.70863 ], [ -117.255298, 32.708684 ], [ -117.255293, 32.708725 ], [ -117.255289, 32.708752 ], [ -117.255287, 32.70878 ], [ -117.255285, 32.708807 ], [ -117.255282, 32.708848 ], [ -117.25528, 32.708887 ], [ -117.25528, 32.708929 ], [ -117.25528, 32.708956 ], [ -117.255281, 32.708984 ], [ -117.255283, 32.709011 ], [ -117.255286, 32.709052 ], [ -117.255289, 32.709079 ], [ -117.255295, 32.70912 ], [ -117.255303, 32.709161 ], [ -117.255305, 32.709175 ], [ -117.255311, 32.709202 ], [ -117.255318, 32.709229 ], [ -117.255325, 32.709255 ], [ -117.255334, 32.709287 ], [ -117.255347, 32.709327 ], [ -117.255351, 32.70934 ], [ -117.255367, 32.709394 ], [ -117.255379, 32.709434 ], [ -117.255386, 32.70946 ], [ -117.255397, 32.709501 ], [ -117.255408, 32.709541 ], [ -117.255418, 32.709581 ], [ -117.255425, 32.709624 ], [ -117.255433, 32.709665 ], [ -117.255443, 32.709705 ], [ -117.255458, 32.709759 ], [ -117.255467, 32.709785 ], [ -117.255487, 32.709837 ], [ -117.255498, 32.709863 ], [ -117.255511, 32.709888 ], [ -117.255517, 32.709901 ], [ -117.255523, 32.709914 ], [ -117.255537, 32.709939 ], [ -117.255559, 32.709976 ], [ -117.255576, 32.709998 ], [ -117.255585, 32.710009 ], [ -117.255621, 32.710055 ], [ -117.255647, 32.71009 ], [ -117.255664, 32.710113 ], [ -117.255681, 32.710137 ], [ -117.255698, 32.71016 ], [ -117.25573, 32.710208 ], [ -117.25575, 32.710243 ], [ -117.255774, 32.710294 ], [ -117.255787, 32.710327 ], [ -117.255799, 32.710352 ], [ -117.255828, 32.710416 ], [ -117.25585, 32.710468 ], [ -117.255866, 32.710507 ], [ -117.255875, 32.710533 ], [ -117.255916, 32.71065 ], [ -117.25593, 32.710689 ], [ -117.255945, 32.710729 ], [ -117.255955, 32.710755 ], [ -117.255966, 32.710781 ], [ -117.255971, 32.710794 ], [ -117.255988, 32.710832 ], [ -117.255998, 32.710867 ], [ -117.256004, 32.710894 ], [ -117.256012, 32.710934 ], [ -117.256015, 32.710962 ], [ -117.256018, 32.711003 ], [ -117.256018, 32.71103 ], [ -117.256018, 32.711044 ], [ -117.256016, 32.711071 ], [ -117.256015, 32.711085 ], [ -117.256014, 32.711099 ], [ -117.255957, 32.711264 ], [ -117.25595, 32.71129 ], [ -117.255946, 32.711318 ], [ -117.255946, 32.711331 ], [ -117.255948, 32.711359 ], [ -117.255951, 32.711372 ], [ -117.25596, 32.711399 ], [ -117.255972, 32.711424 ], [ -117.255988, 32.711448 ], [ -117.256009, 32.711463 ], [ -117.256021, 32.711472 ], [ -117.256032, 32.711482 ], [ -117.256055, 32.711501 ], [ -117.256076, 32.711522 ], [ -117.256087, 32.711533 ], [ -117.256102, 32.711551 ], [ -117.256111, 32.711562 ], [ -117.256128, 32.711586 ], [ -117.256136, 32.711598 ], [ -117.256158, 32.711634 ], [ -117.256172, 32.711659 ], [ -117.256184, 32.711685 ], [ -117.2562, 32.711724 ], [ -117.256213, 32.711763 ], [ -117.256221, 32.71179 ], [ -117.256227, 32.711817 ], [ -117.256232, 32.711836 ], [ -117.256235, 32.711849 ], [ -117.25624, 32.711877 ], [ -117.256244, 32.711918 ], [ -117.256244, 32.711931 ], [ -117.256244, 32.711945 ], [ -117.256241, 32.711972 ], [ -117.256237, 32.712 ], [ -117.256231, 32.712024 ], [ -117.256222, 32.712056 ], [ -117.256211, 32.712096 ], [ -117.256203, 32.712123 ], [ -117.256198, 32.712136 ], [ -117.256188, 32.712162 ], [ -117.256172, 32.712201 ], [ -117.256166, 32.712214 ], [ -117.256155, 32.712246 ], [ -117.256144, 32.712286 ], [ -117.256136, 32.712327 ], [ -117.256135, 32.71234 ], [ -117.256132, 32.712368 ], [ -117.256132, 32.712395 ], [ -117.256133, 32.712423 ], [ -117.256132, 32.712442 ], [ -117.256132, 32.712484 ], [ -117.256132, 32.712497 ], [ -117.256132, 32.712511 ], [ -117.256133, 32.712552 ], [ -117.256135, 32.712593 ], [ -117.256135, 32.712607 ], [ -117.256138, 32.712648 ], [ -117.256142, 32.712689 ], [ -117.256145, 32.712717 ], [ -117.256148, 32.712744 ], [ -117.256154, 32.712783 ], [ -117.256161, 32.712838 ], [ -117.256165, 32.712865 ], [ -117.256172, 32.712917 ], [ -117.256174, 32.712958 ], [ -117.256172, 32.712986 ], [ -117.256174, 32.713024 ], [ -117.256176, 32.713052 ], [ -117.256177, 32.713066 ], [ -117.256179, 32.713093 ], [ -117.256188, 32.713104 ], [ -117.256197, 32.713116 ], [ -117.25622, 32.713152 ], [ -117.25624, 32.713192 ], [ -117.256253, 32.713218 ], [ -117.256264, 32.713244 ], [ -117.256274, 32.71327 ], [ -117.256282, 32.713296 ], [ -117.256285, 32.71331 ], [ -117.256291, 32.713337 ], [ -117.256293, 32.713351 ], [ -117.256295, 32.713364 ], [ -117.256298, 32.713385 ], [ -117.256303, 32.713412 ], [ -117.256304, 32.713426 ], [ -117.256303, 32.713454 ], [ -117.256297, 32.713494 ], [ -117.256293, 32.713508 ], [ -117.256287, 32.713533 ], [ -117.256289, 32.713547 ], [ -117.256295, 32.713559 ], [ -117.256305, 32.71357 ], [ -117.25631, 32.713603 ], [ -117.256309, 32.71363 ], [ -117.256305, 32.713657 ], [ -117.25629, 32.713697 ], [ -117.256275, 32.713711 ], [ -117.256261, 32.713736 ], [ -117.256259, 32.713757 ], [ -117.256267, 32.713769 ], [ -117.256282, 32.713774 ], [ -117.2563, 32.713771 ], [ -117.256316, 32.713774 ], [ -117.256332, 32.713779 ], [ -117.256347, 32.713784 ], [ -117.256375, 32.714265 ], [ -117.256403, 32.714326 ], [ -117.256421, 32.714366 ], [ -117.256423, 32.714465 ], [ -117.256398, 32.714603 ], [ -117.256404, 32.714616 ], [ -117.256416, 32.714641 ], [ -117.256423, 32.714654 ], [ -117.256431, 32.714666 ], [ -117.25644, 32.714678 ], [ -117.256458, 32.7147 ], [ -117.256479, 32.714721 ], [ -117.256502, 32.714741 ], [ -117.256514, 32.71475 ], [ -117.256527, 32.714758 ], [ -117.25654, 32.714767 ], [ -117.256552, 32.714792 ], [ -117.25654, 32.714811 ], [ -117.256531, 32.714819 ], [ -117.256511, 32.714841 ], [ -117.256493, 32.714864 ], [ -117.256486, 32.714876 ], [ -117.256472, 32.714901 ], [ -117.256466, 32.714914 ], [ -117.256459, 32.714931 ], [ -117.256457, 32.714945 ], [ -117.256467, 32.714971 ], [ -117.256478, 32.714989 ], [ -117.256486, 32.715001 ], [ -117.256495, 32.715013 ], [ -117.256529, 32.715051 ], [ -117.256546, 32.715066 ], [ -117.256559, 32.715086 ], [ -117.25656, 32.715113 ], [ -117.256554, 32.715132 ], [ -117.256548, 32.715145 ], [ -117.256531, 32.715168 ], [ -117.256451, 32.71521 ], [ -117.25637, 32.715254 ], [ -117.256286, 32.715313 ], [ -117.256199, 32.715371 ], [ -117.256181, 32.715384 ], [ -117.256168, 32.715392 ], [ -117.256128, 32.715416 ], [ -117.256102, 32.71543 ], [ -117.256075, 32.715445 ], [ -117.256035, 32.71547 ], [ -117.256011, 32.715487 ], [ -117.255979, 32.71551 ], [ -117.255942, 32.715536 ], [ -117.255905, 32.715563 ], [ -117.255875, 32.715603 ], [ -117.255859, 32.715626 ], [ -117.255852, 32.715639 ], [ -117.255831, 32.715676 ], [ -117.255813, 32.715717 ], [ -117.255802, 32.715757 ], [ -117.255798, 32.715784 ], [ -117.255794, 32.715825 ], [ -117.255794, 32.715865 ], [ -117.255798, 32.715893 ], [ -117.25581, 32.715928 ], [ -117.255798, 32.715975 ], [ -117.255791, 32.716015 ], [ -117.255791, 32.716057 ], [ -117.255795, 32.716098 ], [ -117.2558, 32.716122 ], [ -117.255801, 32.716152 ], [ -117.255778, 32.716172 ], [ -117.255816, 32.716282 ], [ -117.255888, 32.716419 ], [ -117.255907, 32.716595 ], [ -117.256057, 32.717112 ], [ -117.256076, 32.717321 ], [ -117.25618, 32.717508 ], [ -117.256196, 32.71764 ], [ -117.256212, 32.717778 ], [ -117.256271, 32.718003 ], [ -117.256394, 32.718152 ], [ -117.256433, 32.718262 ], [ -117.256492, 32.718333 ], [ -117.256518, 32.718537 ], [ -117.256661, 32.718674 ], [ -117.25681, 32.718729 ], [ -117.256882, 32.718751 ], [ -117.257044, 32.718839 ], [ -117.256973, 32.7189 ], [ -117.256921, 32.719004 ], [ -117.256972, 32.719395 ], [ -117.257034, 32.719427 ], [ -117.257043, 32.719443 ], [ -117.257049, 32.719456 ], [ -117.257054, 32.719469 ], [ -117.257058, 32.719482 ], [ -117.257061, 32.719496 ], [ -117.257062, 32.719509 ], [ -117.257062, 32.719523 ], [ -117.257061, 32.719537 ], [ -117.257059, 32.71955 ], [ -117.25706, 32.719559 ], [ -117.257063, 32.719572 ], [ -117.257067, 32.719585 ], [ -117.257072, 32.719598 ], [ -117.25708, 32.719611 ], [ -117.257088, 32.719622 ], [ -117.257098, 32.719633 ], [ -117.25711, 32.719643 ], [ -117.257125, 32.719653 ], [ -117.257138, 32.719661 ], [ -117.257151, 32.71967 ], [ -117.257163, 32.719679 ], [ -117.257175, 32.719688 ], [ -117.257187, 32.719698 ], [ -117.257198, 32.719708 ], [ -117.257208, 32.719718 ], [ -117.257218, 32.719729 ], [ -117.257228, 32.71974 ], [ -117.257237, 32.719752 ], [ -117.257245, 32.719764 ], [ -117.257253, 32.719776 ], [ -117.25726, 32.719788 ], [ -117.257265, 32.7198 ], [ -117.257267, 32.719809 ], [ -117.257271, 32.719827 ], [ -117.257273, 32.719841 ], [ -117.257274, 32.719855 ], [ -117.257274, 32.719868 ], [ -117.257274, 32.719882 ], [ -117.257272, 32.719896 ], [ -117.25727, 32.719909 ], [ -117.257266, 32.719923 ], [ -117.257261, 32.719942 ], [ -117.257257, 32.719956 ], [ -117.257253, 32.719969 ], [ -117.257249, 32.719982 ], [ -117.257244, 32.719996 ], [ -117.257239, 32.720009 ], [ -117.25723, 32.720026 ], [ -117.257222, 32.720038 ], [ -117.257214, 32.72005 ], [ -117.257208, 32.720063 ], [ -117.257202, 32.720076 ], [ -117.257198, 32.720089 ], [ -117.257195, 32.720102 ], [ -117.257193, 32.720116 ], [ -117.257192, 32.72013 ], [ -117.257192, 32.720143 ], [ -117.257194, 32.720157 ], [ -117.257196, 32.720171 ], [ -117.2572, 32.720184 ], [ -117.257199, 32.720193 ], [ -117.257197, 32.720206 ], [ -117.257196, 32.72022 ], [ -117.257195, 32.720234 ], [ -117.257194, 32.720247 ], [ -117.257194, 32.720261 ], [ -117.257194, 32.720275 ], [ -117.257194, 32.720289 ], [ -117.257195, 32.720302 ], [ -117.257197, 32.72032 ], [ -117.2572, 32.720333 ], [ -117.257202, 32.720347 ], [ -117.257205, 32.72036 ], [ -117.257208, 32.720374 ], [ -117.257211, 32.720387 ], [ -117.257214, 32.720401 ], [ -117.257218, 32.720414 ], [ -117.257222, 32.720428 ], [ -117.257226, 32.720441 ], [ -117.25723, 32.720454 ], [ -117.257234, 32.720467 ], [ -117.257239, 32.720481 ], [ -117.257243, 32.720502 ], [ -117.257246, 32.720515 ], [ -117.257249, 32.720529 ], [ -117.257251, 32.720542 ], [ -117.257254, 32.720556 ], [ -117.257256, 32.72057 ], [ -117.257258, 32.720583 ], [ -117.25726, 32.720597 ], [ -117.257263, 32.72061 ], [ -117.257265, 32.720624 ], [ -117.257267, 32.720638 ], [ -117.257269, 32.720651 ], [ -117.25727, 32.720665 ], [ -117.257272, 32.720679 ], [ -117.257274, 32.720692 ], [ -117.257276, 32.720706 ], [ -117.257277, 32.72072 ], [ -117.257279, 32.720733 ], [ -117.25728, 32.720747 ], [ -117.257281, 32.720761 ], [ -117.257283, 32.720774 ], [ -117.257284, 32.720788 ], [ -117.257285, 32.720802 ], [ -117.257284, 32.720824 ], [ -117.257284, 32.720838 ], [ -117.257283, 32.720852 ], [ -117.257282, 32.720865 ], [ -117.257282, 32.720879 ], [ -117.257281, 32.720893 ], [ -117.25728, 32.720907 ], [ -117.257279, 32.72092 ], [ -117.257279, 32.720934 ], [ -117.257278, 32.720948 ], [ -117.257277, 32.720961 ], [ -117.257276, 32.720975 ], [ -117.257275, 32.720989 ], [ -117.257274, 32.721003 ], [ -117.257271, 32.721031 ], [ -117.25727, 32.721044 ], [ -117.257269, 32.721058 ], [ -117.257267, 32.721072 ], [ -117.257266, 32.721085 ], [ -117.257265, 32.721099 ], [ -117.257264, 32.721113 ], [ -117.257263, 32.721126 ], [ -117.257262, 32.72114 ], [ -117.257261, 32.721154 ], [ -117.25726, 32.721168 ], [ -117.257259, 32.721181 ], [ -117.257259, 32.721195 ], [ -117.257258, 32.721209 ], [ -117.257257, 32.721226 ], [ -117.257256, 32.721239 ], [ -117.257255, 32.721253 ], [ -117.257253, 32.721267 ], [ -117.257251, 32.72128 ], [ -117.257249, 32.721294 ], [ -117.257246, 32.721307 ], [ -117.257242, 32.721321 ], [ -117.257239, 32.721333 ], [ -117.257234, 32.721347 ], [ -117.25723, 32.721361 ], [ -117.257225, 32.721374 ], [ -117.25722, 32.721387 ], [ -117.257214, 32.7214 ], [ -117.257208, 32.721412 ], [ -117.257202, 32.721425 ], [ -117.257195, 32.721437 ], [ -117.257186, 32.721458 ], [ -117.25718, 32.721471 ], [ -117.257176, 32.721484 ], [ -117.257171, 32.721497 ], [ -117.257167, 32.72151 ], [ -117.257164, 32.721524 ], [ -117.257161, 32.721537 ], [ -117.257158, 32.721551 ], [ -117.257156, 32.721564 ], [ -117.257154, 32.721578 ], [ -117.257153, 32.721592 ], [ -117.257152, 32.721605 ], [ -117.257151, 32.721623 ], [ -117.257148, 32.721637 ], [ -117.257146, 32.72165 ], [ -117.257144, 32.721664 ], [ -117.257141, 32.721677 ], [ -117.257138, 32.721691 ], [ -117.257135, 32.721705 ], [ -117.257132, 32.721718 ], [ -117.257129, 32.721732 ], [ -117.257126, 32.721745 ], [ -117.257123, 32.721758 ], [ -117.257119, 32.721772 ], [ -117.257116, 32.721785 ], [ -117.257112, 32.721799 ], [ -117.257108, 32.721813 ], [ -117.257105, 32.721827 ], [ -117.257101, 32.721854 ], [ -117.2571, 32.721868 ], [ -117.257098, 32.721895 ], [ -117.257097, 32.721909 ], [ -117.257096, 32.721936 ], [ -117.257097, 32.72195 ], [ -117.257097, 32.721964 ], [ -117.257098, 32.721977 ], [ -117.257099, 32.721991 ], [ -117.2571, 32.722005 ], [ -117.257101, 32.722018 ], [ -117.257103, 32.722032 ], [ -117.257105, 32.722046 ], [ -117.257108, 32.722059 ], [ -117.257111, 32.722077 ], [ -117.257114, 32.72209 ], [ -117.257116, 32.722104 ], [ -117.257118, 32.722117 ], [ -117.25712, 32.722131 ], [ -117.257122, 32.722145 ], [ -117.257123, 32.722158 ], [ -117.257124, 32.722172 ], [ -117.257125, 32.722186 ], [ -117.257126, 32.722199 ], [ -117.257127, 32.722213 ], [ -117.257127, 32.722227 ], [ -117.257127, 32.722241 ], [ -117.257127, 32.722254 ], [ -117.257126, 32.722268 ], [ -117.257126, 32.722282 ], [ -117.257125, 32.722296 ], [ -117.257123, 32.722309 ], [ -117.257123, 32.722326 ], [ -117.257122, 32.72234 ], [ -117.257121, 32.722354 ], [ -117.25712, 32.722367 ], [ -117.25712, 32.722381 ], [ -117.257119, 32.722395 ], [ -117.257118, 32.722409 ], [ -117.257118, 32.722422 ], [ -117.257117, 32.722436 ], [ -117.257117, 32.72245 ], [ -117.257116, 32.722464 ], [ -117.257115, 32.722477 ], [ -117.257115, 32.722491 ], [ -117.257114, 32.722505 ], [ -117.257114, 32.722518 ], [ -117.257113, 32.722532 ], [ -117.257113, 32.722546 ], [ -117.257112, 32.72256 ], [ -117.257112, 32.722573 ], [ -117.257111, 32.722587 ], [ -117.257111, 32.722601 ], [ -117.25711, 32.722615 ], [ -117.25711, 32.722628 ], [ -117.257109, 32.722642 ], [ -117.257109, 32.722656 ], [ -117.257108, 32.72267 ], [ -117.257108, 32.722683 ], [ -117.257108, 32.722697 ], [ -117.257107, 32.722711 ], [ -117.257107, 32.722725 ], [ -117.257107, 32.722738 ], [ -117.257106, 32.722752 ], [ -117.257105, 32.722769 ], [ -117.257103, 32.722783 ], [ -117.257102, 32.722796 ], [ -117.2571, 32.72281 ], [ -117.2571, 32.722824 ], [ -117.257099, 32.722838 ], [ -117.257099, 32.722851 ], [ -117.257099, 32.722865 ], [ -117.257099, 32.722879 ], [ -117.257101, 32.7229 ], [ -117.257103, 32.72292 ], [ -117.257105, 32.722934 ], [ -117.257107, 32.722947 ], [ -117.25711, 32.722961 ], [ -117.257113, 32.722974 ], [ -117.257116, 32.722988 ], [ -117.25712, 32.723001 ], [ -117.257124, 32.723014 ], [ -117.257128, 32.723028 ], [ -117.257133, 32.723041 ], [ -117.257138, 32.723054 ], [ -117.257143, 32.723067 ], [ -117.257149, 32.72308 ], [ -117.257155, 32.723092 ], [ -117.257166, 32.7231 ], [ -117.257179, 32.723107 ], [ -117.257194, 32.723114 ], [ -117.257209, 32.723119 ], [ -117.257224, 32.723123 ], [ -117.25724, 32.723126 ], [ -117.257256, 32.723127 ], [ -117.257273, 32.723127 ], [ -117.257289, 32.723127 ], [ -117.257305, 32.723127 ], [ -117.257321, 32.723129 ], [ -117.257337, 32.723132 ], [ -117.257352, 32.723136 ], [ -117.257367, 32.723141 ], [ -117.257382, 32.723148 ], [ -117.257396, 32.723155 ], [ -117.257409, 32.723163 ], [ -117.257421, 32.723172 ], [ -117.257432, 32.723182 ], [ -117.257442, 32.723193 ], [ -117.257451, 32.723204 ], [ -117.257459, 32.723216 ], [ -117.257465, 32.723224 ], [ -117.257473, 32.723236 ], [ -117.25748, 32.723248 ], [ -117.257487, 32.72326 ], [ -117.257493, 32.723273 ], [ -117.257498, 32.723286 ], [ -117.257503, 32.723299 ], [ -117.257506, 32.723313 ], [ -117.257509, 32.723326 ], [ -117.257511, 32.72334 ], [ -117.257513, 32.723354 ], [ -117.257513, 32.723367 ], [ -117.257513, 32.723381 ], [ -117.257512, 32.723395 ], [ -117.25751, 32.723408 ], [ -117.257507, 32.72342 ], [ -117.257505, 32.723433 ], [ -117.257503, 32.723447 ], [ -117.257501, 32.723461 ], [ -117.257501, 32.723475 ], [ -117.257501, 32.723488 ], [ -117.257501, 32.723502 ], [ -117.257503, 32.723516 ], [ -117.257505, 32.723529 ], [ -117.257505, 32.723551 ], [ -117.257507, 32.723564 ], [ -117.257509, 32.723578 ], [ -117.257512, 32.723591 ], [ -117.257517, 32.723605 ], [ -117.257522, 32.723618 ], [ -117.257528, 32.72363 ], [ -117.257535, 32.723643 ], [ -117.257543, 32.723655 ], [ -117.257552, 32.723666 ], [ -117.257571, 32.723683 ], [ -117.257588, 32.723699 ], [ -117.257632, 32.723739 ], [ -117.257642, 32.72375 ], [ -117.257649, 32.723762 ], [ -117.257653, 32.723776 ], [ -117.257654, 32.723789 ], [ -117.257659, 32.723801 ], [ -117.257664, 32.723814 ], [ -117.257668, 32.723827 ], [ -117.257673, 32.723841 ], [ -117.257677, 32.723854 ], [ -117.257681, 32.723867 ], [ -117.257684, 32.723881 ], [ -117.257689, 32.7239 ], [ -117.257692, 32.723915 ], [ -117.257696, 32.723935 ], [ -117.257698, 32.723947 ], [ -117.25764, 32.723932 ], [ -117.257652, 32.723998 ], [ -117.257575, 32.724012 ], [ -117.257589, 32.724087 ], [ -117.257655, 32.724171 ], [ -117.257675, 32.724207 ], [ -117.257702, 32.724251 ], [ -117.257709, 32.724263 ], [ -117.257716, 32.724275 ], [ -117.257723, 32.724288 ], [ -117.257728, 32.724301 ], [ -117.257734, 32.724314 ], [ -117.257738, 32.724327 ], [ -117.257742, 32.72434 ], [ -117.257746, 32.724354 ], [ -117.257748, 32.724367 ], [ -117.25775, 32.724381 ], [ -117.257752, 32.724394 ], [ -117.257753, 32.724408 ], [ -117.257753, 32.724422 ], [ -117.257752, 32.724434 ], [ -117.257748, 32.724447 ], [ -117.257741, 32.72446 ], [ -117.257733, 32.724472 ], [ -117.257723, 32.724483 ], [ -117.257712, 32.724493 ], [ -117.257699, 32.724501 ], [ -117.257686, 32.724509 ], [ -117.25767, 32.724515 ], [ -117.257656, 32.724522 ], [ -117.257643, 32.72453 ], [ -117.25763, 32.724538 ], [ -117.257618, 32.724548 ], [ -117.257607, 32.724558 ], [ -117.257597, 32.724568 ], [ -117.257588, 32.72458 ], [ -117.25758, 32.724592 ], [ -117.257573, 32.724604 ], [ -117.257567, 32.724617 ], [ -117.257563, 32.72463 ], [ -117.257559, 32.724644 ], [ -117.257557, 32.724657 ], [ -117.257556, 32.724671 ], [ -117.257556, 32.724685 ], [ -117.257557, 32.724697 ], [ -117.257562, 32.72471 ], [ -117.257568, 32.724723 ], [ -117.257577, 32.724735 ], [ -117.257585, 32.724747 ], [ -117.257606, 32.724767 ], [ -117.257618, 32.724777 ], [ -117.257631, 32.724785 ], [ -117.257645, 32.724792 ], [ -117.257665, 32.7248 ], [ -117.25769, 32.724807 ], [ -117.257701, 32.724809 ], [ -117.257718, 32.724808 ], [ -117.257734, 32.724809 ], [ -117.25775, 32.724812 ], [ -117.257765, 32.724816 ], [ -117.25778, 32.724822 ], [ -117.257794, 32.724829 ], [ -117.257806, 32.724838 ], [ -117.257818, 32.724847 ], [ -117.257827, 32.724861 ], [ -117.257834, 32.724873 ], [ -117.257841, 32.724886 ], [ -117.257847, 32.724898 ], [ -117.257852, 32.724911 ], [ -117.257856, 32.724921 ], [ -117.257861, 32.724938 ], [ -117.257873, 32.724953 ], [ -117.257883, 32.724963 ], [ -117.257894, 32.724974 ], [ -117.257904, 32.724984 ], [ -117.257915, 32.724994 ], [ -117.257926, 32.725004 ], [ -117.257937, 32.725014 ], [ -117.257949, 32.725024 ], [ -117.25796, 32.725034 ], [ -117.257972, 32.725043 ], [ -117.257984, 32.725052 ], [ -117.257996, 32.725062 ], [ -117.258008, 32.725071 ], [ -117.258021, 32.72508 ], [ -117.258033, 32.725089 ], [ -117.258046, 32.725097 ], [ -117.258058, 32.725106 ], [ -117.258071, 32.725114 ], [ -117.258084, 32.725122 ], [ -117.258097, 32.72513 ], [ -117.258111, 32.725138 ], [ -117.258124, 32.725146 ], [ -117.258138, 32.725154 ], [ -117.258151, 32.725161 ], [ -117.258165, 32.725168 ], [ -117.258174, 32.725173 ], [ -117.258187, 32.725181 ], [ -117.258201, 32.725189 ], [ -117.258213, 32.725197 ], [ -117.258226, 32.725206 ], [ -117.258238, 32.725215 ], [ -117.258249, 32.725225 ], [ -117.25826, 32.725235 ], [ -117.258271, 32.725245 ], [ -117.258281, 32.725256 ], [ -117.258291, 32.725267 ], [ -117.2583, 32.725279 ], [ -117.258308, 32.72529 ], [ -117.258316, 32.725302 ], [ -117.258331, 32.725327 ], [ -117.258337, 32.72534 ], [ -117.258348, 32.725365 ], [ -117.258351, 32.72538 ], [ -117.258346, 32.725402 ], [ -117.25833, 32.725425 ], [ -117.258312, 32.725437 ], [ -117.258297, 32.725442 ], [ -117.258281, 32.725444 ], [ -117.258265, 32.725447 ], [ -117.258234, 32.725456 ], [ -117.258205, 32.725468 ], [ -117.258179, 32.725484 ], [ -117.258167, 32.725493 ], [ -117.258156, 32.725503 ], [ -117.258136, 32.725525 ], [ -117.25812, 32.725553 ], [ -117.258101, 32.725575 ], [ -117.258081, 32.725597 ], [ -117.258059, 32.725617 ], [ -117.258035, 32.725635 ], [ -117.258022, 32.725644 ], [ -117.258009, 32.725652 ], [ -117.257995, 32.72566 ], [ -117.257967, 32.725673 ], [ -117.257938, 32.725685 ], [ -117.25791, 32.725695 ], [ -117.25777, 32.725704 ], [ -117.257634, 32.725713 ], [ -117.257603, 32.725721 ], [ -117.257587, 32.725725 ], [ -117.257572, 32.725729 ], [ -117.257541, 32.725738 ], [ -117.25751, 32.725747 ], [ -117.257495, 32.725752 ], [ -117.25748, 32.725757 ], [ -117.25745, 32.725767 ], [ -117.25742, 32.725778 ], [ -117.2574, 32.725786 ], [ -117.257376, 32.725796 ], [ -117.25734, 32.725811 ], [ -117.257326, 32.725807 ], [ -117.257294, 32.725889 ], [ -117.257203, 32.725969 ], [ -117.257183, 32.725988 ], [ -117.257059, 32.726015 ], [ -117.256968, 32.726004 ], [ -117.256966, 32.726033 ], [ -117.256906, 32.72608 ], [ -117.25686, 32.726119 ], [ -117.256826, 32.726149 ], [ -117.256805, 32.726169 ], [ -117.256766, 32.726207 ], [ -117.256721, 32.726254 ], [ -117.256702, 32.726276 ], [ -117.256675, 32.726307 ], [ -117.256658, 32.72633 ], [ -117.256616, 32.726389 ], [ -117.256573, 32.726447 ], [ -117.25653, 32.726506 ], [ -117.256504, 32.726541 ], [ -117.25647, 32.726587 ], [ -117.256434, 32.726633 ], [ -117.256381, 32.726702 ], [ -117.256351, 32.726754 ], [ -117.256338, 32.726779 ], [ -117.25631, 32.726829 ], [ -117.256296, 32.726853 ], [ -117.256265, 32.726902 ], [ -117.256249, 32.726926 ], [ -117.256241, 32.726937 ], [ -117.256233, 32.726949 ], [ -117.256224, 32.726961 ], [ -117.256216, 32.726973 ], [ -117.256207, 32.726985 ], [ -117.256199, 32.726996 ], [ -117.25619, 32.727008 ], [ -117.256181, 32.727019 ], [ -117.256172, 32.727031 ], [ -117.256163, 32.727042 ], [ -117.256154, 32.727053 ], [ -117.256145, 32.727065 ], [ -117.256135, 32.727076 ], [ -117.256126, 32.727087 ], [ -117.256116, 32.727098 ], [ -117.256107, 32.727109 ], [ -117.256096, 32.727122 ], [ -117.256086, 32.727133 ], [ -117.256076, 32.727144 ], [ -117.256066, 32.727155 ], [ -117.256057, 32.727166 ], [ -117.256047, 32.727177 ], [ -117.256027, 32.727199 ], [ -117.256017, 32.72721 ], [ -117.256007, 32.727221 ], [ -117.255998, 32.727232 ], [ -117.255988, 32.727243 ], [ -117.255978, 32.727254 ], [ -117.255968, 32.727264 ], [ -117.255958, 32.727275 ], [ -117.255948, 32.727286 ], [ -117.255938, 32.727297 ], [ -117.255928, 32.727308 ], [ -117.255918, 32.727319 ], [ -117.255908, 32.72733 ], [ -117.255898, 32.72734 ], [ -117.255888, 32.727351 ], [ -117.255878, 32.727362 ], [ -117.255868, 32.727373 ], [ -117.255858, 32.727384 ], [ -117.255848, 32.727394 ], [ -117.255837, 32.727405 ], [ -117.255827, 32.727416 ], [ -117.255817, 32.727427 ], [ -117.255807, 32.727437 ], [ -117.255797, 32.727448 ], [ -117.25578, 32.727465 ], [ -117.255769, 32.727475 ], [ -117.25576, 32.727486 ], [ -117.25575, 32.727497 ], [ -117.255741, 32.727509 ], [ -117.255732, 32.72752 ], [ -117.255724, 32.727532 ], [ -117.255716, 32.727544 ], [ -117.255708, 32.727556 ], [ -117.255701, 32.727569 ], [ -117.255694, 32.727581 ], [ -117.255685, 32.727601 ], [ -117.25569, 32.727614 ], [ -117.255694, 32.727627 ], [ -117.255699, 32.727641 ], [ -117.255703, 32.727654 ], [ -117.255707, 32.727667 ], [ -117.255711, 32.72768 ], [ -117.255715, 32.727694 ], [ -117.255719, 32.727707 ], [ -117.255722, 32.727721 ], [ -117.255726, 32.727734 ], [ -117.255729, 32.727747 ], [ -117.255732, 32.727761 ], [ -117.255735, 32.727774 ], [ -117.255738, 32.727788 ], [ -117.255741, 32.727801 ], [ -117.255744, 32.727815 ], [ -117.255746, 32.727829 ], [ -117.255748, 32.727842 ], [ -117.25575, 32.727856 ], [ -117.255752, 32.727869 ], [ -117.255754, 32.727883 ], [ -117.255756, 32.727897 ], [ -117.255758, 32.72791 ], [ -117.255759, 32.727924 ], [ -117.255761, 32.727952 ], [ -117.255762, 32.727965 ], [ -117.255763, 32.727979 ], [ -117.255764, 32.727993 ], [ -117.255765, 32.72802 ], [ -117.255765, 32.728034 ], [ -117.255765, 32.728048 ], [ -117.255765, 32.728061 ], [ -117.25578, 32.728086 ], [ -117.255788, 32.728099 ], [ -117.255798, 32.728115 ], [ -117.255809, 32.728136 ], [ -117.255816, 32.728148 ], [ -117.25583, 32.728173 ], [ -117.255836, 32.728186 ], [ -117.255842, 32.728198 ], [ -117.255848, 32.728211 ], [ -117.255854, 32.728224 ], [ -117.25586, 32.728237 ], [ -117.255866, 32.728249 ], [ -117.255872, 32.728262 ], [ -117.255877, 32.728275 ], [ -117.255882, 32.728288 ], [ -117.255888, 32.728301 ], [ -117.255893, 32.728314 ], [ -117.255897, 32.728328 ], [ -117.255901, 32.728339 ], [ -117.255909, 32.728351 ], [ -117.255916, 32.728363 ], [ -117.255924, 32.728375 ], [ -117.255931, 32.728388 ], [ -117.255938, 32.7284 ], [ -117.255945, 32.728412 ], [ -117.255952, 32.728425 ], [ -117.255959, 32.728437 ], [ -117.255966, 32.72845 ], [ -117.255972, 32.728462 ], [ -117.255979, 32.728475 ], [ -117.255985, 32.728487 ], [ -117.255992, 32.7285 ], [ -117.255998, 32.728513 ], [ -117.256004, 32.728525 ], [ -117.25601, 32.728538 ], [ -117.256016, 32.728551 ], [ -117.256022, 32.728564 ], [ -117.256033, 32.72859 ], [ -117.256038, 32.728603 ], [ -117.256044, 32.728616 ], [ -117.256049, 32.728629 ], [ -117.256054, 32.728642 ], [ -117.256059, 32.728655 ], [ -117.256064, 32.728668 ], [ -117.256068, 32.728681 ], [ -117.256073, 32.728694 ], [ -117.256078, 32.728707 ], [ -117.256081, 32.728717 ], [ -117.256087, 32.728735 ], [ -117.256092, 32.728748 ], [ -117.256096, 32.728761 ], [ -117.2561, 32.728774 ], [ -117.256104, 32.728788 ], [ -117.256107, 32.728799 ], [ -117.256111, 32.728815 ], [ -117.256114, 32.728828 ], [ -117.256117, 32.728842 ], [ -117.25612, 32.728855 ], [ -117.256123, 32.728869 ], [ -117.256125, 32.728882 ], [ -117.256128, 32.728896 ], [ -117.25613, 32.728909 ], [ -117.256132, 32.728923 ], [ -117.256134, 32.728937 ], [ -117.256135, 32.72895 ], [ -117.256137, 32.728964 ], [ -117.256138, 32.728978 ], [ -117.256139, 32.728991 ], [ -117.25614, 32.729005 ], [ -117.256141, 32.729019 ], [ -117.256141, 32.729033 ], [ -117.256142, 32.729046 ], [ -117.256142, 32.72906 ], [ -117.256142, 32.729074 ], [ -117.256142, 32.729088 ], [ -117.256141, 32.729101 ], [ -117.256141, 32.729115 ], [ -117.25614, 32.729129 ], [ -117.256139, 32.729143 ], [ -117.256137, 32.729164 ], [ -117.256135, 32.729178 ], [ -117.256134, 32.729191 ], [ -117.256133, 32.729212 ], [ -117.256133, 32.729233 ], [ -117.256134, 32.72926 ], [ -117.256134, 32.729274 ], [ -117.256135, 32.729287 ], [ -117.256138, 32.729315 ], [ -117.256142, 32.729342 ], [ -117.256144, 32.729356 ], [ -117.256147, 32.729369 ], [ -117.25615, 32.729383 ], [ -117.256153, 32.729396 ], [ -117.256157, 32.72941 ], [ -117.256161, 32.729423 ], [ -117.256165, 32.729436 ], [ -117.256169, 32.72945 ], [ -117.256173, 32.729469 ], [ -117.256175, 32.729482 ], [ -117.256177, 32.729496 ], [ -117.256179, 32.72951 ], [ -117.256181, 32.729523 ], [ -117.256184, 32.729537 ], [ -117.256187, 32.72955 ], [ -117.25619, 32.729564 ], [ -117.256193, 32.729577 ], [ -117.256196, 32.729591 ], [ -117.2562, 32.729604 ], [ -117.256204, 32.729617 ], [ -117.256208, 32.729631 ], [ -117.256212, 32.729644 ], [ -117.256216, 32.729657 ], [ -117.25622, 32.729671 ], [ -117.256225, 32.729684 ], [ -117.25623, 32.729697 ], [ -117.256235, 32.72971 ], [ -117.25624, 32.729723 ], [ -117.256245, 32.729736 ], [ -117.256251, 32.729749 ], [ -117.256257, 32.729762 ], [ -117.256261, 32.729771 ], [ -117.256269, 32.729787 ], [ -117.256275, 32.7298 ], [ -117.256281, 32.729813 ], [ -117.256288, 32.729825 ], [ -117.256295, 32.729838 ], [ -117.256301, 32.72985 ], [ -117.256309, 32.729863 ], [ -117.256321, 32.729881 ], [ -117.256331, 32.729891 ], [ -117.256343, 32.729901 ], [ -117.256355, 32.72991 ], [ -117.256369, 32.729917 ], [ -117.256384, 32.729923 ], [ -117.256399, 32.729927 ], [ -117.256415, 32.72993 ], [ -117.256431, 32.729931 ], [ -117.256454, 32.729931 ], [ -117.256469, 32.729934 ], [ -117.256485, 32.729936 ], [ -117.256501, 32.729939 ], [ -117.256516, 32.729943 ], [ -117.256532, 32.729947 ], [ -117.256548, 32.729951 ], [ -117.256563, 32.729955 ], [ -117.256578, 32.729959 ], [ -117.256594, 32.729964 ], [ -117.256609, 32.729969 ], [ -117.256624, 32.729975 ], [ -117.256639, 32.72998 ], [ -117.256653, 32.729986 ], [ -117.256668, 32.729992 ], [ -117.256682, 32.729999 ], [ -117.256696, 32.730005 ], [ -117.25671, 32.730012 ], [ -117.256724, 32.730019 ], [ -117.256738, 32.730027 ], [ -117.256751, 32.730035 ], [ -117.256765, 32.730043 ], [ -117.256778, 32.730051 ], [ -117.256791, 32.730059 ], [ -117.256803, 32.730068 ], [ -117.256816, 32.730077 ], [ -117.256828, 32.730086 ], [ -117.25684, 32.730095 ], [ -117.256852, 32.730104 ], [ -117.256863, 32.730114 ], [ -117.256874, 32.730124 ], [ -117.256885, 32.730134 ], [ -117.256896, 32.730145 ], [ -117.256906, 32.730155 ], [ -117.256917, 32.730166 ], [ -117.256926, 32.730177 ], [ -117.256936, 32.730188 ], [ -117.256945, 32.730199 ], [ -117.256954, 32.730211 ], [ -117.256963, 32.730222 ], [ -117.256976, 32.73024 ], [ -117.256995, 32.73027 ], [ -117.257002, 32.730282 ], [ -117.257009, 32.730295 ], [ -117.257016, 32.730307 ], [ -117.257022, 32.73032 ], [ -117.257028, 32.730333 ], [ -117.257034, 32.730346 ], [ -117.257039, 32.730359 ], [ -117.257046, 32.730373 ], [ -117.257053, 32.730386 ], [ -117.25706, 32.730398 ], [ -117.257068, 32.73041 ], [ -117.257076, 32.730422 ], [ -117.257085, 32.730434 ], [ -117.257094, 32.730445 ], [ -117.257103, 32.730456 ], [ -117.257113, 32.730467 ], [ -117.257124, 32.730477 ], [ -117.257135, 32.730488 ], [ -117.257146, 32.730498 ], [ -117.257152, 32.730506 ], [ -117.257173, 32.730514 ], [ -117.257187, 32.730521 ], [ -117.257201, 32.730528 ], [ -117.257214, 32.730537 ], [ -117.257226, 32.730545 ], [ -117.257238, 32.730555 ], [ -117.257249, 32.730565 ], [ -117.25726, 32.730575 ], [ -117.257269, 32.730587 ], [ -117.257278, 32.730598 ], [ -117.257286, 32.73061 ], [ -117.257289, 32.730625 ], [ -117.257288, 32.730639 ], [ -117.257284, 32.730652 ], [ -117.257278, 32.730665 ], [ -117.257269, 32.730676 ], [ -117.257255, 32.730688 ], [ -117.257239, 32.730684 ], [ -117.257187, 32.730668 ], [ -117.257011, 32.730574 ], [ -117.256875, 32.730525 ], [ -117.256878, 32.730566 ], [ -117.256862, 32.730564 ], [ -117.256846, 32.730563 ], [ -117.25683, 32.730563 ], [ -117.256813, 32.730564 ], [ -117.256797, 32.730566 ], [ -117.256781, 32.730568 ], [ -117.256766, 32.730572 ], [ -117.256755, 32.730582 ], [ -117.256745, 32.730593 ], [ -117.256737, 32.730605 ], [ -117.256731, 32.730617 ], [ -117.256727, 32.730631 ], [ -117.256725, 32.730644 ], [ -117.256726, 32.730658 ], [ -117.256728, 32.730672 ], [ -117.256733, 32.730685 ], [ -117.256738, 32.730696 ], [ -117.256749, 32.730706 ], [ -117.25676, 32.730716 ], [ -117.25677, 32.730727 ], [ -117.25678, 32.730738 ], [ -117.256789, 32.730749 ], [ -117.256798, 32.73076 ], [ -117.256806, 32.730772 ], [ -117.256814, 32.730784 ], [ -117.256821, 32.730797 ], [ -117.256827, 32.730809 ], [ -117.256833, 32.730822 ], [ -117.256839, 32.730835 ], [ -117.256844, 32.730848 ], [ -117.256848, 32.730861 ], [ -117.256855, 32.730888 ], [ -117.256857, 32.730902 ], [ -117.256859, 32.730916 ], [ -117.256861, 32.730929 ], [ -117.256861, 32.730943 ], [ -117.256861, 32.730957 ], [ -117.25686, 32.730972 ], [ -117.256858, 32.730986 ], [ -117.256856, 32.730999 ], [ -117.256855, 32.731013 ], [ -117.256853, 32.731027 ], [ -117.256852, 32.73104 ], [ -117.25685, 32.731054 ], [ -117.256849, 32.731068 ], [ -117.256847, 32.731081 ], [ -117.256846, 32.731095 ], [ -117.256845, 32.731109 ], [ -117.256843, 32.731123 ], [ -117.256842, 32.731136 ], [ -117.256841, 32.73115 ], [ -117.256838, 32.731184 ], [ -117.256836, 32.731212 ], [ -117.256846, 32.731232 ], [ -117.256857, 32.731243 ], [ -117.256867, 32.731254 ], [ -117.256876, 32.731265 ], [ -117.256885, 32.731277 ], [ -117.256893, 32.731288 ], [ -117.2569, 32.731301 ], [ -117.256907, 32.731313 ], [ -117.256913, 32.731326 ], [ -117.256918, 32.731339 ], [ -117.256923, 32.731352 ], [ -117.256928, 32.73137 ], [ -117.256925, 32.731384 ], [ -117.256919, 32.731396 ], [ -117.25691, 32.731408 ], [ -117.256898, 32.731417 ], [ -117.256884, 32.731424 ], [ -117.256869, 32.731428 ], [ -117.256853, 32.731429 ], [ -117.256828, 32.731432 ], [ -117.256813, 32.731437 ], [ -117.256798, 32.731443 ], [ -117.256784, 32.731449 ], [ -117.25677, 32.731457 ], [ -117.256757, 32.731465 ], [ -117.256745, 32.731474 ], [ -117.256734, 32.731484 ], [ -117.256723, 32.731494 ], [ -117.256714, 32.731506 ], [ -117.256705, 32.731517 ], [ -117.256698, 32.731529 ], [ -117.256691, 32.731542 ], [ -117.256686, 32.731555 ], [ -117.256682, 32.731568 ], [ -117.256679, 32.731582 ], [ -117.256677, 32.731595 ], [ -117.256679, 32.731611 ], [ -117.256683, 32.731624 ], [ -117.256687, 32.731638 ], [ -117.256693, 32.731651 ], [ -117.256699, 32.731663 ], [ -117.256706, 32.731676 ], [ -117.256714, 32.731688 ], [ -117.256722, 32.731699 ], [ -117.256732, 32.731711 ], [ -117.256742, 32.731721 ], [ -117.256753, 32.731732 ], [ -117.256764, 32.731742 ], [ -117.256776, 32.731751 ], [ -117.256785, 32.731762 ], [ -117.256792, 32.731774 ], [ -117.256799, 32.731787 ], [ -117.256804, 32.7318 ], [ -117.256808, 32.731813 ], [ -117.256811, 32.731827 ], [ -117.256813, 32.73184 ], [ -117.256813, 32.731854 ], [ -117.256816, 32.731877 ], [ -117.256819, 32.73189 ], [ -117.256823, 32.731903 ], [ -117.256828, 32.731916 ], [ -117.256833, 32.731928 ], [ -117.256839, 32.731942 ], [ -117.256846, 32.731955 ], [ -117.256853, 32.731967 ], [ -117.25686, 32.73198 ], [ -117.256868, 32.731991 ], [ -117.256876, 32.732003 ], [ -117.256886, 32.732014 ], [ -117.256894, 32.732026 ], [ -117.2569, 32.732038 ], [ -117.256904, 32.732052 ], [ -117.256906, 32.732065 ], [ -117.256907, 32.732079 ], [ -117.256905, 32.732093 ], [ -117.256901, 32.732106 ], [ -117.256895, 32.732119 ], [ -117.256887, 32.732131 ], [ -117.256879, 32.732148 ], [ -117.256874, 32.732161 ], [ -117.256868, 32.732173 ], [ -117.256862, 32.732186 ], [ -117.256856, 32.732199 ], [ -117.256849, 32.732211 ], [ -117.256842, 32.732224 ], [ -117.256835, 32.732236 ], [ -117.256828, 32.732248 ], [ -117.25682, 32.73226 ], [ -117.256812, 32.732272 ], [ -117.256804, 32.732284 ], [ -117.256795, 32.732296 ], [ -117.256786, 32.732308 ], [ -117.256777, 32.732319 ], [ -117.256768, 32.73233 ], [ -117.256759, 32.732341 ], [ -117.256749, 32.732352 ], [ -117.256739, 32.732363 ], [ -117.256729, 32.732374 ], [ -117.256718, 32.732384 ], [ -117.256707, 32.732395 ], [ -117.256696, 32.732405 ], [ -117.256685, 32.732415 ], [ -117.256674, 32.732425 ], [ -117.256662, 32.732434 ], [ -117.25665, 32.732444 ], [ -117.256638, 32.732453 ], [ -117.256626, 32.732467 ], [ -117.256616, 32.732485 ], [ -117.256603, 32.732503 ], [ -117.256596, 32.732516 ], [ -117.256591, 32.732529 ], [ -117.256585, 32.732542 ], [ -117.256581, 32.732555 ], [ -117.256577, 32.732568 ], [ -117.256574, 32.732582 ], [ -117.256572, 32.732596 ], [ -117.25657, 32.732609 ], [ -117.256569, 32.732623 ], [ -117.256569, 32.732637 ], [ -117.25657, 32.73265 ], [ -117.256571, 32.732664 ], [ -117.256573, 32.732678 ], [ -117.256575, 32.732691 ], [ -117.256579, 32.732705 ], [ -117.256583, 32.732718 ], [ -117.256587, 32.732731 ], [ -117.256592, 32.732744 ], [ -117.256598, 32.732757 ], [ -117.256602, 32.732771 ], [ -117.256608, 32.732784 ], [ -117.256616, 32.732796 ], [ -117.256626, 32.732807 ], [ -117.256637, 32.732817 ], [ -117.256651, 32.732825 ], [ -117.256665, 32.732831 ], [ -117.256681, 32.732835 ], [ -117.256697, 32.732838 ], [ -117.256713, 32.732838 ], [ -117.256729, 32.732836 ], [ -117.25674, 32.732834 ], [ -117.256755, 32.732839 ], [ -117.25677, 32.732844 ], [ -117.256784, 32.73285 ], [ -117.256798, 32.732857 ], [ -117.256812, 32.732865 ], [ -117.256825, 32.732873 ], [ -117.256838, 32.732881 ], [ -117.25685, 32.73289 ], [ -117.256862, 32.7329 ], [ -117.256873, 32.73291 ], [ -117.256883, 32.732921 ], [ -117.256893, 32.732932 ], [ -117.256902, 32.732943 ], [ -117.25691, 32.732955 ], [ -117.256917, 32.732967 ], [ -117.256924, 32.73298 ], [ -117.257038, 32.733356 ], [ -117.256967, 32.733357 ], [ -117.256899, 32.73336 ], [ -117.256885, 32.733368 ], [ -117.256873, 32.733377 ], [ -117.25686, 32.733386 ], [ -117.256848, 32.733395 ], [ -117.256837, 32.733405 ], [ -117.256826, 32.733415 ], [ -117.256815, 32.733426 ], [ -117.256805, 32.733436 ], [ -117.256792, 32.733452 ], [ -117.256796, 32.733465 ], [ -117.2568, 32.733479 ], [ -117.256806, 32.733491 ], [ -117.256812, 32.73351 ], [ -117.25682, 32.733516 ], [ -117.256828, 32.733528 ], [ -117.256838, 32.733539 ], [ -117.256848, 32.73355 ], [ -117.256859, 32.73356 ], [ -117.256868, 32.733567 ], [ -117.256879, 32.733577 ], [ -117.256887, 32.733589 ], [ -117.256891, 32.733602 ], [ -117.256891, 32.733616 ], [ -117.256888, 32.733629 ], [ -117.25688, 32.733641 ], [ -117.256869, 32.733652 ], [ -117.256855, 32.733658 ], [ -117.25684, 32.733663 ], [ -117.256825, 32.733668 ], [ -117.256809, 32.733673 ], [ -117.256794, 32.733676 ], [ -117.256778, 32.73368 ], [ -117.256762, 32.733682 ], [ -117.256746, 32.733684 ], [ -117.25673, 32.733686 ], [ -117.256713, 32.733687 ], [ -117.256697, 32.733687 ], [ -117.256681, 32.733687 ], [ -117.256659, 32.73369 ], [ -117.256644, 32.733695 ], [ -117.256619, 32.733703 ], [ -117.256521, 32.733719 ], [ -117.256476, 32.733873 ], [ -117.25641, 32.734038 ], [ -117.256455, 32.734075 ], [ -117.256448, 32.734084 ], [ -117.256445, 32.734098 ], [ -117.256442, 32.734111 ], [ -117.25644, 32.734125 ], [ -117.256439, 32.734138 ], [ -117.256439, 32.734152 ], [ -117.25644, 32.734166 ], [ -117.256442, 32.73418 ], [ -117.256444, 32.734193 ], [ -117.256447, 32.734207 ], [ -117.256451, 32.73422 ], [ -117.256456, 32.734233 ], [ -117.256461, 32.734246 ], [ -117.256467, 32.734259 ], [ -117.256474, 32.734271 ], [ -117.256482, 32.734283 ], [ -117.25649, 32.734297 ], [ -117.256496, 32.734309 ], [ -117.256502, 32.734322 ], [ -117.256507, 32.734335 ], [ -117.256512, 32.734349 ], [ -117.256515, 32.734362 ], [ -117.256518, 32.734375 ], [ -117.256521, 32.734389 ], [ -117.256523, 32.734403 ], [ -117.256524, 32.734416 ], [ -117.256524, 32.73443 ], [ -117.256523, 32.734444 ], [ -117.256522, 32.734458 ], [ -117.256521, 32.734471 ], [ -117.256518, 32.734485 ], [ -117.256515, 32.734498 ], [ -117.256511, 32.734512 ], [ -117.256507, 32.734525 ], [ -117.256501, 32.734538 ], [ -117.256493, 32.734556 ], [ -117.256477, 32.734554 ], [ -117.256461, 32.734551 ], [ -117.256446, 32.734546 ], [ -117.256431, 32.734541 ], [ -117.256416, 32.734534 ], [ -117.256403, 32.734527 ], [ -117.25639, 32.734519 ], [ -117.256378, 32.73451 ], [ -117.256366, 32.7345 ], [ -117.256359, 32.734492 ], [ -117.256346, 32.734483 ], [ -117.25633, 32.734479 ], [ -117.256314, 32.734481 ], [ -117.2563, 32.734487 ], [ -117.256289, 32.734497 ], [ -117.256284, 32.73451 ], [ -117.256287, 32.734525 ], [ -117.25629, 32.734538 ], [ -117.256293, 32.734552 ], [ -117.256296, 32.734566 ], [ -117.256299, 32.734579 ], [ -117.256302, 32.734593 ], [ -117.256304, 32.734606 ], [ -117.256307, 32.73462 ], [ -117.25631, 32.734633 ], [ -117.256313, 32.734647 ], [ -117.256316, 32.73466 ], [ -117.256318, 32.734673 ], [ -117.256317, 32.734687 ], [ -117.256314, 32.734701 ], [ -117.256309, 32.734714 ], [ -117.256302, 32.734726 ], [ -117.256293, 32.734738 ], [ -117.256283, 32.734748 ], [ -117.256271, 32.734758 ], [ -117.256258, 32.734766 ], [ -117.256244, 32.734773 ], [ -117.256229, 32.734778 ], [ -117.256214, 32.734782 ], [ -117.25619, 32.734784 ], [ -117.256174, 32.734781 ], [ -117.256158, 32.734779 ], [ -117.256142, 32.734779 ], [ -117.256126, 32.734782 ], [ -117.25611, 32.734786 ], [ -117.256096, 32.734793 ], [ -117.256083, 32.734801 ], [ -117.256073, 32.73481 ], [ -117.256063, 32.734821 ], [ -117.256054, 32.734832 ], [ -117.256045, 32.734844 ], [ -117.256036, 32.734855 ], [ -117.256027, 32.734867 ], [ -117.256019, 32.734879 ], [ -117.256012, 32.734891 ], [ -117.256004, 32.734903 ], [ -117.255997, 32.734916 ], [ -117.255991, 32.734928 ], [ -117.255985, 32.734941 ], [ -117.255979, 32.734954 ], [ -117.255973, 32.734967 ], [ -117.255968, 32.73498 ], [ -117.255964, 32.734993 ], [ -117.255955, 32.735013 ], [ -117.255949, 32.735026 ], [ -117.255944, 32.735039 ], [ -117.255939, 32.735052 ], [ -117.255934, 32.735065 ], [ -117.255929, 32.735078 ], [ -117.255925, 32.735092 ], [ -117.255921, 32.735105 ], [ -117.255917, 32.735118 ], [ -117.255913, 32.735137 ], [ -117.255908, 32.735159 ], [ -117.255906, 32.735173 ], [ -117.255904, 32.735186 ], [ -117.255902, 32.7352 ], [ -117.2559, 32.735213 ], [ -117.255899, 32.735227 ], [ -117.255898, 32.735241 ], [ -117.255898, 32.735255 ], [ -117.255897, 32.735268 ], [ -117.255897, 32.735282 ], [ -117.255897, 32.735296 ], [ -117.255898, 32.73531 ], [ -117.255899, 32.735323 ], [ -117.2559, 32.735337 ], [ -117.255902, 32.735351 ], [ -117.255904, 32.735364 ], [ -117.255907, 32.735377 ], [ -117.25591, 32.735391 ], [ -117.255914, 32.735404 ], [ -117.255918, 32.735418 ], [ -117.255921, 32.735431 ], [ -117.255925, 32.735444 ], [ -117.25593, 32.735457 ], [ -117.255934, 32.735471 ], [ -117.255938, 32.735484 ], [ -117.255943, 32.735497 ], [ -117.255947, 32.73551 ], [ -117.255952, 32.735524 ], [ -117.255957, 32.735537 ], [ -117.255962, 32.73555 ], [ -117.255967, 32.735563 ], [ -117.255972, 32.735576 ], [ -117.255978, 32.735589 ], [ -117.255985, 32.735605 ], [ -117.255993, 32.735623 ], [ -117.255997, 32.735636 ], [ -117.256002, 32.735649 ], [ -117.256005, 32.735662 ], [ -117.256008, 32.735676 ], [ -117.25601, 32.73569 ], [ -117.256011, 32.735703 ], [ -117.256012, 32.735717 ], [ -117.256006, 32.735738 ], [ -117.255997, 32.73575 ], [ -117.255985, 32.735759 ], [ -117.255971, 32.735767 ], [ -117.255956, 32.735772 ], [ -117.25594, 32.735774 ], [ -117.255924, 32.735774 ], [ -117.255905, 32.73577 ], [ -117.255889, 32.735768 ], [ -117.255873, 32.735767 ], [ -117.255857, 32.735767 ], [ -117.255841, 32.735769 ], [ -117.255825, 32.735772 ], [ -117.255809, 32.735776 ], [ -117.255794, 32.735782 ], [ -117.25578, 32.735788 ], [ -117.255765, 32.735802 ], [ -117.255756, 32.735813 ], [ -117.255748, 32.735825 ], [ -117.255739, 32.735837 ], [ -117.255731, 32.735849 ], [ -117.255724, 32.735861 ], [ -117.255717, 32.735873 ], [ -117.255713, 32.735887 ], [ -117.255704, 32.735899 ], [ -117.255699, 32.735912 ], [ -117.255694, 32.735925 ], [ -117.255689, 32.735938 ], [ -117.255685, 32.735951 ], [ -117.255682, 32.735965 ], [ -117.255678, 32.735978 ], [ -117.255676, 32.735992 ], [ -117.255674, 32.736005 ], [ -117.255672, 32.736019 ], [ -117.255671, 32.736033 ], [ -117.255671, 32.736046 ], [ -117.255671, 32.73606 ], [ -117.255674, 32.73608 ], [ -117.255677, 32.736094 ], [ -117.255679, 32.736107 ], [ -117.255682, 32.736121 ], [ -117.255684, 32.736134 ], [ -117.255686, 32.736148 ], [ -117.255687, 32.736162 ], [ -117.255689, 32.736175 ], [ -117.25569, 32.736189 ], [ -117.255691, 32.736203 ], [ -117.255692, 32.736217 ], [ -117.255692, 32.73623 ], [ -117.255693, 32.736244 ], [ -117.255693, 32.736258 ], [ -117.255693, 32.736272 ], [ -117.255693, 32.736285 ], [ -117.255692, 32.736299 ], [ -117.255691, 32.736313 ], [ -117.25569, 32.736329 ], [ -117.255689, 32.73634 ], [ -117.255688, 32.736354 ], [ -117.255686, 32.736368 ], [ -117.255684, 32.73638 ], [ -117.25568, 32.736393 ], [ -117.255677, 32.736407 ], [ -117.255674, 32.73642 ], [ -117.255672, 32.736434 ], [ -117.25567, 32.736447 ], [ -117.255668, 32.736461 ], [ -117.255667, 32.736475 ], [ -117.255666, 32.736489 ], [ -117.255666, 32.736502 ], [ -117.255666, 32.736516 ], [ -117.255666, 32.736528 ], [ -117.255662, 32.736542 ], [ -117.255657, 32.736555 ], [ -117.25565, 32.736567 ], [ -117.255641, 32.736579 ], [ -117.255631, 32.73659 ], [ -117.25562, 32.7366 ], [ -117.255608, 32.736609 ], [ -117.255595, 32.736617 ], [ -117.255581, 32.736624 ], [ -117.255566, 32.73663 ], [ -117.255551, 32.736634 ], [ -117.255535, 32.736637 ], [ -117.255519, 32.736639 ], [ -117.255505, 32.73664 ], [ -117.255491, 32.736646 ], [ -117.255478, 32.736654 ], [ -117.255466, 32.736664 ], [ -117.255456, 32.736675 ], [ -117.255447, 32.736686 ], [ -117.255441, 32.736699 ], [ -117.255436, 32.736712 ], [ -117.255433, 32.736726 ], [ -117.255433, 32.736739 ], [ -117.255435, 32.736753 ], [ -117.255438, 32.736766 ], [ -117.255451, 32.736775 ], [ -117.255462, 32.736785 ], [ -117.255471, 32.736797 ], [ -117.255478, 32.736809 ], [ -117.255483, 32.736822 ], [ -117.255486, 32.736836 ], [ -117.255486, 32.736849 ], [ -117.255484, 32.736863 ], [ -117.25548, 32.736876 ], [ -117.255467, 32.736888 ], [ -117.255454, 32.736897 ], [ -117.25544, 32.736904 ], [ -117.255426, 32.736911 ], [ -117.255411, 32.736917 ], [ -117.255396, 32.736921 ], [ -117.25538, 32.736925 ], [ -117.255364, 32.736927 ], [ -117.255348, 32.736929 ], [ -117.255332, 32.736929 ], [ -117.255315, 32.736928 ], [ -117.255299, 32.736926 ], [ -117.255277, 32.736922 ], [ -117.255259, 32.737024 ], [ -117.255273, 32.73703 ], [ -117.255287, 32.737038 ], [ -117.255299, 32.737047 ], [ -117.25531, 32.737057 ], [ -117.255319, 32.737069 ], [ -117.255327, 32.737081 ], [ -117.255333, 32.737094 ], [ -117.255337, 32.737107 ], [ -117.255339, 32.73712 ], [ -117.255339, 32.737134 ], [ -117.255337, 32.737148 ], [ -117.255333, 32.737161 ], [ -117.255328, 32.737174 ], [ -117.255321, 32.737186 ], [ -117.255313, 32.737196 ], [ -117.255308, 32.737209 ], [ -117.255303, 32.737223 ], [ -117.255299, 32.737236 ], [ -117.255296, 32.737249 ], [ -117.255293, 32.737263 ], [ -117.255291, 32.737277 ], [ -117.255289, 32.73729 ], [ -117.255289, 32.737304 ], [ -117.255288, 32.737318 ], [ -117.255288, 32.737331 ], [ -117.255289, 32.737345 ], [ -117.255291, 32.737359 ], [ -117.255293, 32.737372 ], [ -117.255296, 32.737386 ], [ -117.255299, 32.737399 ], [ -117.255303, 32.737413 ], [ -117.255306, 32.737422 ], [ -117.255306, 32.737436 ], [ -117.255306, 32.737449 ], [ -117.255305, 32.737463 ], [ -117.255305, 32.737477 ], [ -117.255303, 32.737504 ], [ -117.255301, 32.737518 ], [ -117.2553, 32.737532 ], [ -117.255298, 32.737545 ], [ -117.255297, 32.737559 ], [ -117.255295, 32.737573 ], [ -117.255292, 32.737586 ], [ -117.25529, 32.7376 ], [ -117.255287, 32.737613 ], [ -117.255284, 32.737627 ], [ -117.255282, 32.73764 ], [ -117.255278, 32.737654 ], [ -117.255275, 32.737667 ], [ -117.255271, 32.737681 ], [ -117.255268, 32.737694 ], [ -117.255264, 32.737707 ], [ -117.255259, 32.737721 ], [ -117.255255, 32.737734 ], [ -117.255251, 32.737747 ], [ -117.255246, 32.73776 ], [ -117.255241, 32.737773 ], [ -117.255236, 32.737786 ], [ -117.255231, 32.737799 ], [ -117.255225, 32.737812 ], [ -117.25522, 32.737825 ], [ -117.255214, 32.737838 ], [ -117.255208, 32.737851 ], [ -117.255201, 32.737864 ], [ -117.255195, 32.737876 ], [ -117.255188, 32.737889 ], [ -117.255182, 32.737901 ], [ -117.255175, 32.737914 ], [ -117.255168, 32.737926 ], [ -117.25516, 32.737938 ], [ -117.255153, 32.737951 ], [ -117.255145, 32.73797 ], [ -117.255141, 32.737983 ], [ -117.255137, 32.737996 ], [ -117.255134, 32.73801 ], [ -117.255131, 32.738023 ], [ -117.255129, 32.738037 ], [ -117.255127, 32.738051 ], [ -117.255126, 32.738064 ], [ -117.255125, 32.738078 ], [ -117.255124, 32.738094 ], [ -117.255124, 32.738105 ], [ -117.255125, 32.738119 ], [ -117.255126, 32.738133 ], [ -117.255127, 32.738147 ], [ -117.255129, 32.73816 ], [ -117.255132, 32.738174 ], [ -117.255135, 32.738187 ], [ -117.255138, 32.738201 ], [ -117.255142, 32.738214 ], [ -117.255146, 32.738227 ], [ -117.255151, 32.73824 ], [ -117.255156, 32.738254 ], [ -117.255162, 32.738266 ], [ -117.255168, 32.738279 ], [ -117.255173, 32.738289 ], [ -117.255181, 32.738301 ], [ -117.255188, 32.738313 ], [ -117.255195, 32.738325 ], [ -117.255202, 32.738338 ], [ -117.255207, 32.738351 ], [ -117.255213, 32.738364 ], [ -117.255218, 32.738377 ], [ -117.255222, 32.73839 ], [ -117.255226, 32.738403 ], [ -117.255229, 32.738417 ], [ -117.255232, 32.738437 ], [ -117.255235, 32.738458 ], [ -117.255236, 32.738472 ], [ -117.255236, 32.738485 ], [ -117.255236, 32.738499 ], [ -117.255236, 32.738513 ], [ -117.255234, 32.738526 ], [ -117.255232, 32.73854 ], [ -117.25523, 32.738554 ], [ -117.255227, 32.738567 ], [ -117.255223, 32.738581 ], [ -117.255219, 32.738594 ], [ -117.25521, 32.738608 ], [ -117.255202, 32.73862 ], [ -117.255195, 32.738632 ], [ -117.255187, 32.738644 ], [ -117.25518, 32.738657 ], [ -117.255173, 32.738669 ], [ -117.255166, 32.738681 ], [ -117.255159, 32.738694 ], [ -117.255152, 32.738706 ], [ -117.255146, 32.738719 ], [ -117.25514, 32.738732 ], [ -117.255134, 32.738745 ], [ -117.255128, 32.738757 ], [ -117.255122, 32.73877 ], [ -117.255117, 32.738783 ], [ -117.255111, 32.738796 ], [ -117.255106, 32.738809 ], [ -117.255102, 32.738822 ], [ -117.255097, 32.738836 ], [ -117.255091, 32.738853 ], [ -117.255092, 32.738867 ], [ -117.255092, 32.73888 ], [ -117.255093, 32.738894 ], [ -117.255094, 32.738908 ], [ -117.255098, 32.738935 ], [ -117.2551, 32.738949 ], [ -117.255102, 32.738962 ], [ -117.255105, 32.738976 ], [ -117.255108, 32.738989 ], [ -117.255112, 32.739003 ], [ -117.255115, 32.739016 ], [ -117.255119, 32.739029 ], [ -117.255124, 32.739043 ], [ -117.255128, 32.739056 ], [ -117.255133, 32.739069 ], [ -117.255138, 32.739082 ], [ -117.255144, 32.739095 ], [ -117.255148, 32.739113 ], [ -117.255149, 32.739127 ], [ -117.255149, 32.739141 ], [ -117.255146, 32.739163 ], [ -117.255143, 32.739182 ], [ -117.255139, 32.739195 ], [ -117.255134, 32.739208 ], [ -117.255128, 32.739221 ], [ -117.255122, 32.739234 ], [ -117.255114, 32.739246 ], [ -117.255106, 32.739258 ], [ -117.255097, 32.739269 ], [ -117.255087, 32.73928 ], [ -117.25508, 32.739287 ], [ -117.255075, 32.7393 ], [ -117.25507, 32.739313 ], [ -117.255066, 32.739327 ], [ -117.255061, 32.739345 ], [ -117.255059, 32.739354 ], [ -117.255056, 32.739367 ], [ -117.255053, 32.739381 ], [ -117.255051, 32.739394 ], [ -117.25505, 32.739408 ], [ -117.255048, 32.739422 ], [ -117.255048, 32.739435 ], [ -117.255047, 32.739449 ], [ -117.255047, 32.739463 ], [ -117.255048, 32.739477 ], [ -117.255049, 32.73949 ], [ -117.25505, 32.739504 ], [ -117.255052, 32.739518 ], [ -117.255055, 32.739531 ], [ -117.255057, 32.739543 ], [ -117.255064, 32.739555 ], [ -117.255071, 32.739568 ], [ -117.255077, 32.73958 ], [ -117.255088, 32.739606 ], [ -117.255093, 32.73962 ], [ -117.255097, 32.739633 ], [ -117.255101, 32.739646 ], [ -117.255104, 32.73966 ], [ -117.255107, 32.739673 ], [ -117.255109, 32.739687 ], [ -117.25511, 32.7397 ], [ -117.255111, 32.739714 ], [ -117.255112, 32.739728 ], [ -117.255112, 32.739742 ], [ -117.255111, 32.739755 ], [ -117.25511, 32.739769 ], [ -117.255108, 32.739783 ], [ -117.255106, 32.739796 ], [ -117.255104, 32.73981 ], [ -117.2551, 32.739823 ], [ -117.255096, 32.739837 ], [ -117.255092, 32.73985 ], [ -117.255087, 32.739863 ], [ -117.255083, 32.739873 ], [ -117.255082, 32.739886 ], [ -117.25508, 32.7399 ], [ -117.255078, 32.739914 ], [ -117.255077, 32.739927 ], [ -117.255075, 32.739941 ], [ -117.255074, 32.739955 ], [ -117.255073, 32.739968 ], [ -117.255072, 32.739982 ], [ -117.255071, 32.739996 ], [ -117.255069, 32.74001 ], [ -117.255069, 32.740023 ], [ -117.255068, 32.740037 ], [ -117.255067, 32.740051 ], [ -117.255066, 32.740064 ], [ -117.255066, 32.740078 ], [ -117.255065, 32.740092 ], [ -117.255065, 32.740106 ], [ -117.255064, 32.740119 ], [ -117.255064, 32.740133 ], [ -117.255064, 32.740147 ], [ -117.255064, 32.740161 ], [ -117.255064, 32.740174 ], [ -117.255064, 32.740188 ], [ -117.255064, 32.740202 ], [ -117.255065, 32.740216 ], [ -117.255065, 32.740229 ], [ -117.255065, 32.740243 ], [ -117.255066, 32.740257 ], [ -117.255066, 32.740271 ], [ -117.255067, 32.740284 ], [ -117.255068, 32.740298 ], [ -117.255069, 32.740312 ], [ -117.25507, 32.740325 ], [ -117.255073, 32.740345 ], [ -117.255073, 32.740367 ], [ -117.255074, 32.74038 ], [ -117.255076, 32.740394 ], [ -117.255077, 32.740408 ], [ -117.255079, 32.740421 ], [ -117.25508, 32.740435 ], [ -117.255082, 32.740447 ], [ -117.255084, 32.740462 ], [ -117.255086, 32.740476 ], [ -117.255088, 32.74049 ], [ -117.25509, 32.740503 ], [ -117.255092, 32.740517 ], [ -117.255094, 32.74053 ], [ -117.255097, 32.740544 ], [ -117.255099, 32.740558 ], [ -117.255101, 32.740571 ], [ -117.255104, 32.740585 ], [ -117.255107, 32.740598 ], [ -117.255109, 32.740612 ], [ -117.255112, 32.740625 ], [ -117.255115, 32.740639 ], [ -117.255122, 32.740666 ], [ -117.255124, 32.740679 ], [ -117.255128, 32.740694 ], [ -117.255131, 32.740706 ], [ -117.255134, 32.74072 ], [ -117.255138, 32.740733 ], [ -117.255141, 32.740747 ], [ -117.255145, 32.74076 ], [ -117.255149, 32.740773 ], [ -117.255153, 32.740787 ], [ -117.255156, 32.7408 ], [ -117.25516, 32.740813 ], [ -117.255164, 32.740827 ], [ -117.255169, 32.74084 ], [ -117.255171, 32.740856 ], [ -117.255173, 32.740869 ], [ -117.255174, 32.740883 ], [ -117.255175, 32.740897 ], [ -117.255176, 32.740911 ], [ -117.255177, 32.740924 ], [ -117.255177, 32.740938 ], [ -117.255177, 32.740952 ], [ -117.255176, 32.740966 ], [ -117.255175, 32.740979 ], [ -117.255174, 32.740993 ], [ -117.255173, 32.741007 ], [ -117.255171, 32.74102 ], [ -117.255174, 32.741034 ], [ -117.255176, 32.741048 ], [ -117.255179, 32.741062 ], [ -117.255182, 32.741075 ], [ -117.255185, 32.741089 ], [ -117.255188, 32.741102 ], [ -117.255191, 32.741116 ], [ -117.255194, 32.741129 ], [ -117.255198, 32.741142 ], [ -117.255201, 32.741156 ], [ -117.255205, 32.741169 ], [ -117.255209, 32.741183 ], [ -117.255213, 32.741196 ], [ -117.255217, 32.741209 ], [ -117.255221, 32.741222 ], [ -117.255225, 32.741236 ], [ -117.25523, 32.741249 ], [ -117.255235, 32.741262 ], [ -117.255239, 32.741275 ], [ -117.255244, 32.741288 ], [ -117.255249, 32.741301 ], [ -117.255254, 32.741314 ], [ -117.25526, 32.741327 ], [ -117.255263, 32.741336 ], [ -117.255228, 32.74145 ], [ -117.255229, 32.741482 ], [ -117.255235, 32.741626 ], [ -117.255169, 32.741736 ], [ -117.255124, 32.741775 ], [ -117.255202, 32.741835 ], [ -117.255156, 32.741879 ], [ -117.255046, 32.741901 ], [ -117.255065, 32.741978 ], [ -117.255146, 32.742077 ], [ -117.255215, 32.74216 ], [ -117.255221, 32.742286 ], [ -117.255176, 32.742413 ], [ -117.25513, 32.742435 ], [ -117.255045, 32.742446 ], [ -117.255055, 32.742476 ], [ -117.255043, 32.742485 ], [ -117.255031, 32.742494 ], [ -117.255019, 32.742506 ], [ -117.255011, 32.742518 ], [ -117.255005, 32.742531 ], [ -117.255001, 32.742544 ], [ -117.254999, 32.742558 ], [ -117.254999, 32.742571 ], [ -117.255001, 32.742585 ], [ -117.255007, 32.742601 ], [ -117.255013, 32.742615 ], [ -117.255018, 32.742629 ], [ -117.255021, 32.742642 ], [ -117.255024, 32.742655 ], [ -117.255026, 32.742669 ], [ -117.255028, 32.742683 ], [ -117.255028, 32.742697 ], [ -117.255027, 32.74271 ], [ -117.255026, 32.742724 ], [ -117.255023, 32.742738 ], [ -117.25502, 32.742751 ], [ -117.255016, 32.742764 ], [ -117.25501, 32.742777 ], [ -117.255006, 32.742787 ], [ -117.255001, 32.7428 ], [ -117.254996, 32.742813 ], [ -117.254992, 32.742826 ], [ -117.254989, 32.74284 ], [ -117.254985, 32.742853 ], [ -117.254982, 32.742867 ], [ -117.25498, 32.74288 ], [ -117.254978, 32.742894 ], [ -117.254976, 32.742907 ], [ -117.254975, 32.742921 ], [ -117.254974, 32.742935 ], [ -117.254974, 32.742949 ], [ -117.254974, 32.742962 ], [ -117.254974, 32.742976 ], [ -117.254975, 32.74299 ], [ -117.254976, 32.742999 ], [ -117.254976, 32.743012 ], [ -117.254977, 32.743026 ], [ -117.254979, 32.74304 ], [ -117.254983, 32.743053 ], [ -117.254988, 32.743066 ], [ -117.254994, 32.743079 ], [ -117.255002, 32.743091 ], [ -117.255011, 32.743102 ], [ -117.255021, 32.743113 ], [ -117.255033, 32.743123 ], [ -117.255043, 32.74313 ], [ -117.255052, 32.743141 ], [ -117.255061, 32.743153 ], [ -117.255068, 32.743165 ], [ -117.255074, 32.743178 ], [ -117.255079, 32.743191 ], [ -117.255082, 32.743204 ], [ -117.255083, 32.743218 ], [ -117.255083, 32.743232 ], [ -117.255082, 32.743245 ], [ -117.255079, 32.743259 ], [ -117.255075, 32.743272 ], [ -117.255069, 32.743285 ], [ -117.255064, 32.743295 ], [ -117.255057, 32.743307 ], [ -117.255049, 32.743319 ], [ -117.255041, 32.743331 ], [ -117.255032, 32.743343 ], [ -117.255023, 32.743354 ], [ -117.255013, 32.743365 ], [ -117.255002, 32.743375 ], [ -117.254991, 32.743385 ], [ -117.25498, 32.743395 ], [ -117.254967, 32.743404 ], [ -117.254955, 32.743413 ], [ -117.254942, 32.743421 ], [ -117.254928, 32.743428 ], [ -117.254914, 32.743436 ], [ -117.2549, 32.743442 ], [ -117.254885, 32.743448 ], [ -117.254877, 32.743464 ], [ -117.254878, 32.743477 ], [ -117.254882, 32.743491 ], [ -117.254889, 32.743503 ], [ -117.2549, 32.743513 ], [ -117.254913, 32.743522 ], [ -117.254927, 32.743528 ], [ -117.254943, 32.743531 ], [ -117.254959, 32.743531 ], [ -117.254975, 32.743528 ], [ -117.25499, 32.743522 ], [ -117.255001, 32.743509 ], [ -117.255011, 32.743499 ], [ -117.255022, 32.743489 ], [ -117.255034, 32.743479 ], [ -117.255047, 32.743471 ], [ -117.255075, 32.743458 ], [ -117.25509, 32.743452 ], [ -117.255106, 32.743448 ], [ -117.255138, 32.743444 ], [ -117.255154, 32.743443 ], [ -117.25517, 32.743444 ], [ -117.255187, 32.743445 ], [ -117.255202, 32.743448 ], [ -117.255218, 32.743452 ], [ -117.255228, 32.743456 ], [ -117.255234, 32.743468 ], [ -117.255239, 32.743481 ], [ -117.255243, 32.743495 ], [ -117.255246, 32.743508 ], [ -117.255248, 32.743522 ], [ -117.255248, 32.743536 ], [ -117.255248, 32.743549 ], [ -117.255246, 32.743563 ], [ -117.255244, 32.743577 ], [ -117.25524, 32.74359 ], [ -117.255235, 32.743603 ], [ -117.255229, 32.743616 ], [ -117.255223, 32.743628 ], [ -117.255215, 32.743641 ], [ -117.255206, 32.743652 ], [ -117.255196, 32.743663 ], [ -117.255185, 32.743676 ], [ -117.255176, 32.743687 ], [ -117.255166, 32.743698 ], [ -117.255156, 32.743709 ], [ -117.255146, 32.743719 ], [ -117.255135, 32.74373 ], [ -117.255125, 32.74374 ], [ -117.255114, 32.743751 ], [ -117.255103, 32.743761 ], [ -117.255092, 32.743771 ], [ -117.255081, 32.743781 ], [ -117.255069, 32.743791 ], [ -117.255058, 32.7438 ], [ -117.255046, 32.74381 ], [ -117.255034, 32.743819 ], [ -117.255022, 32.743829 ], [ -117.25501, 32.743838 ], [ -117.254998, 32.743847 ], [ -117.254985, 32.743856 ], [ -117.254973, 32.743864 ], [ -117.25496, 32.743873 ], [ -117.254947, 32.743881 ], [ -117.254934, 32.743889 ], [ -117.254921, 32.743898 ], [ -117.254908, 32.743905 ], [ -117.254894, 32.743913 ], [ -117.254881, 32.743921 ], [ -117.254867, 32.743928 ], [ -117.254857, 32.743934 ], [ -117.254849, 32.743946 ], [ -117.254844, 32.743959 ], [ -117.254842, 32.743973 ], [ -117.254843, 32.743987 ], [ -117.254848, 32.744 ], [ -117.254855, 32.744012 ], [ -117.254865, 32.744023 ], [ -117.254877, 32.744032 ], [ -117.254891, 32.744039 ], [ -117.254906, 32.744044 ], [ -117.254922, 32.744046 ], [ -117.254938, 32.744046 ], [ -117.254962, 32.74404 ], [ -117.254971, 32.744029 ], [ -117.254981, 32.744018 ], [ -117.254991, 32.744007 ], [ -117.255002, 32.743997 ], [ -117.255013, 32.743987 ], [ -117.255025, 32.743978 ], [ -117.255037, 32.743968 ], [ -117.255049, 32.743959 ], [ -117.255062, 32.743951 ], [ -117.255075, 32.743943 ], [ -117.255089, 32.743935 ], [ -117.255103, 32.743928 ], [ -117.255119, 32.74392 ], [ -117.255116, 32.743964 ], [ -117.255207, 32.743947 ], [ -117.255274, 32.743924 ], [ -117.255282, 32.743944 ], [ -117.255286, 32.743957 ], [ -117.255288, 32.743971 ], [ -117.255289, 32.743984 ], [ -117.255287, 32.743998 ], [ -117.255284, 32.744016 ], [ -117.255285, 32.744029 ], [ -117.255288, 32.744043 ], [ -117.255291, 32.744056 ], [ -117.255295, 32.74407 ], [ -117.2553, 32.744083 ], [ -117.255306, 32.744096 ], [ -117.255313, 32.744108 ], [ -117.255321, 32.74412 ], [ -117.255329, 32.744132 ], [ -117.255338, 32.744143 ], [ -117.255348, 32.744154 ], [ -117.255359, 32.744165 ], [ -117.25537, 32.744174 ], [ -117.255382, 32.744184 ], [ -117.255395, 32.744193 ], [ -117.255401, 32.744207 ], [ -117.255406, 32.74422 ], [ -117.255411, 32.744233 ], [ -117.255416, 32.744246 ], [ -117.25542, 32.744259 ], [ -117.255424, 32.744273 ], [ -117.255428, 32.744286 ], [ -117.255432, 32.744299 ], [ -117.255435, 32.744313 ], [ -117.255438, 32.744326 ], [ -117.255441, 32.74434 ], [ -117.255444, 32.744353 ], [ -117.255446, 32.744367 ], [ -117.255448, 32.74438 ], [ -117.25545, 32.744394 ], [ -117.255452, 32.744408 ], [ -117.255453, 32.744421 ], [ -117.255455, 32.744435 ], [ -117.255455, 32.744449 ], [ -117.255456, 32.744463 ], [ -117.255457, 32.744476 ], [ -117.255457, 32.74449 ], [ -117.255457, 32.744504 ], [ -117.255457, 32.744518 ], [ -117.255456, 32.744531 ], [ -117.255455, 32.744545 ], [ -117.255454, 32.744559 ], [ -117.255453, 32.744572 ], [ -117.255452, 32.744586 ], [ -117.25545, 32.744603 ], [ -117.255452, 32.744616 ], [ -117.255455, 32.74463 ], [ -117.255457, 32.744643 ], [ -117.255458, 32.744657 ], [ -117.255459, 32.744671 ], [ -117.25546, 32.744685 ], [ -117.25546, 32.744698 ], [ -117.255459, 32.744712 ], [ -117.255458, 32.744726 ], [ -117.255457, 32.744739 ], [ -117.255455, 32.744753 ], [ -117.255452, 32.744767 ], [ -117.255449, 32.74478 ], [ -117.255446, 32.744794 ], [ -117.255442, 32.744807 ], [ -117.255438, 32.74482 ], [ -117.255433, 32.744833 ], [ -117.255428, 32.744846 ], [ -117.255422, 32.744859 ], [ -117.255416, 32.744872 ], [ -117.255405, 32.744891 ], [ -117.255395, 32.744909 ], [ -117.255387, 32.744921 ], [ -117.255379, 32.744933 ], [ -117.25537, 32.744945 ], [ -117.255361, 32.744956 ], [ -117.255351, 32.744967 ], [ -117.255341, 32.744978 ], [ -117.255331, 32.744989 ], [ -117.25532, 32.744999 ], [ -117.255309, 32.745009 ], [ -117.255301, 32.745016 ], [ -117.255296, 32.745029 ], [ -117.25529, 32.745042 ], [ -117.255285, 32.745055 ], [ -117.25528, 32.745068 ], [ -117.255275, 32.745081 ], [ -117.255271, 32.745094 ], [ -117.255267, 32.745108 ], [ -117.255263, 32.745121 ], [ -117.25526, 32.745135 ], [ -117.255257, 32.745148 ], [ -117.255254, 32.745162 ], [ -117.255252, 32.745175 ], [ -117.25525, 32.745189 ], [ -117.255248, 32.745203 ], [ -117.255247, 32.745216 ], [ -117.255246, 32.74523 ], [ -117.255245, 32.745244 ], [ -117.255245, 32.745257 ], [ -117.255245, 32.745271 ], [ -117.255245, 32.745285 ], [ -117.255246, 32.745299 ], [ -117.255246, 32.745311 ], [ -117.255244, 32.745324 ], [ -117.255242, 32.745338 ], [ -117.25524, 32.745352 ], [ -117.255237, 32.745365 ], [ -117.255235, 32.745379 ], [ -117.255232, 32.745392 ], [ -117.255229, 32.745406 ], [ -117.255225, 32.745419 ], [ -117.255222, 32.745433 ], [ -117.255218, 32.745446 ], [ -117.255214, 32.745459 ], [ -117.25521, 32.745473 ], [ -117.255206, 32.745486 ], [ -117.255201, 32.745499 ], [ -117.255196, 32.745512 ], [ -117.255191, 32.745525 ], [ -117.255186, 32.745538 ], [ -117.255181, 32.745551 ], [ -117.255172, 32.745572 ], [ -117.255164, 32.74559 ], [ -117.255158, 32.745603 ], [ -117.255152, 32.745614 ], [ -117.255153, 32.745628 ], [ -117.255154, 32.745641 ], [ -117.255155, 32.745655 ], [ -117.255156, 32.745669 ], [ -117.255157, 32.745682 ], [ -117.255157, 32.745696 ], [ -117.255158, 32.74571 ], [ -117.255159, 32.745724 ], [ -117.25516, 32.745737 ], [ -117.255161, 32.745751 ], [ -117.255163, 32.745765 ], [ -117.255164, 32.745778 ], [ -117.255165, 32.745792 ], [ -117.255166, 32.745806 ], [ -117.255168, 32.745833 ], [ -117.255169, 32.745847 ], [ -117.25517, 32.745861 ], [ -117.255172, 32.745874 ], [ -117.255173, 32.745888 ], [ -117.255174, 32.745902 ], [ -117.255176, 32.745915 ], [ -117.255177, 32.745929 ], [ -117.255179, 32.745949 ], [ -117.255178, 32.745963 ], [ -117.255178, 32.745976 ], [ -117.255177, 32.74599 ], [ -117.255177, 32.746004 ], [ -117.255176, 32.746018 ], [ -117.255175, 32.746031 ], [ -117.255173, 32.746045 ], [ -117.255172, 32.746059 ], [ -117.255171, 32.746072 ], [ -117.255169, 32.746086 ], [ -117.255168, 32.7461 ], [ -117.255166, 32.746113 ], [ -117.255164, 32.746127 ], [ -117.255162, 32.746141 ], [ -117.255159, 32.746154 ], [ -117.255157, 32.746168 ], [ -117.255155, 32.746181 ], [ -117.255152, 32.746195 ], [ -117.255149, 32.746209 ], [ -117.255146, 32.746222 ], [ -117.255143, 32.746236 ], [ -117.25514, 32.746249 ], [ -117.255137, 32.746262 ], [ -117.255134, 32.746276 ], [ -117.25513, 32.746289 ], [ -117.255126, 32.746303 ], [ -117.255123, 32.746316 ], [ -117.255119, 32.746329 ], [ -117.255113, 32.746349 ], [ -117.255106, 32.746369 ], [ -117.255102, 32.746383 ], [ -117.255097, 32.746396 ], [ -117.255093, 32.746409 ], [ -117.255088, 32.746422 ], [ -117.255083, 32.746433 ], [ -117.255081, 32.746447 ], [ -117.255078, 32.74646 ], [ -117.255074, 32.746474 ], [ -117.25507, 32.746487 ], [ -117.255065, 32.7465 ], [ -117.25506, 32.746513 ], [ -117.255054, 32.746526 ], [ -117.255048, 32.746539 ], [ -117.255042, 32.746552 ], [ -117.255035, 32.746564 ], [ -117.255027, 32.746576 ], [ -117.255019, 32.746588 ], [ -117.255011, 32.7466 ], [ -117.255002, 32.746612 ], [ -117.254993, 32.746623 ], [ -117.254984, 32.746634 ], [ -117.254974, 32.746645 ], [ -117.254963, 32.746655 ], [ -117.254952, 32.746666 ], [ -117.254941, 32.746676 ], [ -117.25493, 32.746686 ], [ -117.254918, 32.746695 ], [ -117.254906, 32.746704 ], [ -117.254893, 32.746713 ], [ -117.254881, 32.746721 ], [ -117.254868, 32.74673 ], [ -117.254854, 32.746737 ], [ -117.254841, 32.746745 ], [ -117.254827, 32.746752 ], [ -117.254812, 32.746759 ], [ -117.254798, 32.746765 ], [ -117.254783, 32.746771 ], [ -117.254768, 32.746777 ], [ -117.254753, 32.746782 ], [ -117.254738, 32.746787 ], [ -117.254723, 32.746791 ], [ -117.254707, 32.746795 ], [ -117.254692, 32.746799 ], [ -117.254676, 32.746802 ], [ -117.25466, 32.746804 ], [ -117.254644, 32.746807 ], [ -117.254628, 32.746809 ], [ -117.254612, 32.74681 ], [ -117.254597, 32.746813 ], [ -117.25439, 32.746931 ], [ -117.254335, 32.74696 ], [ -117.254119, 32.746814 ], [ -117.254051, 32.746905 ], [ -117.253836, 32.747191 ], [ -117.253795, 32.747268 ], [ -117.253751, 32.747357 ], [ -117.253582, 32.747696 ], [ -117.253521, 32.748049 ], [ -117.253471, 32.748519 ], [ -117.253447, 32.749506 ], [ -117.253476, 32.750119 ], [ -117.253553, 32.75116 ], [ -117.253538, 32.752127 ], [ -117.253529, 32.752721 ], [ -117.253735, 32.75397 ], [ -117.253071, 32.754052 ], [ -117.253001, 32.754061 ], [ -117.25302, 32.754075 ], [ -117.253028, 32.754085 ], [ -117.253034, 32.754098 ], [ -117.253037, 32.754111 ], [ -117.253036, 32.754125 ], [ -117.253031, 32.754138 ], [ -117.253024, 32.75415 ], [ -117.253013, 32.75416 ], [ -117.253, 32.754169 ], [ -117.252986, 32.754174 ], [ -117.25297, 32.754177 ], [ -117.252954, 32.75418 ], [ -117.252938, 32.754183 ], [ -117.252906, 32.754188 ], [ -117.252874, 32.754193 ], [ -117.252858, 32.754195 ], [ -117.252864, 32.754289 ], [ -117.252897, 32.754457 ], [ -117.252903, 32.754485 ], [ -117.252962, 32.75478 ], [ -117.253275, 32.755644 ], [ -117.253283, 32.755916 ], [ -117.253298, 32.756406 ], [ -117.253322, 32.756521 ], [ -117.253394, 32.756867 ], [ -117.253419, 32.756984 ], [ -117.253424, 32.757011 ], [ -117.253441, 32.757092 ], [ -117.253447, 32.757119 ], [ -117.253582, 32.757491 ], [ -117.253987, 32.758608 ], [ -117.254123, 32.758981 ], [ -117.254125, 32.759172 ], [ -117.253541, 32.759232 ], [ -117.253517, 32.759306 ], [ -117.2535, 32.759359 ], [ -117.253484, 32.759412 ], [ -117.253453, 32.759519 ], [ -117.253409, 32.759694 ], [ -117.253386, 32.759802 ], [ -117.253358, 32.759947 ], [ -117.253338, 32.760074 ], [ -117.253327, 32.760156 ], [ -117.253313, 32.760279 ], [ -117.253306, 32.760361 ], [ -117.253158, 32.762371 ], [ -117.253115, 32.762954 ], [ -117.253086, 32.763353 ], [ -117.253076, 32.763491 ], [ -117.252834, 32.766794 ], [ -117.252834, 32.766821 ], [ -117.252843, 32.767102 ], [ -117.252851, 32.767343 ], [ -117.252859, 32.767591 ], [ -117.253098, 32.772162 ], [ -117.253104, 32.772472 ], [ -117.253127, 32.773283 ], [ -117.25314, 32.77359 ], [ -117.253151, 32.77382 ], [ -117.253185, 32.774395 ], [ -117.253202, 32.774628 ], [ -117.253208, 32.77471 ], [ -117.253232, 32.775012 ], [ -117.25325, 32.775217 ], [ -117.253256, 32.775286 ], [ -117.253257, 32.775308 ], [ -117.253269, 32.775596 ], [ -117.253276, 32.775816 ], [ -117.253281, 32.775981 ], [ -117.253282, 32.77605 ], [ -117.253286, 32.776256 ], [ -117.253288, 32.776393 ], [ -117.253289, 32.77649 ], [ -117.253289, 32.776517 ], [ -117.25329, 32.776558 ], [ -117.253371, 32.77766 ], [ -117.253375, 32.778308 ], [ -117.25342, 32.779079 ], [ -117.253425, 32.779175 ], [ -117.253433, 32.779285 ], [ -117.253447, 32.779463 ], [ -117.253454, 32.779542 ], [ -117.253466, 32.779668 ], [ -117.253476, 32.779764 ], [ -117.253478, 32.779805 ], [ -117.25348, 32.779846 ], [ -117.253494, 32.780011 ], [ -117.2535, 32.780066 ], [ -117.253512, 32.780161 ], [ -117.253527, 32.780257 ], [ -117.253541, 32.780338 ], [ -117.253545, 32.780385 ], [ -117.253565, 32.780673 ], [ -117.25357, 32.780763 ], [ -117.25358, 32.780975 ], [ -117.253595, 32.781209 ], [ -117.253609, 32.781359 ], [ -117.253633, 32.781564 ], [ -117.25367, 32.78181 ], [ -117.253706, 32.782008 ], [ -117.253727, 32.782108 ], [ -117.253745, 32.782189 ], [ -117.253759, 32.782273 ], [ -117.25379, 32.782463 ], [ -117.253841, 32.782772 ], [ -117.253883, 32.783018 ], [ -117.253928, 32.78328 ], [ -117.253978, 32.783565 ], [ -117.254029, 32.783851 ], [ -117.254068, 32.784068 ], [ -117.254096, 32.784217 ], [ -117.254116, 32.784326 ], [ -117.254138, 32.784448 ], [ -117.254182, 32.784679 ], [ -117.254216, 32.784855 ], [ -117.254261, 32.785086 ], [ -117.254298, 32.785275 ], [ -117.254336, 32.785465 ], [ -117.254379, 32.78568 ], [ -117.254425, 32.785908 ], [ -117.254463, 32.786093 ], [ -117.254488, 32.78621 ], [ -117.254505, 32.786291 ], [ -117.254553, 32.786521 ], [ -117.254582, 32.786656 ], [ -117.25473, 32.787332 ], [ -117.25484, 32.787818 ], [ -117.254965, 32.788357 ], [ -117.255048, 32.788708 ], [ -117.25517, 32.7892 ], [ -117.25525, 32.789509 ], [ -117.255278, 32.789616 ], [ -117.255284, 32.789644 ], [ -117.255296, 32.789687 ], [ -117.255313, 32.789765 ], [ -117.25547, 32.790485 ], [ -117.255494, 32.790582 ], [ -117.255637, 32.791157 ], [ -117.256041, 32.792768 ], [ -117.256078, 32.792879 ], [ -117.256265, 32.793444 ], [ -117.256548, 32.794297 ], [ -117.256646, 32.79457 ], [ -117.257224, 32.796174 ], [ -117.257445, 32.796788 ], [ -117.257705, 32.797338 ], [ -117.257867, 32.797919 ], [ -117.257874, 32.797943 ], [ -117.258346, 32.799009 ], [ -117.258424, 32.799185 ], [ -117.258622, 32.799632 ], [ -117.258653, 32.799715 ], [ -117.258722, 32.799896 ], [ -117.258802, 32.800108 ], [ -117.258888, 32.800336 ], [ -117.259101, 32.800717 ], [ -117.259212, 32.800915 ], [ -117.259535, 32.801495 ], [ -117.259605, 32.801619 ], [ -117.259832, 32.802024 ], [ -117.260323, 32.802733 ], [ -117.260859, 32.803509 ], [ -117.260964, 32.803618 ], [ -117.261524, 32.804201 ], [ -117.261553, 32.804232 ], [ -117.261643, 32.804325 ], [ -117.261673, 32.804356 ], [ -117.261761, 32.804448 ], [ -117.261823, 32.804513 ], [ -117.261852, 32.80455 ], [ -117.26187, 32.804573 ], [ -117.261888, 32.804595 ], [ -117.261906, 32.804618 ], [ -117.261943, 32.804664 ], [ -117.261979, 32.80471 ], [ -117.262006, 32.804744 ], [ -117.262042, 32.80479 ], [ -117.262097, 32.804858 ], [ -117.262143, 32.804915 ], [ -117.262186, 32.804969 ], [ -117.262225, 32.805017 ], [ -117.262262, 32.805062 ], [ -117.26228, 32.805085 ], [ -117.26229, 32.805096 ], [ -117.262317, 32.80513 ], [ -117.262336, 32.805153 ], [ -117.262354, 32.805176 ], [ -117.262363, 32.805187 ], [ -117.262382, 32.805209 ], [ -117.262391, 32.805221 ], [ -117.262419, 32.805255 ], [ -117.262437, 32.805277 ], [ -117.262465, 32.805311 ], [ -117.262493, 32.805345 ], [ -117.262512, 32.805367 ], [ -117.26254, 32.805401 ], [ -117.262549, 32.805413 ], [ -117.262558, 32.805424 ], [ -117.262586, 32.805458 ], [ -117.262624, 32.805503 ], [ -117.262663, 32.80555 ], [ -117.262691, 32.805599 ], [ -117.262721, 32.805648 ], [ -117.262773, 32.805734 ], [ -117.262819, 32.805807 ], [ -117.26285, 32.805855 ], [ -117.262874, 32.805891 ], [ -117.262906, 32.805939 ], [ -117.262938, 32.805986 ], [ -117.262971, 32.806034 ], [ -117.26299, 32.80606 ], [ -117.263056, 32.806151 ], [ -117.26309, 32.806198 ], [ -117.263134, 32.806256 ], [ -117.263201, 32.806342 ], [ -117.263251, 32.806405 ], [ -117.263294, 32.806458 ], [ -117.263348, 32.806523 ], [ -117.263401, 32.806584 ], [ -117.263469, 32.806662 ], [ -117.263508, 32.806706 ], [ -117.263558, 32.80676 ], [ -117.263643, 32.806851 ], [ -117.263716, 32.806926 ], [ -117.263791, 32.807001 ], [ -117.263848, 32.807057 ], [ -117.263886, 32.807093 ], [ -117.263934, 32.807139 ], [ -117.263956, 32.807159 ], [ -117.264, 32.8072 ], [ -117.264033, 32.80723 ], [ -117.264067, 32.80726 ], [ -117.264112, 32.8073 ], [ -117.264146, 32.807329 ], [ -117.264203, 32.807378 ], [ -117.264261, 32.807427 ], [ -117.264319, 32.807475 ], [ -117.264354, 32.807503 ], [ -117.264422, 32.807555 ], [ -117.264479, 32.807596 ], [ -117.264535, 32.807633 ], [ -117.264609, 32.807679 ], [ -117.264639, 32.807697 ], [ -117.264731, 32.807748 ], [ -117.264786, 32.807777 ], [ -117.264857, 32.807811 ], [ -117.264958, 32.807855 ], [ -117.265035, 32.807886 ], [ -117.265106, 32.807912 ], [ -117.265182, 32.807937 ], [ -117.265233, 32.807949 ], [ -117.265281, 32.807958 ], [ -117.265308, 32.807962 ], [ -117.265324, 32.807965 ], [ -117.26534, 32.807966 ], [ -117.265353, 32.807968 ], [ -117.265373, 32.80797 ], [ -117.265389, 32.807971 ], [ -117.265405, 32.807972 ], [ -117.265421, 32.807973 ], [ -117.265437, 32.807974 ], [ -117.265454, 32.807974 ], [ -117.26547, 32.807974 ], [ -117.265486, 32.807974 ], [ -117.265503, 32.807974 ], [ -117.265522, 32.807973 ], [ -117.265535, 32.807973 ], [ -117.265551, 32.807972 ], [ -117.265568, 32.807971 ], [ -117.265584, 32.80797 ], [ -117.265599, 32.807969 ], [ -117.265616, 32.807967 ], [ -117.265632, 32.807965 ], [ -117.265648, 32.807963 ], [ -117.265664, 32.80796 ], [ -117.26568, 32.807958 ], [ -117.265696, 32.807955 ], [ -117.265713, 32.807952 ], [ -117.265735, 32.807947 ], [ -117.265751, 32.807944 ], [ -117.265766, 32.80794 ], [ -117.265782, 32.807937 ], [ -117.265795, 32.807934 ], [ -117.265813, 32.807929 ], [ -117.265829, 32.807925 ], [ -117.265844, 32.807921 ], [ -117.26586, 32.807917 ], [ -117.265875, 32.807912 ], [ -117.265891, 32.807907 ], [ -117.265906, 32.807903 ], [ -117.265921, 32.807898 ], [ -117.265936, 32.807893 ], [ -117.265951, 32.807888 ], [ -117.265967, 32.807883 ], [ -117.265978, 32.807879 ], [ -117.265991, 32.807874 ], [ -117.266007, 32.807868 ], [ -117.266026, 32.807861 ], [ -117.266041, 32.807855 ], [ -117.266058, 32.807848 ], [ -117.26607, 32.807843 ], [ -117.266085, 32.807836 ], [ -117.266128, 32.807817 ], [ -117.266167, 32.807798 ], [ -117.266212, 32.807775 ], [ -117.266253, 32.807759 ], [ -117.266298, 32.807743 ], [ -117.266328, 32.807732 ], [ -117.266358, 32.807722 ], [ -117.266392, 32.807712 ], [ -117.266435, 32.8077 ], [ -117.266497, 32.807683 ], [ -117.266544, 32.807672 ], [ -117.266572, 32.807666 ], [ -117.266623, 32.807656 ], [ -117.266655, 32.80765 ], [ -117.266703, 32.807642 ], [ -117.266751, 32.807636 ], [ -117.266783, 32.807632 ], [ -117.266848, 32.807625 ], [ -117.266913, 32.807621 ], [ -117.266945, 32.807618 ], [ -117.266993, 32.807615 ], [ -117.267042, 32.807614 ], [ -117.267083, 32.807614 ], [ -117.26714, 32.807617 ], [ -117.267188, 32.807621 ], [ -117.267243, 32.807629 ], [ -117.2673, 32.807639 ], [ -117.267363, 32.807653 ], [ -117.267405, 32.807665 ], [ -117.2675, 32.807697 ], [ -117.267529, 32.807709 ], [ -117.267595, 32.807745 ], [ -117.267662, 32.807785 ], [ -117.267726, 32.807827 ], [ -117.267788, 32.807871 ], [ -117.267871, 32.807937 ], [ -117.267918, 32.807978 ], [ -117.26797, 32.808028 ], [ -117.268012, 32.808071 ], [ -117.268065, 32.808128 ], [ -117.268135, 32.808186 ], [ -117.268238, 32.808274 ], [ -117.268304, 32.808334 ], [ -117.268412, 32.808437 ], [ -117.268513, 32.808541 ], [ -117.268867, 32.80896 ], [ -117.268989, 32.809105 ], [ -117.269008, 32.809146 ], [ -117.269305, 32.809786 ], [ -117.269404, 32.81 ], [ -117.269438, 32.810073 ], [ -117.269493, 32.810198 ], [ -117.269516, 32.810249 ], [ -117.269548, 32.810355 ], [ -117.269679, 32.810782 ], [ -117.269697, 32.810819 ], [ -117.269793, 32.811016 ], [ -117.269858, 32.811152 ], [ -117.269887, 32.811211 ], [ -117.270148, 32.811498 ], [ -117.270133, 32.811665 ], [ -117.27055, 32.811943 ], [ -117.27072, 32.81213 ], [ -117.271247, 32.8129 ], [ -117.271353, 32.813015 ], [ -117.27154, 32.813219 ], [ -117.271533, 32.813363 ], [ -117.271985, 32.813534 ], [ -117.271995, 32.813543 ], [ -117.272007, 32.813553 ], [ -117.272018, 32.813563 ], [ -117.272028, 32.813574 ], [ -117.272039, 32.813584 ], [ -117.27205, 32.813594 ], [ -117.272061, 32.813605 ], [ -117.272071, 32.813615 ], [ -117.272081, 32.813626 ], [ -117.272092, 32.813636 ], [ -117.272102, 32.813647 ], [ -117.272112, 32.813658 ], [ -117.272122, 32.813669 ], [ -117.272132, 32.81368 ], [ -117.272142, 32.813691 ], [ -117.272151, 32.813702 ], [ -117.272161, 32.813713 ], [ -117.27217, 32.813724 ], [ -117.272179, 32.813735 ], [ -117.272189, 32.813747 ], [ -117.272198, 32.813758 ], [ -117.272207, 32.813769 ], [ -117.272216, 32.813781 ], [ -117.272224, 32.813792 ], [ -117.272233, 32.813804 ], [ -117.272242, 32.813816 ], [ -117.27225, 32.813828 ], [ -117.272258, 32.813839 ], [ -117.272267, 32.813851 ], [ -117.272275, 32.813863 ], [ -117.272283, 32.813875 ], [ -117.27229, 32.813887 ], [ -117.272298, 32.813899 ], [ -117.272306, 32.813911 ], [ -117.272313, 32.813924 ], [ -117.272321, 32.813936 ], [ -117.27233, 32.81395 ], [ -117.272337, 32.813962 ], [ -117.272346, 32.813974 ], [ -117.272355, 32.813986 ], [ -117.272365, 32.813997 ], [ -117.272375, 32.814007 ], [ -117.272386, 32.814018 ], [ -117.272398, 32.814028 ], [ -117.27241, 32.814037 ], [ -117.27244, 32.814058 ], [ -117.272468, 32.814072 ], [ -117.272511, 32.814091 ], [ -117.272567, 32.814105 ], [ -117.272616, 32.814111 ], [ -117.272662, 32.814114 ], [ -117.272681, 32.814112 ], [ -117.272695, 32.81411 ], [ -117.272711, 32.814109 ], [ -117.272727, 32.814109 ], [ -117.272743, 32.81411 ], [ -117.272759, 32.814113 ], [ -117.272775, 32.814116 ], [ -117.27279, 32.814121 ], [ -117.272805, 32.814127 ], [ -117.272819, 32.814134 ], [ -117.272832, 32.814142 ], [ -117.272845, 32.814151 ], [ -117.272856, 32.81416 ], [ -117.27287, 32.814169 ], [ -117.272885, 32.814174 ], [ -117.272915, 32.814183 ], [ -117.272948, 32.814187 ], [ -117.272964, 32.814188 ], [ -117.27298, 32.814189 ], [ -117.272996, 32.814189 ], [ -117.273007, 32.814189 ], [ -117.273023, 32.814188 ], [ -117.273045, 32.814186 ], [ -117.273056, 32.814184 ], [ -117.273077, 32.814181 ], [ -117.273108, 32.814173 ], [ -117.273123, 32.814168 ], [ -117.273134, 32.814165 ], [ -117.273149, 32.814159 ], [ -117.273163, 32.814152 ], [ -117.273191, 32.814141 ], [ -117.273221, 32.81413 ], [ -117.273237, 32.814126 ], [ -117.273269, 32.814122 ], [ -117.273285, 32.814121 ], [ -117.273301, 32.814121 ], [ -117.273317, 32.814121 ], [ -117.273353, 32.814126 ], [ -117.273365, 32.814129 ], [ -117.273382, 32.814135 ], [ -117.273395, 32.814144 ], [ -117.273406, 32.814153 ], [ -117.273417, 32.814163 ], [ -117.273427, 32.814174 ], [ -117.273435, 32.814186 ], [ -117.273443, 32.814198 ], [ -117.273454, 32.814217 ], [ -117.273459, 32.81423 ], [ -117.273466, 32.81427 ], [ -117.273465, 32.81429 ], [ -117.273464, 32.814319 ], [ -117.273462, 32.814333 ], [ -117.27346, 32.814343 ], [ -117.273456, 32.814384 ], [ -117.273454, 32.814428 ], [ -117.273452, 32.814453 ], [ -117.273452, 32.81448 ], [ -117.273455, 32.814549 ], [ -117.27346, 32.814593 ], [ -117.273463, 32.814617 ], [ -117.27347, 32.814658 ], [ -117.273482, 32.814712 ], [ -117.27349, 32.814742 ], [ -117.273494, 32.814756 ], [ -117.2735, 32.814774 ], [ -117.273454, 32.814845 ], [ -117.27346, 32.814864 ], [ -117.273465, 32.814972 ], [ -117.27348, 32.815111 ], [ -117.273526, 32.815247 ], [ -117.273532, 32.815265 ], [ -117.273714, 32.815458 ], [ -117.273799, 32.81548 ], [ -117.273877, 32.81554 ], [ -117.273919, 32.81554 ], [ -117.273931, 32.815542 ], [ -117.273947, 32.815544 ], [ -117.273963, 32.815547 ], [ -117.273975, 32.815544 ], [ -117.273991, 32.815541 ], [ -117.274007, 32.81554 ], [ -117.274023, 32.815545 ], [ -117.274037, 32.815551 ], [ -117.274049, 32.815561 ], [ -117.274061, 32.815569 ], [ -117.274067, 32.81558 ], [ -117.274071, 32.815595 ], [ -117.274067, 32.815612 ], [ -117.274063, 32.815625 ], [ -117.274056, 32.815638 ], [ -117.274046, 32.81565 ], [ -117.274034, 32.815658 ], [ -117.274021, 32.815667 ], [ -117.274006, 32.815675 ], [ -117.273993, 32.815684 ], [ -117.273967, 32.8157 ], [ -117.273941, 32.815716 ], [ -117.2739, 32.815739 ], [ -117.273858, 32.81576 ], [ -117.273831, 32.815773 ], [ -117.273802, 32.815786 ], [ -117.273773, 32.815798 ], [ -117.273744, 32.81581 ], [ -117.273728, 32.815817 ], [ -117.27372, 32.815829 ], [ -117.273704, 32.815853 ], [ -117.273679, 32.815888 ], [ -117.273663, 32.815912 ], [ -117.273646, 32.815936 ], [ -117.273621, 32.815971 ], [ -117.273613, 32.815983 ], [ -117.273597, 32.816005 ], [ -117.273499, 32.815983 ], [ -117.273459, 32.816184 ], [ -117.273401, 32.816227 ], [ -117.273421, 32.816365 ], [ -117.273323, 32.816502 ], [ -117.273242, 32.81654 ], [ -117.273173, 32.816574 ], [ -117.273123, 32.816636 ], [ -117.273075, 32.816695 ], [ -117.273082, 32.81673 ], [ -117.27314, 32.816997 ], [ -117.273169, 32.817051 ], [ -117.273223, 32.817151 ], [ -117.273325, 32.81734 ], [ -117.273466, 32.817602 ], [ -117.273705, 32.817856 ], [ -117.273853, 32.818014 ], [ -117.273895, 32.818059 ], [ -117.274362, 32.818464 ], [ -117.274383, 32.818482 ], [ -117.274696, 32.818636 ], [ -117.2748, 32.818642 ], [ -117.275035, 32.81862 ], [ -117.275132, 32.818581 ], [ -117.275393, 32.818274 ], [ -117.275588, 32.818125 ], [ -117.275621, 32.818125 ], [ -117.27566, 32.818147 ], [ -117.275634, 32.818219 ], [ -117.275517, 32.818351 ], [ -117.275523, 32.818428 ], [ -117.275543, 32.818483 ], [ -117.275588, 32.81851 ], [ -117.275638, 32.818522 ], [ -117.275816, 32.818565 ], [ -117.275868, 32.818554 ], [ -117.275959, 32.818499 ], [ -117.276044, 32.818483 ], [ -117.276109, 32.818494 ], [ -117.276181, 32.818604 ], [ -117.276223, 32.818639 ], [ -117.27648, 32.818857 ], [ -117.276503, 32.818866 ], [ -117.27661, 32.818917 ], [ -117.276708, 32.818934 ], [ -117.276754, 32.818923 ], [ -117.276787, 32.81892 ], [ -117.276812, 32.818917 ], [ -117.276858, 32.81895 ], [ -117.276871, 32.818994 ], [ -117.276871, 32.819044 ], [ -117.276956, 32.819181 ], [ -117.277014, 32.819242 ], [ -117.277235, 32.819511 ], [ -117.277249, 32.819524 ], [ -117.277437, 32.819693 ], [ -117.277522, 32.819764 ], [ -117.27762, 32.819847 ], [ -117.277711, 32.819902 ], [ -117.277756, 32.819924 ], [ -117.277841, 32.819924 ], [ -117.277872, 32.819913 ], [ -117.278023, 32.819869 ], [ -117.278081, 32.819865 ], [ -117.278121, 32.819863 ], [ -117.27815, 32.81987 ], [ -117.27818, 32.819875 ], [ -117.278222, 32.819887 ], [ -117.278264, 32.819897 ], [ -117.278382, 32.820051 ], [ -117.278479, 32.820051 ], [ -117.278564, 32.820106 ], [ -117.278622, 32.82026 ], [ -117.27877, 32.820459 ], [ -117.279088, 32.820709 ], [ -117.27928, 32.820859 ], [ -117.279358, 32.820859 ], [ -117.279443, 32.820777 ], [ -117.279514, 32.820749 ], [ -117.279625, 32.820694 ], [ -117.279729, 32.820656 ], [ -117.279801, 32.820661 ], [ -117.279833, 32.820705 ], [ -117.279768, 32.820804 ], [ -117.279755, 32.820876 ], [ -117.279879, 32.820969 ], [ -117.279903, 32.821047 ], [ -117.279912, 32.821074 ], [ -117.279996, 32.821151 ], [ -117.280113, 32.821101 ], [ -117.280165, 32.821156 ], [ -117.280211, 32.82131 ], [ -117.280315, 32.821404 ], [ -117.280341, 32.821497 ], [ -117.280419, 32.821591 ], [ -117.280537, 32.821723 ], [ -117.280556, 32.821877 ], [ -117.280602, 32.821915 ], [ -117.280693, 32.82196 ], [ -117.2807, 32.821981 ], [ -117.280704, 32.821994 ], [ -117.280708, 32.822008 ], [ -117.280711, 32.822021 ], [ -117.280718, 32.822048 ], [ -117.280721, 32.822062 ], [ -117.280727, 32.822089 ], [ -117.280734, 32.822129 ], [ -117.280739, 32.822157 ], [ -117.280742, 32.822184 ], [ -117.280746, 32.822225 ], [ -117.280748, 32.822252 ], [ -117.280749, 32.82228 ], [ -117.28075, 32.822307 ], [ -117.28075, 32.822335 ], [ -117.28075, 32.822349 ], [ -117.280748, 32.82239 ], [ -117.280747, 32.822404 ], [ -117.280744, 32.822431 ], [ -117.280743, 32.822445 ], [ -117.28074, 32.822467 ], [ -117.280937, 32.822423 ], [ -117.280611, 32.822863 ], [ -117.280458, 32.82307 ], [ -117.280425, 32.823197 ], [ -117.280435, 32.823618 ], [ -117.280456, 32.823716 ], [ -117.280465, 32.823761 ], [ -117.280648, 32.824056 ], [ -117.280471, 32.824219 ], [ -117.280399, 32.824286 ], [ -117.280342, 32.824339 ], [ -117.280209, 32.824461 ], [ -117.280177, 32.824527 ], [ -117.280158, 32.82461 ], [ -117.280151, 32.824681 ], [ -117.280151, 32.824764 ], [ -117.280001, 32.825247 ], [ -117.279975, 32.825456 ], [ -117.279898, 32.826084 ], [ -117.279891, 32.826142 ], [ -117.279573, 32.826211 ], [ -117.279588, 32.82626 ], [ -117.279643, 32.826376 ], [ -117.2797, 32.826518 ], [ -117.279751, 32.826691 ], [ -117.279752, 32.826773 ], [ -117.279838, 32.826938 ], [ -117.279875, 32.827044 ], [ -117.279978, 32.827167 ], [ -117.279986, 32.827179 ], [ -117.279992, 32.827192 ], [ -117.279997, 32.827205 ], [ -117.28, 32.827218 ], [ -117.280001, 32.827232 ], [ -117.280001, 32.827246 ], [ -117.279999, 32.827259 ], [ -117.279994, 32.827273 ], [ -117.279989, 32.827286 ], [ -117.279982, 32.827304 ], [ -117.27998, 32.827318 ], [ -117.279977, 32.827331 ], [ -117.279976, 32.827345 ], [ -117.279975, 32.827359 ], [ -117.279975, 32.827373 ], [ -117.279976, 32.827386 ], [ -117.279978, 32.8274 ], [ -117.279982, 32.827427 ], [ -117.279986, 32.827441 ], [ -117.27999, 32.827454 ], [ -117.279995, 32.827467 ], [ -117.280001, 32.82748 ], [ -117.280007, 32.827493 ], [ -117.280021, 32.827517 ], [ -117.280028, 32.827527 ], [ -117.280036, 32.827539 ], [ -117.28005, 32.827564 ], [ -117.280061, 32.827589 ], [ -117.280068, 32.827616 ], [ -117.28007, 32.82763 ], [ -117.280072, 32.827643 ], [ -117.280072, 32.827671 ], [ -117.280069, 32.827697 ], [ -117.280066, 32.82771 ], [ -117.280065, 32.827724 ], [ -117.280066, 32.827738 ], [ -117.280076, 32.827764 ], [ -117.280086, 32.827779 ], [ -117.280102, 32.827803 ], [ -117.280116, 32.827828 ], [ -117.280123, 32.82784 ], [ -117.280129, 32.827853 ], [ -117.280134, 32.827866 ], [ -117.280144, 32.827892 ], [ -117.280151, 32.827919 ], [ -117.280154, 32.827933 ], [ -117.28016, 32.827968 ], [ -117.280255, 32.828319 ], [ -117.280325, 32.828448 ], [ -117.280339, 32.828547 ], [ -117.280422, 32.828689 ], [ -117.280423, 32.828755 ], [ -117.280522, 32.829016 ], [ -117.280649, 32.82916 ], [ -117.280663, 32.829173 ], [ -117.280673, 32.829184 ], [ -117.280684, 32.829195 ], [ -117.280703, 32.829217 ], [ -117.280713, 32.829228 ], [ -117.28073, 32.829251 ], [ -117.280739, 32.829263 ], [ -117.280747, 32.829274 ], [ -117.280755, 32.829286 ], [ -117.280762, 32.829299 ], [ -117.28077, 32.829311 ], [ -117.280777, 32.829323 ], [ -117.280783, 32.829336 ], [ -117.280789, 32.829349 ], [ -117.280795, 32.829361 ], [ -117.280801, 32.829374 ], [ -117.280811, 32.8294 ], [ -117.280818, 32.829425 ], [ -117.280827, 32.829451 ], [ -117.280832, 32.829464 ], [ -117.280843, 32.82949 ], [ -117.280849, 32.829503 ], [ -117.280863, 32.829528 ], [ -117.28087, 32.82954 ], [ -117.280895, 32.829576 ], [ -117.280912, 32.829599 ], [ -117.280917, 32.829612 ], [ -117.280919, 32.829626 ], [ -117.28092, 32.82964 ], [ -117.280917, 32.829653 ], [ -117.280912, 32.829666 ], [ -117.28091, 32.829677 ], [ -117.280909, 32.829691 ], [ -117.280909, 32.829705 ], [ -117.280913, 32.829732 ], [ -117.280933, 32.829781 ], [ -117.281001, 32.829769 ], [ -117.281008, 32.82979 ], [ -117.281015, 32.829817 ], [ -117.281019, 32.82983 ], [ -117.281023, 32.829843 ], [ -117.281023, 32.829857 ], [ -117.281022, 32.82987 ], [ -117.281022, 32.829888 ], [ -117.281022, 32.829898 ], [ -117.281021, 32.829915 ], [ -117.281021, 32.829929 ], [ -117.281021, 32.829939 ], [ -117.281021, 32.829956 ], [ -117.281021, 32.82997 ], [ -117.281021, 32.82998 ], [ -117.281022, 32.829998 ], [ -117.281022, 32.830008 ], [ -117.281022, 32.830021 ], [ -117.281024, 32.830076 ], [ -117.281025, 32.830104 ], [ -117.281027, 32.830121 ], [ -117.281028, 32.830135 ], [ -117.281028, 32.830145 ], [ -117.281029, 32.830159 ], [ -117.281031, 32.830176 ], [ -117.281031, 32.830186 ], [ -117.281032, 32.8302 ], [ -117.281034, 32.830217 ], [ -117.281037, 32.830245 ], [ -117.281039, 32.830268 ], [ -117.281042, 32.830286 ], [ -117.281043, 32.830296 ], [ -117.281048, 32.830337 ], [ -117.281058, 32.830405 ], [ -117.281061, 32.830422 ], [ -117.281065, 32.830445 ], [ -117.281071, 32.830476 ], [ -117.281082, 32.83053 ], [ -117.281087, 32.830554 ], [ -117.281104, 32.830635 ], [ -117.281298, 32.830786 ], [ -117.281348, 32.830987 ], [ -117.281373, 32.831088 ], [ -117.281419, 32.831302 ], [ -117.281562, 32.831616 ], [ -117.281875, 32.832089 ], [ -117.281933, 32.832149 ], [ -117.282129, 32.832336 ], [ -117.282218, 32.832479 ], [ -117.282239, 32.832512 ], [ -117.282265, 32.832622 ] ], [ [ -117.116751, 32.893005 ], [ -117.116559, 32.892883 ], [ -117.11648, 32.892833 ], [ -117.115766, 32.89287 ], [ -117.115428, 32.892854 ], [ -117.115351, 32.892851 ], [ -117.115272, 32.892862 ], [ -117.115102, 32.892892 ], [ -117.114963, 32.892899 ], [ -117.114815, 32.892907 ], [ -117.114691, 32.892913 ], [ -117.11488, 32.893145 ], [ -117.114887, 32.893164 ], [ -117.114896, 32.893189 ], [ -117.114857, 32.893192 ], [ -117.114793, 32.893199 ], [ -117.114706, 32.893211 ], [ -117.114619, 32.893225 ], [ -117.114561, 32.893243 ], [ -117.114378, 32.893273 ], [ -117.1138, 32.893393 ], [ -117.113525, 32.893431 ], [ -117.111366, 32.893891 ], [ -117.110559, 32.894087 ], [ -117.109984, 32.894225 ], [ -117.109773, 32.894277 ], [ -117.109366, 32.894376 ], [ -117.109201, 32.894435 ], [ -117.109059, 32.894503 ], [ -117.108927, 32.894582 ], [ -117.108828, 32.894655 ], [ -117.108428, 32.895 ], [ -117.108214, 32.895186 ], [ -117.108137, 32.895253 ], [ -117.107982, 32.895387 ], [ -117.107627, 32.895675 ], [ -117.107468, 32.895788 ], [ -117.107473, 32.896487 ], [ -117.107478, 32.89715 ], [ -117.107481, 32.897509 ], [ -117.107489, 32.898003 ], [ -117.107481, 32.898162 ], [ -117.112319, 32.898128 ], [ -117.113051, 32.898137 ], [ -117.115247, 32.898165 ], [ -117.11598, 32.898175 ], [ -117.116023, 32.898176 ], [ -117.116152, 32.898179 ], [ -117.116196, 32.89818 ], [ -117.116218, 32.89818 ], [ -117.116285, 32.89818 ], [ -117.116308, 32.898181 ], [ -117.116516, 32.898205 ], [ -117.116705, 32.898181 ], [ -117.116731, 32.895141 ], [ -117.116736, 32.894314 ], [ -117.116737, 32.894119 ], [ -117.116745, 32.893777 ], [ -117.116745, 32.893463 ], [ -117.116745, 32.893305 ], [ -117.116751, 32.893005 ] ] ] ] } }
]
}
