{
"type": "FeatureCollection",
"name": "land_boundary",
"crs": { "type": "name", "properties": { "name": "urn:ogc:def:crs:OGC:1.3:CRS84" } },
"features": [
{ "type": "Feature", "properties": { "mask_semantics": "2025 Census Place minus 2025 Census AREAWATER" }, "geometry": { "type": "MultiPolygon", "coordinates": [ [ [ [ -112.12395, 33.363056 ], [ -112.122485, 33.363066 ], [ -112.1178, 33.363083 ], [ -112.117628, 33.363084 ], [ -112.117637, 33.362068 ], [ -112.117635, 33.361204 ], [ -112.117767, 33.361216 ], [ -112.117861, 33.361226 ], [ -112.117896, 33.361224 ], [ -112.117958, 33.361213 ], [ -112.118126, 33.361137 ], [ -112.118389, 33.361024 ], [ -112.118687, 33.360878 ], [ -112.119099, 33.360659 ], [ -112.119475, 33.360441 ], [ -112.120846, 33.359688 ], [ -112.121106, 33.35952 ], [ -112.121195, 33.359478 ], [ -112.121286, 33.359448 ], [ -112.121484, 33.359399 ], [ -112.121666, 33.359375 ], [ -112.122601, 33.359338 ], [ -112.123171, 33.359307 ], [ -112.124038, 33.35927 ], [ -112.12423, 33.359262 ], [ -112.124437, 33.359253 ], [ -112.126214, 33.359177 ], [ -112.126263, 33.36182 ], [ -112.125498, 33.36186 ], [ -112.12553, 33.362038 ], [ -112.12553, 33.363049 ], [ -112.124655, 33.363053 ], [ -112.12395, 33.363056 ] ] ], [ [ [ -112.137166, 33.374277 ], [ -112.137488, 33.374252 ], [ -112.137731, 33.374391 ], [ -112.137767, 33.374595 ], [ -112.137092, 33.375079 ], [ -112.137073, 33.375089 ], [ -112.136887, 33.375175 ], [ -112.13674, 33.375073 ], [ -112.136724, 33.374896 ], [ -112.136753, 33.374687 ], [ -112.136903, 33.374426 ], [ -112.137166, 33.374277 ] ] ], [ [ [ -112.323773, 33.519631 ], [ -112.323773, 33.520039 ], [ -112.323775, 33.521303 ], [ -112.323775, 33.52146 ], [ -112.323775, 33.521524 ], [ -112.321511, 33.521532 ], [ -112.317469, 33.521545 ], [ -112.316063, 33.52155 ], [ -112.314657, 33.521552 ], [ -112.314698, 33.521418 ], [ -112.317462, 33.521408 ], [ -112.321458, 33.521394 ], [ -112.323615, 33.521386 ], [ -112.323604, 33.51455 ], [ -112.323908, 33.51455 ], [ -112.323917, 33.51189 ], [ -112.323919, 33.509698 ], [ -112.323922, 33.507506 ], [ -112.323879, 33.504089 ], [ -112.323535, 33.504066 ], [ -112.32345, 33.497283 ], [ -112.323446, 33.496772 ], [ -112.319513, 33.496739 ], [ -112.319472, 33.49355 ], [ -112.317798, 33.493531 ], [ -112.31624, 33.493515 ], [ -112.314578, 33.4935 ], [ -112.31268, 33.493474 ], [ -112.310829, 33.493456 ], [ -112.308815, 33.493442 ], [ -112.308822, 33.493769 ], [ -112.308821, 33.494528 ], [ -112.306303, 33.494526 ], [ -112.304068, 33.494606 ], [ -112.302829, 33.494666 ], [ -112.302834, 33.49681 ], [ -112.302836, 33.498578 ], [ -112.30284, 33.500377 ], [ -112.302846, 33.501322 ], [ -112.302872, 33.507644 ], [ -112.304291, 33.507589 ], [ -112.304395, 33.507585 ], [ -112.304502, 33.507581 ], [ -112.304753, 33.507576 ], [ -112.306409, 33.507542 ], [ -112.306577, 33.507539 ], [ -112.306764, 33.507535 ], [ -112.306763, 33.507623 ], [ -112.306769, 33.508264 ], [ -112.306808, 33.512286 ], [ -112.306833, 33.514722 ], [ -112.306921, 33.521153 ], [ -112.306925, 33.521466 ], [ -112.308901, 33.521454 ], [ -112.310299, 33.521443 ], [ -112.310525, 33.52144 ], [ -112.311004, 33.521436 ], [ -112.314053, 33.521419 ], [ -112.314016, 33.521554 ], [ -112.311091, 33.521572 ], [ -112.310828, 33.521577 ], [ -112.3106, 33.521575 ], [ -112.310372, 33.521577 ], [ -112.30969, 33.521582 ], [ -112.308957, 33.52159 ], [ -112.307737, 33.521597 ], [ -112.307573, 33.521598 ], [ -112.307407, 33.521601 ], [ -112.306926, 33.5216 ], [ -112.306844, 33.521604 ], [ -112.306841, 33.521117 ], [ -112.306796, 33.517992 ], [ -112.306756, 33.515102 ], [ -112.306755, 33.515059 ], [ -112.306754, 33.514977 ], [ -112.306752, 33.514794 ], [ -112.306592, 33.514801 ], [ -112.306464, 33.514807 ], [ -112.306192, 33.51482 ], [ -112.305066, 33.514859 ], [ -112.304011, 33.514908 ], [ -112.302333, 33.514985 ], [ -112.298661, 33.515132 ], [ -112.298667, 33.517853 ], [ -112.298673, 33.518183 ], [ -112.298673, 33.518753 ], [ -112.297981, 33.518784 ], [ -112.297617, 33.518799 ], [ -112.294374, 33.518933 ], [ -112.294384, 33.520665 ], [ -112.294373, 33.521221 ], [ -112.294382, 33.52201 ], [ -112.29438, 33.522028 ], [ -112.294379, 33.522128 ], [ -112.294171, 33.522138 ], [ -112.291722, 33.522286 ], [ -112.290847, 33.522329 ], [ -112.289788, 33.522395 ], [ -112.289647, 33.522394 ], [ -112.288045, 33.522387 ], [ -112.285165, 33.522365 ], [ -112.283756, 33.522368 ], [ -112.282659, 33.522371 ], [ -112.281253, 33.522409 ], [ -112.280765, 33.522422 ], [ -112.28033, 33.522448 ], [ -112.280298, 33.52245 ], [ -112.280189, 33.522455 ], [ -112.28007, 33.522459 ], [ -112.279852, 33.522466 ], [ -112.279831, 33.522467 ], [ -112.279638, 33.522469 ], [ -112.27952, 33.52247 ], [ -112.278601, 33.522517 ], [ -112.276341, 33.522602 ], [ -112.273095, 33.522739 ], [ -112.272538, 33.522765 ], [ -112.272476, 33.522768 ], [ -112.272477, 33.522651 ], [ -112.272481, 33.522291 ], [ -112.272483, 33.522153 ], [ -112.272489, 33.521845 ], [ -112.272466, 33.52027 ], [ -112.272499, 33.519775 ], [ -112.272498, 33.519363 ], [ -112.272522, 33.519363 ], [ -112.272523, 33.519303 ], [ -112.272533, 33.519294 ], [ -112.272542, 33.519287 ], [ -112.272551, 33.519116 ], [ -112.272536, 33.519113 ], [ -112.27252, 33.519108 ], [ -112.27251, 33.519103 ], [ -112.272495, 33.519094 ], [ -112.272496, 33.519023 ], [ -112.272455, 33.519023 ], [ -112.272487, 33.516639 ], [ -112.272536, 33.516145 ], [ -112.272542, 33.515723 ], [ -112.272545, 33.515711 ], [ -112.272601, 33.515711 ], [ -112.272603, 33.515571 ], [ -112.272605, 33.515426 ], [ -112.272508, 33.515425 ], [ -112.272505, 33.515403 ], [ -112.272538, 33.513171 ], [ -112.272539, 33.51315 ], [ -112.272546, 33.513122 ], [ -112.272568, 33.51308 ], [ -112.272601, 33.513045 ], [ -112.27264, 33.513019 ], [ -112.27264, 33.512988 ], [ -112.272642, 33.512857 ], [ -112.272659, 33.511698 ], [ -112.272696, 33.509127 ], [ -112.2727, 33.508831 ], [ -112.272704, 33.508507 ], [ -112.272596, 33.508507 ], [ -112.27248, 33.508511 ], [ -112.272481, 33.508321 ], [ -112.272481, 33.508243 ], [ -112.272481, 33.508207 ], [ -112.272388, 33.508209 ], [ -112.27235, 33.508214 ], [ -112.270982, 33.508251 ], [ -112.270101, 33.508275 ], [ -112.269903, 33.508276 ], [ -112.269507, 33.508292 ], [ -112.26946, 33.508293 ], [ -112.269437, 33.508294 ], [ -112.269339, 33.508297 ], [ -112.269095, 33.508302 ], [ -112.269, 33.508305 ], [ -112.268983, 33.508306 ], [ -112.268944, 33.508307 ], [ -112.268521, 33.50832 ], [ -112.268439, 33.508322 ], [ -112.263981, 33.508448 ], [ -112.263831, 33.508452 ], [ -112.260255, 33.508544 ], [ -112.255296, 33.508673 ], [ -112.255007, 33.508679 ], [ -112.254868, 33.508682 ], [ -112.252661, 33.508685 ], [ -112.250745, 33.508687 ], [ -112.246369, 33.508682 ], [ -112.245454, 33.508683 ], [ -112.244128, 33.508681 ], [ -112.242508, 33.508685 ], [ -112.241171, 33.508686 ], [ -112.238751, 33.508688 ], [ -112.2377, 33.508688 ], [ -112.237444, 33.508693 ], [ -112.236213, 33.508707 ], [ -112.234723, 33.508722 ], [ -112.234075, 33.508729 ], [ -112.233958, 33.508731 ], [ -112.233911, 33.508731 ], [ -112.232887, 33.508743 ], [ -112.232096, 33.508752 ], [ -112.231394, 33.508759 ], [ -112.231197, 33.508761 ], [ -112.230338, 33.50877 ], [ -112.228922, 33.508787 ], [ -112.228884, 33.508787 ], [ -112.228811, 33.508788 ], [ -112.228655, 33.508789 ], [ -112.228544, 33.508791 ], [ -112.227965, 33.508798 ], [ -112.22791, 33.508798 ], [ -112.226857, 33.50883 ], [ -112.22548, 33.50885 ], [ -112.224805, 33.508855 ], [ -112.224371, 33.508859 ], [ -112.22285, 33.508865 ], [ -112.220719, 33.508891 ], [ -112.220463, 33.508893 ], [ -112.220104, 33.508897 ], [ -112.21996, 33.508881 ], [ -112.216661, 33.508948 ], [ -112.21657, 33.508943 ], [ -112.213946, 33.508994 ], [ -112.21358, 33.509 ], [ -112.213566, 33.509 ], [ -112.212864, 33.509013 ], [ -112.212864, 33.509033 ], [ -112.21227, 33.50905 ], [ -112.211884, 33.509062 ], [ -112.211329, 33.509084 ], [ -112.210265, 33.509095 ], [ -112.208945, 33.509123 ], [ -112.207937, 33.509145 ], [ -112.207897, 33.509146 ], [ -112.207868, 33.509145 ], [ -112.205822, 33.509189 ], [ -112.204945, 33.509208 ], [ -112.203718, 33.509234 ], [ -112.20349, 33.509239 ], [ -112.203429, 33.509241 ], [ -112.203221, 33.509244 ], [ -112.203164, 33.509257 ], [ -112.201064, 33.509278 ], [ -112.199689, 33.509296 ], [ -112.197627, 33.509321 ], [ -112.196772, 33.509333 ], [ -112.195915, 33.509343 ], [ -112.195036, 33.509358 ], [ -112.194044, 33.509365 ], [ -112.193084, 33.509375 ], [ -112.192162, 33.509388 ], [ -112.191588, 33.509392 ], [ -112.191247, 33.509404 ], [ -112.190353, 33.509415 ], [ -112.189441, 33.509427 ], [ -112.189199, 33.50943 ], [ -112.189115, 33.509431 ], [ -112.18854, 33.509438 ], [ -112.187061, 33.509458 ], [ -112.186565, 33.509463 ], [ -112.186359, 33.509466 ], [ -112.186347, 33.509482 ], [ -112.185511, 33.509477 ], [ -112.184921, 33.509473 ], [ -112.184026, 33.509468 ], [ -112.183168, 33.509463 ], [ -112.183028, 33.509462 ], [ -112.182949, 33.509461 ], [ -112.182901, 33.509461 ], [ -112.182884, 33.509461 ], [ -112.182559, 33.509459 ], [ -112.182366, 33.509458 ], [ -112.182201, 33.509457 ], [ -112.182105, 33.509456 ], [ -112.182061, 33.509456 ], [ -112.182016, 33.509456 ], [ -112.18194, 33.509455 ], [ -112.180925, 33.509448 ], [ -112.180856, 33.509448 ], [ -112.179366, 33.509439 ], [ -112.179343, 33.509439 ], [ -112.17927, 33.509438 ], [ -112.17922, 33.509463 ], [ -112.17754, 33.509453 ], [ -112.176698, 33.509456 ], [ -112.175925, 33.50942 ], [ -112.175831, 33.509416 ], [ -112.175594, 33.509415 ], [ -112.175415, 33.509415 ], [ -112.173164, 33.5094 ], [ -112.172683, 33.509396 ], [ -112.170962, 33.509382 ], [ -112.17087, 33.50938 ], [ -112.169103, 33.509368 ], [ -112.168757, 33.509366 ], [ -112.160178, 33.509352 ], [ -112.155485, 33.509328 ], [ -112.152532, 33.509352 ], [ -112.152223, 33.509354 ], [ -112.152223, 33.509451 ], [ -112.152221, 33.509609 ], [ -112.152012, 33.509608 ], [ -112.151791, 33.509609 ], [ -112.151791, 33.509656 ], [ -112.151788, 33.509988 ], [ -112.151723, 33.509988 ], [ -112.15169, 33.509987 ], [ -112.151692, 33.510122 ], [ -112.151691, 33.510179 ], [ -112.15169, 33.510278 ], [ -112.151683, 33.511371 ], [ -112.151627, 33.511571 ], [ -112.15165, 33.51283 ], [ -112.151662, 33.513466 ], [ -112.151667, 33.513746 ], [ -112.151663, 33.515906 ], [ -112.151662, 33.516692 ], [ -112.151658, 33.517369 ], [ -112.151651, 33.518983 ], [ -112.15165, 33.519602 ], [ -112.151645, 33.520303 ], [ -112.151641, 33.521015 ], [ -112.151638, 33.521608 ], [ -112.151638, 33.522105 ], [ -112.15163, 33.523918 ], [ -112.151615, 33.526149 ], [ -112.15161, 33.527549 ], [ -112.151606, 33.528276 ], [ -112.151601, 33.529004 ], [ -112.151591, 33.531181 ], [ -112.151586, 33.532625 ], [ -112.151582, 33.533231 ], [ -112.151582, 33.533849 ], [ -112.151581, 33.534818 ], [ -112.151579, 33.536271 ], [ -112.151577, 33.536636 ], [ -112.151573, 33.538452 ], [ -112.151568, 33.540263 ], [ -112.151562, 33.542076 ], [ -112.151559, 33.542709 ], [ -112.15156, 33.542808 ], [ -112.151559, 33.543257 ], [ -112.151555, 33.544251 ], [ -112.151556, 33.544438 ], [ -112.151554, 33.544942 ], [ -112.151552, 33.545707 ], [ -112.151565, 33.546444 ], [ -112.151572, 33.546635 ], [ -112.151585, 33.547553 ], [ -112.15162, 33.549463 ], [ -112.151638, 33.551071 ], [ -112.151674, 33.553117 ], [ -112.151695, 33.555036 ], [ -112.15168, 33.555843 ], [ -112.151686, 33.557245 ], [ -112.151711, 33.557806 ], [ -112.151706, 33.558029 ], [ -112.151709, 33.558829 ], [ -112.151717, 33.559265 ], [ -112.151712, 33.56035 ], [ -112.151715, 33.560676 ], [ -112.151722, 33.561391 ], [ -112.151721, 33.56189 ], [ -112.151723, 33.56282 ], [ -112.151733, 33.563902 ], [ -112.151737, 33.565673 ], [ -112.151752, 33.567521 ], [ -112.151732, 33.571051 ], [ -112.151721, 33.571845 ], [ -112.151714, 33.57265 ], [ -112.151708, 33.573932 ], [ -112.151705, 33.574723 ], [ -112.151698, 33.575506 ], [ -112.151687, 33.576296 ], [ -112.151674, 33.576884 ], [ -112.15167, 33.577079 ], [ -112.151664, 33.578028 ], [ -112.151664, 33.580785 ], [ -112.151655, 33.581922 ], [ -112.15173, 33.581922 ], [ -112.151743, 33.581922 ], [ -112.15214, 33.582176 ], [ -112.152207, 33.582218 ], [ -112.152277, 33.582257 ], [ -112.152348, 33.582295 ], [ -112.15242, 33.582331 ], [ -112.152494, 33.582365 ], [ -112.152569, 33.582397 ], [ -112.155828, 33.583722 ], [ -112.155921, 33.583759 ], [ -112.156032, 33.583806 ], [ -112.156141, 33.583857 ], [ -112.156248, 33.58391 ], [ -112.156353, 33.583967 ], [ -112.156456, 33.584026 ], [ -112.156556, 33.584089 ], [ -112.156653, 33.584154 ], [ -112.156748, 33.584222 ], [ -112.15684, 33.584293 ], [ -112.156928, 33.584366 ], [ -112.157014, 33.584442 ], [ -112.157097, 33.58452 ], [ -112.157176, 33.584601 ], [ -112.157252, 33.584684 ], [ -112.157325, 33.584769 ], [ -112.157394, 33.584856 ], [ -112.157459, 33.584945 ], [ -112.159124, 33.587296 ], [ -112.159346, 33.587613 ], [ -112.159388, 33.58767 ], [ -112.159433, 33.587726 ], [ -112.15948, 33.587781 ], [ -112.159529, 33.587835 ], [ -112.159613, 33.587918 ], [ -112.159689, 33.587987 ], [ -112.159746, 33.588035 ], [ -112.159805, 33.588081 ], [ -112.159866, 33.588125 ], [ -112.159929, 33.588167 ], [ -112.159993, 33.588208 ], [ -112.160059, 33.588247 ], [ -112.160129, 33.588284 ], [ -112.160244, 33.588341 ], [ -112.160338, 33.588382 ], [ -112.16045, 33.588429 ], [ -112.162621, 33.589327 ], [ -112.162732, 33.589371 ], [ -112.162807, 33.589404 ], [ -112.162881, 33.589439 ], [ -112.162954, 33.589476 ], [ -112.163025, 33.589514 ], [ -112.163234, 33.589663 ], [ -112.16338, 33.589756 ], [ -112.163513, 33.589861 ], [ -112.163604, 33.589948 ], [ -112.163886, 33.590272 ], [ -112.16542, 33.592024 ], [ -112.165501, 33.59211 ], [ -112.165739, 33.592376 ], [ -112.165994, 33.592689 ], [ -112.166012, 33.592713 ], [ -112.166232, 33.593014 ], [ -112.166253, 33.593077 ], [ -112.166342, 33.593384 ], [ -112.166415, 33.593693 ], [ -112.166493, 33.594117 ], [ -112.166548, 33.5943 ], [ -112.166609, 33.594441 ], [ -112.166683, 33.594578 ], [ -112.166771, 33.594709 ], [ -112.166844, 33.594776 ], [ -112.166874, 33.594799 ], [ -112.166904, 33.594822 ], [ -112.166936, 33.594844 ], [ -112.166969, 33.594864 ], [ -112.167002, 33.594884 ], [ -112.167036, 33.594903 ], [ -112.167074, 33.59492 ], [ -112.167107, 33.594937 ], [ -112.167143, 33.594953 ], [ -112.16718, 33.594968 ], [ -112.167217, 33.594981 ], [ -112.167255, 33.594994 ], [ -112.167294, 33.595005 ], [ -112.167333, 33.595015 ], [ -112.167372, 33.595024 ], [ -112.167412, 33.595032 ], [ -112.167501, 33.595049 ], [ -112.168659, 33.595264 ], [ -112.168779, 33.595286 ], [ -112.16878, 33.595373 ], [ -112.16878, 33.595389 ], [ -112.168713, 33.595382 ], [ -112.168661, 33.595371 ], [ -112.16736, 33.595106 ], [ -112.167067, 33.595021 ], [ -112.167038, 33.595013 ], [ -112.166854, 33.594931 ], [ -112.166796, 33.594892 ], [ -112.166545, 33.594727 ], [ -112.1664, 33.594546 ], [ -112.166315, 33.594337 ], [ -112.16625, 33.593496 ], [ -112.166191, 33.593254 ], [ -112.166079, 33.593017 ], [ -112.16587, 33.592715 ], [ -112.165862, 33.592704 ], [ -112.165396, 33.59216 ], [ -112.164917, 33.591632 ], [ -112.164201, 33.590779 ], [ -112.16401, 33.590598 ], [ -112.163649, 33.590158 ], [ -112.163268, 33.589834 ], [ -112.162887, 33.589619 ], [ -112.162677, 33.589509 ], [ -112.162431, 33.589406 ], [ -112.160982, 33.5888 ], [ -112.160529, 33.58858 ], [ -112.1605, 33.588569 ], [ -112.160142, 33.588431 ], [ -112.159899, 33.588305 ], [ -112.159726, 33.58817 ], [ -112.15961, 33.588079 ], [ -112.159321, 33.587777 ], [ -112.159251, 33.587685 ], [ -112.159039, 33.587408 ], [ -112.158756, 33.586958 ], [ -112.158638, 33.586831 ], [ -112.157104, 33.584657 ], [ -112.15703, 33.58456 ], [ -112.156997, 33.584516 ], [ -112.156727, 33.584258 ], [ -112.156117, 33.583906 ], [ -112.155747, 33.583759 ], [ -112.155101, 33.583503 ], [ -112.154908, 33.583405 ], [ -112.154113, 33.583086 ], [ -112.154015, 33.583026 ], [ -112.153621, 33.582883 ], [ -112.152885, 33.582558 ], [ -112.152275, 33.582316 ], [ -112.151702, 33.582028 ], [ -112.151564, 33.581967 ], [ -112.151518, 33.581947 ], [ -112.151463, 33.581922 ], [ -112.151353, 33.581854 ], [ -112.151312, 33.581821 ], [ -112.151163, 33.581744 ], [ -112.151076, 33.581696 ], [ -112.150896, 33.58159 ], [ -112.148256, 33.579885 ], [ -112.145537, 33.578191 ], [ -112.145248, 33.577988 ], [ -112.144749, 33.577696 ], [ -112.143384, 33.57681 ], [ -112.143213, 33.576722 ], [ -112.138, 33.573411 ], [ -112.137534, 33.573169 ], [ -112.134349, 33.57209 ], [ -112.134219, 33.572046 ], [ -112.129797, 33.570563 ], [ -112.128833, 33.57024 ], [ -112.12838, 33.570163 ], [ -112.128104, 33.570152 ], [ -112.12775, 33.570179 ], [ -112.127126, 33.570168 ], [ -112.125707, 33.570189 ], [ -112.125057, 33.570166 ], [ -112.124887, 33.570177 ], [ -112.122503, 33.57014 ], [ -112.120768, 33.570442 ], [ -112.117618, 33.57099 ], [ -112.117591, 33.570995 ], [ -112.117336, 33.57104 ], [ -112.117116, 33.571078 ], [ -112.116897, 33.571116 ], [ -112.116849, 33.571124 ], [ -112.116455, 33.571193 ], [ -112.116123, 33.571198 ], [ -112.115537, 33.571204 ], [ -112.114514, 33.571196 ], [ -112.114207, 33.571196 ], [ -112.11356, 33.571202 ], [ -112.112268, 33.571199 ], [ -112.111352, 33.5712 ], [ -112.111006, 33.571287 ], [ -112.110736, 33.571404 ], [ -112.110452, 33.571569 ], [ -112.108562, 33.572884 ], [ -112.108325, 33.573016 ], [ -112.107912, 33.573159 ], [ -112.107504, 33.573203 ], [ -112.107235, 33.573187 ], [ -112.106788, 33.573066 ], [ -112.104989, 33.572518 ], [ -112.104871, 33.572482 ], [ -112.104043, 33.572231 ], [ -112.103209, 33.572078 ], [ -112.102114, 33.57192 ], [ -112.099847, 33.571587 ], [ -112.099637, 33.571548 ], [ -112.098691, 33.571408 ], [ -112.098256, 33.571343 ], [ -112.097698, 33.571189 ], [ -112.096917, 33.570935 ], [ -112.096225, 33.57071 ], [ -112.095773, 33.570563 ], [ -112.094933, 33.570338 ], [ -112.093713, 33.570058 ], [ -112.091204, 33.569483 ], [ -112.091173, 33.569476 ], [ -112.090562, 33.569333 ], [ -112.087638, 33.568653 ], [ -112.086617, 33.568416 ], [ -112.086516, 33.5684 ], [ -112.086126, 33.568355 ], [ -112.08534, 33.568407 ], [ -112.084596, 33.568458 ], [ -112.084216, 33.568483 ], [ -112.084162, 33.568475 ], [ -112.084108, 33.56849 ], [ -112.083689, 33.568509 ], [ -112.0834, 33.568498 ], [ -112.083036, 33.568402 ], [ -112.082519, 33.568256 ], [ -112.080313, 33.567636 ], [ -112.080224, 33.567599 ], [ -112.080017, 33.567515 ], [ -112.079735, 33.567284 ], [ -112.079284, 33.566798 ], [ -112.078592, 33.566108 ], [ -112.078412, 33.565906 ], [ -112.078079, 33.565531 ], [ -112.07735, 33.564811 ], [ -112.075032, 33.563117 ], [ -112.074762, 33.56292 ], [ -112.074621, 33.562822 ], [ -112.07454, 33.562763 ], [ -112.074511, 33.562742 ], [ -112.074383, 33.562641 ], [ -112.074224, 33.56252 ], [ -112.074039, 33.562369 ], [ -112.073883, 33.562249 ], [ -112.073633, 33.561914 ], [ -112.073175, 33.560709 ], [ -112.073124, 33.560606 ], [ -112.073022, 33.560482 ], [ -112.072881, 33.560324 ], [ -112.072663, 33.560195 ], [ -112.07254, 33.560137 ], [ -112.071685, 33.559795 ], [ -112.070928, 33.559515 ], [ -112.06916, 33.558885 ], [ -112.066982, 33.557988 ], [ -112.066407, 33.55778 ], [ -112.065259, 33.55735 ], [ -112.063165, 33.556576 ], [ -112.062837, 33.55645 ], [ -112.0626, 33.556274 ], [ -112.062548, 33.556215 ], [ -112.062491, 33.556151 ], [ -112.062246, 33.555878 ], [ -112.061996, 33.555498 ], [ -112.061839, 33.555191 ], [ -112.061773, 33.554932 ], [ -112.061753, 33.554509 ], [ -112.061786, 33.55413 ], [ -112.062015, 33.552706 ], [ -112.062082, 33.552293 ], [ -112.062049, 33.551864 ], [ -112.061966, 33.551623 ], [ -112.06188, 33.551462 ], [ -112.061772, 33.551299 ], [ -112.061683, 33.551192 ], [ -112.061536, 33.551046 ], [ -112.06134, 33.550877 ], [ -112.060257, 33.550052 ], [ -112.060144, 33.549951 ], [ -112.060026, 33.54983 ], [ -112.059829, 33.549632 ], [ -112.058061, 33.546687 ], [ -112.057978, 33.546548 ], [ -112.057667, 33.546106 ], [ -112.057641, 33.546065 ], [ -112.057595, 33.546014 ], [ -112.057433, 33.545887 ], [ -112.057144, 33.545723 ], [ -112.056413, 33.545426 ], [ -112.05547, 33.545057 ], [ -112.055227, 33.544936 ], [ -112.05505, 33.544826 ], [ -112.054748, 33.544596 ], [ -112.054254, 33.544167 ], [ -112.05415, 33.544095 ], [ -112.053953, 33.543985 ], [ -112.053454, 33.543777 ], [ -112.051454, 33.543197 ], [ -112.05117, 33.54316 ], [ -112.051106, 33.543165 ], [ -112.050336, 33.543216 ], [ -112.050176, 33.543159 ], [ -112.050073, 33.543123 ], [ -112.049758, 33.542941 ], [ -112.049716, 33.542904 ], [ -112.049568, 33.542776 ], [ -112.049332, 33.54251 ], [ -112.048471, 33.541539 ], [ -112.047717, 33.540137 ], [ -112.047486, 33.539799 ], [ -112.047172, 33.539344 ], [ -112.046863, 33.539009 ], [ -112.046594, 33.538806 ], [ -112.046279, 33.538614 ], [ -112.046154, 33.538487 ], [ -112.045995, 33.538271 ], [ -112.045544, 33.537657 ], [ -112.045176, 33.537326 ], [ -112.044684, 33.536969 ], [ -112.044432, 33.536813 ], [ -112.044074, 33.536589 ], [ -112.043739, 33.5362 ], [ -112.043457, 33.535947 ], [ -112.042498, 33.535407 ], [ -112.042249, 33.535216 ], [ -112.042019, 33.534941 ], [ -112.041914, 33.534655 ], [ -112.04178, 33.534183 ], [ -112.041704, 33.533918 ], [ -112.041646, 33.533817 ], [ -112.041547, 33.533642 ], [ -112.041002, 33.533236 ], [ -112.040127, 33.532528 ], [ -112.039223, 33.531796 ], [ -112.039, 33.531576 ], [ -112.038597, 33.531021 ], [ -112.038101, 33.530341 ], [ -112.037707, 33.5298 ], [ -112.037007, 33.528973 ], [ -112.036664, 33.528644 ], [ -112.035903, 33.528342 ], [ -112.035456, 33.527985 ], [ -112.03324, 33.526072 ], [ -112.033164, 33.526029 ], [ -112.03306, 33.525979 ], [ -112.032994, 33.525956 ], [ -112.032915, 33.525927 ], [ -112.032784, 33.525899 ], [ -112.032652, 33.525886 ], [ -112.032568, 33.525886 ], [ -112.032452, 33.525897 ], [ -112.032333, 33.525923 ], [ -112.032239, 33.525951 ], [ -112.032209, 33.525962 ], [ -112.032032, 33.52606 ], [ -112.031794, 33.526218 ], [ -112.031722, 33.52623 ], [ -112.03163, 33.526186 ], [ -112.030941, 33.525753 ], [ -112.03059, 33.525543 ], [ -112.030533, 33.525489 ], [ -112.030475, 33.525427 ], [ -112.030442, 33.525312 ], [ -112.030521, 33.524746 ], [ -112.030467, 33.52452 ], [ -112.030416, 33.524426 ], [ -112.030295, 33.524229 ], [ -112.029979, 33.523974 ], [ -112.029835, 33.523913 ], [ -112.029386, 33.523764 ], [ -112.029003, 33.523693 ], [ -112.028926, 33.523679 ], [ -112.028644, 33.523668 ], [ -112.028309, 33.523684 ], [ -112.027888, 33.52378 ], [ -112.027587, 33.523849 ], [ -112.027493, 33.523884 ], [ -112.027223, 33.523986 ], [ -112.02699, 33.524074 ], [ -112.026879, 33.524091 ], [ -112.026762, 33.524096 ], [ -112.026609, 33.524085 ], [ -112.026548, 33.524068 ], [ -112.026428, 33.524025 ], [ -112.02628, 33.523958 ], [ -112.025654, 33.523632 ], [ -112.025176, 33.523393 ], [ -112.02487, 33.523221 ], [ -112.024716, 33.523114 ], [ -112.024686, 33.52308 ], [ -112.024332, 33.522692 ], [ -112.024083, 33.522472 ], [ -112.023865, 33.52234 ], [ -112.023729, 33.522281 ], [ -112.023592, 33.522233 ], [ -112.023438, 33.522191 ], [ -112.023297, 33.522163 ], [ -112.02323, 33.522153 ], [ -112.023144, 33.52214 ], [ -112.022979, 33.522129 ], [ -112.022882, 33.522126 ], [ -112.022544, 33.522144 ], [ -112.02196, 33.522193 ], [ -112.021489, 33.522199 ], [ -112.020719, 33.522239 ], [ -112.020676, 33.522243 ], [ -112.020116, 33.522272 ], [ -112.020083, 33.52228 ], [ -112.019946, 33.522255 ], [ -112.019796, 33.522235 ], [ -112.019376, 33.522109 ], [ -112.019181, 33.522008 ], [ -112.019134, 33.521988 ], [ -112.018908, 33.521876 ], [ -112.018764, 33.521796 ], [ -112.018455, 33.521571 ], [ -112.018392, 33.52151 ], [ -112.018025, 33.5212 ], [ -112.017643, 33.520798 ], [ -112.01732, 33.520485 ], [ -112.016917, 33.520117 ], [ -112.016807, 33.520034 ], [ -112.016672, 33.519947 ], [ -112.01653, 33.519872 ], [ -112.016195, 33.519709 ], [ -112.015662, 33.519486 ], [ -112.014821, 33.519081 ], [ -112.014241, 33.518794 ], [ -112.013753, 33.518532 ], [ -112.012893, 33.518178 ], [ -112.010413, 33.517148 ], [ -112.009794, 33.516891 ], [ -112.009592, 33.516803 ], [ -112.008873, 33.516487 ], [ -112.008453, 33.516303 ], [ -112.007336, 33.515804 ], [ -112.006909, 33.515627 ], [ -112.006537, 33.515497 ], [ -112.005762, 33.515226 ], [ -112.005655, 33.515189 ], [ -112.005393, 33.515099 ], [ -112.004472, 33.514878 ], [ -112.004035, 33.514767 ], [ -112.003706, 33.514691 ], [ -112.003603, 33.514665 ], [ -112.003416, 33.514641 ], [ -112.001862, 33.514277 ], [ -112.001515, 33.514167 ], [ -112.000701, 33.513689 ], [ -111.999961, 33.513221 ], [ -111.997394, 33.511875 ], [ -111.996494, 33.511353 ], [ -111.995608, 33.510699 ], [ -111.995314, 33.510472 ], [ -111.994473, 33.509827 ], [ -111.992955, 33.50866 ], [ -111.99193, 33.507621 ], [ -111.991888, 33.507582 ], [ -111.991359, 33.507089 ], [ -111.991037, 33.506869 ], [ -111.990066, 33.506355 ], [ -111.989796, 33.506213 ], [ -111.98874, 33.505654 ], [ -111.988451, 33.505468 ], [ -111.98788, 33.505001 ], [ -111.9868, 33.503912 ], [ -111.985502, 33.5026 ], [ -111.984183, 33.501303 ], [ -111.983822, 33.501001 ], [ -111.98255, 33.500041 ], [ -111.982163, 33.499777 ], [ -111.978493, 33.497024 ], [ -111.978145, 33.496791 ], [ -111.97731, 33.496273 ], [ -111.977057, 33.496121 ], [ -111.97646, 33.495759 ], [ -111.975727, 33.495353 ], [ -111.974639, 33.494726 ], [ -111.97233, 33.493381 ], [ -111.970669, 33.492519 ], [ -111.970418, 33.49241 ], [ -111.967841, 33.491287 ], [ -111.96408, 33.489727 ], [ -111.96349, 33.489519 ], [ -111.962971, 33.489365 ], [ -111.961659, 33.489078 ], [ -111.961409, 33.489041 ], [ -111.961134, 33.489046 ], [ -111.96087, 33.489066 ], [ -111.960822, 33.489072 ], [ -111.960662, 33.489085 ], [ -111.960248, 33.489195 ], [ -111.959546, 33.489376 ], [ -111.9591, 33.489519 ], [ -111.959047, 33.489536 ], [ -111.958995, 33.489579 ], [ -111.959061, 33.489652 ], [ -111.95908, 33.489711 ], [ -111.959015, 33.489806 ], [ -111.959002, 33.489821 ], [ -111.95887, 33.489921 ], [ -111.958805, 33.489921 ], [ -111.958667, 33.489795 ], [ -111.958634, 33.489795 ], [ -111.95811, 33.490416 ], [ -111.957147, 33.491431 ], [ -111.957067, 33.491515 ], [ -111.956837, 33.491703 ], [ -111.956614, 33.49174 ], [ -111.956351, 33.491708 ], [ -111.955833, 33.491593 ], [ -111.953656, 33.491061 ], [ -111.952058, 33.490671 ], [ -111.952033, 33.490664 ], [ -111.951968, 33.490648 ], [ -111.951968, 33.490532 ], [ -111.951979, 33.489295 ], [ -111.951992, 33.487679 ], [ -111.951993, 33.487574 ], [ -111.952006, 33.487574 ], [ -111.952006, 33.487521 ], [ -111.951881, 33.48752 ], [ -111.951752, 33.48752 ], [ -111.95145, 33.487518 ], [ -111.951157, 33.487517 ], [ -111.949933, 33.487509 ], [ -111.949854, 33.487509 ], [ -111.949855, 33.487436 ], [ -111.949858, 33.486989 ], [ -111.949858, 33.486877 ], [ -111.949859, 33.486748 ], [ -111.949861, 33.486575 ], [ -111.949868, 33.48626 ], [ -111.949882, 33.485804 ], [ -111.949898, 33.485338 ], [ -111.949667, 33.48534 ], [ -111.949675, 33.485087 ], [ -111.949673, 33.485056 ], [ -111.949661, 33.485021 ], [ -111.949628, 33.484975 ], [ -111.949313, 33.484723 ], [ -111.949251, 33.484699 ], [ -111.949193, 33.484698 ], [ -111.949037, 33.484699 ], [ -111.948996, 33.4847 ], [ -111.949003, 33.483666 ], [ -111.949012, 33.483071 ], [ -111.949021, 33.482705 ], [ -111.949022, 33.482611 ], [ -111.94939, 33.48261 ], [ -111.949965, 33.482606 ], [ -111.950345, 33.482568 ], [ -111.950886, 33.482417 ], [ -111.951302, 33.482227 ], [ -111.951347, 33.482182 ], [ -111.951383, 33.482138 ], [ -111.95141, 33.482103 ], [ -111.951491, 33.482101 ], [ -111.951558, 33.48211 ], [ -111.951818, 33.481534 ], [ -111.951822, 33.481524 ], [ -111.95184, 33.481484 ], [ -111.951854, 33.481427 ], [ -111.951863, 33.481436 ], [ -111.951896, 33.48146 ], [ -111.951949, 33.481499 ], [ -111.952235, 33.481668 ], [ -111.952389, 33.48174 ], [ -111.952502, 33.481783 ], [ -111.952708, 33.481845 ], [ -111.95278, 33.48187 ], [ -111.952895, 33.481921 ], [ -111.952976, 33.481969 ], [ -111.952995, 33.48198 ], [ -111.953148, 33.482101 ], [ -111.953183, 33.482082 ], [ -111.953379, 33.481986 ], [ -111.953608, 33.481893 ], [ -111.954285, 33.481665 ], [ -111.954372, 33.481631 ], [ -111.954821, 33.481414 ], [ -111.95668, 33.480528 ], [ -111.957136, 33.480303 ], [ -111.957168, 33.480277 ], [ -111.957193, 33.480243 ], [ -111.957209, 33.480196 ], [ -111.957217, 33.480061 ], [ -111.957751, 33.480055 ], [ -111.957786, 33.480055 ], [ -111.960692, 33.480024 ], [ -111.960935, 33.480021 ], [ -111.96095, 33.479135 ], [ -111.960961, 33.478209 ], [ -111.960961, 33.477891 ], [ -111.960957, 33.477398 ], [ -111.960961, 33.476328 ], [ -111.960964, 33.475904 ], [ -111.96097, 33.474922 ], [ -111.960976, 33.473943 ], [ -111.96097, 33.472747 ], [ -111.960692, 33.472749 ], [ -111.958342, 33.472772 ], [ -111.958308, 33.472772 ], [ -111.956874, 33.472783 ], [ -111.956851, 33.472783 ], [ -111.952281, 33.472836 ], [ -111.952226, 33.472831 ], [ -111.952191, 33.472842 ], [ -111.952062, 33.472848 ], [ -111.951313, 33.472856 ], [ -111.950621, 33.472873 ], [ -111.948974, 33.472887 ], [ -111.947899, 33.472897 ], [ -111.94752, 33.4729 ], [ -111.94634, 33.472911 ], [ -111.944714, 33.472918 ], [ -111.944051, 33.472918 ], [ -111.943544, 33.472923 ], [ -111.943547, 33.47234 ], [ -111.943546, 33.472082 ], [ -111.943543, 33.471431 ], [ -111.94354, 33.470666 ], [ -111.943539, 33.469971 ], [ -111.943537, 33.469264 ], [ -111.943536, 33.468519 ], [ -111.943531, 33.468358 ], [ -111.943532, 33.468074 ], [ -111.943526, 33.467965 ], [ -111.9435, 33.467824 ], [ -111.943449, 33.467396 ], [ -111.943442, 33.467241 ], [ -111.943449, 33.466958 ], [ -111.943469, 33.466762 ], [ -111.943628, 33.466054 ], [ -111.943636, 33.466001 ], [ -111.943634, 33.465881 ], [ -111.94357, 33.465777 ], [ -111.943586, 33.465555 ], [ -111.943015, 33.465488 ], [ -111.942686, 33.465449 ], [ -111.942329, 33.465413 ], [ -111.942034, 33.465386 ], [ -111.941777, 33.465365 ], [ -111.941312, 33.465333 ], [ -111.941003, 33.465316 ], [ -111.94051, 33.465295 ], [ -111.940143, 33.465284 ], [ -111.939863, 33.465279 ], [ -111.939381, 33.465277 ], [ -111.939109, 33.465278 ], [ -111.939339, 33.464602 ], [ -111.940555, 33.463367 ], [ -111.941638, 33.461463 ], [ -111.942062, 33.458822 ], [ -111.942052, 33.458355 ], [ -111.942052, 33.456838 ], [ -111.94226, 33.456504 ], [ -111.942869, 33.455867 ], [ -111.942998, 33.455561 ], [ -111.943172, 33.455136 ], [ -111.94325, 33.454949 ], [ -111.942057, 33.452335 ], [ -111.940973, 33.451563 ], [ -111.940681, 33.451059 ], [ -111.940654, 33.451002 ], [ -111.940095, 33.449867 ], [ -111.940312, 33.449532 ], [ -111.940477, 33.449269 ], [ -111.940633, 33.448966 ], [ -111.940965, 33.448323 ], [ -111.941259, 33.447752 ], [ -111.941466, 33.447356 ], [ -111.95007, 33.447332 ], [ -111.95007, 33.447445 ], [ -111.950064, 33.447577 ], [ -111.950031, 33.447704 ], [ -111.950051, 33.447764 ], [ -111.950202, 33.447797 ], [ -111.9503, 33.447753 ], [ -111.950411, 33.447726 ], [ -111.950543, 33.447747 ], [ -111.950648, 33.447814 ], [ -111.950759, 33.447913 ], [ -111.950884, 33.448056 ], [ -111.951015, 33.448292 ], [ -111.951061, 33.448419 ], [ -111.951074, 33.448589 ], [ -111.95114, 33.448698 ], [ -111.951225, 33.448743 ], [ -111.951304, 33.448732 ], [ -111.951317, 33.448693 ], [ -111.951317, 33.448407 ], [ -111.951264, 33.448287 ], [ -111.951146, 33.448093 ], [ -111.950956, 33.447825 ], [ -111.950798, 33.447632 ], [ -111.950579, 33.447332 ], [ -111.950934, 33.447332 ], [ -111.951045, 33.447332 ], [ -111.951169, 33.447333 ], [ -111.952079, 33.448487 ], [ -111.952131, 33.448441 ], [ -111.952176, 33.448383 ], [ -111.952214, 33.448307 ], [ -111.952271, 33.448206 ], [ -111.952341, 33.448107 ], [ -111.952454, 33.447961 ], [ -111.95257, 33.44783 ], [ -111.952581, 33.447819 ], [ -111.952673, 33.447729 ], [ -111.952736, 33.447651 ], [ -111.952832, 33.447516 ], [ -111.952918, 33.447366 ], [ -111.953028, 33.447124 ], [ -111.953326, 33.446489 ], [ -111.953414, 33.446285 ], [ -111.953477, 33.446137 ], [ -111.95366, 33.445751 ], [ -111.954057, 33.444904 ], [ -111.954098, 33.444786 ], [ -111.954123, 33.444665 ], [ -111.954166, 33.444474 ], [ -111.954457, 33.444502 ], [ -111.954636, 33.444526 ], [ -111.954655, 33.446944 ], [ -111.954658, 33.44722 ], [ -111.954661, 33.447586 ], [ -111.954662, 33.44772 ], [ -111.954663, 33.447871 ], [ -111.954664, 33.447949 ], [ -111.954664, 33.448006 ], [ -111.954665, 33.44808 ], [ -111.954665, 33.448106 ], [ -111.95468, 33.448159 ], [ -111.954704, 33.44821 ], [ -111.95474, 33.448255 ], [ -111.954761, 33.448276 ], [ -111.954785, 33.448294 ], [ -111.95481, 33.448311 ], [ -111.954852, 33.448332 ], [ -111.954898, 33.448349 ], [ -111.954944, 33.448359 ], [ -111.954976, 33.448363 ], [ -111.955008, 33.448365 ], [ -111.955198, 33.448366 ], [ -111.955357, 33.448366 ], [ -111.955524, 33.448367 ], [ -111.955592, 33.448371 ], [ -111.955623, 33.448376 ], [ -111.955668, 33.448388 ], [ -111.955704, 33.448404 ], [ -111.955722, 33.448413 ], [ -111.955761, 33.448437 ], [ -111.955794, 33.448465 ], [ -111.955813, 33.448486 ], [ -111.955837, 33.44852 ], [ -111.955843, 33.448532 ], [ -111.955862, 33.44857 ], [ -111.955873, 33.448588 ], [ -111.95588, 33.4486 ], [ -111.95591, 33.448635 ], [ -111.955927, 33.448655 ], [ -111.955945, 33.448671 ], [ -111.955976, 33.448694 ], [ -111.955998, 33.448708 ], [ -111.956025, 33.448723 ], [ -111.95604, 33.448729 ], [ -111.956066, 33.448739 ], [ -111.956098, 33.44875 ], [ -111.956124, 33.448758 ], [ -111.956161, 33.448763 ], [ -111.956194, 33.448766 ], [ -111.956224, 33.448768 ], [ -111.956282, 33.448768 ], [ -111.956326, 33.448768 ], [ -111.956389, 33.448768 ], [ -111.95645, 33.448769 ], [ -111.95691, 33.448771 ], [ -111.957141, 33.448772 ], [ -111.957204, 33.448772 ], [ -111.957239, 33.448772 ], [ -111.957268, 33.448776 ], [ -111.957288, 33.448782 ], [ -111.957317, 33.448795 ], [ -111.957336, 33.448808 ], [ -111.957351, 33.448822 ], [ -111.957371, 33.448841 ], [ -111.957405, 33.448862 ], [ -111.957422, 33.448868 ], [ -111.957458, 33.448877 ], [ -111.957487, 33.448879 ], [ -111.957507, 33.448879 ], [ -111.957577, 33.44888 ], [ -111.95952, 33.44889 ], [ -111.961012, 33.448897 ], [ -111.961116, 33.448899 ], [ -111.961133, 33.448897 ], [ -111.961137, 33.448388 ], [ -111.961137, 33.448336 ], [ -111.961142, 33.447774 ], [ -111.961146, 33.447219 ], [ -111.961146, 33.447205 ], [ -111.961148, 33.446925 ], [ -111.96115, 33.446643 ], [ -111.961152, 33.446364 ], [ -111.96116, 33.445316 ], [ -111.961157, 33.445297 ], [ -111.961167, 33.444461 ], [ -111.961175, 33.443652 ], [ -111.961186, 33.443169 ], [ -111.961201, 33.442508 ], [ -111.961209, 33.442154 ], [ -111.961224, 33.441522 ], [ -111.961231, 33.441207 ], [ -111.96125, 33.440382 ], [ -111.961258, 33.440065 ], [ -111.961257, 33.440032 ], [ -111.961267, 33.439655 ], [ -111.962188, 33.439768 ], [ -111.9631, 33.439906 ], [ -111.963329, 33.440016 ], [ -111.963428, 33.440103 ], [ -111.963644, 33.440384 ], [ -111.96386, 33.440542 ], [ -111.963972, 33.440587 ], [ -111.964877, 33.44084 ], [ -111.965644, 33.441087 ], [ -111.965762, 33.441148 ], [ -111.966661, 33.441422 ], [ -111.967277, 33.44156 ], [ -111.96794, 33.441636 ], [ -111.968254, 33.441631 ], [ -111.968545, 33.441625 ], [ -111.968569, 33.441625 ], [ -111.968639, 33.441617 ], [ -111.969219, 33.441558 ], [ -111.96933, 33.441515 ], [ -111.969645, 33.441229 ], [ -111.971776, 33.441128 ], [ -111.972878, 33.441046 ], [ -111.973606, 33.440969 ], [ -111.975153, 33.440727 ], [ -111.975409, 33.440722 ], [ -111.975829, 33.44077 ], [ -111.976157, 33.44088 ], [ -111.977994, 33.441674 ], [ -111.978203, 33.441764 ], [ -111.978397, 33.441855 ], [ -111.980309, 33.442864 ], [ -111.980531, 33.44298 ], [ -111.980666, 33.44305 ], [ -111.980984, 33.443216 ], [ -111.981247, 33.443435 ], [ -111.981332, 33.443584 ], [ -111.981449, 33.44393 ], [ -111.981483, 33.444029 ], [ -111.981562, 33.444145 ], [ -111.9817, 33.444226 ], [ -111.983399, 33.444771 ], [ -111.983937, 33.444963 ], [ -111.9841, 33.445017 ], [ -111.984612, 33.445248 ], [ -111.987074, 33.446491 ], [ -111.987228, 33.44657 ], [ -111.988188, 33.447048 ], [ -111.989486, 33.447709 ], [ -111.98999, 33.448014 ], [ -111.990184, 33.448144 ], [ -111.990203, 33.448158 ], [ -111.990244, 33.448178 ], [ -111.990377, 33.448265 ], [ -111.990503, 33.448347 ], [ -111.99061, 33.448419 ], [ -111.99116, 33.448791 ], [ -111.994867, 33.45111 ], [ -111.995124, 33.451258 ], [ -111.995287, 33.451346 ], [ -111.995301, 33.451355 ], [ -111.995385, 33.451411 ], [ -111.995496, 33.451473 ], [ -111.995759, 33.451638 ], [ -111.999013, 33.453604 ], [ -112.0007, 33.454725 ], [ -112.000751, 33.454749 ], [ -112.001406, 33.455233 ], [ -112.003363, 33.45673 ], [ -112.003543, 33.456867 ], [ -112.004114, 33.457251 ], [ -112.00549, 33.458258 ], [ -112.006058, 33.458646 ], [ -112.006408, 33.458886 ], [ -112.006746, 33.459135 ], [ -112.007091, 33.45939 ], [ -112.00836, 33.460327 ], [ -112.00926, 33.460991 ], [ -112.012919, 33.463442 ], [ -112.013293, 33.463693 ], [ -112.014709, 33.464711 ], [ -112.016022, 33.465733 ], [ -112.017298, 33.466728 ], [ -112.018575, 33.467723 ], [ -112.019732, 33.468625 ], [ -112.021542, 33.470036 ], [ -112.022677, 33.470922 ], [ -112.023155, 33.471294 ], [ -112.023702, 33.471725 ], [ -112.025396, 33.473055 ], [ -112.025536, 33.473165 ], [ -112.02588, 33.473444 ], [ -112.026893, 33.474269 ], [ -112.027313, 33.474632 ], [ -112.028571, 33.475821 ], [ -112.028776, 33.476014 ], [ -112.030055, 33.47713 ], [ -112.030196, 33.477299 ], [ -112.030225, 33.477333 ], [ -112.03155, 33.478532 ], [ -112.033419, 33.480022 ], [ -112.033795, 33.480289 ], [ -112.033898, 33.480362 ], [ -112.033909, 33.480372 ], [ -112.036534, 33.482554 ], [ -112.037211, 33.483117 ], [ -112.037617, 33.483426 ], [ -112.038411, 33.483964 ], [ -112.038905, 33.484265 ], [ -112.038988, 33.484316 ], [ -112.040557, 33.485082 ], [ -112.040982, 33.485289 ], [ -112.041009, 33.485301 ], [ -112.041022, 33.485308 ], [ -112.041041, 33.485318 ], [ -112.041245, 33.485417 ], [ -112.041501, 33.485571 ], [ -112.041763, 33.485824 ], [ -112.042072, 33.486258 ], [ -112.042796, 33.487505 ], [ -112.043502, 33.488722 ], [ -112.043961, 33.489618 ], [ -112.044833, 33.491025 ], [ -112.045037, 33.491234 ], [ -112.04523, 33.491411 ], [ -112.046226, 33.492317 ], [ -112.046841, 33.492877 ], [ -112.047589, 33.493522 ], [ -112.047626, 33.493554 ], [ -112.048219, 33.494065 ], [ -112.048945, 33.494728 ], [ -112.049485, 33.495221 ], [ -112.050594, 33.496166 ], [ -112.050788, 33.496301 ], [ -112.05125, 33.496611 ], [ -112.051594, 33.496862 ], [ -112.051952, 33.497112 ], [ -112.052759, 33.497674 ], [ -112.053264, 33.498025 ], [ -112.054335, 33.498716 ], [ -112.05455, 33.498855 ], [ -112.056301, 33.499941 ], [ -112.056464, 33.500042 ], [ -112.05735, 33.500631 ], [ -112.058465, 33.501252 ], [ -112.061425, 33.502142 ], [ -112.061763, 33.502173 ], [ -112.062841, 33.502269 ], [ -112.063927, 33.502366 ], [ -112.064627, 33.502428 ], [ -112.064988, 33.502511 ], [ -112.06503, 33.502526 ], [ -112.066202, 33.502944 ], [ -112.066276, 33.502966 ], [ -112.066302, 33.502972 ], [ -112.066316, 33.502973 ], [ -112.066345, 33.502986 ], [ -112.067233, 33.503242 ], [ -112.067343, 33.503245 ], [ -112.067452, 33.503276 ], [ -112.068282, 33.503408 ], [ -112.068367, 33.503413 ], [ -112.068452, 33.503436 ], [ -112.069417, 33.503588 ], [ -112.070836, 33.503814 ], [ -112.073369, 33.503984 ], [ -112.07371, 33.504018 ], [ -112.073763, 33.504022 ], [ -112.073816, 33.504028 ], [ -112.07518, 33.504165 ], [ -112.075633, 33.504126 ], [ -112.076099, 33.504044 ], [ -112.077772, 33.503636 ], [ -112.078047, 33.503603 ], [ -112.082254, 33.503076 ], [ -112.08244, 33.503023 ], [ -112.084787, 33.502349 ], [ -112.086047, 33.501854 ], [ -112.087261, 33.501413 ], [ -112.088875, 33.500963 ], [ -112.089433, 33.500864 ], [ -112.090801, 33.500652 ], [ -112.091054, 33.500613 ], [ -112.091218, 33.500588 ], [ -112.0913, 33.500583 ], [ -112.091959, 33.500534 ], [ -112.093471, 33.500681 ], [ -112.09349, 33.500681 ], [ -112.093515, 33.500684 ], [ -112.09461, 33.500791 ], [ -112.094676, 33.500791 ], [ -112.095339, 33.500808 ], [ -112.095483, 33.500808 ], [ -112.095565, 33.50081 ], [ -112.095633, 33.500799 ], [ -112.095734, 33.500814 ], [ -112.096303, 33.500829 ], [ -112.096566, 33.500802 ], [ -112.098685, 33.500131 ], [ -112.099016, 33.499986 ], [ -112.099896, 33.49953 ], [ -112.100439, 33.499249 ], [ -112.10076, 33.499077 ], [ -112.101699, 33.498573 ], [ -112.101777, 33.498523 ], [ -112.102068, 33.498334 ], [ -112.103473, 33.497425 ], [ -112.104494, 33.496778 ], [ -112.105307, 33.496312 ], [ -112.106417, 33.495599 ], [ -112.10658, 33.495474 ], [ -112.106893, 33.49519 ], [ -112.107021, 33.49506 ], [ -112.107259, 33.494815 ], [ -112.107694, 33.494296 ], [ -112.107821, 33.494141 ], [ -112.108083, 33.493768 ], [ -112.108217, 33.493525 ], [ -112.108291, 33.493347 ], [ -112.108414, 33.492925 ], [ -112.108677, 33.492022 ], [ -112.108867, 33.491746 ], [ -112.109169, 33.491478 ], [ -112.110107, 33.490856 ], [ -112.110564, 33.490598 ], [ -112.11075, 33.490493 ], [ -112.111229, 33.490262 ], [ -112.111524, 33.490184 ], [ -112.11195, 33.490146 ], [ -112.112777, 33.490144 ], [ -112.112938, 33.490143 ], [ -112.113168, 33.490143 ], [ -112.113306, 33.490142 ], [ -112.116753, 33.490133 ], [ -112.11705, 33.490111 ], [ -112.117199, 33.4901 ], [ -112.117626, 33.490077 ], [ -112.123794, 33.490036 ], [ -112.124148, 33.489981 ], [ -112.125519, 33.489645 ], [ -112.125707, 33.489592 ], [ -112.126986, 33.489289 ], [ -112.12742, 33.489191 ], [ -112.127498, 33.489174 ], [ -112.127758, 33.489114 ], [ -112.128916, 33.48885 ], [ -112.129428, 33.488751 ], [ -112.133233, 33.488562 ], [ -112.133574, 33.488633 ], [ -112.134303, 33.488861 ], [ -112.136264, 33.489475 ], [ -112.137484, 33.489839 ], [ -112.140141, 33.490378 ], [ -112.142129, 33.490539 ], [ -112.142654, 33.490555 ], [ -112.142898, 33.49051 ], [ -112.142949, 33.490499 ], [ -112.145268, 33.489823 ], [ -112.145752, 33.489682 ], [ -112.146808, 33.489396 ], [ -112.149833, 33.488709 ], [ -112.150018, 33.488674 ], [ -112.150489, 33.488584 ], [ -112.151355, 33.488546 ], [ -112.151645, 33.488512 ], [ -112.152208, 33.488447 ], [ -112.153324, 33.488453 ], [ -112.153888, 33.488512 ], [ -112.155167, 33.488728 ], [ -112.155541, 33.488767 ], [ -112.156088, 33.488787 ], [ -112.156512, 33.488805 ], [ -112.158048, 33.488788 ], [ -112.159091, 33.48874 ], [ -112.160252, 33.488405 ], [ -112.160823, 33.488239 ], [ -112.161302, 33.488163 ], [ -112.16411, 33.488124 ], [ -112.168205, 33.488016 ], [ -112.168918, 33.488002 ], [ -112.17592, 33.487868 ], [ -112.176316, 33.487876 ], [ -112.176457, 33.487882 ], [ -112.176686, 33.487937 ], [ -112.176869, 33.487988 ], [ -112.17698, 33.488028 ], [ -112.177037, 33.488044 ], [ -112.177324, 33.48818 ], [ -112.177739, 33.488419 ], [ -112.17778, 33.488448 ], [ -112.178302, 33.488753 ], [ -112.179521, 33.489407 ], [ -112.179773, 33.489548 ], [ -112.179964, 33.489646 ], [ -112.18022, 33.489756 ], [ -112.180473, 33.489839 ], [ -112.180682, 33.489908 ], [ -112.180789, 33.489908 ], [ -112.180723, 33.489846 ], [ -112.180402, 33.489736 ], [ -112.17928, 33.48916 ], [ -112.178131, 33.488528 ], [ -112.177741, 33.488296 ], [ -112.177364, 33.488072 ], [ -112.176714, 33.487797 ], [ -112.17655, 33.487769 ], [ -112.176091, 33.487758 ], [ -112.168918, 33.487893 ], [ -112.168821, 33.487895 ], [ -112.163946, 33.488025 ], [ -112.161401, 33.488059 ], [ -112.161029, 33.488104 ], [ -112.160811, 33.488148 ], [ -112.160251, 33.488298 ], [ -112.159189, 33.488608 ], [ -112.158796, 33.488663 ], [ -112.157346, 33.488695 ], [ -112.156404, 33.488692 ], [ -112.156349, 33.488681 ], [ -112.156091, 33.488686 ], [ -112.15585, 33.488678 ], [ -112.15583, 33.488678 ], [ -112.155279, 33.488639 ], [ -112.154464, 33.488509 ], [ -112.153668, 33.488388 ], [ -112.153192, 33.488352 ], [ -112.153138, 33.488349 ], [ -112.152487, 33.488351 ], [ -112.152215, 33.488359 ], [ -112.151644, 33.488411 ], [ -112.151178, 33.488458 ], [ -112.150749, 33.488478 ], [ -112.150557, 33.488487 ], [ -112.150349, 33.488518 ], [ -112.150111, 33.488563 ], [ -112.149498, 33.488681 ], [ -112.149233, 33.488746 ], [ -112.147805, 33.489096 ], [ -112.145769, 33.489595 ], [ -112.145346, 33.489719 ], [ -112.144892, 33.489863 ], [ -112.144443, 33.490006 ], [ -112.143634, 33.490233 ], [ -112.143383, 33.49031 ], [ -112.143034, 33.490377 ], [ -112.142976, 33.490391 ], [ -112.14294, 33.490395 ], [ -112.142839, 33.490405 ], [ -112.142735, 33.490411 ], [ -112.142511, 33.490417 ], [ -112.142254, 33.490414 ], [ -112.141236, 33.49037 ], [ -112.140866, 33.490343 ], [ -112.140134, 33.490246 ], [ -112.13921, 33.490085 ], [ -112.138849, 33.490012 ], [ -112.138846, 33.489997 ], [ -112.137866, 33.489807 ], [ -112.137602, 33.489756 ], [ -112.137293, 33.489691 ], [ -112.137036, 33.48961 ], [ -112.13671, 33.489524 ], [ -112.136057, 33.48932 ], [ -112.135341, 33.489091 ], [ -112.134989, 33.488964 ], [ -112.134305, 33.488746 ], [ -112.13379, 33.488583 ], [ -112.133708, 33.48857 ], [ -112.133328, 33.488483 ], [ -112.133179, 33.488478 ], [ -112.131685, 33.488539 ], [ -112.131344, 33.488577 ], [ -112.129775, 33.488643 ], [ -112.129257, 33.488686 ], [ -112.12767, 33.489039 ], [ -112.127408, 33.489097 ], [ -112.12733, 33.489114 ], [ -112.12696, 33.489196 ], [ -112.125655, 33.48951 ], [ -112.12543, 33.489576 ], [ -112.124349, 33.489852 ], [ -112.124129, 33.489894 ], [ -112.123925, 33.489918 ], [ -112.123774, 33.489953 ], [ -112.117147, 33.48999 ], [ -112.11705, 33.49 ], [ -112.11674, 33.490034 ], [ -112.116373, 33.490045 ], [ -112.113307, 33.490051 ], [ -112.113169, 33.490051 ], [ -112.112938, 33.490052 ], [ -112.112778, 33.490052 ], [ -112.11218, 33.490053 ], [ -112.111573, 33.490096 ], [ -112.111413, 33.490108 ], [ -112.111097, 33.490206 ], [ -112.111066, 33.490223 ], [ -112.110805, 33.490353 ], [ -112.110699, 33.490414 ], [ -112.110661, 33.490434 ], [ -112.110357, 33.490605 ], [ -112.11008, 33.490765 ], [ -112.1097, 33.490988 ], [ -112.109535, 33.491095 ], [ -112.109369, 33.491208 ], [ -112.109005, 33.491473 ], [ -112.108775, 33.491676 ], [ -112.108618, 33.491906 ], [ -112.108173, 33.493315 ], [ -112.108029, 33.493639 ], [ -112.107779, 33.493964 ], [ -112.107511, 33.49438 ], [ -112.10683, 33.49506 ], [ -112.106435, 33.495454 ], [ -112.106107, 33.495679 ], [ -112.104074, 33.496901 ], [ -112.103221, 33.49745 ], [ -112.102984, 33.497603 ], [ -112.102059, 33.498201 ], [ -112.101671, 33.498452 ], [ -112.101587, 33.498506 ], [ -112.099993, 33.499353 ], [ -112.099896, 33.499464 ], [ -112.099896, 33.499398 ], [ -112.099291, 33.499673 ], [ -112.098888, 33.499907 ], [ -112.098825, 33.499943 ], [ -112.098587, 33.500042 ], [ -112.098377, 33.50012 ], [ -112.09652, 33.500698 ], [ -112.096212, 33.50072 ], [ -112.095647, 33.500706 ], [ -112.094597, 33.500681 ], [ -112.092346, 33.500445 ], [ -112.091874, 33.500428 ], [ -112.0913, 33.500476 ], [ -112.091208, 33.500484 ], [ -112.091086, 33.500495 ], [ -112.090767, 33.500545 ], [ -112.089308, 33.500776 ], [ -112.088416, 33.500968 ], [ -112.087215, 33.501315 ], [ -112.085581, 33.50191 ], [ -112.084721, 33.502251 ], [ -112.08244, 33.502906 ], [ -112.082215, 33.502971 ], [ -112.078049, 33.503487 ], [ -112.077811, 33.503515 ], [ -112.077424, 33.503593 ], [ -112.076197, 33.503912 ], [ -112.0756, 33.504022 ], [ -112.075206, 33.504066 ], [ -112.073763, 33.503915 ], [ -112.073585, 33.503895 ], [ -112.070908, 33.50372 ], [ -112.06722, 33.503121 ], [ -112.066268, 33.502845 ], [ -112.065139, 33.502445 ], [ -112.06503, 33.502414 ], [ -112.064792, 33.502346 ], [ -112.061445, 33.502032 ], [ -112.059273, 33.501395 ], [ -112.059107, 33.501343 ], [ -112.058505, 33.501153 ], [ -112.05821, 33.500999 ], [ -112.056663, 33.500042 ], [ -112.056302, 33.49982 ], [ -112.054571, 33.498773 ], [ -112.054314, 33.498596 ], [ -112.053979, 33.49841 ], [ -112.053855, 33.498334 ], [ -112.05342, 33.498053 ], [ -112.053235, 33.497926 ], [ -112.053236, 33.497898 ], [ -112.053197, 33.497869 ], [ -112.050863, 33.496249 ], [ -112.050423, 33.495897 ], [ -112.049125, 33.494729 ], [ -112.048324, 33.494011 ], [ -112.047741, 33.493523 ], [ -112.047626, 33.493426 ], [ -112.04751, 33.493329 ], [ -112.046004, 33.491964 ], [ -112.045089, 33.491135 ], [ -112.044907, 33.490918 ], [ -112.044899, 33.49091 ], [ -112.044831, 33.490797 ], [ -112.044466, 33.490195 ], [ -112.043953, 33.489317 ], [ -112.043752, 33.488977 ], [ -112.043656, 33.488816 ], [ -112.042904, 33.487504 ], [ -112.042177, 33.486235 ], [ -112.041855, 33.485778 ], [ -112.041783, 33.485713 ], [ -112.041641, 33.485585 ], [ -112.041448, 33.485441 ], [ -112.041302, 33.485346 ], [ -112.040981, 33.485187 ], [ -112.040896, 33.485145 ], [ -112.040471, 33.484934 ], [ -112.039028, 33.484218 ], [ -112.038905, 33.484141 ], [ -112.038685, 33.484034 ], [ -112.038407, 33.483859 ], [ -112.038148, 33.483678 ], [ -112.037957, 33.483528 ], [ -112.037558, 33.483244 ], [ -112.035768, 33.48176 ], [ -112.033928, 33.480289 ], [ -112.031478, 33.478329 ], [ -112.030317, 33.477272 ], [ -112.030198, 33.477148 ], [ -112.030035, 33.476976 ], [ -112.028723, 33.475811 ], [ -112.028592, 33.475695 ], [ -112.027143, 33.474331 ], [ -112.026679, 33.473961 ], [ -112.025543, 33.473056 ], [ -112.024811, 33.472472 ], [ -112.02328, 33.471251 ], [ -112.02319, 33.471181 ], [ -112.017089, 33.466455 ], [ -112.016193, 33.465735 ], [ -112.015529, 33.465201 ], [ -112.013352, 33.463611 ], [ -112.013154, 33.463479 ], [ -112.012919, 33.463324 ], [ -112.012835, 33.463271 ], [ -112.012742, 33.463208 ], [ -112.010342, 33.46162 ], [ -112.009142, 33.460794 ], [ -112.008359, 33.460204 ], [ -112.007324, 33.459426 ], [ -112.007234, 33.459359 ], [ -112.007021, 33.4592 ], [ -112.006983, 33.459168 ], [ -112.006941, 33.459139 ], [ -112.006831, 33.459056 ], [ -112.006703, 33.45896 ], [ -112.006493, 33.458802 ], [ -112.006297, 33.458655 ], [ -112.006167, 33.458562 ], [ -112.005894, 33.458382 ], [ -112.004494, 33.457395 ], [ -112.004085, 33.457082 ], [ -112.003618, 33.456728 ], [ -112.002868, 33.456156 ], [ -112.002086, 33.45556 ], [ -112.001295, 33.454957 ], [ -112.001179, 33.454879 ], [ -112.000703, 33.454559 ], [ -111.99989, 33.454023 ], [ -111.999572, 33.453816 ], [ -111.99913, 33.453525 ], [ -111.99842, 33.4531 ], [ -111.99673, 33.452088 ], [ -111.995634, 33.451411 ], [ -111.995456, 33.451296 ], [ -111.995391, 33.451262 ], [ -111.995367, 33.451239 ], [ -111.995314, 33.451211 ], [ -111.995201, 33.451149 ], [ -111.995188, 33.45114 ], [ -111.995136, 33.451105 ], [ -111.994926, 33.450989 ], [ -111.993548, 33.450088 ], [ -111.992527, 33.449454 ], [ -111.991579, 33.448866 ], [ -111.991061, 33.448545 ], [ -111.990653, 33.448261 ], [ -111.990641, 33.448247 ], [ -111.990573, 33.448212 ], [ -111.990554, 33.4482 ], [ -111.990462, 33.448146 ], [ -111.99043, 33.448127 ], [ -111.990365, 33.448088 ], [ -111.989887, 33.447781 ], [ -111.989375, 33.447501 ], [ -111.989016, 33.447319 ], [ -111.987309, 33.446458 ], [ -111.98724, 33.446424 ], [ -111.987087, 33.446347 ], [ -111.984245, 33.444913 ], [ -111.98389, 33.444781 ], [ -111.983799, 33.444743 ], [ -111.981896, 33.444166 ], [ -111.98168, 33.444079 ], [ -111.981654, 33.444046 ], [ -111.981582, 33.443936 ], [ -111.981385, 33.443457 ], [ -111.981365, 33.443396 ], [ -111.981175, 33.443188 ], [ -111.981011, 33.443095 ], [ -111.980622, 33.442892 ], [ -111.980493, 33.442825 ], [ -111.980275, 33.442712 ], [ -111.978914, 33.442003 ], [ -111.978554, 33.441815 ], [ -111.97849, 33.441776 ], [ -111.978396, 33.44173 ], [ -111.976619, 33.440914 ], [ -111.975917, 33.440674 ], [ -111.975283, 33.440641 ], [ -111.973599, 33.440871 ], [ -111.973299, 33.44089 ], [ -111.972937, 33.440931 ], [ -111.972487, 33.440967 ], [ -111.971897, 33.440998 ], [ -111.971843, 33.441014 ], [ -111.971425, 33.441038 ], [ -111.971344, 33.441041 ], [ -111.969685, 33.441106 ], [ -111.969654, 33.441108 ], [ -111.969553, 33.44113 ], [ -111.969483, 33.441193 ], [ -111.969186, 33.44146 ], [ -111.968609, 33.441526 ], [ -111.968597, 33.441526 ], [ -111.968492, 33.441527 ], [ -111.968202, 33.44153 ], [ -111.968032, 33.441532 ], [ -111.967245, 33.44145 ], [ -111.9667, 33.441322 ], [ -111.966202, 33.441175 ], [ -111.965487, 33.440928 ], [ -111.965093, 33.440818 ], [ -111.964949, 33.440752 ], [ -111.964418, 33.440615 ], [ -111.963939, 33.440455 ], [ -111.963762, 33.440317 ], [ -111.963513, 33.44001 ], [ -111.963421, 33.439933 ], [ -111.963132, 33.439807 ], [ -111.961985, 33.439636 ], [ -111.961269, 33.439552 ], [ -111.961272, 33.439527 ], [ -111.961276, 33.439194 ], [ -111.961286, 33.438744 ], [ -111.96129, 33.438636 ], [ -111.961301, 33.438116 ], [ -111.961305, 33.43797 ], [ -111.961306, 33.437902 ], [ -111.961308, 33.437756 ], [ -111.961315, 33.437615 ], [ -111.961317, 33.437414 ], [ -111.961319, 33.437277 ], [ -111.961325, 33.437187 ], [ -111.961327, 33.43689 ], [ -111.961345, 33.436175 ], [ -111.966527, 33.436375 ], [ -111.967979, 33.436756 ], [ -111.969198, 33.436753 ], [ -111.972473, 33.436655 ], [ -111.973281, 33.436529 ], [ -111.975765, 33.436551 ], [ -111.976811, 33.436542 ], [ -111.977297, 33.436539 ], [ -111.977827, 33.436535 ], [ -111.978035, 33.43653 ], [ -111.978359, 33.436522 ], [ -111.978498, 33.436525 ], [ -111.978486, 33.435259 ], [ -111.97848, 33.434583 ], [ -111.97855, 33.434528 ], [ -111.978638, 33.434457 ], [ -111.978773, 33.434369 ], [ -111.978934, 33.434313 ], [ -111.979715, 33.433997 ], [ -111.979862, 33.433941 ], [ -111.981752, 33.433166 ], [ -111.984495, 33.432093 ], [ -111.98847, 33.430624 ], [ -111.989082, 33.430432 ], [ -111.990146, 33.430098 ], [ -111.990964, 33.429821 ], [ -111.99228, 33.429516 ], [ -111.992557, 33.429419 ], [ -111.99318, 33.429004 ], [ -111.993512, 33.428782 ], [ -111.993817, 33.428671 ], [ -111.995296, 33.428334 ], [ -111.995465, 33.428295 ], [ -111.996028, 33.428167 ], [ -111.996671, 33.42802 ], [ -111.997889, 33.427702 ], [ -111.99825, 33.427653 ], [ -111.999546, 33.427668 ], [ -111.999896, 33.427672 ], [ -112.003209, 33.427709 ], [ -112.003846, 33.427709 ], [ -112.004234, 33.427653 ], [ -112.004954, 33.427349 ], [ -112.00983, 33.424994 ], [ -112.015758, 33.421919 ], [ -112.018889, 33.42034 ], [ -112.01904, 33.420242 ], [ -112.019303, 33.420072 ], [ -112.018857, 33.419549 ], [ -112.018641, 33.419296 ], [ -112.018497, 33.419127 ], [ -112.018437, 33.419055 ], [ -112.018111, 33.419157 ], [ -112.013109, 33.421649 ], [ -112.012068, 33.42221 ], [ -112.010052, 33.423296 ], [ -112.00503, 33.425645 ], [ -112.004335, 33.425877 ], [ -112.003887, 33.425954 ], [ -112.002867, 33.426108 ], [ -111.99986, 33.426542 ], [ -111.999653, 33.426572 ], [ -111.999554, 33.426578 ], [ -111.998357, 33.426653 ], [ -111.995472, 33.427178 ], [ -111.99538, 33.427205 ], [ -111.992954, 33.427727 ], [ -111.991981, 33.427975 ], [ -111.989493, 33.428686 ], [ -111.986773, 33.429438 ], [ -111.983698, 33.430675 ], [ -111.9808, 33.431949 ], [ -111.979348, 33.432689 ], [ -111.979159, 33.432755 ], [ -111.978937, 33.432811 ], [ -111.978717, 33.432881 ], [ -111.978515, 33.432934 ], [ -111.978467, 33.432947 ], [ -111.978463, 33.432555 ], [ -111.978436, 33.429911 ], [ -111.978436, 33.42983 ], [ -111.978408, 33.426858 ], [ -111.978385, 33.423953 ], [ -111.978384, 33.423896 ], [ -111.978381, 33.423535 ], [ -111.978379, 33.423293 ], [ -111.978378, 33.423098 ], [ -111.978376, 33.422811 ], [ -111.978373, 33.42243 ], [ -111.978371, 33.422237 ], [ -111.97837, 33.422134 ], [ -111.978369, 33.421899 ], [ -111.978369, 33.421595 ], [ -111.97837, 33.421536 ], [ -111.97837, 33.420911 ], [ -111.978371, 33.420802 ], [ -111.978371, 33.420388 ], [ -111.978371, 33.420015 ], [ -111.978372, 33.419746 ], [ -111.978373, 33.419102 ], [ -111.978406, 33.418776 ], [ -111.9784, 33.418714 ], [ -111.978364, 33.418174 ], [ -111.978306, 33.417391 ], [ -111.978304, 33.417371 ], [ -111.978263, 33.41704 ], [ -111.978268, 33.416781 ], [ -111.978305, 33.414779 ], [ -111.978313, 33.414358 ], [ -111.978305, 33.41415 ], [ -111.978291, 33.413624 ], [ -111.97829, 33.412993 ], [ -111.978309, 33.412177 ], [ -111.978308, 33.411198 ], [ -111.97831, 33.411025 ], [ -111.978311, 33.410947 ], [ -111.978312, 33.410762 ], [ -111.978309, 33.410561 ], [ -111.978295, 33.410349 ], [ -111.978308, 33.40934 ], [ -111.978259, 33.408234 ], [ -111.978388, 33.407328 ], [ -111.9784, 33.405563 ], [ -111.978407, 33.404021 ], [ -111.978409, 33.403548 ], [ -111.978413, 33.400048 ], [ -111.978409, 33.397982 ], [ -111.978422, 33.396372 ], [ -111.978424, 33.395897 ], [ -111.978429, 33.395522 ], [ -111.97843, 33.395145 ], [ -111.978436, 33.394886 ], [ -111.978433, 33.394371 ], [ -111.978433, 33.393986 ], [ -111.97843, 33.393607 ], [ -111.978426, 33.39278 ], [ -111.9786, 33.392646 ], [ -111.978314, 33.392666 ], [ -111.978197, 33.392664 ], [ -111.97822, 33.391117 ], [ -111.978202, 33.390124 ], [ -111.978204, 33.389457 ], [ -111.97821, 33.388777 ], [ -111.978229, 33.388095 ], [ -111.978238, 33.387408 ], [ -111.978246, 33.386909 ], [ -111.978245, 33.386445 ], [ -111.978246, 33.386425 ], [ -111.978253, 33.386273 ], [ -111.978251, 33.385486 ], [ -111.978246, 33.38534 ], [ -111.978248, 33.384656 ], [ -111.97825, 33.383962 ], [ -111.978251, 33.383651 ], [ -111.978161, 33.383648 ], [ -111.978166, 33.382485 ], [ -111.978168, 33.381813 ], [ -111.978173, 33.380584 ], [ -111.978175, 33.380006 ], [ -111.978209, 33.380006 ], [ -111.978215, 33.378419 ], [ -111.978179, 33.378389 ], [ -111.97818, 33.378186 ], [ -111.978144, 33.376768 ], [ -111.978143, 33.376662 ], [ -111.978033, 33.376646 ], [ -111.977366, 33.376665 ], [ -111.976943, 33.376754 ], [ -111.976717, 33.376769 ], [ -111.976716, 33.376791 ], [ -111.976678, 33.376792 ], [ -111.976614, 33.376793 ], [ -111.976511, 33.376789 ], [ -111.975589, 33.376718 ], [ -111.975486, 33.376713 ], [ -111.975382, 33.376715 ], [ -111.97528, 33.376722 ], [ -111.975178, 33.376736 ], [ -111.975077, 33.376756 ], [ -111.974977, 33.376791 ], [ -111.974948, 33.3768 ], [ -111.974821, 33.376837 ], [ -111.974668, 33.376889 ], [ -111.974517, 33.376946 ], [ -111.973887, 33.37719 ], [ -111.973767, 33.377235 ], [ -111.973478, 33.377315 ], [ -111.973186, 33.37735 ], [ -111.971991, 33.377445 ], [ -111.971771, 33.377462 ], [ -111.971771, 33.377433 ], [ -111.97044, 33.377491 ], [ -111.969776, 33.37746 ], [ -111.96878, 33.377282 ], [ -111.968775, 33.377211 ], [ -111.968766, 33.37713 ], [ -111.968623, 33.375596 ], [ -111.968509, 33.374621 ], [ -111.96849, 33.3744 ], [ -111.968468, 33.374274 ], [ -111.968469, 33.374118 ], [ -111.968469, 33.373755 ], [ -111.968471, 33.373143 ], [ -111.968471, 33.373104 ], [ -111.968477, 33.372161 ], [ -111.968514, 33.37078 ], [ -111.968568, 33.369964 ], [ -111.968696, 33.368024 ], [ -111.968706, 33.367924 ], [ -111.96885, 33.36664 ], [ -111.969231, 33.364098 ], [ -111.969259, 33.3639 ], [ -111.969294, 33.363645 ], [ -111.969439, 33.362895 ], [ -111.969503, 33.362564 ], [ -111.969646, 33.361939 ], [ -111.969915, 33.360687 ], [ -111.969988, 33.36033 ], [ -111.970066, 33.360009 ], [ -111.970081, 33.359951 ], [ -111.970085, 33.359934 ], [ -111.970114, 33.359844 ], [ -111.970285, 33.359303 ], [ -111.970372, 33.359032 ], [ -111.970397, 33.358929 ], [ -111.970519, 33.358449 ], [ -111.970629, 33.358015 ], [ -111.970677, 33.357824 ], [ -111.970741, 33.357573 ], [ -111.97081, 33.357301 ], [ -111.970915, 33.356886 ], [ -111.970958, 33.356718 ], [ -111.971, 33.356559 ], [ -111.971039, 33.356391 ], [ -111.97108, 33.356199 ], [ -111.971117, 33.356024 ], [ -111.971141, 33.355931 ], [ -111.971154, 33.355857 ], [ -111.971259, 33.355424 ], [ -111.971341, 33.35508 ], [ -111.971404, 33.354803 ], [ -111.971466, 33.354531 ], [ -111.971479, 33.354475 ], [ -111.971521, 33.35428 ], [ -111.971551, 33.354145 ], [ -111.971564, 33.354084 ], [ -111.971581, 33.354003 ], [ -111.971597, 33.353929 ], [ -111.971618, 33.353827 ], [ -111.971631, 33.353767 ], [ -111.971647, 33.353677 ], [ -111.971665, 33.353583 ], [ -111.971693, 33.353428 ], [ -111.971729, 33.353224 ], [ -111.971776, 33.352952 ], [ -111.971815, 33.35278 ], [ -111.971838, 33.352664 ], [ -111.971879, 33.352453 ], [ -111.971932, 33.352303 ], [ -111.972154, 33.3517 ], [ -111.972322, 33.351245 ], [ -111.97236, 33.351152 ], [ -111.97249, 33.350789 ], [ -111.97262, 33.350437 ], [ -111.972748, 33.35018 ], [ -111.972868, 33.34994 ], [ -111.97298, 33.349714 ], [ -111.973095, 33.349484 ], [ -111.97312, 33.34944 ], [ -111.973155, 33.349363 ], [ -111.973155, 33.349216 ], [ -111.973155, 33.349156 ], [ -111.973155, 33.34906 ], [ -111.973159, 33.348527 ], [ -111.973055, 33.348083 ], [ -111.972936, 33.347575 ], [ -111.972877, 33.34732 ], [ -111.972855, 33.347212 ], [ -111.972812, 33.347043 ], [ -111.972736, 33.346718 ], [ -111.97268, 33.346476 ], [ -111.972654, 33.346367 ], [ -111.972621, 33.346225 ], [ -111.97264, 33.345906 ], [ -111.972663, 33.345513 ], [ -111.972679, 33.345213 ], [ -111.972685, 33.34509 ], [ -111.97269, 33.344981 ], [ -111.972693, 33.344899 ], [ -111.972698, 33.34479 ], [ -111.972703, 33.344653 ], [ -111.972706, 33.344554 ], [ -111.972709, 33.344449 ], [ -111.972714, 33.344285 ], [ -111.972718, 33.344121 ], [ -111.972724, 33.343591 ], [ -111.972723, 33.342963 ], [ -111.972721, 33.342516 ], [ -111.972719, 33.341781 ], [ -111.972716, 33.341089 ], [ -111.972713, 33.340411 ], [ -111.972711, 33.339929 ], [ -111.972709, 33.33929 ], [ -111.972708, 33.339242 ], [ -111.972708, 33.338911 ], [ -111.972706, 33.338457 ], [ -111.972706, 33.338426 ], [ -111.972703, 33.337869 ], [ -111.972701, 33.337245 ], [ -111.9727, 33.336741 ], [ -111.972699, 33.336683 ], [ -111.972699, 33.336545 ], [ -111.972699, 33.336242 ], [ -111.972699, 33.335852 ], [ -111.972697, 33.33566 ], [ -111.972696, 33.335516 ], [ -111.972696, 33.335332 ], [ -111.972695, 33.334857 ], [ -111.972694, 33.334494 ], [ -111.972694, 33.334365 ], [ -111.972697, 33.333965 ], [ -111.972702, 33.333191 ], [ -111.972705, 33.333022 ], [ -111.972705, 33.33248 ], [ -111.972708, 33.331948 ], [ -111.972715, 33.330824 ], [ -111.972722, 33.329569 ], [ -111.972729, 33.328282 ], [ -111.972733, 33.327643 ], [ -111.972732, 33.327545 ], [ -111.972734, 33.32736 ], [ -111.972735, 33.327084 ], [ -111.972737, 33.326802 ], [ -111.972737, 33.326737 ], [ -111.972738, 33.326387 ], [ -111.972743, 33.325083 ], [ -111.972745, 33.324567 ], [ -111.972745, 33.324251 ], [ -111.972747, 33.323789 ], [ -111.972749, 33.323279 ], [ -111.97275, 33.322636 ], [ -111.972751, 33.322049 ], [ -111.972753, 33.32134 ], [ -111.972756, 33.320388 ], [ -111.97276, 33.319963 ], [ -111.97276, 33.319913 ], [ -111.97275, 33.319345 ], [ -111.972747, 33.318892 ], [ -111.972742, 33.318285 ], [ -111.972738, 33.31751 ], [ -111.972736, 33.317403 ], [ -111.972732, 33.316965 ], [ -111.972726, 33.316051 ], [ -111.972719, 33.315123 ], [ -111.972714, 33.314448 ], [ -111.972711, 33.31397 ], [ -111.972705, 33.313042 ], [ -111.972702, 33.312597 ], [ -111.972701, 33.312085 ], [ -111.9727, 33.311529 ], [ -111.972698, 33.310893 ], [ -111.972697, 33.310276 ], [ -111.972696, 33.309551 ], [ -111.972695, 33.309091 ], [ -111.972694, 33.308602 ], [ -111.972694, 33.308288 ], [ -111.972693, 33.30802 ], [ -111.972693, 33.307839 ], [ -111.97285, 33.307267 ], [ -111.972942, 33.306932 ], [ -111.973017, 33.306658 ], [ -111.973121, 33.306277 ], [ -111.973186, 33.306041 ], [ -111.973237, 33.305856 ], [ -111.973321, 33.305548 ], [ -111.973322, 33.305263 ], [ -111.973321, 33.305127 ], [ -111.97328, 33.304987 ], [ -111.973035, 33.304114 ], [ -111.972814, 33.303324 ], [ -111.972694, 33.302894 ], [ -111.972692, 33.301886 ], [ -111.972686, 33.299371 ], [ -111.972684, 33.298287 ], [ -111.972683, 33.297833 ], [ -111.972683, 33.297687 ], [ -111.972683, 33.29742 ], [ -111.972683, 33.297313 ], [ -111.972682, 33.297073 ], [ -111.972674, 33.296816 ], [ -111.972683, 33.296338 ], [ -111.972684, 33.296025 ], [ -111.972681, 33.295806 ], [ -111.972677, 33.295467 ], [ -111.972656, 33.294709 ], [ -111.972635, 33.294241 ], [ -111.972619, 33.294001 ], [ -111.972587, 33.293578 ], [ -111.972522, 33.292902 ], [ -111.972494, 33.292658 ], [ -111.972453, 33.292331 ], [ -111.972369, 33.291738 ], [ -111.972297, 33.291293 ], [ -111.972288, 33.291233 ], [ -111.972209, 33.290756 ], [ -111.972455, 33.290737 ], [ -111.973933, 33.290749 ], [ -111.975912, 33.290748 ], [ -111.977973, 33.29074 ], [ -111.979613, 33.290743 ], [ -111.97978, 33.290732 ], [ -111.979987, 33.290697 ], [ -111.980167, 33.290681 ], [ -111.98042, 33.290681 ], [ -111.981192, 33.290742 ], [ -111.981817, 33.29074 ], [ -111.987294, 33.290722 ], [ -111.995381, 33.290706 ], [ -111.997127, 33.290701 ], [ -111.997187, 33.290701 ], [ -112.003752, 33.290696 ], [ -112.005054, 33.290695 ], [ -112.008869, 33.290694 ], [ -112.014482, 33.290692 ], [ -112.017917, 33.290692 ], [ -112.023973, 33.29068 ], [ -112.029977, 33.290667 ], [ -112.031949, 33.290663 ], [ -112.048125, 33.290632 ], [ -112.050961, 33.290626 ], [ -112.053059, 33.290622 ], [ -112.057662, 33.290605 ], [ -112.061092, 33.290599 ], [ -112.063418, 33.290594 ], [ -112.070682, 33.290578 ], [ -112.078964, 33.290558 ], [ -112.081737, 33.29055 ], [ -112.083535, 33.290546 ], [ -112.085138, 33.290544 ], [ -112.091627, 33.290529 ], [ -112.094873, 33.290523 ], [ -112.097845, 33.290515 ], [ -112.099081, 33.290513 ], [ -112.100146, 33.290511 ], [ -112.100403, 33.290513 ], [ -112.101452, 33.290509 ], [ -112.10582, 33.2905 ], [ -112.116218, 33.290475 ], [ -112.128685, 33.290446 ], [ -112.129597, 33.290446 ], [ -112.133066, 33.290292 ], [ -112.133789, 33.29026 ], [ -112.133424, 33.290629 ], [ -112.134077, 33.291241 ], [ -112.134611, 33.291744 ], [ -112.136336, 33.293552 ], [ -112.137377, 33.294644 ], [ -112.138747, 33.296081 ], [ -112.139439, 33.296807 ], [ -112.141936, 33.299433 ], [ -112.142751, 33.300292 ], [ -112.143127, 33.30068 ], [ -112.143293, 33.300819 ], [ -112.144482, 33.301799 ], [ -112.147914, 33.304647 ], [ -112.148675, 33.305282 ], [ -112.149496, 33.306061 ], [ -112.14954, 33.306102 ], [ -112.15043, 33.306873 ], [ -112.151753, 33.308152 ], [ -112.151752, 33.30822 ], [ -112.151722, 33.309694 ], [ -112.151722, 33.309763 ], [ -112.151722, 33.31004 ], [ -112.151718, 33.313483 ], [ -112.151719, 33.315865 ], [ -112.151718, 33.316887 ], [ -112.151713, 33.318155 ], [ -112.151709, 33.319495 ], [ -112.153882, 33.319463 ], [ -112.158228, 33.319399 ], [ -112.159504, 33.319384 ], [ -112.159855, 33.319376 ], [ -112.159937, 33.319383 ], [ -112.160309, 33.319376 ], [ -112.160495, 33.319382 ], [ -112.160493, 33.319509 ], [ -112.160495, 33.319631 ], [ -112.160495, 33.319738 ], [ -112.160495, 33.319778 ], [ -112.161034, 33.32009 ], [ -112.162346, 33.320851 ], [ -112.163545, 33.321546 ], [ -112.163855, 33.321726 ], [ -112.163856, 33.321924 ], [ -112.163857, 33.322197 ], [ -112.164066, 33.322198 ], [ -112.164326, 33.322199 ], [ -112.164794, 33.3222 ], [ -112.1648, 33.32283 ], [ -112.164801, 33.322956 ], [ -112.164894, 33.322957 ], [ -112.166382, 33.322966 ], [ -112.166486, 33.322876 ], [ -112.168988, 33.325273 ], [ -112.168989, 33.325354 ], [ -112.168993, 33.326809 ], [ -112.168994, 33.327067 ], [ -112.168996, 33.327926 ], [ -112.169013, 33.333716 ], [ -112.169014, 33.333917 ], [ -112.169044, 33.333917 ], [ -112.169153, 33.333911 ], [ -112.169172, 33.333911 ], [ -112.169236, 33.33391 ], [ -112.169241, 33.333718 ], [ -112.169204, 33.327699 ], [ -112.169203, 33.327228 ], [ -112.169203, 33.326958 ], [ -112.169201, 33.32532 ], [ -112.169197, 33.32523 ], [ -112.169195, 33.32505 ], [ -112.16921, 33.325065 ], [ -112.169813, 33.325746 ], [ -112.169846, 33.325783 ], [ -112.170423, 33.32623 ], [ -112.177665, 33.333036 ], [ -112.178323, 33.333863 ], [ -112.178495, 33.33403 ], [ -112.185808, 33.341145 ], [ -112.186255, 33.34158 ], [ -112.186354, 33.341717 ], [ -112.186306, 33.341672 ], [ -112.186294, 33.343214 ], [ -112.186291, 33.343553 ], [ -112.18628, 33.344882 ], [ -112.186276, 33.345339 ], [ -112.187496, 33.345344 ], [ -112.187703, 33.345345 ], [ -112.187968, 33.345346 ], [ -112.188313, 33.345348 ], [ -112.189801, 33.345354 ], [ -112.191086, 33.346545 ], [ -112.1931, 33.348442 ], [ -112.193181, 33.348523 ], [ -112.200339, 33.355716 ], [ -112.200541, 33.3557 ], [ -112.203202, 33.358286 ], [ -112.204174, 33.359209 ], [ -112.207727, 33.362749 ], [ -112.209302, 33.364131 ], [ -112.210354, 33.365139 ], [ -112.211068, 33.365833 ], [ -112.211173, 33.365941 ], [ -112.211752, 33.366484 ], [ -112.211868, 33.366601 ], [ -112.212561, 33.367275 ], [ -112.21299, 33.367691 ], [ -112.213379, 33.368079 ], [ -112.21349, 33.3682 ], [ -112.214677, 33.36936 ], [ -112.215132, 33.369799 ], [ -112.215269, 33.369954 ], [ -112.215316, 33.370029 ], [ -112.215323, 33.37004 ], [ -112.215337, 33.370071 ], [ -112.215462, 33.370066 ], [ -112.215814, 33.370064 ], [ -112.215913, 33.370075 ], [ -112.219871, 33.370051 ], [ -112.219927, 33.370078 ], [ -112.219971, 33.370113 ], [ -112.219989, 33.370137 ], [ -112.220017, 33.370192 ], [ -112.220035, 33.370246 ], [ -112.220045, 33.370323 ], [ -112.220054, 33.370649 ], [ -112.220062, 33.372298 ], [ -112.220064, 33.373415 ], [ -112.220079, 33.37404 ], [ -112.220093, 33.374333 ], [ -112.220099, 33.374406 ], [ -112.220129, 33.374482 ], [ -112.220201, 33.374592 ], [ -112.220318, 33.374702 ], [ -112.220614, 33.374972 ], [ -112.220627, 33.374981 ], [ -112.22154, 33.375864 ], [ -112.221539, 33.375974 ], [ -112.222898, 33.37733 ], [ -112.223538, 33.377969 ], [ -112.223801, 33.378206 ], [ -112.225308, 33.379711 ], [ -112.227616, 33.381937 ], [ -112.227636, 33.381949 ], [ -112.228228, 33.38252 ], [ -112.228411, 33.383665 ], [ -112.22842, 33.384566 ], [ -112.227357, 33.384569 ], [ -112.227378, 33.388183 ], [ -112.227305, 33.388185 ], [ -112.226823, 33.388226 ], [ -112.226583, 33.388228 ], [ -112.226282, 33.388192 ], [ -112.22629, 33.386794 ], [ -112.226293, 33.386228 ], [ -112.224365, 33.38623 ], [ -112.224143, 33.38623 ], [ -112.224145, 33.386396 ], [ -112.222491, 33.386402 ], [ -112.220032, 33.386411 ], [ -112.219852, 33.386414 ], [ -112.219702, 33.386412 ], [ -112.219735, 33.387107 ], [ -112.219719, 33.387116 ], [ -112.219708, 33.387124 ], [ -112.21777, 33.388055 ], [ -112.215313, 33.38924 ], [ -112.215361, 33.389581 ], [ -112.215287, 33.39188 ], [ -112.211397, 33.391897 ], [ -112.210616, 33.391899 ], [ -112.210572, 33.389977 ], [ -112.210769, 33.389974 ], [ -112.210763, 33.389699 ], [ -112.210566, 33.389702 ], [ -112.210559, 33.389251 ], [ -112.207437, 33.389258 ], [ -112.207437, 33.389377 ], [ -112.207439, 33.389789 ], [ -112.207416, 33.390555 ], [ -112.207456, 33.391312 ], [ -112.207465, 33.391626 ], [ -112.207469, 33.391756 ], [ -112.207471, 33.391804 ], [ -112.207471, 33.391815 ], [ -112.206932, 33.391812 ], [ -112.204991, 33.391817 ], [ -112.202849, 33.39183 ], [ -112.202821, 33.390458 ], [ -112.202811, 33.389883 ], [ -112.202802, 33.389497 ], [ -112.202782, 33.38826 ], [ -112.202709, 33.384739 ], [ -112.202705, 33.384604 ], [ -112.202632, 33.381196 ], [ -112.202623, 33.380528 ], [ -112.202622, 33.380258 ], [ -112.202622, 33.380177 ], [ -112.202603, 33.379247 ], [ -112.202561, 33.37746 ], [ -112.204024, 33.377453 ], [ -112.204023, 33.377473 ], [ -112.204022, 33.377506 ], [ -112.204075, 33.380159 ], [ -112.204166, 33.380156 ], [ -112.21113, 33.380155 ], [ -112.211097, 33.379274 ], [ -112.211095, 33.377384 ], [ -112.211094, 33.377364 ], [ -112.211122, 33.377364 ], [ -112.211128, 33.377257 ], [ -112.208699, 33.377261 ], [ -112.205338, 33.377266 ], [ -112.20246, 33.377278 ], [ -112.199319, 33.377279 ], [ -112.1971, 33.377279 ], [ -112.195814, 33.377284 ], [ -112.195113, 33.37731 ], [ -112.194843, 33.377292 ], [ -112.193878, 33.377293 ], [ -112.19264, 33.377304 ], [ -112.192439, 33.377305 ], [ -112.190978, 33.377312 ], [ -112.190372, 33.377321 ], [ -112.189846, 33.377329 ], [ -112.189612, 33.377332 ], [ -112.189614, 33.37742 ], [ -112.189635, 33.378459 ], [ -112.189679, 33.380545 ], [ -112.189689, 33.380993 ], [ -112.189822, 33.380998 ], [ -112.189931, 33.381002 ], [ -112.190088, 33.381008 ], [ -112.190299, 33.381016 ], [ -112.190553, 33.381025 ], [ -112.190628, 33.381028 ], [ -112.190628, 33.381061 ], [ -112.191009, 33.381062 ], [ -112.191138, 33.384195 ], [ -112.19115, 33.384451 ], [ -112.191161, 33.38472 ], [ -112.19243, 33.384715 ], [ -112.19258, 33.384715 ], [ -112.192564, 33.384093 ], [ -112.19397, 33.384085 ], [ -112.193978, 33.384489 ], [ -112.193985, 33.384704 ], [ -112.194007, 33.385886 ], [ -112.194054, 33.388162 ], [ -112.194129, 33.391827 ], [ -112.192791, 33.391829 ], [ -112.192651, 33.391829 ], [ -112.19213, 33.391828 ], [ -112.191846, 33.391828 ], [ -112.191803, 33.391829 ], [ -112.191435, 33.391835 ], [ -112.191357, 33.391835 ], [ -112.185482, 33.391841 ], [ -112.185327, 33.391841 ], [ -112.185332, 33.391947 ], [ -112.185466, 33.393958 ], [ -112.185488, 33.394351 ], [ -112.185593, 33.395957 ], [ -112.18425, 33.395933 ], [ -112.183409, 33.395918 ], [ -112.18255, 33.395903 ], [ -112.180589, 33.395869 ], [ -112.17709, 33.395812 ], [ -112.177295, 33.398787 ], [ -112.177347, 33.399544 ], [ -112.177354, 33.399636 ], [ -112.175338, 33.399556 ], [ -112.172485, 33.399626 ], [ -112.170175, 33.399593 ], [ -112.169388, 33.39931 ], [ -112.169104, 33.399304 ], [ -112.168796, 33.399285 ], [ -112.168661, 33.399278 ], [ -112.168564, 33.399275 ], [ -112.168585, 33.3996 ], [ -112.168592, 33.399669 ], [ -112.16858, 33.399901 ], [ -112.168614, 33.400333 ], [ -112.16855, 33.40033 ], [ -112.168888, 33.402437 ], [ -112.169048, 33.402445 ], [ -112.169132, 33.403241 ], [ -112.169411, 33.403514 ], [ -112.16916, 33.403507 ], [ -112.169093, 33.403504 ], [ -112.169152, 33.403885 ], [ -112.169163, 33.40396 ], [ -112.169198, 33.404296 ], [ -112.169221, 33.404533 ], [ -112.169274, 33.405068 ], [ -112.16935, 33.405812 ], [ -112.169371, 33.406007 ], [ -112.169435, 33.406784 ], [ -112.169462, 33.407143 ], [ -112.169462, 33.407268 ], [ -112.169522, 33.407753 ], [ -112.169597, 33.40855 ], [ -112.169669, 33.40855 ], [ -112.169726, 33.409022 ], [ -112.169633, 33.409028 ], [ -112.169642, 33.409523 ], [ -112.16964, 33.409681 ], [ -112.171335, 33.409213 ], [ -112.173035, 33.408735 ], [ -112.173241, 33.408739 ], [ -112.173243, 33.408919 ], [ -112.173244, 33.40921 ], [ -112.173246, 33.409824 ], [ -112.174034, 33.409854 ], [ -112.17403, 33.411142 ], [ -112.174027, 33.41144 ], [ -112.175568, 33.411462 ], [ -112.175571, 33.410901 ], [ -112.175568, 33.410596 ], [ -112.175949, 33.410428 ], [ -112.17595, 33.410352 ], [ -112.177789, 33.409464 ], [ -112.177911, 33.409405 ], [ -112.177915, 33.409293 ], [ -112.177909, 33.408198 ], [ -112.177909, 33.407988 ], [ -112.177911, 33.40787 ], [ -112.178535, 33.4079 ], [ -112.179712, 33.40792 ], [ -112.18159, 33.407952 ], [ -112.181898, 33.407942 ], [ -112.182223, 33.407947 ], [ -112.183631, 33.407967 ], [ -112.185974, 33.408012 ], [ -112.186506, 33.408025 ], [ -112.18663, 33.408028 ], [ -112.18645, 33.406423 ], [ -112.18644, 33.406153 ], [ -112.186435, 33.406005 ], [ -112.186423, 33.405856 ], [ -112.186394, 33.405697 ], [ -112.186351, 33.405541 ], [ -112.186356, 33.404047 ], [ -112.186465, 33.404047 ], [ -112.186326, 33.403463 ], [ -112.186324, 33.403296 ], [ -112.187049, 33.403073 ], [ -112.187606, 33.403491 ], [ -112.188218, 33.403713 ], [ -112.188663, 33.403296 ], [ -112.18844, 33.402573 ], [ -112.188802, 33.402294 ], [ -112.189386, 33.402266 ], [ -112.190054, 33.4021 ], [ -112.190582, 33.402044 ], [ -112.191055, 33.402155 ], [ -112.191685, 33.402222 ], [ -112.191759, 33.402229 ], [ -112.192243, 33.402277 ], [ -112.192419, 33.402294 ], [ -112.192626, 33.402374 ], [ -112.192758, 33.402478 ], [ -112.192918, 33.402486 ], [ -112.193089, 33.402466 ], [ -112.193261, 33.40241 ], [ -112.193476, 33.402322 ], [ -112.194255, 33.402266 ], [ -112.194895, 33.401682 ], [ -112.194589, 33.400903 ], [ -112.194344, 33.400702 ], [ -112.194116, 33.400514 ], [ -112.193533, 33.40056 ], [ -112.192617, 33.400397 ], [ -112.192335, 33.400347 ], [ -112.192251, 33.400343 ], [ -112.191767, 33.400323 ], [ -112.191, 33.400291 ], [ -112.189776, 33.400458 ], [ -112.187299, 33.400235 ], [ -112.18652, 33.400124 ], [ -112.186007, 33.400136 ], [ -112.185955, 33.399968 ], [ -112.185463, 33.398371 ], [ -112.185921, 33.395972 ], [ -112.191835, 33.396165 ], [ -112.192029, 33.396171 ], [ -112.192296, 33.39618 ], [ -112.192363, 33.396182 ], [ -112.203357, 33.396544 ], [ -112.203458, 33.397306 ], [ -112.20356, 33.397995 ], [ -112.203829, 33.399976 ], [ -112.203973, 33.401016 ], [ -112.204003, 33.401236 ], [ -112.204004, 33.403709 ], [ -112.204004, 33.404282 ], [ -112.204102, 33.404232 ], [ -112.204147, 33.404209 ], [ -112.205944, 33.404165 ], [ -112.206979, 33.404093 ], [ -112.207726, 33.403982 ], [ -112.20848, 33.403774 ], [ -112.208591, 33.403681 ], [ -112.2089, 33.403543 ], [ -112.208909, 33.408213 ], [ -112.208909, 33.408464 ], [ -112.208974, 33.408465 ], [ -112.20959, 33.40847 ], [ -112.211033, 33.408479 ], [ -112.212733, 33.408479 ], [ -112.212733, 33.408574 ], [ -112.21474, 33.408552 ], [ -112.215917, 33.408556 ], [ -112.216745, 33.408554 ], [ -112.217025, 33.408553 ], [ -112.217024, 33.408456 ], [ -112.217, 33.40617 ], [ -112.217004, 33.404592 ], [ -112.217003, 33.404048 ], [ -112.217009, 33.403768 ], [ -112.217022, 33.403672 ], [ -112.217057, 33.403699 ], [ -112.2172, 33.403794 ], [ -112.21733, 33.403866 ], [ -112.217553, 33.403987 ], [ -112.217843, 33.404135 ], [ -112.21819, 33.404318 ], [ -112.218457, 33.404454 ], [ -112.218763, 33.404618 ], [ -112.218993, 33.404736 ], [ -112.21906, 33.404768 ], [ -112.219075, 33.404774 ], [ -112.219248, 33.404838 ], [ -112.219558, 33.404951 ], [ -112.219674, 33.404995 ], [ -112.219746, 33.405014 ], [ -112.219899, 33.405044 ], [ -112.220092, 33.405081 ], [ -112.220265, 33.405116 ], [ -112.220365, 33.40513 ], [ -112.220391, 33.40513 ], [ -112.220474, 33.405132 ], [ -112.220641, 33.405128 ], [ -112.221047, 33.405114 ], [ -112.221288, 33.405095 ], [ -112.221293, 33.405199 ], [ -112.221301, 33.405284 ], [ -112.221407, 33.407504 ], [ -112.221422, 33.408181 ], [ -112.221412, 33.408248 ], [ -112.221403, 33.408345 ], [ -112.221393, 33.408443 ], [ -112.221392, 33.408482 ], [ -112.221391, 33.408541 ], [ -112.221595, 33.408543 ], [ -112.225028, 33.408546 ], [ -112.227099, 33.408547 ], [ -112.228728, 33.408543 ], [ -112.229261, 33.408539 ], [ -112.229687, 33.408537 ], [ -112.232224, 33.408528 ], [ -112.233732, 33.408526 ], [ -112.233861, 33.408526 ], [ -112.23422, 33.408526 ], [ -112.23695, 33.408521 ], [ -112.237904, 33.408506 ], [ -112.242184, 33.40807 ], [ -112.242223, 33.40903 ], [ -112.242252, 33.409486 ], [ -112.242262, 33.409765 ], [ -112.242321, 33.411234 ], [ -112.242333, 33.411642 ], [ -112.242813, 33.411569 ], [ -112.244071, 33.41142 ], [ -112.244629, 33.411358 ], [ -112.245935, 33.411225 ], [ -112.246629, 33.411154 ], [ -112.253089, 33.410456 ], [ -112.253087, 33.410392 ], [ -112.253086, 33.410356 ], [ -112.253051, 33.409323 ], [ -112.253012, 33.406892 ], [ -112.253013, 33.40684 ], [ -112.254317, 33.406708 ], [ -112.254317, 33.406725 ], [ -112.254669, 33.406679 ], [ -112.254746, 33.40667 ], [ -112.254739, 33.406566 ], [ -112.254725, 33.406345 ], [ -112.254714, 33.406275 ], [ -112.2547, 33.405786 ], [ -112.254597, 33.405083 ], [ -112.254384, 33.404523 ], [ -112.254156, 33.40397 ], [ -112.254104, 33.403805 ], [ -112.254064, 33.403666 ], [ -112.254028, 33.40351 ], [ -112.253995, 33.403337 ], [ -112.25397, 33.403129 ], [ -112.253961, 33.403033 ], [ -112.253956, 33.402951 ], [ -112.253952, 33.402772 ], [ -112.253952, 33.40222 ], [ -112.25395, 33.401202 ], [ -112.253946, 33.399 ], [ -112.253847, 33.399003 ], [ -112.252762, 33.398995 ], [ -112.250582, 33.398999 ], [ -112.245635, 33.398995 ], [ -112.245592, 33.399008 ], [ -112.24556, 33.399034 ], [ -112.245544, 33.399062 ], [ -112.24554, 33.39909 ], [ -112.24554, 33.399168 ], [ -112.245539, 33.401434 ], [ -112.245526, 33.402532 ], [ -112.245511, 33.402731 ], [ -112.245436, 33.402713 ], [ -112.245363, 33.402707 ], [ -112.245134, 33.402697 ], [ -112.24471, 33.402693 ], [ -112.241645, 33.402701 ], [ -112.241061, 33.402707 ], [ -112.240808, 33.402706 ], [ -112.239322, 33.402698 ], [ -112.239321, 33.402583 ], [ -112.239327, 33.399158 ], [ -112.239325, 33.399078 ], [ -112.237778, 33.399082 ], [ -112.237764, 33.399082 ], [ -112.237194, 33.399084 ], [ -112.23699, 33.399084 ], [ -112.23699, 33.399044 ], [ -112.236872, 33.399046 ], [ -112.236897, 33.395426 ], [ -112.236861, 33.395426 ], [ -112.236804, 33.395426 ], [ -112.236825, 33.392063 ], [ -112.236817, 33.39204 ], [ -112.236799, 33.392027 ], [ -112.236904, 33.391974 ], [ -112.236903, 33.391898 ], [ -112.236903, 33.391802 ], [ -112.237053, 33.391802 ], [ -112.237108, 33.389943 ], [ -112.237123, 33.389566 ], [ -112.237122, 33.388721 ], [ -112.237122, 33.388404 ], [ -112.237121, 33.388167 ], [ -112.237116, 33.387665 ], [ -112.237162, 33.387637 ], [ -112.237283, 33.387566 ], [ -112.237393, 33.387485 ], [ -112.237475, 33.387415 ], [ -112.237548, 33.387338 ], [ -112.237689, 33.387178 ], [ -112.237777, 33.387077 ], [ -112.237927, 33.386921 ], [ -112.238024, 33.386814 ], [ -112.238081, 33.386748 ], [ -112.238194, 33.38662 ], [ -112.238299, 33.386493 ], [ -112.238501, 33.38625 ], [ -112.238701, 33.386011 ], [ -112.238889, 33.385801 ], [ -112.239034, 33.385653 ], [ -112.239227, 33.385492 ], [ -112.239425, 33.385324 ], [ -112.239845, 33.384975 ], [ -112.239953, 33.384888 ], [ -112.240064, 33.384806 ], [ -112.240284, 33.384653 ], [ -112.2404, 33.384564 ], [ -112.240463, 33.384503 ], [ -112.240561, 33.384431 ], [ -112.240601, 33.38441 ], [ -112.240674, 33.38438 ], [ -112.240864, 33.384314 ], [ -112.241322, 33.384155 ], [ -112.241632, 33.384047 ], [ -112.241909, 33.383954 ], [ -112.242388, 33.383833 ], [ -112.242673, 33.383783 ], [ -112.242988, 33.383746 ], [ -112.243389, 33.383726 ], [ -112.243804, 33.383726 ], [ -112.244099, 33.383716 ], [ -112.24424, 33.383702 ], [ -112.244586, 33.383657 ], [ -112.245144, 33.383575 ], [ -112.245536, 33.38352 ], [ -112.245811, 33.383469 ], [ -112.246043, 33.383408 ], [ -112.246194, 33.383358 ], [ -112.246496, 33.383259 ], [ -112.246804, 33.383163 ], [ -112.247113, 33.383069 ], [ -112.247489, 33.382957 ], [ -112.248315, 33.382756 ], [ -112.248592, 33.382705 ], [ -112.24897, 33.382649 ], [ -112.249375, 33.382611 ], [ -112.249633, 33.382617 ], [ -112.249876, 33.382645 ], [ -112.250126, 33.382672 ], [ -112.250423, 33.382706 ], [ -112.250647, 33.382744 ], [ -112.250904, 33.382803 ], [ -112.251189, 33.382889 ], [ -112.251382, 33.382959 ], [ -112.251627, 33.383038 ], [ -112.25181, 33.3831 ], [ -112.252152, 33.383211 ], [ -112.252469, 33.38331 ], [ -112.252832, 33.383424 ], [ -112.253103, 33.383512 ], [ -112.253474, 33.383618 ], [ -112.253901, 33.383708 ], [ -112.254295, 33.383756 ], [ -112.254401, 33.383768 ], [ -112.25482, 33.383774 ], [ -112.254846, 33.383778 ], [ -112.255485, 33.383787 ], [ -112.256156, 33.383789 ], [ -112.257184, 33.383778 ], [ -112.257627, 33.383769 ], [ -112.257758, 33.383765 ], [ -112.258164, 33.383751 ], [ -112.258308, 33.383742 ], [ -112.258546, 33.383723 ], [ -112.258737, 33.383702 ], [ -112.258964, 33.383679 ], [ -112.259234, 33.383655 ], [ -112.259565, 33.383631 ], [ -112.259839, 33.383621 ], [ -112.260275, 33.383605 ], [ -112.260602, 33.38359 ], [ -112.260872, 33.383566 ], [ -112.261097, 33.383541 ], [ -112.261273, 33.383517 ], [ -112.261977, 33.38342 ], [ -112.262554, 33.383391 ], [ -112.262852, 33.383393 ], [ -112.263142, 33.383387 ], [ -112.263523, 33.383396 ], [ -112.263711, 33.383413 ], [ -112.263806, 33.383421 ], [ -112.264121, 33.383464 ], [ -112.26421, 33.383488 ], [ -112.264366, 33.38352 ], [ -112.264554, 33.383561 ], [ -112.264761, 33.383595 ], [ -112.264938, 33.383615 ], [ -112.265138, 33.383621 ], [ -112.265392, 33.383615 ], [ -112.265636, 33.383619 ], [ -112.265814, 33.38362 ], [ -112.266131, 33.383657 ], [ -112.26638, 33.383707 ], [ -112.266671, 33.383789 ], [ -112.266881, 33.383858 ], [ -112.267074, 33.383928 ], [ -112.26731, 33.384016 ], [ -112.267554, 33.384086 ], [ -112.267746, 33.384118 ], [ -112.26788, 33.384134 ], [ -112.26807, 33.384147 ], [ -112.268184, 33.384149 ], [ -112.268413, 33.384141 ], [ -112.268623, 33.38412 ], [ -112.268847, 33.384082 ], [ -112.26909, 33.384021 ], [ -112.269309, 33.383952 ], [ -112.269508, 33.383862 ], [ -112.269691, 33.383751 ], [ -112.269785, 33.383676 ], [ -112.269917, 33.383559 ], [ -112.27005, 33.383442 ], [ -112.270153, 33.383376 ], [ -112.270329, 33.383286 ], [ -112.270423, 33.38325 ], [ -112.27062, 33.383186 ], [ -112.270824, 33.383142 ], [ -112.270968, 33.383124 ], [ -112.271147, 33.383114 ], [ -112.271341, 33.38312 ], [ -112.27155, 33.383146 ], [ -112.271671, 33.383169 ], [ -112.271787, 33.383194 ], [ -112.271798, 33.383288 ], [ -112.271849, 33.384781 ], [ -112.27216, 33.384789 ], [ -112.272493, 33.384795 ], [ -112.275735, 33.384804 ], [ -112.275848, 33.384804 ], [ -112.276501, 33.384791 ], [ -112.2768, 33.384794 ], [ -112.277115, 33.384797 ], [ -112.278728, 33.384813 ], [ -112.279324, 33.384814 ], [ -112.279696, 33.384816 ], [ -112.280067, 33.384816 ], [ -112.280463, 33.384818 ], [ -112.281396, 33.384819 ], [ -112.283169, 33.384825 ], [ -112.284558, 33.384829 ], [ -112.284571, 33.382586 ], [ -112.284572, 33.382461 ], [ -112.284581, 33.381077 ], [ -112.286546, 33.381068 ], [ -112.28811, 33.381065 ], [ -112.288575, 33.381051 ], [ -112.288579, 33.381165 ], [ -112.288611, 33.382334 ], [ -112.288668, 33.384444 ], [ -112.288681, 33.384773 ], [ -112.288844, 33.391054 ], [ -112.288863, 33.391705 ], [ -112.288868, 33.392015 ], [ -112.288885, 33.392768 ], [ -112.288903, 33.39381 ], [ -112.288925, 33.394597 ], [ -112.288929, 33.394707 ], [ -112.288976, 33.396487 ], [ -112.288993, 33.397136 ], [ -112.289041, 33.399083 ], [ -112.289196, 33.406373 ], [ -112.289201, 33.406546 ], [ -112.289113, 33.409014 ], [ -112.289168, 33.409014 ], [ -112.289355, 33.40902 ], [ -112.289384, 33.410422 ], [ -112.289406, 33.411467 ], [ -112.289413, 33.411792 ], [ -112.289445, 33.413346 ], [ -112.289448, 33.413506 ], [ -112.28945, 33.41358 ], [ -112.289336, 33.413584 ], [ -112.289347, 33.414659 ], [ -112.289402, 33.417357 ], [ -112.289415, 33.418217 ], [ -112.28942, 33.418587 ], [ -112.289451, 33.420747 ], [ -112.289455, 33.420824 ], [ -112.289462, 33.420987 ], [ -112.289486, 33.423585 ], [ -112.289508, 33.42521 ], [ -112.289516, 33.426113 ], [ -112.289543, 33.428168 ], [ -112.289547, 33.429591 ], [ -112.289559, 33.430303 ], [ -112.289571, 33.430933 ], [ -112.28956, 33.432055 ], [ -112.289558, 33.432824 ], [ -112.289596, 33.435352 ], [ -112.287867, 33.435392 ], [ -112.286401, 33.435426 ], [ -112.28636, 33.435427 ], [ -112.285984, 33.435434 ], [ -112.28537, 33.435438 ], [ -112.284591, 33.435444 ], [ -112.281135, 33.435484 ], [ -112.281087, 33.435485 ], [ -112.279658, 33.435501 ], [ -112.272785, 33.435582 ], [ -112.272355, 33.435591 ], [ -112.264303, 33.435643 ], [ -112.263861, 33.435647 ], [ -112.255475, 33.43568 ], [ -112.255144, 33.435688 ], [ -112.250596, 33.43606 ], [ -112.246818, 33.436372 ], [ -112.246633, 33.436388 ], [ -112.238297, 33.437051 ], [ -112.238234, 33.437054 ], [ -112.234393, 33.437013 ], [ -112.232444, 33.436994 ], [ -112.229641, 33.436973 ], [ -112.222928, 33.437024 ], [ -112.222927, 33.437118 ], [ -112.222925, 33.437212 ], [ -112.221087, 33.437239 ], [ -112.221178, 33.44092 ], [ -112.221265, 33.444394 ], [ -112.221275, 33.445618 ], [ -112.221276, 33.445692 ], [ -112.221277, 33.445753 ], [ -112.221282, 33.446717 ], [ -112.221279, 33.448113 ], [ -112.221269, 33.451512 ], [ -112.221268, 33.451693 ], [ -112.221355, 33.451694 ], [ -112.229682, 33.451755 ], [ -112.233147, 33.451779 ], [ -112.233518, 33.45178 ], [ -112.237923, 33.45178 ], [ -112.238326, 33.451749 ], [ -112.238367, 33.451743 ], [ -112.238365, 33.451799 ], [ -112.238314, 33.454745 ], [ -112.238267, 33.45743 ], [ -112.23825, 33.458398 ], [ -112.238268, 33.459077 ], [ -112.238292, 33.459985 ], [ -112.238335, 33.461602 ], [ -112.238296, 33.462106 ], [ -112.238308, 33.462473 ], [ -112.238323, 33.462947 ], [ -112.23822, 33.463606 ], [ -112.23818, 33.464065 ], [ -112.238172, 33.464095 ], [ -112.238173, 33.465097 ], [ -112.238186, 33.46533 ], [ -112.238221, 33.465428 ], [ -112.242155, 33.465356 ], [ -112.242251, 33.465353 ], [ -112.245861, 33.465301 ], [ -112.246569, 33.465283 ], [ -112.250918, 33.465211 ], [ -112.25491, 33.465143 ], [ -112.255012, 33.465143 ], [ -112.255242, 33.46514 ], [ -112.255242, 33.465122 ], [ -112.255243, 33.465049 ], [ -112.255472, 33.465048 ], [ -112.257886, 33.465034 ], [ -112.257974, 33.465034 ], [ -112.260234, 33.464984 ], [ -112.2613, 33.464962 ], [ -112.263861, 33.46491 ], [ -112.264321, 33.4649 ], [ -112.26569, 33.464871 ], [ -112.266058, 33.464864 ], [ -112.267861, 33.464812 ], [ -112.268044, 33.464806 ], [ -112.268357, 33.464806 ], [ -112.268384, 33.464806 ], [ -112.268531, 33.464806 ], [ -112.26858, 33.464806 ], [ -112.268778, 33.464805 ], [ -112.268789, 33.464805 ], [ -112.26884, 33.464805 ], [ -112.268868, 33.464805 ], [ -112.269171, 33.464806 ], [ -112.269396, 33.464799 ], [ -112.270632, 33.464762 ], [ -112.271279, 33.464743 ], [ -112.27231, 33.464734 ], [ -112.272401, 33.464734 ], [ -112.272422, 33.464734 ], [ -112.272401, 33.468407 ], [ -112.272402, 33.468438 ], [ -112.2724, 33.468581 ], [ -112.272384, 33.471882 ], [ -112.272359, 33.478692 ], [ -112.272361, 33.479198 ], [ -112.272362, 33.47924 ], [ -112.272473, 33.47932 ], [ -112.272471, 33.479359 ], [ -112.272456, 33.479698 ], [ -112.272456, 33.479819 ], [ -112.272454, 33.480283 ], [ -112.272463, 33.481313 ], [ -112.272455, 33.486517 ], [ -112.272456, 33.492038 ], [ -112.272442, 33.493386 ], [ -112.272444, 33.493799 ], [ -112.272445, 33.493853 ], [ -112.272445, 33.493895 ], [ -112.272553, 33.493894 ], [ -112.272646, 33.493892 ], [ -112.277241, 33.493865 ], [ -112.278329, 33.493857 ], [ -112.281046, 33.493818 ], [ -112.284941, 33.493772 ], [ -112.289565, 33.493757 ], [ -112.290218, 33.493747 ], [ -112.29184, 33.493686 ], [ -112.293327, 33.493632 ], [ -112.293349, 33.493631 ], [ -112.296011, 33.493536 ], [ -112.298518, 33.493448 ], [ -112.302511, 33.49333 ], [ -112.30543, 33.493223 ], [ -112.306773, 33.493188 ], [ -112.307572, 33.493191 ], [ -112.308928, 33.493152 ], [ -112.309341, 33.493201 ], [ -112.310827, 33.493328 ], [ -112.312737, 33.493343 ], [ -112.314614, 33.493366 ], [ -112.316259, 33.49339 ], [ -112.317835, 33.493403 ], [ -112.319582, 33.493414 ], [ -112.319582, 33.493887 ], [ -112.319598, 33.496334 ], [ -112.31961, 33.496687 ], [ -112.322684, 33.496681 ], [ -112.322684, 33.496696 ], [ -112.322684, 33.496709 ], [ -112.323227, 33.496709 ], [ -112.323228, 33.496687 ], [ -112.323276, 33.496686 ], [ -112.323524, 33.496687 ], [ -112.323523, 33.496705 ], [ -112.323607, 33.496705 ], [ -112.323607, 33.496771 ], [ -112.323609, 33.497011 ], [ -112.323613, 33.497189 ], [ -112.323618, 33.497697 ], [ -112.323631, 33.498956 ], [ -112.323642, 33.499866 ], [ -112.32365, 33.5005 ], [ -112.32366, 33.501303 ], [ -112.323671, 33.50204 ], [ -112.323687, 33.503159 ], [ -112.323698, 33.503923 ], [ -112.323901, 33.503925 ], [ -112.323988, 33.503925 ], [ -112.324031, 33.507154 ], [ -112.324041, 33.507304 ], [ -112.324056, 33.507509 ], [ -112.324052, 33.512492 ], [ -112.324052, 33.513458 ], [ -112.324051, 33.513526 ], [ -112.324051, 33.513555 ], [ -112.324065, 33.514694 ], [ -112.323945, 33.514694 ], [ -112.323765, 33.514692 ], [ -112.323769, 33.517335 ], [ -112.323771, 33.518185 ], [ -112.323773, 33.519527 ], [ -112.323773, 33.519631 ] ], [ [ -112.168976, 33.333917 ], [ -112.165075, 33.333917 ], [ -112.160477, 33.333917 ], [ -112.157548, 33.333917 ], [ -112.156158, 33.333917 ], [ -112.153879, 33.333917 ], [ -112.151831, 33.333917 ], [ -112.151794, 33.333919 ], [ -112.151771, 33.333928 ], [ -112.151748, 33.333936 ], [ -112.151722, 33.333956 ], [ -112.151713, 33.333969 ], [ -112.151701, 33.333999 ], [ -112.151529, 33.333999 ], [ -112.151486, 33.334003 ], [ -112.148868, 33.333995 ], [ -112.148795, 33.33401 ], [ -112.148728, 33.334041 ], [ -112.147982, 33.334047 ], [ -112.146189, 33.334061 ], [ -112.145776, 33.334058 ], [ -112.145154, 33.33461 ], [ -112.144356, 33.335091 ], [ -112.143967, 33.335123 ], [ -112.143685, 33.335146 ], [ -112.143686, 33.335165 ], [ -112.143687, 33.335601 ], [ -112.143688, 33.335862 ], [ -112.143694, 33.337606 ], [ -112.141395, 33.337599 ], [ -112.140079, 33.337596 ], [ -112.139374, 33.337593 ], [ -112.13938, 33.339472 ], [ -112.139387, 33.340821 ], [ -112.139386, 33.341161 ], [ -112.13724, 33.341155 ], [ -112.135106, 33.341126 ], [ -112.13495, 33.341125 ], [ -112.134923, 33.341126 ], [ -112.130733, 33.341185 ], [ -112.130151, 33.341191 ], [ -112.129554, 33.341202 ], [ -112.12954, 33.341667 ], [ -112.129541, 33.342049 ], [ -112.129067, 33.342059 ], [ -112.129069, 33.342112 ], [ -112.129066, 33.342129 ], [ -112.12914, 33.342128 ], [ -112.129139, 33.34304 ], [ -112.130731, 33.343023 ], [ -112.133196, 33.342998 ], [ -112.134966, 33.342977 ], [ -112.134975, 33.344823 ], [ -112.134977, 33.345382 ], [ -112.134986, 33.347521 ], [ -112.134992, 33.348395 ], [ -112.134993, 33.348504 ], [ -112.134993, 33.348554 ], [ -112.135078, 33.348554 ], [ -112.135109, 33.348553 ], [ -112.135144, 33.348552 ], [ -112.135174, 33.348529 ], [ -112.136776, 33.347471 ], [ -112.137846, 33.34675 ], [ -112.138, 33.346629 ], [ -112.138081, 33.346559 ], [ -112.13928, 33.345398 ], [ -112.139409, 33.345267 ], [ -112.139811, 33.344861 ], [ -112.139885, 33.344835 ], [ -112.141845, 33.344841 ], [ -112.143751, 33.344842 ], [ -112.144491, 33.344842 ], [ -112.148041, 33.344845 ], [ -112.148057, 33.348355 ], [ -112.148055, 33.34848 ], [ -112.147906, 33.348478 ], [ -112.14528, 33.348475 ], [ -112.144022, 33.348486 ], [ -112.143964, 33.348487 ], [ -112.143964, 33.348505 ], [ -112.143359, 33.348509 ], [ -112.143369, 33.352105 ], [ -112.143371, 33.352446 ], [ -112.143372, 33.353378 ], [ -112.143397, 33.353352 ], [ -112.143432, 33.353337 ], [ -112.143531, 33.35333 ], [ -112.143639, 33.353329 ], [ -112.143955, 33.353326 ], [ -112.144723, 33.353319 ], [ -112.144755, 33.353319 ], [ -112.144755, 33.353679 ], [ -112.14475, 33.354525 ], [ -112.144282, 33.354526 ], [ -112.14395, 33.354526 ], [ -112.14371, 33.354521 ], [ -112.143378, 33.354516 ], [ -112.143379, 33.355635 ], [ -112.143383, 33.355753 ], [ -112.143916, 33.355755 ], [ -112.143914, 33.355829 ], [ -112.14459, 33.355835 ], [ -112.145029, 33.355854 ], [ -112.148117, 33.355841 ], [ -112.148413, 33.35584 ], [ -112.151676, 33.355829 ], [ -112.151911, 33.355825 ], [ -112.15191, 33.354363 ], [ -112.15192, 33.353203 ], [ -112.151922, 33.35297 ], [ -112.151919, 33.352893 ], [ -112.151913, 33.352855 ], [ -112.151964, 33.352811 ], [ -112.152043, 33.352757 ], [ -112.152139, 33.3527 ], [ -112.152212, 33.352665 ], [ -112.152307, 33.352631 ], [ -112.152402, 33.352603 ], [ -112.152518, 33.352583 ], [ -112.152637, 33.352575 ], [ -112.152772, 33.352581 ], [ -112.152921, 33.352596 ], [ -112.153181, 33.352622 ], [ -112.153303, 33.352627 ], [ -112.153515, 33.352619 ], [ -112.153636, 33.352604 ], [ -112.153784, 33.352577 ], [ -112.154014, 33.35251 ], [ -112.154178, 33.352442 ], [ -112.154329, 33.352365 ], [ -112.154435, 33.352297 ], [ -112.154562, 33.352209 ], [ -112.154757, 33.352074 ], [ -112.154885, 33.352071 ], [ -112.156029, 33.352066 ], [ -112.156027, 33.351904 ], [ -112.156026, 33.351812 ], [ -112.156026, 33.351722 ], [ -112.156026, 33.351693 ], [ -112.155145, 33.351674 ], [ -112.154893, 33.35167 ], [ -112.154923, 33.350631 ], [ -112.154924, 33.350602 ], [ -112.154923, 33.350513 ], [ -112.15491, 33.350344 ], [ -112.154868, 33.350126 ], [ -112.154844, 33.34995 ], [ -112.154793, 33.348729 ], [ -112.1548, 33.348567 ], [ -112.154787, 33.3485 ], [ -112.155792, 33.348539 ], [ -112.1558, 33.341248 ], [ -112.1558, 33.341153 ], [ -112.156102, 33.341155 ], [ -112.156282, 33.341153 ], [ -112.159397, 33.341129 ], [ -112.161419, 33.34111 ], [ -112.162115, 33.341101 ], [ -112.164396, 33.341084 ], [ -112.16491, 33.341082 ], [ -112.166036, 33.341078 ], [ -112.166138, 33.341078 ], [ -112.168864, 33.341069 ], [ -112.169031, 33.341069 ], [ -112.169024, 33.338432 ], [ -112.16902, 33.336885 ], [ -112.169018, 33.335788 ], [ -112.169014, 33.333917 ], [ -112.168976, 33.333917 ] ], [ [ -112.284753, 33.392084 ], [ -112.284752, 33.392037 ], [ -112.284748, 33.391794 ], [ -112.284732, 33.39108 ], [ -112.280998, 33.391153 ], [ -112.281015, 33.39188 ], [ -112.281025, 33.392162 ], [ -112.280623, 33.392172 ], [ -112.280615, 33.391889 ], [ -112.280562, 33.389656 ], [ -112.279439, 33.389958 ], [ -112.279439, 33.390358 ], [ -112.277139, 33.390378 ], [ -112.277183, 33.391967 ], [ -112.277186, 33.392119 ], [ -112.277081, 33.392119 ], [ -112.277014, 33.392121 ], [ -112.277009, 33.391971 ], [ -112.276968, 33.390495 ], [ -112.276965, 33.390398 ], [ -112.272922, 33.390456 ], [ -112.272748, 33.390454 ], [ -112.272208, 33.390447 ], [ -112.272077, 33.390449 ], [ -112.272011, 33.389121 ], [ -112.269986, 33.389121 ], [ -112.269964, 33.389249 ], [ -112.268904, 33.389284 ], [ -112.268569, 33.389294 ], [ -112.268202, 33.389306 ], [ -112.267742, 33.389322 ], [ -112.267722, 33.392042 ], [ -112.267723, 33.392259 ], [ -112.267991, 33.392255 ], [ -112.271426, 33.392302 ], [ -112.271896, 33.392317 ], [ -112.271927, 33.392316 ], [ -112.271937, 33.394535 ], [ -112.271955, 33.395781 ], [ -112.271764, 33.395783 ], [ -112.271168, 33.395771 ], [ -112.27068, 33.395772 ], [ -112.268892, 33.395744 ], [ -112.267964, 33.395739 ], [ -112.26772, 33.395738 ], [ -112.267787, 33.398579 ], [ -112.267801, 33.399159 ], [ -112.267802, 33.399195 ], [ -112.267672, 33.399195 ], [ -112.254312, 33.399194 ], [ -112.254312, 33.399179 ], [ -112.254114, 33.399185 ], [ -112.254116, 33.402499 ], [ -112.254123, 33.403052 ], [ -112.254138, 33.403213 ], [ -112.25418, 33.403471 ], [ -112.254239, 33.403713 ], [ -112.254292, 33.403882 ], [ -112.25439, 33.404106 ], [ -112.254752, 33.405082 ], [ -112.254838, 33.405528 ], [ -112.254901, 33.40635 ], [ -112.254909, 33.406447 ], [ -112.255078, 33.406437 ], [ -112.262488, 33.406401 ], [ -112.262389, 33.403415 ], [ -112.263533, 33.403071 ], [ -112.263531, 33.403011 ], [ -112.263539, 33.402965 ], [ -112.263558, 33.402929 ], [ -112.263589, 33.402899 ], [ -112.264185, 33.402898 ], [ -112.265002, 33.402897 ], [ -112.265781, 33.402895 ], [ -112.266175, 33.402895 ], [ -112.266619, 33.402894 ], [ -112.272168, 33.40289 ], [ -112.272288, 33.40289 ], [ -112.272294, 33.400033 ], [ -112.272298, 33.399872 ], [ -112.272297, 33.399596 ], [ -112.280692, 33.399566 ], [ -112.280689, 33.399168 ], [ -112.272155, 33.399244 ], [ -112.272147, 33.398007 ], [ -112.27215, 33.397058 ], [ -112.272148, 33.39578 ], [ -112.273584, 33.39576 ], [ -112.273582, 33.395511 ], [ -112.277397, 33.395465 ], [ -112.277397, 33.39549 ], [ -112.279491, 33.39552 ], [ -112.279493, 33.395644 ], [ -112.279493, 33.395677 ], [ -112.288265, 33.395539 ], [ -112.288837, 33.395533 ], [ -112.288818, 33.394604 ], [ -112.288798, 33.393813 ], [ -112.288775, 33.392768 ], [ -112.288757, 33.392017 ], [ -112.288327, 33.392021 ], [ -112.286471, 33.392049 ], [ -112.284753, 33.392084 ] ], [ [ -112.283661, 33.406276 ], [ -112.28466, 33.406271 ], [ -112.284645, 33.405455 ], [ -112.28366, 33.405454 ], [ -112.283661, 33.406276 ] ], [ [ -112.207705, 33.412136 ], [ -112.207703, 33.412519 ], [ -112.204264, 33.412498 ], [ -112.204183, 33.412495 ], [ -112.204184, 33.412384 ], [ -112.204208, 33.409364 ], [ -112.204294, 33.409363 ], [ -112.204301, 33.408674 ], [ -112.20444, 33.408564 ], [ -112.204439, 33.408435 ], [ -112.204304, 33.408433 ], [ -112.204216, 33.408431 ], [ -112.204188, 33.408431 ], [ -112.204108, 33.408426 ], [ -112.203933, 33.408413 ], [ -112.203829, 33.40841 ], [ -112.203826, 33.408505 ], [ -112.203955, 33.408617 ], [ -112.203944, 33.409631 ], [ -112.202811, 33.409625 ], [ -112.202844, 33.408389 ], [ -112.202847, 33.408295 ], [ -112.199006, 33.40825 ], [ -112.19867, 33.408246 ], [ -112.195482, 33.408189 ], [ -112.195434, 33.408285 ], [ -112.19541, 33.409509 ], [ -112.1954, 33.409844 ], [ -112.195389, 33.410178 ], [ -112.195428, 33.410994 ], [ -112.195417, 33.412415 ], [ -112.195412, 33.412953 ], [ -112.198409, 33.412988 ], [ -112.199034, 33.413 ], [ -112.199227, 33.412998 ], [ -112.199721, 33.413003 ], [ -112.201491, 33.413025 ], [ -112.20244, 33.413058 ], [ -112.20245, 33.411853 ], [ -112.203577, 33.411858 ], [ -112.203879, 33.41186 ], [ -112.204082, 33.411859 ], [ -112.204072, 33.412377 ], [ -112.20407, 33.41247 ], [ -112.20407, 33.412492 ], [ -112.204068, 33.412613 ], [ -112.204061, 33.413018 ], [ -112.204059, 33.413114 ], [ -112.203833, 33.413115 ], [ -112.203117, 33.413118 ], [ -112.203114, 33.413551 ], [ -112.203109, 33.414275 ], [ -112.203109, 33.414336 ], [ -112.204033, 33.414354 ], [ -112.204027, 33.414659 ], [ -112.204025, 33.414751 ], [ -112.204016, 33.415174 ], [ -112.20401, 33.415478 ], [ -112.204234, 33.41549 ], [ -112.20628, 33.415536 ], [ -112.208328, 33.415588 ], [ -112.20958, 33.415563 ], [ -112.211383, 33.415529 ], [ -112.212692, 33.415543 ], [ -112.212712, 33.413871 ], [ -112.212743, 33.412061 ], [ -112.211693, 33.412046 ], [ -112.211403, 33.412047 ], [ -112.208397, 33.412023 ], [ -112.208053, 33.412023 ], [ -112.207707, 33.412021 ], [ -112.207705, 33.412136 ] ], [ [ -112.210464, 33.419234 ], [ -112.209671, 33.419228 ], [ -112.209644, 33.419227 ], [ -112.209396, 33.419227 ], [ -112.208256, 33.419217 ], [ -112.208249, 33.419641 ], [ -112.204193, 33.419642 ], [ -112.204124, 33.419642 ], [ -112.204124, 33.419661 ], [ -112.204083, 33.421079 ], [ -112.204081, 33.422702 ], [ -112.204081, 33.422836 ], [ -112.204079, 33.422933 ], [ -112.206143, 33.422932 ], [ -112.208145, 33.422955 ], [ -112.208288, 33.422956 ], [ -112.210416, 33.422969 ], [ -112.211459, 33.422976 ], [ -112.212447, 33.42298 ], [ -112.212446, 33.422924 ], [ -112.212544, 33.421086 ], [ -112.212544, 33.420802 ], [ -112.21254, 33.420399 ], [ -112.212543, 33.419361 ], [ -112.21254, 33.419295 ], [ -112.212521, 33.419294 ], [ -112.211535, 33.419241 ], [ -112.210464, 33.419234 ] ], [ [ -112.186637, 33.429797 ], [ -112.186607, 33.429797 ], [ -112.186561, 33.429795 ], [ -112.186502, 33.429792 ], [ -112.18645, 33.429791 ], [ -112.181292, 33.429706 ], [ -112.178511, 33.429659 ], [ -112.178124, 33.429652 ], [ -112.177878, 33.429648 ], [ -112.17785, 33.429648 ], [ -112.177795, 33.429675 ], [ -112.17767, 33.429675 ], [ -112.174197, 33.429618 ], [ -112.174675, 33.429601 ], [ -112.17369, 33.429583 ], [ -112.169655, 33.429509 ], [ -112.169657, 33.429742 ], [ -112.170098, 33.42975 ], [ -112.170334, 33.429753 ], [ -112.171822, 33.429776 ], [ -112.172282, 33.429744 ], [ -112.172352, 33.429752 ], [ -112.172739, 33.429746 ], [ -112.176343, 33.429797 ], [ -112.176891, 33.429814 ], [ -112.177793, 33.429826 ], [ -112.177868, 33.429827 ], [ -112.177876, 33.43123 ], [ -112.177869, 33.432162 ], [ -112.177854, 33.432555 ], [ -112.177826, 33.433296 ], [ -112.17789, 33.436794 ], [ -112.180752, 33.436835 ], [ -112.18207, 33.436852 ], [ -112.184835, 33.436896 ], [ -112.186554, 33.436924 ], [ -112.186588, 33.436863 ], [ -112.186642, 33.436766 ], [ -112.186662, 33.436756 ], [ -112.186657, 33.433997 ], [ -112.186653, 33.431482 ], [ -112.186648, 33.431328 ], [ -112.186643, 33.43071 ], [ -112.186642, 33.430637 ], [ -112.186635, 33.429943 ], [ -112.186637, 33.429797 ] ], [ [ -112.177706, 33.370289 ], [ -112.177709, 33.370692 ], [ -112.177699, 33.371547 ], [ -112.177705, 33.372272 ], [ -112.1777, 33.373571 ], [ -112.177699, 33.373907 ], [ -112.177702, 33.374969 ], [ -112.177681, 33.375467 ], [ -112.177664, 33.375884 ], [ -112.177662, 33.375942 ], [ -112.177645, 33.37636 ], [ -112.177605, 33.377335 ], [ -112.177605, 33.377401 ], [ -112.179564, 33.377393 ], [ -112.180458, 33.377379 ], [ -112.18048, 33.376012 ], [ -112.180538, 33.372225 ], [ -112.180568, 33.370232 ], [ -112.180267, 33.370253 ], [ -112.179557, 33.370251 ], [ -112.177953, 33.370258 ], [ -112.177843, 33.370269 ], [ -112.17773, 33.370289 ], [ -112.177706, 33.370289 ] ], [ [ -112.177629, 33.357504 ], [ -112.177649, 33.355804 ], [ -112.17765, 33.355722 ], [ -112.177616, 33.355626 ], [ -112.173394, 33.355638 ], [ -112.169435, 33.355643 ], [ -112.169242, 33.355644 ], [ -112.169177, 33.355643 ], [ -112.169113, 33.355666 ], [ -112.168944, 33.355666 ], [ -112.168963, 33.353856 ], [ -112.168982, 33.35217 ], [ -112.168973, 33.35209 ], [ -112.168965, 33.352011 ], [ -112.165874, 33.352024 ], [ -112.165718, 33.352026 ], [ -112.1649, 33.352039 ], [ -112.163345, 33.352033 ], [ -112.160533, 33.352046 ], [ -112.160534, 33.352071 ], [ -112.160503, 33.353107 ], [ -112.160508, 33.353408 ], [ -112.160506, 33.353702 ], [ -112.160507, 33.354029 ], [ -112.160509, 33.354805 ], [ -112.160512, 33.355734 ], [ -112.160512, 33.35577 ], [ -112.160513, 33.355812 ], [ -112.160514, 33.355872 ], [ -112.160513, 33.356132 ], [ -112.160509, 33.357561 ], [ -112.160504, 33.358372 ], [ -112.160496, 33.358725 ], [ -112.16052, 33.359688 ], [ -112.160555, 33.361111 ], [ -112.160549, 33.362673 ], [ -112.160548, 33.362941 ], [ -112.157357, 33.362946 ], [ -112.156213, 33.362949 ], [ -112.153158, 33.362952 ], [ -112.151934, 33.362957 ], [ -112.151818, 33.362958 ], [ -112.15182, 33.363099 ], [ -112.151821, 33.364631 ], [ -112.151815, 33.366594 ], [ -112.151814, 33.366698 ], [ -112.151827, 33.368896 ], [ -112.151849, 33.370302 ], [ -112.15185, 33.370363 ], [ -112.151949, 33.370364 ], [ -112.152358, 33.370355 ], [ -112.15623, 33.370273 ], [ -112.15625, 33.36915 ], [ -112.156239, 33.368889 ], [ -112.156222, 33.366574 ], [ -112.160459, 33.366559 ], [ -112.160484, 33.366549 ], [ -112.160509, 33.366522 ], [ -112.162643, 33.366498 ], [ -112.162643, 33.366121 ], [ -112.162646, 33.363043 ], [ -112.163152, 33.363172 ], [ -112.166067, 33.363025 ], [ -112.166937, 33.363021 ], [ -112.166936, 33.362938 ], [ -112.166971, 33.362869 ], [ -112.168391, 33.362869 ], [ -112.168398, 33.362812 ], [ -112.16896, 33.362819 ], [ -112.168975, 33.36247 ], [ -112.168899, 33.36247 ], [ -112.168907, 33.362115 ], [ -112.168952, 33.362115 ], [ -112.168952, 33.361798 ], [ -112.168907, 33.361804 ], [ -112.168899, 33.361208 ], [ -112.168899, 33.361172 ], [ -112.16891, 33.36024 ], [ -112.169085, 33.36024 ], [ -112.169271, 33.36024 ], [ -112.169257, 33.361106 ], [ -112.169264, 33.361203 ], [ -112.169446, 33.361202 ], [ -112.169431, 33.362654 ], [ -112.16962, 33.362812 ], [ -112.171101, 33.362819 ], [ -112.171097, 33.362937 ], [ -112.171094, 33.362999 ], [ -112.171094, 33.363059 ], [ -112.173352, 33.363056 ], [ -112.173351, 33.363021 ], [ -112.173407, 33.363021 ], [ -112.173429, 33.363021 ], [ -112.173542, 33.363021 ], [ -112.174983, 33.363017 ], [ -112.177362, 33.363012 ], [ -112.177719, 33.363012 ], [ -112.17772, 33.362964 ], [ -112.17772, 33.362907 ], [ -112.177588, 33.362907 ], [ -112.177606, 33.361081 ], [ -112.17762, 33.359243 ], [ -112.177626, 33.358638 ], [ -112.177625, 33.357748 ], [ -112.177629, 33.357504 ] ], [ [ -112.170552, 33.366602 ], [ -112.169245, 33.366616 ], [ -112.169168, 33.366616 ], [ -112.169167, 33.367382 ], [ -112.169162, 33.368738 ], [ -112.169166, 33.369545 ], [ -112.169178, 33.3702 ], [ -112.169236, 33.370202 ], [ -112.169256, 33.370202 ], [ -112.169305, 33.370203 ], [ -112.171096, 33.370223 ], [ -112.173401, 33.370237 ], [ -112.173441, 33.370235 ], [ -112.173431, 33.370196 ], [ -112.173423, 33.370144 ], [ -112.173407, 33.369787 ], [ -112.173393, 33.367382 ], [ -112.173409, 33.36659 ], [ -112.172667, 33.366585 ], [ -112.170552, 33.366602 ] ], [ [ -112.167525, 33.363117 ], [ -112.166938, 33.363116 ], [ -112.166952, 33.364092 ], [ -112.168937, 33.364111 ], [ -112.168938, 33.364078 ], [ -112.168945, 33.363617 ], [ -112.168892, 33.363617 ], [ -112.168892, 33.36311 ], [ -112.167958, 33.363117 ], [ -112.167944, 33.363082 ], [ -112.167521, 33.363083 ], [ -112.167525, 33.363117 ] ], [ [ -112.167616, 33.404628 ], [ -112.167564, 33.404362 ], [ -112.16754, 33.404225 ], [ -112.167449, 33.403733 ], [ -112.168178, 33.403635 ], [ -112.168151, 33.403493 ], [ -112.168109, 33.403491 ], [ -112.164756, 33.403473 ], [ -112.162072, 33.403469 ], [ -112.162071, 33.403508 ], [ -112.162029, 33.403507 ], [ -112.16203, 33.403469 ], [ -112.16194, 33.40347 ], [ -112.161941, 33.403523 ], [ -112.16158, 33.403523 ], [ -112.16158, 33.403469 ], [ -112.153406, 33.403457 ], [ -112.153164, 33.403459 ], [ -112.152873, 33.403465 ], [ -112.152656, 33.403477 ], [ -112.152412, 33.403493 ], [ -112.1521, 33.403522 ], [ -112.15178, 33.403562 ], [ -112.151711, 33.403591 ], [ -112.151569, 33.403613 ], [ -112.151566, 33.403601 ], [ -112.15146, 33.403618 ], [ -112.15144, 33.403618 ], [ -112.151077, 33.403679 ], [ -112.150992, 33.403695 ], [ -112.150947, 33.403706 ], [ -112.15089, 33.403725 ], [ -112.150739, 33.403756 ], [ -112.150681, 33.403769 ], [ -112.150202, 33.4039 ], [ -112.149932, 33.403984 ], [ -112.14964, 33.404086 ], [ -112.14938, 33.404183 ], [ -112.14791, 33.404739 ], [ -112.145906, 33.405495 ], [ -112.144022, 33.406206 ], [ -112.143612, 33.40635 ], [ -112.14336, 33.406435 ], [ -112.143358, 33.406631 ], [ -112.143571, 33.406652 ], [ -112.143881, 33.406681 ], [ -112.150779, 33.406642 ], [ -112.150919, 33.406627 ], [ -112.153501, 33.406798 ], [ -112.156425, 33.406971 ], [ -112.160669, 33.407233 ], [ -112.165068, 33.407545 ], [ -112.168413, 33.407714 ], [ -112.168347, 33.406846 ], [ -112.168308, 33.406282 ], [ -112.168303, 33.406214 ], [ -112.168297, 33.406138 ], [ -112.168189, 33.405372 ], [ -112.168078, 33.404588 ], [ -112.167616, 33.404628 ] ], [ [ -112.168095, 33.382035 ], [ -112.168269, 33.382031 ], [ -112.168286, 33.38183 ], [ -112.168286, 33.381688 ], [ -112.168269, 33.381156 ], [ -112.16671, 33.381156 ], [ -112.166713, 33.381745 ], [ -112.166713, 33.381813 ], [ -112.166714, 33.382042 ], [ -112.168095, 33.382035 ] ], [ [ -112.168062, 33.396124 ], [ -112.168062, 33.396006 ], [ -112.168061, 33.395702 ], [ -112.166719, 33.395763 ], [ -112.166247, 33.395949 ], [ -112.165975, 33.396039 ], [ -112.165974, 33.395926 ], [ -112.166005, 33.393817 ], [ -112.16602, 33.392205 ], [ -112.165613, 33.392205 ], [ -112.16462, 33.392205 ], [ -112.16462, 33.392016 ], [ -112.16462, 33.391923 ], [ -112.160617, 33.391929 ], [ -112.160623, 33.390234 ], [ -112.160323, 33.390237 ], [ -112.159546, 33.390237 ], [ -112.159487, 33.390245 ], [ -112.159487, 33.390684 ], [ -112.159516, 33.391924 ], [ -112.158937, 33.391931 ], [ -112.158901, 33.39193 ], [ -112.158453, 33.391934 ], [ -112.158452, 33.392036 ], [ -112.158459, 33.395656 ], [ -112.157351, 33.39566 ], [ -112.157354, 33.395643 ], [ -112.157339, 33.394696 ], [ -112.157339, 33.39293 ], [ -112.15733, 33.392041 ], [ -112.157335, 33.391939 ], [ -112.155733, 33.391947 ], [ -112.155204, 33.391946 ], [ -112.154138, 33.39195 ], [ -112.15414, 33.39205 ], [ -112.154128, 33.395636 ], [ -112.154129, 33.395669 ], [ -112.153072, 33.395672 ], [ -112.153071, 33.395633 ], [ -112.15307, 33.3926 ], [ -112.153529, 33.392613 ], [ -112.153529, 33.392195 ], [ -112.15113, 33.392195 ], [ -112.151066, 33.392259 ], [ -112.151054, 33.393985 ], [ -112.151028, 33.394017 ], [ -112.15089, 33.394017 ], [ -112.150695, 33.394005 ], [ -112.150699, 33.393932 ], [ -112.150708, 33.39228 ], [ -112.150645, 33.392206 ], [ -112.149264, 33.39221 ], [ -112.148718, 33.392215 ], [ -112.148684, 33.392211 ], [ -112.148053, 33.392213 ], [ -112.146555, 33.392218 ], [ -112.146553, 33.392075 ], [ -112.146508, 33.392075 ], [ -112.146508, 33.391891 ], [ -112.146508, 33.391871 ], [ -112.146508, 33.391623 ], [ -112.146509, 33.391168 ], [ -112.146509, 33.390929 ], [ -112.14536, 33.390934 ], [ -112.144783, 33.390932 ], [ -112.144385, 33.390934 ], [ -112.143388, 33.391081 ], [ -112.14239, 33.391103 ], [ -112.14239, 33.391331 ], [ -112.142382, 33.391906 ], [ -112.142376, 33.392091 ], [ -112.142365, 33.392829 ], [ -112.142363, 33.39397 ], [ -112.142366, 33.394544 ], [ -112.14239, 33.394543 ], [ -112.142528, 33.394542 ], [ -112.142721, 33.394561 ], [ -112.142747, 33.395072 ], [ -112.14253, 33.395127 ], [ -112.14238, 33.395128 ], [ -112.142369, 33.395639 ], [ -112.14233, 33.395831 ], [ -112.142338, 33.395891 ], [ -112.142414, 33.396531 ], [ -112.142341, 33.397388 ], [ -112.142346, 33.399263 ], [ -112.142347, 33.39935 ], [ -112.142405, 33.401026 ], [ -112.142407, 33.40236 ], [ -112.142409, 33.40288 ], [ -112.142412, 33.405362 ], [ -112.142413, 33.406316 ], [ -112.142436, 33.406309 ], [ -112.142534, 33.406287 ], [ -112.142706, 33.406245 ], [ -112.142942, 33.406182 ], [ -112.143143, 33.406123 ], [ -112.143354, 33.406056 ], [ -112.143561, 33.405984 ], [ -112.14395, 33.405839 ], [ -112.144118, 33.405777 ], [ -112.144546, 33.405615 ], [ -112.145061, 33.40542 ], [ -112.145664, 33.405194 ], [ -112.146328, 33.404944 ], [ -112.146823, 33.404756 ], [ -112.147383, 33.404545 ], [ -112.148278, 33.404208 ], [ -112.149075, 33.403907 ], [ -112.149613, 33.40371 ], [ -112.150132, 33.403543 ], [ -112.150195, 33.403506 ], [ -112.150337, 33.403467 ], [ -112.150444, 33.403447 ], [ -112.150505, 33.403439 ], [ -112.15058, 33.403421 ], [ -112.150639, 33.403404 ], [ -112.150665, 33.403397 ], [ -112.150711, 33.403347 ], [ -112.150711, 33.403029 ], [ -112.150712, 33.402901 ], [ -112.150712, 33.402844 ], [ -112.150884, 33.402844 ], [ -112.150953, 33.402844 ], [ -112.15107, 33.402843 ], [ -112.151072, 33.403251 ], [ -112.151151, 33.403303 ], [ -112.151497, 33.403243 ], [ -112.151667, 33.403217 ], [ -112.151827, 33.403195 ], [ -112.151911, 33.403183 ], [ -112.151901, 33.403132 ], [ -112.152259, 33.403095 ], [ -112.152266, 33.403146 ], [ -112.152408, 33.403136 ], [ -112.152596, 33.403123 ], [ -112.152809, 33.40311 ], [ -112.152993, 33.403105 ], [ -112.153296, 33.4031 ], [ -112.153757, 33.403101 ], [ -112.161163, 33.403095 ], [ -112.161442, 33.403007 ], [ -112.161673, 33.403008 ], [ -112.161673, 33.403064 ], [ -112.161917, 33.403063 ], [ -112.161975, 33.403113 ], [ -112.162035, 33.403112 ], [ -112.162037, 33.403075 ], [ -112.16208, 33.403075 ], [ -112.162079, 33.403113 ], [ -112.163929, 33.403117 ], [ -112.164292, 33.4031 ], [ -112.164421, 33.403093 ], [ -112.164761, 33.403066 ], [ -112.164969, 33.40304 ], [ -112.165187, 33.402994 ], [ -112.165358, 33.402947 ], [ -112.165699, 33.402827 ], [ -112.165836, 33.402782 ], [ -112.16601, 33.402742 ], [ -112.166398, 33.402692 ], [ -112.16651, 33.402672 ], [ -112.166618, 33.402641 ], [ -112.166688, 33.402613 ], [ -112.166823, 33.402535 ], [ -112.166914, 33.402475 ], [ -112.16699, 33.402416 ], [ -112.167077, 33.402335 ], [ -112.167153, 33.402236 ], [ -112.167288, 33.402085 ], [ -112.1673, 33.402071 ], [ -112.167386, 33.402001 ], [ -112.167483, 33.401938 ], [ -112.167548, 33.401908 ], [ -112.167633, 33.401883 ], [ -112.167748, 33.401868 ], [ -112.167831, 33.401863 ], [ -112.168157, 33.40134 ], [ -112.168148, 33.400772 ], [ -112.168143, 33.400207 ], [ -112.168114, 33.399603 ], [ -112.168106, 33.399266 ], [ -112.168084, 33.398941 ], [ -112.168081, 33.398595 ], [ -112.168062, 33.396124 ] ], [ [ -112.164509, 33.347403 ], [ -112.164465, 33.347455 ], [ -112.164424, 33.347508 ], [ -112.164374, 33.34758 ], [ -112.16433, 33.347646 ], [ -112.164297, 33.347703 ], [ -112.164267, 33.34776 ], [ -112.164244, 33.347805 ], [ -112.164198, 33.347895 ], [ -112.16415, 33.347988 ], [ -112.16392, 33.347987 ], [ -112.163761, 33.347985 ], [ -112.16376, 33.347943 ], [ -112.163761, 33.347725 ], [ -112.163758, 33.34451 ], [ -112.16303, 33.344514 ], [ -112.162764, 33.344513 ], [ -112.161144, 33.344519 ], [ -112.159934, 33.344531 ], [ -112.159837, 33.34453 ], [ -112.159883, 33.348328 ], [ -112.159915, 33.348328 ], [ -112.160605, 33.348336 ], [ -112.162028, 33.348351 ], [ -112.163325, 33.348366 ], [ -112.163441, 33.348376 ], [ -112.163652, 33.348384 ], [ -112.163817, 33.348391 ], [ -112.164713, 33.348391 ], [ -112.164844, 33.34839 ], [ -112.164843, 33.347098 ], [ -112.164756, 33.347166 ], [ -112.164704, 33.347209 ], [ -112.164652, 33.347256 ], [ -112.164602, 33.347303 ], [ -112.164555, 33.347353 ], [ -112.164509, 33.347403 ] ], [ [ -112.155323, 33.377677 ], [ -112.154636, 33.37768 ], [ -112.154589, 33.377678 ], [ -112.154578, 33.37904 ], [ -112.154627, 33.37904 ], [ -112.155314, 33.379036 ], [ -112.155323, 33.377677 ] ], [ [ -112.140504, 33.388458 ], [ -112.140109, 33.388468 ], [ -112.140099, 33.390298 ], [ -112.140421, 33.390295 ], [ -112.142131, 33.390262 ], [ -112.142192, 33.390262 ], [ -112.142192, 33.389961 ], [ -112.142208, 33.389252 ], [ -112.142202, 33.388469 ], [ -112.142184, 33.388466 ], [ -112.14215, 33.38846 ], [ -112.142136, 33.388458 ], [ -112.1419, 33.388447 ], [ -112.141167, 33.38846 ], [ -112.140504, 33.388458 ] ], [ [ -112.14044, 33.362727 ], [ -112.140441, 33.362681 ], [ -112.140442, 33.362634 ], [ -112.140443, 33.362577 ], [ -112.140445, 33.362527 ], [ -112.140442, 33.362477 ], [ -112.140439, 33.362422 ], [ -112.140446, 33.362372 ], [ -112.140445, 33.362323 ], [ -112.140442, 33.362271 ], [ -112.140439, 33.362222 ], [ -112.140437, 33.362172 ], [ -112.140437, 33.362119 ], [ -112.140435, 33.36207 ], [ -112.140434, 33.36202 ], [ -112.140433, 33.361967 ], [ -112.140435, 33.361918 ], [ -112.140435, 33.361868 ], [ -112.140433, 33.361821 ], [ -112.140433, 33.361772 ], [ -112.140432, 33.361711 ], [ -112.14043, 33.361663 ], [ -112.140431, 33.361615 ], [ -112.140433, 33.361547 ], [ -112.140433, 33.361499 ], [ -112.140435, 33.361451 ], [ -112.140439, 33.361401 ], [ -112.140438, 33.361354 ], [ -112.140434, 33.361303 ], [ -112.140433, 33.361254 ], [ -112.140435, 33.361205 ], [ -112.140434, 33.361154 ], [ -112.140435, 33.361106 ], [ -112.140434, 33.361057 ], [ -112.14043, 33.361008 ], [ -112.140424, 33.360957 ], [ -112.140418, 33.360909 ], [ -112.140426, 33.360861 ], [ -112.140428, 33.36081 ], [ -112.14043, 33.360762 ], [ -112.140431, 33.360714 ], [ -112.140431, 33.360666 ], [ -112.140431, 33.360619 ], [ -112.14043, 33.360571 ], [ -112.140422, 33.360364 ], [ -112.140418, 33.359392 ], [ -112.140341, 33.359392 ], [ -112.1393, 33.359392 ], [ -112.13908, 33.359404 ], [ -112.139066, 33.358893 ], [ -112.139072, 33.358628 ], [ -112.138879, 33.358712 ], [ -112.13872, 33.358747 ], [ -112.136949, 33.35872 ], [ -112.135974, 33.358725 ], [ -112.134906, 33.358716 ], [ -112.134908, 33.35863 ], [ -112.134911, 33.357658 ], [ -112.134912, 33.356694 ], [ -112.134798, 33.356694 ], [ -112.132641, 33.35671 ], [ -112.132647, 33.35609 ], [ -112.13265, 33.355809 ], [ -112.134799, 33.355795 ], [ -112.134907, 33.355797 ], [ -112.134893, 33.355009 ], [ -112.134925, 33.354763 ], [ -112.134931, 33.354702 ], [ -112.134993, 33.354405 ], [ -112.134888, 33.354375 ], [ -112.134892, 33.35206 ], [ -112.134892, 33.352015 ], [ -112.134892, 33.351905 ], [ -112.134893, 33.351463 ], [ -112.134907, 33.350792 ], [ -112.134871, 33.349814 ], [ -112.134871, 33.349327 ], [ -112.134871, 33.349094 ], [ -112.134897, 33.348899 ], [ -112.134897, 33.348809 ], [ -112.134898, 33.348736 ], [ -112.134898, 33.348554 ], [ -112.13477, 33.348554 ], [ -112.133956, 33.348557 ], [ -112.133096, 33.348559 ], [ -112.132317, 33.348561 ], [ -112.128736, 33.348568 ], [ -112.126407, 33.348573 ], [ -112.126024, 33.348574 ], [ -112.125677, 33.348574 ], [ -112.125558, 33.348574 ], [ -112.125556, 33.346986 ], [ -112.125556, 33.346733 ], [ -112.124352, 33.346743 ], [ -112.124281, 33.346744 ], [ -112.124287, 33.346307 ], [ -112.1243, 33.345459 ], [ -112.124307, 33.344973 ], [ -112.124281, 33.344975 ], [ -112.122841, 33.344985 ], [ -112.12273, 33.344986 ], [ -112.122136, 33.344991 ], [ -112.122125, 33.343693 ], [ -112.122127, 33.343087 ], [ -112.122129, 33.342286 ], [ -112.122133, 33.341307 ], [ -112.121399, 33.341317 ], [ -112.121071, 33.341321 ], [ -112.120797, 33.341326 ], [ -112.119988, 33.341336 ], [ -112.119279, 33.341346 ], [ -112.117839, 33.341367 ], [ -112.117831, 33.343541 ], [ -112.117822, 33.344979 ], [ -112.117715, 33.34498 ], [ -112.117694, 33.344979 ], [ -112.117693, 33.345215 ], [ -112.117692, 33.345345 ], [ -112.11769, 33.345587 ], [ -112.117686, 33.346542 ], [ -112.117684, 33.346835 ], [ -112.117683, 33.347114 ], [ -112.117682, 33.347486 ], [ -112.11768, 33.348216 ], [ -112.117678, 33.348591 ], [ -112.117659, 33.348602 ], [ -112.117617, 33.348646 ], [ -112.117588, 33.34869 ], [ -112.117581, 33.348753 ], [ -112.117542, 33.351257 ], [ -112.117538, 33.352266 ], [ -112.117537, 33.352579 ], [ -112.117531, 33.35349 ], [ -112.117534, 33.353643 ], [ -112.117536, 33.354066 ], [ -112.117536, 33.354397 ], [ -112.117529, 33.355874 ], [ -112.117523, 33.356267 ], [ -112.117522, 33.356412 ], [ -112.11752, 33.358843 ], [ -112.117525, 33.359139 ], [ -112.117526, 33.361139 ], [ -112.11752, 33.363086 ], [ -112.117516, 33.36323 ], [ -112.1175, 33.364515 ], [ -112.117473, 33.366784 ], [ -112.117468, 33.367626 ], [ -112.117457, 33.369459 ], [ -112.11746, 33.370468 ], [ -112.117461, 33.371163 ], [ -112.117426, 33.374073 ], [ -112.117441, 33.374073 ], [ -112.117391, 33.374882 ], [ -112.117389, 33.375369 ], [ -112.117631, 33.375367 ], [ -112.117623, 33.376809 ], [ -112.117863, 33.376812 ], [ -112.118887, 33.376795 ], [ -112.118883, 33.37761 ], [ -112.119287, 33.377609 ], [ -112.120442, 33.377616 ], [ -112.12113, 33.37761 ], [ -112.121822, 33.37761 ], [ -112.125089, 33.377597 ], [ -112.127749, 33.377589 ], [ -112.128866, 33.377582 ], [ -112.129419, 33.377583 ], [ -112.131515, 33.377587 ], [ -112.131523, 33.376716 ], [ -112.131529, 33.376132 ], [ -112.13109, 33.376133 ], [ -112.130992, 33.376132 ], [ -112.130452, 33.376134 ], [ -112.130459, 33.373937 ], [ -112.130395, 33.373953 ], [ -112.130162, 33.373951 ], [ -112.127985, 33.373945 ], [ -112.127594, 33.373947 ], [ -112.126348, 33.373951 ], [ -112.126221, 33.373947 ], [ -112.12622, 33.373496 ], [ -112.126218, 33.372673 ], [ -112.126217, 33.372196 ], [ -112.126217, 33.372142 ], [ -112.127442, 33.372126 ], [ -112.128721, 33.372135 ], [ -112.129807, 33.372147 ], [ -112.130496, 33.372166 ], [ -112.130413, 33.370356 ], [ -112.130446, 33.364688 ], [ -112.130456, 33.36311 ], [ -112.130066, 33.363113 ], [ -112.129819, 33.363115 ], [ -112.12982, 33.363033 ], [ -112.130066, 33.363031 ], [ -112.130455, 33.36303 ], [ -112.130469, 33.362653 ], [ -112.130464, 33.3615 ], [ -112.130462, 33.361148 ], [ -112.130469, 33.360101 ], [ -112.130469, 33.359481 ], [ -112.134674, 33.359441 ], [ -112.134675, 33.35967 ], [ -112.134682, 33.360391 ], [ -112.1348, 33.360398 ], [ -112.1348, 33.360118 ], [ -112.134799, 33.35944 ], [ -112.134798, 33.359011 ], [ -112.134911, 33.359016 ], [ -112.135016, 33.359018 ], [ -112.135712, 33.359033 ], [ -112.136605, 33.359054 ], [ -112.136605, 33.358949 ], [ -112.13692, 33.358957 ], [ -112.136919, 33.359064 ], [ -112.136928, 33.363008 ], [ -112.136929, 33.363093 ], [ -112.136928, 33.363125 ], [ -112.140339, 33.363114 ], [ -112.140421, 33.363114 ], [ -112.140457, 33.363114 ], [ -112.140453, 33.363094 ], [ -112.140452, 33.362999 ], [ -112.140445, 33.362927 ], [ -112.14044, 33.362881 ], [ -112.140443, 33.362828 ], [ -112.140441, 33.362774 ], [ -112.14044, 33.362727 ] ], [ [ -112.133742, 33.379356 ], [ -112.13363, 33.379354 ], [ -112.133623, 33.38014 ], [ -112.133622, 33.380269 ], [ -112.133612, 33.381202 ], [ -112.133721, 33.381201 ], [ -112.135899, 33.381166 ], [ -112.135897, 33.381327 ], [ -112.135895, 33.382148 ], [ -112.133709, 33.382155 ], [ -112.133602, 33.382153 ], [ -112.133591, 33.383274 ], [ -112.133572, 33.384825 ], [ -112.13356, 33.385908 ], [ -112.133556, 33.386241 ], [ -112.133537, 33.387265 ], [ -112.133523, 33.388384 ], [ -112.133621, 33.388384 ], [ -112.133638, 33.388382 ], [ -112.133749, 33.388382 ], [ -112.133761, 33.387264 ], [ -112.133763, 33.387138 ], [ -112.137979, 33.387116 ], [ -112.137993, 33.386212 ], [ -112.135982, 33.386229 ], [ -112.133776, 33.386237 ], [ -112.133779, 33.38591 ], [ -112.133794, 33.384829 ], [ -112.133805, 33.383976 ], [ -112.138019, 33.383967 ], [ -112.138084, 33.383967 ], [ -112.138083, 33.383068 ], [ -112.13808, 33.381314 ], [ -112.138079, 33.380263 ], [ -112.138079, 33.379854 ], [ -112.138078, 33.37936 ], [ -112.134007, 33.379356 ], [ -112.133742, 33.379356 ] ], [ [ -112.131999, 33.402724 ], [ -112.131311, 33.402956 ], [ -112.130848, 33.403125 ], [ -112.130799, 33.401216 ], [ -112.130797, 33.399402 ], [ -112.129304, 33.399412 ], [ -112.125056, 33.399439 ], [ -112.12193, 33.399428 ], [ -112.118149, 33.399434 ], [ -112.116588, 33.39943 ], [ -112.116564, 33.39943 ], [ -112.11646, 33.399429 ], [ -112.11646, 33.402715 ], [ -112.116459, 33.404084 ], [ -112.116457, 33.4065 ], [ -112.116546, 33.406574 ], [ -112.116615, 33.406631 ], [ -112.119593, 33.4066 ], [ -112.119594, 33.404868 ], [ -112.119771, 33.404815 ], [ -112.122001, 33.405686 ], [ -112.120737, 33.406592 ], [ -112.121021, 33.406592 ], [ -112.121153, 33.406592 ], [ -112.121152, 33.40652 ], [ -112.122062, 33.405887 ], [ -112.122238, 33.405795 ], [ -112.122312, 33.405769 ], [ -112.122373, 33.405752 ], [ -112.122498, 33.405729 ], [ -112.122647, 33.405713 ], [ -112.122824, 33.405685 ], [ -112.122975, 33.405649 ], [ -112.123181, 33.405586 ], [ -112.123354, 33.405535 ], [ -112.123483, 33.405505 ], [ -112.123614, 33.405482 ], [ -112.12378, 33.405465 ], [ -112.123914, 33.405461 ], [ -112.124014, 33.405462 ], [ -112.124128, 33.405468 ], [ -112.12422, 33.405472 ], [ -112.124385, 33.405481 ], [ -112.124474, 33.405484 ], [ -112.124584, 33.405478 ], [ -112.124711, 33.405457 ], [ -112.124814, 33.405435 ], [ -112.124944, 33.405416 ], [ -112.125017, 33.405416 ], [ -112.125013, 33.405285 ], [ -112.125292, 33.405244 ], [ -112.12567, 33.405176 ], [ -112.126281, 33.405067 ], [ -112.126693, 33.404983 ], [ -112.126929, 33.404906 ], [ -112.12716, 33.404806 ], [ -112.127711, 33.404558 ], [ -112.128382, 33.404234 ], [ -112.1291, 33.403895 ], [ -112.12937, 33.403776 ], [ -112.129376, 33.404199 ], [ -112.129381, 33.40611 ], [ -112.129389, 33.406483 ], [ -112.129477, 33.406482 ], [ -112.131759, 33.406469 ], [ -112.13184, 33.406468 ], [ -112.132369, 33.40647 ], [ -112.133275, 33.406463 ], [ -112.1335, 33.406462 ], [ -112.133562, 33.405867 ], [ -112.133563, 33.404815 ], [ -112.133545, 33.402922 ], [ -112.133545, 33.402442 ], [ -112.13348, 33.402448 ], [ -112.132956, 33.4025 ], [ -112.132635, 33.402555 ], [ -112.131999, 33.402724 ] ], [ [ -112.12155, 33.392268 ], [ -112.120683, 33.39228 ], [ -112.120693, 33.392367 ], [ -112.120668, 33.392871 ], [ -112.121535, 33.39286 ], [ -112.12155, 33.392362 ], [ -112.12155, 33.392268 ] ], [ [ -112.118001, 33.384029 ], [ -112.117976, 33.383762 ], [ -112.116563, 33.383788 ], [ -112.11656, 33.383607 ], [ -112.116551, 33.383079 ], [ -112.116549, 33.383031 ], [ -112.116549, 33.382339 ], [ -112.116552, 33.382226 ], [ -112.117479, 33.382234 ], [ -112.11847, 33.382233 ], [ -112.11848, 33.382167 ], [ -112.1185, 33.381998 ], [ -112.1185, 33.381761 ], [ -112.118401, 33.381761 ], [ -112.11838, 33.38133 ], [ -112.118024, 33.381342 ], [ -112.118027, 33.381267 ], [ -112.118039, 33.380803 ], [ -112.117759, 33.380783 ], [ -112.116633, 33.380784 ], [ -112.11664, 33.379389 ], [ -112.116641, 33.379228 ], [ -112.116641, 33.379076 ], [ -112.116462, 33.379082 ], [ -112.116401, 33.379081 ], [ -112.116333, 33.37908 ], [ -112.116333, 33.379239 ], [ -112.116331, 33.379396 ], [ -112.116318, 33.380724 ], [ -112.116318, 33.380789 ], [ -112.116304, 33.382155 ], [ -112.116303, 33.382215 ], [ -112.116302, 33.382337 ], [ -112.116293, 33.383065 ], [ -112.116289, 33.383615 ], [ -112.116284, 33.38497 ], [ -112.116284, 33.38503 ], [ -112.116282, 33.385517 ], [ -112.116279, 33.385946 ], [ -112.11628, 33.387365 ], [ -112.116282, 33.387694 ], [ -112.116261, 33.390402 ], [ -112.116252, 33.391879 ], [ -112.116365, 33.391877 ], [ -112.116533, 33.391873 ], [ -112.116666, 33.392035 ], [ -112.119116, 33.392026 ], [ -112.120149, 33.392022 ], [ -112.120436, 33.392021 ], [ -112.120675, 33.392017 ], [ -112.120711, 33.388558 ], [ -112.120437, 33.388602 ], [ -112.1165, 33.38857 ], [ -112.11651, 33.387365 ], [ -112.116529, 33.385918 ], [ -112.116698, 33.385903 ], [ -112.116913, 33.385894 ], [ -112.118383, 33.385885 ], [ -112.11857, 33.385886 ], [ -112.118673, 33.385888 ], [ -112.119129, 33.385882 ], [ -112.11922, 33.38589 ], [ -112.119368, 33.385897 ], [ -112.119713, 33.385924 ], [ -112.119866, 33.385925 ], [ -112.120051, 33.385916 ], [ -112.120209, 33.385897 ], [ -112.120439, 33.385893 ], [ -112.120721, 33.385887 ], [ -112.120735, 33.384964 ], [ -112.118569, 33.384984 ], [ -112.116524, 33.384956 ], [ -112.116526, 33.384323 ], [ -112.116528, 33.384045 ], [ -112.11653, 33.384017 ], [ -112.118001, 33.384029 ] ], [ [ -112.118579, 33.378624 ], [ -112.119328, 33.378585 ], [ -112.119311, 33.37794 ], [ -112.119308, 33.377805 ], [ -112.116821, 33.377811 ], [ -112.116738, 33.377946 ], [ -112.116641, 33.378028 ], [ -112.116641, 33.378611 ], [ -112.118579, 33.378624 ] ], [ [ -112.061995, 33.481799 ], [ -112.061128, 33.481802 ], [ -112.061129, 33.481666 ], [ -112.056713, 33.481661 ], [ -112.056363, 33.481665 ], [ -112.056347, 33.48724 ], [ -112.063314, 33.487237 ], [ -112.063327, 33.482549 ], [ -112.063388, 33.482543 ], [ -112.063388, 33.482217 ], [ -112.063547, 33.482217 ], [ -112.063546, 33.481792 ], [ -112.06342, 33.481793 ], [ -112.06342, 33.4815 ], [ -112.062861, 33.481502 ], [ -112.062679, 33.481655 ], [ -112.061994, 33.481658 ], [ -112.061995, 33.481799 ] ], [ [ -111.978083, 33.347528 ], [ -111.978054, 33.347517 ], [ -111.97801, 33.3475 ], [ -111.977965, 33.347484 ], [ -111.977935, 33.347473 ], [ -111.97789, 33.347458 ], [ -111.977845, 33.347444 ], [ -111.977815, 33.347434 ], [ -111.977784, 33.347425 ], [ -111.977738, 33.347412 ], [ -111.977677, 33.347396 ], [ -111.97763, 33.347384 ], [ -111.977584, 33.347373 ], [ -111.977536, 33.347363 ], [ -111.977489, 33.347353 ], [ -111.977441, 33.347343 ], [ -111.977346, 33.347326 ], [ -111.977265, 33.347314 ], [ -111.977201, 33.347305 ], [ -111.97712, 33.347296 ], [ -111.977072, 33.347292 ], [ -111.977007, 33.347287 ], [ -111.976974, 33.347285 ], [ -111.976909, 33.347282 ], [ -111.976876, 33.34728 ], [ -111.976827, 33.347279 ], [ -111.976787, 33.347279 ], [ -111.976746, 33.347279 ], [ -111.9767, 33.347279 ], [ -111.976671, 33.34728 ], [ -111.976641, 33.347281 ], [ -111.976592, 33.347283 ], [ -111.97656, 33.347284 ], [ -111.976511, 33.347287 ], [ -111.976479, 33.34729 ], [ -111.976434, 33.347294 ], [ -111.976365, 33.347299 ], [ -111.976333, 33.347303 ], [ -111.976284, 33.347308 ], [ -111.976252, 33.347312 ], [ -111.97622, 33.347316 ], [ -111.976156, 33.347325 ], [ -111.976082, 33.347337 ], [ -111.975873, 33.347372 ], [ -111.975593, 33.347418 ], [ -111.975637, 33.34749 ], [ -111.975674, 33.347545 ], [ -111.975695, 33.347586 ], [ -111.975702, 33.347597 ], [ -111.975721, 33.347632 ], [ -111.975746, 33.347679 ], [ -111.975766, 33.347719 ], [ -111.975786, 33.34776 ], [ -111.975804, 33.347801 ], [ -111.975822, 33.347843 ], [ -111.97584, 33.347886 ], [ -111.975856, 33.347927 ], [ -111.975871, 33.347971 ], [ -111.975879, 33.347992 ], [ -111.975912, 33.348099 ], [ -111.975937, 33.348194 ], [ -111.975964, 33.348328 ], [ -111.975972, 33.348381 ], [ -111.975982, 33.348463 ], [ -111.975995, 33.348611 ], [ -111.975995, 33.348757 ], [ -111.975921, 33.348757 ], [ -111.975803, 33.348757 ], [ -111.975799, 33.348682 ], [ -111.975797, 33.348601 ], [ -111.975793, 33.34854 ], [ -111.975784, 33.348442 ], [ -111.975757, 33.348279 ], [ -111.975741, 33.348216 ], [ -111.975729, 33.348162 ], [ -111.975708, 33.34809 ], [ -111.975684, 33.348019 ], [ -111.975652, 33.347937 ], [ -111.975635, 33.347892 ], [ -111.97562, 33.347858 ], [ -111.975603, 33.34782 ], [ -111.97558, 33.347772 ], [ -111.975473, 33.347583 ], [ -111.975413, 33.34749 ], [ -111.975389, 33.347452 ], [ -111.975288, 33.347464 ], [ -111.975205, 33.347471 ], [ -111.975127, 33.347476 ], [ -111.975044, 33.347477 ], [ -111.974944, 33.347471 ], [ -111.974855, 33.347462 ], [ -111.974763, 33.347446 ], [ -111.974682, 33.347432 ], [ -111.9746, 33.347411 ], [ -111.974577, 33.347404 ], [ -111.974535, 33.347392 ], [ -111.974453, 33.347364 ], [ -111.974382, 33.347335 ], [ -111.974317, 33.347307 ], [ -111.974281, 33.347288 ], [ -111.974224, 33.347259 ], [ -111.974161, 33.347225 ], [ -111.974097, 33.347191 ], [ -111.974017, 33.347148 ], [ -111.973943, 33.347109 ], [ -111.973863, 33.347065 ], [ -111.973267, 33.346745 ], [ -111.972765, 33.346475 ], [ -111.972776, 33.346522 ], [ -111.972943, 33.347237 ], [ -111.973011, 33.347531 ], [ -111.973069, 33.347782 ], [ -111.97312, 33.347997 ], [ -111.973176, 33.348238 ], [ -111.973243, 33.348528 ], [ -111.973237, 33.349057 ], [ -111.973236, 33.349212 ], [ -111.973235, 33.349357 ], [ -111.973429, 33.349337 ], [ -111.973868, 33.349294 ], [ -111.974155, 33.349265 ], [ -111.974342, 33.349246 ], [ -111.974823, 33.349198 ], [ -111.975929, 33.349185 ], [ -111.976099, 33.349184 ], [ -111.976099, 33.348997 ], [ -111.976098, 33.348905 ], [ -111.976123, 33.348905 ], [ -111.976179, 33.348904 ], [ -111.977256, 33.348882 ], [ -111.977707, 33.348873 ], [ -111.97771, 33.348784 ], [ -111.978445, 33.348806 ], [ -111.978442, 33.348363 ], [ -111.97844, 33.348331 ], [ -111.978435, 33.347802 ], [ -111.978488, 33.347725 ], [ -111.978448, 33.347702 ], [ -111.97838, 33.347665 ], [ -111.978311, 33.34763 ], [ -111.978241, 33.347596 ], [ -111.978184, 33.347571 ], [ -111.978127, 33.347546 ], [ -111.978083, 33.347528 ] ], [ [ -112.250749, 33.388374 ], [ -112.250709, 33.388373 ], [ -112.250709, 33.388786 ], [ -112.250746, 33.388748 ], [ -112.250801, 33.388692 ], [ -112.250821, 33.388527 ], [ -112.250801, 33.388418 ], [ -112.250749, 33.388374 ] ], [ [ -112.19537, 33.402917 ], [ -112.195314, 33.402937 ], [ -112.195331, 33.402994 ], [ -112.19539, 33.402974 ], [ -112.19537, 33.402917 ] ], [ [ -112.263414, 33.429006 ], [ -112.26348, 33.428984 ], [ -112.263513, 33.428946 ], [ -112.263526, 33.428896 ], [ -112.2635, 33.428858 ], [ -112.26346, 33.428825 ], [ -112.263395, 33.428814 ], [ -112.263342, 33.428829 ], [ -112.26329, 33.428896 ], [ -112.263296, 33.428946 ], [ -112.263357, 33.428987 ], [ -112.263414, 33.429006 ] ], [ [ -112.26327, 33.429248 ], [ -112.263244, 33.42916 ], [ -112.263165, 33.429056 ], [ -112.263087, 33.429028 ], [ -112.262995, 33.429034 ], [ -112.262903, 33.429077 ], [ -112.262824, 33.429166 ], [ -112.262824, 33.429274 ], [ -112.262857, 33.429341 ], [ -112.26293, 33.429378 ], [ -112.262988, 33.429408 ], [ -112.263119, 33.429419 ], [ -112.263224, 33.429358 ], [ -112.26327, 33.429248 ] ], [ [ -112.263709, 33.429056 ], [ -112.263611, 33.429071 ], [ -112.263506, 33.429181 ], [ -112.263493, 33.429248 ], [ -112.263506, 33.429313 ], [ -112.263591, 33.429402 ], [ -112.263627, 33.429412 ], [ -112.26367, 33.429423 ], [ -112.263775, 33.429412 ], [ -112.263827, 33.429397 ], [ -112.26388, 33.429358 ], [ -112.263919, 33.429298 ], [ -112.263932, 33.429215 ], [ -112.263899, 33.429155 ], [ -112.263795, 33.429067 ], [ -112.263709, 33.429056 ] ], [ [ -112.262816, 33.429577 ], [ -112.26287, 33.4296 ], [ -112.262909, 33.429583 ], [ -112.262949, 33.429527 ], [ -112.262935, 33.429484 ], [ -112.262909, 33.429451 ], [ -112.262837, 33.42944 ], [ -112.262804, 33.429451 ], [ -112.262771, 33.429512 ], [ -112.262804, 33.429572 ], [ -112.262816, 33.429577 ] ], [ [ -112.259873, 33.429901 ], [ -112.261552, 33.429885 ], [ -112.261545, 33.429533 ], [ -112.261539, 33.429225 ], [ -112.259861, 33.42924 ], [ -112.259867, 33.429549 ], [ -112.259873, 33.429901 ] ], [ [ -112.26283, 33.429781 ], [ -112.26287, 33.429775 ], [ -112.262909, 33.429737 ], [ -112.262889, 33.429704 ], [ -112.262857, 33.429671 ], [ -112.262817, 33.42966 ], [ -112.262778, 33.429671 ], [ -112.262755, 33.42971 ], [ -112.262784, 33.429769 ], [ -112.26283, 33.429781 ] ], [ [ -112.263702, 33.42993 ], [ -112.263847, 33.429881 ], [ -112.263906, 33.429803 ], [ -112.263906, 33.429661 ], [ -112.263834, 33.429584 ], [ -112.263707, 33.429568 ], [ -112.263617, 33.429578 ], [ -112.263525, 33.429633 ], [ -112.263486, 33.429754 ], [ -112.263525, 33.429842 ], [ -112.263597, 33.429907 ], [ -112.263702, 33.42993 ] ], [ [ -112.263564, 33.430253 ], [ -112.26363, 33.430259 ], [ -112.263709, 33.430238 ], [ -112.263742, 33.430177 ], [ -112.263702, 33.430106 ], [ -112.26361, 33.430084 ], [ -112.263551, 33.430095 ], [ -112.263519, 33.430128 ], [ -112.263499, 33.430161 ], [ -112.263519, 33.430216 ], [ -112.263542, 33.430235 ], [ -112.263564, 33.430253 ] ], [ [ -112.263092, 33.430408 ], [ -112.263115, 33.430412 ], [ -112.263158, 33.430419 ], [ -112.26321, 33.430391 ], [ -112.26323, 33.430342 ], [ -112.263184, 33.430287 ], [ -112.263106, 33.430287 ], [ -112.263079, 33.430352 ], [ -112.263092, 33.430408 ] ], [ [ -112.26286, 33.430416 ], [ -112.262882, 33.43043 ], [ -112.262935, 33.43043 ], [ -112.262974, 33.430397 ], [ -112.262987, 33.430331 ], [ -112.262948, 33.430287 ], [ -112.262902, 33.430282 ], [ -112.262843, 33.430287 ], [ -112.262817, 33.430352 ], [ -112.26283, 33.430397 ], [ -112.26286, 33.430416 ] ], [ [ -112.263922, 33.435358 ], [ -112.263909, 33.4354 ], [ -112.263994, 33.435554 ], [ -112.264309, 33.435527 ], [ -112.264329, 33.43546 ], [ -112.264329, 33.435361 ], [ -112.264224, 33.435246 ], [ -112.263988, 33.435268 ], [ -112.263936, 33.435312 ], [ -112.263922, 33.435358 ] ], [ [ -112.268, 33.493087 ], [ -112.26802, 33.492823 ], [ -112.267862, 33.492624 ], [ -112.267652, 33.492646 ], [ -112.267574, 33.492719 ], [ -112.267547, 33.492829 ], [ -112.267711, 33.492933 ], [ -112.267737, 33.493153 ], [ -112.267746, 33.493161 ], [ -112.267816, 33.493219 ], [ -112.267895, 33.493219 ], [ -112.268, 33.493087 ] ], [ [ -112.280577, 33.495356 ], [ -112.280531, 33.495399 ], [ -112.280538, 33.495838 ], [ -112.280459, 33.495905 ], [ -112.28038, 33.495911 ], [ -112.280197, 33.495866 ], [ -112.279823, 33.495652 ], [ -112.279508, 33.495652 ], [ -112.279376, 33.495696 ], [ -112.279298, 33.49579 ], [ -112.279304, 33.495877 ], [ -112.279514, 33.496004 ], [ -112.28038, 33.496087 ], [ -112.280826, 33.496059 ], [ -112.280879, 33.495883 ], [ -112.28082, 33.49551 ], [ -112.280735, 33.495356 ], [ -112.280577, 33.495356 ] ], [ [ -112.192258, 33.496443 ], [ -112.192153, 33.4964 ], [ -112.191944, 33.496406 ], [ -112.191576, 33.49656 ], [ -112.190946, 33.496653 ], [ -112.190894, 33.496719 ], [ -112.191005, 33.496829 ], [ -112.191295, 33.496959 ], [ -112.191583, 33.497087 ], [ -112.191747, 33.497262 ], [ -112.191825, 33.497262 ], [ -112.191924, 33.497154 ], [ -112.19195, 33.496868 ], [ -112.192311, 33.49662 ], [ -112.192258, 33.496443 ] ], [ [ -112.19069, 33.496944 ], [ -112.190559, 33.496901 ], [ -112.190559, 33.496857 ], [ -112.190428, 33.496813 ], [ -112.19027, 33.496813 ], [ -112.190192, 33.496862 ], [ -112.189955, 33.497126 ], [ -112.189936, 33.497411 ], [ -112.190093, 33.497543 ], [ -112.190283, 33.497554 ], [ -112.190382, 33.49756 ], [ -112.190776, 33.497318 ], [ -112.190769, 33.497033 ], [ -112.19069, 33.496944 ] ], [ [ -112.286915, 33.497655 ], [ -112.286869, 33.497445 ], [ -112.286751, 33.497253 ], [ -112.286568, 33.497253 ], [ -112.28578, 33.497435 ], [ -112.285682, 33.497549 ], [ -112.285682, 33.49777 ], [ -112.28576, 33.497968 ], [ -112.285879, 33.497998 ], [ -112.286003, 33.498029 ], [ -112.286344, 33.497979 ], [ -112.286416, 33.497891 ], [ -112.286548, 33.497847 ], [ -112.286915, 33.497819 ], [ -112.286915, 33.497655 ] ], [ [ -112.287683, 33.498056 ], [ -112.28763, 33.49799 ], [ -112.287447, 33.49799 ], [ -112.287315, 33.498106 ], [ -112.286797, 33.498683 ], [ -112.286797, 33.498815 ], [ -112.286884, 33.498862 ], [ -112.286908, 33.498875 ], [ -112.287092, 33.498852 ], [ -112.287322, 33.49848 ], [ -112.287427, 33.498385 ], [ -112.287656, 33.498298 ], [ -112.287683, 33.498056 ] ], [ [ -112.189411, 33.499617 ], [ -112.190284, 33.499941 ], [ -112.19031, 33.499809 ], [ -112.190146, 33.499611 ], [ -112.189673, 33.49944 ], [ -112.189536, 33.499287 ], [ -112.189431, 33.499243 ], [ -112.188302, 33.499298 ], [ -112.188249, 33.499319 ], [ -112.188249, 33.499386 ], [ -112.18844, 33.49954 ], [ -112.189248, 33.499604 ], [ -112.189411, 33.499617 ] ], [ [ -112.188177, 33.49965 ], [ -112.188072, 33.49965 ], [ -112.187915, 33.499941 ], [ -112.187571, 33.500044 ], [ -112.187275, 33.500275 ], [ -112.187262, 33.500362 ], [ -112.187387, 33.500538 ], [ -112.187623, 33.500648 ], [ -112.188017, 33.500577 ], [ -112.188148, 33.500489 ], [ -112.188352, 33.500269 ], [ -112.188379, 33.500243 ], [ -112.188591, 33.50004 ], [ -112.188669, 33.499979 ], [ -112.188683, 33.499903 ], [ -112.188387, 33.49971 ], [ -112.188177, 33.49965 ] ], [ [ -112.280697, 33.501365 ], [ -112.280697, 33.501542 ], [ -112.280749, 33.501579 ], [ -112.281091, 33.501624 ], [ -112.281189, 33.501294 ], [ -112.281484, 33.501333 ], [ -112.281631, 33.501439 ], [ -112.281668, 33.501465 ], [ -112.281668, 33.501707 ], [ -112.281753, 33.501773 ], [ -112.281858, 33.501767 ], [ -112.281957, 33.501679 ], [ -112.281983, 33.501547 ], [ -112.281931, 33.501372 ], [ -112.28132, 33.501179 ], [ -112.280841, 33.500832 ], [ -112.280684, 33.500618 ], [ -112.280527, 33.500574 ], [ -112.280343, 33.500596 ], [ -112.28029, 33.500728 ], [ -112.280428, 33.500881 ], [ -112.280559, 33.500926 ], [ -112.280717, 33.501118 ], [ -112.280749, 33.501337 ], [ -112.280697, 33.501365 ] ], [ [ -112.287724, 33.504742 ], [ -112.287934, 33.504368 ], [ -112.287901, 33.504303 ], [ -112.28777, 33.504303 ], [ -112.287461, 33.50455 ], [ -112.287238, 33.504517 ], [ -112.287094, 33.504556 ], [ -112.287094, 33.504754 ], [ -112.287189, 33.504872 ], [ -112.287337, 33.505056 ], [ -112.287389, 33.505056 ], [ -112.287724, 33.504742 ] ], [ [ -112.282317, 33.50445 ], [ -112.282002, 33.504494 ], [ -112.281949, 33.504559 ], [ -112.281949, 33.504758 ], [ -112.282007, 33.504803 ], [ -112.282034, 33.504824 ], [ -112.282454, 33.504841 ], [ -112.282612, 33.50506 ], [ -112.282513, 33.50528 ], [ -112.282566, 33.50539 ], [ -112.282723, 33.50539 ], [ -112.282828, 33.50528 ], [ -112.282822, 33.50506 ], [ -112.282842, 33.504775 ], [ -112.282763, 33.504643 ], [ -112.282527, 33.504576 ], [ -112.282422, 33.504467 ], [ -112.282317, 33.50445 ] ], [ [ -112.126313, 33.303877 ], [ -112.126575, 33.303977 ], [ -112.12685, 33.303922 ], [ -112.126916, 33.303866 ], [ -112.126556, 33.303756 ], [ -112.126313, 33.303877 ] ], [ [ -112.137154, 33.375781 ], [ -112.137458, 33.375588 ], [ -112.137586, 33.375157 ], [ -112.137758, 33.374782 ], [ -112.138114, 33.374597 ], [ -112.138578, 33.374293 ], [ -112.138802, 33.373765 ], [ -112.138994, 33.373493 ], [ -112.139442, 33.373333 ], [ -112.13989, 33.373333 ], [ -112.140562, 33.3733 ], [ -112.140722, 33.373237 ], [ -112.141042, 33.373044 ], [ -112.141458, 33.372661 ], [ -112.141554, 33.372405 ], [ -112.141394, 33.371861 ], [ -112.140994, 33.371572 ], [ -112.140594, 33.371574 ], [ -112.140162, 33.371606 ], [ -112.139474, 33.371974 ], [ -112.13885, 33.372214 ], [ -112.13821, 33.372518 ], [ -112.137794, 33.373044 ], [ -112.137218, 33.37314 ], [ -112.13685, 33.373109 ], [ -112.136434, 33.372902 ], [ -112.136018, 33.373013 ], [ -112.135634, 33.373748 ], [ -112.13573, 33.374069 ], [ -112.136354, 33.374837 ], [ -112.13581, 33.375332 ], [ -112.136018, 33.375541 ], [ -112.136402, 33.375732 ], [ -112.136658, 33.375829 ], [ -112.136818, 33.375861 ], [ -112.137154, 33.375781 ] ], [ [ -112.125756, 33.398367 ], [ -112.125703, 33.398307 ], [ -112.125601, 33.39824 ], [ -112.125542, 33.39824 ], [ -112.125496, 33.398273 ], [ -112.125439, 33.39835 ], [ -112.125424, 33.398372 ], [ -112.125391, 33.398482 ], [ -112.125424, 33.398525 ], [ -112.125457, 33.398536 ], [ -112.125549, 33.398449 ], [ -112.125621, 33.398502 ], [ -112.125782, 33.398439 ], [ -112.125756, 33.398367 ] ], [ [ -112.137336, 33.407553 ], [ -112.137337, 33.407494 ], [ -112.137275, 33.407494 ], [ -112.137276, 33.407553 ], [ -112.137336, 33.407553 ] ], [ [ -112.111121, 33.418835 ], [ -112.112353, 33.418824 ], [ -112.112537, 33.418824 ], [ -112.11253, 33.41856 ], [ -112.11253, 33.418273 ], [ -112.112523, 33.418053 ], [ -112.111265, 33.418087 ], [ -112.111271, 33.418308 ], [ -112.111272, 33.418571 ], [ -112.111114, 33.418571 ], [ -112.111088, 33.418636 ], [ -112.111121, 33.418835 ] ], [ [ -112.10979, 33.419617 ], [ -112.109803, 33.419628 ], [ -112.109869, 33.419683 ], [ -112.110289, 33.419611 ], [ -112.110367, 33.4195 ], [ -112.110341, 33.419369 ], [ -112.109843, 33.419375 ], [ -112.10979, 33.419418 ], [ -112.10979, 33.419617 ] ], [ [ -112.112544, 33.41955 ], [ -112.112544, 33.419264 ], [ -112.112537, 33.418912 ], [ -112.111881, 33.418917 ], [ -112.111888, 33.419269 ], [ -112.111888, 33.419555 ], [ -112.111856, 33.419852 ], [ -112.111908, 33.420105 ], [ -112.111981, 33.420302 ], [ -112.112033, 33.420544 ], [ -112.11202, 33.420786 ], [ -112.112558, 33.42078 ], [ -112.112558, 33.420538 ], [ -112.112558, 33.420296 ], [ -112.112551, 33.420099 ], [ -112.112538, 33.419846 ], [ -112.112544, 33.41955 ] ], [ [ -112.111764, 33.420083 ], [ -112.111751, 33.41984 ], [ -112.111797, 33.419555 ], [ -112.111796, 33.419269 ], [ -112.11179, 33.418917 ], [ -112.111173, 33.418923 ], [ -112.11118, 33.419275 ], [ -112.11118, 33.419539 ], [ -112.111167, 33.41984 ], [ -112.111174, 33.420088 ], [ -112.111168, 33.420309 ], [ -112.111168, 33.420572 ], [ -112.111174, 33.420814 ], [ -112.111824, 33.420743 ], [ -112.111823, 33.420544 ], [ -112.111797, 33.420302 ], [ -112.111764, 33.420083 ] ], [ [ -112.112316, 33.422013 ], [ -112.112657, 33.422013 ], [ -112.11265, 33.421858 ], [ -112.11265, 33.421529 ], [ -112.112643, 33.421287 ], [ -112.112643, 33.420979 ], [ -112.112119, 33.421028 ], [ -112.112093, 33.421095 ], [ -112.112171, 33.421335 ], [ -112.112257, 33.421529 ], [ -112.112309, 33.421858 ], [ -112.112316, 33.422013 ] ], [ [ -112.112185, 33.42204 ], [ -112.112152, 33.421864 ], [ -112.112099, 33.421577 ], [ -112.112014, 33.421337 ], [ -112.111935, 33.421073 ], [ -112.111437, 33.4211 ], [ -112.111437, 33.421342 ], [ -112.111444, 33.421584 ], [ -112.111457, 33.42187 ], [ -112.111464, 33.421925 ], [ -112.111608, 33.42204 ], [ -112.112185, 33.42204 ] ], [ [ -112.112244, 33.422628 ], [ -112.111825, 33.422677 ], [ -112.11151, 33.42264 ], [ -112.111326, 33.422596 ], [ -112.111333, 33.423322 ], [ -112.11134, 33.423717 ], [ -112.111347, 33.424267 ], [ -112.111354, 33.424916 ], [ -112.111361, 33.425675 ], [ -112.111544, 33.425674 ], [ -112.111859, 33.425669 ], [ -112.112279, 33.425663 ], [ -112.112725, 33.425663 ], [ -112.112724, 33.425201 ], [ -112.112718, 33.424695 ], [ -112.112711, 33.424256 ], [ -112.112704, 33.423706 ], [ -112.11269, 33.422584 ], [ -112.112244, 33.422628 ] ], [ [ -112.159446, 33.441173 ], [ -112.160154, 33.441173 ], [ -112.160154, 33.440497 ], [ -112.159446, 33.440503 ], [ -112.159446, 33.441173 ] ], [ [ -112.129616, 33.568718 ], [ -112.129603, 33.567772 ], [ -112.128224, 33.567799 ], [ -112.12825, 33.56869 ], [ -112.128272, 33.568706 ], [ -112.128302, 33.568728 ], [ -112.129616, 33.568718 ] ], [ [ -112.12687, 33.569514 ], [ -112.126838, 33.568271 ], [ -112.125709, 33.568271 ], [ -112.124938, 33.568269 ], [ -112.124893, 33.569528 ], [ -112.126053, 33.56952 ], [ -112.12687, 33.569514 ] ], [ [ -112.128256, 33.569844 ], [ -112.129602, 33.569817 ], [ -112.12959, 33.568806 ], [ -112.12825, 33.568822 ], [ -112.128256, 33.569844 ] ], [ [ -112.13106, 33.570621 ], [ -112.131244, 33.570511 ], [ -112.131585, 33.570638 ], [ -112.131769, 33.570616 ], [ -112.131918, 33.570465 ], [ -112.131927, 33.570456 ], [ -112.132163, 33.570456 ], [ -112.132268, 33.570566 ], [ -112.132268, 33.570764 ], [ -112.132327, 33.57083 ], [ -112.132432, 33.570896 ], [ -112.132642, 33.570869 ], [ -112.132793, 33.570759 ], [ -112.132793, 33.570561 ], [ -112.132741, 33.570473 ], [ -112.132662, 33.570385 ], [ -112.132531, 33.570363 ], [ -112.132189, 33.57039 ], [ -112.132157, 33.570017 ], [ -112.132052, 33.569863 ], [ -112.131861, 33.56978 ], [ -112.131467, 33.56978 ], [ -112.131277, 33.56995 ], [ -112.131224, 33.570148 ], [ -112.131027, 33.570159 ], [ -112.130817, 33.570203 ], [ -112.130744, 33.570335 ], [ -112.130771, 33.570489 ], [ -112.130876, 33.570577 ], [ -112.13106, 33.570621 ] ], [ [ -112.069495, 33.31915 ], [ -112.06939, 33.318347 ], [ -112.069416, 33.318149 ], [ -112.069331, 33.317863 ], [ -112.068945, 33.317951 ], [ -112.068631, 33.318022 ], [ -112.068552, 33.318154 ], [ -112.068604, 33.318264 ], [ -112.06884, 33.318461 ], [ -112.068899, 33.318616 ], [ -112.069288, 33.319153 ], [ -112.069325, 33.319204 ], [ -112.069456, 33.319291 ], [ -112.069508, 33.319248 ], [ -112.069495, 33.31915 ] ], [ [ -112.089056, 33.339021 ], [ -112.088951, 33.338932 ], [ -112.088846, 33.338977 ], [ -112.088846, 33.339263 ], [ -112.089004, 33.339327 ], [ -112.089062, 33.339351 ], [ -112.089134, 33.339263 ], [ -112.089056, 33.339021 ] ], [ [ -112.079081, 33.417354 ], [ -112.079291, 33.417481 ], [ -112.07945, 33.417493 ], [ -112.079842, 33.417524 ], [ -112.079887, 33.41749 ], [ -112.080051, 33.417364 ], [ -112.080209, 33.417144 ], [ -112.080471, 33.417144 ], [ -112.080497, 33.417189 ], [ -112.080576, 33.417184 ], [ -112.0807, 33.417096 ], [ -112.081225, 33.41709 ], [ -112.081356, 33.417001 ], [ -112.081382, 33.416891 ], [ -112.081303, 33.416694 ], [ -112.081244, 33.416034 ], [ -112.080982, 33.41604 ], [ -112.080923, 33.415996 ], [ -112.080975, 33.415819 ], [ -112.081185, 33.415776 ], [ -112.081238, 33.415705 ], [ -112.081362, 33.415419 ], [ -112.08131, 33.415132 ], [ -112.081231, 33.415067 ], [ -112.080916, 33.414983 ], [ -112.080726, 33.414765 ], [ -112.080621, 33.414457 ], [ -112.080569, 33.414396 ], [ -112.080405, 33.414352 ], [ -112.079782, 33.414468 ], [ -112.0791, 33.414406 ], [ -112.078812, 33.414758 ], [ -112.07855, 33.414786 ], [ -112.078189, 33.415028 ], [ -112.077934, 33.415491 ], [ -112.077907, 33.415644 ], [ -112.078071, 33.416061 ], [ -112.078176, 33.416238 ], [ -112.078439, 33.416414 ], [ -112.078367, 33.416766 ], [ -112.078471, 33.416854 ], [ -112.078681, 33.416893 ], [ -112.078734, 33.416871 ], [ -112.078786, 33.416607 ], [ -112.078832, 33.416541 ], [ -112.078911, 33.416541 ], [ -112.078917, 33.416761 ], [ -112.078839, 33.416871 ], [ -112.078839, 33.41698 ], [ -112.079081, 33.417354 ] ], [ [ -112.070283, 33.418591 ], [ -112.070323, 33.418427 ], [ -112.070257, 33.418306 ], [ -112.070073, 33.418284 ], [ -112.069883, 33.418158 ], [ -112.069752, 33.418158 ], [ -112.06968, 33.418246 ], [ -112.06968, 33.418377 ], [ -112.069759, 33.418532 ], [ -112.069706, 33.418686 ], [ -112.069844, 33.418796 ], [ -112.070003, 33.418755 ], [ -112.070126, 33.418723 ], [ -112.070283, 33.418591 ] ], [ [ -112.109757, 33.418692 ], [ -112.109778, 33.418691 ], [ -112.110465, 33.418664 ], [ -112.110537, 33.418577 ], [ -112.110485, 33.418401 ], [ -112.110275, 33.418379 ], [ -112.109567, 33.418435 ], [ -112.109515, 33.418501 ], [ -112.109515, 33.418633 ], [ -112.109757, 33.418692 ] ], [ [ -112.110649, 33.418731 ], [ -112.10981, 33.418825 ], [ -112.109652, 33.418913 ], [ -112.10918, 33.418962 ], [ -112.109128, 33.419029 ], [ -112.109135, 33.419226 ], [ -112.109169, 33.419254 ], [ -112.109187, 33.419269 ], [ -112.109548, 33.419182 ], [ -112.110098, 33.419155 ], [ -112.110151, 33.419111 ], [ -112.110623, 33.419038 ], [ -112.110675, 33.418995 ], [ -112.110649, 33.418731 ] ], [ [ -112.110558, 33.419787 ], [ -112.110086, 33.419814 ], [ -112.109686, 33.419727 ], [ -112.10945, 33.419621 ], [ -112.109109, 33.419643 ], [ -112.109056, 33.41971 ], [ -112.109089, 33.419952 ], [ -112.10922, 33.42004 ], [ -112.109404, 33.420062 ], [ -112.109745, 33.419947 ], [ -112.11025, 33.419942 ], [ -112.110348, 33.419941 ], [ -112.1104, 33.420029 ], [ -112.110663, 33.420007 ], [ -112.110689, 33.419941 ], [ -112.110558, 33.419787 ] ], [ [ -112.092417, 33.42071 ], [ -112.092548, 33.420755 ], [ -112.092653, 33.420733 ], [ -112.092647, 33.420315 ], [ -112.092568, 33.420205 ], [ -112.092358, 33.420188 ], [ -112.092273, 33.420209 ], [ -112.092096, 33.420254 ], [ -112.09207, 33.420321 ], [ -112.092417, 33.420578 ], [ -112.092417, 33.42071 ] ], [ [ -112.097768, 33.4692 ], [ -112.097716, 33.4692 ], [ -112.09769, 33.469133 ], [ -112.097873, 33.468974 ], [ -112.097847, 33.46887 ], [ -112.097752, 33.468889 ], [ -112.097637, 33.468913 ], [ -112.097637, 33.469046 ], [ -112.097532, 33.469112 ], [ -112.097591, 33.469464 ], [ -112.097749, 33.469507 ], [ -112.097801, 33.46942 ], [ -112.097926, 33.469237 ], [ -112.0979, 33.469172 ], [ -112.097768, 33.4692 ] ], [ [ -112.097519, 33.470101 ], [ -112.097642, 33.470189 ], [ -112.097703, 33.470233 ], [ -112.097808, 33.470233 ], [ -112.097874, 33.470107 ], [ -112.097847, 33.469848 ], [ -112.097801, 33.469661 ], [ -112.09767, 33.469662 ], [ -112.097539, 33.469794 ], [ -112.097519, 33.470101 ] ], [ [ -112.089649, 33.474567 ], [ -112.089675, 33.474441 ], [ -112.08961, 33.474232 ], [ -112.089524, 33.4741 ], [ -112.089518, 33.474051 ], [ -112.089551, 33.474002 ], [ -112.089787, 33.47383 ], [ -112.089918, 33.473858 ], [ -112.089984, 33.473897 ], [ -112.090088, 33.474034 ], [ -112.090148, 33.474066 ], [ -112.090312, 33.474083 ], [ -112.090443, 33.473996 ], [ -112.090469, 33.473919 ], [ -112.090443, 33.473737 ], [ -112.090377, 33.473655 ], [ -112.090311, 33.473599 ], [ -112.09018, 33.473545 ], [ -112.089878, 33.473512 ], [ -112.089649, 33.473446 ], [ -112.089485, 33.473467 ], [ -112.089419, 33.473506 ], [ -112.089341, 33.473633 ], [ -112.089236, 33.474068 ], [ -112.089262, 33.474216 ], [ -112.089413, 33.474452 ], [ -112.089439, 33.474545 ], [ -112.089137, 33.474848 ], [ -112.08898, 33.475057 ], [ -112.088842, 33.475161 ], [ -112.088652, 33.474997 ], [ -112.0886, 33.474798 ], [ -112.088606, 33.474688 ], [ -112.088534, 33.474497 ], [ -112.088403, 33.47437 ], [ -112.088153, 33.474204 ], [ -112.087819, 33.473892 ], [ -112.087628, 33.473815 ], [ -112.087163, 33.473847 ], [ -112.086749, 33.473793 ], [ -112.086559, 33.473722 ], [ -112.086172, 33.473512 ], [ -112.08585, 33.473419 ], [ -112.085732, 33.473402 ], [ -112.085549, 33.47343 ], [ -112.085424, 33.473529 ], [ -112.085345, 33.473782 ], [ -112.085378, 33.473898 ], [ -112.085444, 33.473953 ], [ -112.085608, 33.474007 ], [ -112.085772, 33.474002 ], [ -112.08608, 33.473898 ], [ -112.08631, 33.473903 ], [ -112.086448, 33.474024 ], [ -112.086618, 33.474294 ], [ -112.086835, 33.474684 ], [ -112.087143, 33.47514 ], [ -112.087393, 33.475662 ], [ -112.087458, 33.475749 ], [ -112.087609, 33.475833 ], [ -112.087905, 33.475893 ], [ -112.088115, 33.475965 ], [ -112.088311, 33.476168 ], [ -112.088416, 33.476179 ], [ -112.088482, 33.476239 ], [ -112.088436, 33.476311 ], [ -112.088377, 33.476322 ], [ -112.088213, 33.476305 ], [ -112.088147, 33.476332 ], [ -112.087872, 33.476678 ], [ -112.08782, 33.476784 ], [ -112.087833, 33.476827 ], [ -112.088128, 33.476866 ], [ -112.088292, 33.477009 ], [ -112.088554, 33.476982 ], [ -112.088758, 33.477097 ], [ -112.088994, 33.477097 ], [ -112.089106, 33.477151 ], [ -112.089237, 33.477173 ], [ -112.089342, 33.477157 ], [ -112.089565, 33.477041 ], [ -112.089617, 33.476926 ], [ -112.089571, 33.476624 ], [ -112.089473, 33.476503 ], [ -112.089269, 33.47636 ], [ -112.088994, 33.475997 ], [ -112.089033, 33.475865 ], [ -112.089223, 33.47564 ], [ -112.08921, 33.475535 ], [ -112.089132, 33.475367 ], [ -112.089105, 33.47531 ], [ -112.089334, 33.475063 ], [ -112.089649, 33.474567 ] ], [ [ -112.090059, 33.529496 ], [ -112.089987, 33.529573 ], [ -112.089947, 33.529986 ], [ -112.089875, 33.530096 ], [ -112.089646, 33.530316 ], [ -112.089593, 33.53049 ], [ -112.089619, 33.530563 ], [ -112.089725, 33.53064 ], [ -112.089869, 33.530673 ], [ -112.090025, 33.530762 ], [ -112.090164, 33.530842 ], [ -112.090269, 33.530882 ], [ -112.090329, 33.530865 ], [ -112.090388, 33.53081 ], [ -112.090381, 33.530375 ], [ -112.090276, 33.529964 ], [ -112.090282, 33.529617 ], [ -112.090243, 33.529539 ], [ -112.090171, 33.529485 ], [ -112.090059, 33.529496 ] ], [ [ -112.10228, 33.553727 ], [ -112.102523, 33.553731 ], [ -112.103134, 33.553759 ], [ -112.103298, 33.553973 ], [ -112.103377, 33.553995 ], [ -112.103482, 33.553886 ], [ -112.103482, 33.553776 ], [ -112.103666, 33.5536 ], [ -112.103902, 33.5536 ], [ -112.104033, 33.55377 ], [ -112.104296, 33.553858 ], [ -112.104638, 33.553764 ], [ -112.104848, 33.55361 ], [ -112.104874, 33.553522 ], [ -112.104736, 33.553347 ], [ -112.104053, 33.553264 ], [ -112.103816, 33.553292 ], [ -112.103711, 33.553468 ], [ -112.103587, 33.553556 ], [ -112.103245, 33.55354 ], [ -112.10295, 33.553342 ], [ -112.102766, 33.553297 ], [ -112.102516, 33.553358 ], [ -112.102188, 33.553435 ], [ -112.102142, 33.553589 ], [ -112.10228, 33.553727 ] ], [ [ -112.103878, 33.558284 ], [ -112.104009, 33.558344 ], [ -112.104193, 33.558322 ], [ -112.104167, 33.558168 ], [ -112.103635, 33.55769 ], [ -112.103221, 33.558114 ], [ -112.103221, 33.558224 ], [ -112.103438, 33.55846 ], [ -112.103517, 33.55846 ], [ -112.103694, 33.558284 ], [ -112.103711, 33.558284 ], [ -112.103878, 33.558284 ] ], [ [ -112.009698, 33.298365 ], [ -112.009789, 33.298296 ], [ -112.009965, 33.29825 ], [ -112.010095, 33.298227 ], [ -112.01021, 33.298242 ], [ -112.01034, 33.298273 ], [ -112.010547, 33.298342 ], [ -112.010876, 33.29841 ], [ -112.011036, 33.298403 ], [ -112.011319, 33.298426 ], [ -112.011518, 33.298418 ], [ -112.011572, 33.298357 ], [ -112.011641, 33.298234 ], [ -112.011626, 33.297982 ], [ -112.011656, 33.297752 ], [ -112.011595, 33.297684 ], [ -112.011404, 33.297676 ], [ -112.010531, 33.297668 ], [ -112.010011, 33.297684 ], [ -112.009422, 33.29763 ], [ -112.009223, 33.297477 ], [ -112.009108, 33.297339 ], [ -112.009164, 33.297132 ], [ -112.009277, 33.296622 ], [ -112.0093, 33.295993 ], [ -112.009315, 33.295656 ], [ -112.009269, 33.295488 ], [ -112.009093, 33.295396 ], [ -112.00881, 33.295396 ], [ -112.008611, 33.295496 ], [ -112.008374, 33.295496 ], [ -112.00832, 33.29561 ], [ -112.00832, 33.295779 ], [ -112.00832, 33.295947 ], [ -112.008304, 33.296143 ], [ -112.00816, 33.296222 ], [ -112.00803, 33.296215 ], [ -112.007869, 33.296245 ], [ -112.007678, 33.296368 ], [ -112.007548, 33.296329 ], [ -112.007425, 33.296383 ], [ -112.007356, 33.29646 ], [ -112.007379, 33.296597 ], [ -112.007464, 33.296712 ], [ -112.007555, 33.29675 ], [ -112.007961, 33.296743 ], [ -112.008221, 33.296873 ], [ -112.008343, 33.296995 ], [ -112.008397, 33.297102 ], [ -112.008412, 33.297255 ], [ -112.00842, 33.297355 ], [ -112.008405, 33.297454 ], [ -112.008374, 33.297515 ], [ -112.008068, 33.297622 ], [ -112.007854, 33.297699 ], [ -112.007731, 33.297676 ], [ -112.007662, 33.29763 ], [ -112.007471, 33.297607 ], [ -112.007272, 33.297561 ], [ -112.006989, 33.297577 ], [ -112.00679, 33.297653 ], [ -112.006469, 33.297752 ], [ -112.006339, 33.297951 ], [ -112.006385, 33.298051 ], [ -112.006454, 33.298189 ], [ -112.006561, 33.298319 ], [ -112.006645, 33.298395 ], [ -112.006844, 33.298479 ], [ -112.006951, 33.298456 ], [ -112.00718, 33.29841 ], [ -112.007402, 33.298349 ], [ -112.007555, 33.298311 ], [ -112.008458, 33.298257 ], [ -112.008603, 33.298257 ], [ -112.008749, 33.298273 ], [ -112.008795, 33.298342 ], [ -112.009024, 33.298732 ], [ -112.008986, 33.299007 ], [ -112.008887, 33.299068 ], [ -112.008741, 33.29913 ], [ -112.008703, 33.299214 ], [ -112.008649, 33.29939 ], [ -112.008665, 33.299581 ], [ -112.008749, 33.299742 ], [ -112.009017, 33.299918 ], [ -112.009154, 33.299956 ], [ -112.009422, 33.299925 ], [ -112.009629, 33.299948 ], [ -112.009751, 33.299933 ], [ -112.009866, 33.299872 ], [ -112.009935, 33.299772 ], [ -112.009935, 33.299673 ], [ -112.009935, 33.299535 ], [ -112.009912, 33.299459 ], [ -112.009874, 33.299336 ], [ -112.009835, 33.299229 ], [ -112.009797, 33.299099 ], [ -112.009713, 33.298984 ], [ -112.009636, 33.298931 ], [ -112.00956, 33.298563 ], [ -112.009698, 33.298365 ] ], [ [ -112.005085, 33.300604 ], [ -112.005008, 33.300338 ], [ -112.004985, 33.300155 ], [ -112.004893, 33.299933 ], [ -112.004903, 33.299787 ], [ -112.004939, 33.299688 ], [ -112.005, 33.299527 ], [ -112.00513, 33.299397 ], [ -112.005436, 33.299176 ], [ -112.005643, 33.299007 ], [ -112.005857, 33.2989 ], [ -112.005941, 33.298801 ], [ -112.006018, 33.298694 ], [ -112.006018, 33.298594 ], [ -112.005926, 33.298372 ], [ -112.005757, 33.298066 ], [ -112.005551, 33.29802 ], [ -112.005444, 33.29802 ], [ -112.00526, 33.298066 ], [ -112.004893, 33.298059 ], [ -112.004748, 33.297959 ], [ -112.004617, 33.297844 ], [ -112.004579, 33.297668 ], [ -112.004396, 33.297561 ], [ -112.00422, 33.297561 ], [ -112.004036, 33.297584 ], [ -112.003707, 33.297653 ], [ -112.003577, 33.29776 ], [ -112.003562, 33.29789 ], [ -112.003592, 33.298013 ], [ -112.003676, 33.29812 ], [ -112.003753, 33.298219 ], [ -112.00386, 33.298303 ], [ -112.003959, 33.298365 ], [ -112.004151, 33.298433 ], [ -112.004403, 33.298525 ], [ -112.004594, 33.298625 ], [ -112.004648, 33.298694 ], [ -112.004732, 33.298839 ], [ -112.00477, 33.298931 ], [ -112.004763, 33.299023 ], [ -112.004679, 33.299214 ], [ -112.004633, 33.299306 ], [ -112.004495, 33.299374 ], [ -112.004036, 33.299428 ], [ -112.003692, 33.299214 ], [ -112.003493, 33.299114 ], [ -112.003401, 33.299107 ], [ -112.003256, 33.299198 ], [ -112.00321, 33.299283 ], [ -112.003225, 33.29939 ], [ -112.003294, 33.299474 ], [ -112.003432, 33.299581 ], [ -112.003562, 33.299703 ], [ -112.003692, 33.299841 ], [ -112.003699, 33.299902 ], [ -112.003699, 33.299979 ], [ -112.003707, 33.300101 ], [ -112.003692, 33.300162 ], [ -112.003653, 33.300224 ], [ -112.003554, 33.300308 ], [ -112.003439, 33.300239 ], [ -112.00326, 33.300541 ], [ -112.003141, 33.300576 ], [ -112.00308, 33.300568 ], [ -112.00298, 33.300537 ], [ -112.002858, 33.300446 ], [ -112.002705, 33.300277 ], [ -112.002559, 33.300124 ], [ -112.00236, 33.30004 ], [ -112.002238, 33.30004 ], [ -112.002192, 33.300094 ], [ -112.002154, 33.300216 ], [ -112.002016, 33.300377 ], [ -112.002039, 33.300461 ], [ -112.002259, 33.300599 ], [ -112.002445, 33.300683 ], [ -112.002651, 33.300782 ], [ -112.002766, 33.300897 ], [ -112.002865, 33.301042 ], [ -112.002942, 33.301195 ], [ -112.002973, 33.301302 ], [ -112.002957, 33.301425 ], [ -112.002827, 33.30167 ], [ -112.002628, 33.301892 ], [ -112.002338, 33.302083 ], [ -112.002093, 33.302213 ], [ -112.001963, 33.30219 ], [ -112.001878, 33.30219 ], [ -112.001802, 33.302228 ], [ -112.001718, 33.302251 ], [ -112.001634, 33.302381 ], [ -112.001634, 33.302473 ], [ -112.001649, 33.30255 ], [ -112.001649, 33.302618 ], [ -112.001718, 33.30271 ], [ -112.001924, 33.302856 ], [ -112.002315, 33.30307 ], [ -112.002674, 33.303223 ], [ -112.002797, 33.303154 ], [ -112.002835, 33.303054 ], [ -112.002911, 33.302963 ], [ -112.00295, 33.302863 ], [ -112.003011, 33.302771 ], [ -112.003095, 33.302641 ], [ -112.003133, 33.30258 ], [ -112.00321, 33.302465 ], [ -112.003347, 33.302335 ], [ -112.003439, 33.302282 ], [ -112.003562, 33.302282 ], [ -112.003661, 33.302343 ], [ -112.003715, 33.302404 ], [ -112.003937, 33.302511 ], [ -112.004258, 33.302626 ], [ -112.004411, 33.302687 ], [ -112.004594, 33.302672 ], [ -112.004656, 33.30255 ], [ -112.004679, 33.302458 ], [ -112.004717, 33.302351 ], [ -112.004725, 33.302221 ], [ -112.004717, 33.302121 ], [ -112.004602, 33.30206 ], [ -112.00448, 33.302022 ], [ -112.004282, 33.301987 ], [ -112.004084, 33.301874 ], [ -112.003898, 33.301792 ], [ -112.003707, 33.301639 ], [ -112.003692, 33.301524 ], [ -112.003761, 33.301379 ], [ -112.004083, 33.301156 ], [ -112.00422, 33.301004 ], [ -112.004304, 33.300928 ], [ -112.004419, 33.300928 ], [ -112.004526, 33.301035 ], [ -112.00464, 33.301119 ], [ -112.004694, 33.301156 ], [ -112.004816, 33.301226 ], [ -112.004962, 33.301241 ], [ -112.005038, 33.301218 ], [ -112.005115, 33.301149 ], [ -112.005122, 33.301027 ], [ -112.005138, 33.300889 ], [ -112.005115, 33.300759 ], [ -112.005085, 33.300604 ] ], [ [ -111.983337, 33.328659 ], [ -111.983388, 33.32863 ], [ -111.983423, 33.328539 ], [ -111.983446, 33.328441 ], [ -111.98348, 33.328367 ], [ -111.983629, 33.328344 ], [ -111.983726, 33.32835 ], [ -111.983989, 33.328419 ], [ -111.984132, 33.32847 ], [ -111.984286, 33.32847 ], [ -111.984395, 33.328447 ], [ -111.984498, 33.328361 ], [ -111.984578, 33.328299 ], [ -111.984584, 33.32819 ], [ -111.984424, 33.328053 ], [ -111.984149, 33.32799 ], [ -111.983926, 33.327922 ], [ -111.983852, 33.327847 ], [ -111.983823, 33.32775 ], [ -111.983823, 33.327647 ], [ -111.983829, 33.327544 ], [ -111.983823, 33.327453 ], [ -111.983795, 33.327396 ], [ -111.983743, 33.327333 ], [ -111.983618, 33.327224 ], [ -111.98352, 33.327178 ], [ -111.983366, 33.327144 ], [ -111.983217, 33.327201 ], [ -111.983046, 33.327304 ], [ -111.982983, 33.327407 ], [ -111.98296, 33.327487 ], [ -111.983, 33.327579 ], [ -111.98308, 33.327693 ], [ -111.983177, 33.327864 ], [ -111.98324, 33.327979 ], [ -111.983269, 33.328087 ], [ -111.983172, 33.328179 ], [ -111.983023, 33.328242 ], [ -111.982931, 33.328253 ], [ -111.982806, 33.328236 ], [ -111.982771, 33.328173 ], [ -111.982748, 33.328087 ], [ -111.982731, 33.328025 ], [ -111.982623, 33.327996 ], [ -111.982548, 33.328007 ], [ -111.982434, 33.328013 ], [ -111.982314, 33.327916 ], [ -111.982194, 33.327853 ], [ -111.982114, 33.327847 ], [ -111.982045, 33.327876 ], [ -111.981947, 33.327944 ], [ -111.981925, 33.328013 ], [ -111.981925, 33.328104 ], [ -111.98197, 33.328178 ], [ -111.982027, 33.328247 ], [ -111.982033, 33.328333 ], [ -111.981987, 33.328401 ], [ -111.981896, 33.328447 ], [ -111.98181, 33.328504 ], [ -111.981787, 33.328596 ], [ -111.981822, 33.328682 ], [ -111.981885, 33.328716 ], [ -111.982067, 33.328704 ], [ -111.982193, 33.328676 ], [ -111.982245, 33.328653 ], [ -111.982256, 33.328596 ], [ -111.982273, 33.328504 ], [ -111.982348, 33.328419 ], [ -111.982525, 33.328339 ], [ -111.982645, 33.328321 ], [ -111.982719, 33.328384 ], [ -111.982656, 33.328436 ], [ -111.982605, 33.328453 ], [ -111.982496, 33.328481 ], [ -111.982422, 33.328504 ], [ -111.982388, 33.32855 ], [ -111.982371, 33.328619 ], [ -111.982376, 33.32871 ], [ -111.982416, 33.328745 ], [ -111.982594, 33.328773 ], [ -111.982656, 33.328767 ], [ -111.982668, 33.328699 ], [ -111.982656, 33.328624 ], [ -111.982651, 33.32855 ], [ -111.982691, 33.328493 ], [ -111.982822, 33.328459 ], [ -111.98296, 33.32847 ], [ -111.983045, 33.328493 ], [ -111.983091, 33.328544 ], [ -111.983194, 33.328613 ], [ -111.983268, 33.328664 ], [ -111.983337, 33.328659 ] ], [ [ -111.986796, 33.329145 ], [ -111.986831, 33.329248 ], [ -111.986888, 33.329299 ], [ -111.987048, 33.329379 ], [ -111.987197, 33.329402 ], [ -111.987294, 33.329396 ], [ -111.987437, 33.329339 ], [ -111.987494, 33.329276 ], [ -111.987534, 33.329196 ], [ -111.987551, 33.329122 ], [ -111.987609, 33.329037 ], [ -111.98778, 33.328951 ], [ -111.987912, 33.328871 ], [ -111.987958, 33.328814 ], [ -111.987975, 33.328716 ], [ -111.987946, 33.328654 ], [ -111.987832, 33.328596 ], [ -111.987706, 33.328591 ], [ -111.987626, 33.328591 ], [ -111.987506, 33.328499 ], [ -111.987289, 33.328288 ], [ -111.987106, 33.328185 ], [ -111.986963, 33.328145 ], [ -111.986871, 33.328173 ], [ -111.986763, 33.32827 ], [ -111.986694, 33.328345 ], [ -111.986631, 33.328408 ], [ -111.986568, 33.328459 ], [ -111.986494, 33.328471 ], [ -111.986437, 33.328471 ], [ -111.986397, 33.328459 ], [ -111.986299, 33.32839 ], [ -111.986225, 33.328162 ], [ -111.986248, 33.328065 ], [ -111.986328, 33.328025 ], [ -111.986442, 33.327922 ], [ -111.986482, 33.327847 ], [ -111.986482, 33.327802 ], [ -111.986442, 33.327733 ], [ -111.986288, 33.327704 ], [ -111.986019, 33.327744 ], [ -111.985865, 33.32775 ], [ -111.985653, 33.32775 ], [ -111.985545, 33.327842 ], [ -111.985527, 33.327922 ], [ -111.985522, 33.328019 ], [ -111.985545, 33.328099 ], [ -111.985601, 33.32815 ], [ -111.985647, 33.328173 ], [ -111.98571, 33.328173 ], [ -111.985784, 33.328116 ], [ -111.985899, 33.328041 ], [ -111.986007, 33.328041 ], [ -111.986144, 33.328116 ], [ -111.986179, 33.328196 ], [ -111.986219, 33.328293 ], [ -111.986202, 33.328367 ], [ -111.986184, 33.328413 ], [ -111.98615, 33.328459 ], [ -111.98611, 33.328579 ], [ -111.98611, 33.32863 ], [ -111.986156, 33.328722 ], [ -111.986179, 33.328767 ], [ -111.986207, 33.328785 ], [ -111.986247, 33.328779 ], [ -111.986282, 33.328762 ], [ -111.986373, 33.328704 ], [ -111.986442, 33.328653 ], [ -111.986585, 33.328584 ], [ -111.986716, 33.32859 ], [ -111.986785, 33.328619 ], [ -111.986819, 33.328642 ], [ -111.986842, 33.32871 ], [ -111.986836, 33.328762 ], [ -111.986831, 33.328847 ], [ -111.986796, 33.328945 ], [ -111.986791, 33.329008 ], [ -111.986796, 33.329145 ] ], [ [ -111.993389, 33.331295 ], [ -111.993389, 33.331369 ], [ -111.993418, 33.331455 ], [ -111.993469, 33.331501 ], [ -111.993544, 33.331466 ], [ -111.993629, 33.331335 ], [ -111.993692, 33.331192 ], [ -111.993772, 33.330992 ], [ -111.993801, 33.330917 ], [ -111.993864, 33.330866 ], [ -111.993938, 33.330797 ], [ -111.993978, 33.330763 ], [ -111.993995, 33.330689 ], [ -111.994041, 33.33066 ], [ -111.994041, 33.330637 ], [ -111.993961, 33.330626 ], [ -111.993898, 33.330626 ], [ -111.99379, 33.330643 ], [ -111.993669, 33.330706 ], [ -111.993601, 33.33074 ], [ -111.993492, 33.330786 ], [ -111.993406, 33.33078 ], [ -111.993338, 33.330769 ], [ -111.993292, 33.330786 ], [ -111.993292, 33.330826 ], [ -111.993309, 33.330854 ], [ -111.993355, 33.3309 ], [ -111.993389, 33.330969 ], [ -111.993412, 33.331032 ], [ -111.993418, 33.33114 ], [ -111.993395, 33.331209 ], [ -111.993389, 33.331295 ] ], [ [ -111.992498, 33.331941 ], [ -111.992526, 33.332004 ], [ -111.992538, 33.332039 ], [ -111.992532, 33.332084 ], [ -111.992521, 33.332153 ], [ -111.992475, 33.33225 ], [ -111.992492, 33.332313 ], [ -111.992584, 33.332387 ], [ -111.992744, 33.33241 ], [ -111.992921, 33.332382 ], [ -111.993115, 33.332325 ], [ -111.99315, 33.332222 ], [ -111.993138, 33.332187 ], [ -111.993096, 33.332137 ], [ -111.993018, 33.332016 ], [ -111.992983, 33.331987 ], [ -111.992938, 33.331929 ], [ -111.992892, 33.331895 ], [ -111.992869, 33.331872 ], [ -111.992869, 33.331821 ], [ -111.992909, 33.331752 ], [ -111.992972, 33.331621 ], [ -111.993069, 33.331363 ], [ -111.99308, 33.331209 ], [ -111.993069, 33.331123 ], [ -111.993035, 33.331049 ], [ -111.992909, 33.331015 ], [ -111.992806, 33.33102 ], [ -111.992652, 33.331077 ], [ -111.992406, 33.331163 ], [ -111.992251, 33.331163 ], [ -111.992137, 33.331152 ], [ -111.992051, 33.331112 ], [ -111.991971, 33.331026 ], [ -111.991943, 33.330975 ], [ -111.991931, 33.330894 ], [ -111.992, 33.330803 ], [ -111.992171, 33.330671 ], [ -111.992206, 33.330631 ], [ -111.992166, 33.330551 ], [ -111.99212, 33.330517 ], [ -111.99204, 33.330483 ], [ -111.991937, 33.330494 ], [ -111.99188, 33.330534 ], [ -111.991863, 33.33058 ], [ -111.99184, 33.330654 ], [ -111.99176, 33.330729 ], [ -111.991691, 33.33078 ], [ -111.991617, 33.33082 ], [ -111.991554, 33.330883 ], [ -111.991537, 33.330963 ], [ -111.991537, 33.331049 ], [ -111.991537, 33.33106 ], [ -111.991508, 33.331192 ], [ -111.991451, 33.331232 ], [ -111.991382, 33.331255 ], [ -111.991268, 33.331266 ], [ -111.991131, 33.331301 ], [ -111.991056, 33.331346 ], [ -111.991022, 33.331398 ], [ -111.991028, 33.331501 ], [ -111.991045, 33.331564 ], [ -111.991074, 33.331633 ], [ -111.991143, 33.331684 ], [ -111.991205, 33.331707 ], [ -111.991303, 33.331707 ], [ -111.99144, 33.331696 ], [ -111.991629, 33.331621 ], [ -111.99176, 33.331524 ], [ -111.991926, 33.331404 ], [ -111.992137, 33.331307 ], [ -111.99232, 33.33129 ], [ -111.992418, 33.33133 ], [ -111.992509, 33.331392 ], [ -111.992578, 33.33149 ], [ -111.992578, 33.331541 ], [ -111.992538, 33.331621 ], [ -111.992498, 33.331701 ], [ -111.992463, 33.331764 ], [ -111.992463, 33.331816 ], [ -111.992477, 33.331876 ], [ -111.992498, 33.331941 ] ], [ [ -111.993962, 33.332896 ], [ -111.994024, 33.332873 ], [ -111.99415, 33.332873 ], [ -111.994265, 33.332919 ], [ -111.994396, 33.332959 ], [ -111.994539, 33.332982 ], [ -111.994669, 33.332984 ], [ -111.994791, 33.332982 ], [ -111.994916, 33.332994 ], [ -111.995019, 33.332994 ], [ -111.995157, 33.332976 ], [ -111.995248, 33.332964 ], [ -111.995373, 33.332884 ], [ -111.995431, 33.332844 ], [ -111.995425, 33.332804 ], [ -111.995396, 33.33277 ], [ -111.995351, 33.332753 ], [ -111.995173, 33.332667 ], [ -111.994985, 33.332541 ], [ -111.994922, 33.332473 ], [ -111.994865, 33.332307 ], [ -111.994836, 33.33221 ], [ -111.994802, 33.332147 ], [ -111.99475, 33.332112 ], [ -111.99463, 33.332061 ], [ -111.994499, 33.332032 ], [ -111.994361, 33.331998 ], [ -111.99419, 33.331947 ], [ -111.994064, 33.331878 ], [ -111.993978, 33.331792 ], [ -111.99383, 33.331672 ], [ -111.993715, 33.331604 ], [ -111.993641, 33.331598 ], [ -111.993567, 33.331638 ], [ -111.993521, 33.331701 ], [ -111.993521, 33.331775 ], [ -111.99355, 33.331873 ], [ -111.993573, 33.33193 ], [ -111.993607, 33.331981 ], [ -111.99367, 33.331999 ], [ -111.993761, 33.332044 ], [ -111.993779, 33.33209 ], [ -111.993784, 33.33217 ], [ -111.99383, 33.332222 ], [ -111.993893, 33.332267 ], [ -111.993916, 33.332342 ], [ -111.993899, 33.332405 ], [ -111.993819, 33.332502 ], [ -111.99363, 33.332639 ], [ -111.993596, 33.332639 ], [ -111.993527, 33.332673 ], [ -111.993453, 33.332753 ], [ -111.993481, 33.332868 ], [ -111.993556, 33.332936 ], [ -111.993687, 33.332999 ], [ -111.993767, 33.332994 ], [ -111.993841, 33.332948 ], [ -111.993962, 33.332896 ] ], [ [ -111.984564, 33.333039 ], [ -111.984302, 33.333062 ], [ -111.983916, 33.333326 ], [ -111.983602, 33.333309 ], [ -111.983506, 33.33339 ], [ -111.983497, 33.333402 ], [ -111.983497, 33.333508 ], [ -111.98368, 33.333596 ], [ -111.9841, 33.33348 ], [ -111.984571, 33.333458 ], [ -111.984964, 33.33365 ], [ -111.985174, 33.33365 ], [ -111.985315, 33.333548 ], [ -111.985514, 33.333402 ], [ -111.985619, 33.333249 ], [ -111.985508, 33.333139 ], [ -111.984938, 33.333232 ], [ -111.984564, 33.333039 ] ], [ [ -111.989756, 33.339883 ], [ -111.989887, 33.339971 ], [ -111.990149, 33.339855 ], [ -111.990306, 33.339855 ], [ -111.990475, 33.340138 ], [ -111.99049, 33.340162 ], [ -111.990595, 33.340075 ], [ -111.99061, 33.339982 ], [ -111.990621, 33.33992 ], [ -111.990404, 33.339525 ], [ -111.990397, 33.338755 ], [ -111.990502, 33.338624 ], [ -111.990895, 33.338749 ], [ -111.991, 33.338596 ], [ -111.99081, 33.338338 ], [ -111.990521, 33.338206 ], [ -111.990338, 33.338228 ], [ -111.990155, 33.338426 ], [ -111.990142, 33.339174 ], [ -111.989749, 33.339706 ], [ -111.989756, 33.339883 ] ], [ [ -111.986072, 33.345475 ], [ -111.986019, 33.345388 ], [ -111.985888, 33.345388 ], [ -111.985757, 33.345498 ], [ -111.985921, 33.346004 ], [ -111.985679, 33.346235 ], [ -111.985594, 33.34632 ], [ -111.985509, 33.346404 ], [ -111.985509, 33.346536 ], [ -111.985902, 33.346818 ], [ -111.986348, 33.346856 ], [ -111.986564, 33.346988 ], [ -111.986721, 33.347009 ], [ -111.986924, 33.346877 ], [ -111.986924, 33.346657 ], [ -111.986793, 33.346548 ], [ -111.986452, 33.346592 ], [ -111.986243, 33.346553 ], [ -111.986074, 33.346412 ], [ -111.986033, 33.346378 ], [ -111.986052, 33.34629 ], [ -111.986196, 33.346158 ], [ -111.986367, 33.345998 ], [ -111.986367, 33.34591 ], [ -111.986046, 33.345652 ], [ -111.986072, 33.345475 ] ], [ [ -112.039293, 33.417144 ], [ -112.039328, 33.417099 ], [ -112.039273, 33.41714 ], [ -112.039208, 33.4172 ], [ -112.039151, 33.417265 ], [ -112.039235, 33.417198 ], [ -112.039293, 33.417144 ] ], [ [ -112.019809, 33.510216 ], [ -112.019336, 33.510084 ], [ -112.019048, 33.510112 ], [ -112.018995, 33.510309 ], [ -112.019159, 33.510596 ], [ -112.019159, 33.510772 ], [ -112.018791, 33.511014 ], [ -112.018739, 33.51108 ], [ -112.018798, 33.51119 ], [ -112.019349, 33.511163 ], [ -112.019421, 33.511075 ], [ -112.019789, 33.510877 ], [ -112.020314, 33.510806 ], [ -112.020596, 33.510382 ], [ -112.020596, 33.510162 ], [ -112.020386, 33.510146 ], [ -112.019809, 33.510216 ] ], [ [ -112.018404, 33.51137 ], [ -112.01822, 33.511305 ], [ -112.018036, 33.511305 ], [ -112.017879, 33.511463 ], [ -112.017879, 33.51153 ], [ -112.017596, 33.511772 ], [ -112.017229, 33.511865 ], [ -112.016841, 33.512304 ], [ -112.016946, 33.512503 ], [ -112.01776, 33.51263 ], [ -112.017891, 33.512537 ], [ -112.018043, 33.512009 ], [ -112.01843, 33.511547 ], [ -112.018404, 33.51137 ] ], [ [ -112.016926, 33.513229 ], [ -112.016743, 33.512701 ], [ -112.016585, 33.512707 ], [ -112.016454, 33.512838 ], [ -112.016303, 33.513365 ], [ -112.016119, 33.51352 ], [ -112.016092, 33.513607 ], [ -112.016171, 33.513696 ], [ -112.016407, 33.513652 ], [ -112.016486, 33.513585 ], [ -112.016513, 33.513388 ], [ -112.016618, 33.51325 ], [ -112.01688, 33.513272 ], [ -112.016926, 33.513229 ] ], [ [ -112.015285, 33.514273 ], [ -112.014924, 33.514629 ], [ -112.014582, 33.514833 ], [ -112.013801, 33.514861 ], [ -112.013748, 33.514992 ], [ -112.013801, 33.515037 ], [ -112.014772, 33.51507 ], [ -112.015035, 33.515224 ], [ -112.015245, 33.515202 ], [ -112.015297, 33.515152 ], [ -112.015239, 33.514718 ], [ -112.015317, 33.514581 ], [ -112.015554, 33.514404 ], [ -112.015521, 33.514273 ], [ -112.015442, 33.514251 ], [ -112.015285, 33.514273 ] ], [ [ -112.01512, 33.515597 ], [ -112.014977, 33.515757 ], [ -112.014883, 33.515862 ], [ -112.014627, 33.516015 ], [ -112.013682, 33.515982 ], [ -112.013603, 33.516047 ], [ -112.013866, 33.516246 ], [ -112.014837, 33.516301 ], [ -112.015133, 33.516565 ], [ -112.015238, 33.516587 ], [ -112.015316, 33.51656 ], [ -112.015389, 33.51645 ], [ -112.015441, 33.516098 ], [ -112.015546, 33.51601 ], [ -112.01554, 33.515833 ], [ -112.015406, 33.515712 ], [ -112.015278, 33.515597 ], [ -112.01512, 33.515597 ] ], [ [ -112.014929, 33.517093 ], [ -112.014876, 33.517159 ], [ -112.014666, 33.517203 ], [ -112.013747, 33.517148 ], [ -112.013642, 33.517235 ], [ -112.013747, 33.517346 ], [ -112.014666, 33.517356 ], [ -112.014981, 33.517423 ], [ -112.015349, 33.517418 ], [ -112.015349, 33.517528 ], [ -112.015729, 33.518188 ], [ -112.01586, 33.518276 ], [ -112.016175, 33.518313 ], [ -112.016202, 33.518138 ], [ -112.016064, 33.517896 ], [ -112.01611, 33.517412 ], [ -112.016031, 33.517324 ], [ -112.015743, 33.517242 ], [ -112.015638, 33.517153 ], [ -112.015447, 33.516802 ], [ -112.015185, 33.516785 ], [ -112.015034, 33.517071 ], [ -112.014929, 33.517093 ] ], [ [ -111.975904, 33.342912 ], [ -111.975694, 33.342912 ], [ -111.975439, 33.343468 ], [ -111.975569, 33.343513 ], [ -111.975989, 33.34366 ], [ -111.976356, 33.34361 ], [ -111.976638, 33.343302 ], [ -111.976985, 33.343345 ], [ -111.977319, 33.343297 ], [ -111.977476, 33.343165 ], [ -111.977633, 33.342835 ], [ -111.978098, 33.34252 ], [ -111.978203, 33.342256 ], [ -111.978143, 33.342081 ], [ -111.978013, 33.342103 ], [ -111.976795, 33.343016 ], [ -111.976323, 33.343038 ], [ -111.975904, 33.342912 ] ], [ [ -111.978144, 33.343995 ], [ -111.978085, 33.343643 ], [ -111.977928, 33.343511 ], [ -111.977745, 33.343449 ], [ -111.977509, 33.343472 ], [ -111.977378, 33.343581 ], [ -111.977325, 33.343649 ], [ -111.977332, 33.343912 ], [ -111.977804, 33.344281 ], [ -111.977804, 33.344501 ], [ -111.977942, 33.344631 ], [ -111.977998, 33.344639 ], [ -111.978256, 33.344676 ], [ -111.978387, 33.344566 ], [ -111.97838, 33.344412 ], [ -111.978144, 33.343995 ] ], [ [ -111.979486, 33.410399 ], [ -111.979512, 33.410289 ], [ -111.979453, 33.410047 ], [ -111.979374, 33.409959 ], [ -111.979059, 33.409987 ], [ -111.978935, 33.410119 ], [ -111.978988, 33.410404 ], [ -111.979101, 33.410499 ], [ -111.979145, 33.410536 ], [ -111.979339, 33.410516 ], [ -111.979405, 33.410507 ], [ -111.979486, 33.410399 ] ], [ [ -111.981085, 33.410694 ], [ -111.981138, 33.410651 ], [ -111.981138, 33.410519 ], [ -111.981059, 33.410387 ], [ -111.980797, 33.410327 ], [ -111.980371, 33.410063 ], [ -111.98024, 33.410063 ], [ -111.980115, 33.410128 ], [ -111.980115, 33.410459 ], [ -111.98022, 33.410569 ], [ -111.980831, 33.410707 ], [ -111.980876, 33.410717 ], [ -111.981085, 33.410694 ] ], [ [ -111.949926, 33.44865 ], [ -111.949959, 33.448765 ], [ -111.949953, 33.448848 ], [ -111.949992, 33.448886 ], [ -111.950038, 33.448869 ], [ -111.950084, 33.448749 ], [ -111.95013, 33.448694 ], [ -111.950097, 33.448594 ], [ -111.950149, 33.44854 ], [ -111.950182, 33.44854 ], [ -111.950333, 33.448687 ], [ -111.950392, 33.44865 ], [ -111.950379, 33.448577 ], [ -111.950444, 33.448435 ], [ -111.950379, 33.448358 ], [ -111.950333, 33.448314 ], [ -111.950221, 33.44827 ], [ -111.950116, 33.448276 ], [ -111.950025, 33.448363 ], [ -111.949926, 33.44865 ] ], [ [ -111.948359, 33.449969 ], [ -111.948379, 33.44988 ], [ -111.948359, 33.449755 ], [ -111.948477, 33.449623 ], [ -111.948497, 33.44954 ], [ -111.948543, 33.449502 ], [ -111.948687, 33.449523 ], [ -111.948733, 33.449485 ], [ -111.948687, 33.449342 ], [ -111.948707, 33.449264 ], [ -111.948608, 33.449101 ], [ -111.948569, 33.448957 ], [ -111.948621, 33.448853 ], [ -111.948733, 33.448749 ], [ -111.948759, 33.448617 ], [ -111.948096, 33.448121 ], [ -111.947952, 33.448287 ], [ -111.947841, 33.448298 ], [ -111.947808, 33.448324 ], [ -111.947775, 33.448424 ], [ -111.947657, 33.448452 ], [ -111.947526, 33.448435 ], [ -111.947441, 33.4486 ], [ -111.947316, 33.448633 ], [ -111.947146, 33.44865 ], [ -111.947119, 33.448661 ], [ -111.947132, 33.448704 ], [ -111.947342, 33.448726 ], [ -111.947585, 33.448765 ], [ -111.947696, 33.448842 ], [ -111.947611, 33.448969 ], [ -111.947644, 33.449227 ], [ -111.947513, 33.449309 ], [ -111.947644, 33.449408 ], [ -111.947651, 33.449491 ], [ -111.947585, 33.449584 ], [ -111.947618, 33.449627 ], [ -111.947651, 33.449638 ], [ -111.947821, 33.449491 ], [ -111.947893, 33.449557 ], [ -111.947913, 33.44965 ], [ -111.948038, 33.449787 ], [ -111.948038, 33.449837 ], [ -111.947966, 33.449925 ], [ -111.947966, 33.449975 ], [ -111.947998, 33.449997 ], [ -111.948116, 33.449975 ], [ -111.948149, 33.450007 ], [ -111.948044, 33.450184 ], [ -111.948064, 33.450228 ], [ -111.948103, 33.450243 ], [ -111.948215, 33.450156 ], [ -111.948359, 33.449969 ] ], [ [ -111.94485, 33.449672 ], [ -111.945008, 33.449871 ], [ -111.945191, 33.449865 ], [ -111.94527, 33.449821 ], [ -111.945296, 33.449689 ], [ -111.945106, 33.44943 ], [ -111.944896, 33.44943 ], [ -111.944844, 33.449497 ], [ -111.94485, 33.449672 ] ], [ [ -111.950529, 33.451086 ], [ -111.95055, 33.451037 ], [ -111.950573, 33.450982 ], [ -111.950634, 33.450825 ], [ -111.95083, 33.450635 ], [ -111.950986, 33.450435 ], [ -111.950974, 33.45033 ], [ -111.950897, 33.450273 ], [ -111.9509, 33.450153 ], [ -111.95102, 33.449933 ], [ -111.951121, 33.449929 ], [ -111.951082, 33.449856 ], [ -111.951039, 33.44979 ], [ -111.951121, 33.44962 ], [ -111.951171, 33.449481 ], [ -111.951047, 33.449385 ], [ -111.951012, 33.449288 ], [ -111.951094, 33.449145 ], [ -111.951094, 33.44908 ], [ -111.951005, 33.448968 ], [ -111.950831, 33.448858 ], [ -111.950664, 33.448958 ], [ -111.950692, 33.449219 ], [ -111.950777, 33.449327 ], [ -111.950715, 33.449365 ], [ -111.950769, 33.449574 ], [ -111.950711, 33.449636 ], [ -111.950665, 33.449875 ], [ -111.950626, 33.450164 ], [ -111.95053, 33.450311 ], [ -111.950538, 33.450435 ], [ -111.950541, 33.450589 ], [ -111.950449, 33.45074 ], [ -111.95031, 33.450794 ], [ -111.950152, 33.450875 ], [ -111.950013, 33.450875 ], [ -111.949908, 33.450917 ], [ -111.949918, 33.450947 ], [ -111.95002, 33.450944 ], [ -111.950227, 33.450908 ], [ -111.950364, 33.450908 ], [ -111.950414, 33.450956 ], [ -111.950428, 33.451037 ], [ -111.950423, 33.451089 ], [ -111.950529, 33.451086 ] ], [ [ -111.948267, 33.45208 ], [ -111.94832, 33.452025 ], [ -111.948386, 33.452002 ], [ -111.948432, 33.452047 ], [ -111.948497, 33.452047 ], [ -111.948661, 33.4518 ], [ -111.949068, 33.451509 ], [ -111.949074, 33.451338 ], [ -111.949048, 33.451228 ], [ -111.949146, 33.451172 ], [ -111.949238, 33.451161 ], [ -111.949363, 33.451256 ], [ -111.949396, 33.45125 ], [ -111.949428, 33.451129 ], [ -111.94952, 33.451051 ], [ -111.949415, 33.450673 ], [ -111.948871, 33.450871 ], [ -111.948696, 33.451034 ], [ -111.948372, 33.451338 ], [ -111.94834, 33.451388 ], [ -111.948359, 33.451503 ], [ -111.948307, 33.451563 ], [ -111.948195, 33.451613 ], [ -111.948241, 33.45169 ], [ -111.948235, 33.451729 ], [ -111.947999, 33.452053 ], [ -111.947808, 33.452212 ], [ -111.947802, 33.452261 ], [ -111.947848, 33.4523 ], [ -111.948228, 33.45224 ], [ -111.948267, 33.45208 ] ], [ [ -111.947074, 33.454175 ], [ -111.947153, 33.454158 ], [ -111.94733, 33.454054 ], [ -111.947605, 33.453955 ], [ -111.94771, 33.453895 ], [ -111.947737, 33.453862 ], [ -111.947704, 33.453614 ], [ -111.94773, 33.453525 ], [ -111.947822, 33.4534 ], [ -111.947809, 33.45318 ], [ -111.947854, 33.453103 ], [ -111.947999, 33.452993 ], [ -111.948084, 33.452889 ], [ -111.9475, 33.452498 ], [ -111.947303, 33.452636 ], [ -111.947251, 33.452757 ], [ -111.946995, 33.452883 ], [ -111.946737, 33.453133 ], [ -111.946875, 33.45312 ], [ -111.946916, 33.453166 ], [ -111.946967, 33.453274 ], [ -111.946729, 33.453688 ], [ -111.946851, 33.453625 ], [ -111.947113, 33.453432 ], [ -111.947382, 33.453362 ], [ -111.947441, 33.453417 ], [ -111.947422, 33.453477 ], [ -111.947304, 33.453636 ], [ -111.947251, 33.453856 ], [ -111.947153, 33.453994 ], [ -111.947054, 33.454027 ], [ -111.947008, 33.454076 ], [ -111.947022, 33.454137 ], [ -111.947074, 33.454175 ] ], [ [ -111.958001, 33.453398 ], [ -111.958132, 33.453421 ], [ -111.958158, 33.453377 ], [ -111.958132, 33.453223 ], [ -111.958027, 33.453113 ], [ -111.958001, 33.453003 ], [ -111.957844, 33.452981 ], [ -111.957817, 33.453046 ], [ -111.95785, 33.453684 ], [ -111.957903, 33.453727 ], [ -111.957955, 33.453716 ], [ -111.957981, 33.453705 ], [ -111.958001, 33.453398 ] ], [ [ -111.94512, 33.454318 ], [ -111.945225, 33.454372 ], [ -111.945402, 33.454593 ], [ -111.945559, 33.454445 ], [ -111.945644, 33.454428 ], [ -111.945723, 33.454516 ], [ -111.94571, 33.454621 ], [ -111.945651, 33.454714 ], [ -111.945539, 33.454824 ], [ -111.945572, 33.454867 ], [ -111.945644, 33.454879 ], [ -111.945703, 33.454867 ], [ -111.945756, 33.454813 ], [ -111.945946, 33.454489 ], [ -111.946169, 33.454251 ], [ -111.945788, 33.453674 ], [ -111.945592, 33.453564 ], [ -111.945546, 33.453576 ], [ -111.945415, 33.453659 ], [ -111.945402, 33.453752 ], [ -111.945257, 33.45384 ], [ -111.945087, 33.453868 ], [ -111.944851, 33.453812 ], [ -111.944805, 33.453829 ], [ -111.944772, 33.453862 ], [ -111.944831, 33.453994 ], [ -111.944785, 33.454048 ], [ -111.944641, 33.454104 ], [ -111.944352, 33.454099 ], [ -111.944326, 33.454148 ], [ -111.944385, 33.454273 ], [ -111.94447, 33.454318 ], [ -111.944641, 33.454302 ], [ -111.944739, 33.454406 ], [ -111.944805, 33.454379 ], [ -111.944831, 33.454394 ], [ -111.944831, 33.45451 ], [ -111.944857, 33.454521 ], [ -111.944897, 33.454478 ], [ -111.945054, 33.454335 ], [ -111.94512, 33.454318 ] ], [ [ -111.942955, 33.454093 ], [ -111.942955, 33.454154 ], [ -111.942962, 33.454186 ], [ -111.943054, 33.454247 ], [ -111.943296, 33.454319 ], [ -111.943434, 33.454396 ], [ -111.943559, 33.4544 ], [ -111.943591, 33.454461 ], [ -111.943565, 33.454549 ], [ -111.943605, 33.454593 ], [ -111.943664, 33.454599 ], [ -111.94409, 33.454493 ], [ -111.94388, 33.454071 ], [ -111.943388, 33.453955 ], [ -111.943224, 33.454065 ], [ -111.942995, 33.454044 ], [ -111.942955, 33.454093 ] ], [ [ -111.958264, 33.455554 ], [ -111.958212, 33.455531 ], [ -111.958107, 33.455554 ], [ -111.957825, 33.455883 ], [ -111.957856, 33.456122 ], [ -111.958008, 33.456038 ], [ -111.958238, 33.455708 ], [ -111.958264, 33.455554 ] ], [ [ -111.961367, 33.456432 ], [ -111.961531, 33.456493 ], [ -111.961544, 33.456483 ], [ -111.961708, 33.456361 ], [ -111.961786, 33.456031 ], [ -111.961649, 33.45581 ], [ -111.961517, 33.455789 ], [ -111.961393, 33.455883 ], [ -111.961472, 33.456052 ], [ -111.961472, 33.456207 ], [ -111.961367, 33.456432 ] ], [ [ -111.959681, 33.455806 ], [ -111.959497, 33.455806 ], [ -111.959399, 33.455938 ], [ -111.959294, 33.456311 ], [ -111.959248, 33.45695 ], [ -111.959465, 33.45706 ], [ -111.959537, 33.457047 ], [ -111.959589, 33.457037 ], [ -111.959642, 33.456576 ], [ -111.959714, 33.456443 ], [ -111.959871, 33.456268 ], [ -111.960029, 33.456241 ], [ -111.960081, 33.456175 ], [ -111.959681, 33.455806 ] ], [ [ -111.961564, 33.45713 ], [ -111.961616, 33.457504 ], [ -111.961653, 33.457551 ], [ -111.961669, 33.457571 ], [ -111.9618, 33.457571 ], [ -111.961905, 33.457175 ], [ -111.961819, 33.457065 ], [ -111.961688, 33.457065 ], [ -111.961564, 33.45713 ] ], [ [ -111.961768, 33.459308 ], [ -111.962391, 33.458863 ], [ -111.962443, 33.458753 ], [ -111.962417, 33.458621 ], [ -111.962207, 33.458599 ], [ -111.96182, 33.458911 ], [ -111.961715, 33.459131 ], [ -111.961505, 33.459308 ], [ -111.961564, 33.459594 ], [ -111.961617, 33.459638 ], [ -111.961774, 33.459594 ], [ -111.961768, 33.459308 ] ], [ [ -111.960522, 33.460617 ], [ -111.96051, 33.460561 ], [ -111.960469, 33.460352 ], [ -111.960338, 33.46033 ], [ -111.960286, 33.460375 ], [ -111.960282, 33.46044 ], [ -111.960266, 33.460727 ], [ -111.960319, 33.460903 ], [ -111.960476, 33.461035 ], [ -111.960535, 33.461035 ], [ -111.960581, 33.461035 ], [ -111.960633, 33.460941 ], [ -111.960633, 33.460771 ], [ -111.960522, 33.460617 ] ], [ [ -111.943743, 33.46107 ], [ -111.944058, 33.46107 ], [ -111.944051, 33.460915 ], [ -111.943736, 33.460915 ], [ -111.943743, 33.46107 ] ], [ [ -111.955227, 33.484358 ], [ -111.954893, 33.484495 ], [ -111.953896, 33.484544 ], [ -111.953633, 33.484726 ], [ -111.953371, 33.485034 ], [ -111.953351, 33.48521 ], [ -111.953404, 33.485276 ], [ -111.953719, 33.485359 ], [ -111.953902, 33.485337 ], [ -111.954526, 33.485023 ], [ -111.954972, 33.484648 ], [ -111.955339, 33.484644 ], [ -111.955601, 33.48471 ], [ -111.955654, 33.484665 ], [ -111.955628, 33.484512 ], [ -111.955516, 33.48438 ], [ -111.955286, 33.484362 ], [ -111.955227, 33.484358 ] ], [ [ -111.957065, 33.487727 ], [ -111.957072, 33.487926 ], [ -111.957046, 33.488058 ], [ -111.957079, 33.488217 ], [ -111.957138, 33.488261 ], [ -111.957168, 33.488266 ], [ -111.95721, 33.488272 ], [ -111.957295, 33.488255 ], [ -111.957367, 33.488177 ], [ -111.957394, 33.488079 ], [ -111.957367, 33.487721 ], [ -111.957439, 33.487485 ], [ -111.957426, 33.487254 ], [ -111.95738, 33.487172 ], [ -111.957367, 33.486991 ], [ -111.957308, 33.486941 ], [ -111.957216, 33.486958 ], [ -111.957164, 33.486995 ], [ -111.957098, 33.487133 ], [ -111.957151, 33.487535 ], [ -111.957065, 33.487727 ] ] ], [ [ [ -112.090147, 33.47383 ], [ -112.090023, 33.473716 ], [ -112.089981, 33.473706 ], [ -112.089865, 33.473677 ], [ -112.089767, 33.473694 ], [ -112.089596, 33.473771 ], [ -112.089393, 33.47393 ], [ -112.089373, 33.473809 ], [ -112.089439, 33.473688 ], [ -112.089564, 33.473573 ], [ -112.089701, 33.473556 ], [ -112.090187, 33.473655 ], [ -112.090298, 33.473781 ], [ -112.090311, 33.473847 ], [ -112.090285, 33.473902 ], [ -112.090233, 33.473957 ], [ -112.090147, 33.47383 ] ] ], [ [ [ -112.100907, 33.498926 ], [ -112.101045, 33.49886 ], [ -112.100737, 33.499045 ], [ -112.100729, 33.499029 ], [ -112.100907, 33.498926 ] ] ], [ [ [ -112.09999, 33.499453 ], [ -112.099896, 33.499505 ], [ -112.0998, 33.499557 ], [ -112.099896, 33.499464 ], [ -112.09999, 33.499453 ] ] ], [ [ [ -112.131395, 33.57022 ], [ -112.131342, 33.570132 ], [ -112.131474, 33.56989 ], [ -112.131736, 33.569868 ], [ -112.131841, 33.570066 ], [ -112.131789, 33.570198 ], [ -112.131657, 33.570286 ], [ -112.131469, 33.570239 ], [ -112.131395, 33.57022 ] ] ], [ [ [ -111.980325, 33.410217 ], [ -111.980377, 33.410217 ], [ -111.980508, 33.410348 ], [ -111.980482, 33.410437 ], [ -111.98043, 33.410437 ], [ -111.980299, 33.410305 ], [ -111.980325, 33.410217 ] ] ], [ [ [ -112.086224, 33.473744 ], [ -112.086159, 33.473788 ], [ -112.085975, 33.473821 ], [ -112.085892, 33.473859 ], [ -112.085798, 33.473903 ], [ -112.085575, 33.473892 ], [ -112.085509, 33.473843 ], [ -112.085477, 33.47375 ], [ -112.085509, 33.473629 ], [ -112.085608, 33.47354 ], [ -112.085739, 33.473529 ], [ -112.086093, 33.473627 ], [ -112.086224, 33.473744 ] ] ], [ [ [ -112.08669, 33.473968 ], [ -112.086776, 33.473953 ], [ -112.086867, 33.473968 ], [ -112.087471, 33.473968 ], [ -112.087628, 33.47399 ], [ -112.087812, 33.474083 ], [ -112.088002, 33.474227 ], [ -112.088396, 33.474787 ], [ -112.088436, 33.475046 ], [ -112.088587, 33.4752 ], [ -112.088816, 33.475364 ], [ -112.088954, 33.475507 ], [ -112.089, 33.475634 ], [ -112.088974, 33.475738 ], [ -112.088849, 33.475936 ], [ -112.08881, 33.475997 ], [ -112.088738, 33.475997 ], [ -112.088482, 33.475831 ], [ -112.088338, 33.475778 ], [ -112.087695, 33.475679 ], [ -112.087517, 33.475558 ], [ -112.087399, 33.475349 ], [ -112.08732, 33.474981 ], [ -112.087222, 33.474705 ], [ -112.087123, 33.474545 ], [ -112.086658, 33.474035 ], [ -112.08669, 33.473968 ] ] ], [ [ [ -111.953817, 33.485073 ], [ -111.953719, 33.485121 ], [ -111.953633, 33.485056 ], [ -111.953633, 33.484946 ], [ -111.953747, 33.484902 ], [ -111.953764, 33.484896 ], [ -111.953817, 33.484918 ], [ -111.953817, 33.485073 ] ] ], [ [ [ -112.054271, 33.498621 ], [ -112.054314, 33.498596 ], [ -112.054325, 33.498655 ], [ -112.054271, 33.498621 ] ] ], [ [ [ -112.16872, 33.598152 ], [ -112.16873, 33.598471 ], [ -112.168728, 33.598855 ], [ -112.16871, 33.600857 ], [ -112.168658, 33.603547 ], [ -112.168636, 33.605506 ], [ -112.168612, 33.607793 ], [ -112.168596, 33.608658 ], [ -112.168594, 33.608861 ], [ -112.168596, 33.609492 ], [ -112.168587, 33.609894 ], [ -112.16858, 33.610732 ], [ -112.168559, 33.61543 ], [ -112.168576, 33.615717 ], [ -112.168553, 33.616321 ], [ -112.16855, 33.616409 ], [ -112.168565, 33.616707 ], [ -112.168559, 33.61713 ], [ -112.168538, 33.617945 ], [ -112.168518, 33.619756 ], [ -112.168504, 33.621551 ], [ -112.168501, 33.621691 ], [ -112.168487, 33.623361 ], [ -112.168504, 33.623677 ], [ -112.168492, 33.625159 ], [ -112.168476, 33.62695 ], [ -112.168432, 33.628696 ], [ -112.168429, 33.629531 ], [ -112.168425, 33.630163 ], [ -112.168441, 33.63052 ], [ -112.16843, 33.63236 ], [ -112.168507, 33.633119 ], [ -112.168596, 33.633844 ], [ -112.168709, 33.634726 ], [ -112.169009, 33.636933 ], [ -112.169246, 33.638836 ], [ -112.169266, 33.63903 ], [ -112.169197, 33.64143 ], [ -112.169161, 33.643131 ], [ -112.169106, 33.645559 ], [ -112.169087, 33.647238 ], [ -112.16906, 33.648706 ], [ -112.169027, 33.650851 ], [ -112.168955, 33.654507 ], [ -112.169023, 33.656474 ], [ -112.169059, 33.657648 ], [ -112.169087, 33.658503 ], [ -112.169118, 33.659484 ], [ -112.169133, 33.659943 ], [ -112.169157, 33.66068 ], [ -112.16917, 33.6612 ], [ -112.169179, 33.661331 ], [ -112.169181, 33.661399 ], [ -112.169194, 33.661856 ], [ -112.169195, 33.661889 ], [ -112.169202, 33.662093 ], [ -112.169224, 33.662709 ], [ -112.16923, 33.6629 ], [ -112.169246, 33.663372 ], [ -112.169254, 33.663598 ], [ -112.169279, 33.664355 ], [ -112.169296, 33.664885 ], [ -112.169315, 33.665457 ], [ -112.169367, 33.667003 ], [ -112.169374, 33.667213 ], [ -112.169394, 33.667835 ], [ -112.16941, 33.668293 ], [ -112.169418, 33.668515 ], [ -112.169432, 33.668975 ], [ -112.169441, 33.66948 ], [ -112.169455, 33.670261 ], [ -112.169383, 33.670265 ], [ -112.169334, 33.670262 ], [ -112.169238, 33.67026 ], [ -112.169243, 33.670476 ], [ -112.169252, 33.671167 ], [ -112.169282, 33.673336 ], [ -112.169293, 33.674067 ], [ -112.169303, 33.674781 ], [ -112.169344, 33.676248 ], [ -112.169392, 33.678926 ], [ -112.169401, 33.679455 ], [ -112.169414, 33.680218 ], [ -112.16944, 33.681678 ], [ -112.169472, 33.6835 ], [ -112.169581, 33.683499 ], [ -112.169529, 33.690813 ], [ -112.169631, 33.69525 ], [ -112.169657, 33.696458 ], [ -112.169683, 33.697546 ], [ -112.169686, 33.697769 ], [ -112.171538, 33.697777 ], [ -112.171868, 33.697791 ], [ -112.172683, 33.697806 ], [ -112.175815, 33.697786 ], [ -112.177387, 33.697742 ], [ -112.177514, 33.697737 ], [ -112.177642, 33.697728 ], [ -112.177769, 33.697716 ], [ -112.177901, 33.6977 ], [ -112.178021, 33.697682 ], [ -112.178115, 33.697665 ], [ -112.178209, 33.697646 ], [ -112.178302, 33.697624 ], [ -112.178359, 33.697609 ], [ -112.178418, 33.697592 ], [ -112.178446, 33.697584 ], [ -112.178478, 33.697575 ], [ -112.178562, 33.697547 ], [ -112.178686, 33.697502 ], [ -112.17875, 33.697477 ], [ -112.178811, 33.697579 ], [ -112.178879, 33.697696 ], [ -112.178907, 33.697742 ], [ -112.178914, 33.697753 ], [ -112.178963, 33.697836 ], [ -112.178964, 33.697919 ], [ -112.179036, 33.697919 ], [ -112.17967, 33.697915 ], [ -112.179939, 33.697913 ], [ -112.184199, 33.697886 ], [ -112.186913, 33.69787 ], [ -112.191131, 33.697832 ], [ -112.193122, 33.697815 ], [ -112.194315, 33.697804 ], [ -112.195351, 33.697789 ], [ -112.19557, 33.697786 ], [ -112.195802, 33.697783 ], [ -112.197178, 33.697777 ], [ -112.197547, 33.697778 ], [ -112.198331, 33.69778 ], [ -112.198537, 33.69778 ], [ -112.198654, 33.69778 ], [ -112.198977, 33.697777 ], [ -112.199649, 33.69777 ], [ -112.199807, 33.697766 ], [ -112.200021, 33.69776 ], [ -112.200728, 33.697748 ], [ -112.200907, 33.697739 ], [ -112.20158, 33.697736 ], [ -112.201933, 33.697735 ], [ -112.202879, 33.697724 ], [ -112.20288, 33.697792 ], [ -112.202878, 33.69786 ], [ -112.20288, 33.697907 ], [ -112.202881, 33.698122 ], [ -112.202886, 33.699808 ], [ -112.202882, 33.699922 ], [ -112.202888, 33.701356 ], [ -112.202891, 33.70174 ], [ -112.202891, 33.701856 ], [ -112.202897, 33.702873 ], [ -112.202897, 33.703584 ], [ -112.202897, 33.704057 ], [ -112.202903, 33.705428 ], [ -112.202906, 33.705622 ], [ -112.202899, 33.707298 ], [ -112.202908, 33.707819 ], [ -112.202911, 33.708217 ], [ -112.202917, 33.709726 ], [ -112.20292, 33.710834 ], [ -112.202914, 33.710924 ], [ -112.202922, 33.712041 ], [ -112.203133, 33.712038 ], [ -112.203249, 33.71204 ], [ -112.203319, 33.71204 ], [ -112.203319, 33.712153 ], [ -112.203319, 33.712215 ], [ -112.20332, 33.712293 ], [ -112.203327, 33.714439 ], [ -112.203331, 33.715154 ], [ -112.203334, 33.715447 ], [ -112.20334, 33.718071 ], [ -112.203344, 33.71896 ], [ -112.203345, 33.71968 ], [ -112.20334, 33.720383 ], [ -112.20335, 33.720881 ], [ -112.203353, 33.72119 ], [ -112.203362, 33.722786 ], [ -112.203369, 33.724543 ], [ -112.203367, 33.724974 ], [ -112.203437, 33.724974 ], [ -112.203437, 33.725037 ], [ -112.203438, 33.725178 ], [ -112.203451, 33.726268 ], [ -112.203483, 33.729239 ], [ -112.203517, 33.732276 ], [ -112.203535, 33.739498 ], [ -112.203357, 33.739498 ], [ -112.203354, 33.739635 ], [ -112.203356, 33.740589 ], [ -112.203359, 33.742458 ], [ -112.203359, 33.743167 ], [ -112.203362, 33.74489 ], [ -112.203364, 33.746236 ], [ -112.203364, 33.74685 ], [ -112.203366, 33.747616 ], [ -112.203363, 33.748354 ], [ -112.203366, 33.748438 ], [ -112.203406, 33.748551 ], [ -112.203417, 33.748579 ], [ -112.203462, 33.748749 ], [ -112.203569, 33.749354 ], [ -112.203591, 33.749678 ], [ -112.203578, 33.75006 ], [ -112.203583, 33.750316 ], [ -112.203588, 33.75037 ], [ -112.203588, 33.750393 ], [ -112.203583, 33.750465 ], [ -112.203584, 33.751086 ], [ -112.203551, 33.751057 ], [ -112.203552, 33.751328 ], [ -112.203547, 33.751338 ], [ -112.203551, 33.751448 ], [ -112.203551, 33.751573 ], [ -112.203552, 33.751809 ], [ -112.20354, 33.7519 ], [ -112.203561, 33.752023 ], [ -112.203545, 33.75727 ], [ -112.203565, 33.761303 ], [ -112.204304, 33.761309 ], [ -112.206037, 33.761316 ], [ -112.213848, 33.761347 ], [ -112.214052, 33.761349 ], [ -112.214222, 33.761349 ], [ -112.214306, 33.761348 ], [ -112.214355, 33.761393 ], [ -112.214439, 33.761469 ], [ -112.21459, 33.76161 ], [ -112.214998, 33.761966 ], [ -112.215277, 33.762223 ], [ -112.215566, 33.762501 ], [ -112.216059, 33.763014 ], [ -112.216378, 33.763359 ], [ -112.216713, 33.763765 ], [ -112.217039, 33.764179 ], [ -112.217114, 33.764279 ], [ -112.217305, 33.764501 ], [ -112.217529, 33.764854 ], [ -112.217593, 33.76495 ], [ -112.21772, 33.76514 ], [ -112.217819, 33.765308 ], [ -112.217852, 33.76536 ], [ -112.217902, 33.76544 ], [ -112.218118, 33.765777 ], [ -112.218248, 33.766015 ], [ -112.21877, 33.767003 ], [ -112.219289, 33.767942 ], [ -112.219834, 33.768949 ], [ -112.220352, 33.76989 ], [ -112.220671, 33.770479 ], [ -112.220717, 33.77054 ], [ -112.220779, 33.770686 ], [ -112.220994, 33.771205 ], [ -112.22228, 33.771753 ], [ -112.223408, 33.772228 ], [ -112.223898, 33.772432 ], [ -112.224509, 33.772691 ], [ -112.225214, 33.77299 ], [ -112.226007, 33.773328 ], [ -112.226544, 33.773554 ], [ -112.226553, 33.77356 ], [ -112.226672, 33.774045 ], [ -112.22646, 33.774345 ], [ -112.225862, 33.77469 ], [ -112.225252, 33.775041 ], [ -112.225138, 33.775224 ], [ -112.225187, 33.775375 ], [ -112.225201, 33.775435 ], [ -112.225205, 33.77552 ], [ -112.225009, 33.776193 ], [ -112.224853, 33.776418 ], [ -112.224809, 33.776774 ], [ -112.224851, 33.777202 ], [ -112.224856, 33.777252 ], [ -112.225083, 33.777916 ], [ -112.224949, 33.778216 ], [ -112.224782, 33.778488 ], [ -112.224547, 33.778797 ], [ -112.224449, 33.778906 ], [ -112.224302, 33.77907 ], [ -112.224267, 33.779239 ], [ -112.224214, 33.779491 ], [ -112.224013, 33.779791 ], [ -112.223901, 33.780016 ], [ -112.223711, 33.780204 ], [ -112.223376, 33.780345 ], [ -112.223123, 33.780694 ], [ -112.222991, 33.78088 ], [ -112.222699, 33.781805 ], [ -112.22249, 33.78245 ], [ -112.222453, 33.782531 ], [ -112.222244, 33.782766 ], [ -112.221996, 33.783065 ], [ -112.221666, 33.783712 ], [ -112.221629, 33.783894 ], [ -112.221557, 33.784205 ], [ -112.221375, 33.785006 ], [ -112.221274, 33.785593 ], [ -112.221194, 33.786053 ], [ -112.220756, 33.78744 ], [ -112.220586, 33.787722 ], [ -112.220418, 33.788009 ], [ -112.220279, 33.788242 ], [ -112.220133, 33.788588 ], [ -112.220125, 33.788607 ], [ -112.220096, 33.788674 ], [ -112.220098, 33.789105 ], [ -112.22012, 33.789214 ], [ -112.220248, 33.789843 ], [ -112.220435, 33.790366 ], [ -112.220412, 33.790906 ], [ -112.220405, 33.791077 ], [ -112.220401, 33.791198 ], [ -112.220219, 33.791906 ], [ -112.219936, 33.792251 ], [ -112.219803, 33.792408 ], [ -112.219669, 33.79257 ], [ -112.219523, 33.79278 ], [ -112.219116, 33.793387 ], [ -112.219156, 33.794249 ], [ -112.219149, 33.794434 ], [ -112.219123, 33.795122 ], [ -112.219123, 33.795142 ], [ -112.219275, 33.796528 ], [ -112.219262, 33.797011 ], [ -112.219253, 33.79719 ], [ -112.219253, 33.797426 ], [ -112.219243, 33.797668 ], [ -112.219274, 33.798302 ], [ -112.21928, 33.79848 ], [ -112.219313, 33.798946 ], [ -112.219329, 33.799046 ], [ -112.219333, 33.799068 ], [ -112.219455, 33.799421 ], [ -112.219599, 33.799893 ], [ -112.2196, 33.800103 ], [ -112.219601, 33.800517 ], [ -112.21938, 33.80109 ], [ -112.219257, 33.801425 ], [ -112.21914, 33.801731 ], [ -112.218678, 33.802507 ], [ -112.218495, 33.802764 ], [ -112.218316, 33.803014 ], [ -112.218129, 33.803289 ], [ -112.217995, 33.803487 ], [ -112.217835, 33.804077 ], [ -112.217736, 33.804482 ], [ -112.217727, 33.804605 ], [ -112.217716, 33.804751 ], [ -112.217535, 33.804906 ], [ -112.217462, 33.804964 ], [ -112.217587, 33.804965 ], [ -112.217678, 33.804965 ], [ -112.218814, 33.80496 ], [ -112.220399, 33.804955 ], [ -112.220839, 33.804962 ], [ -112.221147, 33.804961 ], [ -112.222008, 33.804978 ], [ -112.226814, 33.805098 ], [ -112.233824, 33.805258 ], [ -112.233885, 33.808815 ], [ -112.236354, 33.808819 ], [ -112.236705, 33.808819 ], [ -112.23823, 33.808824 ], [ -112.238428, 33.812383 ], [ -112.238538, 33.812382 ], [ -112.239216, 33.812378 ], [ -112.239597, 33.812385 ], [ -112.239993, 33.812824 ], [ -112.240069, 33.812911 ], [ -112.243295, 33.816484 ], [ -112.250234, 33.824165 ], [ -112.250927, 33.824934 ], [ -112.251206, 33.825246 ], [ -112.251279, 33.825325 ], [ -112.251557, 33.825635 ], [ -112.252635, 33.826828 ], [ -112.252688, 33.826884 ], [ -112.252636, 33.826883 ], [ -112.251967, 33.826881 ], [ -112.250531, 33.826874 ], [ -112.250084, 33.826872 ], [ -112.25004, 33.826872 ], [ -112.249924, 33.826871 ], [ -112.249329, 33.826865 ], [ -112.242623, 33.826835 ], [ -112.238835, 33.826817 ], [ -112.237336, 33.826816 ], [ -112.236573, 33.826812 ], [ -112.236545, 33.826812 ], [ -112.235775, 33.826815 ], [ -112.235572, 33.827617 ], [ -112.235499, 33.827616 ], [ -112.221622, 33.827387 ], [ -112.220852, 33.827374 ], [ -112.217268, 33.827313 ], [ -112.217283, 33.82686 ], [ -112.216661, 33.826856 ], [ -112.216662, 33.824758 ], [ -112.216679, 33.8202 ], [ -112.216672, 33.819594 ], [ -112.210831, 33.81957 ], [ -112.207964, 33.819549 ], [ -112.207959, 33.82316 ], [ -112.208717, 33.823148 ], [ -112.214814, 33.823158 ], [ -112.214811, 33.823652 ], [ -112.214818, 33.825268 ], [ -112.214811, 33.82712 ], [ -112.21653, 33.827122 ], [ -112.216512, 33.827636 ], [ -112.220811, 33.827726 ], [ -112.2216, 33.827742 ], [ -112.23547, 33.828021 ], [ -112.235352, 33.828488 ], [ -112.235271, 33.8288 ], [ -112.235021, 33.829788 ], [ -112.234954, 33.830071 ], [ -112.234825, 33.830575 ], [ -112.23459, 33.831535 ], [ -112.234445, 33.832099 ], [ -112.234077, 33.833567 ], [ -112.23394, 33.834128 ], [ -112.233889, 33.834318 ], [ -112.233705, 33.835061 ], [ -112.233472, 33.836006 ], [ -112.233426, 33.836199 ], [ -112.233233, 33.837004 ], [ -112.233104, 33.837521 ], [ -112.23307, 33.837672 ], [ -112.233, 33.837944 ], [ -112.232488, 33.840066 ], [ -112.232218, 33.841161 ], [ -112.23214, 33.841472 ], [ -112.232092, 33.841634 ], [ -112.232026, 33.841796 ], [ -112.231947, 33.841951 ], [ -112.231863, 33.842087 ], [ -112.231757, 33.84223 ], [ -112.231624, 33.842381 ], [ -112.23151, 33.84249 ], [ -112.231342, 33.842631 ], [ -112.231183, 33.842746 ], [ -112.23098, 33.842868 ], [ -112.230774, 33.842971 ], [ -112.230629, 33.84303 ], [ -112.230429, 33.843098 ], [ -112.2302, 33.843157 ], [ -112.230029, 33.84319 ], [ -112.229791, 33.84322 ], [ -112.22957, 33.843231 ], [ -112.229434, 33.843229 ], [ -112.229239, 33.843216 ], [ -112.229023, 33.843191 ], [ -112.22893, 33.843177 ], [ -112.228751, 33.843136 ], [ -112.228558, 33.843082 ], [ -112.228365, 33.843016 ], [ -112.22588, 33.842021 ], [ -112.224014, 33.841278 ], [ -112.222013, 33.840475 ], [ -112.22159, 33.840309 ], [ -112.221235, 33.84017 ], [ -112.221047, 33.840109 ], [ -112.220958, 33.840086 ], [ -112.220941, 33.840083 ], [ -112.220968, 33.843519 ], [ -112.221015, 33.848751 ], [ -112.221046, 33.851932 ], [ -112.221045, 33.852095 ], [ -112.221077, 33.856448 ], [ -112.221049, 33.86125 ], [ -112.22105, 33.861675 ], [ -112.221048, 33.86204 ], [ -112.220994, 33.872543 ], [ -112.220994, 33.873333 ], [ -112.220988, 33.873984 ], [ -112.219037, 33.873969 ], [ -112.211365, 33.873907 ], [ -112.210709, 33.8739 ], [ -112.210585, 33.873985 ], [ -112.21033, 33.874157 ], [ -112.210314, 33.874177 ], [ -112.210291, 33.874231 ], [ -112.211085, 33.874255 ], [ -112.211841, 33.87426 ], [ -112.219008, 33.87432 ], [ -112.220425, 33.874332 ], [ -112.220984, 33.874339 ], [ -112.22097, 33.87576 ], [ -112.220957, 33.878311 ], [ -112.220948, 33.879815 ], [ -112.220953, 33.879979 ], [ -112.220951, 33.880043 ], [ -112.220943, 33.880086 ], [ -112.220946, 33.881516 ], [ -112.220959, 33.883229 ], [ -112.220921, 33.884925 ], [ -112.220982, 33.889373 ], [ -112.221062, 33.895277 ], [ -112.221107, 33.898614 ], [ -112.221088, 33.899252 ], [ -112.220824, 33.899267 ], [ -112.220801, 33.901542 ], [ -112.220692, 33.913711 ], [ -112.216092, 33.913727 ], [ -112.203617, 33.913766 ], [ -112.203584, 33.914905 ], [ -112.203543, 33.916399 ], [ -112.203537, 33.918346 ], [ -112.203299, 33.918348 ], [ -112.200848, 33.918351 ], [ -112.194402, 33.918357 ], [ -112.192995, 33.918358 ], [ -112.192713, 33.918358 ], [ -112.192036, 33.918358 ], [ -112.191041, 33.918359 ], [ -112.182446, 33.918366 ], [ -112.18139, 33.918367 ], [ -112.180102, 33.918368 ], [ -112.177244, 33.918371 ], [ -112.176986, 33.918372 ], [ -112.174275, 33.918373 ], [ -112.173128, 33.918374 ], [ -112.171646, 33.918372 ], [ -112.171025, 33.918376 ], [ -112.164572, 33.918381 ], [ -112.158773, 33.918386 ], [ -112.156085, 33.918387 ], [ -112.1523, 33.918391 ], [ -112.152281, 33.918158 ], [ -112.152262, 33.918007 ], [ -112.15219, 33.917667 ], [ -112.15219, 33.917649 ], [ -112.152203, 33.9176 ], [ -112.152243, 33.917529 ], [ -112.152255, 33.917483 ], [ -112.152249, 33.917436 ], [ -112.152211, 33.917366 ], [ -112.152196, 33.917273 ], [ -112.152181, 33.917031 ], [ -112.152166, 33.916967 ], [ -112.152147, 33.916578 ], [ -112.152137, 33.91645 ], [ -112.152164, 33.915725 ], [ -112.152158, 33.915471 ], [ -112.152165, 33.915204 ], [ -112.152156, 33.914774 ], [ -112.152149, 33.914677 ], [ -112.15204, 33.914687 ], [ -112.151997, 33.914694 ], [ -112.15166, 33.914702 ], [ -112.150623, 33.914707 ], [ -112.150409, 33.914703 ], [ -112.150304, 33.914697 ], [ -112.150122, 33.914676 ], [ -112.147853, 33.914698 ], [ -112.14587, 33.91471 ], [ -112.145716, 33.914705 ], [ -112.145717, 33.91356 ], [ -112.145717, 33.912647 ], [ -112.145717, 33.911081 ], [ -112.145857, 33.911083 ], [ -112.14596, 33.911084 ], [ -112.147929, 33.911084 ], [ -112.147923, 33.910897 ], [ -112.147929, 33.909391 ], [ -112.147946, 33.908854 ], [ -112.147969, 33.907693 ], [ -112.14797, 33.907635 ], [ -112.147984, 33.907598 ], [ -112.148017, 33.907556 ], [ -112.148065, 33.907527 ], [ -112.148118, 33.907512 ], [ -112.148968, 33.907512 ], [ -112.149279, 33.907512 ], [ -112.149621, 33.907522 ], [ -112.151265, 33.907518 ], [ -112.151451, 33.907515 ], [ -112.151777, 33.907497 ], [ -112.152142, 33.907507 ], [ -112.152185, 33.907517 ], [ -112.152268, 33.907547 ], [ -112.152261, 33.906662 ], [ -112.152263, 33.905666 ], [ -112.15225, 33.905447 ], [ -112.152245, 33.905048 ], [ -112.152256, 33.904488 ], [ -112.152284, 33.904115 ], [ -112.152275, 33.903907 ], [ -112.152295, 33.903769 ], [ -112.152359, 33.903493 ], [ -112.152417, 33.903289 ], [ -112.15244, 33.903225 ], [ -112.152484, 33.903139 ], [ -112.152514, 33.903078 ], [ -112.152558, 33.902946 ], [ -112.152582, 33.90282 ], [ -112.15259, 33.902696 ], [ -112.152583, 33.902569 ], [ -112.152559, 33.902444 ], [ -112.152497, 33.902251 ], [ -112.152397, 33.90205 ], [ -112.152343, 33.901913 ], [ -112.152333, 33.901863 ], [ -112.152321, 33.901697 ], [ -112.15232, 33.901517 ], [ -112.152314, 33.901038 ], [ -112.152312, 33.900839 ], [ -112.152311, 33.900756 ], [ -112.152296, 33.900453 ], [ -112.15256, 33.900285 ], [ -112.153238, 33.900307 ], [ -112.160876, 33.900231 ], [ -112.160875, 33.899637 ], [ -112.16088, 33.899593 ], [ -112.160873, 33.898662 ], [ -112.160876, 33.897755 ], [ -112.16087, 33.897609 ], [ -112.160924, 33.892958 ], [ -112.159693, 33.892953 ], [ -112.156489, 33.892937 ], [ -112.155395, 33.892931 ], [ -112.154751, 33.892929 ], [ -112.154407, 33.89293 ], [ -112.152361, 33.89292 ], [ -112.149159, 33.892901 ], [ -112.148135, 33.892896 ], [ -112.147657, 33.892895 ], [ -112.147434, 33.892893 ], [ -112.147078, 33.892891 ], [ -112.146867, 33.89289 ], [ -112.146762, 33.892925 ], [ -112.146603, 33.894846 ], [ -112.146554, 33.895417 ], [ -112.14646, 33.896544 ], [ -112.146454, 33.896566 ], [ -112.14627, 33.897175 ], [ -112.146126, 33.897655 ], [ -112.14586, 33.898552 ], [ -112.145559, 33.899532 ], [ -112.14559, 33.900087 ], [ -112.143557, 33.90009 ], [ -112.143543, 33.89859 ], [ -112.14353, 33.897558 ], [ -112.143473, 33.892575 ], [ -112.143525, 33.892555 ], [ -112.143528, 33.891843 ], [ -112.143526, 33.890756 ], [ -112.143526, 33.889723 ], [ -112.143528, 33.889069 ], [ -112.143508, 33.888414 ], [ -112.143553, 33.887025 ], [ -112.143565, 33.887022 ], [ -112.143585, 33.885637 ], [ -112.144431, 33.885642 ], [ -112.144947, 33.885635 ], [ -112.145028, 33.885634 ], [ -112.145274, 33.885631 ], [ -112.145273, 33.884678 ], [ -112.145273, 33.883935 ], [ -112.145273, 33.883924 ], [ -112.143093, 33.883929 ], [ -112.143092, 33.883881 ], [ -112.143091, 33.883851 ], [ -112.143131, 33.88385 ], [ -112.143521, 33.883845 ], [ -112.143523, 33.882479 ], [ -112.143525, 33.881687 ], [ -112.143471, 33.879561 ], [ -112.143462, 33.878411 ], [ -112.144364, 33.878424 ], [ -112.144429, 33.878423 ], [ -112.144827, 33.878422 ], [ -112.144873, 33.878422 ], [ -112.145595, 33.878421 ], [ -112.145706, 33.878421 ], [ -112.146645, 33.87842 ], [ -112.146686, 33.878746 ], [ -112.146937, 33.880987 ], [ -112.146959, 33.881201 ], [ -112.147164, 33.8812 ], [ -112.147522, 33.881201 ], [ -112.147745, 33.881202 ], [ -112.151016, 33.881207 ], [ -112.152012, 33.881181 ], [ -112.152007, 33.878959 ], [ -112.152007, 33.878123 ], [ -112.149209, 33.87812 ], [ -112.147586, 33.878117 ], [ -112.147395, 33.878113 ], [ -112.147379, 33.877978 ], [ -112.147335, 33.877619 ], [ -112.147317, 33.877471 ], [ -112.147189, 33.876367 ], [ -112.14714, 33.875947 ], [ -112.147128, 33.87584 ], [ -112.147087, 33.875443 ], [ -112.146962, 33.87435 ], [ -112.146941, 33.874017 ], [ -112.146944, 33.873761 ], [ -112.146963, 33.873486 ], [ -112.146994, 33.873244 ], [ -112.147046, 33.872978 ], [ -112.147424, 33.871564 ], [ -112.147547, 33.871085 ], [ -112.147604, 33.870973 ], [ -112.147603, 33.870874 ], [ -112.147607, 33.870587 ], [ -112.147083, 33.870007 ], [ -112.146926, 33.869834 ], [ -112.14682, 33.869718 ], [ -112.146712, 33.869533 ], [ -112.146646, 33.869261 ], [ -112.146335, 33.868217 ], [ -112.146216, 33.867761 ], [ -112.145965, 33.866667 ], [ -112.145818, 33.86586 ], [ -112.145743, 33.865359 ], [ -112.145733, 33.865274 ], [ -112.145639, 33.864468 ], [ -112.145625, 33.864346 ], [ -112.145575, 33.863921 ], [ -112.145699, 33.863929 ], [ -112.145875, 33.863941 ], [ -112.145871, 33.863918 ], [ -112.147127, 33.863918 ], [ -112.148383, 33.863914 ], [ -112.150351, 33.863911 ], [ -112.152016, 33.86391 ], [ -112.152029, 33.86391 ], [ -112.152222, 33.863909 ], [ -112.152237, 33.858271 ], [ -112.152241, 33.856657 ], [ -112.152248, 33.854079 ], [ -112.152237, 33.854019 ], [ -112.152268, 33.851836 ], [ -112.152325, 33.849052 ], [ -112.152409, 33.84469 ], [ -112.152415, 33.844217 ], [ -112.152428, 33.843856 ], [ -112.152395, 33.843603 ], [ -112.152402, 33.843295 ], [ -112.152369, 33.843081 ], [ -112.152257, 33.842651 ], [ -112.152259, 33.842385 ], [ -112.152263, 33.842053 ], [ -112.152269, 33.841987 ], [ -112.152263, 33.841816 ], [ -112.152257, 33.841796 ], [ -112.152261, 33.840467 ], [ -112.152263, 33.840285 ], [ -112.152277, 33.828967 ], [ -112.152279, 33.827992 ], [ -112.152274, 33.827668 ], [ -112.152274, 33.826674 ], [ -112.152277, 33.826048 ], [ -112.152277, 33.825567 ], [ -112.152278, 33.825011 ], [ -112.152281, 33.823639 ], [ -112.152278, 33.823384 ], [ -112.152277, 33.82329 ], [ -112.152276, 33.822339 ], [ -112.150819, 33.822616 ], [ -112.150774, 33.822612 ], [ -112.150101, 33.822298 ], [ -112.150002, 33.822251 ], [ -112.149968, 33.8222 ], [ -112.149912, 33.82214 ], [ -112.149831, 33.822083 ], [ -112.149739, 33.822045 ], [ -112.149719, 33.822058 ], [ -112.1495, 33.821994 ], [ -112.149352, 33.821903 ], [ -112.149153, 33.821717 ], [ -112.148965, 33.82161 ], [ -112.148651, 33.821378 ], [ -112.148611, 33.821352 ], [ -112.148569, 33.82132 ], [ -112.148497, 33.821266 ], [ -112.146913, 33.82101 ], [ -112.146837, 33.820999 ], [ -112.14683, 33.820982 ], [ -112.14672, 33.82064 ], [ -112.146656, 33.820494 ], [ -112.145709, 33.820704 ], [ -112.1456, 33.82072 ], [ -112.145723, 33.821708 ], [ -112.146114, 33.826171 ], [ -112.146136, 33.826424 ], [ -112.1461, 33.827437 ], [ -112.146114, 33.827631 ], [ -112.146134, 33.82766 ], [ -112.146041, 33.827661 ], [ -112.144637, 33.827659 ], [ -112.144607, 33.827536 ], [ -112.144425, 33.826853 ], [ -112.144375, 33.82666 ], [ -112.144222, 33.826152 ], [ -112.144162, 33.825955 ], [ -112.14409, 33.825718 ], [ -112.144023, 33.825515 ], [ -112.143806, 33.824882 ], [ -112.143721, 33.824638 ], [ -112.143584, 33.824258 ], [ -112.143428, 33.823827 ], [ -112.143307, 33.823493 ], [ -112.143101, 33.822922 ], [ -112.142982, 33.822592 ], [ -112.142866, 33.822272 ], [ -112.142719, 33.82172 ], [ -112.142583, 33.821206 ], [ -112.142536, 33.820921 ], [ -112.142392, 33.82001 ], [ -112.142366, 33.819843 ], [ -112.142326, 33.819722 ], [ -112.142271, 33.81958 ], [ -112.142088, 33.819275 ], [ -112.141773, 33.818752 ], [ -112.141581, 33.818433 ], [ -112.141355, 33.817932 ], [ -112.141147, 33.817469 ], [ -112.141065, 33.817257 ], [ -112.140928, 33.8169 ], [ -112.140688, 33.816247 ], [ -112.140433, 33.815542 ], [ -112.140124, 33.814689 ], [ -112.139926, 33.814141 ], [ -112.139807, 33.813809 ], [ -112.139699, 33.813502 ], [ -112.139561, 33.813111 ], [ -112.139436, 33.81274 ], [ -112.139304, 33.812741 ], [ -112.139199, 33.812741 ], [ -112.13908, 33.812743 ], [ -112.138712, 33.812746 ], [ -112.138034, 33.81276 ], [ -112.136402, 33.812797 ], [ -112.134967, 33.81282 ], [ -112.134562, 33.812838 ], [ -112.13444, 33.812838 ], [ -112.134292, 33.812839 ], [ -112.132808, 33.812845 ], [ -112.131023, 33.812853 ], [ -112.130673, 33.812855 ], [ -112.130603, 33.812855 ], [ -112.130401, 33.812854 ], [ -112.129082, 33.812851 ], [ -112.129062, 33.81285 ], [ -112.128092, 33.812855 ], [ -112.126193, 33.812868 ], [ -112.125232, 33.812868 ], [ -112.124044, 33.81288 ], [ -112.123424, 33.812888 ], [ -112.121853, 33.812908 ], [ -112.12112, 33.812917 ], [ -112.120297, 33.81293 ], [ -112.120233, 33.812929 ], [ -112.119093, 33.812942 ], [ -112.117525, 33.812964 ], [ -112.117517, 33.81418 ], [ -112.117532, 33.815342 ], [ -112.117523, 33.815602 ], [ -112.117524, 33.816083 ], [ -112.117525, 33.816432 ], [ -112.117519, 33.81793 ], [ -112.11752, 33.818622 ], [ -112.117518, 33.820211 ], [ -112.117511, 33.820449 ], [ -112.117508, 33.821063 ], [ -112.117493, 33.823984 ], [ -112.117492, 33.824049 ], [ -112.117491, 33.824301 ], [ -112.117483, 33.825706 ], [ -112.117498, 33.825886 ], [ -112.117503, 33.826511 ], [ -112.117501, 33.827681 ], [ -112.117315, 33.827685 ], [ -112.115969, 33.827681 ], [ -112.114857, 33.827668 ], [ -112.114069, 33.827674 ], [ -112.113522, 33.827673 ], [ -112.113155, 33.827681 ], [ -112.112725, 33.827675 ], [ -112.112393, 33.827671 ], [ -112.111742, 33.827667 ], [ -112.110846, 33.827687 ], [ -112.110727, 33.82768 ], [ -112.110511, 33.827675 ], [ -112.110077, 33.827694 ], [ -112.109448, 33.827684 ], [ -112.109155, 33.827671 ], [ -112.109073, 33.827678 ], [ -112.108722, 33.827675 ], [ -112.108714, 33.827653 ], [ -112.108638, 33.827652 ], [ -112.107657, 33.8276 ], [ -112.107086, 33.827569 ], [ -112.106859, 33.82753 ], [ -112.106158, 33.827526 ], [ -112.105875, 33.827648 ], [ -112.105557, 33.827667 ], [ -112.105188, 33.827667 ], [ -112.10439, 33.827654 ], [ -112.104125, 33.827653 ], [ -112.103856, 33.827652 ], [ -112.103162, 33.827665 ], [ -112.1019, 33.827675 ], [ -112.100525, 33.82767 ], [ -112.100154, 33.82768 ], [ -112.100145, 33.827472 ], [ -112.10015, 33.82742 ], [ -112.100146, 33.826018 ], [ -112.100147, 33.825901 ], [ -112.100154, 33.824928 ], [ -112.100149, 33.824763 ], [ -112.100155, 33.824256 ], [ -112.100148, 33.823021 ], [ -112.100138, 33.822794 ], [ -112.10012, 33.822765 ], [ -112.100069, 33.821251 ], [ -112.100062, 33.820862 ], [ -112.100086, 33.820839 ], [ -112.10011, 33.820802 ], [ -112.100122, 33.820758 ], [ -112.100117, 33.82059 ], [ -112.100118, 33.820455 ], [ -112.100133, 33.820363 ], [ -112.100144, 33.820205 ], [ -112.10014, 33.819873 ], [ -112.100155, 33.819572 ], [ -112.100163, 33.819423 ], [ -112.100153, 33.819237 ], [ -112.100156, 33.819079 ], [ -112.100155, 33.819064 ], [ -112.100151, 33.818672 ], [ -112.100157, 33.818052 ], [ -112.100142, 33.817152 ], [ -112.100142, 33.816793 ], [ -112.100158, 33.816409 ], [ -112.100157, 33.816272 ], [ -112.100156, 33.816071 ], [ -112.100154, 33.815585 ], [ -112.100165, 33.813145 ], [ -112.100164, 33.808344 ], [ -112.100171, 33.805401 ], [ -112.098326, 33.805551 ], [ -112.098041, 33.805569 ], [ -112.097148, 33.805652 ], [ -112.096082, 33.805723 ], [ -112.095907, 33.805739 ], [ -112.095852, 33.805758 ], [ -112.095809, 33.805792 ], [ -112.095798, 33.805807 ], [ -112.095763, 33.805768 ], [ -112.095714, 33.805742 ], [ -112.095661, 33.80573 ], [ -112.095581, 33.805724 ], [ -112.095328, 33.805724 ], [ -112.094535, 33.805768 ], [ -112.094258, 33.805782 ], [ -112.093742, 33.805809 ], [ -112.091489, 33.805925 ], [ -112.090502, 33.805968 ], [ -112.090328, 33.805973 ], [ -112.089701, 33.806008 ], [ -112.088573, 33.806088 ], [ -112.087928, 33.806106 ], [ -112.087557, 33.806109 ], [ -112.087172, 33.806086 ], [ -112.086589, 33.806089 ], [ -112.085572, 33.806126 ], [ -112.085475, 33.80613 ], [ -112.084868, 33.806163 ], [ -112.083906, 33.806215 ], [ -112.082749, 33.806282 ], [ -112.082741, 33.805608 ], [ -112.082732, 33.804827 ], [ -112.082708, 33.802702 ], [ -112.082691, 33.801268 ], [ -112.082677, 33.799964 ], [ -112.08269, 33.79949 ], [ -112.082694, 33.79915 ], [ -112.082718, 33.79906 ], [ -112.082721, 33.799018 ], [ -112.082726, 33.798806 ], [ -112.082677, 33.798801 ], [ -112.082681, 33.797076 ], [ -112.082678, 33.797037 ], [ -112.082682, 33.7968 ], [ -112.082684, 33.795982 ], [ -112.082685, 33.795253 ], [ -112.082687, 33.794746 ], [ -112.082688, 33.794238 ], [ -112.082691, 33.793097 ], [ -112.082693, 33.792192 ], [ -112.082694, 33.792107 ], [ -112.082699, 33.791733 ], [ -112.082405, 33.791715 ], [ -112.078362, 33.791756 ], [ -112.078187, 33.791758 ], [ -112.078181, 33.791252 ], [ -112.078169, 33.790731 ], [ -112.076851, 33.790619 ], [ -112.076427, 33.790582 ], [ -112.075918, 33.790175 ], [ -112.075622, 33.789939 ], [ -112.075437, 33.789946 ], [ -112.07404, 33.789955 ], [ -112.074039, 33.789721 ], [ -112.074048, 33.789461 ], [ -112.074071, 33.789263 ], [ -112.074088, 33.788735 ], [ -112.074084, 33.788397 ], [ -112.074095, 33.788232 ], [ -112.074089, 33.788123 ], [ -112.074084, 33.788072 ], [ -112.067415, 33.788125 ], [ -112.067415, 33.788092 ], [ -112.06741, 33.787024 ], [ -112.067427, 33.784513 ], [ -112.065082, 33.7846 ], [ -112.062342, 33.784634 ], [ -112.060912, 33.78456 ], [ -112.060842, 33.784533 ], [ -112.060364, 33.784527 ], [ -112.060065, 33.784524 ], [ -112.059714, 33.784533 ], [ -112.059272, 33.784524 ], [ -112.058352, 33.784537 ], [ -112.057399, 33.784539 ], [ -112.057083, 33.784549 ], [ -112.056685, 33.784549 ], [ -112.056542, 33.784556 ], [ -112.054573, 33.784598 ], [ -112.053882, 33.784613 ], [ -112.052476, 33.784637 ], [ -112.052426, 33.784657 ], [ -112.052396, 33.784689 ], [ -112.052382, 33.784723 ], [ -112.051211, 33.784728 ], [ -112.051191, 33.784728 ], [ -112.050403, 33.784732 ], [ -112.050106, 33.784743 ], [ -112.050077, 33.784744 ], [ -112.048151, 33.784819 ], [ -112.048119, 33.785384 ], [ -112.04811, 33.785561 ], [ -112.048093, 33.785776 ], [ -112.04809, 33.785847 ], [ -112.048081, 33.785994 ], [ -112.048079, 33.786042 ], [ -112.048075, 33.7861 ], [ -112.048072, 33.786166 ], [ -112.048052, 33.786508 ], [ -112.048039, 33.786755 ], [ -112.04803, 33.786907 ], [ -112.048189, 33.789757 ], [ -112.048202, 33.789973 ], [ -112.048212, 33.790167 ], [ -112.048311, 33.791918 ], [ -112.048316, 33.798944 ], [ -112.039048, 33.798989 ], [ -112.03183, 33.799016 ], [ -112.03133, 33.799014 ], [ -112.026838, 33.799025 ], [ -112.021569, 33.799033 ], [ -112.021182, 33.799037 ], [ -112.019913, 33.799031 ], [ -112.019032, 33.799033 ], [ -112.012955, 33.799041 ], [ -112.003281, 33.79904 ], [ -111.997394, 33.799 ], [ -111.996044, 33.798993 ], [ -111.995696, 33.798995 ], [ -111.995713, 33.798858 ], [ -111.995585, 33.798835 ], [ -111.995585, 33.798799 ], [ -111.995585, 33.797823 ], [ -111.995584, 33.796387 ], [ -111.995585, 33.795866 ], [ -111.995584, 33.795481 ], [ -111.993768, 33.795487 ], [ -111.991325, 33.795501 ], [ -111.991327, 33.795596 ], [ -111.991333, 33.796062 ], [ -111.991339, 33.796504 ], [ -111.991342, 33.796572 ], [ -111.991355, 33.796936 ], [ -111.991356, 33.797637 ], [ -111.991343, 33.798108 ], [ -111.991348, 33.798939 ], [ -111.991348, 33.798958 ], [ -111.991348, 33.798978 ], [ -111.991348, 33.798993 ], [ -111.988088, 33.799004 ], [ -111.987028, 33.799005 ], [ -111.986824, 33.799008 ], [ -111.984185, 33.799019 ], [ -111.984027, 33.799019 ], [ -111.978389, 33.799056 ], [ -111.978283, 33.799056 ], [ -111.978145, 33.799056 ], [ -111.977242, 33.799056 ], [ -111.976114, 33.799061 ], [ -111.975932, 33.799061 ], [ -111.973816, 33.799061 ], [ -111.971744, 33.799054 ], [ -111.971615, 33.799053 ], [ -111.971615, 33.798515 ], [ -111.971748, 33.798512 ], [ -111.971748, 33.798445 ], [ -111.971735, 33.796295 ], [ -111.971729, 33.79596 ], [ -111.971729, 33.795702 ], [ -111.97202, 33.795693 ], [ -111.972444, 33.795693 ], [ -111.972547, 33.795693 ], [ -111.972545, 33.795526 ], [ -111.973832, 33.795526 ], [ -111.974347, 33.795522 ], [ -111.975045, 33.795409 ], [ -111.975371, 33.795409 ], [ -111.975561, 33.795413 ], [ -111.975644, 33.795409 ], [ -111.975644, 33.795177 ], [ -111.977175, 33.795176 ], [ -111.977255, 33.795176 ], [ -111.977256, 33.795141 ], [ -111.977255, 33.79512 ], [ -111.977773, 33.795125 ], [ -111.978057, 33.795122 ], [ -111.978075, 33.795073 ], [ -111.978103, 33.794996 ], [ -111.978132, 33.794889 ], [ -111.978145, 33.794477 ], [ -111.97815, 33.794324 ], [ -111.978151, 33.793316 ], [ -111.978151, 33.792858 ], [ -111.978152, 33.792127 ], [ -111.978146, 33.792019 ], [ -111.978127, 33.791983 ], [ -111.978094, 33.791955 ], [ -111.97816, 33.791931 ], [ -111.97823, 33.791925 ], [ -111.978411, 33.791935 ], [ -111.978437, 33.791799 ], [ -111.978348, 33.788638 ], [ -111.978338, 33.788267 ], [ -111.978186, 33.788271 ], [ -111.976478, 33.788264 ], [ -111.973226, 33.788263 ], [ -111.971817, 33.788262 ], [ -111.970584, 33.788246 ], [ -111.970637, 33.788326 ], [ -111.970173, 33.789109 ], [ -111.969956, 33.789436 ], [ -111.969739, 33.789802 ], [ -111.969632, 33.789884 ], [ -111.969465, 33.790149 ], [ -111.969468, 33.790292 ], [ -111.96947, 33.791967 ], [ -111.969026, 33.791975 ], [ -111.9687, 33.791971 ], [ -111.968625, 33.791965 ], [ -111.968503, 33.791943 ], [ -111.968319, 33.791894 ], [ -111.968781, 33.791145 ], [ -111.968786, 33.791136 ], [ -111.968843, 33.791046 ], [ -111.96872, 33.79104 ], [ -111.968576, 33.791042 ], [ -111.968516, 33.79104 ], [ -111.968371, 33.79104 ], [ -111.96839, 33.790133 ], [ -111.968392, 33.789091 ], [ -111.968394, 33.78832 ], [ -111.967124, 33.788314 ], [ -111.966164, 33.788313 ], [ -111.965009, 33.788316 ], [ -111.963078, 33.78832 ], [ -111.963013, 33.788317 ], [ -111.963014, 33.789034 ], [ -111.963015, 33.789505 ], [ -111.963016, 33.790078 ], [ -111.963016, 33.790169 ], [ -111.963019, 33.790732 ], [ -111.963016, 33.790825 ], [ -111.963016, 33.790871 ], [ -111.964021, 33.790871 ], [ -111.96402, 33.79104 ], [ -111.966194, 33.791039 ], [ -111.966196, 33.791096 ], [ -111.966182, 33.791342 ], [ -111.966167, 33.791794 ], [ -111.966167, 33.791965 ], [ -111.966167, 33.791987 ], [ -111.965166, 33.791981 ], [ -111.964143, 33.791951 ], [ -111.962971, 33.791965 ], [ -111.961453, 33.791991 ], [ -111.960719, 33.79197 ], [ -111.960723, 33.791903 ], [ -111.960723, 33.791713 ], [ -111.960724, 33.790128 ], [ -111.960721, 33.789033 ], [ -111.960724, 33.788317 ], [ -111.960724, 33.788179 ], [ -111.960723, 33.787872 ], [ -111.960705, 33.787661 ], [ -111.960682, 33.787456 ], [ -111.960657, 33.787294 ], [ -111.960645, 33.787068 ], [ -111.960643, 33.787021 ], [ -111.960642, 33.786262 ], [ -111.960652, 33.785527 ], [ -111.960656, 33.785484 ], [ -111.960655, 33.785435 ], [ -111.960663, 33.785344 ], [ -111.960713, 33.784989 ], [ -111.960716, 33.784853 ], [ -111.960705, 33.784681 ], [ -111.960538, 33.784705 ], [ -111.959973, 33.784719 ], [ -111.959741, 33.784701 ], [ -111.959587, 33.784676 ], [ -111.959425, 33.784637 ], [ -111.959262, 33.784583 ], [ -111.959104, 33.784514 ], [ -111.958931, 33.784422 ], [ -111.958783, 33.784333 ], [ -111.958658, 33.784251 ], [ -111.958585, 33.784204 ], [ -111.958214, 33.783971 ], [ -111.958091, 33.783889 ], [ -111.957899, 33.78378 ], [ -111.957741, 33.783712 ], [ -111.957588, 33.78366 ], [ -111.957409, 33.783613 ], [ -111.957269, 33.783588 ], [ -111.957167, 33.783574 ], [ -111.956826, 33.783557 ], [ -111.956487, 33.783556 ], [ -111.956373, 33.783558 ], [ -111.956266, 33.783563 ], [ -111.955696, 33.783563 ], [ -111.955543, 33.783576 ], [ -111.955344, 33.783608 ], [ -111.955146, 33.783657 ], [ -111.954961, 33.78372 ], [ -111.954852, 33.783768 ], [ -111.954713, 33.78384 ], [ -111.95453, 33.783954 ], [ -111.954478, 33.783991 ], [ -111.953841, 33.784402 ], [ -111.953694, 33.784484 ], [ -111.953557, 33.784548 ], [ -111.953509, 33.784571 ], [ -111.953443, 33.784597 ], [ -111.953318, 33.784641 ], [ -111.953121, 33.784691 ], [ -111.95295, 33.784718 ], [ -111.952818, 33.784729 ], [ -111.952144, 33.784742 ], [ -111.951992, 33.784743 ], [ -111.951356, 33.784762 ], [ -111.950314, 33.784763 ], [ -111.948125, 33.784765 ], [ -111.947712, 33.784765 ], [ -111.947624, 33.784763 ], [ -111.947315, 33.784752 ], [ -111.947011, 33.784733 ], [ -111.946519, 33.784719 ], [ -111.946173, 33.784716 ], [ -111.945472, 33.784718 ], [ -111.943372, 33.784723 ], [ -111.943351, 33.784697 ], [ -111.943303, 33.784615 ], [ -111.943283, 33.784557 ], [ -111.943273, 33.784496 ], [ -111.943273, 33.784319 ], [ -111.943273, 33.784208 ], [ -111.943275, 33.783901 ], [ -111.943277, 33.783666 ], [ -111.943291, 33.783519 ], [ -111.943293, 33.78337 ], [ -111.943251, 33.782953 ], [ -111.943221, 33.782692 ], [ -111.94321, 33.782435 ], [ -111.943217, 33.782198 ], [ -111.943239, 33.782 ], [ -111.943246, 33.781866 ], [ -111.943242, 33.781802 ], [ -111.94323, 33.781525 ], [ -111.943237, 33.781436 ], [ -111.943247, 33.781172 ], [ -111.943213, 33.780903 ], [ -111.943211, 33.780813 ], [ -111.943254, 33.780597 ], [ -111.943263, 33.780469 ], [ -111.943255, 33.780264 ], [ -111.943228, 33.780052 ], [ -111.943228, 33.779964 ], [ -111.943253, 33.779795 ], [ -111.943254, 33.779579 ], [ -111.943235, 33.779333 ], [ -111.943233, 33.779252 ], [ -111.943251, 33.779046 ], [ -111.943228, 33.778609 ], [ -111.943227, 33.778504 ], [ -111.94322, 33.778036 ], [ -111.943201, 33.777658 ], [ -111.943211, 33.77752 ], [ -111.943219, 33.777489 ], [ -111.943237, 33.77736 ], [ -111.943235, 33.777254 ], [ -111.943223, 33.777198 ], [ -111.943215, 33.777164 ], [ -111.943212, 33.77715 ], [ -111.943197, 33.777007 ], [ -111.943207, 33.776906 ], [ -111.943219, 33.776658 ], [ -111.943198, 33.776338 ], [ -111.943206, 33.77585 ], [ -111.943211, 33.775711 ], [ -111.943227, 33.775362 ], [ -111.943224, 33.775292 ], [ -111.943207, 33.775089 ], [ -111.9432, 33.774849 ], [ -111.943207, 33.774637 ], [ -111.943232, 33.774243 ], [ -111.943245, 33.773855 ], [ -111.943249, 33.77373 ], [ -111.943244, 33.773486 ], [ -111.943222, 33.773207 ], [ -111.943206, 33.772828 ], [ -111.943207, 33.772778 ], [ -111.943209, 33.772702 ], [ -111.943236, 33.772506 ], [ -111.943251, 33.772295 ], [ -111.943248, 33.771999 ], [ -111.943238, 33.771764 ], [ -111.943219, 33.771568 ], [ -111.943214, 33.770938 ], [ -111.943224, 33.770626 ], [ -111.94323, 33.770585 ], [ -111.943252, 33.770534 ], [ -111.94329, 33.770484 ], [ -111.943318, 33.770418 ], [ -111.943332, 33.770349 ], [ -111.943329, 33.770264 ], [ -111.943313, 33.770203 ], [ -111.945494, 33.770202 ], [ -111.947682, 33.770198 ], [ -111.948711, 33.770193 ], [ -111.94924, 33.770193 ], [ -111.94978, 33.770194 ], [ -111.951995, 33.770187 ], [ -111.95475, 33.770179 ], [ -111.956631, 33.770176 ], [ -111.957796, 33.770183 ], [ -111.958304, 33.77018 ], [ -111.958385, 33.77018 ], [ -111.958795, 33.770174 ], [ -111.96065, 33.770167 ], [ -111.96064, 33.769833 ], [ -111.960639, 33.769634 ], [ -111.960628, 33.76922 ], [ -111.960626, 33.76877 ], [ -111.960604, 33.768246 ], [ -111.96061, 33.767877 ], [ -111.960632, 33.767502 ], [ -111.960627, 33.767065 ], [ -111.960627, 33.767043 ], [ -111.960625, 33.766721 ], [ -111.960616, 33.766281 ], [ -111.960598, 33.765356 ], [ -111.960595, 33.764826 ], [ -111.960634, 33.76387 ], [ -111.960641, 33.763714 ], [ -111.960648, 33.763297 ], [ -111.960673, 33.762946 ], [ -111.960681, 33.762843 ], [ -111.960687, 33.762397 ], [ -111.960693, 33.761793 ], [ -111.960699, 33.761089 ], [ -111.960694, 33.760308 ], [ -111.960707, 33.759344 ], [ -111.960709, 33.759197 ], [ -111.960704, 33.758042 ], [ -111.96071, 33.757514 ], [ -111.960704, 33.75595 ], [ -111.960696, 33.755852 ], [ -111.96068, 33.755645 ], [ -111.960686, 33.755158 ], [ -111.960685, 33.754118 ], [ -111.960684, 33.752559 ], [ -111.960684, 33.752024 ], [ -111.960684, 33.751995 ], [ -111.961951, 33.751998 ], [ -111.965082, 33.752004 ], [ -111.965083, 33.752853 ], [ -111.965088, 33.75564 ], [ -111.965197, 33.75564 ], [ -111.967213, 33.755642 ], [ -111.967694, 33.755641 ], [ -111.967713, 33.75563 ], [ -111.96784, 33.755625 ], [ -111.968126, 33.755623 ], [ -111.968918, 33.755601 ], [ -111.969402, 33.755587 ], [ -111.969411, 33.755113 ], [ -111.969411, 33.755093 ], [ -111.969416, 33.754814 ], [ -111.969389, 33.751994 ], [ -111.969407, 33.749682 ], [ -111.969432, 33.749168 ], [ -111.96943, 33.747123 ], [ -111.969431, 33.746692 ], [ -111.969434, 33.746605 ], [ -111.969432, 33.744753 ], [ -111.969432, 33.744229 ], [ -111.969432, 33.743831 ], [ -111.96753, 33.74383 ], [ -111.967332, 33.743835 ], [ -111.967262, 33.743837 ], [ -111.967263, 33.742164 ], [ -111.967263, 33.742008 ], [ -111.967263, 33.741983 ], [ -111.967274, 33.741471 ], [ -111.967274, 33.741119 ], [ -111.966995, 33.741115 ], [ -111.96584, 33.741116 ], [ -111.965094, 33.741121 ], [ -111.963539, 33.741125 ], [ -111.962941, 33.741121 ], [ -111.961743, 33.74111 ], [ -111.960735, 33.741115 ], [ -111.960738, 33.740679 ], [ -111.960744, 33.739774 ], [ -111.960751, 33.736431 ], [ -111.960749, 33.73632 ], [ -111.960749, 33.734159 ], [ -111.960748, 33.733846 ], [ -111.960748, 33.733833 ], [ -111.960737, 33.732155 ], [ -111.960745, 33.731805 ], [ -111.960743, 33.731147 ], [ -111.960741, 33.730248 ], [ -111.960748, 33.730215 ], [ -111.960733, 33.730133 ], [ -111.960724, 33.729936 ], [ -111.960727, 33.729728 ], [ -111.960737, 33.729623 ], [ -111.960766, 33.729113 ], [ -111.960754, 33.728998 ], [ -111.960727, 33.728862 ], [ -111.960722, 33.728455 ], [ -111.960683, 33.727797 ], [ -111.960686, 33.727693 ], [ -111.960723, 33.727471 ], [ -111.960739, 33.72729 ], [ -111.960744, 33.726945 ], [ -111.960771, 33.726848 ], [ -111.960784, 33.726771 ], [ -111.960783, 33.726693 ], [ -111.960754, 33.726584 ], [ -111.960728, 33.726519 ], [ -111.960695, 33.726418 ], [ -111.960562, 33.72641 ], [ -111.960104, 33.726398 ], [ -111.960046, 33.726386 ], [ -111.959957, 33.726367 ], [ -111.959774, 33.726359 ], [ -111.959586, 33.726356 ], [ -111.959431, 33.726364 ], [ -111.959309, 33.726378 ], [ -111.958901, 33.726367 ], [ -111.958637, 33.72636 ], [ -111.956343, 33.726403 ], [ -111.956278, 33.726417 ], [ -111.956218, 33.726438 ], [ -111.956117, 33.726486 ], [ -111.956092, 33.726514 ], [ -111.956031, 33.726544 ], [ -111.955415, 33.726616 ], [ -111.955277, 33.726635 ], [ -111.955042, 33.726655 ], [ -111.9545, 33.72665 ], [ -111.954189, 33.726628 ], [ -111.953744, 33.726591 ], [ -111.953143, 33.726531 ], [ -111.952167, 33.726496 ], [ -111.952026, 33.726484 ], [ -111.951679, 33.726461 ], [ -111.951198, 33.726453 ], [ -111.950648, 33.72645 ], [ -111.950464, 33.726457 ], [ -111.950295, 33.726463 ], [ -111.949871, 33.726458 ], [ -111.947941, 33.726462 ], [ -111.947782, 33.726462 ], [ -111.947483, 33.726463 ], [ -111.945179, 33.726467 ], [ -111.943549, 33.72647 ], [ -111.943371, 33.726471 ], [ -111.943299, 33.726471 ], [ -111.943133, 33.726472 ], [ -111.941789, 33.726481 ], [ -111.934585, 33.726499 ], [ -111.932473, 33.726505 ], [ -111.932, 33.726505 ], [ -111.93038, 33.726512 ], [ -111.929446, 33.726515 ], [ -111.927945, 33.726519 ], [ -111.927313, 33.726519 ], [ -111.926231, 33.726523 ], [ -111.925806, 33.726526 ], [ -111.925762, 33.726407 ], [ -111.925726, 33.726299 ], [ -111.925693, 33.726186 ], [ -111.925664, 33.726069 ], [ -111.925639, 33.725951 ], [ -111.925622, 33.725856 ], [ -111.925607, 33.725755 ], [ -111.925598, 33.725674 ], [ -111.925588, 33.725566 ], [ -111.925583, 33.725455 ], [ -111.925581, 33.725284 ], [ -111.92558, 33.724639 ], [ -111.925582, 33.721508 ], [ -111.925583, 33.717875 ], [ -111.925582, 33.71622 ], [ -111.925582, 33.713178 ], [ -111.925584, 33.71124 ], [ -111.925587, 33.709397 ], [ -111.925583, 33.705958 ], [ -111.925586, 33.705775 ], [ -111.925583, 33.703811 ], [ -111.925581, 33.702938 ], [ -111.925582, 33.701603 ], [ -111.925582, 33.700237 ], [ -111.925581, 33.698714 ], [ -111.925582, 33.691633 ], [ -111.925581, 33.691518 ], [ -111.925581, 33.690419 ], [ -111.925581, 33.68784 ], [ -111.925583, 33.684872 ], [ -111.925576, 33.684565 ], [ -111.925583, 33.68431 ], [ -111.925583, 33.684215 ], [ -111.925583, 33.68391 ], [ -111.925579, 33.679742 ], [ -111.925577, 33.676935 ], [ -111.925572, 33.66983 ], [ -111.925571, 33.669565 ], [ -111.925568, 33.664598 ], [ -111.925566, 33.662423 ], [ -111.925563, 33.658852 ], [ -111.925563, 33.658371 ], [ -111.925562, 33.658113 ], [ -111.92556, 33.657884 ], [ -111.925559, 33.657672 ], [ -111.925562, 33.656572 ], [ -111.92556, 33.655252 ], [ -111.925561, 33.65509 ], [ -111.925572, 33.651512 ], [ -111.925583, 33.647903 ], [ -111.925578, 33.646678 ], [ -111.925572, 33.645495 ], [ -111.925565, 33.645038 ], [ -111.925565, 33.644069 ], [ -111.925554, 33.642217 ], [ -111.925554, 33.64161 ], [ -111.925594, 33.640507 ], [ -111.925521, 33.640125 ], [ -111.925537, 33.638773 ], [ -111.925539, 33.638505 ], [ -111.925541, 33.638421 ], [ -111.925545, 33.638175 ], [ -111.925563, 33.636746 ], [ -111.925585, 33.634925 ], [ -111.925588, 33.634642 ], [ -111.925609, 33.633036 ], [ -111.925625, 33.632055 ], [ -111.925654, 33.630322 ], [ -111.92567, 33.629405 ], [ -111.925684, 33.62859 ], [ -111.925707, 33.627215 ], [ -111.92573, 33.625837 ], [ -111.925733, 33.625699 ], [ -111.925741, 33.625386 ], [ -111.925769, 33.62427 ], [ -111.925782, 33.623754 ], [ -111.925792, 33.62333 ], [ -111.925816, 33.622759 ], [ -111.925839, 33.62132 ], [ -111.9259, 33.618024 ], [ -111.925914, 33.616037 ], [ -111.925917, 33.614878 ], [ -111.925928, 33.614045 ], [ -111.925933, 33.61125 ], [ -111.925971, 33.607612 ], [ -111.925974, 33.605175 ], [ -111.926001, 33.603977 ], [ -111.925998, 33.600738 ], [ -111.926048, 33.596793 ], [ -111.926092, 33.596792 ], [ -111.926752, 33.596795 ], [ -111.927607, 33.596799 ], [ -111.929967, 33.596812 ], [ -111.933571, 33.596832 ], [ -111.934644, 33.59684 ], [ -111.934639, 33.597078 ], [ -111.934641, 33.597967 ], [ -111.934588, 33.598876 ], [ -111.934569, 33.59922 ], [ -111.934585, 33.600383 ], [ -111.935485, 33.60039 ], [ -111.936147, 33.600396 ], [ -111.936826, 33.600398 ], [ -111.938295, 33.600403 ], [ -111.938967, 33.600406 ], [ -111.938983, 33.598945 ], [ -111.938958, 33.597522 ], [ -111.938962, 33.597182 ], [ -111.938966, 33.596766 ], [ -111.940282, 33.596774 ], [ -111.941661, 33.59678 ], [ -111.94331, 33.596784 ], [ -111.943474, 33.596784 ], [ -111.944555, 33.596807 ], [ -111.945773, 33.596834 ], [ -111.946809, 33.596858 ], [ -111.946997, 33.596862 ], [ -111.948209, 33.596895 ], [ -111.949413, 33.596917 ], [ -111.950655, 33.596943 ], [ -111.951954, 33.596972 ], [ -111.952062, 33.596974 ], [ -111.952094, 33.596975 ], [ -111.952097, 33.594827 ], [ -111.952096, 33.594538 ], [ -111.952097, 33.593099 ], [ -111.952111, 33.589791 ], [ -111.952105, 33.589718 ], [ -111.952106, 33.589604 ], [ -111.951961, 33.589601 ], [ -111.95174, 33.589589 ], [ -111.951483, 33.589582 ], [ -111.951299, 33.589573 ], [ -111.951168, 33.589567 ], [ -111.950585, 33.589552 ], [ -111.949702, 33.589516 ], [ -111.949106, 33.589503 ], [ -111.947536, 33.58947 ], [ -111.94671, 33.589452 ], [ -111.946107, 33.589445 ], [ -111.946, 33.589444 ], [ -111.945937, 33.589443 ], [ -111.944961, 33.589421 ], [ -111.943425, 33.589386 ], [ -111.943441, 33.588142 ], [ -111.943452, 33.587251 ], [ -111.943456, 33.586888 ], [ -111.943461, 33.58674 ], [ -111.943491, 33.585033 ], [ -111.943503, 33.584502 ], [ -111.943516, 33.583829 ], [ -111.943539, 33.582087 ], [ -111.943566, 33.58052 ], [ -111.943563, 33.579105 ], [ -111.943561, 33.578467 ], [ -111.94356, 33.57845 ], [ -111.94356, 33.57769 ], [ -111.943553, 33.577061 ], [ -111.943554, 33.5763 ], [ -111.943587, 33.57552 ], [ -111.943576, 33.575407 ], [ -111.943522, 33.574824 ], [ -111.945057, 33.5749 ], [ -111.946601, 33.574943 ], [ -111.948995, 33.575021 ], [ -111.950532, 33.575067 ], [ -111.951976, 33.575118 ], [ -111.952358, 33.575131 ], [ -111.953678, 33.575168 ], [ -111.956271, 33.575243 ], [ -111.957053, 33.575267 ], [ -111.958405, 33.5753 ], [ -111.960424, 33.575352 ], [ -111.960475, 33.57536 ], [ -111.960521, 33.57538 ], [ -111.962124, 33.575386 ], [ -111.962222, 33.575387 ], [ -111.963093, 33.575389 ], [ -111.963964, 33.575393 ], [ -111.964613, 33.575406 ], [ -111.964853, 33.575396 ], [ -111.965583, 33.5754 ], [ -111.967355, 33.57541 ], [ -111.969194, 33.57542 ], [ -111.969195, 33.575828 ], [ -111.9692, 33.577232 ], [ -111.969211, 33.579037 ], [ -111.969217, 33.579746 ], [ -111.969235, 33.582518 ], [ -111.969235, 33.582542 ], [ -111.969235, 33.582574 ], [ -111.970667, 33.582576 ], [ -111.97069, 33.582576 ], [ -111.973567, 33.582585 ], [ -111.977779, 33.582617 ], [ -111.977744, 33.580035 ], [ -111.977735, 33.579191 ], [ -111.977735, 33.579071 ], [ -111.977725, 33.577541 ], [ -111.977711, 33.576023 ], [ -111.977703, 33.575471 ], [ -111.97769, 33.573494 ], [ -111.977674, 33.57244 ], [ -111.977663, 33.57191 ], [ -111.977639, 33.571105 ], [ -111.977627, 33.570717 ], [ -111.977613, 33.569537 ], [ -111.977613, 33.568982 ], [ -111.977609, 33.56864 ], [ -111.977609, 33.568251 ], [ -111.977624, 33.566402 ], [ -111.977633, 33.564617 ], [ -111.977633, 33.564483 ], [ -111.977631, 33.564179 ], [ -111.977579, 33.564066 ], [ -111.977579, 33.563925 ], [ -111.97758, 33.56375 ], [ -111.977581, 33.563359 ], [ -111.977583, 33.563029 ], [ -111.977586, 33.562732 ], [ -111.977584, 33.562484 ], [ -111.977586, 33.562205 ], [ -111.977586, 33.562104 ], [ -111.977586, 33.561999 ], [ -111.97758, 33.561923 ], [ -111.977768, 33.561925 ], [ -111.977771, 33.561728 ], [ -111.977772, 33.561367 ], [ -111.977775, 33.561066 ], [ -111.977799, 33.561034 ], [ -111.977833, 33.561004 ], [ -111.977877, 33.560997 ], [ -111.978076, 33.560999 ], [ -111.978312, 33.561004 ], [ -111.978495, 33.560997 ], [ -111.978584, 33.560988 ], [ -111.978714, 33.560958 ], [ -111.980645, 33.560982 ], [ -111.981464, 33.560968 ], [ -111.981781, 33.560992 ], [ -111.981943, 33.560997 ], [ -111.981965, 33.560925 ], [ -111.982051, 33.560924 ], [ -111.982156, 33.560925 ], [ -111.984292, 33.560935 ], [ -111.986217, 33.56095 ], [ -111.986379, 33.560948 ], [ -111.986446, 33.560948 ], [ -111.986443, 33.557226 ], [ -111.986443, 33.557103 ], [ -111.986439, 33.555586 ], [ -111.986417, 33.553537 ], [ -111.987183, 33.553552 ], [ -111.994901, 33.553719 ], [ -111.995338, 33.553715 ], [ -111.995346, 33.553414 ], [ -111.995352, 33.552486 ], [ -111.995379, 33.551334 ], [ -111.995411, 33.549516 ], [ -111.995416, 33.549231 ], [ -111.995434, 33.545598 ], [ -111.995448, 33.54446 ], [ -111.995326, 33.542544 ], [ -111.995323, 33.541853 ], [ -111.995322, 33.541691 ], [ -111.995321, 33.54141 ], [ -111.995313, 33.539759 ], [ -111.995311, 33.539098 ], [ -111.995177, 33.539101 ], [ -111.995186, 33.537733 ], [ -111.995187, 33.535592 ], [ -111.995187, 33.534593 ], [ -111.995188, 33.534264 ], [ -111.995184, 33.533854 ], [ -111.995188, 33.533584 ], [ -111.995172, 33.533305 ], [ -111.995177, 33.533178 ], [ -111.995183, 33.532913 ], [ -111.995179, 33.531838 ], [ -111.99533, 33.531937 ], [ -111.996401, 33.531943 ], [ -111.996792, 33.531944 ], [ -111.99773, 33.531947 ], [ -111.999425, 33.531954 ], [ -112.00209, 33.531977 ], [ -112.003087, 33.531972 ], [ -112.003998, 33.531972 ], [ -112.006706, 33.531975 ], [ -112.006814, 33.531965 ], [ -112.007054, 33.531965 ], [ -112.008208, 33.531975 ], [ -112.010278, 33.531973 ], [ -112.011484, 33.531968 ], [ -112.011703, 33.531987 ], [ -112.012019, 33.531994 ], [ -112.012191, 33.531998 ], [ -112.012439, 33.532002 ], [ -112.012704, 33.531984 ], [ -112.012943, 33.531963 ], [ -112.012944, 33.531865 ], [ -112.012941, 33.531686 ], [ -112.012946, 33.530825 ], [ -112.012972, 33.53 ], [ -112.013019, 33.528745 ], [ -112.013053, 33.527562 ], [ -112.013065, 33.526902 ], [ -112.013067, 33.526832 ], [ -112.013009, 33.525683 ], [ -112.012957, 33.52463 ], [ -112.012938, 33.524271 ], [ -112.012892, 33.523341 ], [ -112.012894, 33.523254 ], [ -112.012948, 33.52154 ], [ -112.012973, 33.52075 ], [ -112.012925, 33.520303 ], [ -112.0129, 33.519989 ], [ -112.012883, 33.519531 ], [ -112.012881, 33.519494 ], [ -112.012878, 33.519402 ], [ -112.012891, 33.518651 ], [ -112.012892, 33.51853 ], [ -112.01097, 33.517731 ], [ -112.009772, 33.517239 ], [ -112.006948, 33.516109 ], [ -112.006865, 33.516079 ], [ -112.004534, 33.515235 ], [ -112.004026, 33.515115 ], [ -112.003526, 33.514992 ], [ -112.003082, 33.514883 ], [ -112.002701, 33.514789 ], [ -112.002082, 33.514637 ], [ -112.001645, 33.51453 ], [ -112.00091, 33.514129 ], [ -112.000246, 33.513768 ], [ -111.999836, 33.513545 ], [ -111.999699, 33.51347 ], [ -111.999697, 33.513596 ], [ -111.999244, 33.513596 ], [ -111.999047, 33.51359 ], [ -111.998548, 33.513585 ], [ -111.998014, 33.51358 ], [ -111.996893, 33.513569 ], [ -111.996013, 33.51356 ], [ -111.995276, 33.513555 ], [ -111.995192, 33.513553 ], [ -111.995165, 33.513553 ], [ -111.995132, 33.517259 ], [ -111.995115, 33.517381 ], [ -111.995103, 33.51785 ], [ -111.995089, 33.518602 ], [ -111.995089, 33.519289 ], [ -111.995083, 33.519743 ], [ -111.995102, 33.520438 ], [ -111.995086, 33.521612 ], [ -111.995073, 33.522662 ], [ -111.99507, 33.523114 ], [ -111.995067, 33.523402 ], [ -111.995066, 33.52363 ], [ -111.995065, 33.523706 ], [ -111.995052, 33.523728 ], [ -111.995038, 33.523737 ], [ -111.995022, 33.523741 ], [ -111.995007, 33.523742 ], [ -111.995013, 33.523809 ], [ -111.99492, 33.523809 ], [ -111.994789, 33.523823 ], [ -111.994694, 33.523847 ], [ -111.993466, 33.524374 ], [ -111.993276, 33.524455 ], [ -111.992747, 33.524679 ], [ -111.992571, 33.524735 ], [ -111.99241, 33.524773 ], [ -111.992244, 33.524797 ], [ -111.992055, 33.524811 ], [ -111.991869, 33.524808 ], [ -111.990697, 33.524707 ], [ -111.990591, 33.524703 ], [ -111.990258, 33.524707 ], [ -111.98991, 33.524729 ], [ -111.989564, 33.524765 ], [ -111.989312, 33.524776 ], [ -111.989127, 33.524775 ], [ -111.988946, 33.524766 ], [ -111.98877, 33.524738 ], [ -111.988573, 33.524723 ], [ -111.988548, 33.524839 ], [ -111.988294, 33.524805 ], [ -111.988125, 33.524767 ], [ -111.987964, 33.524704 ], [ -111.987865, 33.524661 ], [ -111.987711, 33.524595 ], [ -111.987595, 33.524507 ], [ -111.987511, 33.524426 ], [ -111.987391, 33.524289 ], [ -111.987268, 33.524173 ], [ -111.987145, 33.52407 ], [ -111.987026, 33.523994 ], [ -111.986914, 33.523934 ], [ -111.986682, 33.52384 ], [ -111.986478, 33.523834 ], [ -111.986482, 33.523764 ], [ -111.986383, 33.523753 ], [ -111.986284, 33.523739 ], [ -111.986278, 33.523795 ], [ -111.985292, 33.523758 ], [ -111.984003, 33.523727 ], [ -111.983922, 33.523647 ], [ -111.98364, 33.523689 ], [ -111.983339, 33.523705 ], [ -111.983171, 33.5237 ], [ -111.982898, 33.523696 ], [ -111.982319, 33.523694 ], [ -111.981238, 33.523694 ], [ -111.980044, 33.523695 ], [ -111.979748, 33.523699 ], [ -111.978477, 33.523693 ], [ -111.976285, 33.523708 ], [ -111.975603, 33.523705 ], [ -111.974803, 33.523707 ], [ -111.973724, 33.523688 ], [ -111.973723, 33.523611 ], [ -111.973719, 33.523274 ], [ -111.973714, 33.522661 ], [ -111.973709, 33.522084 ], [ -111.973495, 33.522086 ], [ -111.969419, 33.522022 ], [ -111.9694, 33.521648 ], [ -111.969398, 33.520935 ], [ -111.969396, 33.520026 ], [ -111.969395, 33.519594 ], [ -111.969392, 33.518637 ], [ -111.969391, 33.517954 ], [ -111.969389, 33.517118 ], [ -111.969389, 33.516384 ], [ -111.969387, 33.516083 ], [ -111.962868, 33.515853 ], [ -111.960345, 33.515765 ], [ -111.959294, 33.515819 ], [ -111.958574, 33.515858 ], [ -111.957664, 33.515907 ], [ -111.956687, 33.51596 ], [ -111.955859, 33.516005 ], [ -111.955122, 33.516045 ], [ -111.954516, 33.516078 ], [ -111.953988, 33.516106 ], [ -111.953296, 33.516144 ], [ -111.952827, 33.516169 ], [ -111.952362, 33.516195 ], [ -111.952121, 33.516208 ], [ -111.951458, 33.516234 ], [ -111.950805, 33.516258 ], [ -111.950524, 33.516268 ], [ -111.949828, 33.516293 ], [ -111.949308, 33.516311 ], [ -111.948853, 33.516327 ], [ -111.948247, 33.516348 ], [ -111.947525, 33.516375 ], [ -111.945382, 33.516477 ], [ -111.945384, 33.516574 ], [ -111.945348, 33.516547 ], [ -111.945301, 33.516531 ], [ -111.945212, 33.516525 ], [ -111.944402, 33.516554 ], [ -111.943796, 33.516575 ], [ -111.943417, 33.516578 ], [ -111.943233, 33.516568 ], [ -111.943234, 33.516528 ], [ -111.943251, 33.515254 ], [ -111.943262, 33.514775 ], [ -111.943272, 33.513094 ], [ -111.943277, 33.51227 ], [ -111.943279, 33.51146 ], [ -111.943279, 33.511338 ], [ -111.943286, 33.509216 ], [ -111.941903, 33.509239 ], [ -111.941228, 33.509255 ], [ -111.941201, 33.509161 ], [ -111.941195, 33.509033 ], [ -111.941183, 33.508407 ], [ -111.941144, 33.508412 ], [ -111.940674, 33.508414 ], [ -111.940663, 33.507946 ], [ -111.940606, 33.507895 ], [ -111.940185, 33.507894 ], [ -111.940001, 33.507894 ], [ -111.940013, 33.507427 ], [ -111.940018, 33.504835 ], [ -111.940028, 33.502817 ], [ -111.940537, 33.502818 ], [ -111.940783, 33.502807 ], [ -111.941185, 33.502801 ], [ -111.941823, 33.502791 ], [ -111.942195, 33.502786 ], [ -111.942284, 33.502785 ], [ -111.942264, 33.503644 ], [ -111.942262, 33.504312 ], [ -111.942261, 33.504708 ], [ -111.942291, 33.505351 ], [ -111.94328, 33.505352 ], [ -111.943281, 33.505017 ], [ -111.943287, 33.503909 ], [ -111.943306, 33.502263 ], [ -111.943298, 33.502034 ], [ -111.943318, 33.501697 ], [ -111.943296, 33.501697 ], [ -111.943208, 33.501698 ], [ -111.943209, 33.500782 ], [ -111.943213, 33.498362 ], [ -111.943215, 33.497384 ], [ -111.943217, 33.496495 ], [ -111.943194, 33.496496 ], [ -111.943197, 33.494755 ], [ -111.943198, 33.494702 ], [ -111.943193, 33.493693 ], [ -111.94319, 33.492845 ], [ -111.943186, 33.491996 ], [ -111.943185, 33.491524 ], [ -111.943208, 33.491523 ], [ -111.943203, 33.490778 ], [ -111.943292, 33.490748 ], [ -111.943443, 33.490696 ], [ -111.943627, 33.490634 ], [ -111.943801, 33.490582 ], [ -111.943964, 33.490544 ], [ -111.944123, 33.490516 ], [ -111.945034, 33.490425 ], [ -111.946329, 33.490307 ], [ -111.946646, 33.490277 ], [ -111.947329, 33.490212 ], [ -111.947482, 33.490206 ], [ -111.94826, 33.490226 ], [ -111.948514, 33.49024 ], [ -111.948752, 33.490265 ], [ -111.949419, 33.490358 ], [ -111.949629, 33.490398 ], [ -111.950154, 33.490515 ], [ -111.950506, 33.490598 ], [ -111.951821, 33.490907 ], [ -111.951966, 33.490942 ], [ -111.951966, 33.490761 ], [ -111.952036, 33.490778 ], [ -111.956568, 33.49185 ], [ -111.956857, 33.49184 ], [ -111.956988, 33.491796 ], [ -111.957152, 33.491675 ], [ -111.95849, 33.490167 ], [ -111.958752, 33.490036 ], [ -111.958903, 33.490003 ], [ -111.959021, 33.489948 ], [ -111.959133, 33.489855 ], [ -111.959166, 33.489804 ], [ -111.959244, 33.489657 ], [ -111.95931, 33.489607 ], [ -111.9595, 33.489519 ], [ -111.960524, 33.48925 ], [ -111.960821, 33.489192 ], [ -111.96095, 33.489167 ], [ -111.961173, 33.489167 ], [ -111.961574, 33.489178 ], [ -111.96286, 33.489463 ], [ -111.963562, 33.489666 ], [ -111.9641, 33.489865 ], [ -111.967742, 33.49138 ], [ -111.969409, 33.492112 ], [ -111.970682, 33.492683 ], [ -111.971562, 33.493122 ], [ -111.972625, 33.493695 ], [ -111.976596, 33.495997 ], [ -111.977205, 33.496361 ], [ -111.977935, 33.496799 ], [ -111.978421, 33.497112 ], [ -111.979688, 33.498078 ], [ -111.982071, 33.499848 ], [ -111.98415, 33.501468 ], [ -111.986798, 33.50413 ], [ -111.987729, 33.505066 ], [ -111.988142, 33.505414 ], [ -111.988641, 33.50576 ], [ -111.991129, 33.507095 ], [ -111.991438, 33.507342 ], [ -111.991838, 33.507752 ], [ -111.992628, 33.508561 ], [ -111.992719, 33.508654 ], [ -111.99312, 33.508999 ], [ -111.99325, 33.50909 ], [ -111.994183, 33.509791 ], [ -111.994225, 33.509819 ], [ -111.995314, 33.510644 ], [ -111.996323, 33.511408 ], [ -111.997295, 33.511978 ], [ -111.999324, 33.513061 ], [ -111.99984, 33.513325 ], [ -111.999961, 33.513385 ], [ -112.000701, 33.513849 ], [ -112.001131, 33.514113 ], [ -112.001318, 33.514228 ], [ -112.001433, 33.51427 ], [ -112.001562, 33.51431 ], [ -112.004026, 33.514915 ], [ -112.005419, 33.515253 ], [ -112.005605, 33.515318 ], [ -112.006811, 33.515737 ], [ -112.007125, 33.515875 ], [ -112.00727, 33.515924 ], [ -112.008524, 33.516486 ], [ -112.009494, 33.516921 ], [ -112.01041, 33.517303 ], [ -112.011076, 33.517581 ], [ -112.012893, 33.518331 ], [ -112.01353, 33.518594 ], [ -112.014494, 33.519083 ], [ -112.016155, 33.519799 ], [ -112.016608, 33.520074 ], [ -112.016955, 33.520342 ], [ -112.01748, 33.520822 ], [ -112.017992, 33.521383 ], [ -112.018746, 33.521938 ], [ -112.019186, 33.522185 ], [ -112.019534, 33.522318 ], [ -112.019862, 33.522381 ], [ -112.01996, 33.522399 ], [ -112.020216, 33.522411 ], [ -112.021967, 33.522312 ], [ -112.022836, 33.522264 ], [ -112.023282, 33.522281 ], [ -112.023544, 33.522336 ], [ -112.023932, 33.522534 ], [ -112.024102, 33.522677 ], [ -112.024522, 33.523122 ], [ -112.024602, 33.523187 ], [ -112.024752, 33.523308 ], [ -112.026333, 33.524133 ], [ -112.026589, 33.524222 ], [ -112.027069, 33.524195 ], [ -112.027553, 33.524025 ], [ -112.027929, 33.523893 ], [ -112.028506, 33.523805 ], [ -112.029123, 33.523843 ], [ -112.029596, 33.523964 ], [ -112.029858, 33.524064 ], [ -112.02998, 33.52414 ], [ -112.029993, 33.524146 ], [ -112.030219, 33.524361 ], [ -112.030337, 33.524552 ], [ -112.03037, 33.524647 ], [ -112.03037, 33.524898 ], [ -112.030294, 33.525302 ], [ -112.030291, 33.525317 ], [ -112.030363, 33.52552 ], [ -112.030593, 33.525708 ], [ -112.031492, 33.526269 ], [ -112.031741, 33.526373 ], [ -112.031925, 33.526313 ], [ -112.032345, 33.526021 ], [ -112.032549, 33.525993 ], [ -112.032746, 33.526016 ], [ -112.033041, 33.52611 ], [ -112.035673, 33.528353 ], [ -112.03583, 33.528469 ], [ -112.03648, 33.528711 ], [ -112.036677, 33.528854 ], [ -112.037097, 33.529299 ], [ -112.037537, 33.529826 ], [ -112.038415, 33.531024 ], [ -112.038888, 33.531669 ], [ -112.039171, 33.531933 ], [ -112.039938, 33.53255 ], [ -112.040141, 33.532713 ], [ -112.041468, 33.53378 ], [ -112.041573, 33.53405 ], [ -112.041606, 33.534132 ], [ -112.041708, 33.534531 ], [ -112.04177, 33.53477 ], [ -112.041894, 33.535034 ], [ -112.04215, 33.535325 ], [ -112.042472, 33.535562 ], [ -112.043365, 33.536063 ], [ -112.043634, 33.536305 ], [ -112.043909, 33.536645 ], [ -112.044684, 33.53714 ], [ -112.045281, 33.537608 ], [ -112.045616, 33.537982 ], [ -112.045825, 33.538272 ], [ -112.046089, 33.538641 ], [ -112.046765, 33.539113 ], [ -112.046929, 33.53929 ], [ -112.047097, 33.539524 ], [ -112.047405, 33.539953 ], [ -112.047486, 33.540067 ], [ -112.047533, 33.540132 ], [ -112.048209, 33.541418 ], [ -112.048583, 33.541913 ], [ -112.049124, 33.542511 ], [ -112.049404, 33.54282 ], [ -112.049614, 33.543013 ], [ -112.049981, 33.543232 ], [ -112.050382, 33.543363 ], [ -112.050959, 33.543298 ], [ -112.051406, 33.543326 ], [ -112.052277, 33.54358 ], [ -112.053408, 33.543909 ], [ -112.053809, 33.544074 ], [ -112.054085, 33.544217 ], [ -112.054584, 33.544651 ], [ -112.054951, 33.544932 ], [ -112.055161, 33.545064 ], [ -112.055345, 33.545147 ], [ -112.055575, 33.545251 ], [ -112.056417, 33.545583 ], [ -112.057039, 33.545828 ], [ -112.057282, 33.545949 ], [ -112.057446, 33.546081 ], [ -112.057741, 33.546449 ], [ -112.058227, 33.547274 ], [ -112.059501, 33.549407 ], [ -112.059757, 33.549785 ], [ -112.060118, 33.550122 ], [ -112.061504, 33.551188 ], [ -112.061642, 33.551336 ], [ -112.06176, 33.551524 ], [ -112.061858, 33.551771 ], [ -112.061917, 33.552034 ], [ -112.061917, 33.552436 ], [ -112.061869, 33.552703 ], [ -112.061655, 33.553882 ], [ -112.061589, 33.554712 ], [ -112.061668, 33.555185 ], [ -112.061878, 33.555603 ], [ -112.062121, 33.55596 ], [ -112.062235, 33.556093 ], [ -112.062396, 33.55628 ], [ -112.062462, 33.556356 ], [ -112.062784, 33.556576 ], [ -112.065261, 33.557487 ], [ -112.065713, 33.557653 ], [ -112.065752, 33.557692 ], [ -112.065798, 33.557681 ], [ -112.066803, 33.558066 ], [ -112.067832, 33.558486 ], [ -112.068983, 33.558956 ], [ -112.07159, 33.559907 ], [ -112.072536, 33.560281 ], [ -112.072694, 33.560363 ], [ -112.072904, 33.56055 ], [ -112.073009, 33.560704 ], [ -112.073469, 33.561914 ], [ -112.073613, 33.562161 ], [ -112.073784, 33.562359 ], [ -112.073884, 33.562433 ], [ -112.075512, 33.563639 ], [ -112.077317, 33.564975 ], [ -112.077686, 33.565351 ], [ -112.077882, 33.56544 ], [ -112.078048, 33.565608 ], [ -112.078203, 33.565776 ], [ -112.078248, 33.565835 ], [ -112.07844, 33.566053 ], [ -112.078467, 33.566179 ], [ -112.078466, 33.566196 ], [ -112.07848, 33.566212 ], [ -112.079321, 33.567042 ], [ -112.079662, 33.567422 ], [ -112.079896, 33.567606 ], [ -112.079912, 33.567619 ], [ -112.080043, 33.567691 ], [ -112.082518, 33.568387 ], [ -112.083406, 33.568636 ], [ -112.083656, 33.568647 ], [ -112.084193, 33.568613 ], [ -112.085341, 33.568539 ], [ -112.086086, 33.568492 ], [ -112.086296, 33.568492 ], [ -112.086578, 33.568542 ], [ -112.086684, 33.568567 ], [ -112.088805, 33.569057 ], [ -112.089409, 33.569196 ], [ -112.09019, 33.569377 ], [ -112.091203, 33.56961 ], [ -112.091489, 33.569677 ], [ -112.093386, 33.570116 ], [ -112.094893, 33.570464 ], [ -112.096319, 33.57087 ], [ -112.097764, 33.571348 ], [ -112.098434, 33.571519 ], [ -112.099637, 33.571695 ], [ -112.102979, 33.572182 ], [ -112.103872, 33.57233 ], [ -112.104207, 33.572413 ], [ -112.104611, 33.572537 ], [ -112.106061, 33.572981 ], [ -112.107058, 33.573286 ], [ -112.107445, 33.573346 ], [ -112.107598, 33.573328 ], [ -112.107977, 33.573285 ], [ -112.108391, 33.573137 ], [ -112.108654, 33.572994 ], [ -112.110584, 33.571652 ], [ -112.110899, 33.571476 ], [ -112.111267, 33.571354 ], [ -112.111444, 33.571332 ], [ -112.112267, 33.571332 ], [ -112.116475, 33.57133 ], [ -112.116846, 33.571265 ], [ -112.116902, 33.571255 ], [ -112.117107, 33.571219 ], [ -112.117328, 33.57118 ], [ -112.117571, 33.571138 ], [ -112.117609, 33.571131 ], [ -112.120785, 33.570575 ], [ -112.122483, 33.570277 ], [ -112.125314, 33.570303 ], [ -112.125708, 33.570303 ], [ -112.128196, 33.570257 ], [ -112.128505, 33.570279 ], [ -112.128886, 33.570361 ], [ -112.129796, 33.570669 ], [ -112.134217, 33.572164 ], [ -112.136279, 33.572861 ], [ -112.137678, 33.57335 ], [ -112.138499, 33.573834 ], [ -112.138945, 33.574142 ], [ -112.143152, 33.576802 ], [ -112.145224, 33.578111 ], [ -112.145964, 33.578578 ], [ -112.146562, 33.578956 ], [ -112.147058, 33.57927 ], [ -112.147612, 33.57962 ], [ -112.147638, 33.579637 ], [ -112.148197, 33.579968 ], [ -112.148219, 33.579982 ], [ -112.148837, 33.580379 ], [ -112.149945, 33.58109 ], [ -112.151178, 33.581882 ], [ -112.151253, 33.581923 ], [ -112.151328, 33.581963 ], [ -112.151517, 33.582065 ], [ -112.151736, 33.582184 ], [ -112.152235, 33.58241 ], [ -112.155621, 33.583818 ], [ -112.156123, 33.584027 ], [ -112.156543, 33.584258 ], [ -112.15697, 33.584643 ], [ -112.157975, 33.58605 ], [ -112.157975, 33.586083 ], [ -112.158172, 33.586369 ], [ -112.158257, 33.586446 ], [ -112.158316, 33.586567 ], [ -112.158822, 33.587243 ], [ -112.158974, 33.587489 ], [ -112.159002, 33.587526 ], [ -112.159027, 33.587567 ], [ -112.159088, 33.587652 ], [ -112.159203, 33.58781 ], [ -112.159511, 33.588134 ], [ -112.159654, 33.588245 ], [ -112.159761, 33.588327 ], [ -112.160083, 33.588514 ], [ -112.16046, 33.588677 ], [ -112.162191, 33.589427 ], [ -112.162723, 33.589641 ], [ -112.163255, 33.589955 ], [ -112.163656, 33.590318 ], [ -112.163977, 33.590719 ], [ -112.165462, 33.592407 ], [ -112.165895, 33.59294 ], [ -112.166039, 33.593171 ], [ -112.166112, 33.593391 ], [ -112.166164, 33.593655 ], [ -112.16619, 33.594298 ], [ -112.166236, 33.594474 ], [ -112.166335, 33.59465 ], [ -112.166519, 33.594837 ], [ -112.16686, 33.595041 ], [ -112.167202, 33.595172 ], [ -112.167305, 33.595196 ], [ -112.16778, 33.595304 ], [ -112.168663, 33.595468 ], [ -112.168777, 33.595489 ], [ -112.168775, 33.595592 ], [ -112.168758, 33.596355 ], [ -112.168716, 33.596964 ], [ -112.168742, 33.597594 ], [ -112.16872, 33.598152 ] ], [ [ -112.204028, 33.873862 ], [ -112.203868, 33.873861 ], [ -112.203621, 33.873849 ], [ -112.203617, 33.875132 ], [ -112.203629, 33.87516 ], [ -112.203601, 33.875803 ], [ -112.203617, 33.876073 ], [ -112.203641, 33.876325 ], [ -112.203657, 33.876861 ], [ -112.203686, 33.877369 ], [ -112.203721, 33.877506 ], [ -112.203721, 33.877525 ], [ -112.20542, 33.877486 ], [ -112.206298, 33.877464 ], [ -112.207512, 33.877486 ], [ -112.207861, 33.877488 ], [ -112.20793, 33.877488 ], [ -112.207928, 33.877402 ], [ -112.207932, 33.876986 ], [ -112.20793, 33.876578 ], [ -112.207932, 33.876224 ], [ -112.207938, 33.875396 ], [ -112.207922, 33.87417 ], [ -112.20825, 33.874173 ], [ -112.210278, 33.874193 ], [ -112.210527, 33.873897 ], [ -112.21035, 33.873899 ], [ -112.210055, 33.873896 ], [ -112.208538, 33.873885 ], [ -112.208442, 33.873928 ], [ -112.20825, 33.873969 ], [ -112.206691, 33.873929 ], [ -112.204028, 33.873862 ] ], [ [ -112.147098, 33.882795 ], [ -112.146985, 33.882829 ], [ -112.147055, 33.883892 ], [ -112.14709, 33.884905 ], [ -112.147114, 33.885614 ], [ -112.147218, 33.88561 ], [ -112.147425, 33.885615 ], [ -112.14778, 33.885625 ], [ -112.148002, 33.885632 ], [ -112.148127, 33.885715 ], [ -112.148116, 33.885401 ], [ -112.148094, 33.884701 ], [ -112.150608, 33.884707 ], [ -112.150608, 33.883802 ], [ -112.150128, 33.883802 ], [ -112.150127, 33.882778 ], [ -112.147881, 33.88279 ], [ -112.147655, 33.882792 ], [ -112.147301, 33.882793 ], [ -112.147098, 33.882795 ] ], [ [ -112.097096, 33.716498 ], [ -112.095957, 33.716511 ], [ -112.095899, 33.716511 ], [ -112.095897, 33.716285 ], [ -112.095889, 33.715663 ], [ -112.095879, 33.715187 ], [ -112.095878, 33.71513 ], [ -112.095866, 33.714699 ], [ -112.095862, 33.714555 ], [ -112.09584, 33.713796 ], [ -112.095835, 33.713607 ], [ -112.09583, 33.713167 ], [ -112.095829, 33.713056 ], [ -112.095828, 33.712987 ], [ -112.095466, 33.712992 ], [ -112.094496, 33.712993 ], [ -112.093729, 33.712993 ], [ -112.093514, 33.713021 ], [ -112.092864, 33.713022 ], [ -112.092217, 33.71303 ], [ -112.091292, 33.713041 ], [ -112.091302, 33.713147 ], [ -112.091303, 33.713172 ], [ -112.091318, 33.713559 ], [ -112.091331, 33.713901 ], [ -112.091365, 33.714427 ], [ -112.091371, 33.714523 ], [ -112.091368, 33.714742 ], [ -112.091262, 33.714744 ], [ -112.090158, 33.714754 ], [ -112.090115, 33.714759 ], [ -112.090165, 33.71566 ], [ -112.090511, 33.715656 ], [ -112.091122, 33.715651 ], [ -112.091367, 33.715632 ], [ -112.091418, 33.716919 ], [ -112.091478, 33.718165 ], [ -112.091489, 33.718384 ], [ -112.091339, 33.71839 ], [ -112.091208, 33.718404 ], [ -112.090927, 33.718406 ], [ -112.090912, 33.718406 ], [ -112.090902, 33.718291 ], [ -112.090869, 33.717357 ], [ -112.089828, 33.717363 ], [ -112.089832, 33.717411 ], [ -112.089877, 33.718414 ], [ -112.089345, 33.718413 ], [ -112.089317, 33.71756 ], [ -112.089313, 33.717478 ], [ -112.089292, 33.717479 ], [ -112.089203, 33.717479 ], [ -112.087234, 33.717498 ], [ -112.087105, 33.7175 ], [ -112.087107, 33.717354 ], [ -112.08708, 33.7166 ], [ -112.087693, 33.716593 ], [ -112.089253, 33.716579 ], [ -112.089245, 33.716455 ], [ -112.089245, 33.716229 ], [ -112.089236, 33.715925 ], [ -112.089238, 33.715809 ], [ -112.08924, 33.715798 ], [ -112.089254, 33.715698 ], [ -112.089262, 33.715557 ], [ -112.089226, 33.714849 ], [ -112.089212, 33.714724 ], [ -112.089206, 33.714667 ], [ -112.089152, 33.714361 ], [ -112.089136, 33.714212 ], [ -112.089115, 33.713283 ], [ -112.089111, 33.713104 ], [ -112.089111, 33.713072 ], [ -112.089111, 33.71305 ], [ -112.088038, 33.713061 ], [ -112.088041, 33.713123 ], [ -112.088043, 33.713178 ], [ -112.086977, 33.71318 ], [ -112.086943, 33.713181 ], [ -112.086944, 33.713125 ], [ -112.086946, 33.713087 ], [ -112.086946, 33.713073 ], [ -112.08566, 33.713077 ], [ -112.084787, 33.713087 ], [ -112.082666, 33.713103 ], [ -112.082545, 33.713101 ], [ -112.08254, 33.713197 ], [ -112.082604, 33.713192 ], [ -112.082634, 33.7139 ], [ -112.082646, 33.714172 ], [ -112.082657, 33.714442 ], [ -112.082731, 33.716151 ], [ -112.082738, 33.716306 ], [ -112.082756, 33.716354 ], [ -112.08278, 33.716447 ], [ -112.08279, 33.71656 ], [ -112.082786, 33.716761 ], [ -112.082793, 33.717282 ], [ -112.082804, 33.717696 ], [ -112.082837, 33.718173 ], [ -112.082859, 33.719088 ], [ -112.082899, 33.720172 ], [ -112.082904, 33.72031 ], [ -112.082436, 33.720327 ], [ -112.081918, 33.720312 ], [ -112.081723, 33.720302 ], [ -112.081439, 33.720301 ], [ -112.080578, 33.720288 ], [ -112.080076, 33.72028 ], [ -112.079293, 33.720274 ], [ -112.079077, 33.720269 ], [ -112.07843, 33.720256 ], [ -112.078053, 33.720253 ], [ -112.077834, 33.720252 ], [ -112.077069, 33.720253 ], [ -112.075451, 33.720218 ], [ -112.07464, 33.720218 ], [ -112.07436, 33.720214 ], [ -112.072841, 33.720186 ], [ -112.072805, 33.720186 ], [ -112.072232, 33.720182 ], [ -112.071989, 33.720179 ], [ -112.071571, 33.720175 ], [ -112.070779, 33.720166 ], [ -112.07013, 33.720167 ], [ -112.069798, 33.720168 ], [ -112.069473, 33.720182 ], [ -112.068948, 33.720159 ], [ -112.068804, 33.720148 ], [ -112.068495, 33.720135 ], [ -112.067977, 33.720136 ], [ -112.067491, 33.720125 ], [ -112.066492, 33.720112 ], [ -112.066488, 33.720126 ], [ -112.066319, 33.720116 ], [ -112.065825, 33.720085 ], [ -112.065783, 33.720084 ], [ -112.065886, 33.725866 ], [ -112.066271, 33.725861 ], [ -112.066584, 33.725857 ], [ -112.067327, 33.725849 ], [ -112.070326, 33.725818 ], [ -112.071244, 33.725808 ], [ -112.072385, 33.725796 ], [ -112.073646, 33.725784 ], [ -112.074287, 33.725776 ], [ -112.0745, 33.725773 ], [ -112.0745, 33.725735 ], [ -112.074497, 33.725604 ], [ -112.075154, 33.725565 ], [ -112.075225, 33.725561 ], [ -112.075484, 33.725614 ], [ -112.075568, 33.725631 ], [ -112.075571, 33.725764 ], [ -112.078713, 33.725747 ], [ -112.080847, 33.725746 ], [ -112.081233, 33.725745 ], [ -112.081386, 33.725748 ], [ -112.083098, 33.725788 ], [ -112.083098, 33.725715 ], [ -112.083099, 33.725524 ], [ -112.083091, 33.725363 ], [ -112.083273, 33.725363 ], [ -112.083626, 33.72536 ], [ -112.085233, 33.725346 ], [ -112.085235, 33.725398 ], [ -112.085239, 33.725649 ], [ -112.085239, 33.725715 ], [ -112.085263, 33.725716 ], [ -112.086102, 33.725707 ], [ -112.086351, 33.725703 ], [ -112.08656, 33.725702 ], [ -112.08659, 33.725704 ], [ -112.087443, 33.725693 ], [ -112.087441, 33.725392 ], [ -112.088528, 33.725381 ], [ -112.088527, 33.725328 ], [ -112.088526, 33.725281 ], [ -112.088525, 33.725231 ], [ -112.088528, 33.725184 ], [ -112.088531, 33.725151 ], [ -112.089054, 33.725154 ], [ -112.089185, 33.725071 ], [ -112.089575, 33.725051 ], [ -112.089582, 33.725251 ], [ -112.089589, 33.72542 ], [ -112.089592, 33.725477 ], [ -112.089965, 33.725485 ], [ -112.089975, 33.725669 ], [ -112.090289, 33.725665 ], [ -112.090628, 33.725662 ], [ -112.090654, 33.725662 ], [ -112.091024, 33.725658 ], [ -112.091186, 33.72565 ], [ -112.091776, 33.725652 ], [ -112.092038, 33.72565 ], [ -112.093528, 33.725634 ], [ -112.094686, 33.725623 ], [ -112.095013, 33.72562 ], [ -112.095283, 33.725617 ], [ -112.094754, 33.725231 ], [ -112.095928, 33.725219 ], [ -112.096131, 33.725217 ], [ -112.09614, 33.725608 ], [ -112.096566, 33.725604 ], [ -112.099627, 33.725576 ], [ -112.099664, 33.725576 ], [ -112.099705, 33.725426 ], [ -112.099752, 33.725233 ], [ -112.099797, 33.724975 ], [ -112.099814, 33.724808 ], [ -112.09982, 33.724714 ], [ -112.099823, 33.7246 ], [ -112.099817, 33.724306 ], [ -112.099816, 33.723764 ], [ -112.099818, 33.72369 ], [ -112.099815, 33.723405 ], [ -112.099812, 33.723035 ], [ -112.09981, 33.722785 ], [ -112.099803, 33.721732 ], [ -112.099798, 33.721009 ], [ -112.098924, 33.721017 ], [ -112.098911, 33.720053 ], [ -112.099806, 33.72004 ], [ -112.099853, 33.719931 ], [ -112.099875, 33.719873 ], [ -112.099887, 33.719803 ], [ -112.099887, 33.719618 ], [ -112.099891, 33.71919 ], [ -112.099785, 33.719192 ], [ -112.099799, 33.718315 ], [ -112.099622, 33.718312 ], [ -112.097118, 33.718338 ], [ -112.097111, 33.717925 ], [ -112.097096, 33.716498 ] ], [ [ -112.095618, 33.705711 ], [ -112.094857, 33.70572 ], [ -112.094847, 33.706535 ], [ -112.093792, 33.706547 ], [ -112.093726, 33.706548 ], [ -112.093718, 33.706918 ], [ -112.093686, 33.708362 ], [ -112.093432, 33.708365 ], [ -112.092854, 33.708372 ], [ -112.091356, 33.708383 ], [ -112.091351, 33.708713 ], [ -112.091331, 33.709275 ], [ -112.09032, 33.709317 ], [ -112.090337, 33.707506 ], [ -112.090085, 33.707506 ], [ -112.089789, 33.707508 ], [ -112.088165, 33.70751 ], [ -112.088142, 33.705761 ], [ -112.084841, 33.705779 ], [ -112.084764, 33.707331 ], [ -112.084755, 33.707513 ], [ -112.084756, 33.707567 ], [ -112.08476, 33.70762 ], [ -112.084764, 33.70767 ], [ -112.084764, 33.707719 ], [ -112.084763, 33.70777 ], [ -112.084765, 33.707817 ], [ -112.084766, 33.707865 ], [ -112.084764, 33.707926 ], [ -112.084767, 33.707982 ], [ -112.084769, 33.708036 ], [ -112.084768, 33.708082 ], [ -112.084771, 33.70813 ], [ -112.084778, 33.70818 ], [ -112.084783, 33.708228 ], [ -112.084784, 33.708276 ], [ -112.084787, 33.708325 ], [ -112.084785, 33.708372 ], [ -112.084786, 33.70842 ], [ -112.084781, 33.708469 ], [ -112.084781, 33.708516 ], [ -112.084782, 33.708564 ], [ -112.084777, 33.708615 ], [ -112.084776, 33.708662 ], [ -112.084776, 33.708708 ], [ -112.084791, 33.709367 ], [ -112.084753, 33.709368 ], [ -112.08369, 33.709378 ], [ -112.083698, 33.708641 ], [ -112.083694, 33.708184 ], [ -112.083685, 33.707519 ], [ -112.083628, 33.70752 ], [ -112.082938, 33.707505 ], [ -112.082782, 33.707513 ], [ -112.082676, 33.70753 ], [ -112.082587, 33.70756 ], [ -112.082587, 33.707808 ], [ -112.082587, 33.708327 ], [ -112.082587, 33.708926 ], [ -112.082587, 33.709319 ], [ -112.082588, 33.710009 ], [ -112.082591, 33.710946 ], [ -112.082592, 33.711482 ], [ -112.082593, 33.711881 ], [ -112.082725, 33.711879 ], [ -112.082724, 33.711918 ], [ -112.082657, 33.711919 ], [ -112.082668, 33.712672 ], [ -112.082664, 33.712914 ], [ -112.084789, 33.712899 ], [ -112.085657, 33.712889 ], [ -112.086952, 33.712879 ], [ -112.089084, 33.712862 ], [ -112.090261, 33.712844 ], [ -112.09026, 33.712816 ], [ -112.090255, 33.712485 ], [ -112.090237, 33.711093 ], [ -112.089193, 33.711125 ], [ -112.089195, 33.711013 ], [ -112.089219, 33.709948 ], [ -112.0902, 33.709938 ], [ -112.090287, 33.709937 ], [ -112.091326, 33.709927 ], [ -112.092281, 33.70992 ], [ -112.092935, 33.709912 ], [ -112.093169, 33.709909 ], [ -112.093509, 33.709904 ], [ -112.094479, 33.709893 ], [ -112.095924, 33.709875 ], [ -112.096119, 33.709873 ], [ -112.096959, 33.709863 ], [ -112.097617, 33.709855 ], [ -112.097975, 33.70985 ], [ -112.098195, 33.709848 ], [ -112.098195, 33.70955 ], [ -112.098197, 33.709231 ], [ -112.097082, 33.709228 ], [ -112.097063, 33.708322 ], [ -112.098189, 33.708308 ], [ -112.09819, 33.708085 ], [ -112.098194, 33.707423 ], [ -112.098205, 33.706492 ], [ -112.097339, 33.706502 ], [ -112.096172, 33.706516 ], [ -112.09596, 33.706519 ], [ -112.095962, 33.706336 ], [ -112.095969, 33.705706 ], [ -112.095618, 33.705711 ] ], [ [ -112.088534, 33.725598 ], [ -112.088535, 33.725646 ], [ -112.08854, 33.725682 ], [ -112.088885, 33.72568 ], [ -112.088874, 33.725437 ], [ -112.088739, 33.725438 ], [ -112.088549, 33.72544 ], [ -112.088529, 33.72544 ], [ -112.088529, 33.72549 ], [ -112.08853, 33.725543 ], [ -112.088534, 33.725598 ] ], [ [ -112.082407, 33.709396 ], [ -112.082403, 33.708931 ], [ -112.082403, 33.70832 ], [ -112.082403, 33.70781 ], [ -112.082403, 33.707586 ], [ -112.080497, 33.707563 ], [ -112.080494, 33.709374 ], [ -112.082407, 33.709396 ] ], [ [ -112.076617, 33.70201 ], [ -112.076635, 33.7007 ], [ -112.076637, 33.700157 ], [ -112.075306, 33.700155 ], [ -112.074335, 33.700155 ], [ -112.074327, 33.700686 ], [ -112.07431, 33.701997 ], [ -112.075036, 33.702002 ], [ -112.076617, 33.70201 ] ], [ [ -112.050956, 33.698667 ], [ -112.048557, 33.698732 ], [ -112.048592, 33.704265 ], [ -112.048593, 33.704419 ], [ -112.048595, 33.704731 ], [ -112.0486, 33.705512 ], [ -112.048603, 33.70595 ], [ -112.048511, 33.705972 ], [ -112.04838, 33.706175 ], [ -112.048465, 33.706329 ], [ -112.048605, 33.706347 ], [ -112.048607, 33.7074 ], [ -112.048504, 33.70742 ], [ -112.048504, 33.709726 ], [ -112.048613, 33.709764 ], [ -112.048631, 33.710078 ], [ -112.048631, 33.71031 ], [ -112.048563, 33.710304 ], [ -112.048511, 33.71026 ], [ -112.048485, 33.710046 ], [ -112.048399, 33.709958 ], [ -112.047972, 33.709962 ], [ -112.047795, 33.709963 ], [ -112.047743, 33.709966 ], [ -112.047602, 33.710041 ], [ -112.047552, 33.710057 ], [ -112.047491, 33.710061 ], [ -112.047469, 33.710059 ], [ -112.047453, 33.710051 ], [ -112.047327, 33.710051 ], [ -112.047143, 33.710166 ], [ -112.047116, 33.710408 ], [ -112.047254, 33.710755 ], [ -112.047096, 33.71098 ], [ -112.047129, 33.711486 ], [ -112.047182, 33.711546 ], [ -112.047445, 33.71159 ], [ -112.047425, 33.711656 ], [ -112.047241, 33.7117 ], [ -112.047215, 33.711766 ], [ -112.047267, 33.712118 ], [ -112.04759, 33.712514 ], [ -112.047879, 33.712706 ], [ -112.047968, 33.71272 ], [ -112.048017, 33.712728 ], [ -112.048201, 33.71297 ], [ -112.04828, 33.713014 ], [ -112.048806, 33.712877 ], [ -112.048859, 33.713075 ], [ -112.049175, 33.713025 ], [ -112.049385, 33.713135 ], [ -112.049754, 33.713135 ], [ -112.049885, 33.713086 ], [ -112.049912, 33.712932 ], [ -112.049833, 33.712734 ], [ -112.049846, 33.712627 ], [ -112.051129, 33.712622 ], [ -112.055265, 33.712619 ], [ -112.05563, 33.712618 ], [ -112.057278, 33.712616 ], [ -112.05726, 33.71097 ], [ -112.057217, 33.707185 ], [ -112.057213, 33.706838 ], [ -112.057246, 33.706499 ], [ -112.057205, 33.706233 ], [ -112.057117, 33.698486 ], [ -112.050956, 33.698667 ] ], [ [ -112.031895, 33.700463 ], [ -112.031648, 33.700468 ], [ -112.031585, 33.700459 ], [ -112.031519, 33.700434 ], [ -112.031319, 33.700436 ], [ -112.031326, 33.701376 ], [ -112.031326, 33.701845 ], [ -112.03217, 33.701851 ], [ -112.033493, 33.701866 ], [ -112.033482, 33.700567 ], [ -112.033495, 33.700468 ], [ -112.033446, 33.700473 ], [ -112.033398, 33.700492 ], [ -112.033354, 33.700498 ], [ -112.032719, 33.700488 ], [ -112.032139, 33.700478 ], [ -112.031895, 33.700463 ] ], [ [ -111.989552, 33.730214 ], [ -111.989497, 33.73022 ], [ -111.989427, 33.730215 ], [ -111.989334, 33.730198 ], [ -111.989236, 33.730192 ], [ -111.989122, 33.730189 ], [ -111.988548, 33.730213 ], [ -111.988217, 33.730209 ], [ -111.988137, 33.73021 ], [ -111.98774, 33.730213 ], [ -111.987417, 33.730216 ], [ -111.986823, 33.730216 ], [ -111.986821, 33.729938 ], [ -111.98685, 33.729653 ], [ -111.986848, 33.729598 ], [ -111.986821, 33.72949 ], [ -111.986792, 33.729417 ], [ -111.986782, 33.729368 ], [ -111.986785, 33.729219 ], [ -111.986811, 33.729006 ], [ -111.986814, 33.728575 ], [ -111.986802, 33.728485 ], [ -111.986784, 33.728465 ], [ -111.986725, 33.728418 ], [ -111.986656, 33.728382 ], [ -111.98658, 33.728359 ], [ -111.986519, 33.72835 ], [ -111.986013, 33.728352 ], [ -111.985494, 33.728343 ], [ -111.984623, 33.728354 ], [ -111.984267, 33.728359 ], [ -111.984141, 33.728361 ], [ -111.983951, 33.728366 ], [ -111.983651, 33.728375 ], [ -111.982438, 33.72839 ], [ -111.982486, 33.73127 ], [ -111.982573, 33.731277 ], [ -111.982638, 33.731275 ], [ -111.982709, 33.731256 ], [ -111.982918, 33.731163 ], [ -111.982923, 33.731223 ], [ -111.98293, 33.731356 ], [ -111.983059, 33.732009 ], [ -111.982482, 33.732018 ], [ -111.982488, 33.732421 ], [ -111.982489, 33.732592 ], [ -111.982491, 33.733006 ], [ -111.982486, 33.733053 ], [ -111.982478, 33.7331 ], [ -111.982494, 33.733191 ], [ -111.982496, 33.733372 ], [ -111.982497, 33.733508 ], [ -111.982503, 33.733823 ], [ -111.982431, 33.733829 ], [ -111.982451, 33.7343 ], [ -111.982455, 33.735595 ], [ -111.982457, 33.736359 ], [ -111.982458, 33.73655 ], [ -111.98245, 33.73715 ], [ -111.982493, 33.737452 ], [ -111.984679, 33.73744 ], [ -111.984673, 33.739413 ], [ -111.984669, 33.740957 ], [ -111.983695, 33.740955 ], [ -111.983495, 33.740971 ], [ -111.981755, 33.74101 ], [ -111.981627, 33.741013 ], [ -111.981065, 33.741038 ], [ -111.978241, 33.741041 ], [ -111.978129, 33.741045 ], [ -111.978128, 33.740998 ], [ -111.978127, 33.740981 ], [ -111.978128, 33.740794 ], [ -111.97773, 33.741136 ], [ -111.97672, 33.741111 ], [ -111.976182, 33.741111 ], [ -111.975252, 33.741126 ], [ -111.974585, 33.74112 ], [ -111.973419, 33.741125 ], [ -111.973337, 33.741126 ], [ -111.970229, 33.741126 ], [ -111.969853, 33.74113 ], [ -111.969586, 33.741129 ], [ -111.969522, 33.741128 ], [ -111.969491, 33.741128 ], [ -111.96949, 33.741221 ], [ -111.96949, 33.741261 ], [ -111.969509, 33.741261 ], [ -111.969572, 33.741261 ], [ -111.969878, 33.74126 ], [ -111.972885, 33.741253 ], [ -111.973337, 33.741253 ], [ -111.973417, 33.741252 ], [ -111.975654, 33.741247 ], [ -111.976853, 33.741245 ], [ -111.97773, 33.741244 ], [ -111.977897, 33.741244 ], [ -111.978032, 33.741243 ], [ -111.97813, 33.741243 ], [ -111.978153, 33.741243 ], [ -111.978152, 33.741139 ], [ -111.978181, 33.741139 ], [ -111.978204, 33.741139 ], [ -111.97824, 33.741139 ], [ -111.979066, 33.741141 ], [ -111.979962, 33.741136 ], [ -111.980498, 33.741137 ], [ -111.981063, 33.741129 ], [ -111.98162, 33.741108 ], [ -111.981757, 33.741103 ], [ -111.982314, 33.741082 ], [ -111.982812, 33.741069 ], [ -111.983399, 33.741062 ], [ -111.9835, 33.741063 ], [ -111.9837, 33.741065 ], [ -111.985175, 33.741065 ], [ -111.985244, 33.741066 ], [ -111.985467, 33.741069 ], [ -111.985525, 33.741069 ], [ -111.986867, 33.741064 ], [ -111.986957, 33.741064 ], [ -111.98711, 33.741063 ], [ -111.990754, 33.741049 ], [ -111.991156, 33.741048 ], [ -111.991126, 33.741094 ], [ -111.991105, 33.741159 ], [ -111.991095, 33.741971 ], [ -111.99109, 33.742196 ], [ -111.991103, 33.742231 ], [ -111.991116, 33.742253 ], [ -111.991108, 33.742583 ], [ -111.991092, 33.742844 ], [ -111.99111, 33.742878 ], [ -111.99113, 33.742898 ], [ -111.99116, 33.74292 ], [ -111.99117, 33.742948 ], [ -111.991152, 33.743392 ], [ -111.991144, 33.743591 ], [ -111.99114, 33.744207 ], [ -111.990117, 33.744208 ], [ -111.990117, 33.743396 ], [ -111.990117, 33.743318 ], [ -111.989071, 33.74332 ], [ -111.989072, 33.743397 ], [ -111.989072, 33.743691 ], [ -111.989049, 33.744723 ], [ -111.989044, 33.745341 ], [ -111.989043, 33.745395 ], [ -111.989038, 33.74559 ], [ -111.987144, 33.74559 ], [ -111.987104, 33.745589 ], [ -111.987104, 33.746536 ], [ -111.987104, 33.746631 ], [ -111.987052, 33.747471 ], [ -111.987049, 33.747867 ], [ -111.987049, 33.748216 ], [ -111.988976, 33.748205 ], [ -111.990532, 33.748222 ], [ -111.990529, 33.747393 ], [ -111.990035, 33.747393 ], [ -111.990044, 33.746984 ], [ -111.990055, 33.746456 ], [ -111.991167, 33.746466 ], [ -111.992287, 33.746463 ], [ -111.992599, 33.746484 ], [ -111.992842, 33.746517 ], [ -111.993087, 33.746538 ], [ -111.993381, 33.746533 ], [ -111.993381, 33.74637 ], [ -111.993382, 33.74506 ], [ -111.993381, 33.745012 ], [ -111.993792, 33.745011 ], [ -111.993792, 33.744668 ], [ -111.994507, 33.74466 ], [ -111.995131, 33.744654 ], [ -111.995531, 33.74465 ], [ -111.995535, 33.743146 ], [ -111.995509, 33.741474 ], [ -111.995517, 33.741046 ], [ -111.995504, 33.73987 ], [ -111.995505, 33.739101 ], [ -111.995506, 33.737031 ], [ -111.995514, 33.736032 ], [ -111.995513, 33.735818 ], [ -111.995504, 33.734306 ], [ -111.995493, 33.733956 ], [ -111.995546, 33.733248 ], [ -111.995545, 33.731348 ], [ -111.995545, 33.730562 ], [ -111.995541, 33.730222 ], [ -111.989791, 33.730171 ], [ -111.989683, 33.730173 ], [ -111.989624, 33.730185 ], [ -111.989552, 33.730214 ] ], [ [ -111.995175, 33.780967 ], [ -111.995372, 33.780966 ], [ -111.995384, 33.780948 ], [ -111.995437, 33.780903 ], [ -111.995461, 33.780865 ], [ -111.995482, 33.780778 ], [ -111.995498, 33.780661 ], [ -111.995521, 33.780385 ], [ -111.995539, 33.779931 ], [ -111.995532, 33.779182 ], [ -111.993934, 33.779176 ], [ -111.993404, 33.779158 ], [ -111.993403, 33.780882 ], [ -111.993405, 33.780973 ], [ -111.994971, 33.780968 ], [ -111.995175, 33.780967 ] ], [ [ -111.992558, 33.773637 ], [ -111.991961, 33.773662 ], [ -111.990667, 33.773567 ], [ -111.990508, 33.773561 ], [ -111.990448, 33.773564 ], [ -111.990401, 33.77357 ], [ -111.990309, 33.773591 ], [ -111.99017, 33.773615 ], [ -111.989919, 33.77365 ], [ -111.989617, 33.77368 ], [ -111.989404, 33.773692 ], [ -111.989223, 33.773686 ], [ -111.989037, 33.773628 ], [ -111.988951, 33.773611 ], [ -111.98885, 33.773605 ], [ -111.988626, 33.773597 ], [ -111.987316, 33.773658 ], [ -111.986982, 33.773659 ], [ -111.986984, 33.773748 ], [ -111.986982, 33.77643 ], [ -111.986755, 33.776432 ], [ -111.986296, 33.776431 ], [ -111.986104, 33.776431 ], [ -111.985792, 33.77643 ], [ -111.985793, 33.776263 ], [ -111.985793, 33.773754 ], [ -111.985794, 33.773665 ], [ -111.986834, 33.773658 ], [ -111.986925, 33.773659 ], [ -111.986963, 33.773465 ], [ -111.986982, 33.773464 ], [ -111.986988, 33.770647 ], [ -111.986989, 33.770066 ], [ -111.986856, 33.770072 ], [ -111.986012, 33.770076 ], [ -111.984806, 33.770099 ], [ -111.984654, 33.770105 ], [ -111.98455, 33.770098 ], [ -111.984355, 33.770107 ], [ -111.984178, 33.770111 ], [ -111.983821, 33.770681 ], [ -111.983599, 33.771038 ], [ -111.983637, 33.771036 ], [ -111.983077, 33.77195 ], [ -111.98304, 33.771951 ], [ -111.983075, 33.771895 ], [ -111.980854, 33.771898 ], [ -111.9798, 33.773604 ], [ -111.979717, 33.773737 ], [ -111.979267, 33.774465 ], [ -111.979267, 33.77475 ], [ -111.979268, 33.775651 ], [ -111.980353, 33.775642 ], [ -111.980308, 33.777393 ], [ -111.979744, 33.77739 ], [ -111.97927, 33.777397 ], [ -111.979022, 33.777402 ], [ -111.978903, 33.777415 ], [ -111.978817, 33.777408 ], [ -111.978184, 33.777412 ], [ -111.978184, 33.777497 ], [ -111.978605, 33.77749 ], [ -111.97872, 33.777492 ], [ -111.978905, 33.777494 ], [ -111.980311, 33.777486 ], [ -111.982532, 33.777474 ], [ -111.982533, 33.777389 ], [ -111.982532, 33.776739 ], [ -111.982531, 33.775588 ], [ -111.983607, 33.775588 ], [ -111.983611, 33.776032 ], [ -111.984191, 33.776032 ], [ -111.984192, 33.777303 ], [ -111.98402, 33.777303 ], [ -111.983623, 33.777303 ], [ -111.983624, 33.777392 ], [ -111.983624, 33.777469 ], [ -111.984027, 33.777466 ], [ -111.984193, 33.777466 ], [ -111.986111, 33.777457 ], [ -111.986915, 33.777452 ], [ -111.986915, 33.77748 ], [ -111.986915, 33.777509 ], [ -111.986915, 33.777563 ], [ -111.986917, 33.777805 ], [ -111.986869, 33.781034 ], [ -111.989101, 33.781051 ], [ -111.989105, 33.78063 ], [ -111.989082, 33.779301 ], [ -111.989082, 33.779249 ], [ -111.991229, 33.779219 ], [ -111.991219, 33.777478 ], [ -111.991219, 33.777436 ], [ -111.992384, 33.777431 ], [ -111.993306, 33.777427 ], [ -111.993405, 33.777427 ], [ -111.993405, 33.778074 ], [ -111.993405, 33.778251 ], [ -111.995384, 33.778243 ], [ -111.995523, 33.778245 ], [ -111.995521, 33.778028 ], [ -111.995514, 33.777351 ], [ -111.995519, 33.777066 ], [ -111.995513, 33.775603 ], [ -111.995527, 33.774687 ], [ -111.995511, 33.774051 ], [ -111.995508, 33.773697 ], [ -111.995509, 33.773638 ], [ -111.995509, 33.773627 ], [ -111.994991, 33.773628 ], [ -111.992558, 33.773637 ] ], [ [ -111.978179, 33.776249 ], [ -111.978041, 33.776472 ], [ -111.977839, 33.776797 ], [ -111.97745, 33.777408 ], [ -111.977821, 33.77741 ], [ -111.978184, 33.777412 ], [ -111.978179, 33.776249 ] ], [ [ -111.982502, 33.78174 ], [ -111.982509, 33.781044 ], [ -111.981611, 33.781017 ], [ -111.978339, 33.780997 ], [ -111.978122, 33.781014 ], [ -111.977125, 33.781013 ], [ -111.977119, 33.781847 ], [ -111.977107, 33.782667 ], [ -111.9771, 33.782859 ], [ -111.978228, 33.782859 ], [ -111.978227, 33.783056 ], [ -111.978227, 33.783172 ], [ -111.978226, 33.783683 ], [ -111.978216, 33.78429 ], [ -111.978217, 33.784667 ], [ -111.982189, 33.784652 ], [ -111.982533, 33.784652 ], [ -111.982631, 33.784652 ], [ -111.982903, 33.784653 ], [ -111.983144, 33.784648 ], [ -111.983149, 33.784619 ], [ -111.983134, 33.783391 ], [ -111.984472, 33.783373 ], [ -111.984445, 33.78285 ], [ -111.982836, 33.782845 ], [ -111.982498, 33.78283 ], [ -111.982487, 33.782384 ], [ -111.9825, 33.782002 ], [ -111.982484, 33.781963 ], [ -111.982502, 33.78174 ] ], [ [ -111.975992, 33.771964 ], [ -111.975991, 33.770696 ], [ -111.975992, 33.770152 ], [ -111.976018, 33.770152 ], [ -111.976949, 33.770149 ], [ -111.978131, 33.770152 ], [ -111.978154, 33.769782 ], [ -111.978144, 33.768751 ], [ -111.978143, 33.768623 ], [ -111.978144, 33.768012 ], [ -111.978138, 33.767547 ], [ -111.978132, 33.767114 ], [ -111.97814, 33.766226 ], [ -111.978132, 33.765378 ], [ -111.97813, 33.764558 ], [ -111.978138, 33.763986 ], [ -111.978144, 33.763077 ], [ -111.978166, 33.762879 ], [ -111.977994, 33.762879 ], [ -111.9751, 33.762883 ], [ -111.974253, 33.762882 ], [ -111.973282, 33.762882 ], [ -111.970075, 33.762881 ], [ -111.969458, 33.762911 ], [ -111.969435, 33.763214 ], [ -111.96944, 33.764475 ], [ -111.969437, 33.766525 ], [ -111.967256, 33.766526 ], [ -111.967255, 33.766265 ], [ -111.967255, 33.765934 ], [ -111.967256, 33.765564 ], [ -111.967257, 33.764705 ], [ -111.965271, 33.764707 ], [ -111.965079, 33.764708 ], [ -111.965078, 33.764915 ], [ -111.965077, 33.766666 ], [ -111.965076, 33.770168 ], [ -111.965132, 33.770168 ], [ -111.966156, 33.770168 ], [ -111.967388, 33.770164 ], [ -111.968347, 33.770163 ], [ -111.969425, 33.770163 ], [ -111.970498, 33.770165 ], [ -111.97134, 33.770169 ], [ -111.973062, 33.770157 ], [ -111.973821, 33.770156 ], [ -111.974157, 33.770155 ], [ -111.974328, 33.770154 ], [ -111.974924, 33.770153 ], [ -111.97492, 33.771962 ], [ -111.973798, 33.771963 ], [ -111.972146, 33.771966 ], [ -111.970436, 33.771967 ], [ -111.970201, 33.771969 ], [ -111.969449, 33.771973 ], [ -111.969463, 33.772225 ], [ -111.969463, 33.772243 ], [ -111.969463, 33.772552 ], [ -111.969464, 33.773968 ], [ -111.969465, 33.774493 ], [ -111.969473, 33.775146 ], [ -111.969469, 33.77534 ], [ -111.969479, 33.776135 ], [ -111.969476, 33.777313 ], [ -111.969502, 33.777351 ], [ -111.969514, 33.777362 ], [ -111.969545, 33.777381 ], [ -111.969594, 33.777394 ], [ -111.970437, 33.777404 ], [ -111.971762, 33.777406 ], [ -111.972958, 33.777408 ], [ -111.975592, 33.777406 ], [ -111.975693, 33.777398 ], [ -111.975756, 33.777382 ], [ -111.975799, 33.77736 ], [ -111.975835, 33.777381 ], [ -111.975887, 33.777397 ], [ -111.976159, 33.777405 ], [ -111.976808, 33.777402 ], [ -111.976913, 33.777409 ], [ -111.977031, 33.777423 ], [ -111.977806, 33.776186 ], [ -111.978214, 33.775533 ], [ -111.978181, 33.775513 ], [ -111.978181, 33.775379 ], [ -111.978179, 33.774653 ], [ -111.978175, 33.772189 ], [ -111.978176, 33.771962 ], [ -111.97613, 33.771964 ], [ -111.975992, 33.771964 ] ], [ [ -111.930259, 33.652702 ], [ -111.930204, 33.652795 ], [ -111.930143, 33.652884 ], [ -111.9301, 33.652946 ], [ -111.930056, 33.653012 ], [ -111.929983, 33.653119 ], [ -111.929888, 33.653315 ], [ -111.930043, 33.653361 ], [ -111.930307, 33.653363 ], [ -111.930758, 33.653362 ], [ -111.931016, 33.653362 ], [ -111.931018, 33.652944 ], [ -111.931016, 33.652797 ], [ -111.931015, 33.652509 ], [ -111.93071, 33.652509 ], [ -111.930345, 33.65251 ], [ -111.930305, 33.652606 ], [ -111.930259, 33.652702 ] ], [ [ -111.926786, 33.652858 ], [ -111.926703, 33.652858 ], [ -111.926703, 33.652711 ], [ -111.926498, 33.652712 ], [ -111.926471, 33.65271 ], [ -111.926471, 33.652762 ], [ -111.926341, 33.652761 ], [ -111.92627, 33.652761 ], [ -111.92627, 33.65271 ], [ -111.926229, 33.65271 ], [ -111.926228, 33.652744 ], [ -111.925645, 33.652741 ], [ -111.925642, 33.653313 ], [ -111.926344, 33.653318 ], [ -111.926498, 33.653316 ], [ -111.928217, 33.653326 ], [ -111.928221, 33.652762 ], [ -111.92823, 33.651663 ], [ -111.927687, 33.651662 ], [ -111.927678, 33.652837 ], [ -111.927595, 33.652849 ], [ -111.927595, 33.652837 ], [ -111.926786, 33.652832 ], [ -111.926786, 33.652858 ] ], [ [ -112.164093, 33.643132 ], [ -112.164207, 33.6432 ], [ -112.164277, 33.643242 ], [ -112.16454, 33.643177 ], [ -112.164619, 33.643067 ], [ -112.164587, 33.642605 ], [ -112.164449, 33.642495 ], [ -112.164238, 33.642495 ], [ -112.164008, 33.64261 ], [ -112.164093, 33.643132 ] ], [ [ -112.217105, 33.776122 ], [ -112.21719, 33.776051 ], [ -112.217216, 33.775914 ], [ -112.217137, 33.77582 ], [ -112.216821, 33.775738 ], [ -112.21669, 33.775754 ], [ -112.216611, 33.775815 ], [ -112.216565, 33.776007 ], [ -112.216473, 33.776139 ], [ -112.216538, 33.776178 ], [ -112.216703, 33.776145 ], [ -112.217105, 33.776122 ] ], [ [ -112.190549, 33.779232 ], [ -112.190845, 33.779254 ], [ -112.19099, 33.779155 ], [ -112.190957, 33.779018 ], [ -112.190911, 33.778963 ], [ -112.190845, 33.778924 ], [ -112.19072, 33.778908 ], [ -112.190253, 33.779018 ], [ -112.190292, 33.779117 ], [ -112.190417, 33.779199 ], [ -112.190549, 33.779232 ] ], [ [ -112.174385, 33.790023 ], [ -112.174484, 33.790007 ], [ -112.17453, 33.789968 ], [ -112.174603, 33.789836 ], [ -112.174603, 33.789754 ], [ -112.174546, 33.789693 ], [ -112.174537, 33.789682 ], [ -112.174438, 33.789699 ], [ -112.174359, 33.789814 ], [ -112.174326, 33.789913 ], [ -112.174385, 33.790023 ] ], [ [ -112.21496, 33.799333 ], [ -112.214696, 33.799333 ], [ -112.214282, 33.7998 ], [ -112.214262, 33.800262 ], [ -112.214473, 33.800482 ], [ -112.21471, 33.800608 ], [ -112.214848, 33.80074 ], [ -112.215059, 33.80085 ], [ -112.215481, 33.800911 ], [ -112.216298, 33.801554 ], [ -112.216567, 33.801493 ], [ -112.216699, 33.801405 ], [ -112.216778, 33.801273 ], [ -112.216699, 33.801141 ], [ -112.216376, 33.801075 ], [ -112.216271, 33.800987 ], [ -112.216376, 33.800723 ], [ -112.216369, 33.800481 ], [ -112.21629, 33.800394 ], [ -112.215737, 33.800355 ], [ -112.215283, 33.800075 ], [ -112.215125, 33.799943 ], [ -112.215092, 33.799459 ], [ -112.21496, 33.799333 ] ], [ [ -112.204306, 33.80105 ], [ -112.204326, 33.800781 ], [ -112.204293, 33.800632 ], [ -112.204227, 33.800572 ], [ -112.204095, 33.800528 ], [ -112.203799, 33.800715 ], [ -112.203759, 33.800797 ], [ -112.203753, 33.800896 ], [ -112.203918, 33.801391 ], [ -112.203977, 33.801473 ], [ -112.204122, 33.801561 ], [ -112.204174, 33.801495 ], [ -112.204306, 33.80105 ] ], [ [ -112.192157, 33.80159 ], [ -112.19215, 33.801887 ], [ -112.192256, 33.801898 ], [ -112.192321, 33.801876 ], [ -112.192381, 33.801816 ], [ -112.192394, 33.801656 ], [ -112.19234, 33.801602 ], [ -112.192269, 33.80153 ], [ -112.192196, 33.801535 ], [ -112.192157, 33.80159 ] ], [ [ -112.195308, 33.831963 ], [ -112.195308, 33.832051 ], [ -112.195374, 33.832403 ], [ -112.195539, 33.832375 ], [ -112.195703, 33.83226 ], [ -112.19573, 33.832073 ], [ -112.195697, 33.831935 ], [ -112.195348, 33.831914 ], [ -112.195308, 33.831963 ] ], [ [ -112.169254, 33.841654 ], [ -112.169336, 33.841569 ], [ -112.169392, 33.841512 ], [ -112.169379, 33.841358 ], [ -112.169333, 33.841264 ], [ -112.169181, 33.841226 ], [ -112.169056, 33.841303 ], [ -112.16903, 33.841484 ], [ -112.169076, 33.841627 ], [ -112.169155, 33.841671 ], [ -112.169254, 33.841654 ] ], [ [ -112.216966, 33.846785 ], [ -112.216861, 33.847038 ], [ -112.216696, 33.847198 ], [ -112.216723, 33.847225 ], [ -112.216914, 33.847247 ], [ -112.217098, 33.847423 ], [ -112.217276, 33.847462 ], [ -112.217329, 33.8475 ], [ -112.217309, 33.847802 ], [ -112.217329, 33.84789 ], [ -112.217402, 33.847984 ], [ -112.217487, 33.847945 ], [ -112.217737, 33.847406 ], [ -112.218001, 33.847142 ], [ -112.217974, 33.847077 ], [ -112.217909, 33.847022 ], [ -112.217645, 33.846939 ], [ -112.217586, 33.846807 ], [ -112.217487, 33.846725 ], [ -112.21721, 33.846703 ], [ -112.217052, 33.846731 ], [ -112.216966, 33.846785 ] ], [ [ -112.202849, 33.901026 ], [ -112.202876, 33.900795 ], [ -112.202869, 33.900586 ], [ -112.202803, 33.900525 ], [ -112.202744, 33.900558 ], [ -112.202553, 33.900586 ], [ -112.202474, 33.900641 ], [ -112.202454, 33.900718 ], [ -112.202671, 33.901125 ], [ -112.202757, 33.901202 ], [ -112.202816, 33.901147 ], [ -112.202849, 33.901026 ] ], [ [ -112.144821, 33.578174 ], [ -112.144848, 33.578372 ], [ -112.144979, 33.578454 ], [ -112.145675, 33.578889 ], [ -112.146239, 33.579242 ], [ -112.146792, 33.579587 ], [ -112.147366, 33.579946 ], [ -112.147956, 33.580316 ], [ -112.14856, 33.580693 ], [ -112.149457, 33.581254 ], [ -112.149536, 33.581254 ], [ -112.149667, 33.581254 ], [ -112.14972, 33.58121 ], [ -112.149696, 33.58119 ], [ -112.149503, 33.581034 ], [ -112.148706, 33.580527 ], [ -112.148095, 33.580139 ], [ -112.147504, 33.579763 ], [ -112.146943, 33.579406 ], [ -112.146426, 33.579077 ], [ -112.145844, 33.578707 ], [ -112.145125, 33.57825 ], [ -112.144867, 33.578086 ], [ -112.144821, 33.578174 ] ], [ [ -112.120407, 33.587447 ], [ -112.120538, 33.587579 ], [ -112.120512, 33.587733 ], [ -112.120256, 33.587981 ], [ -112.12023, 33.588069 ], [ -112.120361, 33.588195 ], [ -112.120755, 33.588151 ], [ -112.121097, 33.588233 ], [ -112.121281, 33.588123 ], [ -112.12136, 33.588057 ], [ -112.121326, 33.587595 ], [ -112.121642, 33.587419 ], [ -112.121714, 33.587216 ], [ -112.121785, 33.586622 ], [ -112.121733, 33.586424 ], [ -112.121391, 33.58643 ], [ -112.120971, 33.586721 ], [ -112.120078, 33.586705 ], [ -112.119946, 33.58675 ], [ -112.119769, 33.586904 ], [ -112.118871, 33.586968 ], [ -112.118692, 33.586981 ], [ -112.118587, 33.587113 ], [ -112.118725, 33.587707 ], [ -112.118574, 33.588235 ], [ -112.118575, 33.588322 ], [ -112.118653, 33.588388 ], [ -112.118811, 33.588388 ], [ -112.118969, 33.588256 ], [ -112.119047, 33.588009 ], [ -112.119198, 33.587855 ], [ -112.119356, 33.587811 ], [ -112.119908, 33.587849 ], [ -112.120065, 33.587497 ], [ -112.120144, 33.587431 ], [ -112.120275, 33.587409 ], [ -112.120407, 33.587447 ] ], [ [ -112.118634, 33.588498 ], [ -112.118502, 33.588498 ], [ -112.118397, 33.588652 ], [ -112.118457, 33.589224 ], [ -112.118352, 33.589428 ], [ -112.118306, 33.589692 ], [ -112.118565, 33.590091 ], [ -112.118602, 33.590148 ], [ -112.118812, 33.590345 ], [ -112.118891, 33.590389 ], [ -112.119312, 33.59034 ], [ -112.11939, 33.590274 ], [ -112.11939, 33.590236 ], [ -112.11939, 33.590142 ], [ -112.119331, 33.590076 ], [ -112.119181, 33.590065 ], [ -112.119042, 33.590054 ], [ -112.118779, 33.589928 ], [ -112.1187, 33.589664 ], [ -112.11872, 33.589488 ], [ -112.118825, 33.58929 ], [ -112.118904, 33.589246 ], [ -112.118956, 33.589048 ], [ -112.118871, 33.588894 ], [ -112.118844, 33.588608 ], [ -112.118739, 33.588498 ], [ -112.118634, 33.588498 ] ], [ [ -112.119897, 33.59095 ], [ -112.119976, 33.590884 ], [ -112.119995, 33.590598 ], [ -112.119942, 33.590378 ], [ -112.119863, 33.590356 ], [ -112.11968, 33.590362 ], [ -112.119575, 33.590516 ], [ -112.119522, 33.590516 ], [ -112.119503, 33.590823 ], [ -112.119672, 33.590924 ], [ -112.119687, 33.590933 ], [ -112.119897, 33.59095 ] ], [ [ -112.119937, 33.591895 ], [ -112.120173, 33.592005 ], [ -112.120384, 33.592 ], [ -112.120725, 33.591823 ], [ -112.121145, 33.591796 ], [ -112.121296, 33.59162 ], [ -112.121769, 33.591504 ], [ -112.121979, 33.591328 ], [ -112.122051, 33.591196 ], [ -112.121999, 33.5908 ], [ -112.122051, 33.590734 ], [ -112.122544, 33.590662 ], [ -112.122859, 33.59042 ], [ -112.12299, 33.590217 ], [ -112.122957, 33.589865 ], [ -112.12253, 33.589497 ], [ -112.122372, 33.589497 ], [ -112.122116, 33.589635 ], [ -112.122018, 33.590316 ], [ -112.121808, 33.59058 ], [ -112.120862, 33.590614 ], [ -112.12037, 33.59101 ], [ -112.120268, 33.591012 ], [ -112.119976, 33.591016 ], [ -112.119923, 33.59106 ], [ -112.119871, 33.59117 ], [ -112.119937, 33.591895 ] ], [ [ -112.159187, 33.633483 ], [ -112.159417, 33.633148 ], [ -112.159443, 33.632884 ], [ -112.159391, 33.632752 ], [ -112.159253, 33.632626 ], [ -112.158385, 33.632565 ], [ -112.157517, 33.632636 ], [ -112.157465, 33.632686 ], [ -112.157471, 33.633082 ], [ -112.157662, 33.633494 ], [ -112.158464, 33.633488 ], [ -112.159187, 33.633483 ] ], [ [ -112.155549, 33.643257 ], [ -112.15566, 33.643675 ], [ -112.15545, 33.644005 ], [ -112.155456, 33.644313 ], [ -112.155672, 33.644463 ], [ -112.155929, 33.644285 ], [ -112.155897, 33.643999 ], [ -112.156054, 33.643889 ], [ -112.156186, 33.643889 ], [ -112.156291, 33.643824 ], [ -112.156317, 33.643626 ], [ -112.156521, 33.643598 ], [ -112.156653, 33.643488 ], [ -112.156653, 33.643422 ], [ -112.156416, 33.643202 ], [ -112.156331, 33.642856 ], [ -112.155989, 33.642856 ], [ -112.155621, 33.643059 ], [ -112.155549, 33.643257 ] ], [ [ -112.13433, 33.662857 ], [ -112.134339, 33.663212 ], [ -112.134385, 33.663239 ], [ -112.134437, 33.663212 ], [ -112.134445, 33.662063 ], [ -112.133892, 33.662062 ], [ -112.133859, 33.662095 ], [ -112.133925, 33.662211 ], [ -112.134043, 33.662293 ], [ -112.134319, 33.66242 ], [ -112.13433, 33.662857 ] ], [ [ -112.144253, 33.748586 ], [ -112.144555, 33.748553 ], [ -112.144852, 33.748471 ], [ -112.145128, 33.748762 ], [ -112.1452, 33.748735 ], [ -112.14526, 33.748592 ], [ -112.145181, 33.747828 ], [ -112.145214, 33.747745 ], [ -112.145418, 33.747542 ], [ -112.145457, 33.747437 ], [ -112.145464, 33.747217 ], [ -112.145359, 33.746822 ], [ -112.145563, 33.746508 ], [ -112.145517, 33.746431 ], [ -112.145458, 33.746409 ], [ -112.145122, 33.746354 ], [ -112.144741, 33.746431 ], [ -112.144668, 33.746497 ], [ -112.14447, 33.747245 ], [ -112.14445, 33.747871 ], [ -112.144134, 33.748262 ], [ -112.144049, 33.748449 ], [ -112.144101, 33.748481 ], [ -112.144174, 33.748476 ], [ -112.144457, 33.748207 ], [ -112.144694, 33.748053 ], [ -112.14472, 33.748108 ], [ -112.144687, 33.748168 ], [ -112.144266, 33.748509 ], [ -112.144253, 33.748586 ] ], [ [ -112.120141, 33.748338 ], [ -112.120201, 33.74858 ], [ -112.120859, 33.748508 ], [ -112.120852, 33.748266 ], [ -112.120163, 33.748336 ], [ -112.120141, 33.748338 ] ], [ [ -112.160173, 33.75697 ], [ -112.160568, 33.756987 ], [ -112.160693, 33.757015 ], [ -112.160792, 33.756817 ], [ -112.160786, 33.756652 ], [ -112.160588, 33.75652 ], [ -112.160397, 33.756536 ], [ -112.160233, 33.756597 ], [ -112.160062, 33.756761 ], [ -112.160081, 33.756904 ], [ -112.160173, 33.75697 ] ], [ [ -112.16095, 33.758186 ], [ -112.160858, 33.758141 ], [ -112.160752, 33.758185 ], [ -112.160699, 33.758312 ], [ -112.16095, 33.758515 ], [ -112.160969, 33.758433 ], [ -112.160989, 33.758246 ], [ -112.16095, 33.758186 ] ], [ [ -112.11753, 33.774596 ], [ -112.117523, 33.774519 ], [ -112.117405, 33.774448 ], [ -112.117023, 33.774498 ], [ -112.116846, 33.77458 ], [ -112.116734, 33.774844 ], [ -112.116694, 33.775009 ], [ -112.116714, 33.77513 ], [ -112.116761, 33.775203 ], [ -112.116839, 33.775229 ], [ -112.117056, 33.775124 ], [ -112.11751, 33.774629 ], [ -112.11753, 33.774596 ] ], [ [ -112.141796, 33.780316 ], [ -112.141897, 33.780313 ], [ -112.141983, 33.780269 ], [ -112.142022, 33.780148 ], [ -112.14199, 33.780044 ], [ -112.141904, 33.779967 ], [ -112.141805, 33.779983 ], [ -112.14172, 33.780066 ], [ -112.141673, 33.780219 ], [ -112.141752, 33.780318 ], [ -112.141796, 33.780316 ] ], [ [ -112.160059, 33.785915 ], [ -112.159941, 33.785871 ], [ -112.159822, 33.78609 ], [ -112.159901, 33.786156 ], [ -112.160118, 33.786244 ], [ -112.16027, 33.786019 ], [ -112.160164, 33.785967 ], [ -112.160059, 33.785915 ] ], [ [ -112.160095, 33.786611 ], [ -112.160118, 33.786552 ], [ -112.160039, 33.786486 ], [ -112.159908, 33.78653 ], [ -112.159908, 33.786596 ], [ -112.160066, 33.786684 ], [ -112.160095, 33.786611 ] ], [ [ -112.163216, 33.798898 ], [ -112.163289, 33.798867 ], [ -112.163434, 33.798779 ], [ -112.163434, 33.798636 ], [ -112.163368, 33.798581 ], [ -112.163289, 33.798559 ], [ -112.16317, 33.798592 ], [ -112.163091, 33.798702 ], [ -112.163091, 33.798867 ], [ -112.163131, 33.798895 ], [ -112.163197, 33.798906 ], [ -112.163216, 33.798898 ] ], [ [ -112.141872, 33.804716 ], [ -112.141688, 33.804669 ], [ -112.141668, 33.804661 ], [ -112.141418, 33.80479 ], [ -112.141457, 33.804892 ], [ -112.141476, 33.80531 ], [ -112.141391, 33.805607 ], [ -112.141443, 33.805618 ], [ -112.141582, 33.80548 ], [ -112.141687, 33.805282 ], [ -112.14181, 33.805158 ], [ -112.142194, 33.80503 ], [ -112.14228, 33.804947 ], [ -112.14228, 33.804777 ], [ -112.142227, 33.804727 ], [ -112.142083, 33.804711 ], [ -112.141872, 33.804716 ] ], [ [ -112.154049, 33.819519 ], [ -112.15403, 33.819739 ], [ -112.154062, 33.819772 ], [ -112.154201, 33.819915 ], [ -112.154365, 33.819827 ], [ -112.154451, 33.819783 ], [ -112.154234, 33.819541 ], [ -112.154155, 33.819519 ], [ -112.154049, 33.819519 ] ], [ [ -112.151184, 33.81992 ], [ -112.151316, 33.819931 ], [ -112.151421, 33.819854 ], [ -112.151316, 33.819722 ], [ -112.151164, 33.819722 ], [ -112.151079, 33.819793 ], [ -112.151184, 33.81992 ] ], [ [ -112.16686, 33.820407 ], [ -112.166763, 33.820381 ], [ -112.166675, 33.820357 ], [ -112.166577, 33.820368 ], [ -112.166458, 33.820462 ], [ -112.166392, 33.820648 ], [ -112.166339, 33.821033 ], [ -112.166352, 33.821165 ], [ -112.166399, 33.821215 ], [ -112.166517, 33.821138 ], [ -112.166675, 33.820967 ], [ -112.166752, 33.820842 ], [ -112.166919, 33.820572 ], [ -112.167018, 33.820484 ], [ -112.16686, 33.820407 ] ], [ [ -112.167247, 33.91064 ], [ -112.1673, 33.910728 ], [ -112.167346, 33.910701 ], [ -112.167471, 33.910525 ], [ -112.167504, 33.910305 ], [ -112.167537, 33.910239 ], [ -112.167669, 33.910206 ], [ -112.167761, 33.910371 ], [ -112.167854, 33.910426 ], [ -112.167926, 33.910382 ], [ -112.167992, 33.910261 ], [ -112.168078, 33.909695 ], [ -112.16819, 33.909447 ], [ -112.16821, 33.909343 ], [ -112.168137, 33.909068 ], [ -112.167181, 33.909018 ], [ -112.167148, 33.909046 ], [ -112.167102, 33.909436 ], [ -112.167122, 33.909777 ], [ -112.167247, 33.91064 ] ], [ [ -112.110807, 33.605237 ], [ -112.110866, 33.605303 ], [ -112.110991, 33.605297 ], [ -112.111046, 33.60523 ], [ -112.111076, 33.605193 ], [ -112.111076, 33.605132 ], [ -112.110866, 33.605083 ], [ -112.110807, 33.60511 ], [ -112.110807, 33.605237 ] ], [ [ -112.103618, 33.615141 ], [ -112.103605, 33.614943 ], [ -112.103526, 33.614794 ], [ -112.103388, 33.6148 ], [ -112.103283, 33.614849 ], [ -112.103151, 33.615124 ], [ -112.103178, 33.61524 ], [ -112.103276, 33.615377 ], [ -112.103335, 33.615377 ], [ -112.103408, 33.615317 ], [ -112.103526, 33.6153 ], [ -112.103592, 33.615245 ], [ -112.103618, 33.615141 ] ], [ [ -112.081028, 33.618412 ], [ -112.081337, 33.618247 ], [ -112.081501, 33.618242 ], [ -112.08156, 33.618264 ], [ -112.081639, 33.618352 ], [ -112.081692, 33.618462 ], [ -112.081616, 33.618635 ], [ -112.0816, 33.618671 ], [ -112.081724, 33.618715 ], [ -112.081869, 33.618704 ], [ -112.082079, 33.618835 ], [ -112.082198, 33.618836 ], [ -112.08225, 33.618753 ], [ -112.082211, 33.61866 ], [ -112.081915, 33.618407 ], [ -112.081889, 33.618346 ], [ -112.081922, 33.618187 ], [ -112.081895, 33.618104 ], [ -112.081468, 33.61778 ], [ -112.081415, 33.61778 ], [ -112.081284, 33.617857 ], [ -112.081258, 33.61789 ], [ -112.081258, 33.618044 ], [ -112.081205, 33.61811 ], [ -112.080883, 33.618215 ], [ -112.080857, 33.618248 ], [ -112.080883, 33.618324 ], [ -112.081028, 33.618412 ] ], [ [ -112.083256, 33.618555 ], [ -112.082927, 33.618681 ], [ -112.082651, 33.618687 ], [ -112.082612, 33.618731 ], [ -112.082638, 33.618852 ], [ -112.082704, 33.618918 ], [ -112.082715, 33.618923 ], [ -112.082815, 33.618967 ], [ -112.082914, 33.618962 ], [ -112.083098, 33.618901 ], [ -112.083269, 33.618791 ], [ -112.083348, 33.618687 ], [ -112.083348, 33.618621 ], [ -112.083256, 33.618555 ] ], [ [ -112.094062, 33.634427 ], [ -112.094259, 33.634372 ], [ -112.094397, 33.634268 ], [ -112.094384, 33.634125 ], [ -112.094259, 33.633965 ], [ -112.094036, 33.634021 ], [ -112.093839, 33.634207 ], [ -112.093852, 33.634339 ], [ -112.093964, 33.634416 ], [ -112.09399, 33.634419 ], [ -112.094062, 33.634427 ] ], [ [ -112.095035, 33.634009 ], [ -112.094936, 33.633932 ], [ -112.094851, 33.633905 ], [ -112.094759, 33.633905 ], [ -112.094627, 33.633954 ], [ -112.094548, 33.634097 ], [ -112.094562, 33.634235 ], [ -112.094746, 33.634482 ], [ -112.094844, 33.634559 ], [ -112.094865, 33.634549 ], [ -112.095087, 33.634438 ], [ -112.095166, 33.634356 ], [ -112.095206, 33.63424 ], [ -112.095173, 33.634158 ], [ -112.095035, 33.634009 ] ], [ [ -112.094082, 33.634642 ], [ -112.094029, 33.63457 ], [ -112.093964, 33.634554 ], [ -112.093753, 33.634587 ], [ -112.093635, 33.634686 ], [ -112.093622, 33.634779 ], [ -112.093675, 33.634906 ], [ -112.093753, 33.635021 ], [ -112.093845, 33.635098 ], [ -112.093878, 33.635126 ], [ -112.09397, 33.635104 ], [ -112.094089, 33.635032 ], [ -112.094161, 33.634922 ], [ -112.094141, 33.634779 ], [ -112.094082, 33.634642 ] ], [ [ -112.093293, 33.635472 ], [ -112.093517, 33.635439 ], [ -112.093609, 33.635373 ], [ -112.093648, 33.635054 ], [ -112.09355, 33.634939 ], [ -112.093451, 33.634906 ], [ -112.093261, 33.634911 ], [ -112.093162, 33.635005 ], [ -112.093123, 33.635274 ], [ -112.093156, 33.635434 ], [ -112.093221, 33.635483 ], [ -112.093293, 33.635472 ] ], [ [ -112.061208, 33.637308 ], [ -112.061233, 33.637197 ], [ -112.061187, 33.637114 ], [ -112.060865, 33.636999 ], [ -112.060346, 33.636916 ], [ -112.06026, 33.636927 ], [ -112.060135, 33.637037 ], [ -112.060234, 33.637224 ], [ -112.06053, 33.637373 ], [ -112.060766, 33.637422 ], [ -112.060983, 33.637439 ], [ -112.061108, 33.637411 ], [ -112.061208, 33.637308 ] ], [ [ -112.08422, 33.642798 ], [ -112.084238, 33.642759 ], [ -112.084199, 33.642632 ], [ -112.084199, 33.642725 ], [ -112.08422, 33.642798 ] ], [ [ -112.079678, 33.650282 ], [ -112.079701, 33.650514 ], [ -112.079798, 33.650726 ], [ -112.079678, 33.650282 ] ], [ [ -112.070675, 33.669655 ], [ -112.070543, 33.66955 ], [ -112.070438, 33.66966 ], [ -112.070445, 33.66988 ], [ -112.070366, 33.669924 ], [ -112.070208, 33.669924 ], [ -112.07005, 33.670034 ], [ -112.069919, 33.67004 ], [ -112.069866, 33.670105 ], [ -112.069899, 33.670413 ], [ -112.070372, 33.670386 ], [ -112.070477, 33.670342 ], [ -112.070813, 33.670072 ], [ -112.070839, 33.66994 ], [ -112.070675, 33.669655 ] ], [ [ -112.065231, 33.678193 ], [ -112.065303, 33.677929 ], [ -112.065435, 33.677929 ], [ -112.065487, 33.677879 ], [ -112.065461, 33.677462 ], [ -112.064698, 33.677539 ], [ -112.064701, 33.677849 ], [ -112.064705, 33.678308 ], [ -112.065047, 33.678303 ], [ -112.065231, 33.678193 ] ], [ [ -112.066217, 33.681216 ], [ -112.066454, 33.681238 ], [ -112.066711, 33.681018 ], [ -112.066763, 33.680947 ], [ -112.066678, 33.680601 ], [ -112.066467, 33.680623 ], [ -112.066079, 33.680826 ], [ -112.066, 33.680914 ], [ -112.066, 33.6812 ], [ -112.066086, 33.681332 ], [ -112.066191, 33.681282 ], [ -112.066217, 33.681216 ] ], [ [ -112.062568, 33.681887 ], [ -112.062535, 33.681689 ], [ -112.062324, 33.681689 ], [ -112.062219, 33.681777 ], [ -112.061851, 33.681827 ], [ -112.061752, 33.681915 ], [ -112.061805, 33.682091 ], [ -112.061963, 33.682113 ], [ -112.061989, 33.682267 ], [ -112.062033, 33.682262 ], [ -112.0622, 33.682245 ], [ -112.062252, 33.682151 ], [ -112.062778, 33.682129 ], [ -112.062804, 33.682041 ], [ -112.062726, 33.681953 ], [ -112.062647, 33.681953 ], [ -112.062568, 33.681887 ] ], [ [ -112.082217, 33.683474 ], [ -112.082349, 33.683474 ], [ -112.0825, 33.68337 ], [ -112.082572, 33.68337 ], [ -112.082618, 33.68348 ], [ -112.082678, 33.683534 ], [ -112.082875, 33.683562 ], [ -112.082927, 33.683546 ], [ -112.083053, 33.683507 ], [ -112.083151, 33.683381 ], [ -112.083223, 33.68321 ], [ -112.083315, 33.6831 ], [ -112.083388, 33.682913 ], [ -112.083368, 33.682743 ], [ -112.083302, 33.682627 ], [ -112.083131, 33.682517 ], [ -112.082923, 33.682487 ], [ -112.082868, 33.682479 ], [ -112.082743, 33.682501 ], [ -112.0825, 33.68271 ], [ -112.082355, 33.683161 ], [ -112.08225, 33.683243 ], [ -112.082171, 33.683381 ], [ -112.082184, 33.683452 ], [ -112.082217, 33.683474 ] ], [ [ -112.056667, 33.749464 ], [ -112.056726, 33.749436 ], [ -112.056732, 33.749392 ], [ -112.056601, 33.749024 ], [ -112.056489, 33.748898 ], [ -112.05641, 33.74887 ], [ -112.056272, 33.748997 ], [ -112.056074, 33.749321 ], [ -112.056054, 33.749403 ], [ -112.056147, 33.749458 ], [ -112.056449, 33.74942 ], [ -112.056667, 33.749464 ] ], [ [ -112.045168, 33.779726 ], [ -112.045003, 33.779375 ], [ -112.044845, 33.77938 ], [ -112.044839, 33.779425 ], [ -112.044825, 33.779534 ], [ -112.044904, 33.779644 ], [ -112.04501, 33.779726 ], [ -112.045168, 33.779726 ] ], [ [ -112.085743, 33.805036 ], [ -112.085769, 33.804893 ], [ -112.085618, 33.80492 ], [ -112.085453, 33.804915 ], [ -112.08538, 33.804948 ], [ -112.085348, 33.804986 ], [ -112.085328, 33.805162 ], [ -112.085354, 33.805196 ], [ -112.085387, 33.805239 ], [ -112.085433, 33.805267 ], [ -112.085486, 33.805267 ], [ -112.085651, 33.805173 ], [ -112.085743, 33.805036 ] ], [ [ -112.109058, 33.821857 ], [ -112.109209, 33.821351 ], [ -112.109176, 33.821175 ], [ -112.109124, 33.820999 ], [ -112.109117, 33.820603 ], [ -112.109354, 33.820273 ], [ -112.110006, 33.820047 ], [ -112.110295, 33.820086 ], [ -112.110459, 33.820152 ], [ -112.110987, 33.820366 ], [ -112.111224, 33.820344 ], [ -112.111435, 33.82041 ], [ -112.111593, 33.820206 ], [ -112.111613, 33.81992 ], [ -112.111184, 33.81953 ], [ -112.110842, 33.819426 ], [ -112.10992, 33.819388 ], [ -112.109498, 33.819503 ], [ -112.108952, 33.819834 ], [ -112.108688, 33.820059 ], [ -112.108484, 33.820367 ], [ -112.108465, 33.820873 ], [ -112.108702, 33.821026 ], [ -112.10886, 33.821026 ], [ -112.108966, 33.821087 ], [ -112.109018, 33.821197 ], [ -112.108867, 33.82162 ], [ -112.108874, 33.821972 ], [ -112.108953, 33.821967 ], [ -112.109058, 33.821857 ] ], [ [ -112.031951, 33.526581 ], [ -112.031807, 33.526846 ], [ -112.033382, 33.527473 ], [ -112.033512, 33.527256 ], [ -112.033665, 33.527 ], [ -112.033612, 33.526967 ], [ -112.033481, 33.526912 ], [ -112.032122, 33.526395 ], [ -112.03207, 33.526379 ], [ -112.031951, 33.526581 ] ], [ [ -112.031347, 33.527253 ], [ -112.0314, 33.527583 ], [ -112.032095, 33.528457 ], [ -112.032275, 33.528287 ], [ -112.032798, 33.527791 ], [ -112.032923, 33.527589 ], [ -112.031787, 33.527005 ], [ -112.031551, 33.527033 ], [ -112.031347, 33.527253 ] ], [ [ -112.032205, 33.529557 ], [ -112.03216, 33.529535 ], [ -112.031596, 33.530436 ], [ -112.032436, 33.53087 ], [ -112.032541, 33.530761 ], [ -112.033033, 33.530074 ], [ -112.03306, 33.529964 ], [ -112.032205, 33.529557 ] ], [ [ -112.033847, 33.529936 ], [ -112.033795, 33.529936 ], [ -112.032856, 33.530783 ], [ -112.03323, 33.531129 ], [ -112.033834, 33.531124 ], [ -112.034248, 33.530789 ], [ -112.034243, 33.530442 ], [ -112.034241, 33.530305 ], [ -112.033847, 33.529936 ] ], [ [ -112.031595, 33.531892 ], [ -112.032009, 33.531228 ], [ -112.032101, 33.531283 ], [ -112.032167, 33.531173 ], [ -112.031569, 33.530853 ], [ -112.03132, 33.530716 ], [ -112.031254, 33.530814 ], [ -112.031339, 33.530881 ], [ -112.030951, 33.531467 ], [ -112.030899, 33.531546 ], [ -112.031595, 33.531892 ] ], [ [ -112.037884, 33.531905 ], [ -112.037753, 33.531861 ], [ -112.037543, 33.531883 ], [ -112.037392, 33.532131 ], [ -112.037313, 33.532175 ], [ -112.036814, 33.532175 ], [ -112.036709, 33.532311 ], [ -112.036735, 33.532532 ], [ -112.036899, 33.532657 ], [ -112.037109, 33.532724 ], [ -112.037497, 33.532367 ], [ -112.037838, 33.532235 ], [ -112.037943, 33.532147 ], [ -112.037884, 33.531905 ] ], [ [ -112.035737, 33.532449 ], [ -112.035448, 33.532477 ], [ -112.035376, 33.532565 ], [ -112.035376, 33.532697 ], [ -112.035639, 33.532845 ], [ -112.035665, 33.532911 ], [ -112.035619, 33.53313 ], [ -112.035488, 33.533262 ], [ -112.035487, 33.533329 ], [ -112.035724, 33.533417 ], [ -112.035908, 33.533329 ], [ -112.035927, 33.533065 ], [ -112.036269, 33.53295 ], [ -112.036348, 33.532884 ], [ -112.0364, 33.532784 ], [ -112.036321, 33.53262 ], [ -112.035737, 33.532449 ] ], [ [ -112.00557, 33.598666 ], [ -112.005517, 33.598732 ], [ -112.005543, 33.59904 ], [ -112.005464, 33.599155 ], [ -112.005471, 33.599304 ], [ -112.005664, 33.599434 ], [ -112.005733, 33.59948 ], [ -112.005812, 33.599502 ], [ -112.005891, 33.599414 ], [ -112.005806, 33.599128 ], [ -112.005885, 33.598974 ], [ -112.006174, 33.598903 ], [ -112.006332, 33.598771 ], [ -112.006378, 33.598617 ], [ -112.006246, 33.598441 ], [ -112.006089, 33.598468 ], [ -112.005773, 33.598644 ], [ -112.00557, 33.598666 ] ], [ [ -112.003487, 33.653594 ], [ -112.003408, 33.653594 ], [ -112.003198, 33.653396 ], [ -112.002902, 33.653374 ], [ -112.002725, 33.653511 ], [ -112.002725, 33.653599 ], [ -112.003053, 33.653889 ], [ -112.003066, 33.653901 ], [ -112.003336, 33.653968 ], [ -112.003829, 33.65383 ], [ -112.004381, 33.653539 ], [ -112.004697, 33.653495 ], [ -112.004829, 33.65338 ], [ -112.004822, 33.653204 ], [ -112.004638, 33.653012 ], [ -112.004402, 33.652902 ], [ -112.004191, 33.652923 ], [ -112.003981, 33.653061 ], [ -112.003672, 33.653412 ], [ -112.003672, 33.653478 ], [ -112.003487, 33.653594 ] ], [ [ -112.004072, 33.654072 ], [ -112.003599, 33.654138 ], [ -112.003546, 33.654292 ], [ -112.003666, 33.654352 ], [ -112.003678, 33.654358 ], [ -112.004098, 33.654314 ], [ -112.004203, 33.654199 ], [ -112.004072, 33.654072 ] ], [ [ -111.989095, 33.661348 ], [ -111.989121, 33.661568 ], [ -111.989759, 33.662068 ], [ -111.990101, 33.662068 ], [ -111.990285, 33.661996 ], [ -111.990443, 33.662018 ], [ -111.990601, 33.66226 ], [ -111.99089, 33.66243 ], [ -111.991239, 33.662518 ], [ -111.991385, 33.662509 ], [ -111.99158, 33.662496 ], [ -111.991758, 33.662359 ], [ -111.991732, 33.662205 ], [ -111.991574, 33.662122 ], [ -111.991153, 33.662056 ], [ -111.990515, 33.661754 ], [ -111.989778, 33.66154 ], [ -111.989594, 33.661408 ], [ -111.989358, 33.661343 ], [ -111.989095, 33.661348 ] ], [ [ -111.993527, 33.662677 ], [ -111.993185, 33.662523 ], [ -111.992843, 33.662528 ], [ -111.992711, 33.662573 ], [ -111.992659, 33.662727 ], [ -111.992922, 33.66299 ], [ -111.99356, 33.663226 ], [ -111.994349, 33.663484 ], [ -111.994849, 33.663523 ], [ -111.994875, 33.663589 ], [ -111.99582, 33.664005 ], [ -111.99596, 33.664066 ], [ -111.996302, 33.664105 ], [ -111.996591, 33.663973 ], [ -111.996486, 33.663797 ], [ -111.996381, 33.663731 ], [ -111.995874, 33.663583 ], [ -111.995832, 33.663552 ], [ -111.995638, 33.663407 ], [ -111.995243, 33.663215 ], [ -111.994395, 33.662935 ], [ -111.994211, 33.662957 ], [ -111.993921, 33.662781 ], [ -111.993527, 33.662677 ] ], [ [ -112.004827, 33.718989 ], [ -112.004668, 33.718946 ], [ -112.00447, 33.718984 ], [ -112.004358, 33.719055 ], [ -112.004246, 33.719204 ], [ -112.00422, 33.719281 ], [ -112.004246, 33.71938 ], [ -112.004351, 33.719506 ], [ -112.00445, 33.719737 ], [ -112.004542, 33.719864 ], [ -112.004667, 33.719853 ], [ -112.004989, 33.719699 ], [ -112.005062, 33.719638 ], [ -112.005187, 33.719419 ], [ -112.005135, 33.719232 ], [ -112.004964, 33.719061 ], [ -112.004891, 33.719006 ], [ -112.004827, 33.718989 ] ], [ [ -112.026438, 33.733846 ], [ -112.026412, 33.733758 ], [ -112.026247, 33.733648 ], [ -112.026083, 33.733643 ], [ -112.025997, 33.733714 ], [ -112.025951, 33.734006 ], [ -112.025819, 33.734182 ], [ -112.025819, 33.734231 ], [ -112.025879, 33.734281 ], [ -112.026008, 33.734253 ], [ -112.026083, 33.734237 ], [ -112.026412, 33.733929 ], [ -112.026438, 33.733846 ] ], [ [ -112.008355, 33.735187 ], [ -112.008224, 33.735319 ], [ -112.008131, 33.735528 ], [ -112.008131, 33.735583 ], [ -112.008276, 33.735814 ], [ -112.00821, 33.736083 ], [ -112.00821, 33.736138 ], [ -112.008249, 33.736182 ], [ -112.008289, 33.736188 ], [ -112.00846, 33.736116 ], [ -112.008592, 33.736001 ], [ -112.008736, 33.735919 ], [ -112.009039, 33.735831 ], [ -112.009204, 33.735452 ], [ -112.009217, 33.73532 ], [ -112.009145, 33.73521 ], [ -112.008355, 33.735187 ] ], [ [ -112.017246, 33.746571 ], [ -112.017174, 33.746494 ], [ -112.016878, 33.746351 ], [ -112.016766, 33.746334 ], [ -112.0167, 33.746356 ], [ -112.016647, 33.74645 ], [ -112.016562, 33.746735 ], [ -112.016338, 33.747274 ], [ -112.016351, 33.747362 ], [ -112.01639, 33.74739 ], [ -112.016482, 33.747384 ], [ -112.016943, 33.747126 ], [ -112.017213, 33.746912 ], [ -112.017299, 33.746774 ], [ -112.017299, 33.746692 ], [ -112.017246, 33.746571 ] ], [ [ -112.019553, 33.76127 ], [ -112.019468, 33.761199 ], [ -112.019079, 33.761045 ], [ -112.018987, 33.761061 ], [ -112.018948, 33.761105 ], [ -112.018915, 33.761248 ], [ -112.018941, 33.761529 ], [ -112.018967, 33.761589 ], [ -112.019026, 33.761611 ], [ -112.019271, 33.761562 ], [ -112.019356, 33.761545 ], [ -112.019494, 33.761397 ], [ -112.019553, 33.76127 ] ], [ [ -112.008702, 33.767863 ], [ -112.008623, 33.767951 ], [ -112.008623, 33.768039 ], [ -112.008727, 33.768109 ], [ -112.008754, 33.768127 ], [ -112.008991, 33.768083 ], [ -112.009018, 33.767973 ], [ -112.008912, 33.767863 ], [ -112.008702, 33.767863 ] ], [ [ -112.023816, 33.782652 ], [ -112.023842, 33.78274 ], [ -112.024029, 33.782762 ], [ -112.024125, 33.782773 ], [ -112.024237, 33.782718 ], [ -112.024263, 33.782669 ], [ -112.024231, 33.78263 ], [ -112.024033, 33.782581 ], [ -112.023849, 33.782592 ], [ -112.023816, 33.782652 ] ], [ [ -112.012249, 33.791873 ], [ -112.012298, 33.791914 ], [ -112.012328, 33.791939 ], [ -112.012486, 33.791895 ], [ -112.012552, 33.791747 ], [ -112.012487, 33.791609 ], [ -112.012302, 33.791609 ], [ -112.012249, 33.791873 ] ], [ [ -111.945603, 33.507161 ], [ -111.945609, 33.507073 ], [ -111.945576, 33.507035 ], [ -111.945491, 33.507029 ], [ -111.944828, 33.507078 ], [ -111.944704, 33.507134 ], [ -111.944664, 33.507205 ], [ -111.944736, 33.50726 ], [ -111.944905, 33.507295 ], [ -111.944999, 33.507315 ], [ -111.945373, 33.507458 ], [ -111.945439, 33.507458 ], [ -111.945544, 33.507381 ], [ -111.945603, 33.507161 ] ], [ [ -111.964001, 33.576778 ], [ -111.96379, 33.576536 ], [ -111.96379, 33.576448 ], [ -111.964132, 33.576426 ], [ -111.964132, 33.576624 ], [ -111.964237, 33.57669 ], [ -111.964474, 33.576734 ], [ -111.96444, 33.577023 ], [ -111.964428, 33.57713 ], [ -111.964586, 33.577212 ], [ -111.964638, 33.577322 ], [ -111.964699, 33.577082 ], [ -111.964763, 33.576839 ], [ -111.96471, 33.576685 ], [ -111.964841, 33.576487 ], [ -111.964684, 33.576311 ], [ -111.964204, 33.575986 ], [ -111.964147, 33.575907 ], [ -111.963965, 33.575655 ], [ -111.963087, 33.575605 ], [ -111.962523, 33.575616 ], [ -111.962198, 33.575648 ], [ -111.961838, 33.575634 ], [ -111.961622, 33.575646 ], [ -111.96182, 33.57592 ], [ -111.962214, 33.576465 ], [ -111.962346, 33.576526 ], [ -111.962451, 33.576416 ], [ -111.962792, 33.576394 ], [ -111.963055, 33.576652 ], [ -111.963081, 33.576806 ], [ -111.96316, 33.576872 ], [ -111.963397, 33.576894 ], [ -111.963561, 33.57707 ], [ -111.963692, 33.57707 ], [ -111.964001, 33.576778 ] ], [ [ -111.957764, 33.587297 ], [ -111.957869, 33.587297 ], [ -111.957908, 33.587324 ], [ -111.957921, 33.587418 ], [ -111.957875, 33.587539 ], [ -111.957879, 33.587549 ], [ -111.957889, 33.587572 ], [ -111.957967, 33.587627 ], [ -111.958092, 33.587621 ], [ -111.958171, 33.587544 ], [ -111.958132, 33.587324 ], [ -111.958217, 33.587214 ], [ -111.958217, 33.587143 ], [ -111.958197, 33.587093 ], [ -111.958125, 33.587038 ], [ -111.958033, 33.58705 ], [ -111.957744, 33.587209 ], [ -111.957711, 33.587253 ], [ -111.957764, 33.587297 ] ], [ [ -111.956916, 33.587891 ], [ -111.95691, 33.587847 ], [ -111.956851, 33.587814 ], [ -111.956706, 33.58788 ], [ -111.956489, 33.587907 ], [ -111.956437, 33.587951 ], [ -111.956437, 33.587984 ], [ -111.956601, 33.588094 ], [ -111.956634, 33.588309 ], [ -111.956726, 33.588375 ], [ -111.956745, 33.588374 ], [ -111.956877, 33.588369 ], [ -111.956963, 33.588309 ], [ -111.957028, 33.588193 ], [ -111.957015, 33.588116 ], [ -111.956976, 33.588089 ], [ -111.956825, 33.588094 ], [ -111.956792, 33.588067 ], [ -111.956792, 33.588028 ], [ -111.956916, 33.587891 ] ], [ [ -111.971177, 33.586222 ], [ -111.971098, 33.586293 ], [ -111.971177, 33.586464 ], [ -111.97211, 33.587249 ], [ -111.972899, 33.587684 ], [ -111.973668, 33.588228 ], [ -111.974515, 33.588684 ], [ -111.974725, 33.588881 ], [ -111.974857, 33.58892 ], [ -111.976027, 33.590014 ], [ -111.977163, 33.590662 ], [ -111.977321, 33.590662 ], [ -111.977347, 33.590398 ], [ -111.977347, 33.590244 ], [ -111.977419, 33.590134 ], [ -111.97734, 33.590024 ], [ -111.976519, 33.589392 ], [ -111.976361, 33.589172 ], [ -111.975244, 33.588106 ], [ -111.975191, 33.588106 ], [ -111.974607, 33.58765 ], [ -111.974449, 33.587364 ], [ -111.974186, 33.58721 ], [ -111.9732, 33.58632 ], [ -111.97299, 33.586254 ], [ -111.972228, 33.586304 ], [ -111.972123, 33.58626 ], [ -111.971781, 33.586309 ], [ -111.971387, 33.586222 ], [ -111.971177, 33.586222 ] ], [ [ -111.955453, 33.596198 ], [ -111.955532, 33.596061 ], [ -111.955545, 33.595929 ], [ -111.95546, 33.595819 ], [ -111.955355, 33.59583 ], [ -111.955315, 33.595858 ], [ -111.955256, 33.595995 ], [ -111.955256, 33.59616 ], [ -111.955329, 33.596226 ], [ -111.955414, 33.596226 ], [ -111.955453, 33.596198 ] ], [ [ -111.944117, 33.645965 ], [ -111.944318, 33.646084 ], [ -111.944406, 33.646136 ], [ -111.944991, 33.646334 ], [ -111.945727, 33.64679 ], [ -111.946602, 33.646911 ], [ -111.946759, 33.647065 ], [ -111.947022, 33.647175 ], [ -111.947265, 33.647134 ], [ -111.947286, 33.647118 ], [ -111.947594, 33.646773 ], [ -111.947962, 33.646641 ], [ -111.948094, 33.646526 ], [ -111.948146, 33.646328 ], [ -111.948146, 33.646262 ], [ -111.948035, 33.646158 ], [ -111.94785, 33.646048 ], [ -111.947167, 33.645855 ], [ -111.947088, 33.645767 ], [ -111.947055, 33.645569 ], [ -111.947423, 33.645234 ], [ -111.947449, 33.645102 ], [ -111.947397, 33.645036 ], [ -111.947213, 33.645086 ], [ -111.946845, 33.645393 ], [ -111.946845, 33.645438 ], [ -111.946687, 33.645416 ], [ -111.946319, 33.645047 ], [ -111.945944, 33.644827 ], [ -111.945576, 33.644701 ], [ -111.945366, 33.644503 ], [ -111.945254, 33.644217 ], [ -111.94507, 33.644107 ], [ -111.944623, 33.644047 ], [ -111.94436, 33.643937 ], [ -111.943065, 33.643178 ], [ -111.942611, 33.643052 ], [ -111.942118, 33.643184 ], [ -111.941382, 33.643167 ], [ -111.940166, 33.642804 ], [ -111.938483, 33.642508 ], [ -111.937668, 33.642447 ], [ -111.937195, 33.642453 ], [ -111.937037, 33.642497 ], [ -111.936856, 33.642689 ], [ -111.936722, 33.642832 ], [ -111.936754, 33.643184 ], [ -111.936939, 33.643398 ], [ -111.937333, 33.643662 ], [ -111.937944, 33.643877 ], [ -111.939739, 33.644393 ], [ -111.940922, 33.644602 ], [ -111.942158, 33.644701 ], [ -111.94271, 33.644833 ], [ -111.943426, 33.645157 ], [ -111.943742, 33.64546 ], [ -111.944117, 33.645965 ] ], [ [ -111.930984, 33.674448 ], [ -111.93085, 33.674422 ], [ -111.930593, 33.674439 ], [ -111.930363, 33.674516 ], [ -111.930245, 33.674593 ], [ -111.930172, 33.67473 ], [ -111.930159, 33.675099 ], [ -111.930074, 33.675274 ], [ -111.930113, 33.675357 ], [ -111.930593, 33.675307 ], [ -111.93081, 33.675368 ], [ -111.93108, 33.675198 ], [ -111.931244, 33.675055 ], [ -111.93131, 33.674978 ], [ -111.931336, 33.674818 ], [ -111.931205, 33.67462 ], [ -111.931053, 33.674461 ], [ -111.930984, 33.674448 ] ], [ [ -111.957155, 33.712569 ], [ -111.957181, 33.712624 ], [ -111.957411, 33.712855 ], [ -111.957675, 33.713279 ], [ -111.957749, 33.713324 ], [ -111.95777, 33.713347 ], [ -111.95779, 33.713325 ], [ -111.957826, 33.713295 ], [ -111.957852, 33.713174 ], [ -111.957727, 33.712938 ], [ -111.957734, 33.712866 ], [ -111.957859, 33.712619 ], [ -111.957839, 33.712454 ], [ -111.957747, 33.71235 ], [ -111.957707, 33.712333 ], [ -111.957444, 33.712349 ], [ -111.957345, 33.712355 ], [ -111.957234, 33.712416 ], [ -111.957155, 33.712569 ] ], [ [ -111.965785, 33.756888 ], [ -111.965764, 33.756942 ], [ -111.965787, 33.75705 ], [ -111.965777, 33.757122 ], [ -111.965691, 33.757204 ], [ -111.965606, 33.757322 ], [ -111.965607, 33.757421 ], [ -111.965705, 33.757429 ], [ -111.965758, 33.757384 ], [ -111.965823, 33.757365 ], [ -111.965899, 33.757392 ], [ -111.965985, 33.757391 ], [ -111.966168, 33.757299 ], [ -111.966243, 33.757245 ], [ -111.966199, 33.757191 ], [ -111.966057, 33.757057 ], [ -111.965959, 33.756994 ], [ -111.965944, 33.756983 ], [ -111.965828, 33.756896 ], [ -111.965785, 33.756888 ] ], [ [ -111.981958, 33.75768 ], [ -111.9821, 33.757877 ], [ -111.982174, 33.758027 ], [ -111.982189, 33.758057 ], [ -111.982201, 33.758183 ], [ -111.98217, 33.758255 ], [ -111.982107, 33.758445 ], [ -111.982044, 33.758581 ], [ -111.982056, 33.758689 ], [ -111.982089, 33.75877 ], [ -111.982219, 33.758796 ], [ -111.982337, 33.75875 ], [ -111.982669, 33.758513 ], [ -111.982818, 33.75834 ], [ -111.982838, 33.758205 ], [ -111.982761, 33.75807 ], [ -111.982565, 33.757864 ], [ -111.982433, 33.757703 ], [ -111.982345, 33.757568 ], [ -111.982237, 33.757497 ], [ -111.982128, 33.757489 ], [ -111.981999, 33.757499 ], [ -111.981924, 33.757545 ], [ -111.981925, 33.757608 ], [ -111.981958, 33.75768 ] ] ], [ [ [ -112.048589, 33.712239 ], [ -112.048638, 33.712294 ], [ -112.048639, 33.712409 ], [ -112.048537, 33.712371 ], [ -112.048484, 33.712311 ], [ -112.048511, 33.712239 ], [ -112.048589, 33.712239 ] ] ] ] } }
]
}
