{
"type": "FeatureCollection",
"name": "land_boundary",
"crs": { "type": "name", "properties": { "name": "urn:ogc:def:crs:OGC:1.3:CRS84" } },
"features": [
{ "type": "Feature", "properties": { "mask_semantics": "2025 Census Place minus 2025 Census AREAWATER" }, "geometry": { "type": "MultiPolygon", "coordinates": [ [ [ [ -87.612725, 41.885665 ], [ -87.612725, 41.885141 ], [ -87.612726, 41.88438 ], [ -87.612726, 41.883982 ], [ -87.612715, 41.883714 ], [ -87.612753, 41.883517 ], [ -87.612917, 41.883299 ], [ -87.613087, 41.883113 ], [ -87.613327, 41.882933 ], [ -87.613633, 41.882764 ], [ -87.614021, 41.882616 ], [ -87.614414, 41.882534 ], [ -87.6149, 41.882485 ], [ -87.615217, 41.88248 ], [ -87.615561, 41.882458 ], [ -87.615703, 41.882442 ], [ -87.615905, 41.882371 ], [ -87.616099, 41.882261 ], [ -87.616227, 41.882174 ], [ -87.61632, 41.88207 ], [ -87.616424, 41.88189 ], [ -87.616478, 41.881748 ], [ -87.616478, 41.881562 ], [ -87.616489, 41.881442 ], [ -87.615768, 41.881437 ], [ -87.615752, 41.880907 ], [ -87.615724, 41.880587 ], [ -87.616481, 41.88056 ], [ -87.616462, 41.880181 ], [ -87.616445, 41.879807 ], [ -87.616364, 41.879802 ], [ -87.616205, 41.875887 ], [ -87.616171, 41.875036 ], [ -87.616176, 41.87443 ], [ -87.616178, 41.8742 ], [ -87.616184, 41.873509 ], [ -87.616187, 41.87328 ], [ -87.616196, 41.872159 ], [ -87.616198, 41.871981 ], [ -87.616344, 41.871864 ], [ -87.616257, 41.8689 ], [ -87.616232, 41.868884 ], [ -87.616192, 41.868859 ], [ -87.616147, 41.868844 ], [ -87.616036, 41.868824 ], [ -87.61593, 41.868763 ], [ -87.6157, 41.86862 ], [ -87.615484, 41.868442 ], [ -87.615455, 41.868373 ], [ -87.615436, 41.868304 ], [ -87.615418, 41.868284 ], [ -87.615362, 41.86825 ], [ -87.615216, 41.86825 ], [ -87.61478, 41.868251 ], [ -87.614666, 41.868341 ], [ -87.614019, 41.86836 ], [ -87.613766, 41.868419 ], [ -87.613675, 41.868433 ], [ -87.613372, 41.868434 ], [ -87.612959, 41.868394 ], [ -87.612747, 41.868305 ], [ -87.612637, 41.868285 ], [ -87.612444, 41.868157 ], [ -87.612379, 41.868114 ], [ -87.612332, 41.868052 ], [ -87.612324, 41.868025 ], [ -87.612286, 41.867977 ], [ -87.612277, 41.86795 ], [ -87.612249, 41.867916 ], [ -87.612179, 41.867686 ], [ -87.612211, 41.867414 ], [ -87.612238, 41.867367 ], [ -87.612265, 41.867339 ], [ -87.612293, 41.867291 ], [ -87.61232, 41.867263 ], [ -87.612338, 41.867229 ], [ -87.612621, 41.866947 ], [ -87.612556, 41.866837 ], [ -87.612409, 41.8667 ], [ -87.607764, 41.866769 ], [ -87.607609, 41.866909 ], [ -87.60742, 41.867037 ], [ -87.60739, 41.867058 ], [ -87.607343, 41.867058 ], [ -87.607315, 41.867065 ], [ -87.607188, 41.867127 ], [ -87.606913, 41.867182 ], [ -87.606398, 41.86715 ], [ -87.606334, 41.86713 ], [ -87.606297, 41.867109 ], [ -87.606233, 41.867089 ], [ -87.606196, 41.867068 ], [ -87.60615, 41.867055 ], [ -87.605855, 41.866849 ], [ -87.605707, 41.866651 ], [ -87.605646, 41.866435 ], [ -87.605633, 41.866404 ], [ -87.605652, 41.866298 ], [ -87.605682, 41.866132 ], [ -87.605732, 41.866033 ], [ -87.605823, 41.865882 ], [ -87.606078, 41.865613 ], [ -87.606075, 41.864735 ], [ -87.606148, 41.86468 ], [ -87.606175, 41.864666 ], [ -87.606249, 41.864645 ], [ -87.606308, 41.864648 ], [ -87.606323, 41.864906 ], [ -87.60636, 41.864947 ], [ -87.606416, 41.864981 ], [ -87.606516, 41.865015 ], [ -87.606617, 41.865035 ], [ -87.606742, 41.865032 ], [ -87.606893, 41.864987 ], [ -87.607039, 41.864925 ], [ -87.60715, 41.864856 ], [ -87.607213, 41.8648 ], [ -87.607268, 41.864739 ], [ -87.607313, 41.864676 ], [ -87.607381, 41.864539 ], [ -87.607408, 41.864446 ], [ -87.607409, 41.864433 ], [ -87.607435, 41.864247 ], [ -87.607457, 41.863983 ], [ -87.607433, 41.863877 ], [ -87.607364, 41.863729 ], [ -87.607252, 41.863469 ], [ -87.607215, 41.863256 ], [ -87.607163, 41.863026 ], [ -87.607112, 41.862926 ], [ -87.607093, 41.862879 ], [ -87.607065, 41.862845 ], [ -87.607019, 41.862694 ], [ -87.606973, 41.862598 ], [ -87.606918, 41.862543 ], [ -87.60678, 41.862447 ], [ -87.606742, 41.862413 ], [ -87.606641, 41.862297 ], [ -87.606604, 41.862214 ], [ -87.60657, 41.862066 ], [ -87.606456, 41.861989 ], [ -87.606336, 41.861899 ], [ -87.60628, 41.8619 ], [ -87.60619, 41.861989 ], [ -87.606043, 41.861989 ], [ -87.605987, 41.861949 ], [ -87.605969, 41.860061 ], [ -87.60606, 41.859992 ], [ -87.607094, 41.859972 ], [ -87.606995, 41.858682 ], [ -87.606737, 41.855448 ], [ -87.606579, 41.853463 ], [ -87.606432, 41.853381 ], [ -87.606431, 41.853271 ], [ -87.606523, 41.853202 ], [ -87.607765, 41.853152 ], [ -87.608199, 41.853134 ], [ -87.609005, 41.853103 ], [ -87.60924, 41.853154 ], [ -87.609295, 41.85316 ], [ -87.609483, 41.85324 ], [ -87.609497, 41.853246 ], [ -87.60981, 41.853495 ], [ -87.609819, 41.853513 ], [ -87.609857, 41.853584 ], [ -87.609904, 41.853687 ], [ -87.609945, 41.853862 ], [ -87.609893, 41.854343 ], [ -87.60984, 41.854646 ], [ -87.609522, 41.856503 ], [ -87.609404, 41.856592 ], [ -87.609385, 41.856627 ], [ -87.609349, 41.85673 ], [ -87.609349, 41.856826 ], [ -87.609368, 41.85686 ], [ -87.609396, 41.856887 ], [ -87.609414, 41.856921 ], [ -87.609848, 41.857319 ], [ -87.60995, 41.85751 ], [ -87.610019, 41.857754 ], [ -87.610033, 41.857784 ], [ -87.610034, 41.857796 ], [ -87.610047, 41.857884 ], [ -87.609986, 41.858392 ], [ -87.609891, 41.858636 ], [ -87.609984, 41.858787 ], [ -87.610089, 41.858858 ], [ -87.610398, 41.859067 ], [ -87.610546, 41.859266 ], [ -87.610505, 41.859413 ], [ -87.610401, 41.859698 ], [ -87.610439, 41.859925 ], [ -87.610476, 41.859972 ], [ -87.610504, 41.86 ], [ -87.610586, 41.860055 ], [ -87.610733, 41.860082 ], [ -87.610788, 41.860123 ], [ -87.610736, 41.860672 ], [ -87.610562, 41.860803 ], [ -87.610508, 41.860803 ], [ -87.610415, 41.860872 ], [ -87.610445, 41.861332 ], [ -87.610271, 41.861442 ], [ -87.610226, 41.861477 ], [ -87.610208, 41.861497 ], [ -87.610034, 41.861854 ], [ -87.609962, 41.861992 ], [ -87.609827, 41.862288 ], [ -87.609785, 41.862394 ], [ -87.609947, 41.862507 ], [ -87.609756, 41.862947 ], [ -87.609698, 41.863341 ], [ -87.609746, 41.863879 ], [ -87.609756, 41.86398 ], [ -87.609891, 41.864428 ], [ -87.610428, 41.865196 ], [ -87.610548, 41.865285 ], [ -87.61055, 41.865765 ], [ -87.610614, 41.865813 ], [ -87.612712, 41.86579 ], [ -87.612717, 41.865551 ], [ -87.612723, 41.865272 ], [ -87.612792, 41.865224 ], [ -87.612924, 41.865162 ], [ -87.613205, 41.864323 ], [ -87.613218, 41.864265 ], [ -87.613232, 41.864234 ], [ -87.613263, 41.864113 ], [ -87.613278, 41.864083 ], [ -87.61329, 41.864025 ], [ -87.613304, 41.863993 ], [ -87.613317, 41.863935 ], [ -87.613331, 41.863904 ], [ -87.613345, 41.863846 ], [ -87.613358, 41.863815 ], [ -87.613372, 41.863757 ], [ -87.613385, 41.863725 ], [ -87.613416, 41.863605 ], [ -87.613431, 41.863575 ], [ -87.613467, 41.863437 ], [ -87.613464, 41.863066 ], [ -87.613427, 41.862868 ], [ -87.613329, 41.862487 ], [ -87.613185, 41.862182 ], [ -87.61312, 41.862072 ], [ -87.612842, 41.861538 ], [ -87.61274, 41.861319 ], [ -87.612592, 41.861236 ], [ -87.612564, 41.860736 ], [ -87.612544, 41.860701 ], [ -87.612461, 41.860612 ], [ -87.612379, 41.86055 ], [ -87.612259, 41.860551 ], [ -87.612204, 41.86051 ], [ -87.61223, 41.86014 ], [ -87.612321, 41.860071 ], [ -87.612417, 41.86006 ], [ -87.61245, 41.860049 ], [ -87.612445, 41.859874 ], [ -87.612384, 41.859741 ], [ -87.612253, 41.859398 ], [ -87.612186, 41.858623 ], [ -87.612258, 41.858533 ], [ -87.612359, 41.858444 ], [ -87.612652, 41.858402 ], [ -87.612775, 41.858325 ], [ -87.61289, 41.858222 ], [ -87.612991, 41.858044 ], [ -87.613011, 41.857959 ], [ -87.613032, 41.857763 ], [ -87.613114, 41.857027 ], [ -87.613072, 41.856825 ], [ -87.612983, 41.856602 ], [ -87.612918, 41.856493 ], [ -87.612751, 41.856177 ], [ -87.612646, 41.856077 ], [ -87.612576, 41.855993 ], [ -87.612475, 41.85589 ], [ -87.612205, 41.855697 ], [ -87.611803, 41.855411 ], [ -87.611678, 41.855327 ], [ -87.611568, 41.855254 ], [ -87.611343, 41.855138 ], [ -87.61126, 41.855063 ], [ -87.611094, 41.854913 ], [ -87.611028, 41.854789 ], [ -87.610946, 41.853887 ], [ -87.610869, 41.853684 ], [ -87.610695, 41.853221 ], [ -87.610691, 41.853212 ], [ -87.61067, 41.85314 ], [ -87.610606, 41.852917 ], [ -87.610594, 41.8529 ], [ -87.610548, 41.85283 ], [ -87.610199, 41.852308 ], [ -87.609978, 41.851978 ], [ -87.609895, 41.851896 ], [ -87.609256, 41.850958 ], [ -87.609234, 41.850726 ], [ -87.609203, 41.850378 ], [ -87.609256, 41.850106 ], [ -87.609454, 41.849093 ], [ -87.609384, 41.84781 ], [ -87.609351, 41.847724 ], [ -87.609314, 41.847546 ], [ -87.609221, 41.847423 ], [ -87.609202, 41.84736 ], [ -87.609073, 41.84719 ], [ -87.609054, 41.847121 ], [ -87.608962, 41.846998 ], [ -87.608915, 41.846895 ], [ -87.608888, 41.846868 ], [ -87.60887, 41.846834 ], [ -87.608804, 41.846758 ], [ -87.608777, 41.846676 ], [ -87.60874, 41.846614 ], [ -87.608712, 41.846587 ], [ -87.608675, 41.846525 ], [ -87.608647, 41.846498 ], [ -87.608592, 41.846409 ], [ -87.608545, 41.846237 ], [ -87.608541, 41.846227 ], [ -87.608508, 41.846128 ], [ -87.60852, 41.845815 ], [ -87.608606, 41.845598 ], [ -87.608773, 41.845253 ], [ -87.608845, 41.845103 ], [ -87.608915, 41.844959 ], [ -87.609038, 41.844726 ], [ -87.609063, 41.844657 ], [ -87.609088, 41.844589 ], [ -87.609101, 41.84453 ], [ -87.609112, 41.844499 ], [ -87.609142, 41.844416 ], [ -87.609118, 41.844187 ], [ -87.609028, 41.843969 ], [ -87.608984, 41.843862 ], [ -87.6089, 41.843621 ], [ -87.608751, 41.843244 ], [ -87.608657, 41.842956 ], [ -87.608556, 41.842792 ], [ -87.608463, 41.842695 ], [ -87.608426, 41.842634 ], [ -87.60829, 41.842511 ], [ -87.608177, 41.842409 ], [ -87.608122, 41.842278 ], [ -87.608124, 41.84202 ], [ -87.608127, 41.841433 ], [ -87.608027, 41.841201 ], [ -87.608016, 41.841174 ], [ -87.60772, 41.840763 ], [ -87.607572, 41.840571 ], [ -87.607433, 41.840242 ], [ -87.607359, 41.840049 ], [ -87.607209, 41.839624 ], [ -87.607089, 41.839426 ], [ -87.607043, 41.839377 ], [ -87.607006, 41.839316 ], [ -87.606717, 41.839111 ], [ -87.606205, 41.838749 ], [ -87.606195, 41.838538 ], [ -87.606122, 41.837071 ], [ -87.606113, 41.836875 ], [ -87.605973, 41.836422 ], [ -87.605798, 41.836141 ], [ -87.605566, 41.835785 ], [ -87.605447, 41.835672 ], [ -87.605299, 41.835542 ], [ -87.60481, 41.835077 ], [ -87.604727, 41.834984 ], [ -87.604635, 41.834896 ], [ -87.604671, 41.834786 ], [ -87.604767, 41.834709 ], [ -87.604983, 41.834592 ], [ -87.605055, 41.834523 ], [ -87.605083, 41.834468 ], [ -87.605101, 41.83442 ], [ -87.6051, 41.834119 ], [ -87.605042, 41.833748 ], [ -87.604977, 41.833638 ], [ -87.604932, 41.833591 ], [ -87.604886, 41.833515 ], [ -87.604862, 41.833489 ], [ -87.604765, 41.833385 ], [ -87.604396, 41.833097 ], [ -87.604314, 41.833064 ], [ -87.604278, 41.833057 ], [ -87.604195, 41.833023 ], [ -87.604158, 41.833016 ], [ -87.604075, 41.832982 ], [ -87.603923, 41.832979 ], [ -87.603563, 41.833022 ], [ -87.603479, 41.833032 ], [ -87.603405, 41.83298 ], [ -87.603258, 41.832826 ], [ -87.603242, 41.832811 ], [ -87.60311, 41.832683 ], [ -87.602824, 41.832374 ], [ -87.602873, 41.831753 ], [ -87.602897, 41.831458 ], [ -87.602866, 41.831349 ], [ -87.602855, 41.831312 ], [ -87.602823, 41.831202 ], [ -87.602813, 41.831166 ], [ -87.602773, 41.831029 ], [ -87.602725, 41.830858 ], [ -87.602604, 41.830666 ], [ -87.602588, 41.830651 ], [ -87.602512, 41.830577 ], [ -87.602494, 41.830547 ], [ -87.602429, 41.83044 ], [ -87.602346, 41.830365 ], [ -87.60171, 41.829831 ], [ -87.60171, 41.82979 ], [ -87.601727, 41.829768 ], [ -87.601802, 41.829679 ], [ -87.601911, 41.829528 ], [ -87.60176, 41.828733 ], [ -87.60116, 41.82787 ], [ -87.601141, 41.827808 ], [ -87.600512, 41.826897 ], [ -87.60045, 41.826857 ], [ -87.599594, 41.826659 ], [ -87.59937, 41.826535 ], [ -87.599336, 41.826516 ], [ -87.599158, 41.826413 ], [ -87.599087, 41.826372 ], [ -87.599032, 41.826331 ], [ -87.598712, 41.825846 ], [ -87.598616, 41.825701 ], [ -87.59861, 41.825632 ], [ -87.598518, 41.8245 ], [ -87.5985, 41.824465 ], [ -87.598449, 41.824409 ], [ -87.598426, 41.824383 ], [ -87.598399, 41.824294 ], [ -87.597772, 41.823753 ], [ -87.597753, 41.823719 ], [ -87.597731, 41.823691 ], [ -87.597633, 41.823596 ], [ -87.597499, 41.823376 ], [ -87.597485, 41.823342 ], [ -87.597457, 41.823308 ], [ -87.597327, 41.823034 ], [ -87.597271, 41.82265 ], [ -87.59692, 41.822122 ], [ -87.596818, 41.822019 ], [ -87.596781, 41.821958 ], [ -87.596634, 41.821793 ], [ -87.59655, 41.821711 ], [ -87.596513, 41.821649 ], [ -87.596315, 41.821434 ], [ -87.596274, 41.821389 ], [ -87.596071, 41.821149 ], [ -87.595969, 41.820951 ], [ -87.595904, 41.820814 ], [ -87.595663, 41.820416 ], [ -87.595638, 41.820392 ], [ -87.595598, 41.820354 ], [ -87.595571, 41.820307 ], [ -87.595507, 41.820238 ], [ -87.595487, 41.820204 ], [ -87.595344, 41.820108 ], [ -87.594862, 41.819786 ], [ -87.594784, 41.819657 ], [ -87.594723, 41.81954 ], [ -87.594714, 41.819512 ], [ -87.594676, 41.819465 ], [ -87.594668, 41.819437 ], [ -87.594631, 41.819389 ], [ -87.594566, 41.819238 ], [ -87.59454, 41.819213 ], [ -87.594473, 41.81915 ], [ -87.594151, 41.81915 ], [ -87.594005, 41.81915 ], [ -87.593941, 41.819109 ], [ -87.593829, 41.818911 ], [ -87.593689, 41.818786 ], [ -87.593562, 41.818672 ], [ -87.593177, 41.818521 ], [ -87.59291, 41.818412 ], [ -87.592818, 41.818344 ], [ -87.592621, 41.818042 ], [ -87.592318, 41.817577 ], [ -87.592369, 41.816938 ], [ -87.592374, 41.816879 ], [ -87.592314, 41.816766 ], [ -87.592281, 41.816689 ], [ -87.59225, 41.816616 ], [ -87.591688, 41.81624 ], [ -87.591658, 41.816192 ], [ -87.591518, 41.815961 ], [ -87.591226, 41.815485 ], [ -87.591124, 41.8153 ], [ -87.591003, 41.815102 ], [ -87.590967, 41.815061 ], [ -87.590938, 41.814972 ], [ -87.590811, 41.8148 ], [ -87.590791, 41.814772 ], [ -87.590441, 41.814534 ], [ -87.590375, 41.814184 ], [ -87.590369, 41.814002 ], [ -87.5903, 41.81382 ], [ -87.59029, 41.813779 ], [ -87.590226, 41.813717 ], [ -87.589628, 41.813193 ], [ -87.589158, 41.812897 ], [ -87.589074, 41.812739 ], [ -87.588918, 41.812588 ], [ -87.588833, 41.812327 ], [ -87.588503, 41.812102 ], [ -87.588246, 41.81202 ], [ -87.588169, 41.81202 ], [ -87.587896, 41.81202 ], [ -87.58763, 41.811988 ], [ -87.587576, 41.811973 ], [ -87.587437, 41.811906 ], [ -87.587262, 41.811771 ], [ -87.587234, 41.811741 ], [ -87.587216, 41.811707 ], [ -87.587151, 41.811632 ], [ -87.58706, 41.811441 ], [ -87.587012, 41.810621 ], [ -87.587007, 41.810536 ], [ -87.586999, 41.810382 ], [ -87.586975, 41.810215 ], [ -87.586932, 41.810074 ], [ -87.586831, 41.809903 ], [ -87.586776, 41.809841 ], [ -87.58673, 41.8098 ], [ -87.586702, 41.809752 ], [ -87.586656, 41.809698 ], [ -87.586444, 41.809478 ], [ -87.586388, 41.809403 ], [ -87.586379, 41.809375 ], [ -87.586342, 41.809327 ], [ -87.58624, 41.809114 ], [ -87.586073, 41.808799 ], [ -87.585919, 41.808477 ], [ -87.585684, 41.808032 ], [ -87.585619, 41.807881 ], [ -87.585535, 41.807753 ], [ -87.585389, 41.807531 ], [ -87.585231, 41.807291 ], [ -87.585185, 41.807244 ], [ -87.585069, 41.807138 ], [ -87.584859, 41.806945 ], [ -87.584826, 41.806915 ], [ -87.584666, 41.806764 ], [ -87.584586, 41.806689 ], [ -87.584393, 41.806614 ], [ -87.584357, 41.806607 ], [ -87.584126, 41.806518 ], [ -87.583754, 41.80624 ], [ -87.581584, 41.80462 ], [ -87.581381, 41.804404 ], [ -87.581286, 41.804315 ], [ -87.581238, 41.804284 ], [ -87.581125, 41.804213 ], [ -87.580629, 41.804241 ], [ -87.58053, 41.804179 ], [ -87.580262, 41.804011 ], [ -87.580031, 41.803865 ], [ -87.580026, 41.803827 ], [ -87.580029, 41.803791 ], [ -87.580057, 41.803536 ], [ -87.580412, 41.803034 ], [ -87.580485, 41.802882 ], [ -87.580603, 41.802642 ], [ -87.580621, 41.802594 ], [ -87.580638, 41.802571 ], [ -87.580658, 41.802546 ], [ -87.580729, 41.80219 ], [ -87.580815, 41.801766 ], [ -87.580852, 41.801014 ], [ -87.580872, 41.80062 ], [ -87.580882, 41.800427 ], [ -87.580512, 41.799624 ], [ -87.580395, 41.799368 ], [ -87.580161, 41.798829 ], [ -87.579986, 41.798422 ], [ -87.579692, 41.798169 ], [ -87.578581, 41.79719 ], [ -87.578301, 41.797039 ], [ -87.578255, 41.797019 ], [ -87.578173, 41.797006 ], [ -87.577823, 41.796869 ], [ -87.577575, 41.796808 ], [ -87.57731, 41.796843 ], [ -87.576466, 41.797051 ], [ -87.576181, 41.797052 ], [ -87.57598, 41.797031 ], [ -87.575292, 41.796584 ], [ -87.575244, 41.796553 ], [ -87.57515, 41.796319 ], [ -87.575167, 41.796052 ], [ -87.575231, 41.795962 ], [ -87.575268, 41.795852 ], [ -87.57535, 41.795743 ], [ -87.57544, 41.795454 ], [ -87.575521, 41.795392 ], [ -87.575788, 41.795343 ], [ -87.576063, 41.795161 ], [ -87.576255, 41.795033 ], [ -87.576841, 41.795015 ], [ -87.576902, 41.795014 ], [ -87.577364, 41.794921 ], [ -87.578043, 41.79474 ], [ -87.578308, 41.794651 ], [ -87.578446, 41.794575 ], [ -87.578574, 41.79454 ], [ -87.57905, 41.794144 ], [ -87.579067, 41.794119 ], [ -87.579127, 41.794038 ], [ -87.579322, 41.793811 ], [ -87.579496, 41.793447 ], [ -87.579498, 41.793433 ], [ -87.579602, 41.792835 ], [ -87.579603, 41.792726 ], [ -87.579592, 41.792595 ], [ -87.579579, 41.792536 ], [ -87.579522, 41.792317 ], [ -87.579462, 41.792163 ], [ -87.579377, 41.791996 ], [ -87.579063, 41.791382 ], [ -87.578944, 41.791197 ], [ -87.578897, 41.791141 ], [ -87.578888, 41.791114 ], [ -87.578861, 41.79108 ], [ -87.578833, 41.791025 ], [ -87.578793, 41.790907 ], [ -87.578703, 41.790689 ], [ -87.578657, 41.790627 ], [ -87.578564, 41.790429 ], [ -87.578522, 41.790353 ], [ -87.578499, 41.790298 ], [ -87.578416, 41.790182 ], [ -87.578388, 41.790127 ], [ -87.578361, 41.790099 ], [ -87.578333, 41.790052 ], [ -87.57824, 41.789956 ], [ -87.578066, 41.789802 ], [ -87.578048, 41.789777 ], [ -87.577946, 41.789675 ], [ -87.577916, 41.789648 ], [ -87.577844, 41.789583 ], [ -87.576564, 41.788688 ], [ -87.576546, 41.788676 ], [ -87.57661, 41.788594 ], [ -87.576692, 41.788531 ], [ -87.577276, 41.788463 ], [ -87.577816, 41.788374 ], [ -87.577916, 41.788177 ], [ -87.5778, 41.78818 ], [ -87.577553, 41.788187 ], [ -87.577406, 41.788201 ], [ -87.577324, 41.78824 ], [ -87.577278, 41.788263 ], [ -87.57713, 41.788153 ], [ -87.57725, 41.788064 ], [ -87.577332, 41.788022 ], [ -87.577292, 41.787344 ], [ -87.577253, 41.786699 ], [ -87.577247, 41.786598 ], [ -87.577079, 41.786128 ], [ -87.576871, 41.785546 ], [ -87.576824, 41.785442 ], [ -87.576232, 41.784249 ], [ -87.576212, 41.784197 ], [ -87.576162, 41.784067 ], [ -87.576139, 41.784043 ], [ -87.576121, 41.784003 ], [ -87.576113, 41.78399 ], [ -87.576028, 41.783858 ], [ -87.576001, 41.783831 ], [ -87.575955, 41.783756 ], [ -87.57589, 41.783688 ], [ -87.575715, 41.783544 ], [ -87.575632, 41.783489 ], [ -87.575558, 41.783448 ], [ -87.575347, 41.783311 ], [ -87.575181, 41.783216 ], [ -87.575145, 41.783188 ], [ -87.574974, 41.783078 ], [ -87.574942, 41.783065 ], [ -87.574749, 41.782941 ], [ -87.574693, 41.782915 ], [ -87.574601, 41.782853 ], [ -87.574519, 41.782805 ], [ -87.574224, 41.782655 ], [ -87.573958, 41.782504 ], [ -87.573912, 41.782484 ], [ -87.573879, 41.782463 ], [ -87.573497, 41.782286 ], [ -87.573305, 41.782204 ], [ -87.573084, 41.782122 ], [ -87.5729, 41.782067 ], [ -87.572757, 41.78203 ], [ -87.572708, 41.782013 ], [ -87.572615, 41.781993 ], [ -87.572543, 41.781965 ], [ -87.572505, 41.781958 ], [ -87.572375, 41.781902 ], [ -87.572045, 41.781802 ], [ -87.571807, 41.78174 ], [ -87.571633, 41.781707 ], [ -87.571578, 41.781693 ], [ -87.57155, 41.781693 ], [ -87.571504, 41.78168 ], [ -87.571472, 41.781676 ], [ -87.571247, 41.781604 ], [ -87.571036, 41.781557 ], [ -87.570953, 41.781544 ], [ -87.570558, 41.78152 ], [ -87.570109, 41.781524 ], [ -87.569806, 41.781519 ], [ -87.569719, 41.781503 ], [ -87.569613, 41.781485 ], [ -87.569585, 41.781471 ], [ -87.569531, 41.78143 ], [ -87.569512, 41.781389 ], [ -87.569525, 41.781296 ], [ -87.569547, 41.78121 ], [ -87.569685, 41.781169 ], [ -87.571297, 41.780753 ], [ -87.571401, 41.780726 ], [ -87.572087, 41.780546 ], [ -87.573148, 41.780268 ], [ -87.573116, 41.780128 ], [ -87.573084, 41.780014 ], [ -87.573042, 41.779908 ], [ -87.573129, 41.77985 ], [ -87.573349, 41.779773 ], [ -87.57341, 41.779757 ], [ -87.573477, 41.77974 ], [ -87.573532, 41.779711 ], [ -87.573642, 41.779691 ], [ -87.573654, 41.779686 ], [ -87.573815, 41.779629 ], [ -87.573853, 41.779608 ], [ -87.574008, 41.779552 ], [ -87.574044, 41.779532 ], [ -87.574218, 41.77947 ], [ -87.574255, 41.779449 ], [ -87.574328, 41.779421 ], [ -87.574424, 41.779385 ], [ -87.574797, 41.779117 ], [ -87.574814, 41.779096 ], [ -87.574951, 41.778808 ], [ -87.575166, 41.778369 ], [ -87.575184, 41.778321 ], [ -87.575221, 41.778273 ], [ -87.575243, 41.778174 ], [ -87.575281, 41.777917 ], [ -87.575277, 41.777219 ], [ -87.575155, 41.776849 ], [ -87.574738, 41.776284 ], [ -87.574691, 41.77618 ], [ -87.574687, 41.776137 ], [ -87.574704, 41.776061 ], [ -87.574717, 41.776037 ], [ -87.574836, 41.775954 ], [ -87.575186, 41.775936 ], [ -87.575404, 41.775925 ], [ -87.575551, 41.775993 ], [ -87.57568, 41.7761 ], [ -87.575775, 41.776218 ], [ -87.575902, 41.776377 ], [ -87.57595, 41.776432 ], [ -87.576262, 41.776787 ], [ -87.576298, 41.776836 ], [ -87.576326, 41.776863 ], [ -87.576399, 41.777 ], [ -87.576483, 41.777206 ], [ -87.57664, 41.777385 ], [ -87.576663, 41.777425 ], [ -87.576692, 41.777532 ], [ -87.576683, 41.777566 ], [ -87.576641, 41.777652 ], [ -87.576596, 41.777721 ], [ -87.576605, 41.777755 ], [ -87.576611, 41.777889 ], [ -87.576643, 41.777961 ], [ -87.576699, 41.77805 ], [ -87.576763, 41.778118 ], [ -87.576823, 41.778159 ], [ -87.576855, 41.778173 ], [ -87.576937, 41.778221 ], [ -87.577103, 41.778276 ], [ -87.577167, 41.77831 ], [ -87.577287, 41.778402 ], [ -87.577315, 41.778433 ], [ -87.577333, 41.778467 ], [ -87.577327, 41.778534 ], [ -87.577252, 41.778646 ], [ -87.577225, 41.778715 ], [ -87.577133, 41.778845 ], [ -87.577115, 41.778879 ], [ -87.576987, 41.779079 ], [ -87.576942, 41.779182 ], [ -87.576911, 41.779316 ], [ -87.576833, 41.77947 ], [ -87.576788, 41.779546 ], [ -87.576751, 41.779587 ], [ -87.576715, 41.779608 ], [ -87.576559, 41.779629 ], [ -87.576522, 41.779649 ], [ -87.576494, 41.779678 ], [ -87.576473, 41.779797 ], [ -87.576423, 41.77989 ], [ -87.576395, 41.779959 ], [ -87.576395, 41.78002 ], [ -87.576423, 41.780048 ], [ -87.576507, 41.780096 ], [ -87.576543, 41.780102 ], [ -87.576607, 41.780137 ], [ -87.576671, 41.780158 ], [ -87.576791, 41.780157 ], [ -87.577047, 41.780115 ], [ -87.577116, 41.780111 ], [ -87.57746, 41.780025 ], [ -87.577496, 41.780004 ], [ -87.577579, 41.779984 ], [ -87.577615, 41.779963 ], [ -87.577725, 41.779935 ], [ -87.577833, 41.779891 ], [ -87.577927, 41.779866 ], [ -87.578015, 41.779863 ], [ -87.578221, 41.779879 ], [ -87.578248, 41.779893 ], [ -87.578331, 41.779954 ], [ -87.578425, 41.780095 ], [ -87.578632, 41.779829 ], [ -87.578697, 41.779727 ], [ -87.578696, 41.779651 ], [ -87.578724, 41.779528 ], [ -87.578746, 41.7795 ], [ -87.57876, 41.779466 ], [ -87.578806, 41.779404 ], [ -87.579016, 41.779205 ], [ -87.579036, 41.779055 ], [ -87.579006, 41.778992 ], [ -87.578987, 41.778971 ], [ -87.578665, 41.778677 ], [ -87.578649, 41.778645 ], [ -87.578572, 41.778492 ], [ -87.578482, 41.777878 ], [ -87.578495, 41.777709 ], [ -87.578512, 41.777624 ], [ -87.57853, 41.777531 ], [ -87.578526, 41.777493 ], [ -87.578512, 41.777462 ], [ -87.578485, 41.777438 ], [ -87.57842, 41.777401 ], [ -87.578393, 41.77738 ], [ -87.578374, 41.777291 ], [ -87.578369, 41.777233 ], [ -87.578337, 41.777167 ], [ -87.578309, 41.777126 ], [ -87.578271, 41.777099 ], [ -87.578162, 41.777079 ], [ -87.578116, 41.777079 ], [ -87.578043, 41.777065 ], [ -87.577955, 41.777062 ], [ -87.577933, 41.777038 ], [ -87.577895, 41.777031 ], [ -87.577766, 41.77698 ], [ -87.577674, 41.776929 ], [ -87.577602, 41.776867 ], [ -87.577564, 41.776805 ], [ -87.577536, 41.776723 ], [ -87.577536, 41.776654 ], [ -87.577563, 41.776558 ], [ -87.577609, 41.77651 ], [ -87.577637, 41.776503 ], [ -87.577683, 41.77651 ], [ -87.577737, 41.776551 ], [ -87.577802, 41.776633 ], [ -87.577829, 41.776653 ], [ -87.577875, 41.776653 ], [ -87.57794, 41.77662 ], [ -87.577967, 41.776599 ], [ -87.57804, 41.776523 ], [ -87.578058, 41.776488 ], [ -87.578039, 41.776447 ], [ -87.577906, 41.776338 ], [ -87.577755, 41.776263 ], [ -87.577588, 41.776208 ], [ -87.577552, 41.776187 ], [ -87.577479, 41.776174 ], [ -87.577433, 41.77616 ], [ -87.5774, 41.776158 ], [ -87.577313, 41.776133 ], [ -87.577182, 41.776111 ], [ -87.576918, 41.776052 ], [ -87.576804, 41.776044 ], [ -87.576666, 41.776035 ], [ -87.576616, 41.776032 ], [ -87.576469, 41.776033 ], [ -87.576027, 41.775724 ], [ -87.575404, 41.775706 ], [ -87.57513, 41.775699 ], [ -87.574905, 41.775663 ], [ -87.574347, 41.775536 ], [ -87.574286, 41.775536 ], [ -87.573734, 41.775537 ], [ -87.573622, 41.775538 ], [ -87.573549, 41.775524 ], [ -87.573467, 41.775477 ], [ -87.573411, 41.775477 ], [ -87.573281, 41.775568 ], [ -87.57294, 41.775625 ], [ -87.572449, 41.775726 ], [ -87.572422, 41.775719 ], [ -87.572385, 41.775698 ], [ -87.572357, 41.775692 ], [ -87.572238, 41.775699 ], [ -87.572137, 41.775768 ], [ -87.571972, 41.775898 ], [ -87.571863, 41.776056 ], [ -87.571818, 41.776174 ], [ -87.5718, 41.776242 ], [ -87.571805, 41.776404 ], [ -87.571833, 41.7765 ], [ -87.571884, 41.776647 ], [ -87.571949, 41.776729 ], [ -87.572078, 41.776928 ], [ -87.572088, 41.776955 ], [ -87.572116, 41.776989 ], [ -87.572134, 41.777024 ], [ -87.572245, 41.777189 ], [ -87.572291, 41.777236 ], [ -87.572355, 41.777277 ], [ -87.572447, 41.777284 ], [ -87.57253, 41.77727 ], [ -87.572603, 41.777235 ], [ -87.57299, 41.777564 ], [ -87.57298, 41.777606 ], [ -87.572954, 41.777722 ], [ -87.573124, 41.777934 ], [ -87.573157, 41.777969 ], [ -87.573175, 41.778004 ], [ -87.573433, 41.77829 ], [ -87.573703, 41.778985 ], [ -87.57341, 41.77906 ], [ -87.573345, 41.779129 ], [ -87.573235, 41.779211 ], [ -87.573183, 41.779229 ], [ -87.57286, 41.779343 ], [ -87.572484, 41.779344 ], [ -87.572401, 41.779316 ], [ -87.572365, 41.779296 ], [ -87.572282, 41.779268 ], [ -87.572143, 41.779148 ], [ -87.572042, 41.779035 ], [ -87.572006, 41.778974 ], [ -87.571933, 41.778896 ], [ -87.571807, 41.778762 ], [ -87.571724, 41.778658 ], [ -87.571516, 41.77844 ], [ -87.571452, 41.778378 ], [ -87.571443, 41.778357 ], [ -87.571443, 41.778316 ], [ -87.570167, 41.77733 ], [ -87.569795, 41.777167 ], [ -87.569446, 41.776995 ], [ -87.568861, 41.776633 ], [ -87.56871, 41.77651 ], [ -87.568451, 41.776274 ], [ -87.568395, 41.776215 ], [ -87.568349, 41.776175 ], [ -87.568313, 41.776113 ], [ -87.568248, 41.776051 ], [ -87.56822, 41.776003 ], [ -87.568156, 41.775934 ], [ -87.568138, 41.7759 ], [ -87.567939, 41.775668 ], [ -87.567834, 41.775571 ], [ -87.567658, 41.775284 ], [ -87.567566, 41.775194 ], [ -87.567558, 41.775182 ], [ -87.567362, 41.774866 ], [ -87.567298, 41.774804 ], [ -87.56727, 41.774756 ], [ -87.567205, 41.774687 ], [ -87.567187, 41.774653 ], [ -87.567058, 41.774502 ], [ -87.566994, 41.774434 ], [ -87.566957, 41.774372 ], [ -87.566688, 41.774084 ], [ -87.566606, 41.774037 ], [ -87.566385, 41.773969 ], [ -87.566275, 41.7739 ], [ -87.56622, 41.773842 ], [ -87.566091, 41.773708 ], [ -87.566054, 41.773598 ], [ -87.566118, 41.773537 ], [ -87.566149, 41.773482 ], [ -87.566099, 41.773386 ], [ -87.566016, 41.773303 ], [ -87.565238, 41.772824 ], [ -87.564378, 41.772243 ], [ -87.564304, 41.772222 ], [ -87.56402, 41.772141 ], [ -87.56368, 41.772142 ], [ -87.563396, 41.772088 ], [ -87.563285, 41.771923 ], [ -87.563328, 41.771531 ], [ -87.563359, 41.77137 ], [ -87.563464, 41.770934 ], [ -87.563399, 41.770845 ], [ -87.563288, 41.770625 ], [ -87.5632, 41.770475 ], [ -87.563186, 41.77044 ], [ -87.56313, 41.770365 ], [ -87.562982, 41.77007 ], [ -87.562954, 41.770036 ], [ -87.562881, 41.769892 ], [ -87.562746, 41.769659 ], [ -87.562631, 41.769419 ], [ -87.562603, 41.769371 ], [ -87.562539, 41.769296 ], [ -87.562294, 41.769118 ], [ -87.562115, 41.769036 ], [ -87.561978, 41.768967 ], [ -87.561637, 41.76883 ], [ -87.561601, 41.768824 ], [ -87.561555, 41.768804 ], [ -87.561012, 41.768653 ], [ -87.560875, 41.76862 ], [ -87.560842, 41.768616 ], [ -87.560728, 41.768585 ], [ -87.560608, 41.768559 ], [ -87.56048, 41.768504 ], [ -87.560296, 41.76845 ], [ -87.560141, 41.768436 ], [ -87.560044, 41.76844 ], [ -87.560002, 41.76845 ], [ -87.559957, 41.768477 ], [ -87.55992, 41.768512 ], [ -87.559807, 41.768835 ], [ -87.559712, 41.769041 ], [ -87.559593, 41.76924 ], [ -87.559438, 41.769323 ], [ -87.559384, 41.769016 ], [ -87.559368, 41.768922 ], [ -87.559338, 41.766622 ], [ -87.559424, 41.766467 ], [ -87.559555, 41.766438 ], [ -87.559787, 41.766386 ], [ -87.5598, 41.766384 ], [ -87.560098, 41.766339 ], [ -87.560423, 41.766239 ], [ -87.560461, 41.766231 ], [ -87.560481, 41.76622 ], [ -87.560561, 41.766142 ], [ -87.560565, 41.766118 ], [ -87.560615, 41.766029 ], [ -87.560625, 41.766012 ], [ -87.560629, 41.765939 ], [ -87.560526, 41.765647 ], [ -87.560522, 41.765635 ], [ -87.560383, 41.76538 ], [ -87.560309, 41.765264 ], [ -87.560208, 41.765141 ], [ -87.560119, 41.765056 ], [ -87.560078, 41.765017 ], [ -87.559922, 41.764929 ], [ -87.559703, 41.764997 ], [ -87.559684, 41.764997 ], [ -87.559647, 41.764998 ], [ -87.559435, 41.764799 ], [ -87.55944, 41.764725 ], [ -87.559461, 41.764428 ], [ -87.559253, 41.764289 ], [ -87.558715, 41.763929 ], [ -87.558524, 41.764039 ], [ -87.558294, 41.763858 ], [ -87.557945, 41.763528 ], [ -87.557602, 41.763203 ], [ -87.55759, 41.76313 ], [ -87.557546, 41.762853 ], [ -87.557049, 41.762535 ], [ -87.556929, 41.762567 ], [ -87.556875, 41.762574 ], [ -87.556839, 41.762574 ], [ -87.556727, 41.762484 ], [ -87.556636, 41.762376 ], [ -87.556452, 41.762156 ], [ -87.556387, 41.762087 ], [ -87.55635, 41.76206 ], [ -87.556298, 41.762033 ], [ -87.556202, 41.762005 ], [ -87.555946, 41.761986 ], [ -87.555735, 41.761938 ], [ -87.555622, 41.76189 ], [ -87.555588, 41.761876 ], [ -87.555431, 41.761835 ], [ -87.555294, 41.761808 ], [ -87.555261, 41.761805 ], [ -87.555192, 41.761788 ], [ -87.555009, 41.761734 ], [ -87.554514, 41.761961 ], [ -87.55451, 41.76191 ], [ -87.55444, 41.761782 ], [ -87.554321, 41.761549 ], [ -87.554292, 41.761474 ], [ -87.554255, 41.761398 ], [ -87.554242, 41.761376 ], [ -87.554227, 41.761351 ], [ -87.5542, 41.761323 ], [ -87.554181, 41.761289 ], [ -87.554145, 41.761248 ], [ -87.554053, 41.761179 ], [ -87.553887, 41.761111 ], [ -87.553643, 41.760954 ], [ -87.553523, 41.760885 ], [ -87.553161, 41.760717 ], [ -87.553004, 41.760652 ], [ -87.552657, 41.760431 ], [ -87.552532, 41.760377 ], [ -87.552361, 41.760331 ], [ -87.552278, 41.760305 ], [ -87.552149, 41.760242 ], [ -87.552006, 41.760161 ], [ -87.551832, 41.760051 ], [ -87.551733, 41.760008 ], [ -87.551579, 41.759962 ], [ -87.551395, 41.759922 ], [ -87.551304, 41.759894 ], [ -87.551202, 41.759857 ], [ -87.551092, 41.759806 ], [ -87.551074, 41.759798 ], [ -87.550917, 41.759734 ], [ -87.550835, 41.759696 ], [ -87.550698, 41.759648 ], [ -87.550559, 41.759594 ], [ -87.550477, 41.759567 ], [ -87.550413, 41.759539 ], [ -87.550375, 41.759532 ], [ -87.550291, 41.75949 ], [ -87.550136, 41.75943 ], [ -87.550017, 41.759389 ], [ -87.549961, 41.759375 ], [ -87.549641, 41.759294 ], [ -87.549411, 41.759226 ], [ -87.5492, 41.759171 ], [ -87.54897, 41.759103 ], [ -87.548933, 41.759096 ], [ -87.548887, 41.759082 ], [ -87.548855, 41.759079 ], [ -87.548796, 41.759062 ], [ -87.548704, 41.759042 ], [ -87.548456, 41.759008 ], [ -87.548428, 41.759008 ], [ -87.548089, 41.758967 ], [ -87.547838, 41.758942 ], [ -87.547823, 41.758941 ], [ -87.5474, 41.758921 ], [ -87.547157, 41.758931 ], [ -87.547076, 41.758945 ], [ -87.546978, 41.758976 ], [ -87.546768, 41.759032 ], [ -87.546648, 41.759053 ], [ -87.546603, 41.759066 ], [ -87.546475, 41.759094 ], [ -87.546429, 41.759115 ], [ -87.546393, 41.759122 ], [ -87.546273, 41.759177 ], [ -87.546061, 41.759262 ], [ -87.545953, 41.759295 ], [ -87.545917, 41.759301 ], [ -87.545769, 41.75936 ], [ -87.545504, 41.759488 ], [ -87.545371, 41.759563 ], [ -87.545083, 41.759701 ], [ -87.544974, 41.759739 ], [ -87.544845, 41.759749 ], [ -87.544615, 41.75973 ], [ -87.544579, 41.75973 ], [ -87.544496, 41.759744 ], [ -87.544377, 41.759779 ], [ -87.544249, 41.759854 ], [ -87.544176, 41.759868 ], [ -87.544065, 41.759868 ], [ -87.544011, 41.759882 ], [ -87.543882, 41.759965 ], [ -87.543643, 41.760129 ], [ -87.542493, 41.759034 ], [ -87.542583, 41.758752 ], [ -87.54245, 41.758635 ], [ -87.54216, 41.758379 ], [ -87.541488, 41.757766 ], [ -87.541111, 41.757767 ], [ -87.540739, 41.757435 ], [ -87.540512, 41.757232 ], [ -87.540485, 41.757177 ], [ -87.540928, 41.756902 ], [ -87.542038, 41.756215 ], [ -87.543156, 41.755524 ], [ -87.543192, 41.755501 ], [ -87.543733, 41.755177 ], [ -87.543751, 41.755166 ], [ -87.54375, 41.755077 ], [ -87.543866, 41.754987 ], [ -87.543892, 41.754954 ], [ -87.543997, 41.754836 ], [ -87.544015, 41.754795 ], [ -87.544043, 41.754774 ], [ -87.544079, 41.754698 ], [ -87.544156, 41.754345 ], [ -87.544209, 41.754153 ], [ -87.544222, 41.754087 ], [ -87.544232, 41.754039 ], [ -87.544232, 41.753991 ], [ -87.5442, 41.753865 ], [ -87.54414, 41.753751 ], [ -87.544074, 41.753648 ], [ -87.544047, 41.753621 ], [ -87.544007, 41.753548 ], [ -87.543991, 41.753518 ], [ -87.543714, 41.752921 ], [ -87.543686, 41.752894 ], [ -87.543612, 41.752764 ], [ -87.543547, 41.752661 ], [ -87.543501, 41.752572 ], [ -87.543363, 41.752359 ], [ -87.543317, 41.752304 ], [ -87.543062, 41.752105 ], [ -87.5427, 41.751941 ], [ -87.54267, 41.75194 ], [ -87.542473, 41.751932 ], [ -87.541482, 41.751897 ], [ -87.541311, 41.75189 ], [ -87.541142, 41.751884 ], [ -87.540798, 41.751871 ], [ -87.540628, 41.751865 ], [ -87.540562, 41.751863 ], [ -87.540241, 41.751823 ], [ -87.538542, 41.751181 ], [ -87.537322, 41.750708 ], [ -87.536869, 41.750532 ], [ -87.535603, 41.750033 ], [ -87.535595, 41.750006 ], [ -87.532802, 41.748924 ], [ -87.532597, 41.748858 ], [ -87.53234, 41.748748 ], [ -87.532193, 41.74866 ], [ -87.532135, 41.748649 ], [ -87.53171, 41.748435 ], [ -87.531504, 41.748352 ], [ -87.531446, 41.748308 ], [ -87.531365, 41.748292 ], [ -87.530874, 41.748023 ], [ -87.530407, 41.744749 ], [ -87.530376, 41.744527 ], [ -87.530004, 41.741906 ], [ -87.529916, 41.741681 ], [ -87.529821, 41.741555 ], [ -87.529645, 41.741412 ], [ -87.529425, 41.741318 ], [ -87.530176, 41.741257 ], [ -87.530459, 41.741115 ], [ -87.530731, 41.741061 ], [ -87.531406, 41.741052 ], [ -87.537476, 41.74098 ], [ -87.5395, 41.740957 ], [ -87.53985, 41.740953 ], [ -87.539829, 41.740453 ], [ -87.538544, 41.740463 ], [ -87.532139, 41.740515 ], [ -87.530005, 41.740533 ], [ -87.52981, 41.739388 ], [ -87.529775, 41.739185 ], [ -87.529615, 41.738243 ], [ -87.529087, 41.735144 ], [ -87.528879, 41.733922 ], [ -87.528879, 41.733796 ], [ -87.528989, 41.733725 ], [ -87.529523, 41.733495 ], [ -87.531489, 41.732653 ], [ -87.532145, 41.732373 ], [ -87.533098, 41.731964 ], [ -87.534473, 41.731376 ], [ -87.535963, 41.730755 ], [ -87.536291, 41.730619 ], [ -87.536599, 41.730459 ], [ -87.536841, 41.730383 ], [ -87.53692, 41.730404 ], [ -87.537134, 41.73046 ], [ -87.537218, 41.730643 ], [ -87.537747, 41.731797 ], [ -87.537924, 41.732182 ], [ -87.538066, 41.732492 ], [ -87.538494, 41.733425 ], [ -87.538577, 41.733606 ], [ -87.538712, 41.733558 ], [ -87.538775, 41.733535 ], [ -87.538792, 41.733301 ], [ -87.538827, 41.732843 ], [ -87.538647, 41.732436 ], [ -87.538526, 41.732161 ], [ -87.538431, 41.731947 ], [ -87.538148, 41.731306 ], [ -87.538072, 41.731135 ], [ -87.538097, 41.731097 ], [ -87.538358, 41.730707 ], [ -87.538273, 41.730547 ], [ -87.53797, 41.729971 ], [ -87.538007, 41.729878 ], [ -87.538065, 41.729839 ], [ -87.539093, 41.729372 ], [ -87.539685, 41.729104 ], [ -87.539788, 41.729087 ], [ -87.539927, 41.729104 ], [ -87.540225, 41.729015 ], [ -87.540668, 41.728884 ], [ -87.540624, 41.728829 ], [ -87.540653, 41.728769 ], [ -87.541503, 41.728122 ], [ -87.54157, 41.728072 ], [ -87.541716, 41.727891 ], [ -87.541775, 41.727819 ], [ -87.541846, 41.727691 ], [ -87.541914, 41.727567 ], [ -87.541995, 41.727495 ], [ -87.542427, 41.727572 ], [ -87.542522, 41.727578 ], [ -87.542596, 41.72755 ], [ -87.542855, 41.7262 ], [ -87.542918, 41.72587 ], [ -87.542933, 41.725793 ], [ -87.544091, 41.725695 ], [ -87.544157, 41.725667 ], [ -87.544165, 41.725645 ], [ -87.544157, 41.725563 ], [ -87.544077, 41.725508 ], [ -87.543534, 41.725464 ], [ -87.543087, 41.725327 ], [ -87.543087, 41.725294 ], [ -87.543337, 41.72435 ], [ -87.543403, 41.724229 ], [ -87.546195, 41.724207 ], [ -87.546188, 41.723916 ], [ -87.545228, 41.723888 ], [ -87.543645, 41.723844 ], [ -87.543638, 41.723466 ], [ -87.543642, 41.722855 ], [ -87.543646, 41.722233 ], [ -87.543653, 41.721352 ], [ -87.543411, 41.721242 ], [ -87.543368, 41.721209 ], [ -87.543345, 41.721203 ], [ -87.543301, 41.721061 ], [ -87.543301, 41.720824 ], [ -87.543356, 41.720578 ], [ -87.543377, 41.72049 ], [ -87.543455, 41.720149 ], [ -87.543479, 41.71997 ], [ -87.543511, 41.719727 ], [ -87.543521, 41.719655 ], [ -87.543574, 41.719446 ], [ -87.543741, 41.718793 ], [ -87.543866, 41.718755 ], [ -87.543909, 41.718717 ], [ -87.543925, 41.718705 ], [ -87.543988, 41.718581 ], [ -87.543998, 41.71856 ], [ -87.544017, 41.718522 ], [ -87.544034, 41.718489 ], [ -87.544046, 41.718466 ], [ -87.544054, 41.718451 ], [ -87.544062, 41.718435 ], [ -87.54408, 41.7184 ], [ -87.544108, 41.718343 ], [ -87.544111, 41.718299 ], [ -87.544115, 41.718228 ], [ -87.544123, 41.718155 ], [ -87.543991, 41.717854 ], [ -87.543962, 41.717508 ], [ -87.543913, 41.717425 ], [ -87.543775, 41.71719 ], [ -87.543405, 41.716561 ], [ -87.543258, 41.716311 ], [ -87.543127, 41.715575 ], [ -87.543127, 41.715317 ], [ -87.543142, 41.71484 ], [ -87.542929, 41.714708 ], [ -87.542938, 41.714546 ], [ -87.542981, 41.713819 ], [ -87.543198, 41.713711 ], [ -87.543216, 41.713601 ], [ -87.543193, 41.713481 ], [ -87.543059, 41.713444 ], [ -87.543142, 41.712283 ], [ -87.543184, 41.711417 ], [ -87.543202, 41.711375 ], [ -87.544193, 41.709786 ], [ -87.544381, 41.709646 ], [ -87.545041, 41.709503 ], [ -87.54526, 41.709475 ], [ -87.545729, 41.709481 ], [ -87.546008, 41.70952 ], [ -87.546242, 41.709574 ], [ -87.54644, 41.709575 ], [ -87.546858, 41.709547 ], [ -87.547136, 41.709476 ], [ -87.548909, 41.70947 ], [ -87.550529, 41.709465 ], [ -87.550529, 41.709196 ], [ -87.546294, 41.709218 ], [ -87.546118, 41.709179 ], [ -87.545993, 41.709113 ], [ -87.54592, 41.709097 ], [ -87.545664, 41.709086 ], [ -87.545451, 41.709031 ], [ -87.545436, 41.709009 ], [ -87.545444, 41.708954 ], [ -87.545488, 41.708905 ], [ -87.545605, 41.708817 ], [ -87.545671, 41.708734 ], [ -87.54584, 41.708641 ], [ -87.545964, 41.708493 ], [ -87.546052, 41.708169 ], [ -87.546265, 41.708032 ], [ -87.546565, 41.707735 ], [ -87.551291, 41.707626 ], [ -87.55143, 41.707519 ], [ -87.551423, 41.707313 ], [ -87.54707, 41.70741 ], [ -87.546833, 41.707415 ], [ -87.546748, 41.707417 ], [ -87.546543, 41.707296 ], [ -87.546547, 41.70691 ], [ -87.54655, 41.706674 ], [ -87.54655, 41.706664 ], [ -87.54655, 41.706634 ], [ -87.546551, 41.706625 ], [ -87.546558, 41.705989 ], [ -87.546712, 41.705841 ], [ -87.547295, 41.705826 ], [ -87.551594, 41.705718 ], [ -87.553028, 41.705682 ], [ -87.552991, 41.705375 ], [ -87.551411, 41.70539 ], [ -87.547042, 41.705435 ], [ -87.546302, 41.705061 ], [ -87.546273, 41.704776 ], [ -87.546351, 41.704614 ], [ -87.546375, 41.704567 ], [ -87.546331, 41.704062 ], [ -87.546361, 41.70393 ], [ -87.546449, 41.703782 ], [ -87.546478, 41.703688 ], [ -87.546456, 41.703211 ], [ -87.54648, 41.702767 ], [ -87.546493, 41.702519 ], [ -87.546793, 41.702503 ], [ -87.547079, 41.702217 ], [ -87.547182, 41.702074 ], [ -87.547193, 41.702063 ], [ -87.547409, 41.701871 ], [ -87.547548, 41.701706 ], [ -87.547578, 41.701695 ], [ -87.547841, 41.701487 ], [ -87.547937, 41.701443 ], [ -87.548017, 41.701377 ], [ -87.548288, 41.701251 ], [ -87.548955, 41.701042 ], [ -87.549446, 41.700938 ], [ -87.549776, 41.700916 ], [ -87.549966, 41.700889 ], [ -87.550069, 41.700839 ], [ -87.55023, 41.700707 ], [ -87.55031, 41.700674 ], [ -87.550362, 41.700631 ], [ -87.550574, 41.700554 ], [ -87.550633, 41.70051 ], [ -87.550845, 41.700411 ], [ -87.551285, 41.700262 ], [ -87.551446, 41.700208 ], [ -87.551516, 41.700119 ], [ -87.551534, 41.700098 ], [ -87.551556, 41.700032 ], [ -87.551622, 41.699977 ], [ -87.55212, 41.699802 ], [ -87.552201, 41.699741 ], [ -87.552214, 41.699706 ], [ -87.552259, 41.699587 ], [ -87.552352, 41.699462 ], [ -87.55258, 41.699156 ], [ -87.552604, 41.699126 ], [ -87.553204, 41.698198 ], [ -87.553412, 41.697878 ], [ -87.553769, 41.697325 ], [ -87.55371, 41.697128 ], [ -87.554047, 41.69693 ], [ -87.558286, 41.696887 ], [ -87.558428, 41.696886 ], [ -87.558436, 41.696798 ], [ -87.55837, 41.696722 ], [ -87.558267, 41.696689 ], [ -87.556392, 41.696601 ], [ -87.555828, 41.696431 ], [ -87.554025, 41.696392 ], [ -87.553176, 41.694553 ], [ -87.553491, 41.694234 ], [ -87.556831, 41.694218 ], [ -87.556802, 41.693757 ], [ -87.552941, 41.693745 ], [ -87.552964, 41.693378 ], [ -87.552868, 41.692977 ], [ -87.552663, 41.692515 ], [ -87.552549, 41.692181 ], [ -87.552531, 41.692126 ], [ -87.552553, 41.69195 ], [ -87.552656, 41.691664 ], [ -87.552803, 41.69083 ], [ -87.552854, 41.690478 ], [ -87.552869, 41.690028 ], [ -87.552891, 41.689973 ], [ -87.552927, 41.689962 ], [ -87.553198, 41.68994 ], [ -87.553257, 41.689869 ], [ -87.553257, 41.689798 ], [ -87.553206, 41.689737 ], [ -87.553081, 41.68966 ], [ -87.552971, 41.689627 ], [ -87.552927, 41.689573 ], [ -87.553001, 41.689314 ], [ -87.553023, 41.688985 ], [ -87.553023, 41.688683 ], [ -87.552957, 41.688452 ], [ -87.55292, 41.688145 ], [ -87.552927, 41.687777 ], [ -87.552916, 41.687237 ], [ -87.552913, 41.687063 ], [ -87.552991, 41.686748 ], [ -87.553038, 41.686564 ], [ -87.553096, 41.686525 ], [ -87.553118, 41.686382 ], [ -87.553111, 41.686031 ], [ -87.55317, 41.685293 ], [ -87.553177, 41.685213 ], [ -87.55325, 41.684949 ], [ -87.55317, 41.684829 ], [ -87.553089, 41.68462 ], [ -87.552858, 41.682671 ], [ -87.552849, 41.68256 ], [ -87.552848, 41.682539 ], [ -87.552804, 41.681221 ], [ -87.552782, 41.679102 ], [ -87.552907, 41.679096 ], [ -87.552958, 41.676955 ], [ -87.552848, 41.676944 ], [ -87.552871, 41.675889 ], [ -87.552892, 41.67494 ], [ -87.552907, 41.674061 ], [ -87.552944, 41.673919 ], [ -87.553039, 41.673792 ], [ -87.553175, 41.673701 ], [ -87.553512, 41.673474 ], [ -87.554525, 41.672795 ], [ -87.554767, 41.672634 ], [ -87.554875, 41.672594 ], [ -87.555207, 41.672469 ], [ -87.555373, 41.672382 ], [ -87.556759, 41.671668 ], [ -87.556823, 41.671646 ], [ -87.556877, 41.671629 ], [ -87.557118, 41.671596 ], [ -87.557213, 41.671541 ], [ -87.557261, 41.671417 ], [ -87.557301, 41.671311 ], [ -87.557345, 41.67125 ], [ -87.557411, 41.671212 ], [ -87.557732, 41.671221 ], [ -87.55777, 41.671223 ], [ -87.557924, 41.671173 ], [ -87.558034, 41.671129 ], [ -87.558056, 41.671096 ], [ -87.5581, 41.671091 ], [ -87.558283, 41.670921 ], [ -87.558341, 41.670756 ], [ -87.5584, 41.670701 ], [ -87.558576, 41.67058 ], [ -87.558649, 41.670482 ], [ -87.5587, 41.670009 ], [ -87.558708, 41.669968 ], [ -87.558759, 41.669735 ], [ -87.558788, 41.66968 ], [ -87.559073, 41.669678 ], [ -87.559109, 41.669677 ], [ -87.55922, 41.669677 ], [ -87.559257, 41.669677 ], [ -87.559659, 41.669674 ], [ -87.559799, 41.669652 ], [ -87.560004, 41.669565 ], [ -87.560258, 41.669501 ], [ -87.560362, 41.669455 ], [ -87.560472, 41.669362 ], [ -87.560619, 41.669285 ], [ -87.560794, 41.66923 ], [ -87.560999, 41.669142 ], [ -87.56119, 41.669032 ], [ -87.561285, 41.668933 ], [ -87.561439, 41.66884 ], [ -87.561951, 41.668395 ], [ -87.5622, 41.668252 ], [ -87.562698, 41.66789 ], [ -87.562817, 41.667819 ], [ -87.563189, 41.667599 ], [ -87.56335, 41.667473 ], [ -87.563431, 41.667385 ], [ -87.563577, 41.667313 ], [ -87.563687, 41.667324 ], [ -87.563698, 41.667285 ], [ -87.564289, 41.66643 ], [ -87.564565, 41.666391 ], [ -87.5646, 41.666407 ], [ -87.564624, 41.666495 ], [ -87.564617, 41.666583 ], [ -87.564573, 41.666627 ], [ -87.564558, 41.666682 ], [ -87.56458, 41.666737 ], [ -87.564639, 41.66677 ], [ -87.564851, 41.666819 ], [ -87.565144, 41.666852 ], [ -87.565452, 41.666847 ], [ -87.565671, 41.666786 ], [ -87.565869, 41.666687 ], [ -87.565898, 41.666633 ], [ -87.565986, 41.666578 ], [ -87.566045, 41.666506 ], [ -87.566301, 41.666331 ], [ -87.56636, 41.666259 ], [ -87.566667, 41.666034 ], [ -87.566997, 41.665941 ], [ -87.567077, 41.665869 ], [ -87.567077, 41.665842 ], [ -87.567231, 41.665677 ], [ -87.567392, 41.665435 ], [ -87.567611, 41.664815 ], [ -87.567831, 41.664557 ], [ -87.568219, 41.664249 ], [ -87.568549, 41.664035 ], [ -87.569069, 41.663821 ], [ -87.569127, 41.663777 ], [ -87.569171, 41.663772 ], [ -87.569405, 41.663662 ], [ -87.569684, 41.663568 ], [ -87.570694, 41.663442 ], [ -87.571002, 41.663426 ], [ -87.571434, 41.663469 ], [ -87.572239, 41.663486 ], [ -87.572898, 41.663508 ], [ -87.573242, 41.66348 ], [ -87.574113, 41.663595 ], [ -87.574516, 41.663628 ], [ -87.574787, 41.663612 ], [ -87.575109, 41.663661 ], [ -87.575295, 41.663649 ], [ -87.575462, 41.663639 ], [ -87.575783, 41.663502 ], [ -87.575836, 41.663506 ], [ -87.580795, 41.6651 ], [ -87.580719, 41.665302 ], [ -87.582039, 41.665726 ], [ -87.582306, 41.665756 ], [ -87.583427, 41.666878 ], [ -87.583527, 41.66703 ], [ -87.58358, 41.667191 ], [ -87.583588, 41.667278 ], [ -87.583557, 41.667404 ], [ -87.583504, 41.667507 ], [ -87.583488, 41.667591 ], [ -87.583549, 41.667706 ], [ -87.583725, 41.667892 ], [ -87.583817, 41.668304 ], [ -87.58371, 41.668419 ], [ -87.584457, 41.671875 ], [ -87.584618, 41.6726 ], [ -87.58461, 41.672707 ], [ -87.584549, 41.672775 ], [ -87.584557, 41.672867 ], [ -87.584663, 41.673 ], [ -87.584839, 41.673126 ], [ -87.584869, 41.673176 ], [ -87.584862, 41.673267 ], [ -87.584763, 41.673351 ], [ -87.584503, 41.673504 ], [ -87.584152, 41.673592 ], [ -87.579788, 41.674877 ], [ -87.579659, 41.67498 ], [ -87.579643, 41.675091 ], [ -87.58004, 41.676022 ], [ -87.580147, 41.676048 ], [ -87.582886, 41.675304 ], [ -87.583046, 41.675297 ], [ -87.583527, 41.675385 ], [ -87.583946, 41.675339 ], [ -87.584747, 41.675179 ], [ -87.585342, 41.675003 ], [ -87.585442, 41.67495 ], [ -87.585556, 41.674938 ], [ -87.585587, 41.674988 ], [ -87.585594, 41.675068 ], [ -87.585533, 41.675652 ], [ -87.585594, 41.676025 ], [ -87.585709, 41.676273 ], [ -87.585709, 41.676357 ], [ -87.585625, 41.676456 ], [ -87.585564, 41.676491 ], [ -87.585159, 41.676643 ], [ -87.584297, 41.676853 ], [ -87.583397, 41.677013 ], [ -87.58226, 41.677296 ], [ -87.581367, 41.67749 ], [ -87.580261, 41.677799 ], [ -87.57888, 41.678253 ], [ -87.578529, 41.678352 ], [ -87.578224, 41.678463 ], [ -87.578148, 41.67852 ], [ -87.578133, 41.678688 ], [ -87.578155, 41.679003 ], [ -87.578072, 41.67915 ], [ -87.577911, 41.67931 ], [ -87.57772, 41.679464 ], [ -87.577629, 41.679596 ], [ -87.577652, 41.679626 ], [ -87.577698, 41.679634 ], [ -87.577927, 41.679623 ], [ -87.578049, 41.679588 ], [ -87.580452, 41.67886 ], [ -87.581635, 41.678539 ], [ -87.582008, 41.678474 ], [ -87.583427, 41.678154 ], [ -87.58548, 41.677738 ], [ -87.585587, 41.677731 ], [ -87.58564, 41.677765 ], [ -87.585686, 41.677902 ], [ -87.585693, 41.678078 ], [ -87.5858, 41.67831 ], [ -87.585861, 41.678413 ], [ -87.585884, 41.678493 ], [ -87.585838, 41.678566 ], [ -87.585701, 41.678627 ], [ -87.582939, 41.679577 ], [ -87.582542, 41.679691 ], [ -87.581642, 41.679913 ], [ -87.578133, 41.680813 ], [ -87.578049, 41.680874 ], [ -87.578051, 41.680961 ], [ -87.57827, 41.681713 ], [ -87.578362, 41.681763 ], [ -87.57843, 41.681782 ], [ -87.578545, 41.681763 ], [ -87.58535, 41.679993 ], [ -87.585442, 41.679947 ], [ -87.585526, 41.67981 ], [ -87.585625, 41.679779 ], [ -87.585693, 41.679836 ], [ -87.585785, 41.680202 ], [ -87.585701, 41.680977 ], [ -87.58564, 41.681065 ], [ -87.585541, 41.681122 ], [ -87.583305, 41.681728 ], [ -87.581871, 41.682148 ], [ -87.581825, 41.682186 ], [ -87.581856, 41.682209 ], [ -87.581924, 41.682209 ], [ -87.582825, 41.682163 ], [ -87.587227, 41.682053 ], [ -87.587379, 41.682037 ], [ -87.58744, 41.682064 ], [ -87.587494, 41.68211 ], [ -87.587502, 41.682137 ], [ -87.587372, 41.682201 ], [ -87.587196, 41.682217 ], [ -87.584274, 41.682304 ], [ -87.581886, 41.682346 ], [ -87.581494, 41.682374 ], [ -87.581421, 41.6824 ], [ -87.577942, 41.683235 ], [ -87.577866, 41.683301 ], [ -87.577843, 41.68335 ], [ -87.577812, 41.68372 ], [ -87.577866, 41.683823 ], [ -87.577759, 41.68396 ], [ -87.577759, 41.684059 ], [ -87.577805, 41.6842 ], [ -87.577789, 41.684261 ], [ -87.577774, 41.684383 ], [ -87.577789, 41.68441 ], [ -87.57782, 41.684433 ], [ -87.577965, 41.684422 ], [ -87.58004, 41.683826 ], [ -87.581032, 41.683571 ], [ -87.581566, 41.683441 ], [ -87.58223, 41.683285 ], [ -87.583267, 41.683048 ], [ -87.584336, 41.682794 ], [ -87.58548, 41.682491 ], [ -87.585548, 41.682499 ], [ -87.585609, 41.682522 ], [ -87.585678, 41.682728 ], [ -87.585693, 41.68288 ], [ -87.58551, 41.683449 ], [ -87.585342, 41.683552 ], [ -87.583595, 41.683987 ], [ -87.579666, 41.685062 ], [ -87.578354, 41.685425 ], [ -87.578255, 41.685463 ], [ -87.578209, 41.685509 ], [ -87.578163, 41.68552 ], [ -87.578064, 41.685608 ], [ -87.577957, 41.685833 ], [ -87.57795, 41.686119 ], [ -87.578076, 41.686775 ], [ -87.578132, 41.686892 ], [ -87.578315, 41.687062 ], [ -87.578469, 41.687117 ], [ -87.578843, 41.687144 ], [ -87.579026, 41.687194 ], [ -87.579282, 41.687183 ], [ -87.579546, 41.687216 ], [ -87.579671, 41.687238 ], [ -87.580059, 41.687347 ], [ -87.580242, 41.687353 ], [ -87.580564, 41.687325 ], [ -87.580813, 41.687325 ], [ -87.582615, 41.687413 ], [ -87.585267, 41.687599 ], [ -87.586095, 41.687571 ], [ -87.586534, 41.687577 ], [ -87.586673, 41.687588 ], [ -87.586959, 41.687643 ], [ -87.588812, 41.687565 ], [ -87.589772, 41.68757 ], [ -87.590314, 41.687581 ], [ -87.590526, 41.687614 ], [ -87.591339, 41.687598 ], [ -87.591859, 41.687619 ], [ -87.59235, 41.687581 ], [ -87.59298, 41.687603 ], [ -87.594364, 41.687597 ], [ -87.594474, 41.687553 ], [ -87.595528, 41.685971 ], [ -87.595528, 41.685938 ], [ -87.595499, 41.685883 ], [ -87.595294, 41.685773 ], [ -87.595025, 41.685683 ], [ -87.5946, 41.685542 ], [ -87.593946, 41.685324 ], [ -87.59388, 41.685324 ], [ -87.59216, 41.684767 ], [ -87.591169, 41.684446 ], [ -87.590605, 41.684199 ], [ -87.58999, 41.68398 ], [ -87.589931, 41.683947 ], [ -87.589873, 41.68387 ], [ -87.589829, 41.683727 ], [ -87.589832, 41.683105 ], [ -87.589834, 41.682332 ], [ -87.589835, 41.682316 ], [ -87.589799, 41.682234 ], [ -87.589755, 41.682195 ], [ -87.589637, 41.682168 ], [ -87.587997, 41.682163 ], [ -87.587967, 41.682152 ], [ -87.587938, 41.682069 ], [ -87.587946, 41.682014 ], [ -87.588011, 41.681981 ], [ -87.588114, 41.681965 ], [ -87.588466, 41.682014 ], [ -87.589806, 41.681959 ], [ -87.589879, 41.681904 ], [ -87.589908, 41.681844 ], [ -87.58993, 41.681377 ], [ -87.590047, 41.681311 ], [ -87.590194, 41.681311 ], [ -87.590318, 41.681388 ], [ -87.590399, 41.681404 ], [ -87.590421, 41.681426 ], [ -87.591988, 41.681836 ], [ -87.592245, 41.681903 ], [ -87.592677, 41.681942 ], [ -87.593131, 41.681964 ], [ -87.594266, 41.681952 ], [ -87.594354, 41.681963 ], [ -87.594552, 41.681897 ], [ -87.594816, 41.681859 ], [ -87.595643, 41.681919 ], [ -87.596295, 41.68193 ], [ -87.596581, 41.681963 ], [ -87.596874, 41.681952 ], [ -87.597225, 41.681853 ], [ -87.597482, 41.681869 ], [ -87.597789, 41.68194 ], [ -87.597877, 41.681929 ], [ -87.597958, 41.681836 ], [ -87.598155, 41.681358 ], [ -87.59817, 41.681248 ], [ -87.598104, 41.681171 ], [ -87.597921, 41.681078 ], [ -87.597569, 41.680985 ], [ -87.597305, 41.680881 ], [ -87.596998, 41.680826 ], [ -87.596807, 41.680766 ], [ -87.596785, 41.680744 ], [ -87.596551, 41.680672 ], [ -87.596126, 41.680491 ], [ -87.595796, 41.680392 ], [ -87.595532, 41.680255 ], [ -87.595335, 41.680179 ], [ -87.595012, 41.679997 ], [ -87.594888, 41.679855 ], [ -87.594866, 41.679772 ], [ -87.594888, 41.679712 ], [ -87.594917, 41.67969 ], [ -87.595034, 41.679673 ], [ -87.595225, 41.67969 ], [ -87.595496, 41.679772 ], [ -87.595518, 41.6798 ], [ -87.595745, 41.679915 ], [ -87.595935, 41.679992 ], [ -87.595986, 41.680036 ], [ -87.596419, 41.680255 ], [ -87.59655, 41.680282 ], [ -87.596785, 41.68037 ], [ -87.597195, 41.680463 ], [ -87.597576, 41.680595 ], [ -87.59762, 41.680595 ], [ -87.597862, 41.680683 ], [ -87.598477, 41.680836 ], [ -87.598523, 41.680841 ], [ -87.598653, 41.680858 ], [ -87.598763, 41.680902 ], [ -87.598814, 41.681001 ], [ -87.598843, 41.68121 ], [ -87.598902, 41.68133 ], [ -87.598924, 41.681561 ], [ -87.59891, 41.681621 ], [ -87.598939, 41.681764 ], [ -87.599085, 41.681814 ], [ -87.599276, 41.681841 ], [ -87.599349, 41.681874 ], [ -87.599379, 41.681929 ], [ -87.599525, 41.681945 ], [ -87.599708, 41.681945 ], [ -87.599964, 41.681896 ], [ -87.600001, 41.681885 ], [ -87.600016, 41.681857 ], [ -87.600089, 41.681835 ], [ -87.600235, 41.681824 ], [ -87.600309, 41.681764 ], [ -87.600374, 41.681659 ], [ -87.600514, 41.681615 ], [ -87.600653, 41.681654 ], [ -87.600755, 41.681736 ], [ -87.600873, 41.681923 ], [ -87.600953, 41.682186 ], [ -87.601005, 41.682631 ], [ -87.600976, 41.68357 ], [ -87.600954, 41.683751 ], [ -87.600845, 41.684103 ], [ -87.600706, 41.684372 ], [ -87.600677, 41.684536 ], [ -87.600625, 41.684641 ], [ -87.600413, 41.684893 ], [ -87.600347, 41.68502 ], [ -87.600267, 41.685389 ], [ -87.600223, 41.685591 ], [ -87.598309, 41.689139 ], [ -87.596552, 41.692398 ], [ -87.595899, 41.693609 ], [ -87.595606, 41.694218 ], [ -87.595569, 41.694306 ], [ -87.595628, 41.694432 ], [ -87.595657, 41.694449 ], [ -87.595782, 41.694498 ], [ -87.595943, 41.694525 ], [ -87.596163, 41.694514 ], [ -87.596192, 41.694487 ], [ -87.596177, 41.694432 ], [ -87.596148, 41.694405 ], [ -87.595914, 41.694306 ], [ -87.59587, 41.694262 ], [ -87.59584, 41.694147 ], [ -87.595892, 41.694031 ], [ -87.596645, 41.692609 ], [ -87.59666, 41.69256 ], [ -87.596823, 41.692258 ], [ -87.598473, 41.689203 ], [ -87.600479, 41.685492 ], [ -87.600485, 41.685474 ], [ -87.600618, 41.685053 ], [ -87.600794, 41.684652 ], [ -87.600816, 41.684525 ], [ -87.600991, 41.684124 ], [ -87.601086, 41.683784 ], [ -87.60113, 41.683411 ], [ -87.601166, 41.682988 ], [ -87.601137, 41.682142 ], [ -87.60107, 41.681868 ], [ -87.600843, 41.681681 ], [ -87.600755, 41.681527 ], [ -87.600528, 41.681264 ], [ -87.600557, 41.680984 ], [ -87.600506, 41.680891 ], [ -87.600264, 41.680704 ], [ -87.60022, 41.680627 ], [ -87.600169, 41.680386 ], [ -87.600161, 41.68004 ], [ -87.60019, 41.679957 ], [ -87.600373, 41.679754 ], [ -87.600395, 41.679622 ], [ -87.600205, 41.679381 ], [ -87.600183, 41.679205 ], [ -87.600117, 41.679062 ], [ -87.600094, 41.678645 ], [ -87.60005, 41.678458 ], [ -87.599589, 41.678321 ], [ -87.599552, 41.678288 ], [ -87.599508, 41.678288 ], [ -87.599215, 41.678173 ], [ -87.599142, 41.678168 ], [ -87.598995, 41.678074 ], [ -87.599098, 41.677882 ], [ -87.599039, 41.677816 ], [ -87.598973, 41.677679 ], [ -87.598827, 41.677624 ], [ -87.598753, 41.677564 ], [ -87.59868, 41.677092 ], [ -87.598533, 41.676801 ], [ -87.598453, 41.676729 ], [ -87.598306, 41.676482 ], [ -87.598189, 41.676395 ], [ -87.598057, 41.67618 ], [ -87.597984, 41.676016 ], [ -87.59791, 41.67595 ], [ -87.597764, 41.675917 ], [ -87.597537, 41.675966 ], [ -87.597339, 41.675972 ], [ -87.596621, 41.675813 ], [ -87.596299, 41.675681 ], [ -87.596248, 41.675676 ], [ -87.596021, 41.675566 ], [ -87.595867, 41.675473 ], [ -87.59573, 41.67534 ], [ -87.595698, 41.675308 ], [ -87.5955, 41.675182 ], [ -87.595325, 41.675116 ], [ -87.595171, 41.6751 ], [ -87.594841, 41.675138 ], [ -87.594739, 41.675094 ], [ -87.594731, 41.675067 ], [ -87.594636, 41.675017 ], [ -87.594438, 41.67499 ], [ -87.594116, 41.675018 ], [ -87.593677, 41.675018 ], [ -87.593179, 41.674848 ], [ -87.593127, 41.674804 ], [ -87.593083, 41.674793 ], [ -87.593069, 41.674765 ], [ -87.592988, 41.674732 ], [ -87.592974, 41.6747 ], [ -87.59271, 41.674573 ], [ -87.592512, 41.674551 ], [ -87.592021, 41.674573 ], [ -87.59189, 41.674535 ], [ -87.591824, 41.674508 ], [ -87.591809, 41.67448 ], [ -87.591728, 41.674464 ], [ -87.591501, 41.674349 ], [ -87.591414, 41.674327 ], [ -87.591179, 41.674222 ], [ -87.590864, 41.674135 ], [ -87.590762, 41.674058 ], [ -87.590615, 41.673855 ], [ -87.59022, 41.673701 ], [ -87.590029, 41.673597 ], [ -87.589882, 41.673361 ], [ -87.589787, 41.673267 ], [ -87.589443, 41.673196 ], [ -87.589326, 41.673152 ], [ -87.589113, 41.673141 ], [ -87.588564, 41.673031 ], [ -87.588476, 41.673026 ], [ -87.588073, 41.673086 ], [ -87.587905, 41.673152 ], [ -87.587744, 41.673268 ], [ -87.587217, 41.673729 ], [ -87.586521, 41.674284 ], [ -87.586485, 41.674339 ], [ -87.586382, 41.674421 ], [ -87.586368, 41.674514 ], [ -87.586375, 41.674608 ], [ -87.586485, 41.674772 ], [ -87.586485, 41.674893 ], [ -87.586397, 41.675179 ], [ -87.586397, 41.675398 ], [ -87.586441, 41.675656 ], [ -87.586442, 41.675816 ], [ -87.586493, 41.675992 ], [ -87.586537, 41.676145 ], [ -87.586574, 41.676458 ], [ -87.586552, 41.676645 ], [ -87.586566, 41.67681 ], [ -87.586537, 41.677276 ], [ -87.586567, 41.67743 ], [ -87.586545, 41.677759 ], [ -87.586596, 41.6781 ], [ -87.586574, 41.678232 ], [ -87.586479, 41.678265 ], [ -87.586406, 41.67816 ], [ -87.586296, 41.677501 ], [ -87.586303, 41.677123 ], [ -87.586259, 41.676859 ], [ -87.586259, 41.676573 ], [ -87.586134, 41.675948 ], [ -87.586134, 41.675662 ], [ -87.58606, 41.675316 ], [ -87.586046, 41.674899 ], [ -87.585958, 41.674646 ], [ -87.585958, 41.674591 ], [ -87.585994, 41.674509 ], [ -87.586126, 41.674372 ], [ -87.586214, 41.674317 ], [ -87.587993, 41.672828 ], [ -87.588322, 41.672603 ], [ -87.588337, 41.672581 ], [ -87.588388, 41.672565 ], [ -87.58841, 41.672521 ], [ -87.588454, 41.672504 ], [ -87.58852, 41.672438 ], [ -87.588586, 41.672318 ], [ -87.588571, 41.672027 ], [ -87.5886, 41.671939 ], [ -87.588578, 41.671856 ], [ -87.588498, 41.671692 ], [ -87.588454, 41.671461 ], [ -87.588519, 41.671291 ], [ -87.588475, 41.671132 ], [ -87.588519, 41.671082 ], [ -87.588666, 41.671077 ], [ -87.588812, 41.671159 ], [ -87.588842, 41.671208 ], [ -87.588812, 41.671351 ], [ -87.588834, 41.671434 ], [ -87.588974, 41.671472 ], [ -87.588996, 41.671494 ], [ -87.589486, 41.671648 ], [ -87.589999, 41.67184 ], [ -87.590204, 41.671889 ], [ -87.593939, 41.673085 ], [ -87.594013, 41.67309 ], [ -87.594035, 41.673068 ], [ -87.59439, 41.672535 ], [ -87.594642, 41.672157 ], [ -87.594649, 41.672069 ], [ -87.594598, 41.671981 ], [ -87.594356, 41.6718 ], [ -87.59421, 41.671602 ], [ -87.594085, 41.671542 ], [ -87.593682, 41.671509 ], [ -87.59303, 41.671273 ], [ -87.592664, 41.671262 ], [ -87.59251, 41.671224 ], [ -87.592298, 41.671142 ], [ -87.592108, 41.671016 ], [ -87.591961, 41.670977 ], [ -87.59169, 41.670856 ], [ -87.591207, 41.670741 ], [ -87.591009, 41.670736 ], [ -87.590687, 41.670653 ], [ -87.590328, 41.670412 ], [ -87.590233, 41.670374 ], [ -87.589918, 41.670291 ], [ -87.589822, 41.670242 ], [ -87.589529, 41.670154 ], [ -87.5892, 41.670077 ], [ -87.589068, 41.670017 ], [ -87.588936, 41.670011 ], [ -87.588761, 41.670061 ], [ -87.58868, 41.670121 ], [ -87.588651, 41.670171 ], [ -87.588651, 41.670253 ], [ -87.588673, 41.670275 ], [ -87.588849, 41.670418 ], [ -87.589046, 41.670484 ], [ -87.589098, 41.670522 ], [ -87.589134, 41.670577 ], [ -87.589068, 41.670654 ], [ -87.588981, 41.67067 ], [ -87.588871, 41.670654 ], [ -87.588695, 41.670605 ], [ -87.588534, 41.670577 ], [ -87.588314, 41.670484 ], [ -87.588255, 41.670434 ], [ -87.588211, 41.670423 ], [ -87.588197, 41.670396 ], [ -87.588197, 41.670237 ], [ -87.588211, 41.670176 ], [ -87.588372, 41.670105 ], [ -87.588424, 41.670061 ], [ -87.58849, 41.669666 ], [ -87.588482, 41.669616 ], [ -87.588387, 41.669561 ], [ -87.588306, 41.669605 ], [ -87.588233, 41.669748 ], [ -87.588138, 41.669798 ], [ -87.588101, 41.669792 ], [ -87.588094, 41.669765 ], [ -87.588079, 41.669133 ], [ -87.588116, 41.668831 ], [ -87.588082, 41.668674 ], [ -87.588079, 41.668656 ], [ -87.587991, 41.668573 ], [ -87.587947, 41.668365 ], [ -87.588013, 41.667854 ], [ -87.588174, 41.667881 ], [ -87.591674, 41.668325 ], [ -87.591755, 41.668325 ], [ -87.591777, 41.66827 ], [ -87.591842, 41.667913 ], [ -87.59182, 41.667694 ], [ -87.591747, 41.667633 ], [ -87.591652, 41.667589 ], [ -87.59152, 41.667573 ], [ -87.591322, 41.667606 ], [ -87.591205, 41.6676 ], [ -87.587997, 41.66652 ], [ -87.588268, 41.666042 ], [ -87.584601, 41.664839 ], [ -87.583137, 41.664358 ], [ -87.582263, 41.664072 ], [ -87.579598, 41.663183 ], [ -87.578799, 41.662931 ], [ -87.578747, 41.662916 ], [ -87.578556, 41.662865 ], [ -87.577239, 41.662605 ], [ -87.577076, 41.662572 ], [ -87.576859, 41.66253 ], [ -87.576594, 41.662451 ], [ -87.576436, 41.662405 ], [ -87.575806, 41.662218 ], [ -87.574047, 41.661696 ], [ -87.57392, 41.661652 ], [ -87.5733, 41.661438 ], [ -87.57327, 41.660982 ], [ -87.573198, 41.659845 ], [ -87.573088, 41.659675 ], [ -87.573083, 41.659648 ], [ -87.573044, 41.659417 ], [ -87.573014, 41.659324 ], [ -87.573004, 41.6592 ], [ -87.573, 41.659143 ], [ -87.573036, 41.659033 ], [ -87.573092, 41.65897 ], [ -87.573146, 41.658912 ], [ -87.573226, 41.658566 ], [ -87.573161, 41.658506 ], [ -87.573117, 41.658412 ], [ -87.573108, 41.658267 ], [ -87.573102, 41.658154 ], [ -87.573186, 41.658038 ], [ -87.573234, 41.657973 ], [ -87.573285, 41.65783 ], [ -87.573234, 41.657523 ], [ -87.573153, 41.657287 ], [ -87.572554, 41.656469 ], [ -87.572509, 41.656408 ], [ -87.572282, 41.656216 ], [ -87.572194, 41.656106 ], [ -87.572055, 41.655986 ], [ -87.571828, 41.655799 ], [ -87.571674, 41.655711 ], [ -87.571659, 41.655678 ], [ -87.571432, 41.655508 ], [ -87.571352, 41.655409 ], [ -87.571037, 41.655222 ], [ -87.570802, 41.655146 ], [ -87.570751, 41.655102 ], [ -87.570685, 41.655085 ], [ -87.570546, 41.654959 ], [ -87.570349, 41.654827 ], [ -87.570327, 41.654772 ], [ -87.570246, 41.654706 ], [ -87.568543, 41.652922 ], [ -87.568533, 41.652911 ], [ -87.568174, 41.653076 ], [ -87.567957, 41.652864 ], [ -87.567938, 41.652852 ], [ -87.567896, 41.652808 ], [ -87.567818, 41.652741 ], [ -87.567189, 41.652112 ], [ -87.567177, 41.6521 ], [ -87.566234, 41.651152 ], [ -87.565553, 41.650468 ], [ -87.565882, 41.650232 ], [ -87.564032, 41.64835 ], [ -87.563891, 41.648206 ], [ -87.563723, 41.647948 ], [ -87.563627, 41.647624 ], [ -87.563723, 41.647475 ], [ -87.563686, 41.647382 ], [ -87.563627, 41.647311 ], [ -87.563532, 41.647261 ], [ -87.563524, 41.647253 ], [ -87.5634, 41.647135 ], [ -87.563185, 41.646773 ], [ -87.563166, 41.64674 ], [ -87.563137, 41.646723 ], [ -87.56291, 41.646311 ], [ -87.562793, 41.646202 ], [ -87.562507, 41.646064 ], [ -87.562478, 41.645982 ], [ -87.562449, 41.64596 ], [ -87.562383, 41.645625 ], [ -87.562396, 41.645335 ], [ -87.562398, 41.645296 ], [ -87.562427, 41.645087 ], [ -87.562382, 41.644749 ], [ -87.562516, 41.644735 ], [ -87.562919, 41.644694 ], [ -87.563054, 41.644681 ], [ -87.563257, 41.644671 ], [ -87.563868, 41.644644 ], [ -87.564072, 41.644635 ], [ -87.564309, 41.644636 ], [ -87.565021, 41.644641 ], [ -87.565259, 41.644643 ], [ -87.565496, 41.644644 ], [ -87.566207, 41.644649 ], [ -87.566444, 41.644651 ], [ -87.566673, 41.644652 ], [ -87.56736, 41.644657 ], [ -87.567589, 41.644659 ], [ -87.567809, 41.64466 ], [ -87.568469, 41.644665 ], [ -87.568689, 41.644667 ], [ -87.568955, 41.644668 ], [ -87.569753, 41.644674 ], [ -87.570019, 41.644676 ], [ -87.570263, 41.644677 ], [ -87.570998, 41.644683 ], [ -87.571243, 41.644685 ], [ -87.571495, 41.644686 ], [ -87.572251, 41.644692 ], [ -87.572504, 41.644694 ], [ -87.572646, 41.644695 ], [ -87.572976, 41.644698 ], [ -87.573143, 41.6447 ], [ -87.574395, 41.644711 ], [ -87.574868, 41.644716 ], [ -87.574909, 41.644714 ], [ -87.575034, 41.644712 ], [ -87.575076, 41.644712 ], [ -87.575778, 41.644715 ], [ -87.577885, 41.644726 ], [ -87.578387, 41.644729 ], [ -87.578483, 41.644729 ], [ -87.578588, 41.64473 ], [ -87.578861, 41.644731 ], [ -87.579064, 41.644732 ], [ -87.579681, 41.644731 ], [ -87.579955, 41.644731 ], [ -87.580797, 41.644731 ], [ -87.583323, 41.644731 ], [ -87.584166, 41.644732 ], [ -87.584482, 41.644969 ], [ -87.584694, 41.645079 ], [ -87.584863, 41.6452 ], [ -87.584943, 41.645282 ], [ -87.58498, 41.645293 ], [ -87.584987, 41.645326 ], [ -87.585061, 41.645359 ], [ -87.585214, 41.645485 ], [ -87.585412, 41.645699 ], [ -87.58561, 41.645837 ], [ -87.585705, 41.645935 ], [ -87.585742, 41.645946 ], [ -87.585756, 41.645979 ], [ -87.585893, 41.646089 ], [ -87.586057, 41.646221 ], [ -87.586459, 41.646589 ], [ -87.58662, 41.646764 ], [ -87.586899, 41.646978 ], [ -87.587367, 41.647418 ], [ -87.587521, 41.647593 ], [ -87.587624, 41.64767 ], [ -87.587638, 41.647709 ], [ -87.587807, 41.647879 ], [ -87.587836, 41.647945 ], [ -87.587873, 41.647961 ], [ -87.588041, 41.64817 ], [ -87.588319, 41.648417 ], [ -87.588378, 41.648444 ], [ -87.588415, 41.648493 ], [ -87.58889, 41.648768 ], [ -87.589008, 41.648878 ], [ -87.589052, 41.648889 ], [ -87.589191, 41.649026 ], [ -87.589279, 41.649081 ], [ -87.589425, 41.649257 ], [ -87.589645, 41.64946 ], [ -87.589938, 41.649608 ], [ -87.589989, 41.649657 ], [ -87.590216, 41.6498 ], [ -87.590772, 41.649932 ], [ -87.591058, 41.650008 ], [ -87.591118, 41.650017 ], [ -87.592383, 41.650228 ], [ -87.593035, 41.650238 ], [ -87.593328, 41.65021 ], [ -87.593437, 41.6502 ], [ -87.593869, 41.650112 ], [ -87.594162, 41.650029 ], [ -87.594242, 41.649991 ], [ -87.59433, 41.649969 ], [ -87.594352, 41.649947 ], [ -87.59455, 41.649898 ], [ -87.594857, 41.649848 ], [ -87.595231, 41.649755 ], [ -87.596153, 41.649601 ], [ -87.596659, 41.64948 ], [ -87.596892, 41.649425 ], [ -87.597397, 41.649353 ], [ -87.597499, 41.649325 ], [ -87.597646, 41.649284 ], [ -87.597734, 41.64926 ], [ -87.598103, 41.649239 ], [ -87.598257, 41.649231 ], [ -87.598334, 41.649227 ], [ -87.59862, 41.649265 ], [ -87.599008, 41.64926 ], [ -87.599571, 41.649254 ], [ -87.60015, 41.649292 ], [ -87.600377, 41.649336 ], [ -87.600545, 41.64939 ], [ -87.601094, 41.649544 ], [ -87.601226, 41.649593 ], [ -87.601446, 41.649676 ], [ -87.601953, 41.649788 ], [ -87.602068, 41.649813 ], [ -87.602617, 41.649972 ], [ -87.60302, 41.650065 ], [ -87.603068, 41.650068 ], [ -87.603166, 41.650076 ], [ -87.603408, 41.650131 ], [ -87.603569, 41.650147 ], [ -87.603693, 41.650185 ], [ -87.604286, 41.650273 ], [ -87.604557, 41.650284 ], [ -87.605121, 41.650295 ], [ -87.605655, 41.650322 ], [ -87.606501, 41.650326 ], [ -87.606556, 41.650327 ], [ -87.606841, 41.650344 ], [ -87.607651, 41.65031 ], [ -87.607907, 41.650299 ], [ -87.608675, 41.650328 ], [ -87.608759, 41.650332 ], [ -87.608931, 41.650321 ], [ -87.609089, 41.65031 ], [ -87.609184, 41.650337 ], [ -87.609213, 41.650398 ], [ -87.609199, 41.650535 ], [ -87.609221, 41.650551 ], [ -87.609287, 41.650584 ], [ -87.609331, 41.650595 ], [ -87.609545, 41.650649 ], [ -87.609638, 41.650672 ], [ -87.609785, 41.650655 ], [ -87.60985, 41.650622 ], [ -87.609872, 41.650595 ], [ -87.609858, 41.650485 ], [ -87.609814, 41.650447 ], [ -87.609704, 41.650419 ], [ -87.60947, 41.650408 ], [ -87.609396, 41.650392 ], [ -87.60936, 41.650321 ], [ -87.609945, 41.650347 ], [ -87.609957, 41.650348 ], [ -87.610554, 41.650376 ], [ -87.610634, 41.65038 ], [ -87.610736, 41.650347 ], [ -87.610886, 41.650357 ], [ -87.61097, 41.650364 ], [ -87.611307, 41.650347 ], [ -87.611366, 41.650424 ], [ -87.611512, 41.650473 ], [ -87.611702, 41.650484 ], [ -87.611851, 41.650466 ], [ -87.611929, 41.650457 ], [ -87.612032, 41.650451 ], [ -87.612112, 41.650418 ], [ -87.61212, 41.650363 ], [ -87.612132, 41.650355 ], [ -87.612207, 41.650303 ], [ -87.612456, 41.650358 ], [ -87.612556, 41.650429 ], [ -87.612617, 41.650473 ], [ -87.61283, 41.650572 ], [ -87.613006, 41.650632 ], [ -87.613357, 41.65067 ], [ -87.613919, 41.65069 ], [ -87.613972, 41.650692 ], [ -87.614389, 41.650703 ], [ -87.614974, 41.650718 ], [ -87.615004, 41.650719 ], [ -87.61611, 41.650707 ], [ -87.616227, 41.650746 ], [ -87.6163, 41.650823 ], [ -87.616351, 41.650834 ], [ -87.616686, 41.650795 ], [ -87.616739, 41.650789 ], [ -87.616988, 41.650641 ], [ -87.617231, 41.650632 ], [ -87.617274, 41.65063 ], [ -87.617339, 41.650668 ], [ -87.617457, 41.650822 ], [ -87.617508, 41.650866 ], [ -87.617849, 41.650942 ], [ -87.617903, 41.650954 ], [ -87.618423, 41.651184 ], [ -87.619075, 41.651359 ], [ -87.619104, 41.651376 ], [ -87.61939, 41.651447 ], [ -87.619924, 41.65162 ], [ -87.619998, 41.651644 ], [ -87.62043, 41.651732 ], [ -87.620605, 41.651792 ], [ -87.620628, 41.651805 ], [ -87.620617, 41.651828 ], [ -87.620585, 41.651898 ], [ -87.620575, 41.651922 ], [ -87.620556, 41.651954 ], [ -87.6205, 41.652051 ], [ -87.620482, 41.652084 ], [ -87.620446, 41.652149 ], [ -87.620338, 41.652346 ], [ -87.620303, 41.652412 ], [ -87.619758, 41.653633 ], [ -87.619736, 41.653691 ], [ -87.619687, 41.653824 ], [ -87.619374, 41.654674 ], [ -87.619067, 41.655748 ], [ -87.618917, 41.6564 ], [ -87.618701, 41.657341 ], [ -87.618615, 41.65773 ], [ -87.618314, 41.659097 ], [ -87.618356, 41.659096 ], [ -87.61842, 41.659096 ], [ -87.618483, 41.659104 ], [ -87.618495, 41.659106 ], [ -87.618524, 41.659117 ], [ -87.618594, 41.659109 ], [ -87.618805, 41.659086 ], [ -87.618876, 41.659079 ], [ -87.618643, 41.659464 ], [ -87.618548, 41.659705 ], [ -87.618418, 41.66034 ], [ -87.61841, 41.660381 ], [ -87.61841, 41.660529 ], [ -87.618593, 41.661001 ], [ -87.619019, 41.662593 ], [ -87.619115, 41.662648 ], [ -87.620367, 41.663246 ], [ -87.62047, 41.663279 ], [ -87.620593, 41.663277 ], [ -87.621951, 41.66326 ], [ -87.622799, 41.663248 ], [ -87.623171, 41.663244 ], [ -87.623355, 41.663201 ], [ -87.625048, 41.662393 ], [ -87.625125, 41.662317 ], [ -87.625166, 41.662278 ], [ -87.6257, 41.661965 ], [ -87.625836, 41.661858 ], [ -87.626389, 41.661422 ], [ -87.62658, 41.661247 ], [ -87.62693, 41.661052 ], [ -87.627341, 41.660824 ], [ -87.627803, 41.660517 ], [ -87.628213, 41.660177 ], [ -87.628609, 41.65982 ], [ -87.628961, 41.659452 ], [ -87.629085, 41.659365 ], [ -87.629642, 41.659096 ], [ -87.630133, 41.658756 ], [ -87.630248, 41.658709 ], [ -87.630572, 41.65858 ], [ -87.630902, 41.658405 ], [ -87.63107, 41.65824 ], [ -87.631144, 41.658004 ], [ -87.631202, 41.657949 ], [ -87.631276, 41.657922 ], [ -87.631339, 41.65793 ], [ -87.631517, 41.657955 ], [ -87.631531, 41.657954 ], [ -87.631596, 41.657952 ], [ -87.631678, 41.657949 ], [ -87.632299, 41.657823 ], [ -87.632491, 41.657785 ], [ -87.632843, 41.657692 ], [ -87.633897, 41.657582 ], [ -87.63427, 41.657561 ], [ -87.634423, 41.657562 ], [ -87.634878, 41.657566 ], [ -87.635139, 41.657557 ], [ -87.635493, 41.657545 ], [ -87.636299, 41.657485 ], [ -87.636363, 41.657483 ], [ -87.636504, 41.657479 ], [ -87.636599, 41.657496 ], [ -87.636899, 41.6576 ], [ -87.637111, 41.657644 ], [ -87.637565, 41.657683 ], [ -87.637821, 41.657727 ], [ -87.638663, 41.657771 ], [ -87.639359, 41.657848 ], [ -87.639798, 41.657865 ], [ -87.64001, 41.657862 ], [ -87.640632, 41.657853 ], [ -87.641242, 41.657844 ], [ -87.641277, 41.657844 ], [ -87.641416, 41.657855 ], [ -87.641658, 41.65791 ], [ -87.641807, 41.657915 ], [ -87.642385, 41.65783 ], [ -87.642478, 41.657816 ], [ -87.643986, 41.657817 ], [ -87.644908, 41.657795 ], [ -87.645348, 41.657823 ], [ -87.645666, 41.657883 ], [ -87.645845, 41.657917 ], [ -87.646124, 41.657917 ], [ -87.646763, 41.657791 ], [ -87.646998, 41.657744 ], [ -87.646998, 41.657867 ], [ -87.647012, 41.658209 ], [ -87.647051, 41.658297 ], [ -87.64707, 41.658757 ], [ -87.647114, 41.659917 ], [ -87.647133, 41.660155 ], [ -87.647136, 41.66067 ], [ -87.647141, 41.66134 ], [ -87.647171, 41.662078 ], [ -87.647204, 41.663159 ], [ -87.647011, 41.663162 ], [ -87.646893, 41.663164 ], [ -87.646831, 41.663165 ], [ -87.646723, 41.663166 ], [ -87.646401, 41.663171 ], [ -87.646294, 41.663173 ], [ -87.646052, 41.663177 ], [ -87.645693, 41.663183 ], [ -87.645326, 41.663186 ], [ -87.645085, 41.663189 ], [ -87.64484, 41.663193 ], [ -87.644476, 41.663201 ], [ -87.644108, 41.663206 ], [ -87.643864, 41.66321 ], [ -87.643621, 41.663213 ], [ -87.643258, 41.663219 ], [ -87.642893, 41.663223 ], [ -87.642651, 41.663226 ], [ -87.642405, 41.66323 ], [ -87.642048, 41.663237 ], [ -87.641668, 41.663242 ], [ -87.641423, 41.663246 ], [ -87.641438, 41.663609 ], [ -87.641453, 41.663969 ], [ -87.641476, 41.664701 ], [ -87.641488, 41.665066 ], [ -87.641498, 41.665431 ], [ -87.64153, 41.666527 ], [ -87.641532, 41.666576 ], [ -87.641547, 41.666893 ], [ -87.641562, 41.667257 ], [ -87.641566, 41.667328 ], [ -87.641591, 41.668349 ], [ -87.641593, 41.668418 ], [ -87.641605, 41.668714 ], [ -87.641618, 41.669078 ], [ -87.64164, 41.669631 ], [ -87.641657, 41.670173 ], [ -87.64167, 41.670539 ], [ -87.641912, 41.670535 ], [ -87.642274, 41.670531 ], [ -87.64264, 41.670524 ], [ -87.642883, 41.670521 ], [ -87.643125, 41.670517 ], [ -87.643489, 41.670512 ], [ -87.643854, 41.670507 ], [ -87.644098, 41.670504 ], [ -87.644342, 41.670499 ], [ -87.644711, 41.670493 ], [ -87.645074, 41.670488 ], [ -87.645319, 41.670486 ], [ -87.645561, 41.670482 ], [ -87.645933, 41.670476 ], [ -87.64629, 41.67047 ], [ -87.646533, 41.670467 ], [ -87.646777, 41.670463 ], [ -87.647145, 41.670457 ], [ -87.647511, 41.670451 ], [ -87.647756, 41.670448 ], [ -87.647999, 41.670444 ], [ -87.648364, 41.670439 ], [ -87.648728, 41.670432 ], [ -87.648972, 41.670429 ], [ -87.649215, 41.670425 ], [ -87.649583, 41.670419 ], [ -87.649946, 41.670414 ], [ -87.65019, 41.670411 ], [ -87.650434, 41.670407 ], [ -87.650795, 41.670402 ], [ -87.651166, 41.670396 ], [ -87.651411, 41.670393 ], [ -87.651654, 41.670388 ], [ -87.652015, 41.670383 ], [ -87.652383, 41.670376 ], [ -87.652627, 41.670373 ], [ -87.65287, 41.670369 ], [ -87.653238, 41.670364 ], [ -87.6536, 41.670359 ], [ -87.653844, 41.670357 ], [ -87.653965, 41.670355 ], [ -87.654266, 41.67035 ], [ -87.654331, 41.670349 ], [ -87.654453, 41.670348 ], [ -87.654575, 41.670345 ], [ -87.654944, 41.670338 ], [ -87.655067, 41.670337 ], [ -87.655309, 41.670333 ], [ -87.655671, 41.670328 ], [ -87.656038, 41.670322 ], [ -87.656281, 41.670319 ], [ -87.656523, 41.670315 ], [ -87.657114, 41.670306 ], [ -87.657251, 41.670303 ], [ -87.657494, 41.6703 ], [ -87.657634, 41.670298 ], [ -87.658055, 41.670292 ], [ -87.658196, 41.670291 ], [ -87.658302, 41.670289 ], [ -87.658621, 41.670285 ], [ -87.658652, 41.670285 ], [ -87.658724, 41.67031 ], [ -87.658795, 41.670335 ], [ -87.658884, 41.670327 ], [ -87.659272, 41.67032 ], [ -87.659364, 41.670318 ], [ -87.659381, 41.670318 ], [ -87.659547, 41.670319 ], [ -87.659867, 41.670321 ], [ -87.660004, 41.670321 ], [ -87.66083, 41.670327 ], [ -87.661151, 41.67033 ], [ -87.661161, 41.670677 ], [ -87.661167, 41.670879 ], [ -87.661178, 41.671192 ], [ -87.661185, 41.671408 ], [ -87.661196, 41.671718 ], [ -87.661208, 41.672066 ], [ -87.66122, 41.67243 ], [ -87.661259, 41.673525 ], [ -87.661262, 41.673597 ], [ -87.661267, 41.67389 ], [ -87.66128, 41.674254 ], [ -87.661319, 41.675261 ], [ -87.66132, 41.675346 ], [ -87.661328, 41.675711 ], [ -87.661337, 41.675826 ], [ -87.661385, 41.675986 ], [ -87.661379, 41.676071 ], [ -87.661365, 41.676311 ], [ -87.66136, 41.676662 ], [ -87.661379, 41.677176 ], [ -87.661382, 41.677238 ], [ -87.661379, 41.677466 ], [ -87.661365, 41.677544 ], [ -87.661519, 41.67754 ], [ -87.661557, 41.67754 ], [ -87.661758, 41.677536 ], [ -87.661951, 41.677532 ], [ -87.661981, 41.677531 ], [ -87.662136, 41.677528 ], [ -87.662336, 41.677523 ], [ -87.662463, 41.677521 ], [ -87.662732, 41.677515 ], [ -87.663539, 41.677499 ], [ -87.663809, 41.677494 ], [ -87.664052, 41.677489 ], [ -87.664782, 41.677476 ], [ -87.665026, 41.677472 ], [ -87.665268, 41.677467 ], [ -87.665995, 41.677453 ], [ -87.666238, 41.677449 ], [ -87.666523, 41.677443 ], [ -87.66657, 41.677442 ], [ -87.667042, 41.676091 ], [ -87.667063, 41.676039 ], [ -87.667126, 41.675885 ], [ -87.667148, 41.675834 ], [ -87.667715, 41.675952 ], [ -87.668549, 41.676127 ], [ -87.668126, 41.676908 ], [ -87.66785, 41.677419 ], [ -87.667998, 41.677416 ], [ -87.668445, 41.677408 ], [ -87.668594, 41.677406 ], [ -87.668984, 41.677399 ], [ -87.670153, 41.677378 ], [ -87.670544, 41.677372 ], [ -87.670645, 41.677369 ], [ -87.670947, 41.677362 ], [ -87.671049, 41.67736 ], [ -87.671146, 41.677358 ], [ -87.671214, 41.677355 ], [ -87.671264, 41.677354 ], [ -87.671712, 41.677345 ], [ -87.671878, 41.677342 ], [ -87.671984, 41.67734 ], [ -87.672302, 41.677334 ], [ -87.672362, 41.677334 ], [ -87.672409, 41.677333 ], [ -87.672573, 41.677332 ], [ -87.672603, 41.677332 ], [ -87.673065, 41.677324 ], [ -87.673229, 41.677322 ], [ -87.673303, 41.67732 ], [ -87.673524, 41.677316 ], [ -87.673599, 41.677315 ], [ -87.673911, 41.67731 ], [ -87.673933, 41.67731 ], [ -87.674849, 41.677293 ], [ -87.675162, 41.677288 ], [ -87.675508, 41.677281 ], [ -87.676546, 41.677262 ], [ -87.676893, 41.677257 ], [ -87.677265, 41.67725 ], [ -87.678168, 41.677235 ], [ -87.678383, 41.677232 ], [ -87.678756, 41.677228 ], [ -87.678911, 41.677228 ], [ -87.679268, 41.677228 ], [ -87.679555, 41.677228 ], [ -87.679885, 41.677238 ], [ -87.680339, 41.677243 ], [ -87.680383, 41.677244 ], [ -87.680696, 41.677257 ], [ -87.680942, 41.677264 ], [ -87.681128, 41.67727 ], [ -87.681321, 41.677283 ], [ -87.681681, 41.6773 ], [ -87.681928, 41.677296 ], [ -87.682172, 41.677289 ], [ -87.682544, 41.67728 ], [ -87.682854, 41.677269 ], [ -87.682906, 41.677267 ], [ -87.683151, 41.677263 ], [ -87.683396, 41.677257 ], [ -87.683758, 41.67725 ], [ -87.684131, 41.677242 ], [ -87.684377, 41.677237 ], [ -87.684621, 41.677232 ], [ -87.684986, 41.677225 ], [ -87.685356, 41.677218 ], [ -87.685602, 41.677214 ], [ -87.685754, 41.677212 ], [ -87.68621, 41.677206 ], [ -87.686309, 41.677205 ], [ -87.686363, 41.677205 ], [ -87.686275, 41.67739 ], [ -87.686012, 41.677947 ], [ -87.685927, 41.678134 ], [ -87.685847, 41.678372 ], [ -87.68576, 41.678619 ], [ -87.685699, 41.679031 ], [ -87.685663, 41.679491 ], [ -87.685678, 41.67993 ], [ -87.685718, 41.680842 ], [ -87.685725, 41.681023 ], [ -87.685746, 41.681567 ], [ -87.685754, 41.681749 ], [ -87.685758, 41.681931 ], [ -87.68577, 41.682477 ], [ -87.685775, 41.682659 ], [ -87.685781, 41.68284 ], [ -87.685801, 41.683384 ], [ -87.685808, 41.683566 ], [ -87.685814, 41.683748 ], [ -87.685826, 41.684051 ], [ -87.685847, 41.684293 ], [ -87.685864, 41.684475 ], [ -87.685891, 41.684474 ], [ -87.685974, 41.684473 ], [ -87.686002, 41.684473 ], [ -87.686214, 41.68447 ], [ -87.68685, 41.684461 ], [ -87.687063, 41.684459 ], [ -87.687308, 41.684454 ], [ -87.688046, 41.684442 ], [ -87.688292, 41.684439 ], [ -87.688537, 41.684434 ], [ -87.6889, 41.684429 ], [ -87.689272, 41.684423 ], [ -87.689518, 41.68442 ], [ -87.689779, 41.684416 ], [ -87.690561, 41.684405 ], [ -87.690823, 41.684402 ], [ -87.691783, 41.684388 ], [ -87.694403, 41.684353 ], [ -87.694665, 41.684348 ], [ -87.695484, 41.684334 ], [ -87.695572, 41.684333 ], [ -87.695626, 41.684337 ], [ -87.695644, 41.685099 ], [ -87.695701, 41.687388 ], [ -87.695717, 41.688032 ], [ -87.696148, 41.688033 ], [ -87.696245, 41.688023 ], [ -87.696425, 41.688012 ], [ -87.696447, 41.688008 ], [ -87.69651, 41.687999 ], [ -87.696588, 41.687987 ], [ -87.696606, 41.687984 ], [ -87.696688, 41.687982 ], [ -87.696781, 41.687981 ], [ -87.696991, 41.687972 ], [ -87.697092, 41.687969 ], [ -87.697325, 41.687959 ], [ -87.697426, 41.687956 ], [ -87.697662, 41.687951 ], [ -87.697986, 41.687945 ], [ -87.698026, 41.687945 ], [ -87.69826, 41.687947 ], [ -87.698436, 41.687948 ], [ -87.698502, 41.687947 ], [ -87.698869, 41.687942 ], [ -87.69923, 41.687936 ], [ -87.699473, 41.687933 ], [ -87.699468, 41.687827 ], [ -87.699456, 41.687509 ], [ -87.699452, 41.687404 ], [ -87.699445, 41.687227 ], [ -87.699424, 41.686698 ], [ -87.699418, 41.686522 ], [ -87.699415, 41.686447 ], [ -87.699411, 41.686329 ], [ -87.699403, 41.686223 ], [ -87.699398, 41.686149 ], [ -87.699643, 41.686146 ], [ -87.700019, 41.686143 ], [ -87.700378, 41.686137 ], [ -87.700624, 41.686134 ], [ -87.700619, 41.68603 ], [ -87.700606, 41.68572 ], [ -87.700602, 41.685617 ], [ -87.700592, 41.685346 ], [ -87.700562, 41.684533 ], [ -87.700553, 41.684263 ], [ -87.700789, 41.684259 ], [ -87.701499, 41.684247 ], [ -87.701736, 41.684244 ], [ -87.701985, 41.68424 ], [ -87.702731, 41.684228 ], [ -87.702981, 41.684225 ], [ -87.703468, 41.684217 ], [ -87.70487, 41.684196 ], [ -87.704929, 41.684195 ], [ -87.705417, 41.684187 ], [ -87.705408, 41.684005 ], [ -87.705397, 41.683739 ], [ -87.705385, 41.683459 ], [ -87.705378, 41.683277 ], [ -87.705366, 41.682955 ], [ -87.705361, 41.682826 ], [ -87.705347, 41.682456 ], [ -87.705344, 41.682362 ], [ -87.705339, 41.682227 ], [ -87.705337, 41.682178 ], [ -87.705332, 41.682046 ], [ -87.705327, 41.681909 ], [ -87.705314, 41.681629 ], [ -87.705307, 41.681447 ], [ -87.7053, 41.681273 ], [ -87.705291, 41.681019 ], [ -87.705281, 41.680752 ], [ -87.705279, 41.680685 ], [ -87.705285, 41.680579 ], [ -87.705771, 41.680568 ], [ -87.706094, 41.680561 ], [ -87.707146, 41.680553 ], [ -87.707229, 41.680559 ], [ -87.707324, 41.680566 ], [ -87.707573, 41.680564 ], [ -87.707715, 41.680562 ], [ -87.7082, 41.680561 ], [ -87.708798, 41.680561 ], [ -87.708856, 41.680561 ], [ -87.709657, 41.680551 ], [ -87.709931, 41.680548 ], [ -87.709972, 41.680543 ], [ -87.710012, 41.680528 ], [ -87.71013, 41.680479 ], [ -87.71019, 41.680464 ], [ -87.710315, 41.680452 ], [ -87.710374, 41.680451 ], [ -87.711113, 41.680443 ], [ -87.711221, 41.680442 ], [ -87.71136, 41.680438 ], [ -87.711376, 41.680906 ], [ -87.71139, 41.681268 ], [ -87.711576, 41.681356 ], [ -87.711599, 41.681803 ], [ -87.711326, 41.681808 ], [ -87.711325, 41.681954 ], [ -87.711355, 41.682273 ], [ -87.71142, 41.682273 ], [ -87.711455, 41.682727 ], [ -87.711478, 41.683193 ], [ -87.711493, 41.683644 ], [ -87.711516, 41.684093 ], [ -87.711546, 41.684092 ], [ -87.71212, 41.684085 ], [ -87.712437, 41.68408 ], [ -87.712735, 41.684077 ], [ -87.713218, 41.68407 ], [ -87.71467, 41.684048 ], [ -87.715154, 41.684042 ], [ -87.715643, 41.684034 ], [ -87.717111, 41.68401 ], [ -87.717601, 41.684003 ], [ -87.71791, 41.683998 ], [ -87.718836, 41.683984 ], [ -87.718911, 41.683983 ], [ -87.719006, 41.683982 ], [ -87.719146, 41.68398 ], [ -87.719329, 41.683977 ], [ -87.719881, 41.683969 ], [ -87.720065, 41.683967 ], [ -87.720304, 41.683963 ], [ -87.720963, 41.683952 ], [ -87.721021, 41.68395 ], [ -87.72126, 41.683942 ], [ -87.721331, 41.683939 ], [ -87.721501, 41.68394 ], [ -87.721553, 41.683941 ], [ -87.722226, 41.68393 ], [ -87.722468, 41.683927 ], [ -87.722711, 41.683923 ], [ -87.723054, 41.683918 ], [ -87.72344, 41.683908 ], [ -87.723683, 41.683902 ], [ -87.723847, 41.683899 ], [ -87.724342, 41.683891 ], [ -87.724507, 41.683889 ], [ -87.724584, 41.683887 ], [ -87.724818, 41.683883 ], [ -87.724896, 41.683883 ], [ -87.725263, 41.683877 ], [ -87.725574, 41.683873 ], [ -87.726364, 41.683859 ], [ -87.726731, 41.683853 ], [ -87.727046, 41.683847 ], [ -87.727992, 41.683831 ], [ -87.728106, 41.68383 ], [ -87.728308, 41.683827 ], [ -87.728575, 41.683822 ], [ -87.729377, 41.683809 ], [ -87.729645, 41.683806 ], [ -87.729747, 41.683804 ], [ -87.729914, 41.683801 ], [ -87.730721, 41.683787 ], [ -87.730794, 41.683786 ], [ -87.73099, 41.683779 ], [ -87.731105, 41.683775 ], [ -87.731177, 41.683779 ], [ -87.731904, 41.683766 ], [ -87.732264, 41.683759 ], [ -87.734324, 41.68372 ], [ -87.735474, 41.683698 ], [ -87.736089, 41.683688 ], [ -87.736734, 41.683678 ], [ -87.737364, 41.683668 ], [ -87.737526, 41.683667 ], [ -87.738045, 41.683652 ], [ -87.738104, 41.683651 ], [ -87.738216, 41.683651 ], [ -87.738429, 41.683651 ], [ -87.738462, 41.68365 ], [ -87.739202, 41.683636 ], [ -87.739449, 41.683632 ], [ -87.739509, 41.685072 ], [ -87.739521, 41.685358 ], [ -87.739592, 41.687204 ], [ -87.739664, 41.688998 ], [ -87.739675, 41.689215 ], [ -87.739679, 41.689392 ], [ -87.739716, 41.690704 ], [ -87.739726, 41.690833 ], [ -87.739726, 41.690844 ], [ -87.739729, 41.690879 ], [ -87.73973, 41.690891 ], [ -87.739489, 41.690911 ], [ -87.739299, 41.690927 ], [ -87.738767, 41.690933 ], [ -87.738527, 41.690937 ], [ -87.738284, 41.69094 ], [ -87.737558, 41.690951 ], [ -87.737318, 41.690982 ], [ -87.737184, 41.690997 ], [ -87.736866, 41.691016 ], [ -87.736833, 41.691016 ], [ -87.736285, 41.691031 ], [ -87.735377, 41.691047 ], [ -87.734892, 41.691056 ], [ -87.734529, 41.691061 ], [ -87.734406, 41.691063 ], [ -87.732951, 41.69109 ], [ -87.732467, 41.6911 ], [ -87.732223, 41.691104 ], [ -87.731494, 41.691117 ], [ -87.731251, 41.691122 ], [ -87.731015, 41.691125 ], [ -87.730308, 41.691137 ], [ -87.730073, 41.691141 ], [ -87.729217, 41.691158 ], [ -87.726649, 41.691213 ], [ -87.726481, 41.691217 ], [ -87.725942, 41.691227 ], [ -87.725794, 41.691234 ], [ -87.725714, 41.691237 ], [ -87.725585, 41.691237 ], [ -87.725207, 41.69124 ], [ -87.72496, 41.691244 ], [ -87.724752, 41.691249 ], [ -87.724722, 41.691249 ], [ -87.724635, 41.691251 ], [ -87.724606, 41.691252 ], [ -87.723885, 41.691263 ], [ -87.723747, 41.691265 ], [ -87.72299, 41.69128 ], [ -87.721684, 41.691303 ], [ -87.72117, 41.691308 ], [ -87.720537, 41.691316 ], [ -87.720435, 41.691303 ], [ -87.720317, 41.691271 ], [ -87.720332, 41.691627 ], [ -87.720337, 41.69172 ], [ -87.720371, 41.692166 ], [ -87.720386, 41.692535 ], [ -87.720392, 41.692697 ], [ -87.720401, 41.69294 ], [ -87.720417, 41.693053 ], [ -87.720445, 41.693244 ], [ -87.720461, 41.693349 ], [ -87.720463, 41.69341 ], [ -87.720505, 41.694493 ], [ -87.72052, 41.694854 ], [ -87.720527, 41.695074 ], [ -87.720548, 41.695662 ], [ -87.72053, 41.695731 ], [ -87.720527, 41.695747 ], [ -87.720513, 41.695809 ], [ -87.720519, 41.69595 ], [ -87.720524, 41.696099 ], [ -87.720536, 41.696473 ], [ -87.720539, 41.696554 ], [ -87.720547, 41.696709 ], [ -87.720564, 41.697054 ], [ -87.720589, 41.697441 ], [ -87.720615, 41.698042 ], [ -87.720639, 41.698566 ], [ -87.720645, 41.698749 ], [ -87.720666, 41.6993 ], [ -87.720673, 41.699484 ], [ -87.720675, 41.699666 ], [ -87.720682, 41.700213 ], [ -87.720683, 41.700282 ], [ -87.72069, 41.700396 ], [ -87.720697, 41.700578 ], [ -87.720711, 41.700904 ], [ -87.720718, 41.701127 ], [ -87.720724, 41.701311 ], [ -87.720731, 41.701493 ], [ -87.720744, 41.701811 ], [ -87.720752, 41.702042 ], [ -87.720759, 41.702225 ], [ -87.72079, 41.703096 ], [ -87.720794, 41.703201 ], [ -87.720828, 41.704043 ], [ -87.720908, 41.705684 ], [ -87.720915, 41.705878 ], [ -87.720926, 41.706206 ], [ -87.720959, 41.70719 ], [ -87.720971, 41.707519 ], [ -87.720978, 41.707713 ], [ -87.720981, 41.707847 ], [ -87.720993, 41.708249 ], [ -87.720998, 41.708384 ], [ -87.721005, 41.708598 ], [ -87.721026, 41.709243 ], [ -87.721034, 41.709458 ], [ -87.721036, 41.709523 ], [ -87.721046, 41.709888 ], [ -87.721079, 41.710983 ], [ -87.72109, 41.711349 ], [ -87.721092, 41.711529 ], [ -87.721099, 41.712069 ], [ -87.721102, 41.712249 ], [ -87.721106, 41.712433 ], [ -87.72112, 41.712985 ], [ -87.721125, 41.71317 ], [ -87.720881, 41.713173 ], [ -87.720486, 41.71318 ], [ -87.72015, 41.713184 ], [ -87.719907, 41.713188 ], [ -87.719662, 41.713191 ], [ -87.718931, 41.713203 ], [ -87.718687, 41.713207 ], [ -87.718442, 41.71321 ], [ -87.718079, 41.713216 ], [ -87.717707, 41.713221 ], [ -87.717463, 41.713225 ], [ -87.717218, 41.713228 ], [ -87.716851, 41.713234 ], [ -87.716486, 41.713238 ], [ -87.716242, 41.713242 ], [ -87.715995, 41.713245 ], [ -87.715631, 41.713251 ], [ -87.715257, 41.713256 ], [ -87.715011, 41.71326 ], [ -87.714769, 41.713263 ], [ -87.71441, 41.713269 ], [ -87.714043, 41.713274 ], [ -87.713802, 41.713278 ], [ -87.713557, 41.713281 ], [ -87.712822, 41.713292 ], [ -87.712578, 41.713296 ], [ -87.712562, 41.71151 ], [ -87.71215, 41.711533 ], [ -87.711979, 41.711524 ], [ -87.711469, 41.711499 ], [ -87.711299, 41.711491 ], [ -87.711287, 41.711126 ], [ -87.711283, 41.710995 ], [ -87.711251, 41.710034 ], [ -87.711239, 41.70967 ], [ -87.711227, 41.709304 ], [ -87.711193, 41.708206 ], [ -87.711186, 41.707973 ], [ -87.711183, 41.707872 ], [ -87.711182, 41.707841 ], [ -87.711177, 41.707706 ], [ -87.71117, 41.707488 ], [ -87.711134, 41.706431 ], [ -87.711123, 41.706079 ], [ -87.71089, 41.706079 ], [ -87.710191, 41.706082 ], [ -87.709959, 41.706083 ], [ -87.70971, 41.706083 ], [ -87.708966, 41.706083 ], [ -87.70891, 41.706084 ], [ -87.708719, 41.706087 ], [ -87.708467, 41.70609 ], [ -87.707712, 41.706102 ], [ -87.707461, 41.706106 ], [ -87.707218, 41.706109 ], [ -87.706846, 41.706115 ], [ -87.706489, 41.70612 ], [ -87.706247, 41.706124 ], [ -87.706005, 41.706127 ], [ -87.705661, 41.706132 ], [ -87.705279, 41.706137 ], [ -87.705038, 41.706141 ], [ -87.704789, 41.706144 ], [ -87.704461, 41.706149 ], [ -87.704042, 41.706154 ], [ -87.703794, 41.706158 ], [ -87.703544, 41.706161 ], [ -87.703149, 41.706166 ], [ -87.702794, 41.70617 ], [ -87.702545, 41.706174 ], [ -87.702301, 41.706176 ], [ -87.701941, 41.706181 ], [ -87.701569, 41.706184 ], [ -87.701325, 41.706186 ], [ -87.701334, 41.706373 ], [ -87.701363, 41.706937 ], [ -87.701371, 41.707085 ], [ -87.69844, 41.707114 ], [ -87.697287, 41.707132 ], [ -87.69668, 41.707136 ], [ -87.696451, 41.707151 ], [ -87.696266, 41.707149 ], [ -87.696229, 41.707149 ], [ -87.695956, 41.707152 ], [ -87.695564, 41.707157 ], [ -87.694474, 41.707169 ], [ -87.69398, 41.707175 ], [ -87.69349, 41.70718 ], [ -87.692064, 41.707197 ], [ -87.692022, 41.707197 ], [ -87.691611, 41.707204 ], [ -87.691535, 41.707218 ], [ -87.69153, 41.707282 ], [ -87.691533, 41.707396 ], [ -87.69155, 41.70793 ], [ -87.691556, 41.708109 ], [ -87.691562, 41.70829 ], [ -87.69158, 41.708836 ], [ -87.691587, 41.709018 ], [ -87.691592, 41.7092 ], [ -87.69161, 41.709746 ], [ -87.691616, 41.709929 ], [ -87.691622, 41.71011 ], [ -87.69164, 41.710655 ], [ -87.691646, 41.710837 ], [ -87.691651, 41.711019 ], [ -87.691668, 41.711565 ], [ -87.691674, 41.711748 ], [ -87.691679, 41.711929 ], [ -87.691696, 41.712475 ], [ -87.691702, 41.712657 ], [ -87.691709, 41.712838 ], [ -87.691719, 41.713091 ], [ -87.691727, 41.713384 ], [ -87.691732, 41.713566 ], [ -87.691481, 41.713569 ], [ -87.691102, 41.713574 ], [ -87.690729, 41.713577 ], [ -87.690479, 41.71358 ], [ -87.690233, 41.713583 ], [ -87.689889, 41.713589 ], [ -87.689496, 41.71359 ], [ -87.689251, 41.713592 ], [ -87.689002, 41.713594 ], [ -87.688258, 41.713604 ], [ -87.68801, 41.713608 ], [ -87.687768, 41.713609 ], [ -87.687045, 41.713616 ], [ -87.686804, 41.713619 ], [ -87.686753, 41.71362 ], [ -87.686626, 41.713621 ], [ -87.686072, 41.713626 ], [ -87.685889, 41.713628 ], [ -87.685578, 41.713631 ], [ -87.684954, 41.713638 ], [ -87.684894, 41.713637 ], [ -87.684774, 41.713642 ], [ -87.684649, 41.713643 ], [ -87.684339, 41.713647 ], [ -87.684095, 41.713649 ], [ -87.683725, 41.713653 ], [ -87.683366, 41.713656 ], [ -87.683249, 41.713657 ], [ -87.683123, 41.713661 ], [ -87.682867, 41.713664 ], [ -87.682649, 41.713668 ], [ -87.682511, 41.713667 ], [ -87.682332, 41.713666 ], [ -87.682098, 41.713668 ], [ -87.681843, 41.713672 ], [ -87.681855, 41.714039 ], [ -87.681894, 41.71514 ], [ -87.681907, 41.715507 ], [ -87.681914, 41.715726 ], [ -87.681918, 41.715862 ], [ -87.68195, 41.716773 ], [ -87.681953, 41.716928 ], [ -87.681962, 41.717284 ], [ -87.68197, 41.717649 ], [ -87.68198, 41.718067 ], [ -87.682, 41.718745 ], [ -87.682011, 41.719111 ], [ -87.682067, 41.72094 ], [ -87.682082, 41.721401 ], [ -87.682083, 41.721452 ], [ -87.682088, 41.721605 ], [ -87.68209, 41.721656 ], [ -87.682095, 41.721829 ], [ -87.682125, 41.722765 ], [ -87.682178, 41.724418 ], [ -87.682181, 41.724512 ], [ -87.682185, 41.724665 ], [ -87.6822, 41.725124 ], [ -87.682206, 41.725278 ], [ -87.682222, 41.725869 ], [ -87.682234, 41.726265 ], [ -87.682273, 41.727644 ], [ -87.682291, 41.728236 ], [ -87.682302, 41.7286 ], [ -87.682335, 41.729693 ], [ -87.682346, 41.730058 ], [ -87.682355, 41.730352 ], [ -87.682382, 41.731233 ], [ -87.682392, 41.731528 ], [ -87.682417, 41.732327 ], [ -87.682468, 41.73393 ], [ -87.682485, 41.734657 ], [ -87.682487, 41.734725 ], [ -87.682514, 41.735525 ], [ -87.68349, 41.735508 ], [ -87.685109, 41.735482 ], [ -87.686418, 41.735459 ], [ -87.687354, 41.735444 ], [ -87.687395, 41.735444 ], [ -87.687417, 41.735443 ], [ -87.687482, 41.735442 ], [ -87.687505, 41.735442 ], [ -87.687651, 41.735439 ], [ -87.688092, 41.735431 ], [ -87.68824, 41.735429 ], [ -87.688362, 41.735426 ], [ -87.688729, 41.735421 ], [ -87.688852, 41.73542 ], [ -87.689013, 41.735417 ], [ -87.689499, 41.735409 ], [ -87.689661, 41.735407 ], [ -87.689709, 41.735406 ], [ -87.689854, 41.735402 ], [ -87.689903, 41.735402 ], [ -87.690147, 41.735396 ], [ -87.690364, 41.735392 ], [ -87.690879, 41.735385 ], [ -87.691124, 41.735383 ], [ -87.691348, 41.735379 ], [ -87.692023, 41.735368 ], [ -87.692248, 41.735365 ], [ -87.692345, 41.735363 ], [ -87.692591, 41.735358 ], [ -87.693329, 41.735345 ], [ -87.693363, 41.735345 ], [ -87.693576, 41.735342 ], [ -87.693791, 41.735338 ], [ -87.694439, 41.735325 ], [ -87.694655, 41.735322 ], [ -87.694813, 41.735319 ], [ -87.695062, 41.735314 ], [ -87.69581, 41.735301 ], [ -87.69606, 41.735297 ], [ -87.696269, 41.735293 ], [ -87.696899, 41.735283 ], [ -87.697109, 41.73528 ], [ -87.697318, 41.735277 ], [ -87.697563, 41.735273 ], [ -87.698301, 41.735261 ], [ -87.698547, 41.735258 ], [ -87.698798, 41.735253 ], [ -87.699551, 41.735238 ], [ -87.699802, 41.735233 ], [ -87.700049, 41.735227 ], [ -87.700245, 41.735224 ], [ -87.70079, 41.735217 ], [ -87.701038, 41.735215 ], [ -87.701255, 41.735212 ], [ -87.701906, 41.735205 ], [ -87.702124, 41.735203 ], [ -87.702302, 41.735202 ], [ -87.703117, 41.735186 ], [ -87.704411, 41.735162 ], [ -87.706095, 41.735132 ], [ -87.707089, 41.735115 ], [ -87.70784, 41.735102 ], [ -87.708012, 41.735099 ], [ -87.709245, 41.73508 ], [ -87.709862, 41.735071 ], [ -87.710782, 41.735052 ], [ -87.711622, 41.735036 ], [ -87.711658, 41.735035 ], [ -87.711706, 41.735034 ], [ -87.71176, 41.735032 ], [ -87.711923, 41.735029 ], [ -87.711978, 41.735029 ], [ -87.71241, 41.73502 ], [ -87.713007, 41.735008 ], [ -87.713709, 41.734998 ], [ -87.714143, 41.734993 ], [ -87.714572, 41.734987 ], [ -87.714629, 41.734985 ], [ -87.715671, 41.734955 ], [ -87.716086, 41.73495 ], [ -87.716573, 41.734945 ], [ -87.71706, 41.734939 ], [ -87.717168, 41.734938 ], [ -87.718522, 41.734911 ], [ -87.71901, 41.734902 ], [ -87.719418, 41.734895 ], [ -87.720645, 41.734874 ], [ -87.721054, 41.734868 ], [ -87.72113, 41.734866 ], [ -87.721348, 41.734864 ], [ -87.721417, 41.734863 ], [ -87.721436, 41.734862 ], [ -87.721633, 41.734858 ], [ -87.722226, 41.73485 ], [ -87.722424, 41.734847 ], [ -87.722468, 41.734846 ], [ -87.722602, 41.734844 ], [ -87.722647, 41.734844 ], [ -87.722889, 41.73484 ], [ -87.723615, 41.734828 ], [ -87.723858, 41.734825 ], [ -87.724101, 41.73482 ], [ -87.724829, 41.734807 ], [ -87.725073, 41.734803 ], [ -87.725248, 41.734799 ], [ -87.725773, 41.73479 ], [ -87.725949, 41.734788 ], [ -87.726015, 41.734786 ], [ -87.726213, 41.734782 ], [ -87.72628, 41.734782 ], [ -87.726375, 41.73478 ], [ -87.726662, 41.734775 ], [ -87.726758, 41.734774 ], [ -87.726906, 41.734771 ], [ -87.727352, 41.734763 ], [ -87.727501, 41.734761 ], [ -87.727743, 41.734757 ], [ -87.72847, 41.734744 ], [ -87.728713, 41.734741 ], [ -87.728955, 41.734736 ], [ -87.729682, 41.734723 ], [ -87.729925, 41.734719 ], [ -87.730167, 41.734714 ], [ -87.730896, 41.734701 ], [ -87.731139, 41.734698 ], [ -87.731242, 41.734696 ], [ -87.73155, 41.73469 ], [ -87.731654, 41.734689 ], [ -87.731793, 41.734686 ], [ -87.732213, 41.734679 ], [ -87.732353, 41.734678 ], [ -87.732595, 41.734674 ], [ -87.733322, 41.734661 ], [ -87.733565, 41.734658 ], [ -87.733809, 41.734653 ], [ -87.73454, 41.734641 ], [ -87.734785, 41.734637 ], [ -87.735027, 41.734632 ], [ -87.735752, 41.73462 ], [ -87.735995, 41.734617 ], [ -87.736107, 41.734615 ], [ -87.736443, 41.734609 ], [ -87.736555, 41.734607 ], [ -87.737211, 41.734596 ], [ -87.737247, 41.734588 ], [ -87.73832, 41.734576 ], [ -87.738359, 41.734577 ], [ -87.73842, 41.734575 ], [ -87.738621, 41.734571 ], [ -87.739139, 41.734562 ], [ -87.739225, 41.734561 ], [ -87.739427, 41.73456 ], [ -87.739638, 41.734559 ], [ -87.739923, 41.734556 ], [ -87.74022, 41.734554 ], [ -87.740285, 41.734553 ], [ -87.740412, 41.734551 ], [ -87.740781, 41.734535 ], [ -87.741067, 41.734524 ], [ -87.741048, 41.734706 ], [ -87.74102, 41.734997 ], [ -87.740989, 41.735254 ], [ -87.740968, 41.735437 ], [ -87.740953, 41.735559 ], [ -87.740948, 41.73562 ], [ -87.740936, 41.735807 ], [ -87.740928, 41.736038 ], [ -87.740928, 41.736174 ], [ -87.740929, 41.736359 ], [ -87.74093, 41.736533 ], [ -87.740933, 41.736865 ], [ -87.740938, 41.737057 ], [ -87.740944, 41.737232 ], [ -87.74095, 41.737422 ], [ -87.740968, 41.737995 ], [ -87.740975, 41.738186 ], [ -87.740978, 41.738278 ], [ -87.740987, 41.738555 ], [ -87.740991, 41.738648 ], [ -87.740994, 41.73874 ], [ -87.741003, 41.739016 ], [ -87.741007, 41.739108 ], [ -87.741013, 41.739281 ], [ -87.741031, 41.739802 ], [ -87.741037, 41.739976 ], [ -87.74105, 41.74036 ], [ -87.74109, 41.741512 ], [ -87.741104, 41.741897 ], [ -87.741117, 41.742251 ], [ -87.741156, 41.743316 ], [ -87.741169, 41.743671 ], [ -87.741184, 41.74406 ], [ -87.741195, 41.744332 ], [ -87.741222, 41.74523 ], [ -87.741223, 41.745281 ], [ -87.741234, 41.745621 ], [ -87.741258, 41.746326 ], [ -87.741292, 41.747288 ], [ -87.741304, 41.747646 ], [ -87.741307, 41.748369 ], [ -87.741309, 41.748443 ], [ -87.74132, 41.74872 ], [ -87.741358, 41.749147 ], [ -87.741392, 41.749524 ], [ -87.741395, 41.749637 ], [ -87.741425, 41.750988 ], [ -87.741483, 41.752487 ], [ -87.741497, 41.752671 ], [ -87.7415, 41.752772 ], [ -87.741501, 41.75283 ], [ -87.741502, 41.752843 ], [ -87.741494, 41.753074 ], [ -87.741496, 41.753292 ], [ -87.741496, 41.753389 ], [ -87.741497, 41.753445 ], [ -87.741503, 41.75368 ], [ -87.741506, 41.753777 ], [ -87.741509, 41.753891 ], [ -87.741518, 41.754234 ], [ -87.741522, 41.754349 ], [ -87.74153, 41.754608 ], [ -87.741542, 41.754939 ], [ -87.741598, 41.756447 ], [ -87.741599, 41.756489 ], [ -87.741607, 41.756712 ], [ -87.741629, 41.757303 ], [ -87.741631, 41.757353 ], [ -87.741646, 41.757761 ], [ -87.741675, 41.758534 ], [ -87.74169, 41.758937 ], [ -87.7417, 41.759136 ], [ -87.741724, 41.759594 ], [ -87.74173, 41.759705 ], [ -87.741751, 41.760038 ], [ -87.741758, 41.76015 ], [ -87.741772, 41.760365 ], [ -87.741777, 41.760503 ], [ -87.741792, 41.760838 ], [ -87.741785, 41.761284 ], [ -87.741801, 41.761566 ], [ -87.741822, 41.76192 ], [ -87.741843, 41.762356 ], [ -87.741855, 41.762589 ], [ -87.741867, 41.762972 ], [ -87.741868, 41.763278 ], [ -87.74188, 41.763667 ], [ -87.741894, 41.764105 ], [ -87.741895, 41.764131 ], [ -87.741899, 41.764299 ], [ -87.741883, 41.764686 ], [ -87.741837, 41.765876 ], [ -87.741815, 41.766422 ], [ -87.741797, 41.766901 ], [ -87.741793, 41.767001 ], [ -87.741799, 41.767055 ], [ -87.741808, 41.767142 ], [ -87.741812, 41.767172 ], [ -87.741815, 41.767217 ], [ -87.741818, 41.767233 ], [ -87.741821, 41.767271 ], [ -87.741826, 41.76733 ], [ -87.741828, 41.76734 ], [ -87.741836, 41.767437 ], [ -87.74184, 41.767487 ], [ -87.741842, 41.767509 ], [ -87.741847, 41.767568 ], [ -87.74185, 41.767613 ], [ -87.741852, 41.767666 ], [ -87.741853, 41.767689 ], [ -87.741866, 41.767925 ], [ -87.741871, 41.768027 ], [ -87.741872, 41.768051 ], [ -87.741872, 41.768071 ], [ -87.741875, 41.768116 ], [ -87.741878, 41.768172 ], [ -87.74188, 41.768212 ], [ -87.741881, 41.768228 ], [ -87.741881, 41.768252 ], [ -87.741883, 41.768293 ], [ -87.741888, 41.768396 ], [ -87.741891, 41.768452 ], [ -87.741876, 41.769307 ], [ -87.741928, 41.769847 ], [ -87.741973, 41.770433 ], [ -87.742055, 41.771129 ], [ -87.742063, 41.771429 ], [ -87.742087, 41.772331 ], [ -87.742095, 41.772632 ], [ -87.742096, 41.772698 ], [ -87.742102, 41.772897 ], [ -87.742104, 41.772964 ], [ -87.742113, 41.773327 ], [ -87.742143, 41.774417 ], [ -87.742145, 41.774454 ], [ -87.742165, 41.77478 ], [ -87.74241, 41.77477 ], [ -87.742786, 41.774757 ], [ -87.743146, 41.774749 ], [ -87.743392, 41.774744 ], [ -87.743636, 41.774738 ], [ -87.743999, 41.77473 ], [ -87.744368, 41.77472 ], [ -87.744612, 41.774715 ], [ -87.744856, 41.77471 ], [ -87.745212, 41.774704 ], [ -87.745588, 41.774696 ], [ -87.745832, 41.774692 ], [ -87.746073, 41.774687 ], [ -87.746433, 41.774681 ], [ -87.746796, 41.774673 ], [ -87.747038, 41.774668 ], [ -87.747139, 41.774666 ], [ -87.747445, 41.77466 ], [ -87.747547, 41.774659 ], [ -87.747815, 41.774653 ], [ -87.748622, 41.774637 ], [ -87.748891, 41.774633 ], [ -87.749489, 41.774622 ], [ -87.751285, 41.774591 ], [ -87.751884, 41.774581 ], [ -87.751958, 41.774579 ], [ -87.752183, 41.774575 ], [ -87.752258, 41.774575 ], [ -87.752688, 41.774566 ], [ -87.753979, 41.77454 ], [ -87.75441, 41.774532 ], [ -87.754635, 41.774527 ], [ -87.754914, 41.774522 ], [ -87.755313, 41.774516 ], [ -87.75554, 41.774513 ], [ -87.755778, 41.774508 ], [ -87.756129, 41.774503 ], [ -87.756494, 41.774496 ], [ -87.756733, 41.774493 ], [ -87.756892, 41.774492 ], [ -87.757216, 41.774482 ], [ -87.757386, 41.774477 ], [ -87.758667, 41.774457 ], [ -87.758998, 41.774452 ], [ -87.759151, 41.774448 ], [ -87.759637, 41.774438 ], [ -87.760266, 41.774427 ], [ -87.760938, 41.774401 ], [ -87.761096, 41.774394 ], [ -87.761292, 41.774387 ], [ -87.761583, 41.774388 ], [ -87.761822, 41.774393 ], [ -87.762001, 41.774389 ], [ -87.762198, 41.774385 ], [ -87.762861, 41.77438 ], [ -87.763259, 41.774372 ], [ -87.763678, 41.774364 ], [ -87.763748, 41.774362 ], [ -87.763959, 41.774358 ], [ -87.76403, 41.774358 ], [ -87.764457, 41.774349 ], [ -87.765739, 41.774324 ], [ -87.766167, 41.774316 ], [ -87.766226, 41.774314 ], [ -87.766406, 41.77431 ], [ -87.766466, 41.77431 ], [ -87.766954, 41.7743 ], [ -87.768419, 41.77427 ], [ -87.768908, 41.774261 ], [ -87.769397, 41.774253 ], [ -87.770744, 41.774218 ], [ -87.770863, 41.774215 ], [ -87.771353, 41.774205 ], [ -87.771653, 41.7742 ], [ -87.771841, 41.774198 ], [ -87.772249, 41.774196 ], [ -87.773307, 41.774169 ], [ -87.773388, 41.774168 ], [ -87.773796, 41.77416 ], [ -87.774099, 41.774155 ], [ -87.774284, 41.774151 ], [ -87.775748, 41.77412 ], [ -87.776236, 41.774111 ], [ -87.776731, 41.774101 ], [ -87.778217, 41.774072 ], [ -87.778596, 41.774065 ], [ -87.778713, 41.774063 ], [ -87.779194, 41.774052 ], [ -87.77943, 41.774048 ], [ -87.779886, 41.774043 ], [ -87.780558, 41.774022 ], [ -87.780638, 41.77402 ], [ -87.78112, 41.774011 ], [ -87.781607, 41.774002 ], [ -87.781704, 41.774001 ], [ -87.783071, 41.773984 ], [ -87.783559, 41.773978 ], [ -87.783637, 41.773976 ], [ -87.783874, 41.773973 ], [ -87.783953, 41.773973 ], [ -87.784363, 41.773966 ], [ -87.785592, 41.773947 ], [ -87.786003, 41.773941 ], [ -87.786488, 41.773933 ], [ -87.787945, 41.773909 ], [ -87.788431, 41.773902 ], [ -87.788922, 41.773893 ], [ -87.790394, 41.773869 ], [ -87.790886, 41.773861 ], [ -87.791379, 41.773852 ], [ -87.792859, 41.773828 ], [ -87.793353, 41.77382 ], [ -87.793845, 41.773812 ], [ -87.795324, 41.773789 ], [ -87.795817, 41.773782 ], [ -87.796309, 41.773773 ], [ -87.797786, 41.773749 ], [ -87.798279, 41.773742 ], [ -87.798597, 41.773737 ], [ -87.799552, 41.773724 ], [ -87.799871, 41.77372 ], [ -87.800057, 41.773717 ], [ -87.800161, 41.773716 ], [ -87.800618, 41.773711 ], [ -87.800806, 41.773709 ], [ -87.800814, 41.773897 ], [ -87.800821, 41.774052 ], [ -87.800793, 41.774087 ], [ -87.800777, 41.774137 ], [ -87.800775, 41.774202 ], [ -87.800785, 41.774451 ], [ -87.800794, 41.77464 ], [ -87.800801, 41.774815 ], [ -87.800825, 41.775342 ], [ -87.800831, 41.77547 ], [ -87.800805, 41.77551 ], [ -87.800817, 41.775569 ], [ -87.800853, 41.775747 ], [ -87.800865, 41.775807 ], [ -87.800895, 41.775898 ], [ -87.800985, 41.776173 ], [ -87.801016, 41.776265 ], [ -87.80092, 41.776453 ], [ -87.800916, 41.776462 ], [ -87.800886, 41.776567 ], [ -87.800867, 41.776801 ], [ -87.800872, 41.776948 ], [ -87.800882, 41.777081 ], [ -87.800899, 41.777292 ], [ -87.800924, 41.77761 ], [ -87.800925, 41.77766 ], [ -87.800947, 41.778218 ], [ -87.800956, 41.778464 ], [ -87.800976, 41.778767 ], [ -87.80099, 41.778979 ], [ -87.801011, 41.779135 ], [ -87.801005, 41.779314 ], [ -87.801004, 41.779348 ], [ -87.801007, 41.77968 ], [ -87.801012, 41.779852 ], [ -87.801018, 41.780032 ], [ -87.801025, 41.780214 ], [ -87.801049, 41.780761 ], [ -87.801057, 41.780944 ], [ -87.801064, 41.781126 ], [ -87.801087, 41.781673 ], [ -87.801095, 41.781856 ], [ -87.801102, 41.782039 ], [ -87.801126, 41.782588 ], [ -87.801134, 41.782772 ], [ -87.801142, 41.782965 ], [ -87.801167, 41.783544 ], [ -87.801176, 41.783738 ], [ -87.801183, 41.78391 ], [ -87.801204, 41.784427 ], [ -87.801212, 41.7846 ], [ -87.801216, 41.784688 ], [ -87.801223, 41.784853 ], [ -87.801244, 41.78535 ], [ -87.801252, 41.785516 ], [ -87.801259, 41.785696 ], [ -87.801283, 41.786238 ], [ -87.801291, 41.786419 ], [ -87.801295, 41.786523 ], [ -87.801302, 41.786684 ], [ -87.801323, 41.787169 ], [ -87.80133, 41.787331 ], [ -87.801338, 41.787525 ], [ -87.801364, 41.78811 ], [ -87.801373, 41.788305 ], [ -87.801387, 41.78867 ], [ -87.801401, 41.789014 ], [ -87.801437, 41.789766 ], [ -87.80145, 41.790132 ], [ -87.801465, 41.790493 ], [ -87.801508, 41.791445 ], [ -87.801513, 41.791577 ], [ -87.801528, 41.791939 ], [ -87.801538, 41.792243 ], [ -87.801544, 41.792389 ], [ -87.801566, 41.793156 ], [ -87.801575, 41.793461 ], [ -87.801577, 41.793557 ], [ -87.801586, 41.793848 ], [ -87.801589, 41.793945 ], [ -87.801591, 41.794023 ], [ -87.801597, 41.794259 ], [ -87.8016, 41.794338 ], [ -87.801608, 41.794623 ], [ -87.801615, 41.794814 ], [ -87.801631, 41.79508 ], [ -87.801681, 41.795475 ], [ -87.801717, 41.795759 ], [ -87.80173, 41.795862 ], [ -87.801904, 41.796295 ], [ -87.801949, 41.796495 ], [ -87.802009, 41.796763 ], [ -87.802046, 41.797173 ], [ -87.802062, 41.797389 ], [ -87.802089, 41.79774 ], [ -87.802094, 41.797847 ], [ -87.801777, 41.797947 ], [ -87.801715, 41.797967 ], [ -87.797632, 41.799261 ], [ -87.797271, 41.799411 ], [ -87.796859, 41.799551 ], [ -87.7968, 41.799555 ], [ -87.796626, 41.799576 ], [ -87.796567, 41.799572 ], [ -87.796345, 41.799511 ], [ -87.796042, 41.79943 ], [ -87.795665, 41.799432 ], [ -87.795436, 41.799434 ], [ -87.795191, 41.799435 ], [ -87.795168, 41.799436 ], [ -87.794826, 41.799447 ], [ -87.794618, 41.799459 ], [ -87.794472, 41.799463 ], [ -87.794458, 41.799462 ], [ -87.794214, 41.799457 ], [ -87.79405, 41.799453 ], [ -87.79397, 41.799454 ], [ -87.793605, 41.799461 ], [ -87.793239, 41.799472 ], [ -87.792996, 41.799467 ], [ -87.792824, 41.799465 ], [ -87.792769, 41.799466 ], [ -87.792385, 41.799479 ], [ -87.79209, 41.799485 ], [ -87.791864, 41.79949 ], [ -87.791685, 41.799494 ], [ -87.791598, 41.799495 ], [ -87.791169, 41.799503 ], [ -87.790801, 41.799513 ], [ -87.790614, 41.799519 ], [ -87.79057, 41.799512 ], [ -87.790539, 41.799499 ], [ -87.790522, 41.799512 ], [ -87.790477, 41.799539 ], [ -87.790383, 41.799556 ], [ -87.79031, 41.799556 ], [ -87.789951, 41.799561 ], [ -87.789584, 41.799564 ], [ -87.789342, 41.799567 ], [ -87.789134, 41.799568 ], [ -87.789099, 41.799569 ], [ -87.788734, 41.799583 ], [ -87.78837, 41.799594 ], [ -87.788128, 41.799602 ], [ -87.787883, 41.799606 ], [ -87.787517, 41.799613 ], [ -87.787151, 41.799617 ], [ -87.786907, 41.799621 ], [ -87.786663, 41.799624 ], [ -87.786298, 41.79963 ], [ -87.785932, 41.799635 ], [ -87.785689, 41.799639 ], [ -87.785446, 41.799642 ], [ -87.78508, 41.799648 ], [ -87.784717, 41.799652 ], [ -87.784475, 41.799656 ], [ -87.78423, 41.799659 ], [ -87.78386, 41.799665 ], [ -87.783495, 41.799669 ], [ -87.783251, 41.799673 ], [ -87.783185, 41.799673 ], [ -87.782987, 41.799673 ], [ -87.782922, 41.799673 ], [ -87.782865, 41.799672 ], [ -87.782697, 41.79967 ], [ -87.782641, 41.79967 ], [ -87.782519, 41.799669 ], [ -87.782153, 41.799668 ], [ -87.782031, 41.799668 ], [ -87.781787, 41.79967 ], [ -87.781643, 41.799672 ], [ -87.781422, 41.799677 ], [ -87.781056, 41.799684 ], [ -87.780813, 41.799689 ], [ -87.780569, 41.799693 ], [ -87.780201, 41.799701 ], [ -87.779837, 41.799707 ], [ -87.779593, 41.799712 ], [ -87.77935, 41.799717 ], [ -87.778981, 41.799725 ], [ -87.778623, 41.799732 ], [ -87.778381, 41.799737 ], [ -87.778235, 41.799739 ], [ -87.777799, 41.799748 ], [ -87.777764, 41.799749 ], [ -87.777654, 41.799751 ], [ -87.777553, 41.799752 ], [ -87.777252, 41.799759 ], [ -87.777152, 41.799762 ], [ -87.776908, 41.799767 ], [ -87.776545, 41.799775 ], [ -87.776176, 41.799782 ], [ -87.775933, 41.799787 ], [ -87.775688, 41.799791 ], [ -87.775326, 41.799799 ], [ -87.774953, 41.799806 ], [ -87.774709, 41.799811 ], [ -87.774466, 41.799816 ], [ -87.774106, 41.799825 ], [ -87.773739, 41.799834 ], [ -87.773497, 41.799841 ], [ -87.773253, 41.799849 ], [ -87.772886, 41.799863 ], [ -87.772523, 41.799875 ], [ -87.77228, 41.799884 ], [ -87.772036, 41.799889 ], [ -87.771668, 41.799898 ], [ -87.771305, 41.799905 ], [ -87.771062, 41.799911 ], [ -87.770974, 41.799912 ], [ -87.770711, 41.799917 ], [ -87.770624, 41.799919 ], [ -87.770467, 41.799921 ], [ -87.770451, 41.799922 ], [ -87.769997, 41.799931 ], [ -87.769841, 41.799935 ], [ -87.769673, 41.799938 ], [ -87.769228, 41.799948 ], [ -87.769169, 41.799949 ], [ -87.769002, 41.799952 ], [ -87.768925, 41.799953 ], [ -87.768696, 41.799957 ], [ -87.76862, 41.799959 ], [ -87.768375, 41.799964 ], [ -87.768007, 41.799973 ], [ -87.767641, 41.799979 ], [ -87.767397, 41.799984 ], [ -87.767152, 41.799989 ], [ -87.766783, 41.799997 ], [ -87.766419, 41.800004 ], [ -87.766175, 41.800009 ], [ -87.765963, 41.800013 ], [ -87.76556, 41.800022 ], [ -87.765328, 41.800026 ], [ -87.765117, 41.800031 ], [ -87.765055, 41.800032 ], [ -87.764956, 41.800034 ], [ -87.764713, 41.800037 ], [ -87.764334, 41.800044 ], [ -87.763984, 41.800048 ], [ -87.763742, 41.800052 ], [ -87.763501, 41.800055 ], [ -87.763133, 41.80006 ], [ -87.762873, 41.800063 ], [ -87.762778, 41.800061 ], [ -87.762538, 41.800058 ], [ -87.762289, 41.800055 ], [ -87.762114, 41.800054 ], [ -87.761904, 41.800057 ], [ -87.761544, 41.800062 ], [ -87.761296, 41.800067 ], [ -87.76105, 41.80007 ], [ -87.760684, 41.800076 ], [ -87.760315, 41.80008 ], [ -87.76007, 41.800083 ], [ -87.759825, 41.800086 ], [ -87.75946, 41.800092 ], [ -87.759092, 41.800095 ], [ -87.758848, 41.800098 ], [ -87.758604, 41.800101 ], [ -87.758235, 41.800106 ], [ -87.757873, 41.80011 ], [ -87.75763, 41.800114 ], [ -87.757382, 41.800117 ], [ -87.757015, 41.800123 ], [ -87.756638, 41.800127 ], [ -87.756391, 41.800131 ], [ -87.756148, 41.800134 ], [ -87.755791, 41.80014 ], [ -87.755422, 41.800145 ], [ -87.75518, 41.800149 ], [ -87.754935, 41.800152 ], [ -87.754566, 41.800159 ], [ -87.754201, 41.800164 ], [ -87.753957, 41.800168 ], [ -87.753712, 41.800171 ], [ -87.753347, 41.800177 ], [ -87.75298, 41.800183 ], [ -87.752736, 41.800187 ], [ -87.752744, 41.800552 ], [ -87.752747, 41.800645 ], [ -87.752775, 41.801649 ], [ -87.752786, 41.802015 ], [ -87.752796, 41.80238 ], [ -87.752826, 41.803477 ], [ -87.752836, 41.803843 ], [ -87.752846, 41.804208 ], [ -87.752876, 41.805305 ], [ -87.752887, 41.805671 ], [ -87.752894, 41.805922 ], [ -87.752917, 41.806678 ], [ -87.752925, 41.80693 ], [ -87.752928, 41.807039 ], [ -87.752942, 41.807146 ], [ -87.752932, 41.807383 ], [ -87.752931, 41.807429 ], [ -87.752912, 41.807494 ], [ -87.752901, 41.807566 ], [ -87.752912, 41.807673 ], [ -87.752913, 41.807858 ], [ -87.752914, 41.80795 ], [ -87.75294, 41.808956 ], [ -87.75295, 41.809322 ], [ -87.752954, 41.809584 ], [ -87.752956, 41.809686 ], [ -87.752987, 41.810778 ], [ -87.752998, 41.811142 ], [ -87.752935, 41.811218 ], [ -87.752938, 41.81149 ], [ -87.752955, 41.812603 ], [ -87.752961, 41.812974 ], [ -87.752992, 41.813067 ], [ -87.753087, 41.813348 ], [ -87.753119, 41.813442 ], [ -87.752283, 41.8137 ], [ -87.751658, 41.813893 ], [ -87.749777, 41.814477 ], [ -87.748942, 41.814736 ], [ -87.748882, 41.814755 ], [ -87.748702, 41.814815 ], [ -87.748643, 41.814835 ], [ -87.747904, 41.815067 ], [ -87.74637, 41.81555 ], [ -87.745687, 41.815765 ], [ -87.744949, 41.815998 ], [ -87.744951, 41.816046 ], [ -87.744957, 41.816192 ], [ -87.744959, 41.816241 ], [ -87.744958, 41.816333 ], [ -87.744957, 41.816551 ], [ -87.744956, 41.816611 ], [ -87.744956, 41.816704 ], [ -87.744972, 41.816787 ], [ -87.744982, 41.816837 ], [ -87.745021, 41.817038 ], [ -87.745038, 41.817122 ], [ -87.745021, 41.817203 ], [ -87.74497, 41.81745 ], [ -87.744954, 41.817532 ], [ -87.744954, 41.817751 ], [ -87.744955, 41.818408 ], [ -87.744956, 41.818627 ], [ -87.744648, 41.818721 ], [ -87.744487, 41.818772 ], [ -87.74423, 41.818822 ], [ -87.743848, 41.818965 ], [ -87.743735, 41.81902 ], [ -87.743636, 41.819069 ], [ -87.74356, 41.819126 ], [ -87.743467, 41.819195 ], [ -87.743415, 41.819216 ], [ -87.743335, 41.81925 ], [ -87.743225, 41.819245 ], [ -87.743093, 41.819212 ], [ -87.743027, 41.819124 ], [ -87.742843, 41.81908 ], [ -87.742506, 41.819186 ], [ -87.739526, 41.820124 ], [ -87.739086, 41.820263 ], [ -87.73891, 41.820356 ], [ -87.738727, 41.820493 ], [ -87.738582, 41.82054 ], [ -87.738147, 41.820571 ], [ -87.736303, 41.821139 ], [ -87.735625, 41.821347 ], [ -87.734881, 41.821577 ], [ -87.728937, 41.823512 ], [ -87.728262, 41.823633 ], [ -87.726834, 41.824116 ], [ -87.724387, 41.824946 ], [ -87.724285, 41.824996 ], [ -87.724248, 41.825045 ], [ -87.72416, 41.825292 ], [ -87.724107, 41.825286 ], [ -87.723918, 41.825265 ], [ -87.723859, 41.8251 ], [ -87.723807, 41.825095 ], [ -87.722246, 41.825576 ], [ -87.719609, 41.826392 ], [ -87.718075, 41.826903 ], [ -87.717555, 41.827106 ], [ -87.717151, 41.827205 ], [ -87.716381, 41.827422 ], [ -87.714934, 41.827832 ], [ -87.714626, 41.82798 ], [ -87.71445, 41.828083 ], [ -87.714354, 41.828139 ], [ -87.714127, 41.828167 ], [ -87.713162, 41.828481 ], [ -87.711815, 41.82892 ], [ -87.711316, 41.829101 ], [ -87.710024, 41.829431 ], [ -87.709283, 41.829676 ], [ -87.707999, 41.830103 ], [ -87.707325, 41.830326 ], [ -87.706449, 41.830617 ], [ -87.705708, 41.830826 ], [ -87.705295, 41.830959 ], [ -87.70501, 41.831051 ], [ -87.704856, 41.831172 ], [ -87.704739, 41.831227 ], [ -87.704659, 41.831253 ], [ -87.704019, 41.831457 ], [ -87.702098, 41.832072 ], [ -87.701459, 41.832277 ], [ -87.700261, 41.832661 ], [ -87.700004, 41.832804 ], [ -87.699813, 41.832803 ], [ -87.699116, 41.833029 ], [ -87.697659, 41.833482 ], [ -87.697603, 41.833499 ], [ -87.695159, 41.834259 ], [ -87.695115, 41.83433 ], [ -87.69499, 41.834374 ], [ -87.694947, 41.834383 ], [ -87.694638, 41.834446 ], [ -87.688677, 41.83634 ], [ -87.688354, 41.836379 ], [ -87.687965, 41.836368 ], [ -87.687899, 41.836362 ], [ -87.687511, 41.836477 ], [ -87.687326, 41.836532 ], [ -87.687304, 41.836593 ], [ -87.687047, 41.836676 ], [ -87.686599, 41.836823 ], [ -87.686511, 41.837005 ], [ -87.685641, 41.837265 ], [ -87.685136, 41.837417 ], [ -87.685092, 41.837429 ], [ -87.684963, 41.837467 ], [ -87.684921, 41.837481 ], [ -87.684543, 41.837594 ], [ -87.683409, 41.837932 ], [ -87.683032, 41.838046 ], [ -87.682546, 41.838191 ], [ -87.682128, 41.838317 ], [ -87.682135, 41.83841 ], [ -87.681193, 41.838712 ], [ -87.680711, 41.838867 ], [ -87.680509, 41.838931 ], [ -87.680201, 41.83903 ], [ -87.678672, 41.839521 ], [ -87.678163, 41.839685 ], [ -87.678084, 41.839584 ], [ -87.678069, 41.839598 ], [ -87.678009, 41.839735 ], [ -87.677378, 41.839937 ], [ -87.67574, 41.840463 ], [ -87.675711, 41.840535 ], [ -87.675676, 41.840718 ], [ -87.675623, 41.841001 ], [ -87.675615, 41.841155 ], [ -87.675564, 41.841237 ], [ -87.675461, 41.841265 ], [ -87.675444, 41.841263 ], [ -87.675358, 41.841254 ], [ -87.675285, 41.841199 ], [ -87.674969, 41.841127 ], [ -87.674859, 41.840825 ], [ -87.674712, 41.84074 ], [ -87.674697, 41.840732 ], [ -87.67455, 41.840694 ], [ -87.674396, 41.840721 ], [ -87.673655, 41.841632 ], [ -87.672839, 41.842527 ], [ -87.672795, 41.842604 ], [ -87.672627, 41.842662 ], [ -87.672171, 41.842824 ], [ -87.672068, 41.842785 ], [ -87.671878, 41.842632 ], [ -87.671876, 41.842478 ], [ -87.671856, 41.84066 ], [ -87.671783, 41.84066 ], [ -87.671578, 41.840687 ], [ -87.671401, 41.840787 ], [ -87.671364, 41.840885 ], [ -87.671415, 41.843192 ], [ -87.668845, 41.844015 ], [ -87.667919, 41.844331 ], [ -87.667464, 41.844487 ], [ -87.66709, 41.84458 ], [ -87.666465, 41.844613 ], [ -87.666201, 41.844585 ], [ -87.666157, 41.844563 ], [ -87.665922, 41.844551 ], [ -87.665867, 41.844548 ], [ -87.665819, 41.844525 ], [ -87.665798, 41.844515 ], [ -87.665782, 41.844503 ], [ -87.665729, 41.844471 ], [ -87.665709, 41.844459 ], [ -87.665561, 41.844425 ], [ -87.665516, 41.843202 ], [ -87.665484, 41.843117 ], [ -87.665388, 41.843085 ], [ -87.665002, 41.842965 ], [ -87.664768, 41.842892 ], [ -87.664662, 41.842849 ], [ -87.664619, 41.842828 ], [ -87.664587, 41.842807 ], [ -87.664587, 41.842753 ], [ -87.664651, 41.842679 ], [ -87.66511, 41.84208 ], [ -87.665324, 41.841792 ], [ -87.66542, 41.841663 ], [ -87.665399, 41.841567 ], [ -87.665377, 41.841535 ], [ -87.665281, 41.841514 ], [ -87.665153, 41.841343 ], [ -87.664758, 41.840616 ], [ -87.66479, 41.840232 ], [ -87.664799, 41.839627 ], [ -87.664736, 41.83942 ], [ -87.664651, 41.839206 ], [ -87.664599, 41.839128 ], [ -87.664538, 41.839039 ], [ -87.66448, 41.838953 ], [ -87.664242, 41.838599 ], [ -87.664074, 41.838351 ], [ -87.663817, 41.838066 ], [ -87.663672, 41.837888 ], [ -87.663583, 41.837588 ], [ -87.663438, 41.837142 ], [ -87.663316, 41.83692 ], [ -87.663193, 41.836731 ], [ -87.663049, 41.836608 ], [ -87.662915, 41.836352 ], [ -87.662781, 41.83613 ], [ -87.662492, 41.835929 ], [ -87.662303, 41.835874 ], [ -87.662203, 41.835684 ], [ -87.661958, 41.835428 ], [ -87.661, 41.834527 ], [ -87.660744, 41.834371 ], [ -87.66041, 41.834104 ], [ -87.660177, 41.83387 ], [ -87.659887, 41.833525 ], [ -87.658084, 41.831688 ], [ -87.657783, 41.831365 ], [ -87.657594, 41.831076 ], [ -87.65755, 41.830864 ], [ -87.657528, 41.830598 ], [ -87.657588, 41.830391 ], [ -87.657749, 41.829762 ], [ -87.657903, 41.828702 ], [ -87.657874, 41.828175 ], [ -87.657771, 41.827546 ], [ -87.657676, 41.826947 ], [ -87.657669, 41.826864 ], [ -87.657654, 41.826691 ], [ -87.657671, 41.826331 ], [ -87.657729, 41.826203 ], [ -87.657807, 41.826174 ], [ -87.65804, 41.82609 ], [ -87.658118, 41.826062 ], [ -87.658146, 41.826054 ], [ -87.658233, 41.826029 ], [ -87.658262, 41.82602 ], [ -87.65829, 41.826012 ], [ -87.658376, 41.825987 ], [ -87.658405, 41.82598 ], [ -87.658473, 41.825962 ], [ -87.658522, 41.825897 ], [ -87.658542, 41.825828 ], [ -87.658559, 41.825782 ], [ -87.658553, 41.825717 ], [ -87.658536, 41.825665 ], [ -87.658471, 41.825545 ], [ -87.658455, 41.825515 ], [ -87.658372, 41.825478 ], [ -87.658095, 41.825544 ], [ -87.657962, 41.825575 ], [ -87.657916, 41.825583 ], [ -87.65778, 41.825606 ], [ -87.657735, 41.825615 ], [ -87.657658, 41.825624 ], [ -87.657439, 41.824885 ], [ -87.657351, 41.824922 ], [ -87.657482, 41.825498 ], [ -87.657468, 41.825569 ], [ -87.657446, 41.825635 ], [ -87.657421, 41.82566 ], [ -87.657299, 41.825765 ], [ -87.657216, 41.825923 ], [ -87.657164, 41.826047 ], [ -87.65712, 41.826172 ], [ -87.65712, 41.826384 ], [ -87.657201, 41.826588 ], [ -87.657245, 41.8268 ], [ -87.657267, 41.82691 ], [ -87.65734, 41.827327 ], [ -87.657384, 41.827985 ], [ -87.657376, 41.828694 ], [ -87.657318, 41.829199 ], [ -87.657194, 41.830135 ], [ -87.657135, 41.830398 ], [ -87.657116, 41.830603 ], [ -87.657149, 41.831143 ], [ -87.657271, 41.831332 ], [ -87.657394, 41.831577 ], [ -87.658318, 41.832523 ], [ -87.659898, 41.834226 ], [ -87.660522, 41.834816 ], [ -87.660622, 41.834849 ], [ -87.6609, 41.834849 ], [ -87.661234, 41.835061 ], [ -87.661724, 41.835643 ], [ -87.661824, 41.835762 ], [ -87.661969, 41.835929 ], [ -87.662203, 41.836096 ], [ -87.662358, 41.836252 ], [ -87.662748, 41.836764 ], [ -87.662904, 41.836987 ], [ -87.66306, 41.83761 ], [ -87.663122, 41.837795 ], [ -87.663138, 41.837844 ], [ -87.663216, 41.837966 ], [ -87.663811, 41.838829 ], [ -87.664031, 41.839214 ], [ -87.664082, 41.839303 ], [ -87.664134, 41.839394 ], [ -87.664234, 41.839569 ], [ -87.664309, 41.839708 ], [ -87.664321, 41.839838 ], [ -87.664298, 41.840648 ], [ -87.664362, 41.840809 ], [ -87.664459, 41.840926 ], [ -87.66463, 41.841097 ], [ -87.664747, 41.841418 ], [ -87.664726, 41.84161 ], [ -87.66464, 41.841802 ], [ -87.664448, 41.842112 ], [ -87.664213, 41.84239 ], [ -87.664052, 41.842657 ], [ -87.663861, 41.84307 ], [ -87.663775, 41.843256 ], [ -87.663646, 41.843533 ], [ -87.663604, 41.84364 ], [ -87.663499, 41.843964 ], [ -87.663353, 41.844074 ], [ -87.662945, 41.844317 ], [ -87.662691, 41.844469 ], [ -87.66195, 41.844826 ], [ -87.661296, 41.845183 ], [ -87.661193, 41.845219 ], [ -87.661157, 41.845232 ], [ -87.660988, 41.845402 ], [ -87.660892, 41.845468 ], [ -87.660672, 41.845518 ], [ -87.660641, 41.845539 ], [ -87.6604, 41.845704 ], [ -87.660283, 41.845819 ], [ -87.660076, 41.845938 ], [ -87.659959, 41.846006 ], [ -87.659387, 41.846374 ], [ -87.65921, 41.84655 ], [ -87.658703, 41.847011 ], [ -87.65841, 41.847171 ], [ -87.657801, 41.847505 ], [ -87.65697, 41.847746 ], [ -87.656779, 41.847828 ], [ -87.656356, 41.847914 ], [ -87.656324, 41.847921 ], [ -87.656118, 41.847932 ], [ -87.655149, 41.847883 ], [ -87.653233, 41.847608 ], [ -87.653144, 41.847608 ], [ -87.651882, 41.847803 ], [ -87.650919, 41.847953 ], [ -87.650394, 41.848017 ], [ -87.650156, 41.848046 ], [ -87.649571, 41.848022 ], [ -87.649473, 41.848018 ], [ -87.649003, 41.848161 ], [ -87.647207, 41.84873 ], [ -87.646792, 41.848863 ], [ -87.646726, 41.848978 ], [ -87.646495, 41.848993 ], [ -87.646295, 41.848983 ], [ -87.646295, 41.849085 ], [ -87.644445, 41.849212 ], [ -87.644297, 41.849222 ], [ -87.644018, 41.849233 ], [ -87.643831, 41.849254 ], [ -87.643592, 41.84927 ], [ -87.643101, 41.849483 ], [ -87.642572, 41.849796 ], [ -87.642258, 41.849965 ], [ -87.641814, 41.850381 ], [ -87.641555, 41.850659 ], [ -87.640277, 41.852511 ], [ -87.640124, 41.85273 ], [ -87.639564, 41.85353 ], [ -87.639119, 41.854048 ], [ -87.638888, 41.854289 ], [ -87.638641, 41.854427 ], [ -87.638369, 41.854594 ], [ -87.637953, 41.85477 ], [ -87.637953, 41.854844 ], [ -87.637212, 41.855057 ], [ -87.636912, 41.855259 ], [ -87.636842, 41.855307 ], [ -87.635844, 41.856179 ], [ -87.635388, 41.856613 ], [ -87.635097, 41.856951 ], [ -87.634861, 41.857354 ], [ -87.63487, 41.857683 ], [ -87.634862, 41.857757 ], [ -87.63425, 41.858836 ], [ -87.633963, 41.858965 ], [ -87.633953, 41.859095 ], [ -87.634111, 41.85928 ], [ -87.634092, 41.859539 ], [ -87.634, 41.85978 ], [ -87.634041, 41.859977 ], [ -87.634087, 41.860405 ], [ -87.634101, 41.860673 ], [ -87.63411, 41.8609 ], [ -87.634133, 41.861928 ], [ -87.634166, 41.86265 ], [ -87.634203, 41.863094 ], [ -87.634203, 41.863326 ], [ -87.634226, 41.864525 ], [ -87.634245, 41.864927 ], [ -87.634235, 41.865136 ], [ -87.634198, 41.865339 ], [ -87.634152, 41.865492 ], [ -87.634143, 41.865673 ], [ -87.634138, 41.865881 ], [ -87.63418, 41.866085 ], [ -87.634226, 41.866265 ], [ -87.634235, 41.866464 ], [ -87.634263, 41.866608 ], [ -87.634272, 41.866747 ], [ -87.634305, 41.866858 ], [ -87.634346, 41.867113 ], [ -87.634363, 41.867266 ], [ -87.634378, 41.867371 ], [ -87.634471, 41.868261 ], [ -87.634545, 41.8689 ], [ -87.634573, 41.869224 ], [ -87.634564, 41.86965 ], [ -87.634545, 41.869802 ], [ -87.634615, 41.869923 ], [ -87.634675, 41.870043 ], [ -87.634735, 41.870173 ], [ -87.634782, 41.870339 ], [ -87.634823, 41.870548 ], [ -87.63486, 41.87065 ], [ -87.634911, 41.870742 ], [ -87.634957, 41.870853 ], [ -87.634981, 41.870992 ], [ -87.63499, 41.871089 ], [ -87.634962, 41.871224 ], [ -87.634879, 41.871362 ], [ -87.634726, 41.871487 ], [ -87.634582, 41.871562 ], [ -87.634606, 41.871974 ], [ -87.635087, 41.871964 ], [ -87.635099, 41.872027 ], [ -87.635249, 41.872835 ], [ -87.635568, 41.874454 ], [ -87.635624, 41.874691 ], [ -87.635856, 41.875103 ], [ -87.635981, 41.875265 ], [ -87.636265, 41.875567 ], [ -87.636326, 41.875631 ], [ -87.636388, 41.875697 ], [ -87.636522, 41.875839 ], [ -87.63705, 41.876608 ], [ -87.637119, 41.876724 ], [ -87.637138, 41.876802 ], [ -87.637161, 41.877071 ], [ -87.637194, 41.877469 ], [ -87.637226, 41.877668 ], [ -87.637305, 41.87789 ], [ -87.637374, 41.878052 ], [ -87.637382, 41.878073 ], [ -87.637582, 41.878626 ], [ -87.637698, 41.879066 ], [ -87.637748, 41.879341 ], [ -87.637805, 41.879571 ], [ -87.637879, 41.880275 ], [ -87.637892, 41.880609 ], [ -87.637902, 41.880863 ], [ -87.6379, 41.881902 ], [ -87.637814, 41.88265 ], [ -87.637721, 41.88314 ], [ -87.637712, 41.883197 ], [ -87.637582, 41.884001 ], [ -87.637479, 41.88446 ], [ -87.637407, 41.884779 ], [ -87.637295, 41.885353 ], [ -87.637258, 41.885585 ], [ -87.637215, 41.885723 ], [ -87.637157, 41.885909 ], [ -87.636971, 41.886113 ], [ -87.635999, 41.886863 ], [ -87.635795, 41.886992 ], [ -87.635521, 41.887059 ], [ -87.634504, 41.887085 ], [ -87.633966, 41.887064 ], [ -87.632487, 41.887062 ], [ -87.631008, 41.887063 ], [ -87.629533, 41.887122 ], [ -87.62799, 41.887141 ], [ -87.627629, 41.887224 ], [ -87.62712, 41.887395 ], [ -87.626743, 41.887604 ], [ -87.626664, 41.887667 ], [ -87.626217, 41.888007 ], [ -87.625643, 41.888326 ], [ -87.625171, 41.888511 ], [ -87.624921, 41.888576 ], [ -87.624425, 41.888577 ], [ -87.624199, 41.888553 ], [ -87.623981, 41.888557 ], [ -87.622782, 41.888539 ], [ -87.62224, 41.88853 ], [ -87.621472, 41.888419 ], [ -87.620683, 41.888311 ], [ -87.62051, 41.888293 ], [ -87.618833, 41.888039 ], [ -87.617953, 41.88802 ], [ -87.617572, 41.888009 ], [ -87.617223, 41.887997 ], [ -87.616786, 41.887983 ], [ -87.615161, 41.88789 ], [ -87.614619, 41.887918 ], [ -87.61443, 41.88796 ], [ -87.614277, 41.888011 ], [ -87.614158, 41.888051 ], [ -87.614079, 41.888084 ], [ -87.614061, 41.88809 ], [ -87.614036, 41.888097 ], [ -87.613964, 41.888088 ], [ -87.613911, 41.888081 ], [ -87.613761, 41.888063 ], [ -87.613438, 41.887887 ], [ -87.612725, 41.887927 ], [ -87.612725, 41.885665 ] ], [ [ -87.578173, 41.78836 ], [ -87.57833, 41.788374 ], [ -87.578678, 41.78842 ], [ -87.57883, 41.788451 ], [ -87.579187, 41.788409 ], [ -87.579361, 41.788337 ], [ -87.579424, 41.788304 ], [ -87.579599, 41.788209 ], [ -87.57971, 41.788188 ], [ -87.579755, 41.788167 ], [ -87.579911, 41.788043 ], [ -87.579992, 41.787906 ], [ -87.580002, 41.787879 ], [ -87.580029, 41.787844 ], [ -87.580037, 41.787816 ], [ -87.580066, 41.787782 ], [ -87.580084, 41.787741 ], [ -87.580111, 41.787713 ], [ -87.580148, 41.787652 ], [ -87.58023, 41.787566 ], [ -87.580403, 41.787414 ], [ -87.580434, 41.787376 ], [ -87.580508, 41.787287 ], [ -87.580585, 41.787211 ], [ -87.580631, 41.787184 ], [ -87.580815, 41.787135 ], [ -87.580998, 41.787107 ], [ -87.581075, 41.787104 ], [ -87.581222, 41.787111 ], [ -87.581278, 41.787124 ], [ -87.58141, 41.787155 ], [ -87.581595, 41.787246 ], [ -87.581659, 41.787278 ], [ -87.58188, 41.787458 ], [ -87.582029, 41.787633 ], [ -87.582129, 41.787743 ], [ -87.582355, 41.78793 ], [ -87.582406, 41.787972 ], [ -87.582498, 41.788071 ], [ -87.582591, 41.788178 ], [ -87.582736, 41.788085 ], [ -87.583022, 41.788127 ], [ -87.583058, 41.78807 ], [ -87.583085, 41.788008 ], [ -87.583102, 41.787913 ], [ -87.583138, 41.787819 ], [ -87.583148, 41.787802 ], [ -87.583198, 41.787754 ], [ -87.583258, 41.787726 ], [ -87.583294, 41.78772 ], [ -87.583341, 41.787706 ], [ -87.58356, 41.787684 ], [ -87.583574, 41.787686 ], [ -87.583643, 41.787698 ], [ -87.583707, 41.787753 ], [ -87.583735, 41.787787 ], [ -87.583764, 41.787856 ], [ -87.58376, 41.787955 ], [ -87.583764, 41.787993 ], [ -87.583782, 41.788034 ], [ -87.583828, 41.788075 ], [ -87.583856, 41.788089 ], [ -87.58392, 41.788102 ], [ -87.583966, 41.788102 ], [ -87.58403, 41.788068 ], [ -87.584131, 41.787986 ], [ -87.584176, 41.787965 ], [ -87.584241, 41.787951 ], [ -87.584452, 41.78795 ], [ -87.584525, 41.787936 ], [ -87.584553, 41.787922 ], [ -87.584628, 41.787861 ], [ -87.584672, 41.787805 ], [ -87.584689, 41.78775 ], [ -87.584661, 41.787696 ], [ -87.584615, 41.787641 ], [ -87.584611, 41.787617 ], [ -87.58462, 41.78752 ], [ -87.584669, 41.787394 ], [ -87.584688, 41.787311 ], [ -87.584686, 41.78714 ], [ -87.584663, 41.786979 ], [ -87.58464, 41.786886 ], [ -87.584626, 41.786828 ], [ -87.584584, 41.786707 ], [ -87.584546, 41.786542 ], [ -87.58455, 41.786436 ], [ -87.584578, 41.78632 ], [ -87.584599, 41.786193 ], [ -87.584597, 41.786097 ], [ -87.584566, 41.785956 ], [ -87.584552, 41.785925 ], [ -87.58452, 41.785791 ], [ -87.584505, 41.78576 ], [ -87.584482, 41.785585 ], [ -87.584334, 41.785315 ], [ -87.584283, 41.785198 ], [ -87.584263, 41.785084 ], [ -87.584245, 41.784979 ], [ -87.584249, 41.784899 ], [ -87.584203, 41.784687 ], [ -87.58418, 41.784629 ], [ -87.584166, 41.784557 ], [ -87.584156, 41.784399 ], [ -87.584151, 41.784375 ], [ -87.584149, 41.784196 ], [ -87.584158, 41.784011 ], [ -87.584188, 41.783739 ], [ -87.584183, 41.783393 ], [ -87.584196, 41.783314 ], [ -87.584228, 41.783214 ], [ -87.584223, 41.783156 ], [ -87.584195, 41.78304 ], [ -87.584097, 41.782872 ], [ -87.584058, 41.782766 ], [ -87.584042, 41.782734 ], [ -87.584018, 41.782635 ], [ -87.583968, 41.782494 ], [ -87.583848, 41.782261 ], [ -87.583828, 41.782152 ], [ -87.583828, 41.782124 ], [ -87.583809, 41.782035 ], [ -87.583791, 41.782 ], [ -87.583767, 41.781971 ], [ -87.583753, 41.781953 ], [ -87.583726, 41.781904 ], [ -87.58368, 41.781857 ], [ -87.583662, 41.781822 ], [ -87.583616, 41.781767 ], [ -87.583505, 41.781671 ], [ -87.583459, 41.781645 ], [ -87.583366, 41.781624 ], [ -87.583298, 41.781631 ], [ -87.583275, 41.781638 ], [ -87.583211, 41.781652 ], [ -87.583073, 41.781701 ], [ -87.582937, 41.781728 ], [ -87.582854, 41.781738 ], [ -87.5829, 41.782002 ], [ -87.582938, 41.782002 ], [ -87.582992, 41.782023 ], [ -87.583102, 41.782108 ], [ -87.583389, 41.782345 ], [ -87.583444, 41.782441 ], [ -87.583435, 41.782557 ], [ -87.583439, 41.782642 ], [ -87.583441, 41.782671 ], [ -87.583464, 41.78286 ], [ -87.583465, 41.782962 ], [ -87.583438, 41.783017 ], [ -87.583392, 41.783073 ], [ -87.583255, 41.783148 ], [ -87.583218, 41.783182 ], [ -87.583189, 41.78326 ], [ -87.5832, 41.783327 ], [ -87.583266, 41.783388 ], [ -87.583302, 41.783436 ], [ -87.583311, 41.783477 ], [ -87.583284, 41.783532 ], [ -87.583238, 41.78356 ], [ -87.583183, 41.783608 ], [ -87.583166, 41.783643 ], [ -87.583147, 41.783711 ], [ -87.583147, 41.783752 ], [ -87.583166, 41.783814 ], [ -87.583212, 41.783876 ], [ -87.583277, 41.783938 ], [ -87.583305, 41.783985 ], [ -87.583323, 41.784033 ], [ -87.583324, 41.784102 ], [ -87.58331, 41.784194 ], [ -87.583235, 41.784483 ], [ -87.583184, 41.784682 ], [ -87.583162, 41.784789 ], [ -87.583162, 41.784844 ], [ -87.583189, 41.784933 ], [ -87.583236, 41.785029 ], [ -87.583269, 41.785065 ], [ -87.583337, 41.785138 ], [ -87.583421, 41.785275 ], [ -87.583485, 41.785453 ], [ -87.583499, 41.785512 ], [ -87.583498, 41.785923 ], [ -87.583498, 41.786154 ], [ -87.583532, 41.786288 ], [ -87.583567, 41.78657 ], [ -87.583583, 41.786696 ], [ -87.583588, 41.786781 ], [ -87.583641, 41.787039 ], [ -87.583632, 41.787101 ], [ -87.583604, 41.787225 ], [ -87.583559, 41.787286 ], [ -87.583504, 41.787328 ], [ -87.58344, 41.787349 ], [ -87.583293, 41.787335 ], [ -87.583247, 41.787315 ], [ -87.583109, 41.787232 ], [ -87.582999, 41.78711 ], [ -87.582933, 41.787051 ], [ -87.582878, 41.786986 ], [ -87.582842, 41.78691 ], [ -87.582823, 41.786821 ], [ -87.582822, 41.786787 ], [ -87.582831, 41.786711 ], [ -87.582821, 41.786677 ], [ -87.582795, 41.78665 ], [ -87.582768, 41.786643 ], [ -87.58273, 41.786644 ], [ -87.582675, 41.786609 ], [ -87.582686, 41.78657 ], [ -87.582757, 41.786519 ], [ -87.582766, 41.786499 ], [ -87.582765, 41.786465 ], [ -87.582757, 41.786444 ], [ -87.582655, 41.786369 ], [ -87.582581, 41.786328 ], [ -87.582489, 41.786259 ], [ -87.582477, 41.786246 ], [ -87.582432, 41.7862 ], [ -87.582422, 41.786189 ], [ -87.582388, 41.786122 ], [ -87.582362, 41.786025 ], [ -87.582339, 41.785967 ], [ -87.582314, 41.785903 ], [ -87.582225, 41.785717 ], [ -87.582202, 41.785636 ], [ -87.58222, 41.785567 ], [ -87.582358, 41.785453 ], [ -87.582403, 41.785401 ], [ -87.58237, 41.785371 ], [ -87.582325, 41.785377 ], [ -87.582266, 41.785395 ], [ -87.582229, 41.785402 ], [ -87.582165, 41.78543 ], [ -87.58209, 41.785436 ], [ -87.582064, 41.785423 ], [ -87.582026, 41.785395 ], [ -87.582017, 41.785334 ], [ -87.582022, 41.785269 ], [ -87.582003, 41.785042 ], [ -87.581969, 41.784833 ], [ -87.581991, 41.784576 ], [ -87.582013, 41.784421 ], [ -87.582004, 41.784345 ], [ -87.581966, 41.784195 ], [ -87.58193, 41.784146 ], [ -87.581884, 41.784112 ], [ -87.581846, 41.784105 ], [ -87.581801, 41.784153 ], [ -87.581755, 41.784229 ], [ -87.581692, 41.784305 ], [ -87.581627, 41.784306 ], [ -87.5816, 41.784285 ], [ -87.581581, 41.784244 ], [ -87.581562, 41.78412 ], [ -87.581525, 41.783948 ], [ -87.581469, 41.78375 ], [ -87.58144, 41.783681 ], [ -87.581367, 41.783565 ], [ -87.581293, 41.783482 ], [ -87.58121, 41.7834 ], [ -87.581191, 41.783366 ], [ -87.581163, 41.78327 ], [ -87.581163, 41.783208 ], [ -87.581173, 41.783165 ], [ -87.581213, 41.782999 ], [ -87.581289, 41.782769 ], [ -87.581303, 41.78271 ], [ -87.581344, 41.782624 ], [ -87.581398, 41.782486 ], [ -87.581453, 41.782391 ], [ -87.581525, 41.782288 ], [ -87.581566, 41.782246 ], [ -87.580927, 41.782472 ], [ -87.580913, 41.782479 ], [ -87.580731, 41.782647 ], [ -87.580647, 41.78275 ], [ -87.580629, 41.782866 ], [ -87.58052, 41.783045 ], [ -87.580493, 41.783072 ], [ -87.580465, 41.783121 ], [ -87.580373, 41.783203 ], [ -87.580315, 41.783244 ], [ -87.580209, 41.783293 ], [ -87.580146, 41.78331 ], [ -87.580045, 41.783307 ], [ -87.57986, 41.78328 ], [ -87.579825, 41.783269 ], [ -87.579773, 41.783263 ], [ -87.579659, 41.783232 ], [ -87.579447, 41.783184 ], [ -87.579406, 41.783181 ], [ -87.579245, 41.783157 ], [ -87.579163, 41.783171 ], [ -87.579108, 41.783213 ], [ -87.579099, 41.783254 ], [ -87.579132, 41.783395 ], [ -87.579151, 41.783457 ], [ -87.579192, 41.783556 ], [ -87.579229, 41.783604 ], [ -87.579303, 41.783672 ], [ -87.579395, 41.78374 ], [ -87.579477, 41.783789 ], [ -87.579541, 41.783816 ], [ -87.579615, 41.783837 ], [ -87.579863, 41.783884 ], [ -87.579901, 41.783884 ], [ -87.579946, 41.783897 ], [ -87.580005, 41.7839 ], [ -87.580084, 41.783911 ], [ -87.580139, 41.783924 ], [ -87.580213, 41.783952 ], [ -87.580323, 41.78404 ], [ -87.580332, 41.784068 ], [ -87.58036, 41.784102 ], [ -87.580402, 41.784263 ], [ -87.580444, 41.784357 ], [ -87.580481, 41.784397 ], [ -87.580591, 41.7845 ], [ -87.580637, 41.784568 ], [ -87.580656, 41.784651 ], [ -87.58062, 41.784788 ], [ -87.580625, 41.784819 ], [ -87.580657, 41.784905 ], [ -87.580663, 41.784913 ], [ -87.58075, 41.785028 ], [ -87.580768, 41.785097 ], [ -87.580769, 41.785193 ], [ -87.580737, 41.785333 ], [ -87.580724, 41.785358 ], [ -87.580705, 41.785447 ], [ -87.580707, 41.785598 ], [ -87.580735, 41.785748 ], [ -87.580772, 41.785886 ], [ -87.580793, 41.785986 ], [ -87.580805, 41.786047 ], [ -87.580789, 41.786274 ], [ -87.580788, 41.786301 ], [ -87.580765, 41.786428 ], [ -87.580766, 41.786559 ], [ -87.580726, 41.786796 ], [ -87.58068, 41.786895 ], [ -87.58064, 41.78695 ], [ -87.580575, 41.786999 ], [ -87.58053, 41.787019 ], [ -87.580494, 41.787027 ], [ -87.580438, 41.78704 ], [ -87.580393, 41.787054 ], [ -87.58036, 41.787057 ], [ -87.580213, 41.787098 ], [ -87.580195, 41.787099 ], [ -87.580062, 41.787124 ], [ -87.580025, 41.787124 ], [ -87.57992, 41.787141 ], [ -87.579512, 41.787269 ], [ -87.579374, 41.787304 ], [ -87.579293, 41.787338 ], [ -87.579242, 41.787335 ], [ -87.579118, 41.787359 ], [ -87.579058, 41.787363 ], [ -87.578825, 41.787415 ], [ -87.578793, 41.787435 ], [ -87.578713, 41.787512 ], [ -87.578689, 41.787594 ], [ -87.578684, 41.787666 ], [ -87.57869, 41.78784 ], [ -87.578597, 41.787902 ], [ -87.578132, 41.788171 ], [ -87.577916, 41.788177 ], [ -87.578173, 41.78836 ] ], [ [ -87.696073, 41.695679 ], [ -87.696066, 41.69531 ], [ -87.696043, 41.694755 ], [ -87.695975, 41.693091 ], [ -87.695953, 41.692537 ], [ -87.695941, 41.692354 ], [ -87.695906, 41.691807 ], [ -87.695895, 41.691625 ], [ -87.694904, 41.691636 ], [ -87.693304, 41.691656 ], [ -87.692087, 41.691671 ], [ -87.692089, 41.691759 ], [ -87.692104, 41.692201 ], [ -87.691768, 41.692205 ], [ -87.691707, 41.692274 ], [ -87.690967, 41.692284 ], [ -87.690974, 41.69244 ], [ -87.690995, 41.69314 ], [ -87.690999, 41.693242 ], [ -87.691011, 41.693504 ], [ -87.691026, 41.693871 ], [ -87.691045, 41.694303 ], [ -87.691065, 41.694972 ], [ -87.691077, 41.69534 ], [ -87.691088, 41.695704 ], [ -87.691124, 41.696797 ], [ -87.691136, 41.697162 ], [ -87.691148, 41.697526 ], [ -87.691187, 41.698621 ], [ -87.6912, 41.698986 ], [ -87.69219, 41.69898 ], [ -87.695161, 41.698964 ], [ -87.696152, 41.69896 ], [ -87.696142, 41.698599 ], [ -87.696112, 41.697518 ], [ -87.696103, 41.697158 ], [ -87.696095, 41.696788 ], [ -87.696073, 41.695679 ] ], [ [ -87.709648, 41.768047 ], [ -87.709609, 41.767923 ], [ -87.709516, 41.767624 ], [ -87.709509, 41.767476 ], [ -87.70956, 41.767322 ], [ -87.709778, 41.767136 ], [ -87.710007, 41.766987 ], [ -87.710132, 41.766828 ], [ -87.710197, 41.766614 ], [ -87.710263, 41.766477 ], [ -87.710263, 41.766339 ], [ -87.710102, 41.766087 ], [ -87.709816, 41.765955 ], [ -87.70964, 41.765933 ], [ -87.709325, 41.765966 ], [ -87.708987, 41.766043 ], [ -87.708699, 41.766059 ], [ -87.708291, 41.766082 ], [ -87.70779, 41.76608 ], [ -87.70711, 41.766077 ], [ -87.706783, 41.766108 ], [ -87.706604, 41.766126 ], [ -87.706347, 41.766099 ], [ -87.705716, 41.765879 ], [ -87.70521, 41.765912 ], [ -87.704954, 41.765874 ], [ -87.70458, 41.765748 ], [ -87.704389, 41.765709 ], [ -87.703846, 41.765671 ], [ -87.70383, 41.765668 ], [ -87.703531, 41.765621 ], [ -87.703318, 41.765611 ], [ -87.703172, 41.765638 ], [ -87.702981, 41.765709 ], [ -87.702843, 41.765728 ], [ -87.702746, 41.765742 ], [ -87.701873, 41.765732 ], [ -87.701854, 41.765733 ], [ -87.701067, 41.765803 ], [ -87.700773, 41.765874 ], [ -87.700612, 41.765951 ], [ -87.700275, 41.76588 ], [ -87.700099, 41.765875 ], [ -87.698962, 41.765968 ], [ -87.698927, 41.765967 ], [ -87.698346, 41.765963 ], [ -87.697938, 41.765974 ], [ -87.697517, 41.765985 ], [ -87.697261, 41.765946 ], [ -87.697162, 41.765923 ], [ -87.696813, 41.765842 ], [ -87.696564, 41.765869 ], [ -87.696417, 41.765996 ], [ -87.696315, 41.766188 ], [ -87.696197, 41.766347 ], [ -87.696161, 41.766506 ], [ -87.696388, 41.767033 ], [ -87.696425, 41.767291 ], [ -87.696395, 41.767412 ], [ -87.696344, 41.767621 ], [ -87.696447, 41.768011 ], [ -87.696447, 41.768174 ], [ -87.696447, 41.768197 ], [ -87.696491, 41.768379 ], [ -87.696447, 41.768966 ], [ -87.696352, 41.76912 ], [ -87.696388, 41.769378 ], [ -87.696279, 41.769834 ], [ -87.696301, 41.770048 ], [ -87.696359, 41.770152 ], [ -87.696667, 41.770256 ], [ -87.696836, 41.770361 ], [ -87.697049, 41.77041 ], [ -87.697166, 41.770388 ], [ -87.697313, 41.770333 ], [ -87.697435, 41.770314 ], [ -87.697745, 41.770267 ], [ -87.697848, 41.770212 ], [ -87.697943, 41.770124 ], [ -87.698032, 41.769904 ], [ -87.698075, 41.7698 ], [ -87.698273, 41.769976 ], [ -87.698479, 41.770069 ], [ -87.698677, 41.770113 ], [ -87.698925, 41.770137 ], [ -87.699014, 41.770146 ], [ -87.69985, 41.770097 ], [ -87.70021, 41.770047 ], [ -87.700774, 41.769866 ], [ -87.700928, 41.769844 ], [ -87.701171, 41.769943 ], [ -87.701457, 41.770113 ], [ -87.701728, 41.770355 ], [ -87.701895, 41.77039 ], [ -87.702168, 41.770448 ], [ -87.702942, 41.770382 ], [ -87.703708, 41.770316 ], [ -87.703978, 41.770311 ], [ -87.704339, 41.770305 ], [ -87.704728, 41.770129 ], [ -87.704779, 41.770118 ], [ -87.704882, 41.770129 ], [ -87.705417, 41.770392 ], [ -87.705564, 41.770398 ], [ -87.70593, 41.770337 ], [ -87.70629, 41.77026 ], [ -87.706818, 41.770068 ], [ -87.706929, 41.769997 ], [ -87.707639, 41.769552 ], [ -87.707837, 41.769512 ], [ -87.707859, 41.769508 ], [ -87.708497, 41.769477 ], [ -87.708556, 41.769475 ], [ -87.708658, 41.769458 ], [ -87.708842, 41.769469 ], [ -87.709047, 41.769563 ], [ -87.709238, 41.769618 ], [ -87.709407, 41.76959 ], [ -87.709487, 41.769327 ], [ -87.709458, 41.769211 ], [ -87.709599, 41.768576 ], [ -87.709604, 41.768558 ], [ -87.709648, 41.768047 ] ], [ [ -87.676601, 41.82604 ], [ -87.677122, 41.826007 ], [ -87.677452, 41.825946 ], [ -87.677761, 41.825919 ], [ -87.678091, 41.825936 ], [ -87.678473, 41.825908 ], [ -87.678664, 41.825919 ], [ -87.678994, 41.82587 ], [ -87.679163, 41.825798 ], [ -87.679302, 41.825661 ], [ -87.679398, 41.825463 ], [ -87.679427, 41.825332 ], [ -87.679398, 41.825189 ], [ -87.679313, 41.825149 ], [ -87.679009, 41.825008 ], [ -87.678884, 41.824882 ], [ -87.678774, 41.824722 ], [ -87.678678, 41.824508 ], [ -87.678546, 41.824365 ], [ -87.678356, 41.824266 ], [ -87.678121, 41.824228 ], [ -87.67793, 41.824283 ], [ -87.677864, 41.824354 ], [ -87.677915, 41.824645 ], [ -87.678069, 41.825019 ], [ -87.678047, 41.825139 ], [ -87.677871, 41.825288 ], [ -87.677282, 41.825534 ], [ -87.677269, 41.82554 ], [ -87.677218, 41.825606 ], [ -87.6771, 41.82559 ], [ -87.676968, 41.825507 ], [ -87.676895, 41.825562 ], [ -87.676762, 41.825606 ], [ -87.676755, 41.825463 ], [ -87.676718, 41.825326 ], [ -87.676579, 41.825337 ], [ -87.676454, 41.825414 ], [ -87.676351, 41.825568 ], [ -87.676344, 41.825782 ], [ -87.676366, 41.825897 ], [ -87.676483, 41.826023 ], [ -87.676601, 41.82604 ] ], [ [ -87.598129, 41.67422 ], [ -87.598268, 41.674303 ], [ -87.598393, 41.674517 ], [ -87.598444, 41.674566 ], [ -87.598498, 41.67458 ], [ -87.598525, 41.674588 ], [ -87.59862, 41.674582 ], [ -87.598781, 41.674687 ], [ -87.598935, 41.67472 ], [ -87.598971, 41.674709 ], [ -87.599037, 41.674621 ], [ -87.598979, 41.674516 ], [ -87.598898, 41.674445 ], [ -87.59859, 41.674368 ], [ -87.598444, 41.674314 ], [ -87.598385, 41.674259 ], [ -87.598327, 41.674154 ], [ -87.598275, 41.673852 ], [ -87.598224, 41.673803 ], [ -87.598121, 41.673786 ], [ -87.598073, 41.673819 ], [ -87.598034, 41.673847 ], [ -87.597785, 41.673962 ], [ -87.597763, 41.67405 ], [ -87.597785, 41.6741 ], [ -87.597843, 41.674138 ], [ -87.59799, 41.674165 ], [ -87.598129, 41.67422 ] ], [ [ -87.636511, 41.751831 ], [ -87.636597, 41.7518 ], [ -87.636761, 41.751948 ], [ -87.636888, 41.751906 ], [ -87.637057, 41.751816 ], [ -87.637167, 41.751746 ], [ -87.637383, 41.751659 ], [ -87.637587, 41.751583 ], [ -87.637767, 41.751549 ], [ -87.638003, 41.75151 ], [ -87.638577, 41.751465 ], [ -87.638684, 41.75139 ], [ -87.638449, 41.751303 ], [ -87.638143, 41.751287 ], [ -87.637769, 41.751281 ], [ -87.637539, 41.751274 ], [ -87.637417, 41.751287 ], [ -87.637232, 41.751325 ], [ -87.636749, 41.751576 ], [ -87.636714, 41.751633 ], [ -87.636636, 41.751732 ], [ -87.636592, 41.751721 ], [ -87.636375, 41.751762 ], [ -87.636306, 41.751776 ], [ -87.636042, 41.751896 ], [ -87.635939, 41.752061 ], [ -87.635917, 41.752237 ], [ -87.635893, 41.752298 ], [ -87.6358, 41.752547 ], [ -87.635575, 41.752604 ], [ -87.635462, 41.752632 ], [ -87.635499, 41.752533 ], [ -87.635462, 41.752495 ], [ -87.635406, 41.75258 ], [ -87.635308, 41.752731 ], [ -87.635198, 41.75278 ], [ -87.634993, 41.752829 ], [ -87.634839, 41.752912 ], [ -87.634736, 41.75317 ], [ -87.634707, 41.753285 ], [ -87.634728, 41.753389 ], [ -87.634759, 41.753401 ], [ -87.634817, 41.753422 ], [ -87.635007, 41.753236 ], [ -87.635183, 41.753225 ], [ -87.635345, 41.753181 ], [ -87.635396, 41.753132 ], [ -87.635416, 41.753047 ], [ -87.635462, 41.752852 ], [ -87.635492, 41.752824 ], [ -87.635478, 41.752733 ], [ -87.635574, 41.752698 ], [ -87.63587, 41.752569 ], [ -87.636005, 41.752363 ], [ -87.63602, 41.752341 ], [ -87.636233, 41.752116 ], [ -87.636365, 41.752001 ], [ -87.636621, 41.751935 ], [ -87.636663, 41.751894 ], [ -87.636658, 41.751869 ], [ -87.636541, 41.751864 ], [ -87.636511, 41.751831 ] ], [ [ -87.612881, 41.788954 ], [ -87.612923, 41.788904 ], [ -87.613086, 41.788855 ], [ -87.613178, 41.788805 ], [ -87.613256, 41.788678 ], [ -87.613256, 41.788458 ], [ -87.613256, 41.788288 ], [ -87.61327, 41.788083 ], [ -87.613343, 41.787936 ], [ -87.613426, 41.787885 ], [ -87.613518, 41.787778 ], [ -87.613518, 41.787722 ], [ -87.613462, 41.787665 ], [ -87.613355, 41.78763 ], [ -87.6132, 41.787644 ], [ -87.612969, 41.787593 ], [ -87.612796, 41.787516 ], [ -87.612654, 41.787382 ], [ -87.612385, 41.787247 ], [ -87.612145, 41.787162 ], [ -87.611798, 41.787113 ], [ -87.611571, 41.787148 ], [ -87.611139, 41.787361 ], [ -87.610955, 41.787516 ], [ -87.610913, 41.787594 ], [ -87.610891, 41.787736 ], [ -87.610835, 41.787828 ], [ -87.610782, 41.787954 ], [ -87.610778, 41.787964 ], [ -87.610828, 41.788047 ], [ -87.610863, 41.788104 ], [ -87.610948, 41.788139 ], [ -87.611153, 41.788132 ], [ -87.611267, 41.788069 ], [ -87.611458, 41.787955 ], [ -87.611642, 41.787842 ], [ -87.611854, 41.787771 ], [ -87.61218, 41.787665 ], [ -87.612357, 41.787651 ], [ -87.61252, 41.787672 ], [ -87.612619, 41.787736 ], [ -87.612754, 41.787856 ], [ -87.612824, 41.787948 ], [ -87.612888, 41.788076 ], [ -87.612831, 41.788217 ], [ -87.612754, 41.788281 ], [ -87.612605, 41.788295 ], [ -87.612485, 41.788324 ], [ -87.612414, 41.788359 ], [ -87.612329, 41.788451 ], [ -87.612378, 41.788571 ], [ -87.612442, 41.788699 ], [ -87.612428, 41.788791 ], [ -87.61235, 41.788791 ], [ -87.612166, 41.788798 ], [ -87.61201, 41.788833 ], [ -87.611897, 41.788918 ], [ -87.611755, 41.78906 ], [ -87.611684, 41.789159 ], [ -87.611585, 41.789237 ], [ -87.611451, 41.789315 ], [ -87.611451, 41.789428 ], [ -87.611514, 41.789626 ], [ -87.611599, 41.78969 ], [ -87.611769, 41.78991 ], [ -87.611826, 41.789966 ], [ -87.611784, 41.790129 ], [ -87.611642, 41.790136 ], [ -87.611465, 41.790101 ], [ -87.611253, 41.789931 ], [ -87.611132, 41.789818 ], [ -87.610969, 41.789626 ], [ -87.610799, 41.789492 ], [ -87.610714, 41.789435 ], [ -87.610693, 41.789315 ], [ -87.610721, 41.789202 ], [ -87.610785, 41.789074 ], [ -87.610721, 41.788947 ], [ -87.610629, 41.78877 ], [ -87.610637, 41.788621 ], [ -87.610672, 41.788501 ], [ -87.610658, 41.788387 ], [ -87.610566, 41.78826 ], [ -87.61041, 41.788253 ], [ -87.610105, 41.788232 ], [ -87.610021, 41.788097 ], [ -87.609921, 41.788062 ], [ -87.609751, 41.788062 ], [ -87.609454, 41.788047 ], [ -87.609072, 41.788012 ], [ -87.608937, 41.787863 ], [ -87.608796, 41.787637 ], [ -87.608711, 41.787424 ], [ -87.608711, 41.787339 ], [ -87.608859, 41.787226 ], [ -87.609114, 41.787233 ], [ -87.60939, 41.787226 ], [ -87.609553, 41.787184 ], [ -87.609773, 41.78712 ], [ -87.609985, 41.787155 ], [ -87.610148, 41.787226 ], [ -87.610268, 41.787283 ], [ -87.610346, 41.787318 ], [ -87.610502, 41.787233 ], [ -87.610615, 41.787177 ], [ -87.610665, 41.787177 ], [ -87.610799, 41.78724 ], [ -87.610842, 41.787219 ], [ -87.610913, 41.787106 ], [ -87.610962, 41.786978 ], [ -87.610955, 41.7869 ], [ -87.610835, 41.786844 ], [ -87.610658, 41.78678 ], [ -87.61041, 41.786773 ], [ -87.610198, 41.786688 ], [ -87.610028, 41.78661 ], [ -87.609794, 41.786589 ], [ -87.609702, 41.78661 ], [ -87.609666, 41.786681 ], [ -87.609582, 41.786745 ], [ -87.60939, 41.786759 ], [ -87.609143, 41.786723 ], [ -87.609093, 41.786653 ], [ -87.609121, 41.78661 ], [ -87.609022, 41.786511 ], [ -87.60893, 41.786511 ], [ -87.60876, 41.786582 ], [ -87.608604, 41.786723 ], [ -87.608569, 41.786858 ], [ -87.608442, 41.787063 ], [ -87.608321, 41.787276 ], [ -87.608342, 41.787417 ], [ -87.608399, 41.78758 ], [ -87.608399, 41.7878 ], [ -87.608392, 41.787913 ], [ -87.608335, 41.788019 ], [ -87.608357, 41.788139 ], [ -87.608456, 41.788324 ], [ -87.608626, 41.788423 ], [ -87.608838, 41.788536 ], [ -87.609065, 41.788685 ], [ -87.609327, 41.788777 ], [ -87.609582, 41.788862 ], [ -87.609829, 41.788897 ], [ -87.610013, 41.788933 ], [ -87.610205, 41.789039 ], [ -87.610304, 41.789088 ], [ -87.610424, 41.789187 ], [ -87.610488, 41.789279 ], [ -87.610573, 41.789393 ], [ -87.610536, 41.789466 ], [ -87.610607, 41.78951 ], [ -87.610679, 41.789591 ], [ -87.610743, 41.789648 ], [ -87.610792, 41.789733 ], [ -87.61087, 41.789839 ], [ -87.610877, 41.789903 ], [ -87.610863, 41.789988 ], [ -87.610821, 41.79008 ], [ -87.610757, 41.790157 ], [ -87.610721, 41.790242 ], [ -87.610743, 41.790349 ], [ -87.610778, 41.790419 ], [ -87.610835, 41.790526 ], [ -87.610969, 41.790618 ], [ -87.611068, 41.790696 ], [ -87.61116, 41.790759 ], [ -87.61121, 41.790766 ], [ -87.611245, 41.790724 ], [ -87.611323, 41.790632 ], [ -87.611465, 41.790582 ], [ -87.611621, 41.790604 ], [ -87.611741, 41.790717 ], [ -87.611776, 41.790823 ], [ -87.61172, 41.790908 ], [ -87.611628, 41.791007 ], [ -87.611713, 41.791078 ], [ -87.611833, 41.791106 ], [ -87.612017, 41.791106 ], [ -87.612166, 41.791035 ], [ -87.612208, 41.790894 ], [ -87.612237, 41.790731 ], [ -87.612286, 41.790589 ], [ -87.612407, 41.790356 ], [ -87.612534, 41.790094 ], [ -87.612485, 41.78998 ], [ -87.612513, 41.789789 ], [ -87.612704, 41.789456 ], [ -87.612895, 41.789471 ], [ -87.612973, 41.789449 ], [ -87.613037, 41.789428 ], [ -87.613058, 41.789322 ], [ -87.61298, 41.789152 ], [ -87.612959, 41.789102 ], [ -87.612888, 41.789053 ], [ -87.612881, 41.788954 ] ], [ [ -87.610485, 41.792473 ], [ -87.610604, 41.792552 ], [ -87.610782, 41.792667 ], [ -87.61094, 41.792709 ], [ -87.611076, 41.792755 ], [ -87.611217, 41.792783 ], [ -87.611411, 41.792777 ], [ -87.611607, 41.792758 ], [ -87.611719, 41.792737 ], [ -87.611773, 41.792715 ], [ -87.611867, 41.792618 ], [ -87.611803, 41.792387 ], [ -87.611727, 41.792332 ], [ -87.611554, 41.792336 ], [ -87.611352, 41.792376 ], [ -87.611355, 41.792271 ], [ -87.611183, 41.792276 ], [ -87.611026, 41.792344 ], [ -87.61086, 41.792292 ], [ -87.610666, 41.792291 ], [ -87.610574, 41.792209 ], [ -87.610378, 41.792192 ], [ -87.610459, 41.792266 ], [ -87.610382, 41.792318 ], [ -87.610485, 41.792473 ] ], [ [ -87.65893, 41.797723 ], [ -87.658987, 41.79772 ], [ -87.659031, 41.797708 ], [ -87.659096, 41.797686 ], [ -87.65914, 41.797642 ], [ -87.659151, 41.797624 ], [ -87.659152, 41.797603 ], [ -87.659147, 41.797573 ], [ -87.659149, 41.797556 ], [ -87.659155, 41.797546 ], [ -87.65916, 41.797528 ], [ -87.659157, 41.797516 ], [ -87.659154, 41.797505 ], [ -87.659099, 41.797473 ], [ -87.659043, 41.79742 ], [ -87.659012, 41.797338 ], [ -87.658999, 41.797263 ], [ -87.659037, 41.797238 ], [ -87.659096, 41.79721 ], [ -87.659109, 41.797166 ], [ -87.65909, 41.797088 ], [ -87.659046, 41.797022 ], [ -87.659006, 41.796944 ], [ -87.658993, 41.796878 ], [ -87.658977, 41.796828 ], [ -87.658952, 41.796759 ], [ -87.658899, 41.7967 ], [ -87.658849, 41.796653 ], [ -87.658833, 41.796625 ], [ -87.658846, 41.796584 ], [ -87.658877, 41.796522 ], [ -87.658924, 41.796465 ], [ -87.658971, 41.796393 ], [ -87.65899, 41.796331 ], [ -87.658993, 41.796274 ], [ -87.658996, 41.796227 ], [ -87.659015, 41.796184 ], [ -87.659015, 41.79613 ], [ -87.659018, 41.796074 ], [ -87.659053, 41.796018 ], [ -87.659071, 41.795943 ], [ -87.659099, 41.795893 ], [ -87.659124, 41.795836 ], [ -87.659153, 41.795789 ], [ -87.659143, 41.795761 ], [ -87.659125, 41.795741 ], [ -87.6591, 41.795725 ], [ -87.659063, 41.795683 ], [ -87.659016, 41.795667 ], [ -87.659042, 41.795588 ], [ -87.659053, 41.795573 ], [ -87.659042, 41.795541 ], [ -87.659079, 41.795388 ], [ -87.659116, 41.795304 ], [ -87.659127, 41.795209 ], [ -87.659095, 41.795104 ], [ -87.659048, 41.79502 ], [ -87.658984, 41.794946 ], [ -87.658926, 41.794877 ], [ -87.658863, 41.794814 ], [ -87.658779, 41.794772 ], [ -87.658721, 41.794746 ], [ -87.65861, 41.794693 ], [ -87.6585, 41.794677 ], [ -87.658405, 41.794667 ], [ -87.6582, 41.79464 ], [ -87.658094, 41.794635 ], [ -87.657778, 41.79463 ], [ -87.657757, 41.794609 ], [ -87.657662, 41.794593 ], [ -87.657557, 41.794619 ], [ -87.657431, 41.794651 ], [ -87.657325, 41.794656 ], [ -87.657125, 41.794656 ], [ -87.657009, 41.794635 ], [ -87.656904, 41.794619 ], [ -87.656793, 41.794625 ], [ -87.656641, 41.794698 ], [ -87.656572, 41.794725 ], [ -87.656462, 41.794704 ], [ -87.656251, 41.794651 ], [ -87.656225, 41.794646 ], [ -87.656182, 41.794646 ], [ -87.656119, 41.794693 ], [ -87.65604, 41.794725 ], [ -87.655993, 41.79474 ], [ -87.655924, 41.794777 ], [ -87.655887, 41.794793 ], [ -87.655803, 41.79483 ], [ -87.655766, 41.794888 ], [ -87.655761, 41.794941 ], [ -87.655751, 41.794973 ], [ -87.655727, 41.795044 ], [ -87.655695, 41.79509 ], [ -87.655675, 41.795113 ], [ -87.655652, 41.795139 ], [ -87.655608, 41.795188 ], [ -87.655582, 41.795214 ], [ -87.65555, 41.795246 ], [ -87.655535, 41.795325 ], [ -87.65554, 41.795436 ], [ -87.655566, 41.795541 ], [ -87.655593, 41.795652 ], [ -87.655587, 41.795699 ], [ -87.655608, 41.795778 ], [ -87.655624, 41.795804 ], [ -87.655661, 41.795857 ], [ -87.655645, 41.795931 ], [ -87.655677, 41.795983 ], [ -87.655693, 41.796015 ], [ -87.655714, 41.796073 ], [ -87.655677, 41.796115 ], [ -87.655677, 41.79621 ], [ -87.655682, 41.796273 ], [ -87.655719, 41.796394 ], [ -87.655729, 41.79642 ], [ -87.655787, 41.796505 ], [ -87.655808, 41.796552 ], [ -87.655782, 41.796615 ], [ -87.655766, 41.796652 ], [ -87.655729, 41.796679 ], [ -87.655693, 41.796731 ], [ -87.655677, 41.796784 ], [ -87.655677, 41.796858 ], [ -87.655677, 41.796937 ], [ -87.655682, 41.797037 ], [ -87.655703, 41.797068 ], [ -87.655751, 41.797163 ], [ -87.655756, 41.797263 ], [ -87.655745, 41.797363 ], [ -87.65574, 41.797437 ], [ -87.655698, 41.797511 ], [ -87.655661, 41.797553 ], [ -87.655629, 41.79759 ], [ -87.655577, 41.797632 ], [ -87.655566, 41.797679 ], [ -87.655582, 41.797716 ], [ -87.655635, 41.797774 ], [ -87.655687, 41.797806 ], [ -87.655729, 41.797785 ], [ -87.655798, 41.797753 ], [ -87.655845, 41.797769 ], [ -87.655898, 41.797795 ], [ -87.655945, 41.797837 ], [ -87.655955, 41.797859 ], [ -87.655934, 41.797901 ], [ -87.655913, 41.797937 ], [ -87.655848, 41.798016 ], [ -87.65584, 41.79807 ], [ -87.65587, 41.798086 ], [ -87.655905, 41.798103 ], [ -87.655967, 41.798114 ], [ -87.656049, 41.798108 ], [ -87.6561, 41.798078 ], [ -87.656157, 41.798054 ], [ -87.656233, 41.798027 ], [ -87.656387, 41.798005 ], [ -87.656466, 41.797984 ], [ -87.656607, 41.797981 ], [ -87.656731, 41.798013 ], [ -87.656836, 41.798044 ], [ -87.656911, 41.798073 ], [ -87.657009, 41.798088 ], [ -87.65776, 41.798078 ], [ -87.657866, 41.798057 ], [ -87.657982, 41.79801 ], [ -87.658133, 41.797959 ], [ -87.658301, 41.797909 ], [ -87.658409, 41.797884 ], [ -87.658516, 41.797894 ], [ -87.658616, 41.797904 ], [ -87.658681, 41.797894 ], [ -87.658723, 41.797866 ], [ -87.658768, 41.79782 ], [ -87.658781, 41.797798 ], [ -87.658787, 41.797785 ], [ -87.658799, 41.797748 ], [ -87.658833, 41.79772 ], [ -87.658884, 41.797717 ], [ -87.65893, 41.797723 ] ], [ [ -87.585261, 41.652491 ], [ -87.58529, 41.652645 ], [ -87.585393, 41.652821 ], [ -87.585473, 41.652892 ], [ -87.585708, 41.652975 ], [ -87.585913, 41.652996 ], [ -87.586052, 41.653002 ], [ -87.58633, 41.652963 ], [ -87.58644, 41.652925 ], [ -87.586703, 41.652678 ], [ -87.586784, 41.652497 ], [ -87.586806, 41.652337 ], [ -87.586725, 41.652118 ], [ -87.586556, 41.651876 ], [ -87.586498, 41.65175 ], [ -87.586322, 41.651536 ], [ -87.586285, 41.651514 ], [ -87.586205, 41.651382 ], [ -87.586154, 41.651338 ], [ -87.586, 41.651058 ], [ -87.585699, 41.650663 ], [ -87.585568, 41.650339 ], [ -87.585436, 41.650262 ], [ -87.585282, 41.650218 ], [ -87.585026, 41.650054 ], [ -87.584974, 41.6499 ], [ -87.584982, 41.649713 ], [ -87.584967, 41.649581 ], [ -87.584934, 41.649445 ], [ -87.584879, 41.649214 ], [ -87.584842, 41.649148 ], [ -87.584527, 41.648846 ], [ -87.584198, 41.648593 ], [ -87.584125, 41.648566 ], [ -87.583861, 41.648341 ], [ -87.583825, 41.64833 ], [ -87.583627, 41.648149 ], [ -87.583539, 41.648011 ], [ -87.583334, 41.647792 ], [ -87.583034, 41.647638 ], [ -87.583012, 41.647611 ], [ -87.582939, 41.647578 ], [ -87.582926, 41.647568 ], [ -87.582843, 41.647501 ], [ -87.582558, 41.64715 ], [ -87.582404, 41.646848 ], [ -87.582331, 41.646765 ], [ -87.582236, 41.646699 ], [ -87.582126, 41.646683 ], [ -87.582089, 41.646694 ], [ -87.581709, 41.646903 ], [ -87.581526, 41.647078 ], [ -87.581408, 41.647243 ], [ -87.581408, 41.647402 ], [ -87.581452, 41.647496 ], [ -87.581496, 41.647556 ], [ -87.581628, 41.647622 ], [ -87.581745, 41.647721 ], [ -87.581928, 41.647995 ], [ -87.58195, 41.648154 ], [ -87.582009, 41.648248 ], [ -87.582126, 41.648336 ], [ -87.582295, 41.648407 ], [ -87.582426, 41.648533 ], [ -87.582529, 41.648706 ], [ -87.582573, 41.64878 ], [ -87.582661, 41.64902 ], [ -87.582668, 41.649038 ], [ -87.582712, 41.649086 ], [ -87.582778, 41.649159 ], [ -87.582866, 41.649225 ], [ -87.582998, 41.649313 ], [ -87.583034, 41.649318 ], [ -87.583129, 41.649384 ], [ -87.58321, 41.649423 ], [ -87.583269, 41.64939 ], [ -87.583195, 41.649269 ], [ -87.582749, 41.648857 ], [ -87.58269, 41.648769 ], [ -87.582712, 41.648703 ], [ -87.582749, 41.648703 ], [ -87.582917, 41.648764 ], [ -87.583063, 41.648912 ], [ -87.583159, 41.648978 ], [ -87.583327, 41.649181 ], [ -87.583481, 41.649444 ], [ -87.583569, 41.649516 ], [ -87.583613, 41.649631 ], [ -87.583679, 41.649615 ], [ -87.583679, 41.649587 ], [ -87.583613, 41.649461 ], [ -87.583532, 41.649175 ], [ -87.583547, 41.64912 ], [ -87.58362, 41.649099 ], [ -87.583672, 41.649152 ], [ -87.583803, 41.649285 ], [ -87.584054, 41.649658 ], [ -87.58425, 41.649949 ], [ -87.584484, 41.650394 ], [ -87.584938, 41.651498 ], [ -87.585012, 41.651783 ], [ -87.585085, 41.651942 ], [ -87.585261, 41.652491 ] ], [ [ -87.588279, 41.690102 ], [ -87.588344, 41.689844 ], [ -87.588337, 41.689465 ], [ -87.588381, 41.689306 ], [ -87.588403, 41.689108 ], [ -87.588439, 41.689037 ], [ -87.588476, 41.68902 ], [ -87.588527, 41.688954 ], [ -87.588666, 41.688872 ], [ -87.588989, 41.68874 ], [ -87.589018, 41.688652 ], [ -87.588827, 41.688345 ], [ -87.588739, 41.688246 ], [ -87.588629, 41.688191 ], [ -87.588168, 41.688071 ], [ -87.588036, 41.688087 ], [ -87.587904, 41.688164 ], [ -87.587692, 41.68845 ], [ -87.58756, 41.688526 ], [ -87.587516, 41.688472 ], [ -87.587523, 41.688384 ], [ -87.587699, 41.688076 ], [ -87.587692, 41.688021 ], [ -87.587589, 41.687977 ], [ -87.586974, 41.687961 ], [ -87.586498, 41.688 ], [ -87.585926, 41.687917 ], [ -87.585479, 41.687928 ], [ -87.585186, 41.687967 ], [ -87.584579, 41.688082 ], [ -87.584278, 41.688093 ], [ -87.582769, 41.687929 ], [ -87.582645, 41.687891 ], [ -87.582579, 41.687852 ], [ -87.582418, 41.687814 ], [ -87.582147, 41.687808 ], [ -87.58192, 41.687742 ], [ -87.581495, 41.687655 ], [ -87.581304, 41.687633 ], [ -87.580982, 41.687638 ], [ -87.580345, 41.687556 ], [ -87.579956, 41.687551 ], [ -87.5794, 41.687457 ], [ -87.579107, 41.687485 ], [ -87.578997, 41.687534 ], [ -87.578836, 41.687644 ], [ -87.57877, 41.687754 ], [ -87.578743, 41.687848 ], [ -87.578587, 41.688402 ], [ -87.578506, 41.688583 ], [ -87.578426, 41.688698 ], [ -87.57806, 41.688946 ], [ -87.57784, 41.689033 ], [ -87.577532, 41.689094 ], [ -87.57743, 41.689143 ], [ -87.577415, 41.689237 ], [ -87.577276, 41.689599 ], [ -87.577225, 41.690033 ], [ -87.577284, 41.69045 ], [ -87.577408, 41.690796 ], [ -87.577467, 41.691164 ], [ -87.57743, 41.691449 ], [ -87.577489, 41.692454 ], [ -87.577445, 41.69269 ], [ -87.577438, 41.692981 ], [ -87.57735, 41.693574 ], [ -87.57735, 41.693717 ], [ -87.57746, 41.694008 ], [ -87.577533, 41.694041 ], [ -87.577643, 41.694024 ], [ -87.577708, 41.693852 ], [ -87.577753, 41.693733 ], [ -87.577834, 41.693481 ], [ -87.577987, 41.693261 ], [ -87.578119, 41.693168 ], [ -87.578324, 41.693118 ], [ -87.578888, 41.693041 ], [ -87.579057, 41.69303 ], [ -87.579277, 41.693025 ], [ -87.579702, 41.693107 ], [ -87.580083, 41.693288 ], [ -87.580237, 41.693398 ], [ -87.580302, 41.693535 ], [ -87.58039, 41.693634 ], [ -87.580471, 41.69364 ], [ -87.580632, 41.693601 ], [ -87.580713, 41.693607 ], [ -87.580735, 41.693634 ], [ -87.580727, 41.693695 ], [ -87.580654, 41.693876 ], [ -87.580669, 41.693903 ], [ -87.580706, 41.693914 ], [ -87.580742, 41.693909 ], [ -87.580801, 41.693865 ], [ -87.580955, 41.693716 ], [ -87.581072, 41.693694 ], [ -87.581204, 41.693771 ], [ -87.581394, 41.693953 ], [ -87.581592, 41.693969 ], [ -87.58198, 41.693908 ], [ -87.582288, 41.693941 ], [ -87.582471, 41.694013 ], [ -87.58261, 41.694095 ], [ -87.583277, 41.694589 ], [ -87.583365, 41.694606 ], [ -87.583643, 41.694583 ], [ -87.583672, 41.694583 ], [ -87.584068, 41.694594 ], [ -87.584369, 41.694644 ], [ -87.584537, 41.694737 ], [ -87.58461, 41.694819 ], [ -87.584728, 41.694902 ], [ -87.584874, 41.694979 ], [ -87.584955, 41.695006 ], [ -87.585196, 41.695022 ], [ -87.586845, 41.695 ], [ -87.586918, 41.694962 ], [ -87.586925, 41.694874 ], [ -87.586969, 41.694621 ], [ -87.587072, 41.694434 ], [ -87.587123, 41.694286 ], [ -87.587203, 41.694132 ], [ -87.587233, 41.69411 ], [ -87.587233, 41.694045 ], [ -87.587357, 41.693781 ], [ -87.587628, 41.692875 ], [ -87.587701, 41.692584 ], [ -87.58773, 41.692304 ], [ -87.587803, 41.691996 ], [ -87.587789, 41.691777 ], [ -87.587664, 41.691535 ], [ -87.587649, 41.691469 ], [ -87.587664, 41.691393 ], [ -87.587744, 41.691178 ], [ -87.587803, 41.691074 ], [ -87.587876, 41.690997 ], [ -87.588015, 41.690745 ], [ -87.588279, 41.690102 ] ], [ [ -87.584128, 41.78991 ], [ -87.584153, 41.789845 ], [ -87.584163, 41.789805 ], [ -87.584243, 41.789691 ], [ -87.584288, 41.789646 ], [ -87.584328, 41.789576 ], [ -87.584363, 41.789501 ], [ -87.584442, 41.789401 ], [ -87.584522, 41.789376 ], [ -87.584607, 41.789351 ], [ -87.584627, 41.789336 ], [ -87.584627, 41.789277 ], [ -87.584597, 41.789212 ], [ -87.584557, 41.789182 ], [ -87.584487, 41.789157 ], [ -87.584348, 41.789167 ], [ -87.584233, 41.789167 ], [ -87.584128, 41.789157 ], [ -87.584023, 41.789122 ], [ -87.583943, 41.789082 ], [ -87.583834, 41.789057 ], [ -87.583719, 41.789052 ], [ -87.583529, 41.789057 ], [ -87.58336, 41.789027 ], [ -87.5832, 41.788922 ], [ -87.58307, 41.788783 ], [ -87.582931, 41.788638 ], [ -87.582856, 41.788558 ], [ -87.582791, 41.788543 ], [ -87.582736, 41.788563 ], [ -87.582681, 41.788598 ], [ -87.582621, 41.788658 ], [ -87.582616, 41.788748 ], [ -87.582611, 41.788862 ], [ -87.582631, 41.788902 ], [ -87.582691, 41.788982 ], [ -87.582741, 41.789067 ], [ -87.582726, 41.789127 ], [ -87.582636, 41.789187 ], [ -87.582526, 41.789162 ], [ -87.582392, 41.789117 ], [ -87.582332, 41.789087 ], [ -87.582242, 41.789077 ], [ -87.582127, 41.789042 ], [ -87.582047, 41.788977 ], [ -87.581983, 41.788952 ], [ -87.581933, 41.788947 ], [ -87.581933, 41.789002 ], [ -87.581928, 41.789042 ], [ -87.581888, 41.789127 ], [ -87.581823, 41.789192 ], [ -87.581723, 41.789306 ], [ -87.581608, 41.789426 ], [ -87.581524, 41.789551 ], [ -87.581519, 41.789626 ], [ -87.581528, 41.789721 ], [ -87.581563, 41.7898 ], [ -87.581638, 41.789865 ], [ -87.581698, 41.78991 ], [ -87.582025, 41.789919 ], [ -87.582192, 41.78992 ], [ -87.582197, 41.78986 ], [ -87.582556, 41.789865 ], [ -87.582556, 41.78981 ], [ -87.583275, 41.789805 ], [ -87.58327, 41.78985 ], [ -87.583619, 41.78984 ], [ -87.583629, 41.78991 ], [ -87.584128, 41.78991 ] ], [ [ -87.582173, 41.802892 ], [ -87.582245, 41.802892 ], [ -87.582393, 41.802892 ], [ -87.582605, 41.802843 ], [ -87.582819, 41.802737 ], [ -87.582856, 41.802719 ], [ -87.583009, 41.802575 ], [ -87.583025, 41.802561 ], [ -87.583054, 41.802531 ], [ -87.583162, 41.802423 ], [ -87.583253, 41.802272 ], [ -87.583277, 41.802117 ], [ -87.583279, 41.802107 ], [ -87.583197, 41.801874 ], [ -87.582947, 41.801724 ], [ -87.582865, 41.801703 ], [ -87.582507, 41.801745 ], [ -87.582152, 41.802044 ], [ -87.581986, 41.802185 ], [ -87.581941, 41.802289 ], [ -87.581947, 41.802443 ], [ -87.581952, 41.802587 ], [ -87.581959, 41.802756 ], [ -87.581961, 41.802783 ], [ -87.582007, 41.802817 ], [ -87.582145, 41.802885 ], [ -87.582173, 41.802892 ] ] ], [ [ [ -87.700862, 41.766725 ], [ -87.700862, 41.767038 ], [ -87.700849, 41.76715 ], [ -87.700789, 41.767703 ], [ -87.700789, 41.768005 ], [ -87.700805, 41.768102 ], [ -87.700833, 41.768268 ], [ -87.701128, 41.769004 ], [ -87.701148, 41.769053 ], [ -87.701156, 41.769284 ], [ -87.701082, 41.769427 ], [ -87.700943, 41.769559 ], [ -87.700774, 41.76963 ], [ -87.700686, 41.76963 ], [ -87.700598, 41.769597 ], [ -87.700466, 41.769383 ], [ -87.700305, 41.769284 ], [ -87.700107, 41.769251 ], [ -87.699828, 41.769306 ], [ -87.699329, 41.769449 ], [ -87.699021, 41.769482 ], [ -87.698893, 41.769467 ], [ -87.698721, 41.769449 ], [ -87.698361, 41.769334 ], [ -87.697952, 41.769306 ], [ -87.697885, 41.769301 ], [ -87.697584, 41.769328 ], [ -87.697338, 41.769307 ], [ -87.696931, 41.769273 ], [ -87.696777, 41.769169 ], [ -87.696674, 41.768966 ], [ -87.69666, 41.768812 ], [ -87.696799, 41.768735 ], [ -87.697144, 41.768708 ], [ -87.697511, 41.768648 ], [ -87.697679, 41.768527 ], [ -87.697782, 41.76828 ], [ -87.697803, 41.768145 ], [ -87.697826, 41.767994 ], [ -87.697782, 41.767785 ], [ -87.697701, 41.767599 ], [ -87.697522, 41.767514 ], [ -87.697503, 41.767505 ], [ -87.696872, 41.767473 ], [ -87.696652, 41.76744 ], [ -87.696616, 41.767374 ], [ -87.696615, 41.767264 ], [ -87.696674, 41.767182 ], [ -87.696799, 41.767154 ], [ -87.696989, 41.767017 ], [ -87.697239, 41.766325 ], [ -87.697261, 41.76629 ], [ -87.697349, 41.766155 ], [ -87.697532, 41.766166 ], [ -87.69795, 41.766228 ], [ -87.698009, 41.766237 ], [ -87.698295, 41.766226 ], [ -87.698522, 41.766182 ], [ -87.698705, 41.766188 ], [ -87.698895, 41.766231 ], [ -87.699116, 41.766281 ], [ -87.699344, 41.766297 ], [ -87.699673, 41.76627 ], [ -87.699835, 41.766237 ], [ -87.70004, 41.76616 ], [ -87.700429, 41.766072 ], [ -87.700561, 41.766094 ], [ -87.700671, 41.766154 ], [ -87.700803, 41.766363 ], [ -87.700862, 41.766725 ] ] ], [ [ [ -87.708107, 41.76634 ], [ -87.708448, 41.766331 ], [ -87.708562, 41.766329 ], [ -87.708987, 41.766175 ], [ -87.709053, 41.76623 ], [ -87.709127, 41.766411 ], [ -87.709149, 41.766565 ], [ -87.709083, 41.76679 ], [ -87.709149, 41.766971 ], [ -87.709193, 41.767202 ], [ -87.709098, 41.76735 ], [ -87.708997, 41.767428 ], [ -87.708724, 41.767641 ], [ -87.708666, 41.767945 ], [ -87.708636, 41.768102 ], [ -87.708643, 41.768353 ], [ -87.708651, 41.768613 ], [ -87.708724, 41.768926 ], [ -87.708622, 41.769151 ], [ -87.708336, 41.769266 ], [ -87.708236, 41.769273 ], [ -87.708116, 41.769283 ], [ -87.707825, 41.769283 ], [ -87.707778, 41.769283 ], [ -87.70739, 41.769321 ], [ -87.706906, 41.769623 ], [ -87.706871, 41.769632 ], [ -87.706576, 41.769711 ], [ -87.706436, 41.769827 ], [ -87.706312, 41.769876 ], [ -87.706143, 41.769854 ], [ -87.705754, 41.769657 ], [ -87.705527, 41.769651 ], [ -87.705087, 41.769739 ], [ -87.704911, 41.769832 ], [ -87.704493, 41.769898 ], [ -87.704119, 41.769898 ], [ -87.703891, 41.769914 ], [ -87.703803, 41.769921 ], [ -87.703393, 41.77003 ], [ -87.703011, 41.770283 ], [ -87.70294, 41.770285 ], [ -87.702813, 41.770288 ], [ -87.702615, 41.770316 ], [ -87.702351, 41.77031 ], [ -87.702312, 41.770286 ], [ -87.702234, 41.770239 ], [ -87.701948, 41.769762 ], [ -87.701654, 41.769405 ], [ -87.701486, 41.768839 ], [ -87.70139, 41.768653 ], [ -87.701111, 41.768109 ], [ -87.701118, 41.768086 ], [ -87.701155, 41.767955 ], [ -87.701221, 41.767829 ], [ -87.701229, 41.767675 ], [ -87.701192, 41.767604 ], [ -87.701174, 41.767442 ], [ -87.70117, 41.767401 ], [ -87.701331, 41.766753 ], [ -87.701448, 41.766462 ], [ -87.701522, 41.766193 ], [ -87.701624, 41.766077 ], [ -87.701844, 41.766039 ], [ -87.702145, 41.766044 ], [ -87.702189, 41.766037 ], [ -87.702497, 41.765989 ], [ -87.702622, 41.765929 ], [ -87.702846, 41.765904 ], [ -87.702959, 41.765891 ], [ -87.703128, 41.765797 ], [ -87.703238, 41.765792 ], [ -87.703744, 41.765912 ], [ -87.703824, 41.765917 ], [ -87.704154, 41.76594 ], [ -87.704572, 41.76611 ], [ -87.705159, 41.76617 ], [ -87.705445, 41.766231 ], [ -87.705819, 41.766412 ], [ -87.706017, 41.766467 ], [ -87.706245, 41.766478 ], [ -87.706758, 41.766406 ], [ -87.706782, 41.766407 ], [ -87.707396, 41.766439 ], [ -87.707733, 41.766406 ], [ -87.707797, 41.766395 ], [ -87.708107, 41.76634 ] ] ], [ [ [ -87.937063, 42.000843 ], [ -87.9353, 42.000884 ], [ -87.935217, 42.000886 ], [ -87.93522, 42.000936 ], [ -87.935227, 42.001083 ], [ -87.935277, 42.003562 ], [ -87.935305, 42.003819 ], [ -87.9353, 42.004229 ], [ -87.935287, 42.00546 ], [ -87.935283, 42.005871 ], [ -87.935268, 42.006328 ], [ -87.935225, 42.007701 ], [ -87.935212, 42.008159 ], [ -87.935103, 42.00816 ], [ -87.934778, 42.008163 ], [ -87.93467, 42.008165 ], [ -87.934386, 42.008168 ], [ -87.933561, 42.00818 ], [ -87.933506, 42.005583 ], [ -87.933316, 42.005558 ], [ -87.933071, 42.005506 ], [ -87.933069, 42.00542 ], [ -87.931031, 42.005131 ], [ -87.93069, 42.005089 ], [ -87.930524, 42.005057 ], [ -87.930334, 42.00498 ], [ -87.930158, 42.004835 ], [ -87.929622, 42.004891 ], [ -87.929601, 42.004889 ], [ -87.929418, 42.004854 ], [ -87.929315, 42.004924 ], [ -87.929219, 42.004991 ], [ -87.929157, 42.005028 ], [ -87.925448, 42.007269 ], [ -87.924688, 42.006943 ], [ -87.924395, 42.006818 ], [ -87.923337, 42.006364 ], [ -87.9228, 42.006135 ], [ -87.920838, 42.003945 ], [ -87.920821, 42.003949 ], [ -87.92077, 42.003963 ], [ -87.920754, 42.003968 ], [ -87.920692, 42.004245 ], [ -87.920628, 42.004532 ], [ -87.920559, 42.004835 ], [ -87.920505, 42.005077 ], [ -87.918995, 42.00508 ], [ -87.918415, 42.005084 ], [ -87.915263, 42.005102 ], [ -87.91374, 42.005114 ], [ -87.91375, 42.00813 ], [ -87.913773, 42.008701 ], [ -87.913383, 42.008714 ], [ -87.912915, 42.00873 ], [ -87.912925, 42.008137 ], [ -87.912956, 42.00636 ], [ -87.91296, 42.006163 ], [ -87.912566, 42.006129 ], [ -87.912666, 42.005129 ], [ -87.911266, 42.005129 ], [ -87.910753, 42.005116 ], [ -87.909082, 42.005179 ], [ -87.908897, 42.005195 ], [ -87.908714, 42.005211 ], [ -87.908274, 42.005227 ], [ -87.907856, 42.005244 ], [ -87.907714, 42.008919 ], [ -87.907704, 42.009187 ], [ -87.906593, 42.009215 ], [ -87.906084, 42.008978 ], [ -87.905901, 42.008985 ], [ -87.905638, 42.008992 ], [ -87.90512, 42.009008 ], [ -87.904825, 42.009017 ], [ -87.904668, 42.009022 ], [ -87.90451, 42.009026 ], [ -87.904493, 42.009034 ], [ -87.904346, 42.009031 ], [ -87.904181, 42.009036 ], [ -87.903964, 42.008978 ], [ -87.903878, 42.008954 ], [ -87.903778, 42.008921 ], [ -87.90288, 42.00895 ], [ -87.902736, 42.008955 ], [ -87.902679, 42.008628 ], [ -87.902662, 42.008528 ], [ -87.902002, 42.008351 ], [ -87.900396, 42.007925 ], [ -87.899744, 42.007749 ], [ -87.899723, 42.007653 ], [ -87.899626, 42.0072 ], [ -87.897972, 42.006646 ], [ -87.896957, 42.006128 ], [ -87.896381, 42.005758 ], [ -87.896386, 42.005357 ], [ -87.895932, 42.00535 ], [ -87.895918, 42.005888 ], [ -87.895451, 42.005663 ], [ -87.894682, 42.005687 ], [ -87.894475, 42.005694 ], [ -87.894253, 42.005701 ], [ -87.894201, 42.005703 ], [ -87.894149, 42.005705 ], [ -87.894072, 42.005708 ], [ -87.894072, 42.005619 ], [ -87.894074, 42.005509 ], [ -87.894071, 42.005412 ], [ -87.894066, 42.004612 ], [ -87.894067, 42.004268 ], [ -87.894072, 42.003953 ], [ -87.894085, 42.003563 ], [ -87.894118, 42.00312 ], [ -87.894118, 42.002888 ], [ -87.893488, 42.002899 ], [ -87.893473, 42.003273 ], [ -87.893127, 42.003284 ], [ -87.893127, 42.004172 ], [ -87.89187, 42.004102 ], [ -87.890015, 42.003326 ], [ -87.890112, 42.002483 ], [ -87.890131, 42.00232 ], [ -87.893082, 42.002252 ], [ -87.894121, 42.002229 ], [ -87.894169, 42.002229 ], [ -87.894316, 42.002229 ], [ -87.894365, 42.002229 ], [ -87.896044, 42.00227 ], [ -87.89603, 42.001837 ], [ -87.896007, 42.001491 ], [ -87.895965, 42.000429 ], [ -87.895964, 42.000339 ], [ -87.895964, 42.000298 ], [ -87.895966, 42.000229 ], [ -87.89597, 42.000034 ], [ -87.89556, 42.00001 ], [ -87.894721, 41.999962 ], [ -87.89354, 41.999894 ], [ -87.892867, 41.999856 ], [ -87.892826, 41.99984 ], [ -87.892705, 41.999801 ], [ -87.89258, 41.999766 ], [ -87.892448, 41.999736 ], [ -87.892298, 41.999708 ], [ -87.891225, 41.999571 ], [ -87.891195, 41.999566 ], [ -87.889383, 41.999288 ], [ -87.889076, 41.999238 ], [ -87.888677, 41.99915 ], [ -87.88806, 41.999014 ], [ -87.887443, 41.998877 ], [ -87.886189, 41.9986 ], [ -87.885016, 41.998341 ], [ -87.884531, 41.998223 ], [ -87.884493, 41.997971 ], [ -87.884506, 41.997871 ], [ -87.884509, 41.997607 ], [ -87.884523, 41.996468 ], [ -87.884513, 41.995969 ], [ -87.884519, 41.99575 ], [ -87.884534, 41.995253 ], [ -87.884532, 41.995132 ], [ -87.883706, 41.995156 ], [ -87.881231, 41.99523 ], [ -87.880406, 41.995255 ], [ -87.880344, 41.995251 ], [ -87.880159, 41.99524 ], [ -87.880098, 41.995237 ], [ -87.879838, 41.994482 ], [ -87.879058, 41.992218 ], [ -87.878799, 41.991464 ], [ -87.878734, 41.991287 ], [ -87.878541, 41.990759 ], [ -87.878477, 41.990583 ], [ -87.878287, 41.990041 ], [ -87.877896, 41.988921 ], [ -87.877681, 41.98843 ], [ -87.877452, 41.987905 ], [ -87.877347, 41.987665 ], [ -87.877242, 41.987425 ], [ -87.877228, 41.987394 ], [ -87.877204, 41.987337 ], [ -87.876558, 41.98586 ], [ -87.876365, 41.985417 ], [ -87.876333, 41.985351 ], [ -87.875983, 41.985368 ], [ -87.87586, 41.985114 ], [ -87.875873, 41.984752 ], [ -87.875962, 41.982651 ], [ -87.875854, 41.982376 ], [ -87.875832, 41.982313 ], [ -87.87581, 41.98225 ], [ -87.875788, 41.982185 ], [ -87.875766, 41.98212 ], [ -87.875706, 41.981948 ], [ -87.87544, 41.98118 ], [ -87.875262, 41.980667 ], [ -87.875115, 41.98024 ], [ -87.874851, 41.979538 ], [ -87.874062, 41.977432 ], [ -87.873799, 41.97673 ], [ -87.875335, 41.976722 ], [ -87.875767, 41.97672 ], [ -87.87579, 41.976211 ], [ -87.875791, 41.976195 ], [ -87.87581, 41.975806 ], [ -87.87585, 41.974976 ], [ -87.875873, 41.974001 ], [ -87.875791, 41.974 ], [ -87.874442, 41.973992 ], [ -87.87439, 41.973992 ], [ -87.872906, 41.973984 ], [ -87.872854, 41.973979 ], [ -87.872698, 41.973966 ], [ -87.872646, 41.973962 ], [ -87.87231, 41.973969 ], [ -87.871303, 41.973993 ], [ -87.870968, 41.974001 ], [ -87.870704, 41.974006 ], [ -87.869913, 41.974025 ], [ -87.86965, 41.974032 ], [ -87.869602, 41.974027 ], [ -87.869461, 41.974014 ], [ -87.869414, 41.97401 ], [ -87.869306, 41.974 ], [ -87.869252, 41.973994 ], [ -87.869197, 41.973989 ], [ -87.86911, 41.97398 ], [ -87.869022, 41.973972 ], [ -87.86878, 41.973948 ], [ -87.868606, 41.973932 ], [ -87.868517, 41.973911 ], [ -87.868251, 41.97385 ], [ -87.868163, 41.97383 ], [ -87.867897, 41.973874 ], [ -87.867563, 41.97393 ], [ -87.867411, 41.973932 ], [ -87.866958, 41.973941 ], [ -87.866807, 41.973944 ], [ -87.866783, 41.973917 ], [ -87.866746, 41.973875 ], [ -87.866782, 41.973841 ], [ -87.866808, 41.973817 ], [ -87.866539, 41.97384 ], [ -87.865733, 41.973914 ], [ -87.865465, 41.973938 ], [ -87.865463, 41.973891 ], [ -87.86519, 41.97389 ], [ -87.865145, 41.97389 ], [ -87.86446, 41.973891 ], [ -87.864219, 41.973892 ], [ -87.864094, 41.9739 ], [ -87.863912, 41.973912 ], [ -87.862809, 41.97399 ], [ -87.862442, 41.974016 ], [ -87.862352, 41.973985 ], [ -87.862276, 41.973959 ], [ -87.862111, 41.973902 ], [ -87.862085, 41.973893 ], [ -87.861996, 41.973862 ], [ -87.862004, 41.973908 ], [ -87.862022, 41.973977 ], [ -87.862047, 41.974118 ], [ -87.862025, 41.974575 ], [ -87.862024, 41.974599 ], [ -87.861932, 41.975161 ], [ -87.861899, 41.975228 ], [ -87.861812, 41.975432 ], [ -87.861721, 41.975597 ], [ -87.861654, 41.97573 ], [ -87.861595, 41.975828 ], [ -87.861543, 41.975889 ], [ -87.8612, 41.976235 ], [ -87.861108, 41.976317 ], [ -87.861041, 41.976369 ], [ -87.861006, 41.976392 ], [ -87.860617, 41.976663 ], [ -87.860519, 41.976742 ], [ -87.860431, 41.976822 ], [ -87.860396, 41.976853 ], [ -87.859997, 41.977184 ], [ -87.859882, 41.97728 ], [ -87.859703, 41.977492 ], [ -87.85958, 41.977646 ], [ -87.859379, 41.9778 ], [ -87.859285, 41.977882 ], [ -87.859118, 41.978012 ], [ -87.858929, 41.978174 ], [ -87.858763, 41.978336 ], [ -87.858436, 41.978658 ], [ -87.858358, 41.97873 ], [ -87.858165, 41.978909 ], [ -87.85804, 41.979018 ], [ -87.857936, 41.97912 ], [ -87.857925, 41.979132 ], [ -87.857585, 41.979433 ], [ -87.857434, 41.979572 ], [ -87.857046, 41.979891 ], [ -87.856799, 41.980061 ], [ -87.856603, 41.980209 ], [ -87.856529, 41.980266 ], [ -87.856455, 41.980312 ], [ -87.856366, 41.980397 ], [ -87.856214, 41.980579 ], [ -87.856193, 41.980605 ], [ -87.856117, 41.980703 ], [ -87.855887, 41.981095 ], [ -87.855851, 41.981159 ], [ -87.855833, 41.981194 ], [ -87.855763, 41.981401 ], [ -87.855746, 41.981471 ], [ -87.855731, 41.981755 ], [ -87.855741, 41.981862 ], [ -87.85578, 41.982038 ], [ -87.855814, 41.982142 ], [ -87.855899, 41.982309 ], [ -87.856007, 41.982507 ], [ -87.856138, 41.982775 ], [ -87.856182, 41.98295 ], [ -87.856189, 41.983002 ], [ -87.856202, 41.983093 ], [ -87.856217, 41.983163 ], [ -87.856258, 41.983302 ], [ -87.856296, 41.983413 ], [ -87.856333, 41.98352 ], [ -87.856369, 41.983628 ], [ -87.856376, 41.983648 ], [ -87.856442, 41.983783 ], [ -87.856619, 41.984191 ], [ -87.856648, 41.984301 ], [ -87.856653, 41.984315 ], [ -87.856656, 41.984329 ], [ -87.856693, 41.98447 ], [ -87.856708, 41.984541 ], [ -87.856727, 41.984781 ], [ -87.856704, 41.984942 ], [ -87.856686, 41.985069 ], [ -87.856677, 41.985136 ], [ -87.856664, 41.985176 ], [ -87.856643, 41.985242 ], [ -87.856592, 41.985401 ], [ -87.85658, 41.985438 ], [ -87.856541, 41.985561 ], [ -87.856488, 41.985725 ], [ -87.856456, 41.985814 ], [ -87.856415, 41.985932 ], [ -87.856252, 41.986343 ], [ -87.856147, 41.986552 ], [ -87.856028, 41.986792 ], [ -87.855901, 41.987046 ], [ -87.855808, 41.987248 ], [ -87.855675, 41.987516 ], [ -87.855547, 41.98786 ], [ -87.855514, 41.987964 ], [ -87.855513, 41.988 ], [ -87.855503, 41.988092 ], [ -87.855506, 41.988128 ], [ -87.855544, 41.988231 ], [ -87.855617, 41.9884 ], [ -87.855628, 41.988435 ], [ -87.85564, 41.988506 ], [ -87.85573, 41.98882 ], [ -87.855812, 41.988988 ], [ -87.855851, 41.989057 ], [ -87.855725, 41.989016 ], [ -87.855599, 41.988975 ], [ -87.855531, 41.988953 ], [ -87.85483, 41.98876 ], [ -87.854732, 41.988741 ], [ -87.854607, 41.988718 ], [ -87.854132, 41.98865 ], [ -87.853858, 41.988616 ], [ -87.853425, 41.98859 ], [ -87.853168, 41.988577 ], [ -87.85273, 41.988561 ], [ -87.851768, 41.98852 ], [ -87.851327, 41.988492 ], [ -87.851257, 41.988485 ], [ -87.850702, 41.988438 ], [ -87.8501, 41.988372 ], [ -87.849987, 41.988357 ], [ -87.849649, 41.988313 ], [ -87.849537, 41.988299 ], [ -87.848382, 41.988131 ], [ -87.84736, 41.987976 ], [ -87.846529, 41.987853 ], [ -87.845762, 41.987739 ], [ -87.845053, 41.987634 ], [ -87.844998, 41.987623 ], [ -87.844733, 41.98757 ], [ -87.844404, 41.987521 ], [ -87.84425, 41.987507 ], [ -87.844171, 41.987496 ], [ -87.843946, 41.987471 ], [ -87.843204, 41.987361 ], [ -87.842708, 41.987284 ], [ -87.841946, 41.987167 ], [ -87.841792, 41.987142 ], [ -87.841742, 41.987135 ], [ -87.84133, 41.987075 ], [ -87.841176, 41.987053 ], [ -87.840263, 41.98692 ], [ -87.838925, 41.986727 ], [ -87.838442, 41.986648 ], [ -87.837867, 41.986552 ], [ -87.837529, 41.986502 ], [ -87.837472, 41.986494 ], [ -87.837362, 41.986473 ], [ -87.836941, 41.986417 ], [ -87.836757, 41.986384 ], [ -87.836618, 41.986365 ], [ -87.8365, 41.986351 ], [ -87.836302, 41.986328 ], [ -87.836149, 41.986306 ], [ -87.836032, 41.98629 ], [ -87.835873, 41.986267 ], [ -87.835399, 41.986201 ], [ -87.835241, 41.986179 ], [ -87.834993, 41.986144 ], [ -87.834745, 41.98611 ], [ -87.834382, 41.986061 ], [ -87.834263, 41.986044 ], [ -87.834019, 41.986012 ], [ -87.833962, 41.986004 ], [ -87.833791, 41.985983 ], [ -87.833735, 41.985976 ], [ -87.833555, 41.985953 ], [ -87.833017, 41.985885 ], [ -87.832838, 41.985863 ], [ -87.832593, 41.985824 ], [ -87.83209, 41.985745 ], [ -87.831859, 41.985712 ], [ -87.831615, 41.985677 ], [ -87.831369, 41.985642 ], [ -87.830631, 41.985537 ], [ -87.830385, 41.985503 ], [ -87.830141, 41.985468 ], [ -87.829412, 41.985365 ], [ -87.829169, 41.985331 ], [ -87.828924, 41.985295 ], [ -87.828189, 41.98519 ], [ -87.827945, 41.985155 ], [ -87.8277, 41.98512 ], [ -87.827684, 41.985118 ], [ -87.827424, 41.98508 ], [ -87.827073, 41.98503 ], [ -87.826966, 41.985015 ], [ -87.826722, 41.984981 ], [ -87.826478, 41.984946 ], [ -87.825747, 41.984841 ], [ -87.825504, 41.984807 ], [ -87.82526, 41.984772 ], [ -87.824945, 41.984727 ], [ -87.824531, 41.98467 ], [ -87.824288, 41.984638 ], [ -87.824225, 41.984629 ], [ -87.824036, 41.984604 ], [ -87.823974, 41.984596 ], [ -87.823924, 41.984589 ], [ -87.823844, 41.984576 ], [ -87.823735, 41.98456 ], [ -87.823456, 41.984525 ], [ -87.823327, 41.984509 ], [ -87.82331, 41.984631 ], [ -87.82326, 41.984999 ], [ -87.823244, 41.985122 ], [ -87.823225, 41.985256 ], [ -87.82317, 41.985661 ], [ -87.823152, 41.985796 ], [ -87.823129, 41.98597 ], [ -87.823124, 41.98601 ], [ -87.823097, 41.986224 ], [ -87.823067, 41.986446 ], [ -87.82306, 41.986492 ], [ -87.823036, 41.986667 ], [ -87.823016, 41.986821 ], [ -87.822996, 41.986964 ], [ -87.822977, 41.987107 ], [ -87.822947, 41.987329 ], [ -87.822936, 41.987404 ], [ -87.822917, 41.98755 ], [ -87.822875, 41.987858 ], [ -87.822751, 41.988785 ], [ -87.82271, 41.989094 ], [ -87.822679, 41.989318 ], [ -87.822587, 41.989993 ], [ -87.822557, 41.990218 ], [ -87.822537, 41.990364 ], [ -87.822478, 41.990805 ], [ -87.822459, 41.990952 ], [ -87.822437, 41.991111 ], [ -87.822371, 41.991591 ], [ -87.82235, 41.991751 ], [ -87.822323, 41.991941 ], [ -87.822244, 41.992513 ], [ -87.822219, 41.992704 ], [ -87.822202, 41.992831 ], [ -87.822152, 41.993211 ], [ -87.822128, 41.993342 ], [ -87.822072, 41.993669 ], [ -87.821905, 41.994653 ], [ -87.82185, 41.994981 ], [ -87.821823, 41.995164 ], [ -87.821818, 41.995204 ], [ -87.821715, 41.995706 ], [ -87.821666, 41.99589 ], [ -87.821619, 41.996083 ], [ -87.821609, 41.996126 ], [ -87.821465, 41.996659 ], [ -87.821414, 41.996851 ], [ -87.821404, 41.996922 ], [ -87.821403, 41.996993 ], [ -87.821403, 41.997424 ], [ -87.821403, 41.997568 ], [ -87.821401, 41.997786 ], [ -87.8214, 41.997966 ], [ -87.821397, 41.998364 ], [ -87.821396, 41.998443 ], [ -87.821396, 41.998514 ], [ -87.821396, 41.998663 ], [ -87.821395, 41.998748 ], [ -87.821393, 41.999006 ], [ -87.821393, 41.999092 ], [ -87.82139, 41.99937 ], [ -87.82139, 41.99947 ], [ -87.821386, 41.999849 ], [ -87.821384, 42.000166 ], [ -87.821383, 42.000204 ], [ -87.821381, 42.000483 ], [ -87.821381, 42.000546 ], [ -87.821374, 42.000625 ], [ -87.821371, 42.000703 ], [ -87.82137, 42.000774 ], [ -87.821366, 42.000924 ], [ -87.821366, 42.000938 ], [ -87.821367, 42.001017 ], [ -87.821365, 42.00109 ], [ -87.821361, 42.001312 ], [ -87.821361, 42.001386 ], [ -87.82136, 42.00148 ], [ -87.821357, 42.001765 ], [ -87.821357, 42.00186 ], [ -87.821356, 42.00195 ], [ -87.821354, 42.002222 ], [ -87.821354, 42.002313 ], [ -87.821352, 42.002406 ], [ -87.821351, 42.002525 ], [ -87.821349, 42.002688 ], [ -87.821349, 42.002737 ], [ -87.821348, 42.002782 ], [ -87.821347, 42.002861 ], [ -87.821344, 42.003097 ], [ -87.821344, 42.003177 ], [ -87.821344, 42.003232 ], [ -87.821342, 42.003345 ], [ -87.821342, 42.003424 ], [ -87.82134, 42.003617 ], [ -87.821336, 42.003851 ], [ -87.821334, 42.004005 ], [ -87.82133, 42.004019 ], [ -87.821325, 42.004254 ], [ -87.821325, 42.004286 ], [ -87.821325, 42.004391 ], [ -87.821322, 42.004539 ], [ -87.821324, 42.005143 ], [ -87.821323, 42.0053 ], [ -87.821321, 42.006049 ], [ -87.821495, 42.006159 ], [ -87.82132, 42.006319 ], [ -87.821319, 42.006697 ], [ -87.821553, 42.006845 ], [ -87.821318, 42.007061 ], [ -87.821116, 42.007225 ], [ -87.821149, 42.007247 ], [ -87.821318, 42.007354 ], [ -87.821318, 42.007481 ], [ -87.821307, 42.007543 ], [ -87.821305, 42.007707 ], [ -87.821305, 42.007792 ], [ -87.8213, 42.008134 ], [ -87.821294, 42.008505 ], [ -87.821282, 42.009316 ], [ -87.821277, 42.009513 ], [ -87.821266, 42.010157 ], [ -87.821261, 42.010643 ], [ -87.82126, 42.010757 ], [ -87.821253, 42.011357 ], [ -87.821138, 42.011359 ], [ -87.820796, 42.011364 ], [ -87.820682, 42.011367 ], [ -87.820543, 42.011369 ], [ -87.820126, 42.011377 ], [ -87.819988, 42.01138 ], [ -87.819863, 42.011382 ], [ -87.819731, 42.011384 ], [ -87.819739, 42.011735 ], [ -87.819741, 42.011934 ], [ -87.820017, 42.011935 ], [ -87.820059, 42.012181 ], [ -87.820078, 42.012294 ], [ -87.820083, 42.012475 ], [ -87.820092, 42.012747 ], [ -87.820087, 42.013019 ], [ -87.820084, 42.013201 ], [ -87.820082, 42.013382 ], [ -87.820082, 42.013428 ], [ -87.820081, 42.013655 ], [ -87.820078, 42.013882 ], [ -87.820077, 42.013928 ], [ -87.820074, 42.01411 ], [ -87.82007, 42.015015 ], [ -87.820066, 42.015546 ], [ -87.820651, 42.015536 ], [ -87.821224, 42.015521 ], [ -87.821222, 42.017228 ], [ -87.821213, 42.01864 ], [ -87.820834, 42.01865 ], [ -87.820627, 42.018656 ], [ -87.820254, 42.018664 ], [ -87.819137, 42.018689 ], [ -87.818765, 42.018698 ], [ -87.81852, 42.018703 ], [ -87.817789, 42.01872 ], [ -87.817545, 42.018726 ], [ -87.817405, 42.01873 ], [ -87.817301, 42.018731 ], [ -87.81657, 42.018744 ], [ -87.816327, 42.018749 ], [ -87.816082, 42.018753 ], [ -87.815347, 42.018769 ], [ -87.815103, 42.018774 ], [ -87.814858, 42.018779 ], [ -87.814125, 42.018796 ], [ -87.813881, 42.018802 ], [ -87.813636, 42.018807 ], [ -87.812902, 42.018823 ], [ -87.812658, 42.018829 ], [ -87.812413, 42.018833 ], [ -87.811681, 42.018849 ], [ -87.811437, 42.018855 ], [ -87.811192, 42.01886 ], [ -87.810458, 42.018876 ], [ -87.810214, 42.018882 ], [ -87.809969, 42.018887 ], [ -87.809235, 42.018904 ], [ -87.808991, 42.01891 ], [ -87.808746, 42.018914 ], [ -87.808012, 42.01893 ], [ -87.807958, 42.018932 ], [ -87.807768, 42.018939 ], [ -87.807754, 42.01893 ], [ -87.80757, 42.018946 ], [ -87.807365, 42.018952 ], [ -87.807298, 42.018955 ], [ -87.806751, 42.018962 ], [ -87.806547, 42.018965 ], [ -87.806551, 42.018736 ], [ -87.806555, 42.01851 ], [ -87.806559, 42.018166 ], [ -87.80656, 42.01805 ], [ -87.806564, 42.017822 ], [ -87.806565, 42.017687 ], [ -87.80657, 42.017285 ], [ -87.806572, 42.017151 ], [ -87.806572, 42.017081 ], [ -87.806573, 42.017011 ], [ -87.806575, 42.016788 ], [ -87.806583, 42.016174 ], [ -87.806588, 42.015699 ], [ -87.806593, 42.015337 ], [ -87.806597, 42.014974 ], [ -87.806612, 42.013888 ], [ -87.806615, 42.013676 ], [ -87.806609, 42.013527 ], [ -87.806605, 42.013435 ], [ -87.806618, 42.013265 ], [ -87.806619, 42.013164 ], [ -87.806633, 42.012075 ], [ -87.806638, 42.011713 ], [ -87.806639, 42.011533 ], [ -87.806645, 42.010994 ], [ -87.806647, 42.010815 ], [ -87.806651, 42.010452 ], [ -87.806654, 42.010189 ], [ -87.806661, 42.009564 ], [ -87.806663, 42.009364 ], [ -87.806665, 42.009283 ], [ -87.806669, 42.009002 ], [ -87.806669, 42.00882 ], [ -87.80667, 42.008774 ], [ -87.806672, 42.008545 ], [ -87.806674, 42.008319 ], [ -87.806674, 42.008274 ], [ -87.806676, 42.008093 ], [ -87.806678, 42.007912 ], [ -87.806679, 42.007864 ], [ -87.806682, 42.007636 ], [ -87.806684, 42.007412 ], [ -87.806684, 42.007369 ], [ -87.806687, 42.007189 ], [ -87.806689, 42.007014 ], [ -87.80669, 42.006971 ], [ -87.806692, 42.006753 ], [ -87.806695, 42.006536 ], [ -87.806695, 42.006492 ], [ -87.806698, 42.006318 ], [ -87.806699, 42.00613 ], [ -87.8067, 42.006083 ], [ -87.806702, 42.005848 ], [ -87.806705, 42.005567 ], [ -87.806708, 42.005406 ], [ -87.806708, 42.00538 ], [ -87.806709, 42.005198 ], [ -87.806716, 42.004655 ], [ -87.806718, 42.004474 ], [ -87.806722, 42.004112 ], [ -87.806734, 42.003026 ], [ -87.806738, 42.002664 ], [ -87.806741, 42.002301 ], [ -87.80675, 42.001505 ], [ -87.80484, 42.001478 ], [ -87.804684, 42.0015 ], [ -87.804572, 42.001501 ], [ -87.804239, 42.001506 ], [ -87.804128, 42.001508 ], [ -87.803887, 42.001511 ], [ -87.803832, 42.001512 ], [ -87.803535, 42.001515 ], [ -87.803231, 42.001518 ], [ -87.803167, 42.001518 ], [ -87.802927, 42.001522 ], [ -87.802684, 42.001525 ], [ -87.802627, 42.001526 ], [ -87.802327, 42.001529 ], [ -87.80202, 42.001532 ], [ -87.801955, 42.001532 ], [ -87.801713, 42.001536 ], [ -87.801194, 42.001539 ], [ -87.801103, 42.00154 ], [ -87.799814, 42.001529 ], [ -87.799689, 42.000936 ], [ -87.799481, 41.999985 ], [ -87.799227, 41.999987 ], [ -87.799125, 41.999988 ], [ -87.798769, 41.999992 ], [ -87.798491, 41.999995 ], [ -87.798466, 41.999995 ], [ -87.798213, 41.999998 ], [ -87.797998, 41.999999 ], [ -87.797955, 42.0 ], [ -87.797697, 42.000002 ], [ -87.797419, 42.000004 ], [ -87.797356, 42.000004 ], [ -87.797126, 42.000005 ], [ -87.797126, 42.000051 ], [ -87.797125, 42.000189 ], [ -87.797124, 42.000499 ], [ -87.797124, 42.00072 ], [ -87.797124, 42.000752 ], [ -87.797124, 42.00094 ], [ -87.796809, 42.000941 ], [ -87.795867, 42.000948 ], [ -87.795553, 42.00095 ], [ -87.79523, 42.000952 ], [ -87.794262, 42.000959 ], [ -87.79394, 42.000962 ], [ -87.793611, 42.000963 ], [ -87.793537, 42.000964 ], [ -87.793134, 42.000966 ], [ -87.792715, 42.000968 ], [ -87.792624, 42.000968 ], [ -87.792296, 42.000971 ], [ -87.792069, 42.000972 ], [ -87.79202, 42.000973 ], [ -87.791743, 42.000975 ], [ -87.791454, 42.000978 ], [ -87.791392, 42.000978 ], [ -87.791166, 42.00098 ], [ -87.791086, 42.00089 ], [ -87.790846, 42.00062 ], [ -87.790766, 42.000531 ], [ -87.790653, 42.000575 ], [ -87.79052, 42.000629 ], [ -87.790317, 42.000708 ], [ -87.790274, 42.000726 ], [ -87.790205, 42.000753 ], [ -87.790147, 42.000783 ], [ -87.788627, 42.001582 ], [ -87.786909, 42.002488 ], [ -87.786563, 42.002632 ], [ -87.78614, 42.002807 ], [ -87.783765, 42.003793 ], [ -87.782714, 42.00423 ], [ -87.782215, 42.004637 ], [ -87.782236, 42.00465 ], [ -87.782263, 42.00467 ], [ -87.782404, 42.004778 ], [ -87.782451, 42.004815 ], [ -87.782551, 42.004894 ], [ -87.782613, 42.004948 ], [ -87.782769, 42.005085 ], [ -87.782981, 42.005294 ], [ -87.783025, 42.005341 ], [ -87.783066, 42.005386 ], [ -87.783208, 42.005542 ], [ -87.783502, 42.005886 ], [ -87.784385, 42.00692 ], [ -87.784597, 42.007169 ], [ -87.78468, 42.007265 ], [ -87.784904, 42.007527 ], [ -87.784997, 42.007635 ], [ -87.785576, 42.008313 ], [ -87.785801, 42.008575 ], [ -87.785872, 42.008659 ], [ -87.786087, 42.008912 ], [ -87.786159, 42.008997 ], [ -87.786343, 42.009212 ], [ -87.786897, 42.00986 ], [ -87.787082, 42.010076 ], [ -87.78741, 42.01046 ], [ -87.788394, 42.011612 ], [ -87.788723, 42.011997 ], [ -87.788323, 42.012001 ], [ -87.787786, 42.012008 ], [ -87.787428, 42.011995 ], [ -87.787235, 42.011992 ], [ -87.787125, 42.011992 ], [ -87.786726, 42.011992 ], [ -87.786618, 42.011992 ], [ -87.786249, 42.011994 ], [ -87.78482, 42.012002 ], [ -87.784778, 42.012003 ], [ -87.784344, 42.012003 ], [ -87.784097, 42.012003 ], [ -87.783356, 42.012003 ], [ -87.783109, 42.012003 ], [ -87.782848, 42.012001 ], [ -87.782068, 42.011998 ], [ -87.781809, 42.012003 ], [ -87.781573, 42.012006 ], [ -87.78142, 42.012009 ], [ -87.781088, 42.012008 ], [ -87.780865, 42.012004 ], [ -87.78063, 42.012 ], [ -87.780498, 42.011997 ], [ -87.780367, 42.011995 ], [ -87.780102, 42.011994 ], [ -87.77997, 42.011994 ], [ -87.779788, 42.011993 ], [ -87.779242, 42.011991 ], [ -87.77906, 42.011991 ], [ -87.779064, 42.012604 ], [ -87.779077, 42.014443 ], [ -87.779082, 42.015056 ], [ -87.779118, 42.015539 ], [ -87.779066, 42.015537 ], [ -87.777458, 42.015477 ], [ -87.776922, 42.015457 ], [ -87.776926, 42.014761 ], [ -87.776939, 42.012677 ], [ -87.776944, 42.011982 ], [ -87.776385, 42.011974 ], [ -87.776284, 42.011973 ], [ -87.77471, 42.011965 ], [ -87.774687, 42.011965 ], [ -87.774152, 42.011962 ], [ -87.77399, 42.011959 ], [ -87.773506, 42.011951 ], [ -87.773345, 42.011949 ], [ -87.773224, 42.011693 ], [ -87.773092, 42.011451 ], [ -87.77305, 42.011372 ], [ -87.772385, 42.010102 ], [ -87.772315, 42.009967 ], [ -87.772059, 42.009471 ], [ -87.771981, 42.009321 ], [ -87.771748, 42.008874 ], [ -87.771742, 42.008862 ], [ -87.771674, 42.008724 ], [ -87.77157, 42.008518 ], [ -87.77155, 42.008477 ], [ -87.771389, 42.008179 ], [ -87.77132, 42.00804 ], [ -87.77125, 42.007907 ], [ -87.771143, 42.007704 ], [ -87.771036, 42.007498 ], [ -87.770889, 42.007211 ], [ -87.770717, 42.006881 ], [ -87.770611, 42.006676 ], [ -87.770576, 42.006608 ], [ -87.770471, 42.006407 ], [ -87.770436, 42.006341 ], [ -87.77038, 42.006363 ], [ -87.770212, 42.006428 ], [ -87.770157, 42.006451 ], [ -87.770004, 42.006151 ], [ -87.769545, 42.005253 ], [ -87.769393, 42.004954 ], [ -87.769086, 42.004819 ], [ -87.768879, 42.004729 ], [ -87.768173, 42.004406 ], [ -87.768142, 42.004392 ], [ -87.767872, 42.004261 ], [ -87.767835, 42.004248 ], [ -87.767785, 42.004242 ], [ -87.767741, 42.004237 ], [ -87.767715, 42.00423 ], [ -87.767447, 42.004104 ], [ -87.766849, 42.003823 ], [ -87.766206, 42.003522 ], [ -87.765935, 42.003396 ], [ -87.765795, 42.003325 ], [ -87.765779, 42.003345 ], [ -87.765734, 42.003408 ], [ -87.76572, 42.00343 ], [ -87.765713, 42.003439 ], [ -87.765696, 42.003458 ], [ -87.765625, 42.003544 ], [ -87.765602, 42.003573 ], [ -87.765509, 42.003683 ], [ -87.765481, 42.003718 ], [ -87.766014, 42.003969 ], [ -87.767206, 42.00453 ], [ -87.767349, 42.004597 ], [ -87.767574, 42.004677 ], [ -87.767759, 42.004735 ], [ -87.767718, 42.005405 ], [ -87.767579, 42.007675 ], [ -87.767534, 42.008432 ], [ -87.767479, 42.008442 ], [ -87.76741, 42.008447 ], [ -87.766819, 42.00844 ], [ -87.765752, 42.008428 ], [ -87.765533, 42.008399 ], [ -87.764876, 42.008388 ], [ -87.764794, 42.00841 ], [ -87.764678, 42.008424 ], [ -87.764634, 42.00843 ], [ -87.763963, 42.00843 ], [ -87.763682, 42.00843 ], [ -87.76359, 42.00843 ], [ -87.762839, 42.008423 ], [ -87.762559, 42.008421 ], [ -87.762379, 42.008419 ], [ -87.761842, 42.008414 ], [ -87.761663, 42.008413 ], [ -87.761663, 42.008394 ], [ -87.761663, 42.008338 ], [ -87.761664, 42.00832 ], [ -87.761664, 42.00822 ], [ -87.761665, 42.008193 ], [ -87.761676, 42.007923 ], [ -87.761681, 42.007825 ], [ -87.761684, 42.007725 ], [ -87.761697, 42.007426 ], [ -87.761702, 42.007327 ], [ -87.761709, 42.007138 ], [ -87.761711, 42.007111 ], [ -87.761731, 42.00657 ], [ -87.761734, 42.006513 ], [ -87.76174, 42.006382 ], [ -87.761744, 42.006272 ], [ -87.76176, 42.005945 ], [ -87.761765, 42.005836 ], [ -87.761774, 42.005599 ], [ -87.761792, 42.005191 ], [ -87.761804, 42.004889 ], [ -87.761815, 42.004653 ], [ -87.761822, 42.004462 ], [ -87.761846, 42.003889 ], [ -87.761854, 42.003699 ], [ -87.761858, 42.003543 ], [ -87.761863, 42.003485 ], [ -87.761893, 42.003183 ], [ -87.761931, 42.002848 ], [ -87.761953, 42.002657 ], [ -87.761958, 42.002637 ], [ -87.762005, 42.002453 ], [ -87.762008, 42.002443 ], [ -87.762204, 42.001876 ], [ -87.76227, 42.001687 ], [ -87.761938, 42.001539 ], [ -87.761433, 42.001316 ], [ -87.760947, 42.001088 ], [ -87.760619, 42.000934 ], [ -87.760412, 42.000837 ], [ -87.759792, 42.000549 ], [ -87.759715, 42.000513 ], [ -87.759587, 42.000451 ], [ -87.759381, 42.000354 ], [ -87.759073, 42.000211 ], [ -87.758763, 42.000067 ], [ -87.758558, 41.999972 ], [ -87.758352, 41.999875 ], [ -87.758045, 41.999731 ], [ -87.757736, 41.999586 ], [ -87.757531, 41.99949 ], [ -87.757325, 41.99939 ], [ -87.756709, 41.999091 ], [ -87.75662, 41.999048 ], [ -87.756501, 41.999 ], [ -87.756367, 41.998944 ], [ -87.756291, 41.998909 ], [ -87.755671, 41.99862 ], [ -87.755465, 41.998524 ], [ -87.755259, 41.998428 ], [ -87.754974, 41.998296 ], [ -87.754646, 41.998138 ], [ -87.754443, 41.99804 ], [ -87.753466, 41.997569 ], [ -87.75291, 41.997303 ], [ -87.752881, 41.997303 ], [ -87.752468, 41.997301 ], [ -87.752187, 41.997301 ], [ -87.751926, 41.9973 ], [ -87.751143, 41.997298 ], [ -87.750883, 41.997298 ], [ -87.75075, 41.997297 ], [ -87.750517, 41.997297 ], [ -87.750351, 41.997296 ], [ -87.750219, 41.997296 ], [ -87.750089, 41.997295 ], [ -87.749982, 41.997295 ], [ -87.749672, 41.997293 ], [ -87.749303, 41.997291 ], [ -87.749075, 41.997291 ], [ -87.748928, 41.99729 ], [ -87.748489, 41.997288 ], [ -87.748343, 41.997288 ], [ -87.7481, 41.997287 ], [ -87.747695, 41.997286 ], [ -87.747374, 41.997284 ], [ -87.747133, 41.997283 ], [ -87.74689, 41.997282 ], [ -87.746164, 41.997279 ], [ -87.745922, 41.997278 ], [ -87.745678, 41.997277 ], [ -87.744949, 41.997274 ], [ -87.744706, 41.997274 ], [ -87.744462, 41.997272 ], [ -87.743731, 41.997269 ], [ -87.743488, 41.997268 ], [ -87.743245, 41.997266 ], [ -87.742519, 41.997263 ], [ -87.742277, 41.997263 ], [ -87.742033, 41.997262 ], [ -87.741303, 41.997259 ], [ -87.74106, 41.997258 ], [ -87.740817, 41.997257 ], [ -87.740088, 41.997254 ], [ -87.739846, 41.997253 ], [ -87.739678, 41.997252 ], [ -87.739174, 41.99725 ], [ -87.739007, 41.99725 ], [ -87.738924, 41.997249 ], [ -87.738675, 41.997249 ], [ -87.738593, 41.997249 ], [ -87.738358, 41.997248 ], [ -87.737654, 41.997246 ], [ -87.73742, 41.997246 ], [ -87.737176, 41.997245 ], [ -87.736447, 41.997244 ], [ -87.736204, 41.997244 ], [ -87.735961, 41.997243 ], [ -87.735233, 41.997243 ], [ -87.734991, 41.997243 ], [ -87.734747, 41.997243 ], [ -87.734018, 41.997243 ], [ -87.733775, 41.997243 ], [ -87.733531, 41.997243 ], [ -87.733181, 41.997243 ], [ -87.732802, 41.997243 ], [ -87.732559, 41.997243 ], [ -87.732316, 41.997243 ], [ -87.731587, 41.997245 ], [ -87.731345, 41.997246 ], [ -87.731102, 41.997246 ], [ -87.730373, 41.997249 ], [ -87.730131, 41.99725 ], [ -87.728909, 41.997253 ], [ -87.727363, 41.99725 ], [ -87.727274, 41.99725 ], [ -87.727179, 41.99725 ], [ -87.726629, 41.99725 ], [ -87.726446, 41.99725 ], [ -87.726374, 41.99725 ], [ -87.726161, 41.997251 ], [ -87.726091, 41.997252 ], [ -87.725917, 41.997252 ], [ -87.725395, 41.997254 ], [ -87.725222, 41.997255 ], [ -87.724982, 41.997256 ], [ -87.724263, 41.997258 ], [ -87.724024, 41.99726 ], [ -87.723777, 41.997261 ], [ -87.723036, 41.997264 ], [ -87.722789, 41.997265 ], [ -87.722536, 41.997266 ], [ -87.72178, 41.99727 ], [ -87.721528, 41.997272 ], [ -87.721281, 41.997272 ], [ -87.720543, 41.997276 ], [ -87.720297, 41.997278 ], [ -87.720082, 41.997278 ], [ -87.719437, 41.99728 ], [ -87.719223, 41.997281 ], [ -87.71916, 41.997243 ], [ -87.719152, 41.997232 ], [ -87.719065, 41.997281 ], [ -87.718973, 41.997281 ], [ -87.718698, 41.997281 ], [ -87.718607, 41.997281 ], [ -87.718478, 41.997281 ], [ -87.718092, 41.997282 ], [ -87.717964, 41.997283 ], [ -87.717718, 41.997284 ], [ -87.716983, 41.997287 ], [ -87.716739, 41.997289 ], [ -87.716493, 41.99729 ], [ -87.715756, 41.997295 ], [ -87.715511, 41.997297 ], [ -87.715266, 41.997299 ], [ -87.714531, 41.997306 ], [ -87.714287, 41.997309 ], [ -87.714041, 41.997312 ], [ -87.713305, 41.997323 ], [ -87.71306, 41.997327 ], [ -87.711895, 41.997345 ], [ -87.711796, 41.997347 ], [ -87.711716, 41.997348 ], [ -87.711012, 41.99736 ], [ -87.71079, 41.997364 ], [ -87.71068, 41.997366 ], [ -87.710656, 41.997366 ], [ -87.710521, 41.997369 ], [ -87.710279, 41.997373 ], [ -87.710016, 41.997377 ], [ -87.709881, 41.997379 ], [ -87.709478, 41.997386 ], [ -87.709344, 41.997389 ], [ -87.709347, 41.997753 ], [ -87.709349, 41.997848 ], [ -87.709356, 41.998057 ], [ -87.70936, 41.998848 ], [ -87.709362, 41.999213 ], [ -87.709363, 41.999573 ], [ -87.709367, 42.000653 ], [ -87.709369, 42.001013 ], [ -87.709366, 42.001513 ], [ -87.709366, 42.001742 ], [ -87.709363, 42.002802 ], [ -87.709362, 42.003015 ], [ -87.709362, 42.003792 ], [ -87.709358, 42.003929 ], [ -87.709352, 42.004158 ], [ -87.709347, 42.004658 ], [ -87.709344, 42.004918 ], [ -87.709337, 42.005075 ], [ -87.709327, 42.005323 ], [ -87.7093, 42.006329 ], [ -87.709299, 42.006373 ], [ -87.709289, 42.006747 ], [ -87.70928, 42.007063 ], [ -87.709256, 42.008012 ], [ -87.709252, 42.008176 ], [ -87.709248, 42.008329 ], [ -87.709242, 42.008525 ], [ -87.709227, 42.009116 ], [ -87.709222, 42.009313 ], [ -87.709218, 42.009447 ], [ -87.709207, 42.009853 ], [ -87.709204, 42.009988 ], [ -87.709194, 42.010363 ], [ -87.709191, 42.010499 ], [ -87.70908, 42.011485 ], [ -87.709077, 42.01152 ], [ -87.709067, 42.011777 ], [ -87.709057, 42.011861 ], [ -87.709055, 42.01203 ], [ -87.709054, 42.012336 ], [ -87.709048, 42.012538 ], [ -87.709044, 42.012708 ], [ -87.709042, 42.012767 ], [ -87.709039, 42.012892 ], [ -87.709033, 42.013153 ], [ -87.709021, 42.013401 ], [ -87.709011, 42.013444 ], [ -87.70897, 42.013624 ], [ -87.708953, 42.0137 ], [ -87.708881, 42.013993 ], [ -87.708831, 42.014202 ], [ -87.708788, 42.014398 ], [ -87.708771, 42.014512 ], [ -87.708768, 42.014622 ], [ -87.708755, 42.01512 ], [ -87.708746, 42.0155 ], [ -87.708741, 42.015681 ], [ -87.708735, 42.015956 ], [ -87.708727, 42.016227 ], [ -87.708723, 42.016409 ], [ -87.708719, 42.01659 ], [ -87.708713, 42.016865 ], [ -87.708706, 42.017133 ], [ -87.708702, 42.017315 ], [ -87.708698, 42.017478 ], [ -87.708688, 42.017968 ], [ -87.708685, 42.018132 ], [ -87.708684, 42.01815 ], [ -87.708683, 42.018205 ], [ -87.708683, 42.018224 ], [ -87.708678, 42.018408 ], [ -87.708673, 42.018677 ], [ -87.708666, 42.01896 ], [ -87.708662, 42.019144 ], [ -87.708261, 42.019152 ], [ -87.707061, 42.01918 ], [ -87.706661, 42.019189 ], [ -87.70619, 42.019198 ], [ -87.70478, 42.019229 ], [ -87.704504, 42.019235 ], [ -87.70431, 42.019231 ], [ -87.704143, 42.019227 ], [ -87.703836, 42.019234 ], [ -87.702416, 42.019267 ], [ -87.701943, 42.019278 ], [ -87.701472, 42.019286 ], [ -87.700205, 42.019309 ], [ -87.70006, 42.019312 ], [ -87.69959, 42.019326 ], [ -87.699118, 42.019338 ], [ -87.698782, 42.019347 ], [ -87.697704, 42.019368 ], [ -87.697233, 42.019378 ], [ -87.697076, 42.019381 ], [ -87.696605, 42.019391 ], [ -87.696449, 42.019395 ], [ -87.696134, 42.019401 ], [ -87.695193, 42.019422 ], [ -87.694879, 42.019429 ], [ -87.694564, 42.019435 ], [ -87.693623, 42.019456 ], [ -87.693309, 42.019463 ], [ -87.692714, 42.019476 ], [ -87.692682, 42.019476 ], [ -87.690801, 42.019516 ], [ -87.690782, 42.019517 ], [ -87.690174, 42.019528 ], [ -87.689991, 42.019531 ], [ -87.68993, 42.01953 ], [ -87.689198, 42.019528 ], [ -87.688954, 42.019528 ], [ -87.688884, 42.019527 ], [ -87.688677, 42.019524 ], [ -87.688608, 42.019523 ], [ -87.688433, 42.019521 ], [ -87.687909, 42.019516 ], [ -87.687735, 42.019515 ], [ -87.687489, 42.019513 ], [ -87.686754, 42.019509 ], [ -87.686509, 42.019508 ], [ -87.686137, 42.019505 ], [ -87.685882, 42.019503 ], [ -87.685346, 42.019495 ], [ -87.685024, 42.01949 ], [ -87.684653, 42.019485 ], [ -87.684317, 42.019481 ], [ -87.683901, 42.019477 ], [ -87.683311, 42.019471 ], [ -87.682976, 42.019468 ], [ -87.682811, 42.019467 ], [ -87.682574, 42.019465 ], [ -87.681866, 42.019459 ], [ -87.68163, 42.019457 ], [ -87.681393, 42.019454 ], [ -87.680684, 42.019448 ], [ -87.680448, 42.019447 ], [ -87.680203, 42.019444 ], [ -87.679742, 42.019441 ], [ -87.67947, 42.019439 ], [ -87.679226, 42.019438 ], [ -87.679037, 42.019437 ], [ -87.67883, 42.019435 ], [ -87.678338, 42.019432 ], [ -87.678211, 42.019431 ], [ -87.678005, 42.01943 ], [ -87.67793, 42.019429 ], [ -87.677707, 42.019429 ], [ -87.677633, 42.019429 ], [ -87.676855, 42.019411 ], [ -87.67683, 42.019411 ], [ -87.676745, 42.01941 ], [ -87.67647, 42.019408 ], [ -87.676416, 42.019406 ], [ -87.676307, 42.019403 ], [ -87.67607, 42.019395 ], [ -87.675681, 42.019402 ], [ -87.673978, 42.019395 ], [ -87.673734, 42.019391 ], [ -87.673388, 42.019381 ], [ -87.67331, 42.019387 ], [ -87.67355, 42.019644 ], [ -87.674058, 42.020059 ], [ -87.676342, 42.021928 ], [ -87.677104, 42.022552 ], [ -87.677123, 42.02263 ], [ -87.67718, 42.022864 ], [ -87.677199, 42.022942 ], [ -87.676277, 42.022965 ], [ -87.675968, 42.022974 ], [ -87.672646, 42.022996 ], [ -87.6725, 42.022991 ], [ -87.672306, 42.02299 ], [ -87.671884, 42.022986 ], [ -87.671885, 42.023052 ], [ -87.671169, 42.023042 ], [ -87.671147, 42.023042 ], [ -87.666806, 42.023118 ], [ -87.665857, 42.023135 ], [ -87.665366, 42.023054 ], [ -87.665313, 42.023047 ], [ -87.665156, 42.023026 ], [ -87.665104, 42.023019 ], [ -87.665122, 42.022961 ], [ -87.6651, 42.022774 ], [ -87.664791, 42.02222 ], [ -87.664731, 42.022112 ], [ -87.664636, 42.02194 ], [ -87.664754, 42.021918 ], [ -87.664651, 42.021759 ], [ -87.664578, 42.021748 ], [ -87.664526, 42.021698 ], [ -87.664504, 42.021589 ], [ -87.664452, 42.021479 ], [ -87.664386, 42.021396 ], [ -87.664261, 42.021292 ], [ -87.664055, 42.021347 ], [ -87.66379, 42.02038 ], [ -87.663849, 42.020359 ], [ -87.663842, 42.020216 ], [ -87.664077, 42.020161 ], [ -87.664011, 42.019969 ], [ -87.663857, 42.019524 ], [ -87.66371, 42.019557 ], [ -87.66368, 42.019398 ], [ -87.663842, 42.019343 ], [ -87.663845, 42.019292 ], [ -87.66385, 42.019211 ], [ -87.663788, 42.019043 ], [ -87.663754, 42.018948 ], [ -87.663577, 42.018684 ], [ -87.663277, 42.018483 ], [ -87.663231, 42.018453 ], [ -87.663253, 42.01825 ], [ -87.66329, 42.018086 ], [ -87.663269, 42.018037 ], [ -87.663202, 42.017877 ], [ -87.663077, 42.017608 ], [ -87.663109, 42.017417 ], [ -87.663129, 42.017306 ], [ -87.663133, 42.017198 ], [ -87.663141, 42.016958 ], [ -87.663143, 42.016916 ], [ -87.662812, 42.01662 ], [ -87.662739, 42.0164 ], [ -87.662709, 42.016162 ], [ -87.662681, 42.015902 ], [ -87.662673, 42.015818 ], [ -87.662467, 42.015763 ], [ -87.662386, 42.015357 ], [ -87.662357, 42.015292 ], [ -87.66225, 42.015055 ], [ -87.662152, 42.014837 ], [ -87.662099, 42.01472 ], [ -87.662091, 42.014594 ], [ -87.661882, 42.014185 ], [ -87.661775, 42.013973 ], [ -87.661723, 42.013872 ], [ -87.661569, 42.013569 ], [ -87.661554, 42.013539 ], [ -87.661531, 42.013464 ], [ -87.661492, 42.013338 ], [ -87.661437, 42.013155 ], [ -87.661356, 42.013056 ], [ -87.661317, 42.012993 ], [ -87.66125, 42.012881 ], [ -87.66115, 42.012716 ], [ -87.661091, 42.012513 ], [ -87.661084, 42.012348 ], [ -87.661035, 42.012253 ], [ -87.661003, 42.012189 ], [ -87.66065, 42.011738 ], [ -87.660112, 42.01131 ], [ -87.660031, 42.011195 ], [ -87.65961, 42.010833 ], [ -87.659251, 42.010525 ], [ -87.659103, 42.010388 ], [ -87.65888, 42.010181 ], [ -87.6587, 42.010014 ], [ -87.658633, 42.009899 ], [ -87.658648, 42.009657 ], [ -87.658437, 42.009461 ], [ -87.658216, 42.009255 ], [ -87.657952, 42.009009 ], [ -87.65716, 42.008272 ], [ -87.656896, 42.008027 ], [ -87.656649, 42.007798 ], [ -87.656499, 42.007658 ], [ -87.655916, 42.007105 ], [ -87.655672, 42.006874 ], [ -87.655543, 42.006752 ], [ -87.655278, 42.00673 ], [ -87.655438, 42.006588 ], [ -87.655764, 42.006302 ], [ -87.657295, 42.006275 ], [ -87.65731, 42.005951 ], [ -87.657314, 42.00561 ], [ -87.657316, 42.005404 ], [ -87.657318, 42.005243 ], [ -87.657118, 42.004835 ], [ -87.657068, 42.004732 ], [ -87.657024, 42.004653 ], [ -87.656882, 42.004401 ], [ -87.656788, 42.004232 ], [ -87.657289, 42.004183 ], [ -87.657233, 42.004024 ], [ -87.657139, 42.003752 ], [ -87.65706, 42.003525 ], [ -87.656923, 42.003134 ], [ -87.656899, 42.003063 ], [ -87.656853, 42.002837 ], [ -87.656833, 42.002739 ], [ -87.656808, 42.002602 ], [ -87.656768, 42.00238 ], [ -87.656767, 42.002371 ], [ -87.656723, 42.002294 ], [ -87.656649, 42.002228 ], [ -87.656598, 42.00213 ], [ -87.656442, 42.001798 ], [ -87.656347, 42.001595 ], [ -87.656193, 42.001267 ], [ -87.656312, 42.001081 ], [ -87.656341, 42.001037 ], [ -87.656091, 42.000427 ], [ -87.655885, 42.000065 ], [ -87.65587, 42.000032 ], [ -87.655828, 41.999789 ], [ -87.65585, 41.999581 ], [ -87.655824, 41.999453 ], [ -87.655813, 41.999394 ], [ -87.655688, 41.999202 ], [ -87.655578, 41.999125 ], [ -87.655435, 41.999054 ], [ -87.655357, 41.999015 ], [ -87.655273, 41.99891 ], [ -87.655129, 41.998729 ], [ -87.655011, 41.998389 ], [ -87.655, 41.998317 ], [ -87.654997, 41.998296 ], [ -87.655129, 41.998301 ], [ -87.655126, 41.998233 ], [ -87.655122, 41.998158 ], [ -87.654757, 41.998182 ], [ -87.654733, 41.998153 ], [ -87.65471, 41.997961 ], [ -87.654731, 41.997489 ], [ -87.654727, 41.997352 ], [ -87.654725, 41.997284 ], [ -87.654513, 41.997278 ], [ -87.654504, 41.997011 ], [ -87.654491, 41.996857 ], [ -87.65446, 41.996489 ], [ -87.654572, 41.996437 ], [ -87.654718, 41.996368 ], [ -87.654745, 41.996122 ], [ -87.654769, 41.995913 ], [ -87.654784, 41.99566 ], [ -87.654836, 41.995463 ], [ -87.654784, 41.995353 ], [ -87.654681, 41.995314 ], [ -87.654704, 41.995232 ], [ -87.654755, 41.995128 ], [ -87.654771, 41.995003 ], [ -87.654777, 41.994963 ], [ -87.654726, 41.994771 ], [ -87.654738, 41.994602 ], [ -87.654741, 41.994568 ], [ -87.654661, 41.994541 ], [ -87.654557, 41.994507 ], [ -87.654476, 41.994392 ], [ -87.654461, 41.994291 ], [ -87.654444, 41.994175 ], [ -87.654432, 41.994095 ], [ -87.654454, 41.994013 ], [ -87.654586, 41.993947 ], [ -87.654616, 41.99387 ], [ -87.654626, 41.993813 ], [ -87.65466, 41.993623 ], [ -87.654785, 41.993376 ], [ -87.6548, 41.993184 ], [ -87.654749, 41.992849 ], [ -87.654616, 41.992783 ], [ -87.654411, 41.992736 ], [ -87.654373, 41.992728 ], [ -87.654278, 41.992646 ], [ -87.654241, 41.992563 ], [ -87.654285, 41.992393 ], [ -87.654298, 41.992376 ], [ -87.65422, 41.991912 ], [ -87.654382, 41.991005 ], [ -87.654383, 41.990202 ], [ -87.654375, 41.990114 ], [ -87.654233, 41.989816 ], [ -87.654125, 41.989058 ], [ -87.653187, 41.988078 ], [ -87.650123, 41.984944 ], [ -87.650478, 41.984124 ], [ -87.650573, 41.983755 ], [ -87.650686, 41.983263 ], [ -87.650723, 41.982925 ], [ -87.650747, 41.982405 ], [ -87.650732, 41.981912 ], [ -87.650714, 41.981425 ], [ -87.650695, 41.98097 ], [ -87.650676, 41.980684 ], [ -87.65062, 41.980435 ], [ -87.65054, 41.980262 ], [ -87.650367, 41.979962 ], [ -87.650259, 41.979769 ], [ -87.650226, 41.979721 ], [ -87.650238, 41.979703 ], [ -87.650341, 41.979639 ], [ -87.650371, 41.979609 ], [ -87.650371, 41.979597 ], [ -87.650296, 41.97951 ], [ -87.649996, 41.97925 ], [ -87.649696, 41.979039 ], [ -87.649288, 41.978809 ], [ -87.648899, 41.978588 ], [ -87.648735, 41.978485 ], [ -87.648163, 41.97817 ], [ -87.647722, 41.977978 ], [ -87.647553, 41.97787 ], [ -87.647333, 41.977733 ], [ -87.647059, 41.977633 ], [ -87.64692, 41.977534 ], [ -87.64678, 41.977457 ], [ -87.646647, 41.977359 ], [ -87.646486, 41.977133 ], [ -87.646434, 41.976969 ], [ -87.646412, 41.976716 ], [ -87.646398, 41.976535 ], [ -87.646318, 41.975426 ], [ -87.646303, 41.975063 ], [ -87.646303, 41.974761 ], [ -87.646282, 41.974086 ], [ -87.646311, 41.973581 ], [ -87.64612, 41.972873 ], [ -87.645746, 41.972082 ], [ -87.64551, 41.9717 ], [ -87.645238, 41.971258 ], [ -87.645106, 41.971006 ], [ -87.645003, 41.970868 ], [ -87.644842, 41.97061 ], [ -87.644596, 41.970305 ], [ -87.644201, 41.969814 ], [ -87.644165, 41.96977 ], [ -87.64382, 41.969396 ], [ -87.643459, 41.969056 ], [ -87.643445, 41.969023 ], [ -87.643268, 41.968869 ], [ -87.643165, 41.968759 ], [ -87.642989, 41.9686 ], [ -87.642879, 41.968529 ], [ -87.642548, 41.968249 ], [ -87.642011, 41.967875 ], [ -87.641732, 41.967655 ], [ -87.640496, 41.966875 ], [ -87.639202, 41.966205 ], [ -87.638974, 41.96615 ], [ -87.637216, 41.965693 ], [ -87.636436, 41.965523 ], [ -87.634965, 41.965357 ], [ -87.633611, 41.965318 ], [ -87.632868, 41.965307 ], [ -87.63242, 41.96529 ], [ -87.631971, 41.965241 ], [ -87.631854, 41.964609 ], [ -87.631751, 41.964192 ], [ -87.631494, 41.963533 ], [ -87.63148, 41.963478 ], [ -87.631391, 41.963132 ], [ -87.631465, 41.962924 ], [ -87.631664, 41.962688 ], [ -87.631833, 41.962578 ], [ -87.632363, 41.962364 ], [ -87.632842, 41.962139 ], [ -87.632886, 41.962095 ], [ -87.63332, 41.961898 ], [ -87.633408, 41.961876 ], [ -87.634041, 41.96158 ], [ -87.634166, 41.961492 ], [ -87.634424, 41.961349 ], [ -87.634608, 41.961201 ], [ -87.634902, 41.96091 ], [ -87.635123, 41.960707 ], [ -87.635211, 41.960647 ], [ -87.635528, 41.960351 ], [ -87.635587, 41.960307 ], [ -87.635587, 41.960285 ], [ -87.635903, 41.960054 ], [ -87.636183, 41.959895 ], [ -87.636529, 41.959747 ], [ -87.636882, 41.959637 ], [ -87.637529, 41.959495 ], [ -87.638, 41.959468 ], [ -87.638515, 41.959468 ], [ -87.639023, 41.959529 ], [ -87.639346, 41.959611 ], [ -87.639692, 41.959693 ], [ -87.640295, 41.959798 ], [ -87.640567, 41.959908 ], [ -87.640758, 41.960023 ], [ -87.640876, 41.960188 ], [ -87.640935, 41.960386 ], [ -87.64089, 41.96066 ], [ -87.640787, 41.960797 ], [ -87.640655, 41.960847 ], [ -87.64039, 41.960858 ], [ -87.640074, 41.960786 ], [ -87.639191, 41.960396 ], [ -87.638868, 41.960324 ], [ -87.638478, 41.960335 ], [ -87.637845, 41.960428 ], [ -87.63733, 41.960538 ], [ -87.636822, 41.960724 ], [ -87.636476, 41.9609 ], [ -87.636322, 41.961015 ], [ -87.636138, 41.961207 ], [ -87.635792, 41.961613 ], [ -87.635563, 41.961959 ], [ -87.635423, 41.962267 ], [ -87.635431, 41.962404 ], [ -87.635534, 41.962569 ], [ -87.635835, 41.962739 ], [ -87.636144, 41.962827 ], [ -87.636482, 41.962866 ], [ -87.63699, 41.962827 ], [ -87.638233, 41.962652 ], [ -87.639145, 41.962576 ], [ -87.640426, 41.962455 ], [ -87.640904, 41.96239 ], [ -87.641411, 41.962313 ], [ -87.641801, 41.96217 ], [ -87.642037, 41.961989 ], [ -87.642228, 41.96172 ], [ -87.642331, 41.961413 ], [ -87.642324, 41.961204 ], [ -87.642258, 41.961056 ], [ -87.642104, 41.960853 ], [ -87.641736, 41.960534 ], [ -87.641582, 41.960364 ], [ -87.641538, 41.960139 ], [ -87.641671, 41.95942 ], [ -87.641716, 41.958569 ], [ -87.641657, 41.958107 ], [ -87.641554, 41.957487 ], [ -87.641394, 41.95595 ], [ -87.641144, 41.955027 ], [ -87.641078, 41.954846 ], [ -87.641014, 41.954645 ], [ -87.641005, 41.954615 ], [ -87.640792, 41.954083 ], [ -87.640785, 41.954056 ], [ -87.640738, 41.953851 ], [ -87.640726, 41.953797 ], [ -87.640623, 41.953556 ], [ -87.640557, 41.953276 ], [ -87.640393, 41.952923 ], [ -87.640072, 41.952232 ], [ -87.639925, 41.951771 ], [ -87.639712, 41.951304 ], [ -87.639389, 41.950722 ], [ -87.63922, 41.950277 ], [ -87.639184, 41.950206 ], [ -87.639046, 41.949934 ], [ -87.638905, 41.949657 ], [ -87.638846, 41.949476 ], [ -87.638761, 41.94931 ], [ -87.638649, 41.949092 ], [ -87.638618, 41.949031 ], [ -87.638329, 41.948431 ], [ -87.638224, 41.948211 ], [ -87.638156, 41.94807 ], [ -87.637921, 41.947647 ], [ -87.63784, 41.94746 ], [ -87.637788, 41.9474 ], [ -87.637744, 41.947295 ], [ -87.637318, 41.946733 ], [ -87.637245, 41.946636 ], [ -87.637156, 41.946543 ], [ -87.636973, 41.946318 ], [ -87.636826, 41.946104 ], [ -87.636774, 41.946071 ], [ -87.636716, 41.945988 ], [ -87.636532, 41.945834 ], [ -87.636458, 41.945741 ], [ -87.636311, 41.945593 ], [ -87.636018, 41.94523 ], [ -87.635658, 41.944879 ], [ -87.635621, 41.944862 ], [ -87.635209, 41.944412 ], [ -87.635011, 41.94422 ], [ -87.634952, 41.944187 ], [ -87.634893, 41.944115 ], [ -87.634541, 41.94378 ], [ -87.63407, 41.94339 ], [ -87.633754, 41.943137 ], [ -87.633666, 41.943035 ], [ -87.633446, 41.94278 ], [ -87.633299, 41.94238 ], [ -87.633299, 41.942292 ], [ -87.633402, 41.942177 ], [ -87.633542, 41.94216 ], [ -87.633689, 41.942188 ], [ -87.633902, 41.942325 ], [ -87.634005, 41.942451 ], [ -87.634017, 41.942478 ], [ -87.634144, 41.942759 ], [ -87.634291, 41.942924 ], [ -87.634534, 41.943077 ], [ -87.634776, 41.943154 ], [ -87.634901, 41.943138 ], [ -87.63535, 41.942902 ], [ -87.635593, 41.942886 ], [ -87.635625, 41.942889 ], [ -87.635828, 41.942913 ], [ -87.636005, 41.94299 ], [ -87.636232, 41.94316 ], [ -87.636423, 41.943441 ], [ -87.636556, 41.943726 ], [ -87.636893, 41.944253 ], [ -87.636989, 41.94444 ], [ -87.637011, 41.944715 ], [ -87.636959, 41.945 ], [ -87.637077, 41.945143 ], [ -87.637128, 41.94522 ], [ -87.637231, 41.945478 ], [ -87.637407, 41.945687 ], [ -87.637672, 41.945835 ], [ -87.638642, 41.94611 ], [ -87.638885, 41.946214 ], [ -87.63968, 41.946296 ], [ -87.639745, 41.946303 ], [ -87.639988, 41.946357 ], [ -87.640341, 41.946478 ], [ -87.640385, 41.946522 ], [ -87.640326, 41.946599 ], [ -87.640267, 41.946665 ], [ -87.640275, 41.946698 ], [ -87.640532, 41.946802 ], [ -87.640635, 41.946945 ], [ -87.640782, 41.947192 ], [ -87.640914, 41.947302 ], [ -87.640986, 41.94737 ], [ -87.641024, 41.947407 ], [ -87.641223, 41.94756 ], [ -87.641349, 41.947643 ], [ -87.641399, 41.947676 ], [ -87.641745, 41.947852 ], [ -87.641987, 41.947934 ], [ -87.64212, 41.94794 ], [ -87.642157, 41.947769 ], [ -87.642076, 41.947621 ], [ -87.641951, 41.947483 ], [ -87.641767, 41.947281 ], [ -87.641618, 41.947177 ], [ -87.641194, 41.94688 ], [ -87.641135, 41.946825 ], [ -87.641084, 41.946808 ], [ -87.641017, 41.946753 ], [ -87.640959, 41.946731 ], [ -87.640716, 41.946533 ], [ -87.640415, 41.946215 ], [ -87.640157, 41.945979 ], [ -87.640069, 41.945825 ], [ -87.640084, 41.945671 ], [ -87.640217, 41.945386 ], [ -87.640335, 41.945194 ], [ -87.640371, 41.945012 ], [ -87.640342, 41.944705 ], [ -87.640173, 41.944452 ], [ -87.63999, 41.944233 ], [ -87.639534, 41.94359 ], [ -87.639137, 41.943387 ], [ -87.638924, 41.943206 ], [ -87.638726, 41.942722 ], [ -87.638528, 41.941954 ], [ -87.638469, 41.941641 ], [ -87.638396, 41.941366 ], [ -87.638242, 41.941086 ], [ -87.638118, 41.940934 ], [ -87.638036, 41.940833 ], [ -87.637676, 41.940603 ], [ -87.637404, 41.940317 ], [ -87.637088, 41.94002 ], [ -87.636823, 41.939702 ], [ -87.636588, 41.939559 ], [ -87.636434, 41.939531 ], [ -87.636235, 41.939608 ], [ -87.636132, 41.939636 ], [ -87.63575, 41.939701 ], [ -87.635463, 41.939838 ], [ -87.635191, 41.940009 ], [ -87.634992, 41.940261 ], [ -87.634903, 41.94047 ], [ -87.634793, 41.940942 ], [ -87.634756, 41.941354 ], [ -87.634689, 41.941452 ], [ -87.634557, 41.941546 ], [ -87.634403, 41.941564 ], [ -87.634373, 41.941568 ], [ -87.634189, 41.941518 ], [ -87.634013, 41.941403 ], [ -87.633947, 41.941276 ], [ -87.633954, 41.941051 ], [ -87.633984, 41.940859 ], [ -87.633991, 41.94065 ], [ -87.634014, 41.940354 ], [ -87.633764, 41.939481 ], [ -87.633441, 41.938745 ], [ -87.63306, 41.938152 ], [ -87.632766, 41.937647 ], [ -87.63245, 41.93729 ], [ -87.63231, 41.937048 ], [ -87.632243, 41.936843 ], [ -87.632178, 41.936642 ], [ -87.632093, 41.936127 ], [ -87.632069, 41.935977 ], [ -87.631944, 41.935675 ], [ -87.631812, 41.935406 ], [ -87.631584, 41.935071 ], [ -87.631415, 41.934775 ], [ -87.631009, 41.93424 ], [ -87.630776, 41.933934 ], [ -87.630578, 41.933649 ], [ -87.630534, 41.933511 ], [ -87.630552, 41.933385 ], [ -87.630571, 41.933259 ], [ -87.63074, 41.9331 ], [ -87.630865, 41.933034 ], [ -87.631123, 41.932946 ], [ -87.631164, 41.932938 ], [ -87.631358, 41.932902 ], [ -87.631397, 41.932838 ], [ -87.631212, 41.932532 ], [ -87.631028, 41.932227 ], [ -87.630763, 41.931991 ], [ -87.630815, 41.931683 ], [ -87.630821, 41.93166 ], [ -87.630911, 41.931354 ], [ -87.631021, 41.931013 ], [ -87.631154, 41.930371 ], [ -87.631089, 41.929196 ], [ -87.630913, 41.928647 ], [ -87.6307, 41.928158 ], [ -87.630473, 41.927845 ], [ -87.630362, 41.927719 ], [ -87.630332, 41.927693 ], [ -87.630267, 41.927637 ], [ -87.629863, 41.927148 ], [ -87.629599, 41.926653 ], [ -87.629599, 41.926531 ], [ -87.629599, 41.926181 ], [ -87.629614, 41.926126 ], [ -87.629709, 41.926088 ], [ -87.62982, 41.926077 ], [ -87.629842, 41.926033 ], [ -87.629805, 41.925764 ], [ -87.629629, 41.925193 ], [ -87.629394, 41.924803 ], [ -87.629381, 41.924778 ], [ -87.629299, 41.924616 ], [ -87.629431, 41.924523 ], [ -87.629549, 41.924397 ], [ -87.629491, 41.924161 ], [ -87.629285, 41.923743 ], [ -87.628837, 41.923156 ], [ -87.628676, 41.922936 ], [ -87.628963, 41.922727 ], [ -87.629271, 41.922546 ], [ -87.62936, 41.922283 ], [ -87.629301, 41.922096 ], [ -87.629169, 41.921937 ], [ -87.628897, 41.921547 ], [ -87.628795, 41.921355 ], [ -87.628596, 41.921119 ], [ -87.628545, 41.921003 ], [ -87.628964, 41.920784 ], [ -87.628957, 41.920658 ], [ -87.62859, 41.920174 ], [ -87.628539, 41.920087 ], [ -87.628436, 41.919911 ], [ -87.628142, 41.919554 ], [ -87.628061, 41.9194 ], [ -87.628444, 41.919197 ], [ -87.62851, 41.919158 ], [ -87.628319, 41.9189 ], [ -87.628081, 41.918645 ], [ -87.62779, 41.918334 ], [ -87.627629, 41.918093 ], [ -87.627474, 41.917873 ], [ -87.627732, 41.917698 ], [ -87.627747, 41.9175 ], [ -87.627651, 41.917313 ], [ -87.627387, 41.91705 ], [ -87.626711, 41.916445 ], [ -87.626792, 41.91633 ], [ -87.626716, 41.916214 ], [ -87.62666, 41.916127 ], [ -87.626484, 41.915946 ], [ -87.626021, 41.915583 ], [ -87.625926, 41.915517 ], [ -87.625639, 41.915297 ], [ -87.625162, 41.914973 ], [ -87.624971, 41.91483 ], [ -87.624456, 41.914484 ], [ -87.624016, 41.914226 ], [ -87.623075, 41.913786 ], [ -87.622597, 41.913615 ], [ -87.622171, 41.913566 ], [ -87.62162, 41.913615 ], [ -87.621304, 41.913703 ], [ -87.620789, 41.913927 ], [ -87.62062, 41.914004 ], [ -87.620399, 41.914136 ], [ -87.620259, 41.914169 ], [ -87.620201, 41.914152 ], [ -87.620201, 41.913883 ], [ -87.620311, 41.913631 ], [ -87.620414, 41.913477 ], [ -87.620679, 41.913214 ], [ -87.620871, 41.913055 ], [ -87.621128, 41.912945 ], [ -87.621473, 41.912907 ], [ -87.621852, 41.912877 ], [ -87.622098, 41.912858 ], [ -87.622539, 41.912786 ], [ -87.622959, 41.912627 ], [ -87.623385, 41.912364 ], [ -87.623621, 41.912183 ], [ -87.623856, 41.911947 ], [ -87.6239, 41.911931 ], [ -87.624606, 41.911305 ], [ -87.624651, 41.91119 ], [ -87.624665, 41.91092 ], [ -87.624666, 41.910904 ], [ -87.624717, 41.910674 ], [ -87.624857, 41.910476 ], [ -87.625034, 41.910268 ], [ -87.625218, 41.909999 ], [ -87.625239, 41.909914 ], [ -87.625247, 41.909664 ], [ -87.62527, 41.909587 ], [ -87.625251, 41.909527 ], [ -87.625204, 41.909384 ], [ -87.625128, 41.909193 ], [ -87.625086, 41.909087 ], [ -87.624908, 41.908151 ], [ -87.624859, 41.90789 ], [ -87.624848, 41.907801 ], [ -87.624823, 41.907606 ], [ -87.624816, 41.90755 ], [ -87.624734, 41.907024 ], [ -87.624704, 41.90683 ], [ -87.624674, 41.906642 ], [ -87.624662, 41.906561 ], [ -87.624525, 41.906094 ], [ -87.624487, 41.905963 ], [ -87.624477, 41.905912 ], [ -87.624421, 41.905643 ], [ -87.624267, 41.904892 ], [ -87.624249, 41.904838 ], [ -87.624162, 41.904578 ], [ -87.624142, 41.904519 ], [ -87.624047, 41.904261 ], [ -87.624025, 41.90403 ], [ -87.62343, 41.90359 ], [ -87.623187, 41.903387 ], [ -87.62299, 41.903222 ], [ -87.622718, 41.902915 ], [ -87.622579, 41.902651 ], [ -87.622528, 41.902404 ], [ -87.622587, 41.902151 ], [ -87.62266, 41.901921 ], [ -87.622609, 41.901855 ], [ -87.622161, 41.901772 ], [ -87.621904, 41.901728 ], [ -87.621257, 41.901668 ], [ -87.620838, 41.901673 ], [ -87.620133, 41.901596 ], [ -87.62, 41.901557 ], [ -87.619687, 41.901435 ], [ -87.619662, 41.901425 ], [ -87.619598, 41.90138 ], [ -87.61928, 41.901161 ], [ -87.619156, 41.901057 ], [ -87.619024, 41.900859 ], [ -87.61884, 41.900645 ], [ -87.618679, 41.900403 ], [ -87.618525, 41.900186 ], [ -87.6185, 41.900152 ], [ -87.618429, 41.900052 ], [ -87.618407, 41.900017 ], [ -87.618321, 41.899875 ], [ -87.618063, 41.899451 ], [ -87.617977, 41.89931 ], [ -87.61796, 41.899283 ], [ -87.617904, 41.899189 ], [ -87.617689, 41.898826 ], [ -87.617618, 41.898705 ], [ -87.617379, 41.898302 ], [ -87.617241, 41.898069 ], [ -87.616984, 41.897772 ], [ -87.61658, 41.897153 ], [ -87.616544, 41.897097 ], [ -87.616314, 41.896769 ], [ -87.616189, 41.89659 ], [ -87.615814, 41.896055 ], [ -87.61569, 41.895877 ], [ -87.614597, 41.894273 ], [ -87.614138, 41.89371 ], [ -87.613965, 41.893468 ], [ -87.61371, 41.893123 ], [ -87.613672, 41.893098 ], [ -87.612657, 41.893116 ], [ -87.612543, 41.893119 ], [ -87.612036, 41.893432 ], [ -87.61141, 41.894491 ], [ -87.610574, 41.895672 ], [ -87.61035, 41.895989 ], [ -87.610247, 41.896192 ], [ -87.609916, 41.896231 ], [ -87.609736, 41.896237 ], [ -87.609379, 41.896248 ], [ -87.608564, 41.896274 ], [ -87.607969, 41.896268 ], [ -87.607961, 41.896191 ], [ -87.60766, 41.896198 ], [ -87.606896, 41.896218 ], [ -87.606793, 41.896377 ], [ -87.605845, 41.896409 ], [ -87.605654, 41.896239 ], [ -87.605279, 41.896238 ], [ -87.605095, 41.896326 ], [ -87.602369, 41.896335 ], [ -87.602331, 41.89536 ], [ -87.602276, 41.893914 ], [ -87.602343, 41.893908 ], [ -87.602351, 41.893277 ], [ -87.603839, 41.893227 ], [ -87.60507, 41.893186 ], [ -87.608305, 41.893146 ], [ -87.609234, 41.893134 ], [ -87.609795, 41.893128 ], [ -87.609793, 41.892929 ], [ -87.60979, 41.892331 ], [ -87.609789, 41.892133 ], [ -87.609789, 41.892074 ], [ -87.605166, 41.892122 ], [ -87.60237, 41.892151 ], [ -87.598509, 41.892192 ], [ -87.598569, 41.89138 ], [ -87.600906, 41.891376 ], [ -87.600928, 41.891058 ], [ -87.604843, 41.891015 ], [ -87.609525, 41.890965 ], [ -87.609507, 41.889453 ], [ -87.609505, 41.889241 ], [ -87.611291, 41.889226 ], [ -87.61151, 41.890016 ], [ -87.611518, 41.890225 ], [ -87.611554, 41.89056 ], [ -87.612723, 41.890556 ], [ -87.613583, 41.890554 ], [ -87.613738, 41.890553 ], [ -87.613893, 41.890553 ], [ -87.613976, 41.890552 ], [ -87.614024, 41.890552 ], [ -87.614058, 41.890552 ], [ -87.614104, 41.890552 ], [ -87.61418, 41.890552 ], [ -87.614235, 41.890552 ], [ -87.614545, 41.890551 ], [ -87.614918, 41.890546 ], [ -87.616968, 41.890524 ], [ -87.617349, 41.89052 ], [ -87.617344, 41.890428 ], [ -87.617418, 41.890415 ], [ -87.617409, 41.890382 ], [ -87.617407, 41.890352 ], [ -87.617407, 41.890326 ], [ -87.617411, 41.8903 ], [ -87.617414, 41.890279 ], [ -87.61733, 41.890278 ], [ -87.61733, 41.890181 ], [ -87.616958, 41.890186 ], [ -87.61491, 41.890213 ], [ -87.614227, 41.890222 ], [ -87.614175, 41.890223 ], [ -87.614114, 41.890224 ], [ -87.614017, 41.890225 ], [ -87.613925, 41.890226 ], [ -87.6139, 41.890225 ], [ -87.61372, 41.890215 ], [ -87.613627, 41.890205 ], [ -87.612723, 41.890209 ], [ -87.612671, 41.890171 ], [ -87.612647, 41.890052 ], [ -87.612613, 41.88988 ], [ -87.6126, 41.889634 ], [ -87.612512, 41.889186 ], [ -87.612504, 41.88913 ], [ -87.612601, 41.889071 ], [ -87.612742, 41.889045 ], [ -87.612805, 41.889034 ], [ -87.61354, 41.88889 ], [ -87.613685, 41.888858 ], [ -87.613915, 41.888835 ], [ -87.614113, 41.888824 ], [ -87.614175, 41.888818 ], [ -87.614323, 41.888802 ], [ -87.614374, 41.888802 ], [ -87.614448, 41.888821 ], [ -87.614541, 41.888876 ], [ -87.614647, 41.88895 ], [ -87.614768, 41.888964 ], [ -87.61505, 41.888969 ], [ -87.615661, 41.88896 ], [ -87.616212, 41.888881 ], [ -87.617119, 41.88871 ], [ -87.617658, 41.888656 ], [ -87.619879, 41.888816 ], [ -87.620423, 41.888862 ], [ -87.620609, 41.888878 ], [ -87.621194, 41.888927 ], [ -87.621675, 41.888983 ], [ -87.622434, 41.889117 ], [ -87.623448, 41.88927 ], [ -87.624281, 41.889249 ], [ -87.625022, 41.889238 ], [ -87.625283, 41.88923 ], [ -87.625432, 41.889201 ], [ -87.625596, 41.889139 ], [ -87.62579, 41.889037 ], [ -87.626792, 41.888383 ], [ -87.626991, 41.888224 ], [ -87.627084, 41.888169 ], [ -87.627295, 41.888057 ], [ -87.62774, 41.887872 ], [ -87.627925, 41.887807 ], [ -87.628015, 41.887804 ], [ -87.628425, 41.887788 ], [ -87.62954, 41.887782 ], [ -87.630008, 41.887779 ], [ -87.631029, 41.8878 ], [ -87.632212, 41.887825 ], [ -87.632505, 41.887828 ], [ -87.633972, 41.887845 ], [ -87.635486, 41.887852 ], [ -87.635768, 41.887853 ], [ -87.635925, 41.887844 ], [ -87.636055, 41.887798 ], [ -87.636144, 41.887751 ], [ -87.636619, 41.887483 ], [ -87.637323, 41.887103 ], [ -87.637564, 41.887011 ], [ -87.637721, 41.887001 ], [ -87.637907, 41.88702 ], [ -87.638101, 41.887122 ], [ -87.63824, 41.88727 ], [ -87.638332, 41.887363 ], [ -87.638499, 41.887761 ], [ -87.638582, 41.888001 ], [ -87.638768, 41.888511 ], [ -87.638879, 41.888788 ], [ -87.638999, 41.889109 ], [ -87.639272, 41.889483 ], [ -87.64005, 41.89046 ], [ -87.640499, 41.891034 ], [ -87.640504, 41.891117 ], [ -87.640527, 41.891186 ], [ -87.640722, 41.891448 ], [ -87.641328, 41.892261 ], [ -87.641374, 41.892325 ], [ -87.641504, 41.892325 ], [ -87.641576, 41.892437 ], [ -87.641585, 41.892453 ], [ -87.641647, 41.892549 ], [ -87.641749, 41.89271 ], [ -87.641708, 41.892742 ], [ -87.641842, 41.892955 ], [ -87.642055, 41.89296 ], [ -87.642171, 41.892992 ], [ -87.642347, 41.893122 ], [ -87.642495, 41.893274 ], [ -87.642624, 41.893339 ], [ -87.642763, 41.893404 ], [ -87.642948, 41.89352 ], [ -87.643083, 41.893548 ], [ -87.643217, 41.893636 ], [ -87.643259, 41.893686 ], [ -87.643354, 41.893874 ], [ -87.643379, 41.893923 ], [ -87.643444, 41.894038 ], [ -87.64355, 41.894117 ], [ -87.643675, 41.894159 ], [ -87.643712, 41.894228 ], [ -87.643745, 41.894362 ], [ -87.643759, 41.894483 ], [ -87.643771, 41.894759 ], [ -87.643803, 41.895498 ], [ -87.643845, 41.896461 ], [ -87.643837, 41.896561 ], [ -87.64387, 41.896756 ], [ -87.643995, 41.897214 ], [ -87.644078, 41.897321 ], [ -87.644652, 41.897936 ], [ -87.645134, 41.898483 ], [ -87.645272, 41.898663 ], [ -87.645518, 41.899066 ], [ -87.646101, 41.900251 ], [ -87.646356, 41.900636 ], [ -87.646509, 41.900788 ], [ -87.647499, 41.901742 ], [ -87.647726, 41.901987 ], [ -87.648027, 41.902301 ], [ -87.64818, 41.90246 ], [ -87.648272, 41.902511 ], [ -87.648307, 41.902536 ], [ -87.648402, 41.902608 ], [ -87.648499, 41.90271 ], [ -87.648675, 41.902895 ], [ -87.64886, 41.903136 ], [ -87.648948, 41.903298 ], [ -87.649004, 41.903432 ], [ -87.649046, 41.903524 ], [ -87.649046, 41.903566 ], [ -87.649056, 41.903652 ], [ -87.649046, 41.903715 ], [ -87.649102, 41.903826 ], [ -87.649203, 41.903918 ], [ -87.649685, 41.904493 ], [ -87.65025, 41.905127 ], [ -87.650486, 41.905372 ], [ -87.650819, 41.905666 ], [ -87.651012, 41.905886 ], [ -87.651592, 41.906547 ], [ -87.651786, 41.906768 ], [ -87.651974, 41.906982 ], [ -87.652106, 41.907133 ], [ -87.652305, 41.907386 ], [ -87.652393, 41.907451 ], [ -87.652536, 41.907624 ], [ -87.652719, 41.907845 ], [ -87.652976, 41.908155 ], [ -87.653693, 41.909022 ], [ -87.653758, 41.909078 ], [ -87.654002, 41.909291 ], [ -87.654058, 41.909349 ], [ -87.654713, 41.910215 ], [ -87.654819, 41.910312 ], [ -87.654889, 41.910349 ], [ -87.654991, 41.910377 ], [ -87.655088, 41.910381 ], [ -87.655282, 41.910395 ], [ -87.655496, 41.910426 ], [ -87.655703, 41.910418 ], [ -87.655907, 41.910399 ], [ -87.656064, 41.910424 ], [ -87.656116, 41.910433 ], [ -87.656324, 41.910467 ], [ -87.656368, 41.910505 ], [ -87.656436, 41.910645 ], [ -87.656507, 41.910789 ], [ -87.656981, 41.912279 ], [ -87.657231, 41.912881 ], [ -87.657453, 41.913427 ], [ -87.65762, 41.913807 ], [ -87.65787, 41.914214 ], [ -87.65812, 41.914538 ], [ -87.658379, 41.914807 ], [ -87.658642, 41.915004 ], [ -87.658823, 41.91514 ], [ -87.659203, 41.915386 ], [ -87.659347, 41.915469 ], [ -87.660764, 41.916354 ], [ -87.660852, 41.916377 ], [ -87.660981, 41.916382 ], [ -87.661203, 41.916377 ], [ -87.661393, 41.916372 ], [ -87.661565, 41.916294 ], [ -87.662018, 41.916118 ], [ -87.662643, 41.915821 ], [ -87.663037, 41.915701 ], [ -87.663166, 41.915719 ], [ -87.663643, 41.915923 ], [ -87.663763, 41.916052 ], [ -87.663865, 41.916238 ], [ -87.663958, 41.916626 ], [ -87.664012, 41.917012 ], [ -87.664096, 41.917251 ], [ -87.664212, 41.917636 ], [ -87.664282, 41.917784 ], [ -87.664421, 41.917946 ], [ -87.664624, 41.918126 ], [ -87.664865, 41.918302 ], [ -87.665407, 41.918923 ], [ -87.665911, 41.919691 ], [ -87.666258, 41.920196 ], [ -87.667073, 41.920997 ], [ -87.667407, 41.921404 ], [ -87.667483, 41.921586 ], [ -87.667536, 41.92171 ], [ -87.66787, 41.922191 ], [ -87.668437, 41.922499 ], [ -87.668578, 41.922575 ], [ -87.668837, 41.922645 ], [ -87.669175, 41.922677 ], [ -87.669518, 41.922682 ], [ -87.670545, 41.922666 ], [ -87.67087, 41.922673 ], [ -87.671291, 41.922733 ], [ -87.671786, 41.9229 ], [ -87.672481, 41.92333 ], [ -87.673546, 41.924145 ], [ -87.673879, 41.9244 ], [ -87.67405, 41.924636 ], [ -87.674092, 41.924719 ], [ -87.674152, 41.924955 ], [ -87.67416, 41.925073 ], [ -87.674189, 41.925515 ], [ -87.674212, 41.925798 ], [ -87.674249, 41.92608 ], [ -87.674323, 41.926312 ], [ -87.674421, 41.926525 ], [ -87.674587, 41.926705 ], [ -87.674809, 41.926863 ], [ -87.676143, 41.927622 ], [ -87.676726, 41.927923 ], [ -87.677008, 41.928025 ], [ -87.678165, 41.928317 ], [ -87.679295, 41.92858 ], [ -87.679453, 41.928617 ], [ -87.679596, 41.928742 ], [ -87.680346, 41.93046 ], [ -87.680448, 41.930844 ], [ -87.680671, 41.931659 ], [ -87.680846, 41.931802 ], [ -87.681073, 41.931904 ], [ -87.681458, 41.931983 ], [ -87.681842, 41.932062 ], [ -87.682064, 41.932122 ], [ -87.682249, 41.932191 ], [ -87.682293, 41.932237 ], [ -87.682448, 41.9324 ], [ -87.682592, 41.932733 ], [ -87.682745, 41.933196 ], [ -87.682865, 41.933464 ], [ -87.682985, 41.933705 ], [ -87.68312, 41.933775 ], [ -87.683314, 41.933816 ], [ -87.683666, 41.933835 ], [ -87.684499, 41.933872 ], [ -87.684911, 41.933918 ], [ -87.685189, 41.933946 ], [ -87.685453, 41.934006 ], [ -87.685584, 41.934071 ], [ -87.68586, 41.934251 ], [ -87.686189, 41.934571 ], [ -87.686541, 41.934946 ], [ -87.686874, 41.935381 ], [ -87.687129, 41.935751 ], [ -87.687462, 41.936085 ], [ -87.687865, 41.936423 ], [ -87.687992, 41.936493 ], [ -87.688235, 41.936626 ], [ -87.68855, 41.936645 ], [ -87.689036, 41.936705 ], [ -87.689217, 41.936737 ], [ -87.689495, 41.936756 ], [ -87.689768, 41.936788 ], [ -87.689995, 41.93689 ], [ -87.690147, 41.937071 ], [ -87.690296, 41.937316 ], [ -87.690388, 41.937566 ], [ -87.690462, 41.937765 ], [ -87.690657, 41.938103 ], [ -87.691092, 41.938742 ], [ -87.691573, 41.939159 ], [ -87.692002, 41.939429 ], [ -87.692078, 41.939492 ], [ -87.6923, 41.93964 ], [ -87.692638, 41.939872 ], [ -87.693092, 41.940205 ], [ -87.693684, 41.940761 ], [ -87.694629, 41.942075 ], [ -87.694907, 41.942474 ], [ -87.695101, 41.943085 ], [ -87.695212, 41.943085 ], [ -87.695272, 41.943548 ], [ -87.695208, 41.943557 ], [ -87.695745, 41.945967 ], [ -87.695899, 41.946698 ], [ -87.696129, 41.947788 ], [ -87.696323, 41.948464 ], [ -87.696462, 41.949247 ], [ -87.696518, 41.94983 ], [ -87.696485, 41.950251 ], [ -87.696342, 41.950696 ], [ -87.696101, 41.951131 ], [ -87.695916, 41.951474 ], [ -87.695559, 41.952173 ], [ -87.69493, 41.952992 ], [ -87.6943, 41.953816 ], [ -87.694201, 41.953995 ], [ -87.694198, 41.954881 ], [ -87.694147, 41.955548 ], [ -87.694106, 41.956052 ], [ -87.694096, 41.95689 ], [ -87.694055, 41.95689 ], [ -87.694055, 41.957117 ], [ -87.694143, 41.957154 ], [ -87.694152, 41.957339 ], [ -87.694152, 41.957816 ], [ -87.6943, 41.959075 ], [ -87.694421, 41.959844 ], [ -87.694444, 41.960613 ], [ -87.694458, 41.961275 ], [ -87.694606, 41.961585 ], [ -87.694916, 41.962214 ], [ -87.695101, 41.962751 ], [ -87.695462, 41.963409 ], [ -87.696036, 41.964015 ], [ -87.696822, 41.964791 ], [ -87.697087, 41.965052 ], [ -87.697458, 41.965395 ], [ -87.698078, 41.965992 ], [ -87.698283, 41.966202 ], [ -87.698578, 41.966506 ], [ -87.699092, 41.966992 ], [ -87.699745, 41.967654 ], [ -87.70012, 41.967988 ], [ -87.700615, 41.968519 ], [ -87.701675, 41.969566 ], [ -87.702333, 41.970316 ], [ -87.702772, 41.97089 ], [ -87.703272, 41.97183 ], [ -87.703407, 41.972131 ], [ -87.703536, 41.972418 ], [ -87.703833, 41.973376 ], [ -87.70411, 41.973651 ], [ -87.704194, 41.973358 ], [ -87.704096, 41.973052 ], [ -87.703777, 41.972128 ], [ -87.70374, 41.972001 ], [ -87.703495, 41.971437 ], [ -87.703087, 41.97065 ], [ -87.702152, 41.969552 ], [ -87.701203, 41.968512 ], [ -87.700971, 41.968242 ], [ -87.700203, 41.967492 ], [ -87.699161, 41.966474 ], [ -87.698868, 41.966199 ], [ -87.698444, 41.965802 ], [ -87.69799, 41.965321 ], [ -87.697745, 41.965015 ], [ -87.697498, 41.964786 ], [ -87.697342, 41.96464 ], [ -87.696583, 41.963904 ], [ -87.696184, 41.963529 ], [ -87.695907, 41.963288 ], [ -87.695708, 41.963052 ], [ -87.695508, 41.962645 ], [ -87.695101, 41.961636 ], [ -87.695023, 41.961271 ], [ -87.694985, 41.961052 ], [ -87.694976, 41.960645 ], [ -87.694883, 41.959738 ], [ -87.694817, 41.959406 ], [ -87.694777, 41.959154 ], [ -87.694629, 41.958497 ], [ -87.694583, 41.95814 ], [ -87.694587, 41.957775 ], [ -87.694587, 41.957599 ], [ -87.694587, 41.957413 ], [ -87.694587, 41.955974 ], [ -87.694661, 41.954339 ], [ -87.694763, 41.953992 ], [ -87.69549, 41.952927 ], [ -87.695675, 41.952659 ], [ -87.696819, 41.950886 ], [ -87.697008, 41.950534 ], [ -87.697046, 41.950312 ], [ -87.697041, 41.94977 ], [ -87.697032, 41.949681 ], [ -87.696948, 41.948825 ], [ -87.696876, 41.948536 ], [ -87.696633, 41.947705 ], [ -87.696489, 41.946694 ], [ -87.695615, 41.943038 ], [ -87.695575, 41.942802 ], [ -87.695541, 41.942603 ], [ -87.695467, 41.942349 ], [ -87.695393, 41.942251 ], [ -87.695296, 41.94215 ], [ -87.695022, 41.941918 ], [ -87.694712, 41.941487 ], [ -87.694263, 41.940876 ], [ -87.693902, 41.940358 ], [ -87.693666, 41.94002 ], [ -87.693231, 41.939691 ], [ -87.692897, 41.939423 ], [ -87.692833, 41.93933 ], [ -87.692684, 41.939214 ], [ -87.69255, 41.939154 ], [ -87.692342, 41.939048 ], [ -87.691981, 41.938844 ], [ -87.691703, 41.938677 ], [ -87.691495, 41.938487 ], [ -87.691305, 41.938242 ], [ -87.691194, 41.938066 ], [ -87.69111, 41.937867 ], [ -87.691064, 41.937691 ], [ -87.691064, 41.937534 ], [ -87.691073, 41.937288 ], [ -87.691022, 41.937075 ], [ -87.690758, 41.936765 ], [ -87.690559, 41.936585 ], [ -87.690282, 41.936409 ], [ -87.690022, 41.936288 ], [ -87.68937, 41.936265 ], [ -87.689208, 41.936261 ], [ -87.689027, 41.936224 ], [ -87.688768, 41.93608 ], [ -87.688291, 41.93596 ], [ -87.68798, 41.935829 ], [ -87.687842, 41.93577 ], [ -87.687717, 41.935696 ], [ -87.687527, 41.935469 ], [ -87.687212, 41.935085 ], [ -87.686879, 41.934575 ], [ -87.686434, 41.934066 ], [ -87.686282, 41.933927 ], [ -87.686008, 41.933784 ], [ -87.685513, 41.933599 ], [ -87.684935, 41.933432 ], [ -87.684717, 41.93339 ], [ -87.683823, 41.933238 ], [ -87.683735, 41.933163 ], [ -87.683518, 41.932835 ], [ -87.683218, 41.932223 ], [ -87.683096, 41.931997 ], [ -87.682879, 41.931687 ], [ -87.682606, 41.93146 ], [ -87.682508, 41.931349 ], [ -87.682143, 41.931062 ], [ -87.681115, 41.930488 ], [ -87.681064, 41.930427 ], [ -87.680342, 41.928932 ], [ -87.680092, 41.928515 ], [ -87.680013, 41.928424 ], [ -87.679948, 41.928363 ], [ -87.679842, 41.928298 ], [ -87.678162, 41.927849 ], [ -87.677402, 41.927645 ], [ -87.6768, 41.927441 ], [ -87.676138, 41.92714 ], [ -87.675849, 41.926958 ], [ -87.675726, 41.926881 ], [ -87.675328, 41.926538 ], [ -87.67493, 41.92614 ], [ -87.674833, 41.925992 ], [ -87.674791, 41.925853 ], [ -87.674782, 41.925298 ], [ -87.674773, 41.925064 ], [ -87.674763, 41.924807 ], [ -87.674726, 41.924455 ], [ -87.674698, 41.924404 ], [ -87.674657, 41.924363 ], [ -87.67449, 41.924187 ], [ -87.67361, 41.923506 ], [ -87.672314, 41.922538 ], [ -87.672133, 41.922441 ], [ -87.671495, 41.92221 ], [ -87.671245, 41.922159 ], [ -87.670823, 41.92215 ], [ -87.670317, 41.922157 ], [ -87.66986, 41.92215 ], [ -87.669231, 41.922062 ], [ -87.668763, 41.92195 ], [ -87.668576, 41.921866 ], [ -87.668351, 41.921765 ], [ -87.668231, 41.921659 ], [ -87.668171, 41.921566 ], [ -87.668041, 41.921367 ], [ -87.667911, 41.921043 ], [ -87.667819, 41.920691 ], [ -87.667661, 41.92046 ], [ -87.667524, 41.920353 ], [ -87.667411, 41.920265 ], [ -87.667133, 41.920113 ], [ -87.666819, 41.919881 ], [ -87.66649, 41.919557 ], [ -87.666008, 41.919029 ], [ -87.665236, 41.918171 ], [ -87.664962, 41.917867 ], [ -87.6648, 41.917682 ], [ -87.664541, 41.917126 ], [ -87.664456, 41.916913 ], [ -87.664309, 41.916233 ], [ -87.664096, 41.915696 ], [ -87.66399, 41.91558 ], [ -87.663907, 41.915525 ], [ -87.663836, 41.915486 ], [ -87.663689, 41.915404 ], [ -87.663379, 41.915288 ], [ -87.663078, 41.915293 ], [ -87.66261, 41.915312 ], [ -87.661851, 41.915575 ], [ -87.661754, 41.915677 ], [ -87.661675, 41.915719 ], [ -87.661411, 41.915807 ], [ -87.661263, 41.915816 ], [ -87.661013, 41.915719 ], [ -87.660671, 41.915585 ], [ -87.660307, 41.915396 ], [ -87.659527, 41.914992 ], [ -87.658689, 41.91427 ], [ -87.65843, 41.914001 ], [ -87.658245, 41.913682 ], [ -87.658133, 41.913358 ], [ -87.658027, 41.91296 ], [ -87.657842, 41.912413 ], [ -87.6572, 41.910784 ], [ -87.657171, 41.910664 ], [ -87.657171, 41.910627 ], [ -87.657185, 41.910604 ], [ -87.657208, 41.91059 ], [ -87.657254, 41.910585 ], [ -87.657342, 41.91058 ], [ -87.657509, 41.910567 ], [ -87.658199, 41.910562 ], [ -87.658324, 41.910562 ], [ -87.658375, 41.910553 ], [ -87.658407, 41.91053 ], [ -87.658625, 41.91002 ], [ -87.658643, 41.909891 ], [ -87.658629, 41.909826 ], [ -87.65862, 41.909761 ], [ -87.658597, 41.909719 ], [ -87.658551, 41.909664 ], [ -87.658491, 41.909622 ], [ -87.658426, 41.90958 ], [ -87.65837, 41.909511 ], [ -87.658347, 41.909465 ], [ -87.658259, 41.909386 ], [ -87.65812, 41.909303 ], [ -87.657958, 41.909168 ], [ -87.657993, 41.909089 ], [ -87.657905, 41.90893 ], [ -87.657919, 41.908732 ], [ -87.657966, 41.908582 ], [ -87.658096, 41.908191 ], [ -87.658203, 41.90739 ], [ -87.658342, 41.906464 ], [ -87.658564, 41.9052 ], [ -87.658578, 41.905089 ], [ -87.658583, 41.904946 ], [ -87.658564, 41.904802 ], [ -87.658319, 41.903978 ], [ -87.658212, 41.903751 ], [ -87.658101, 41.903686 ], [ -87.657971, 41.903649 ], [ -87.657907, 41.90364 ], [ -87.657851, 41.903622 ], [ -87.657796, 41.903575 ], [ -87.657754, 41.903538 ], [ -87.657745, 41.903508 ], [ -87.657657, 41.903404 ], [ -87.657586, 41.903328 ], [ -87.657458, 41.903191 ], [ -87.657129, 41.902862 ], [ -87.656893, 41.902589 ], [ -87.656763, 41.90245 ], [ -87.656606, 41.902233 ], [ -87.656485, 41.901955 ], [ -87.656425, 41.901719 ], [ -87.656393, 41.901506 ], [ -87.656282, 41.901228 ], [ -87.655967, 41.900858 ], [ -87.655796, 41.900696 ], [ -87.655518, 41.900548 ], [ -87.654934, 41.900344 ], [ -87.654333, 41.900159 ], [ -87.653666, 41.900066 ], [ -87.653059, 41.899997 ], [ -87.652175, 41.899881 ], [ -87.651689, 41.899719 ], [ -87.651452, 41.899541 ], [ -87.651245, 41.89939 ], [ -87.650828, 41.899094 ], [ -87.650263, 41.898649 ], [ -87.649666, 41.898177 ], [ -87.649559, 41.898112 ], [ -87.649346, 41.898029 ], [ -87.648059, 41.897779 ], [ -87.647818, 41.897763 ], [ -87.647583, 41.897747 ], [ -87.646041, 41.897622 ], [ -87.645532, 41.897538 ], [ -87.645036, 41.897298 ], [ -87.644703, 41.897061 ], [ -87.644615, 41.896936 ], [ -87.644559, 41.896733 ], [ -87.644529, 41.89645 ], [ -87.644462, 41.893969 ], [ -87.644166, 41.893663 ], [ -87.644013, 41.893742 ], [ -87.643944, 41.893571 ], [ -87.64405, 41.893557 ], [ -87.643939, 41.89346 ], [ -87.642967, 41.892886 ], [ -87.642722, 41.892742 ], [ -87.642501, 41.892541 ], [ -87.642387, 41.892438 ], [ -87.642222, 41.892288 ], [ -87.642009, 41.892061 ], [ -87.641661, 41.891686 ], [ -87.641476, 41.89139 ], [ -87.641282, 41.89108 ], [ -87.641129, 41.890751 ], [ -87.640722, 41.890186 ], [ -87.640175, 41.889631 ], [ -87.639819, 41.889353 ], [ -87.63974, 41.889237 ], [ -87.639683, 41.889056 ], [ -87.63924, 41.887113 ], [ -87.639147, 41.886844 ], [ -87.638453, 41.886113 ], [ -87.638203, 41.885807 ], [ -87.638192, 41.885721 ], [ -87.638157, 41.885446 ], [ -87.638166, 41.884992 ], [ -87.638213, 41.884455 ], [ -87.638282, 41.88415 ], [ -87.638421, 41.883419 ], [ -87.638486, 41.883321 ], [ -87.638484, 41.883186 ], [ -87.638551, 41.882331 ], [ -87.638567, 41.881894 ], [ -87.63856, 41.881743 ], [ -87.638551, 41.880601 ], [ -87.638541, 41.880257 ], [ -87.638546, 41.880145 ], [ -87.638351, 41.880136 ], [ -87.638342, 41.879942 ], [ -87.638541, 41.879928 ], [ -87.638462, 41.879329 ], [ -87.638444, 41.879215 ], [ -87.638338, 41.878803 ], [ -87.638296, 41.878655 ], [ -87.638166, 41.878219 ], [ -87.638137, 41.878063 ], [ -87.638111, 41.877747 ], [ -87.638032, 41.877344 ], [ -87.637935, 41.877354 ], [ -87.637828, 41.87702 ], [ -87.637994, 41.876965 ], [ -87.637921, 41.876794 ], [ -87.637439, 41.875872 ], [ -87.637268, 41.875687 ], [ -87.63721, 41.875624 ], [ -87.637147, 41.875556 ], [ -87.636985, 41.875381 ], [ -87.636795, 41.875191 ], [ -87.636592, 41.87495 ], [ -87.63642, 41.874613 ], [ -87.636366, 41.874443 ], [ -87.636258, 41.873964 ], [ -87.636055, 41.873029 ], [ -87.635822, 41.872037 ], [ -87.635777, 41.871844 ], [ -87.635481, 41.869909 ], [ -87.635453, 41.8699 ], [ -87.635099, 41.867362 ], [ -87.635096, 41.867258 ], [ -87.634962, 41.862891 ], [ -87.634912, 41.861106 ], [ -87.634906, 41.860882 ], [ -87.634897, 41.860548 ], [ -87.634879, 41.859965 ], [ -87.63486, 41.859321 ], [ -87.635416, 41.858678 ], [ -87.63561, 41.857854 ], [ -87.635614, 41.857764 ], [ -87.635617, 41.857689 ], [ -87.635629, 41.857391 ], [ -87.635981, 41.85678 ], [ -87.636119, 41.856668 ], [ -87.636508, 41.856391 ], [ -87.636869, 41.856085 ], [ -87.63686, 41.855955 ], [ -87.636918, 41.855927 ], [ -87.637629, 41.855585 ], [ -87.637675, 41.85565 ], [ -87.638147, 41.855381 ], [ -87.638129, 41.855326 ], [ -87.638758, 41.855018 ], [ -87.639092, 41.854854 ], [ -87.639416, 41.854659 ], [ -87.639795, 41.85428 ], [ -87.640823, 41.852807 ], [ -87.640731, 41.852807 ], [ -87.640805, 41.852711 ], [ -87.641564, 41.851724 ], [ -87.642332, 41.850733 ], [ -87.642795, 41.850289 ], [ -87.64286, 41.850243 ], [ -87.643425, 41.849983 ], [ -87.643962, 41.849761 ], [ -87.644153, 41.849758 ], [ -87.644345, 41.849756 ], [ -87.644414, 41.849755 ], [ -87.644596, 41.849752 ], [ -87.644756, 41.84975 ], [ -87.64524, 41.849743 ], [ -87.645406, 41.849761 ], [ -87.645545, 41.849752 ], [ -87.645694, 41.849705 ], [ -87.645842, 41.84965 ], [ -87.64611, 41.849613 ], [ -87.646476, 41.84957 ], [ -87.648694, 41.8489 ], [ -87.649154, 41.848751 ], [ -87.649323, 41.848696 ], [ -87.649693, 41.848642 ], [ -87.649888, 41.848613 ], [ -87.650365, 41.848534 ], [ -87.650657, 41.848521 ], [ -87.651533, 41.848486 ], [ -87.651558, 41.848486 ], [ -87.651763, 41.848658 ], [ -87.651918, 41.848788 ], [ -87.651976, 41.849465 ], [ -87.65202, 41.849979 ], [ -87.652181, 41.850095 ], [ -87.652291, 41.85016 ], [ -87.6524, 41.850393 ], [ -87.652438, 41.850473 ], [ -87.652504, 41.850512 ], [ -87.652651, 41.850512 ], [ -87.652732, 41.85043 ], [ -87.652562, 41.84932 ], [ -87.65243, 41.848448 ], [ -87.652402, 41.848261 ], [ -87.652681, 41.848228 ], [ -87.653011, 41.848161 ], [ -87.653034, 41.848157 ], [ -87.653511, 41.848157 ], [ -87.654231, 41.848228 ], [ -87.654539, 41.848272 ], [ -87.654995, 41.848262 ], [ -87.655171, 41.848311 ], [ -87.655371, 41.848456 ], [ -87.655391, 41.84847 ], [ -87.655582, 41.848503 ], [ -87.65617, 41.848542 ], [ -87.656338, 41.848553 ], [ -87.65669, 41.848557 ], [ -87.65672, 41.848558 ], [ -87.65683, 41.848608 ], [ -87.656933, 41.848723 ], [ -87.657131, 41.848811 ], [ -87.657227, 41.848773 ], [ -87.657256, 41.848718 ], [ -87.657249, 41.848646 ], [ -87.65719, 41.848542 ], [ -87.65719, 41.848421 ], [ -87.657322, 41.848339 ], [ -87.657653, 41.848207 ], [ -87.657697, 41.848184 ], [ -87.658161, 41.847948 ], [ -87.658277, 41.847889 ], [ -87.658365, 41.847832 ], [ -87.65896, 41.847454 ], [ -87.659159, 41.847329 ], [ -87.659577, 41.847752 ], [ -87.659591, 41.848303 ], [ -87.659628, 41.849707 ], [ -87.659827, 41.849702 ], [ -87.660039, 41.849696 ], [ -87.659966, 41.848074 ], [ -87.659915, 41.846929 ], [ -87.659908, 41.846769 ], [ -87.659994, 41.846699 ], [ -87.660554, 41.846253 ], [ -87.660637, 41.846204 ], [ -87.660871, 41.846068 ], [ -87.661114, 41.845925 ], [ -87.661597, 41.845644 ], [ -87.661832, 41.845529 ], [ -87.661856, 41.845526 ], [ -87.661942, 41.845518 ], [ -87.662023, 41.845567 ], [ -87.662074, 41.845655 ], [ -87.662123, 41.846841 ], [ -87.662147, 41.847396 ], [ -87.662169, 41.849219 ], [ -87.662212, 41.850403 ], [ -87.662256, 41.85159 ], [ -87.662328, 41.851822 ], [ -87.662334, 41.851837 ], [ -87.662344, 41.852315 ], [ -87.662399, 41.852339 ], [ -87.662494, 41.852382 ], [ -87.662561, 41.852338 ], [ -87.662613, 41.852306 ], [ -87.662562, 41.851833 ], [ -87.662562, 41.851817 ], [ -87.662572, 41.851717 ], [ -87.662565, 41.850468 ], [ -87.662565, 41.850333 ], [ -87.662556, 41.849932 ], [ -87.662514, 41.847983 ], [ -87.662471, 41.846723 ], [ -87.662429, 41.845475 ], [ -87.662427, 41.84543 ], [ -87.662464, 41.845304 ], [ -87.662498, 41.845256 ], [ -87.662559, 41.845172 ], [ -87.66308, 41.844903 ], [ -87.663094, 41.8449 ], [ -87.663326, 41.84486 ], [ -87.663521, 41.844826 ], [ -87.663574, 41.844826 ], [ -87.663778, 41.844826 ], [ -87.663976, 41.84487 ], [ -87.664197, 41.845002 ], [ -87.664251, 41.845071 ], [ -87.664314, 41.845151 ], [ -87.664373, 41.845289 ], [ -87.664387, 41.845321 ], [ -87.664402, 41.84548 ], [ -87.664373, 41.845892 ], [ -87.664453, 41.846128 ], [ -87.664534, 41.846474 ], [ -87.664572, 41.846749 ], [ -87.664585, 41.846842 ], [ -87.664621, 41.848302 ], [ -87.664665, 41.848824 ], [ -87.664717, 41.848868 ], [ -87.664783, 41.84889 ], [ -87.664856, 41.848879 ], [ -87.66493, 41.848791 ], [ -87.66493, 41.848681 ], [ -87.664893, 41.848423 ], [ -87.664901, 41.848022 ], [ -87.664849, 41.847627 ], [ -87.664827, 41.847182 ], [ -87.664791, 41.846731 ], [ -87.664747, 41.846155 ], [ -87.664692, 41.845244 ], [ -87.664689, 41.845189 ], [ -87.664747, 41.845041 ], [ -87.664802, 41.845027 ], [ -87.664879, 41.845008 ], [ -87.665261, 41.845063 ], [ -87.66561, 41.84509 ], [ -87.665815, 41.845106 ], [ -87.665881, 41.845111 ], [ -87.665938, 41.845115 ], [ -87.666113, 41.845129 ], [ -87.666349, 41.845124 ], [ -87.666928, 41.845112 ], [ -87.667457, 41.845063 ], [ -87.667714, 41.845025 ], [ -87.667749, 41.845014 ], [ -87.668197, 41.844875 ], [ -87.668704, 41.844717 ], [ -87.670027, 41.844306 ], [ -87.670223, 41.844229 ], [ -87.67072, 41.844038 ], [ -87.67129, 41.843817 ], [ -87.673, 41.843158 ], [ -87.673571, 41.842938 ], [ -87.673984, 41.842778 ], [ -87.674249, 41.842676 ], [ -87.674646, 41.842484 ], [ -87.674705, 41.842434 ], [ -87.674851, 41.842346 ], [ -87.675064, 41.84228 ], [ -87.675175, 41.842202 ], [ -87.675505, 41.841973 ], [ -87.675546, 41.841962 ], [ -87.676078, 41.841819 ], [ -87.676298, 41.841836 ], [ -87.676518, 41.841913 ], [ -87.676643, 41.841979 ], [ -87.677098, 41.842028 ], [ -87.677252, 41.842083 ], [ -87.677642, 41.842276 ], [ -87.67806, 41.842484 ], [ -87.678144, 41.842494 ], [ -87.678025, 41.84235 ], [ -87.677933, 41.842149 ], [ -87.677832, 41.84199 ], [ -87.677799, 41.841881 ], [ -87.677757, 41.841839 ], [ -87.677748, 41.841772 ], [ -87.677807, 41.841654 ], [ -87.677849, 41.841529 ], [ -87.677874, 41.841386 ], [ -87.677874, 41.841235 ], [ -87.677874, 41.841059 ], [ -87.677857, 41.84095 ], [ -87.677849, 41.840833 ], [ -87.677849, 41.840724 ], [ -87.677882, 41.840648 ], [ -87.677899, 41.84059 ], [ -87.678075, 41.840419 ], [ -87.6782, 41.840326 ], [ -87.678589, 41.840224 ], [ -87.67864, 41.840211 ], [ -87.680189, 41.839734 ], [ -87.680723, 41.839571 ], [ -87.681191, 41.839426 ], [ -87.682597, 41.838995 ], [ -87.683066, 41.838851 ], [ -87.683473, 41.838725 ], [ -87.68425, 41.838487 ], [ -87.684698, 41.838352 ], [ -87.685107, 41.838229 ], [ -87.68515, 41.838215 ], [ -87.68528, 41.838177 ], [ -87.685324, 41.838164 ], [ -87.685781, 41.838026 ], [ -87.687153, 41.837613 ], [ -87.68726, 41.837581 ], [ -87.687488, 41.837636 ], [ -87.687617, 41.83761 ], [ -87.687899, 41.837554 ], [ -87.68795, 41.837449 ], [ -87.688119, 41.837312 ], [ -87.688471, 41.837191 ], [ -87.689012, 41.837014 ], [ -87.693474, 41.835566 ], [ -87.69488, 41.83511 ], [ -87.694963, 41.835086 ], [ -87.696508, 41.83465 ], [ -87.698111, 41.834198 ], [ -87.701103, 41.833208 ], [ -87.701531, 41.833067 ], [ -87.701612, 41.833067 ], [ -87.701663, 41.833193 ], [ -87.701818, 41.833446 ], [ -87.701847, 41.833632 ], [ -87.701833, 41.833951 ], [ -87.701801, 41.834082 ], [ -87.701781, 41.834165 ], [ -87.701778, 41.834657 ], [ -87.701769, 41.836392 ], [ -87.701767, 41.836971 ], [ -87.70187, 41.837054 ], [ -87.701991, 41.837065 ], [ -87.702114, 41.837057 ], [ -87.702215, 41.837036 ], [ -87.702252, 41.83685 ], [ -87.702245, 41.836431 ], [ -87.702217, 41.834606 ], [ -87.702208, 41.833998 ], [ -87.702201, 41.83359 ], [ -87.702192, 41.832935 ], [ -87.702221, 41.832858 ], [ -87.702295, 41.832798 ], [ -87.702651, 41.832643 ], [ -87.702677, 41.832633 ], [ -87.702911, 41.832583 ], [ -87.703045, 41.832541 ], [ -87.703373, 41.832438 ], [ -87.703704, 41.832336 ], [ -87.704349, 41.832108 ], [ -87.704674, 41.831994 ], [ -87.704967, 41.831891 ], [ -87.705172, 41.831754 ], [ -87.705914, 41.83149 ], [ -87.707147, 41.831177 ], [ -87.707609, 41.831018 ], [ -87.708483, 41.83076 ], [ -87.709784, 41.830347 ], [ -87.709907, 41.830309 ], [ -87.711072, 41.829957 ], [ -87.711743, 41.829753 ], [ -87.713758, 41.829144 ], [ -87.714105, 41.82904 ], [ -87.714369, 41.828979 ], [ -87.714438, 41.828972 ], [ -87.714626, 41.828952 ], [ -87.714905, 41.828886 ], [ -87.717062, 41.828192 ], [ -87.719397, 41.827441 ], [ -87.719522, 41.82732 ], [ -87.719683, 41.827232 ], [ -87.72132, 41.826754 ], [ -87.721452, 41.826737 ], [ -87.72154, 41.826809 ], [ -87.721878, 41.826847 ], [ -87.722047, 41.826913 ], [ -87.722194, 41.827017 ], [ -87.722319, 41.827215 ], [ -87.722414, 41.827281 ], [ -87.722928, 41.827319 ], [ -87.723001, 41.827286 ], [ -87.722876, 41.827116 ], [ -87.72234, 41.826561 ], [ -87.722274, 41.826512 ], [ -87.72226, 41.826446 ], [ -87.722325, 41.826408 ], [ -87.722553, 41.82638 ], [ -87.722685, 41.826358 ], [ -87.722898, 41.826281 ], [ -87.722916, 41.826276 ], [ -87.723118, 41.826232 ], [ -87.723221, 41.826265 ], [ -87.723316, 41.826352 ], [ -87.723441, 41.82655 ], [ -87.723441, 41.826715 ], [ -87.723566, 41.827022 ], [ -87.723669, 41.827022 ], [ -87.723691, 41.826907 ], [ -87.723595, 41.826501 ], [ -87.723647, 41.826308 ], [ -87.723757, 41.826056 ], [ -87.72394, 41.825858 ], [ -87.724118, 41.825804 ], [ -87.724175, 41.825787 ], [ -87.724395, 41.825781 ], [ -87.724535, 41.825781 ], [ -87.724865, 41.825698 ], [ -87.725371, 41.825534 ], [ -87.725415, 41.825484 ], [ -87.725643, 41.82544 ], [ -87.725738, 41.825435 ], [ -87.72704, 41.825028 ], [ -87.728696, 41.824511 ], [ -87.735751, 41.822218 ], [ -87.736597, 41.821944 ], [ -87.738595, 41.821295 ], [ -87.738653, 41.821278 ], [ -87.739647, 41.820979 ], [ -87.740041, 41.820861 ], [ -87.741266, 41.820531 ], [ -87.741376, 41.820437 ], [ -87.741457, 41.820404 ], [ -87.741641, 41.82041 ], [ -87.741824, 41.820305 ], [ -87.74244, 41.820173 ], [ -87.742609, 41.820109 ], [ -87.74266, 41.820091 ], [ -87.743233, 41.819838 ], [ -87.743291, 41.81969 ], [ -87.743335, 41.819662 ], [ -87.74342, 41.819664 ], [ -87.743482, 41.819667 ], [ -87.743504, 41.819668 ], [ -87.74357, 41.819722 ], [ -87.743589, 41.819729 ], [ -87.743651, 41.81975 ], [ -87.74376, 41.819699 ], [ -87.743864, 41.819651 ], [ -87.744033, 41.819651 ], [ -87.744659, 41.819446 ], [ -87.744958, 41.819349 ], [ -87.744976, 41.819534 ], [ -87.745017, 41.819958 ], [ -87.74503, 41.82009 ], [ -87.745035, 41.820142 ], [ -87.745036, 41.820277 ], [ -87.745018, 41.820617 ], [ -87.744966, 41.82164 ], [ -87.744949, 41.821981 ], [ -87.744898, 41.821982 ], [ -87.744746, 41.821984 ], [ -87.744695, 41.822012 ], [ -87.744663, 41.822025 ], [ -87.74382, 41.822128 ], [ -87.74354, 41.822167 ], [ -87.743082, 41.82218 ], [ -87.742034, 41.82221 ], [ -87.741711, 41.822219 ], [ -87.741254, 41.822232 ], [ -87.740973, 41.822221 ], [ -87.740734, 41.822211 ], [ -87.739174, 41.822151 ], [ -87.738654, 41.822132 ], [ -87.738655, 41.822188 ], [ -87.738661, 41.822359 ], [ -87.738664, 41.822416 ], [ -87.738661, 41.822459 ], [ -87.738655, 41.822588 ], [ -87.738654, 41.822632 ], [ -87.73869, 41.824004 ], [ -87.738798, 41.828122 ], [ -87.738835, 41.829495 ], [ -87.73883, 41.830072 ], [ -87.738819, 41.831806 ], [ -87.738816, 41.832384 ], [ -87.738814, 41.832491 ], [ -87.738811, 41.832812 ], [ -87.73881, 41.83292 ], [ -87.738842, 41.833604 ], [ -87.738875, 41.834283 ], [ -87.738947, 41.834965 ], [ -87.739054, 41.835645 ], [ -87.739162, 41.836322 ], [ -87.739159, 41.836401 ], [ -87.739154, 41.836638 ], [ -87.739152, 41.836718 ], [ -87.738908, 41.837137 ], [ -87.738944, 41.837794 ], [ -87.739054, 41.839768 ], [ -87.739091, 41.840426 ], [ -87.739101, 41.840826 ], [ -87.739131, 41.842026 ], [ -87.739141, 41.842426 ], [ -87.739152, 41.844047 ], [ -87.739198, 41.845473 ], [ -87.739221, 41.845979 ], [ -87.739308, 41.848875 ], [ -87.739317, 41.849186 ], [ -87.739345, 41.85012 ], [ -87.739355, 41.850432 ], [ -87.739368, 41.850615 ], [ -87.739409, 41.851167 ], [ -87.739423, 41.851351 ], [ -87.739429, 41.851491 ], [ -87.73945, 41.851912 ], [ -87.739457, 41.852053 ], [ -87.73946, 41.85211 ], [ -87.73947, 41.852283 ], [ -87.739474, 41.852341 ], [ -87.739516, 41.853167 ], [ -87.739581, 41.854119 ], [ -87.739586, 41.854181 ], [ -87.739602, 41.854368 ], [ -87.739608, 41.854431 ], [ -87.739613, 41.854551 ], [ -87.73963, 41.854911 ], [ -87.739632, 41.854934 ], [ -87.739639, 41.855031 ], [ -87.739664, 41.855755 ], [ -87.739741, 41.857929 ], [ -87.739767, 41.858654 ], [ -87.739775, 41.858834 ], [ -87.7398, 41.859377 ], [ -87.739809, 41.859558 ], [ -87.739816, 41.859708 ], [ -87.739838, 41.860161 ], [ -87.739846, 41.860312 ], [ -87.739846, 41.860454 ], [ -87.739849, 41.860879 ], [ -87.73985, 41.861022 ], [ -87.739847, 41.861232 ], [ -87.73984, 41.861864 ], [ -87.739838, 41.862075 ], [ -87.739837, 41.862128 ], [ -87.739834, 41.862287 ], [ -87.739833, 41.86234 ], [ -87.739837, 41.862623 ], [ -87.739852, 41.863473 ], [ -87.739857, 41.863757 ], [ -87.739857, 41.863829 ], [ -87.73986, 41.864048 ], [ -87.739862, 41.864121 ], [ -87.739871, 41.864304 ], [ -87.739899, 41.864853 ], [ -87.739909, 41.865036 ], [ -87.739913, 41.865201 ], [ -87.739925, 41.865696 ], [ -87.739929, 41.865862 ], [ -87.739929, 41.865881 ], [ -87.739931, 41.86594 ], [ -87.739932, 41.86596 ], [ -87.739986, 41.865959 ], [ -87.740069, 41.865958 ], [ -87.74009, 41.865958 ], [ -87.740167, 41.865957 ], [ -87.740406, 41.865953 ], [ -87.741831, 41.865933 ], [ -87.742306, 41.865927 ], [ -87.742642, 41.865922 ], [ -87.742795, 41.86592 ], [ -87.744264, 41.865902 ], [ -87.744754, 41.865897 ], [ -87.744998, 41.865893 ], [ -87.745733, 41.865882 ], [ -87.745978, 41.865879 ], [ -87.746221, 41.865875 ], [ -87.746952, 41.865865 ], [ -87.747196, 41.865862 ], [ -87.74744, 41.865858 ], [ -87.748172, 41.865847 ], [ -87.748417, 41.865844 ], [ -87.748661, 41.86584 ], [ -87.749395, 41.865828 ], [ -87.74964, 41.865825 ], [ -87.749884, 41.865821 ], [ -87.750618, 41.86581 ], [ -87.750863, 41.865807 ], [ -87.751106, 41.865802 ], [ -87.751838, 41.86579 ], [ -87.752082, 41.865787 ], [ -87.752326, 41.865783 ], [ -87.753061, 41.865772 ], [ -87.753306, 41.865769 ], [ -87.753551, 41.865765 ], [ -87.753814, 41.865762 ], [ -87.754287, 41.865755 ], [ -87.754323, 41.865755 ], [ -87.754428, 41.865754 ], [ -87.754533, 41.865752 ], [ -87.754636, 41.865751 ], [ -87.754739, 41.865749 ], [ -87.755508, 41.865736 ], [ -87.755522, 41.865736 ], [ -87.756305, 41.865724 ], [ -87.757857, 41.865701 ], [ -87.758433, 41.865692 ], [ -87.759409, 41.865678 ], [ -87.759917, 41.86567 ], [ -87.761445, 41.865647 ], [ -87.761954, 41.86564 ], [ -87.762126, 41.865638 ], [ -87.762199, 41.865636 ], [ -87.762299, 41.865635 ], [ -87.76274, 41.865629 ], [ -87.762935, 41.865626 ], [ -87.763181, 41.865623 ], [ -87.763406, 41.865619 ], [ -87.763994, 41.865611 ], [ -87.764083, 41.865608 ], [ -87.764309, 41.865601 ], [ -87.764553, 41.865593 ], [ -87.764569, 41.865593 ], [ -87.765287, 41.865581 ], [ -87.765532, 41.865578 ], [ -87.765777, 41.865575 ], [ -87.766512, 41.865566 ], [ -87.766758, 41.865564 ], [ -87.767003, 41.86556 ], [ -87.76774, 41.865549 ], [ -87.767986, 41.865546 ], [ -87.768231, 41.865542 ], [ -87.768968, 41.865532 ], [ -87.769214, 41.865529 ], [ -87.769459, 41.865525 ], [ -87.770196, 41.865515 ], [ -87.770442, 41.865512 ], [ -87.770688, 41.865508 ], [ -87.771425, 41.865498 ], [ -87.771672, 41.865495 ], [ -87.771916, 41.865491 ], [ -87.772651, 41.865481 ], [ -87.772896, 41.865479 ], [ -87.773144, 41.865475 ], [ -87.77389, 41.865462 ], [ -87.774139, 41.865459 ], [ -87.774139, 41.865705 ], [ -87.774143, 41.865825 ], [ -87.774146, 41.865915 ], [ -87.77417, 41.866602 ], [ -87.774181, 41.866923 ], [ -87.774195, 41.867289 ], [ -87.774208, 41.867654 ], [ -87.77425, 41.868749 ], [ -87.774264, 41.869114 ], [ -87.77427, 41.869373 ], [ -87.774274, 41.86953 ], [ -87.774285, 41.869945 ], [ -87.774286, 41.870023 ], [ -87.774279, 41.870151 ], [ -87.774276, 41.870213 ], [ -87.774276, 41.870411 ], [ -87.774276, 41.870453 ], [ -87.774276, 41.870508 ], [ -87.774279, 41.870581 ], [ -87.774281, 41.870624 ], [ -87.774286, 41.870747 ], [ -87.774287, 41.870772 ], [ -87.774301, 41.870924 ], [ -87.774308, 41.870994 ], [ -87.774312, 41.871036 ], [ -87.774315, 41.871064 ], [ -87.774317, 41.871085 ], [ -87.774318, 41.871106 ], [ -87.77432, 41.871125 ], [ -87.774326, 41.871183 ], [ -87.774331, 41.871241 ], [ -87.774345, 41.871414 ], [ -87.77435, 41.871546 ], [ -87.774375, 41.872132 ], [ -87.774385, 41.87231 ], [ -87.774393, 41.872464 ], [ -87.774397, 41.87254 ], [ -87.774409, 41.872771 ], [ -87.774411, 41.872826 ], [ -87.774419, 41.872997 ], [ -87.77442, 41.873046 ], [ -87.774428, 41.873376 ], [ -87.77444, 41.87385 ], [ -87.774458, 41.874366 ], [ -87.77447, 41.874696 ], [ -87.77448, 41.875039 ], [ -87.774499, 41.875682 ], [ -87.774513, 41.876071 ], [ -87.774526, 41.876415 ], [ -87.774534, 41.876653 ], [ -87.774558, 41.87737 ], [ -87.774567, 41.877609 ], [ -87.774571, 41.877732 ], [ -87.774583, 41.878054 ], [ -87.774584, 41.878101 ], [ -87.774589, 41.878225 ], [ -87.774603, 41.878597 ], [ -87.774612, 41.878818 ], [ -87.774634, 41.879411 ], [ -87.774636, 41.879484 ], [ -87.774639, 41.879557 ], [ -87.774654, 41.880044 ], [ -87.774658, 41.880151 ], [ -87.774664, 41.880337 ], [ -87.774671, 41.880587 ], [ -87.774672, 41.880618 ], [ -87.774689, 41.881065 ], [ -87.774705, 41.881541 ], [ -87.774712, 41.881822 ], [ -87.774721, 41.882103 ], [ -87.77473, 41.882377 ], [ -87.774733, 41.882508 ], [ -87.774738, 41.882651 ], [ -87.774758, 41.883323 ], [ -87.77477, 41.883726 ], [ -87.774778, 41.883994 ], [ -87.77478, 41.884063 ], [ -87.774782, 41.884132 ], [ -87.77479, 41.884375 ], [ -87.774814, 41.885104 ], [ -87.774823, 41.885348 ], [ -87.774824, 41.885393 ], [ -87.774829, 41.885529 ], [ -87.774831, 41.885575 ], [ -87.774881, 41.887072 ], [ -87.774889, 41.887142 ], [ -87.77489, 41.887238 ], [ -87.774891, 41.887326 ], [ -87.774893, 41.887411 ], [ -87.774894, 41.887459 ], [ -87.774898, 41.887586 ], [ -87.7749, 41.887673 ], [ -87.774909, 41.887934 ], [ -87.774913, 41.888021 ], [ -87.774918, 41.888217 ], [ -87.77492, 41.88825 ], [ -87.774928, 41.888478 ], [ -87.774931, 41.888558 ], [ -87.774934, 41.888639 ], [ -87.774938, 41.888773 ], [ -87.774938, 41.888805 ], [ -87.774942, 41.888907 ], [ -87.774946, 41.889001 ], [ -87.774952, 41.889204 ], [ -87.774954, 41.88925 ], [ -87.774962, 41.889498 ], [ -87.77497, 41.889758 ], [ -87.774971, 41.889813 ], [ -87.774979, 41.890017 ], [ -87.774982, 41.890112 ], [ -87.774991, 41.890399 ], [ -87.774994, 41.890495 ], [ -87.774995, 41.890521 ], [ -87.774997, 41.890595 ], [ -87.775002, 41.89076 ], [ -87.775006, 41.890899 ], [ -87.77501, 41.891 ], [ -87.775015, 41.891175 ], [ -87.775017, 41.891213 ], [ -87.775024, 41.891426 ], [ -87.77503, 41.891622 ], [ -87.775032, 41.891703 ], [ -87.775036, 41.891818 ], [ -87.775038, 41.89188 ], [ -87.775039, 41.891897 ], [ -87.775044, 41.89208 ], [ -87.775046, 41.892118 ], [ -87.775052, 41.892339 ], [ -87.775058, 41.892522 ], [ -87.77506, 41.89263 ], [ -87.775063, 41.892705 ], [ -87.775065, 41.89276 ], [ -87.775067, 41.892814 ], [ -87.775069, 41.892897 ], [ -87.775076, 41.893147 ], [ -87.775079, 41.893231 ], [ -87.775082, 41.893327 ], [ -87.775082, 41.893345 ], [ -87.77509, 41.893564 ], [ -87.775093, 41.893687 ], [ -87.775097, 41.893802 ], [ -87.775104, 41.893984 ], [ -87.77511, 41.894165 ], [ -87.775113, 41.894265 ], [ -87.77512, 41.894488 ], [ -87.775121, 41.89453 ], [ -87.775128, 41.894712 ], [ -87.775134, 41.894893 ], [ -87.775136, 41.894936 ], [ -87.775144, 41.895161 ], [ -87.775147, 41.895248 ], [ -87.775154, 41.895433 ], [ -87.77516, 41.895618 ], [ -87.775166, 41.895801 ], [ -87.775168, 41.895847 ], [ -87.775176, 41.896076 ], [ -87.775184, 41.896304 ], [ -87.775185, 41.896349 ], [ -87.775192, 41.896533 ], [ -87.775198, 41.896715 ], [ -87.7752, 41.89676 ], [ -87.775208, 41.896988 ], [ -87.775216, 41.897217 ], [ -87.775217, 41.897263 ], [ -87.775224, 41.897446 ], [ -87.775229, 41.897628 ], [ -87.775231, 41.897673 ], [ -87.775239, 41.897901 ], [ -87.775244, 41.898129 ], [ -87.775245, 41.898175 ], [ -87.775249, 41.898358 ], [ -87.775254, 41.898584 ], [ -87.775257, 41.89872 ], [ -87.77526, 41.898811 ], [ -87.775281, 41.89949 ], [ -87.77529, 41.899806 ], [ -87.775302, 41.900169 ], [ -87.775314, 41.900534 ], [ -87.77535, 41.901632 ], [ -87.775362, 41.901998 ], [ -87.775368, 41.902192 ], [ -87.775374, 41.90236 ], [ -87.775375, 41.902385 ], [ -87.775394, 41.903098 ], [ -87.775402, 41.903448 ], [ -87.775412, 41.903811 ], [ -87.775412, 41.903832 ], [ -87.775414, 41.903895 ], [ -87.775415, 41.903917 ], [ -87.775427, 41.904258 ], [ -87.775463, 41.905283 ], [ -87.775475, 41.905625 ], [ -87.775476, 41.905676 ], [ -87.775482, 41.905829 ], [ -87.775484, 41.905881 ], [ -87.775495, 41.906192 ], [ -87.775505, 41.906436 ], [ -87.775526, 41.90699 ], [ -87.77553, 41.907128 ], [ -87.775534, 41.907215 ], [ -87.775541, 41.90744 ], [ -87.775551, 41.907702 ], [ -87.775554, 41.907802 ], [ -87.775561, 41.907963 ], [ -87.775574, 41.908358 ], [ -87.775586, 41.908752 ], [ -87.775589, 41.908891 ], [ -87.775598, 41.909216 ], [ -87.7756, 41.909254 ], [ -87.775767, 41.909251 ], [ -87.776269, 41.909244 ], [ -87.776437, 41.909243 ], [ -87.776531, 41.909241 ], [ -87.776657, 41.90924 ], [ -87.776813, 41.909238 ], [ -87.776908, 41.909237 ], [ -87.777056, 41.909235 ], [ -87.777503, 41.909229 ], [ -87.777652, 41.909228 ], [ -87.777763, 41.909226 ], [ -87.778098, 41.909222 ], [ -87.77821, 41.909221 ], [ -87.778341, 41.909219 ], [ -87.778736, 41.909214 ], [ -87.778868, 41.909213 ], [ -87.778997, 41.909211 ], [ -87.779385, 41.909206 ], [ -87.779515, 41.909205 ], [ -87.779633, 41.909203 ], [ -87.779989, 41.909198 ], [ -87.780108, 41.909197 ], [ -87.78025, 41.909195 ], [ -87.780677, 41.909189 ], [ -87.78082, 41.909188 ], [ -87.780998, 41.909185 ], [ -87.781534, 41.909178 ], [ -87.781713, 41.909177 ], [ -87.781794, 41.909175 ], [ -87.781936, 41.909174 ], [ -87.782039, 41.909175 ], [ -87.782121, 41.909176 ], [ -87.782367, 41.909178 ], [ -87.782417, 41.909179 ], [ -87.783108, 41.909171 ], [ -87.783355, 41.909169 ], [ -87.783643, 41.909165 ], [ -87.784507, 41.909154 ], [ -87.784796, 41.909151 ], [ -87.784837, 41.90915 ], [ -87.78496, 41.909148 ], [ -87.785002, 41.909148 ], [ -87.785211, 41.909145 ], [ -87.785837, 41.909136 ], [ -87.786047, 41.909134 ], [ -87.786164, 41.909133 ], [ -87.786515, 41.909132 ], [ -87.786633, 41.909132 ], [ -87.786775, 41.909128 ], [ -87.787074, 41.909121 ], [ -87.787203, 41.909119 ], [ -87.787346, 41.909118 ], [ -87.787529, 41.909116 ], [ -87.788079, 41.909109 ], [ -87.788263, 41.909108 ], [ -87.788359, 41.909106 ], [ -87.788647, 41.909102 ], [ -87.788744, 41.909102 ], [ -87.788974, 41.9091 ], [ -87.789665, 41.909093 ], [ -87.789896, 41.909092 ], [ -87.789958, 41.909091 ], [ -87.790145, 41.909087 ], [ -87.790208, 41.909087 ], [ -87.790389, 41.909084 ], [ -87.790935, 41.909077 ], [ -87.791117, 41.909075 ], [ -87.791178, 41.909074 ], [ -87.791361, 41.909071 ], [ -87.791423, 41.909071 ], [ -87.791606, 41.909068 ], [ -87.792158, 41.909061 ], [ -87.792342, 41.909059 ], [ -87.792399, 41.909058 ], [ -87.792571, 41.909055 ], [ -87.792629, 41.909055 ], [ -87.792816, 41.909052 ], [ -87.793378, 41.909045 ], [ -87.793566, 41.909043 ], [ -87.79362, 41.909042 ], [ -87.793785, 41.909039 ], [ -87.793841, 41.909039 ], [ -87.794032, 41.909036 ], [ -87.794606, 41.909029 ], [ -87.794798, 41.909027 ], [ -87.794848, 41.909026 ], [ -87.795001, 41.909023 ], [ -87.795053, 41.909023 ], [ -87.79524, 41.90902 ], [ -87.7958, 41.909013 ], [ -87.795988, 41.909011 ], [ -87.7961, 41.909009 ], [ -87.796439, 41.909004 ], [ -87.796552, 41.909003 ], [ -87.796682, 41.909001 ], [ -87.797073, 41.908995 ], [ -87.797204, 41.908994 ], [ -87.797412, 41.908991 ], [ -87.797602, 41.908989 ], [ -87.798, 41.908984 ], [ -87.798039, 41.908983 ], [ -87.798124, 41.908982 ], [ -87.798248, 41.90898 ], [ -87.798288, 41.908979 ], [ -87.798409, 41.908977 ], [ -87.79845, 41.908977 ], [ -87.79868, 41.908974 ], [ -87.79937, 41.908965 ], [ -87.799601, 41.908963 ], [ -87.799736, 41.90896 ], [ -87.800141, 41.908953 ], [ -87.800277, 41.908952 ], [ -87.800457, 41.90895 ], [ -87.800999, 41.908943 ], [ -87.80118, 41.908942 ], [ -87.801366, 41.90894 ], [ -87.801926, 41.908935 ], [ -87.802113, 41.908934 ], [ -87.802683, 41.908917 ], [ -87.802727, 41.908917 ], [ -87.802885, 41.90894 ], [ -87.802918, 41.908946 ], [ -87.803678, 41.908946 ], [ -87.803944, 41.908946 ], [ -87.803995, 41.908944 ], [ -87.804148, 41.908938 ], [ -87.8042, 41.908937 ], [ -87.804332, 41.908933 ], [ -87.804509, 41.908924 ], [ -87.804808, 41.908909 ], [ -87.805413, 41.908897 ], [ -87.805438, 41.908897 ], [ -87.805748, 41.908904 ], [ -87.805764, 41.909264 ], [ -87.805768, 41.909335 ], [ -87.805769, 41.909595 ], [ -87.805807, 41.910345 ], [ -87.805826, 41.910706 ], [ -87.805891, 41.912533 ], [ -87.805949, 41.914361 ], [ -87.80596, 41.914726 ], [ -87.80597, 41.91505 ], [ -87.805992, 41.915739 ], [ -87.805994, 41.915823 ], [ -87.805998, 41.915964 ], [ -87.806005, 41.916189 ], [ -87.806007, 41.916215 ], [ -87.806018, 41.916555 ], [ -87.806021, 41.916648 ], [ -87.806043, 41.917336 ], [ -87.806053, 41.917656 ], [ -87.806065, 41.918023 ], [ -87.806076, 41.918389 ], [ -87.80611, 41.919489 ], [ -87.806122, 41.919856 ], [ -87.80613, 41.920099 ], [ -87.806154, 41.92083 ], [ -87.806162, 41.921074 ], [ -87.806166, 41.921202 ], [ -87.806178, 41.921586 ], [ -87.806183, 41.921715 ], [ -87.806186, 41.92183 ], [ -87.806197, 41.922177 ], [ -87.806201, 41.922293 ], [ -87.806206, 41.922453 ], [ -87.806221, 41.922933 ], [ -87.806226, 41.923093 ], [ -87.806226, 41.923146 ], [ -87.806229, 41.923282 ], [ -87.806229, 41.923306 ], [ -87.806229, 41.923322 ], [ -87.80623, 41.92336 ], [ -87.806232, 41.923464 ], [ -87.806233, 41.923489 ], [ -87.806242, 41.923592 ], [ -87.80625, 41.923877 ], [ -87.806255, 41.924007 ], [ -87.806262, 41.924265 ], [ -87.80627, 41.924523 ], [ -87.806286, 41.924922 ], [ -87.806291, 41.925058 ], [ -87.806303, 41.925321 ], [ -87.806309, 41.925503 ], [ -87.806327, 41.926051 ], [ -87.806333, 41.926234 ], [ -87.806339, 41.926413 ], [ -87.806358, 41.926951 ], [ -87.806365, 41.927131 ], [ -87.806369, 41.927255 ], [ -87.806382, 41.927627 ], [ -87.806387, 41.927752 ], [ -87.806395, 41.927989 ], [ -87.80642, 41.928702 ], [ -87.806429, 41.92894 ], [ -87.806431, 41.929019 ], [ -87.80644, 41.929258 ], [ -87.806443, 41.929338 ], [ -87.806453, 41.929633 ], [ -87.806464, 41.92995 ], [ -87.806484, 41.930519 ], [ -87.806495, 41.930815 ], [ -87.806502, 41.93101 ], [ -87.806507, 41.931164 ], [ -87.806509, 41.931206 ], [ -87.806532, 41.931884 ], [ -87.806543, 41.932213 ], [ -87.806556, 41.932563 ], [ -87.806568, 41.932925 ], [ -87.806605, 41.934013 ], [ -87.806618, 41.934376 ], [ -87.806624, 41.934511 ], [ -87.806868, 41.934509 ], [ -87.806928, 41.934509 ], [ -87.807232, 41.934507 ], [ -87.807538, 41.9345 ], [ -87.8076, 41.934498 ], [ -87.807845, 41.934493 ], [ -87.808089, 41.934488 ], [ -87.808149, 41.934487 ], [ -87.808453, 41.934481 ], [ -87.808759, 41.934474 ], [ -87.808821, 41.934472 ], [ -87.809065, 41.934467 ], [ -87.809309, 41.934461 ], [ -87.80937, 41.93446 ], [ -87.809676, 41.934454 ], [ -87.809981, 41.934448 ], [ -87.810042, 41.934446 ], [ -87.810287, 41.934441 ], [ -87.810531, 41.934436 ], [ -87.810592, 41.934435 ], [ -87.810896, 41.934429 ], [ -87.811202, 41.934422 ], [ -87.811262, 41.93442 ], [ -87.811507, 41.934416 ], [ -87.811751, 41.934411 ], [ -87.811821, 41.93441 ], [ -87.812134, 41.934403 ], [ -87.812432, 41.934397 ], [ -87.812484, 41.934395 ], [ -87.812729, 41.93439 ], [ -87.812973, 41.934384 ], [ -87.813034, 41.934383 ], [ -87.81334, 41.934377 ], [ -87.813646, 41.93437 ], [ -87.813707, 41.934368 ], [ -87.813952, 41.934364 ], [ -87.814196, 41.934359 ], [ -87.814258, 41.934358 ], [ -87.814564, 41.934352 ], [ -87.814868, 41.934345 ], [ -87.814928, 41.934343 ], [ -87.815172, 41.934338 ], [ -87.815415, 41.934333 ], [ -87.81547, 41.934332 ], [ -87.815768, 41.934326 ], [ -87.816046, 41.93432 ], [ -87.816146, 41.934317 ], [ -87.81639, 41.934313 ], [ -87.816402, 41.934678 ], [ -87.81644, 41.935773 ], [ -87.816453, 41.936138 ], [ -87.816465, 41.936498 ], [ -87.816477, 41.936822 ], [ -87.816501, 41.937505 ], [ -87.816504, 41.937578 ], [ -87.81651, 41.937722 ], [ -87.816519, 41.937939 ], [ -87.816639, 41.937934 ], [ -87.816763, 41.937931 ], [ -87.817495, 41.937918 ], [ -87.81774, 41.937914 ], [ -87.817984, 41.937909 ], [ -87.818719, 41.937893 ], [ -87.818964, 41.937889 ], [ -87.819208, 41.937884 ], [ -87.81994, 41.93787 ], [ -87.820185, 41.937866 ], [ -87.820429, 41.93786 ], [ -87.821162, 41.937844 ], [ -87.821407, 41.93784 ], [ -87.82165, 41.937835 ], [ -87.822382, 41.937821 ], [ -87.822626, 41.937817 ], [ -87.82287, 41.937811 ], [ -87.823602, 41.937795 ], [ -87.823847, 41.937791 ], [ -87.824092, 41.937786 ], [ -87.824827, 41.937771 ], [ -87.825073, 41.937767 ], [ -87.825309, 41.937762 ], [ -87.825716, 41.937755 ], [ -87.826017, 41.937752 ], [ -87.826254, 41.93775 ], [ -87.826317, 41.937749 ], [ -87.826558, 41.937749 ], [ -87.827284, 41.937734 ], [ -87.827526, 41.937729 ], [ -87.828764, 41.937705 ], [ -87.829045, 41.937699 ], [ -87.829325, 41.937693 ], [ -87.829664, 41.937686 ], [ -87.830005, 41.93768 ], [ -87.831242, 41.937655 ], [ -87.831421, 41.937651 ], [ -87.831958, 41.93764 ], [ -87.832138, 41.937637 ], [ -87.832438, 41.937631 ], [ -87.832632, 41.937628 ], [ -87.832676, 41.937627 ], [ -87.832827, 41.937625 ], [ -87.833211, 41.937617 ], [ -87.833393, 41.937602 ], [ -87.833449, 41.937598 ], [ -87.833632, 41.937594 ], [ -87.833867, 41.937589 ], [ -87.834574, 41.937575 ], [ -87.834618, 41.937575 ], [ -87.83481, 41.937576 ], [ -87.834993, 41.937578 ], [ -87.83506, 41.937576 ], [ -87.835809, 41.937563 ], [ -87.83606, 41.937559 ], [ -87.837462, 41.937533 ], [ -87.837829, 41.937525 ], [ -87.839906, 41.937481 ], [ -87.84037, 41.937472 ], [ -87.842982, 41.937417 ], [ -87.843135, 41.937414 ], [ -87.844446, 41.937395 ], [ -87.844905, 41.937384 ], [ -87.845315, 41.937375 ], [ -87.846549, 41.937351 ], [ -87.84696, 41.937343 ], [ -87.847485, 41.937332 ], [ -87.84792, 41.937324 ], [ -87.848881, 41.937304 ], [ -87.849062, 41.937299 ], [ -87.849193, 41.937296 ], [ -87.849403, 41.937291 ], [ -87.849495, 41.937288 ], [ -87.849588, 41.937286 ], [ -87.849639, 41.937341 ], [ -87.849778, 41.937528 ], [ -87.849889, 41.937645 ], [ -87.849994, 41.937718 ], [ -87.85007, 41.937762 ], [ -87.850289, 41.937901 ], [ -87.850571, 41.938096 ], [ -87.850672, 41.938158 ], [ -87.850868, 41.938277 ], [ -87.851011, 41.93837 ], [ -87.85105, 41.93839 ], [ -87.851084, 41.938416 ], [ -87.851499, 41.93881 ], [ -87.851525, 41.93884 ], [ -87.851754, 41.939193 ], [ -87.851884, 41.939424 ], [ -87.85192, 41.939528 ], [ -87.852062, 41.940518 ], [ -87.852104, 41.940729 ], [ -87.852164, 41.940975 ], [ -87.852209, 41.941114 ], [ -87.852473, 41.941774 ], [ -87.852483, 41.941797 ], [ -87.852836, 41.942573 ], [ -87.853018, 41.94307 ], [ -87.853176, 41.943501 ], [ -87.853228, 41.943665 ], [ -87.853332, 41.943988 ], [ -87.85342, 41.944191 ], [ -87.853627, 41.944779 ], [ -87.853758, 41.945085 ], [ -87.853832, 41.945217 ], [ -87.853922, 41.945424 ], [ -87.85398, 41.945557 ], [ -87.854157, 41.945889 ], [ -87.854205, 41.945988 ], [ -87.854529, 41.946588 ], [ -87.854595, 41.946722 ], [ -87.854729, 41.947022 ], [ -87.854966, 41.947572 ], [ -87.855033, 41.947705 ], [ -87.855055, 41.947737 ], [ -87.855166, 41.947934 ], [ -87.855249, 41.948213 ], [ -87.855249, 41.948284 ], [ -87.855223, 41.948533 ], [ -87.855179, 41.94878 ], [ -87.855167, 41.948814 ], [ -87.855078, 41.94916 ], [ -87.854996, 41.949364 ], [ -87.854833, 41.949698 ], [ -87.854805, 41.949766 ], [ -87.854687, 41.949999 ], [ -87.854657, 41.950067 ], [ -87.854638, 41.950099 ], [ -87.854579, 41.950235 ], [ -87.854569, 41.950259 ], [ -87.854392, 41.950713 ], [ -87.854209, 41.951115 ], [ -87.854184, 41.951184 ], [ -87.854117, 41.951328 ], [ -87.854008, 41.951334 ], [ -87.852643, 41.951408 ], [ -87.848223, 41.95165 ], [ -87.847765, 41.951676 ], [ -87.847737, 41.951927 ], [ -87.847654, 41.952686 ], [ -87.84755, 41.953895 ], [ -87.847438, 41.955205 ], [ -87.847392, 41.955758 ], [ -87.847716, 41.955748 ], [ -87.84818, 41.955735 ], [ -87.852755, 41.955607 ], [ -87.852968, 41.955596 ], [ -87.85318, 41.955586 ], [ -87.853794, 41.955554 ], [ -87.855468, 41.95547 ], [ -87.856914, 41.955396 ], [ -87.857755, 41.955354 ], [ -87.857854, 41.955346 ], [ -87.857954, 41.955338 ], [ -87.858002, 41.955372 ], [ -87.858169, 41.9555 ], [ -87.858224, 41.955559 ], [ -87.858386, 41.955756 ], [ -87.858399, 41.955772 ], [ -87.858507, 41.95593 ], [ -87.858645, 41.956159 ], [ -87.858802, 41.956495 ], [ -87.858864, 41.956777 ], [ -87.858884, 41.956954 ], [ -87.858872, 41.957097 ], [ -87.858845, 41.957273 ], [ -87.858801, 41.957444 ], [ -87.858735, 41.957498 ], [ -87.858678, 41.957556 ], [ -87.858457, 41.957934 ], [ -87.858334, 41.958145 ], [ -87.858265, 41.95827 ], [ -87.858104, 41.958536 ], [ -87.858019, 41.958664 ], [ -87.857719, 41.959072 ], [ -87.857629, 41.959241 ], [ -87.857447, 41.959583 ], [ -87.857278, 41.959899 ], [ -87.857203, 41.960028 ], [ -87.857165, 41.960096 ], [ -87.857046, 41.96029 ], [ -87.856818, 41.960683 ], [ -87.85662, 41.961046 ], [ -87.85648, 41.961368 ], [ -87.856458, 41.961421 ], [ -87.856373, 41.961587 ], [ -87.856333, 41.961652 ], [ -87.856265, 41.961785 ], [ -87.856244, 41.961817 ], [ -87.856127, 41.962029 ], [ -87.855985, 41.962213 ], [ -87.85588, 41.962333 ], [ -87.855808, 41.962425 ], [ -87.855705, 41.9626 ], [ -87.855694, 41.96262 ], [ -87.85568, 41.96269 ], [ -87.85564, 41.962829 ], [ -87.855633, 41.963043 ], [ -87.855781, 41.964036 ], [ -87.855796, 41.96432 ], [ -87.855762, 41.964497 ], [ -87.85572, 41.964599 ], [ -87.85571, 41.964634 ], [ -87.855693, 41.964668 ], [ -87.855651, 41.964732 ], [ -87.855556, 41.964855 ], [ -87.85545, 41.964975 ], [ -87.855256, 41.965263 ], [ -87.855246, 41.965279 ], [ -87.855038, 41.965659 ], [ -87.854871, 41.965993 ], [ -87.854841, 41.966138 ], [ -87.854783, 41.966415 ], [ -87.854772, 41.966486 ], [ -87.854778, 41.9667 ], [ -87.854831, 41.96709 ], [ -87.854887, 41.9673 ], [ -87.85504, 41.967787 ], [ -87.855117, 41.968102 ], [ -87.855121, 41.968137 ], [ -87.85512, 41.968244 ], [ -87.855107, 41.968315 ], [ -87.855069, 41.968607 ], [ -87.855062, 41.968669 ], [ -87.855038, 41.968774 ], [ -87.854985, 41.968949 ], [ -87.854857, 41.969254 ], [ -87.854489, 41.970024 ], [ -87.854257, 41.970489 ], [ -87.854232, 41.970557 ], [ -87.854225, 41.970593 ], [ -87.854197, 41.97066 ], [ -87.854116, 41.970975 ], [ -87.854105, 41.971046 ], [ -87.854099, 41.971153 ], [ -87.854102, 41.971224 ], [ -87.854123, 41.971329 ], [ -87.85415, 41.971434 ], [ -87.854163, 41.971468 ], [ -87.854214, 41.971568 ], [ -87.8543, 41.971695 ], [ -87.854338, 41.97176 ], [ -87.854384, 41.971823 ], [ -87.854675, 41.972106 ], [ -87.854891, 41.972296 ], [ -87.855033, 41.972393 ], [ -87.855199, 41.972465 ], [ -87.855373, 41.972527 ], [ -87.85542, 41.972536 ], [ -87.855516, 41.972534 ], [ -87.855564, 41.972538 ], [ -87.855758, 41.972531 ], [ -87.856042, 41.972488 ], [ -87.856271, 41.972432 ], [ -87.856315, 41.972417 ], [ -87.856607, 41.97229 ], [ -87.856831, 41.972181 ], [ -87.857066, 41.972056 ], [ -87.857368, 41.971877 ], [ -87.857639, 41.971728 ], [ -87.85781, 41.971663 ], [ -87.857989, 41.971609 ], [ -87.858024, 41.971596 ], [ -87.858076, 41.971578 ], [ -87.858169, 41.97156 ], [ -87.858357, 41.971531 ], [ -87.858685, 41.971474 ], [ -87.85878, 41.971462 ], [ -87.859021, 41.971467 ], [ -87.859213, 41.971482 ], [ -87.859304, 41.971506 ], [ -87.859352, 41.971514 ], [ -87.859529, 41.971571 ], [ -87.860058, 41.971819 ], [ -87.860375, 41.971983 ], [ -87.86042, 41.97201 ], [ -87.860564, 41.972095 ], [ -87.860759, 41.972223 ], [ -87.860924, 41.972332 ], [ -87.861094, 41.972458 ], [ -87.861158, 41.972511 ], [ -87.861195, 41.972534 ], [ -87.861438, 41.972756 ], [ -87.861659, 41.97299 ], [ -87.861669, 41.973004 ], [ -87.861682, 41.973022 ], [ -87.861827, 41.973286 ], [ -87.861854, 41.973359 ], [ -87.861938, 41.973349 ], [ -87.861973, 41.973346 ], [ -87.862126, 41.973328 ], [ -87.862193, 41.97332 ], [ -87.862278, 41.973311 ], [ -87.862636, 41.973302 ], [ -87.86371, 41.973275 ], [ -87.864068, 41.973266 ], [ -87.864343, 41.973258 ], [ -87.864858, 41.973244 ], [ -87.865166, 41.973237 ], [ -87.865442, 41.973232 ], [ -87.86547, 41.973231 ], [ -87.865555, 41.973229 ], [ -87.865584, 41.973229 ], [ -87.865828, 41.973223 ], [ -87.866565, 41.973205 ], [ -87.866811, 41.9732 ], [ -87.867175, 41.973194 ], [ -87.868608, 41.973174 ], [ -87.868724, 41.973172 ], [ -87.868792, 41.97317 ], [ -87.868849, 41.973169 ], [ -87.869082, 41.973155 ], [ -87.869226, 41.973153 ], [ -87.869316, 41.973148 ], [ -87.869407, 41.973144 ], [ -87.869512, 41.973138 ], [ -87.869617, 41.973133 ], [ -87.869887, 41.973124 ], [ -87.869918, 41.973123 ], [ -87.870729, 41.973102 ], [ -87.871008, 41.973096 ], [ -87.871317, 41.973088 ], [ -87.872247, 41.973065 ], [ -87.872321, 41.973064 ], [ -87.872558, 41.973064 ], [ -87.873222, 41.973064 ], [ -87.875217, 41.973067 ], [ -87.875781, 41.973068 ], [ -87.875882, 41.973068 ], [ -87.875943, 41.973067 ], [ -87.87598, 41.973067 ], [ -87.876275, 41.973066 ], [ -87.876374, 41.973066 ], [ -87.876544, 41.973071 ], [ -87.877055, 41.973086 ], [ -87.877212, 41.973092 ], [ -87.877226, 41.973092 ], [ -87.877355, 41.973081 ], [ -87.877439, 41.973074 ], [ -87.877563, 41.973064 ], [ -87.877652, 41.973057 ], [ -87.877744, 41.973049 ], [ -87.877763, 41.973048 ], [ -87.877874, 41.973039 ], [ -87.877941, 41.973034 ], [ -87.878145, 41.973022 ], [ -87.878213, 41.973018 ], [ -87.878881, 41.973034 ], [ -87.880878, 41.973082 ], [ -87.880877, 41.973068 ], [ -87.880865, 41.972405 ], [ -87.880853, 41.971037 ], [ -87.880836, 41.969 ], [ -87.880818, 41.966933 ], [ -87.880807, 41.965566 ], [ -87.88078, 41.965516 ], [ -87.880777, 41.965447 ], [ -87.880755, 41.963367 ], [ -87.880754, 41.963218 ], [ -87.88075, 41.962838 ], [ -87.880746, 41.962457 ], [ -87.880736, 41.961468 ], [ -87.880726, 41.960479 ], [ -87.88071, 41.960079 ], [ -87.880662, 41.958879 ], [ -87.880646, 41.95848 ], [ -87.880628, 41.958207 ], [ -87.880576, 41.957388 ], [ -87.880559, 41.957115 ], [ -87.881094, 41.957138 ], [ -87.8827, 41.957209 ], [ -87.883236, 41.957233 ], [ -87.883448, 41.957289 ], [ -87.883583, 41.957326 ], [ -87.884028, 41.957451 ], [ -87.884084, 41.957466 ], [ -87.884297, 41.957526 ], [ -87.884809, 41.957569 ], [ -87.886345, 41.957698 ], [ -87.886857, 41.957742 ], [ -87.887267, 41.95778 ], [ -87.8885, 41.957895 ], [ -87.888911, 41.957934 ], [ -87.88898, 41.957941 ], [ -87.889187, 41.957966 ], [ -87.889256, 41.957974 ], [ -87.889557, 41.957985 ], [ -87.889825, 41.957995 ], [ -87.890394, 41.958017 ], [ -87.890461, 41.958019 ], [ -87.890578, 41.958023 ], [ -87.890763, 41.95803 ], [ -87.891904, 41.958057 ], [ -87.893087, 41.958086 ], [ -87.893194, 41.955847 ], [ -87.893212, 41.955473 ], [ -87.89323, 41.95509 ], [ -87.893248, 41.954707 ], [ -87.893232, 41.954637 ], [ -87.893131, 41.954191 ], [ -87.89278, 41.952645 ], [ -87.892663, 41.95213 ], [ -87.892666, 41.951846 ], [ -87.892662, 41.950995 ], [ -87.892661, 41.950712 ], [ -87.893572, 41.950697 ], [ -87.89402, 41.950691 ], [ -87.895679, 41.95066 ], [ -87.896282, 41.950649 ], [ -87.896698, 41.950642 ], [ -87.897162, 41.950637 ], [ -87.897999, 41.950709 ], [ -87.900511, 41.950926 ], [ -87.901349, 41.950999 ], [ -87.901495, 41.951006 ], [ -87.901935, 41.951028 ], [ -87.902082, 41.951036 ], [ -87.902361, 41.95105 ], [ -87.903412, 41.95113 ], [ -87.90345, 41.951133 ], [ -87.904682, 41.951261 ], [ -87.905289, 41.951339 ], [ -87.90635, 41.951494 ], [ -87.90667, 41.951546 ], [ -87.907375, 41.951672 ], [ -87.907565, 41.951706 ], [ -87.907785, 41.951749 ], [ -87.90826, 41.951851 ], [ -87.908528, 41.951919 ], [ -87.908677, 41.951963 ], [ -87.909504, 41.952189 ], [ -87.911794, 41.952818 ], [ -87.914166, 41.953458 ], [ -87.914454, 41.953536 ], [ -87.914454, 41.953654 ], [ -87.914453, 41.954284 ], [ -87.914451, 41.956177 ], [ -87.914451, 41.956808 ], [ -87.91451, 41.956846 ], [ -87.914567, 41.95688 ], [ -87.914697, 41.956956 ], [ -87.914924, 41.95708 ], [ -87.915052, 41.95714 ], [ -87.91514, 41.957181 ], [ -87.915163, 41.95719 ], [ -87.915505, 41.957324 ], [ -87.915559, 41.957346 ], [ -87.91562, 41.957368 ], [ -87.91573, 41.957408 ], [ -87.915854, 41.957449 ], [ -87.915953, 41.957482 ], [ -87.916247, 41.957567 ], [ -87.916554, 41.957647 ], [ -87.916804, 41.957701 ], [ -87.917397, 41.957802 ], [ -87.917605, 41.957826 ], [ -87.917995, 41.957894 ], [ -87.918114, 41.957914 ], [ -87.918235, 41.957928 ], [ -87.918846, 41.958014 ], [ -87.92, 41.958151 ], [ -87.920171, 41.958165 ], [ -87.920172, 41.958049 ], [ -87.920187, 41.95612 ], [ -87.920189, 41.955623 ], [ -87.920191, 41.95522 ], [ -87.920192, 41.954721 ], [ -87.920195, 41.954028 ], [ -87.920195, 41.953719 ], [ -87.920197, 41.953339 ], [ -87.920197, 41.95331 ], [ -87.920197, 41.953259 ], [ -87.920449, 41.953322 ], [ -87.922033, 41.953714 ], [ -87.923477, 41.954071 ], [ -87.923859, 41.954159 ], [ -87.925275, 41.954458 ], [ -87.926074, 41.954604 ], [ -87.926595, 41.954699 ], [ -87.927398, 41.954836 ], [ -87.927859, 41.954905 ], [ -87.927963, 41.954921 ], [ -87.928166, 41.954951 ], [ -87.929242, 41.955114 ], [ -87.930175, 41.955258 ], [ -87.931784, 41.955497 ], [ -87.931864, 41.955509 ], [ -87.932205, 41.95556 ], [ -87.933017, 41.955688 ], [ -87.933809, 41.955806 ], [ -87.934079, 41.955848 ], [ -87.934237, 41.955872 ], [ -87.93453, 41.955914 ], [ -87.935276, 41.956027 ], [ -87.935698, 41.956094 ], [ -87.935754, 41.956101 ], [ -87.936002, 41.956136 ], [ -87.936167, 41.956161 ], [ -87.937048, 41.956296 ], [ -87.938245, 41.956479 ], [ -87.939608, 41.956685 ], [ -87.939604, 41.956904 ], [ -87.93962, 41.958485 ], [ -87.939058, 41.958485 ], [ -87.939001, 41.958485 ], [ -87.939091, 41.958711 ], [ -87.939139, 41.95888 ], [ -87.939174, 41.959047 ], [ -87.939211, 41.9593 ], [ -87.93922, 41.959517 ], [ -87.939229, 41.960889 ], [ -87.939237, 41.962164 ], [ -87.939253, 41.964627 ], [ -87.939307, 41.964627 ], [ -87.939584, 41.96463 ], [ -87.939584, 41.964769 ], [ -87.939589, 41.965196 ], [ -87.939606, 41.966744 ], [ -87.939612, 41.967292 ], [ -87.939613, 41.967326 ], [ -87.939632, 41.96903 ], [ -87.939633, 41.969076 ], [ -87.939645, 41.969275 ], [ -87.939673, 41.971821 ], [ -87.939687, 41.972078 ], [ -87.939692, 41.973303 ], [ -87.939693, 41.973477 ], [ -87.939702, 41.975937 ], [ -87.939707, 41.976789 ], [ -87.939717, 41.976966 ], [ -87.939711, 41.977398 ], [ -87.939779, 41.983779 ], [ -87.939417, 41.983765 ], [ -87.939371, 41.983763 ], [ -87.939123, 41.98375 ], [ -87.939048, 41.983756 ], [ -87.938995, 41.98376 ], [ -87.938859, 41.983771 ], [ -87.938848, 41.983763 ], [ -87.938573, 41.983789 ], [ -87.938441, 41.983813 ], [ -87.938352, 41.98384 ], [ -87.938228, 41.983859 ], [ -87.938134, 41.983867 ], [ -87.938076, 41.983883 ], [ -87.937807, 41.98399 ], [ -87.93762, 41.984083 ], [ -87.937573, 41.984115 ], [ -87.93749, 41.984202 ], [ -87.937376, 41.984351 ], [ -87.937296, 41.984502 ], [ -87.93727, 41.984566 ], [ -87.937068, 41.984888 ], [ -87.936912, 41.985179 ], [ -87.936806, 41.98536 ], [ -87.936773, 41.985435 ], [ -87.936688, 41.985575 ], [ -87.936603, 41.985758 ], [ -87.936538, 41.985849 ], [ -87.936514, 41.985891 ], [ -87.936486, 41.985923 ], [ -87.936416, 41.986044 ], [ -87.936338, 41.986162 ], [ -87.936148, 41.986502 ], [ -87.936073, 41.986645 ], [ -87.936008, 41.986739 ], [ -87.935881, 41.986956 ], [ -87.935827, 41.987034 ], [ -87.935792, 41.987107 ], [ -87.935715, 41.987225 ], [ -87.935635, 41.98737 ], [ -87.935549, 41.987509 ], [ -87.935448, 41.987707 ], [ -87.935428, 41.987731 ], [ -87.935396, 41.987799 ], [ -87.935274, 41.988019 ], [ -87.935209, 41.988108 ], [ -87.935097, 41.988343 ], [ -87.935068, 41.988383 ], [ -87.934903, 41.98826 ], [ -87.934844, 41.988205 ], [ -87.934773, 41.988152 ], [ -87.934725, 41.988109 ], [ -87.934659, 41.988038 ], [ -87.934637, 41.988008 ], [ -87.934616, 41.987966 ], [ -87.934562, 41.987831 ], [ -87.934503, 41.987625 ], [ -87.934416, 41.987381 ], [ -87.934258, 41.9869 ], [ -87.934165, 41.98655 ], [ -87.934141, 41.986493 ], [ -87.934111, 41.986437 ], [ -87.934068, 41.986322 ], [ -87.933968, 41.986092 ], [ -87.93396, 41.986047 ], [ -87.933913, 41.98595 ], [ -87.933725, 41.985489 ], [ -87.933621, 41.985308 ], [ -87.933568, 41.985237 ], [ -87.933501, 41.985166 ], [ -87.933412, 41.985081 ], [ -87.933367, 41.985046 ], [ -87.933248, 41.984973 ], [ -87.932981, 41.984827 ], [ -87.932868, 41.984773 ], [ -87.932695, 41.984704 ], [ -87.932546, 41.98466 ], [ -87.932145, 41.984576 ], [ -87.931911, 41.984541 ], [ -87.931766, 41.984511 ], [ -87.931788, 41.984529 ], [ -87.931868, 41.984543 ], [ -87.932055, 41.984583 ], [ -87.932427, 41.984652 ], [ -87.93263, 41.984704 ], [ -87.932834, 41.984784 ], [ -87.933067, 41.984893 ], [ -87.933154, 41.984946 ], [ -87.933201, 41.98497 ], [ -87.933326, 41.98505 ], [ -87.933421, 41.985125 ], [ -87.93353, 41.98524 ], [ -87.933614, 41.985351 ], [ -87.933728, 41.985582 ], [ -87.93383, 41.985841 ], [ -87.933863, 41.985934 ], [ -87.933928, 41.986092 ], [ -87.934016, 41.986275 ], [ -87.934132, 41.986556 ], [ -87.934236, 41.986933 ], [ -87.934338, 41.987237 ], [ -87.934435, 41.987497 ], [ -87.934522, 41.987796 ], [ -87.934543, 41.987893 ], [ -87.934573, 41.98796 ], [ -87.934636, 41.988052 ], [ -87.93486, 41.988242 ], [ -87.934878, 41.988267 ], [ -87.93493, 41.988317 ], [ -87.935054, 41.988406 ], [ -87.935051, 41.988424 ], [ -87.935056, 41.988495 ], [ -87.935033, 41.98855 ], [ -87.934997, 41.988608 ], [ -87.934948, 41.988664 ], [ -87.93485, 41.988819 ], [ -87.934811, 41.988862 ], [ -87.934691, 41.98904 ], [ -87.934616, 41.989126 ], [ -87.934546, 41.989251 ], [ -87.93447, 41.989425 ], [ -87.934398, 41.98952 ], [ -87.934289, 41.989773 ], [ -87.934246, 41.98985 ], [ -87.934204, 41.989953 ], [ -87.934152, 41.990035 ], [ -87.934121, 41.990117 ], [ -87.934102, 41.990148 ], [ -87.934081, 41.9902 ], [ -87.933915, 41.990445 ], [ -87.93376, 41.990739 ], [ -87.933441, 41.991282 ], [ -87.933261, 41.991619 ], [ -87.933193, 41.991731 ], [ -87.933126, 41.991826 ], [ -87.932996, 41.992033 ], [ -87.93298, 41.992068 ], [ -87.932837, 41.992318 ], [ -87.932714, 41.992554 ], [ -87.932615, 41.992728 ], [ -87.932515, 41.992927 ], [ -87.932398, 41.993106 ], [ -87.932333, 41.993187 ], [ -87.932305, 41.99321 ], [ -87.932111, 41.993344 ], [ -87.932026, 41.993414 ], [ -87.931982, 41.993442 ], [ -87.931879, 41.993521 ], [ -87.931951, 41.993593 ], [ -87.931983, 41.993573 ], [ -87.932143, 41.993448 ], [ -87.932239, 41.993385 ], [ -87.932276, 41.993347 ], [ -87.932352, 41.99329 ], [ -87.932444, 41.993203 ], [ -87.932497, 41.993129 ], [ -87.932606, 41.992945 ], [ -87.932691, 41.992785 ], [ -87.932732, 41.992726 ], [ -87.9328, 41.992579 ], [ -87.932933, 41.992361 ], [ -87.932989, 41.992255 ], [ -87.933025, 41.992197 ], [ -87.933094, 41.992043 ], [ -87.933157, 41.991946 ], [ -87.933186, 41.99189 ], [ -87.933244, 41.991802 ], [ -87.933263, 41.991761 ], [ -87.933306, 41.991722 ], [ -87.933328, 41.991684 ], [ -87.933532, 41.991357 ], [ -87.933885, 41.990662 ], [ -87.934144, 41.990247 ], [ -87.934168, 41.990182 ], [ -87.934179, 41.990165 ], [ -87.934261, 41.989973 ], [ -87.934335, 41.989823 ], [ -87.934356, 41.989756 ], [ -87.934511, 41.98948 ], [ -87.934651, 41.989192 ], [ -87.934741, 41.989071 ], [ -87.934865, 41.988892 ], [ -87.934977, 41.988747 ], [ -87.934989, 41.988725 ], [ -87.935048, 41.988651 ], [ -87.935091, 41.988594 ], [ -87.935131, 41.98854 ], [ -87.935165, 41.988408 ], [ -87.935208, 41.988296 ], [ -87.935259, 41.988191 ], [ -87.935324, 41.988102 ], [ -87.935433, 41.987992 ], [ -87.935466, 41.987972 ], [ -87.93558, 41.987893 ], [ -87.935872, 41.987647 ], [ -87.935965, 41.987581 ], [ -87.936068, 41.987499 ], [ -87.936115, 41.987472 ], [ -87.936176, 41.98743 ], [ -87.936209, 41.9874 ], [ -87.936274, 41.987358 ], [ -87.936329, 41.987334 ], [ -87.936387, 41.987298 ], [ -87.936465, 41.987261 ], [ -87.936594, 41.98719 ], [ -87.936866, 41.987075 ], [ -87.937008, 41.987008 ], [ -87.937106, 41.986968 ], [ -87.937273, 41.986921 ], [ -87.937371, 41.986906 ], [ -87.937493, 41.986896 ], [ -87.937544, 41.986861 ], [ -87.937563, 41.986841 ], [ -87.93759, 41.986828 ], [ -87.937729, 41.986806 ], [ -87.938499, 41.986679 ], [ -87.938589, 41.986679 ], [ -87.93869, 41.986697 ], [ -87.938741, 41.986715 ], [ -87.938788, 41.986724 ], [ -87.93884, 41.986724 ], [ -87.93888, 41.986712 ], [ -87.939013, 41.986713 ], [ -87.939069, 41.986714 ], [ -87.939381, 41.986717 ], [ -87.939436, 41.986718 ], [ -87.939554, 41.986719 ], [ -87.939593, 41.986717 ], [ -87.93965, 41.986723 ], [ -87.939829, 41.986727 ], [ -87.939832, 41.98693 ], [ -87.939842, 41.987523 ], [ -87.939946, 41.993481 ], [ -87.938967, 41.993515 ], [ -87.938843, 41.99401 ], [ -87.938653, 41.994543 ], [ -87.938333, 41.995301 ], [ -87.937989, 41.99598 ], [ -87.937759, 41.996518 ], [ -87.937473, 41.997132 ], [ -87.937419, 41.997223 ], [ -87.937433, 41.997431 ], [ -87.937512, 41.99833 ], [ -87.938748, 41.998232 ], [ -87.940032, 41.998131 ], [ -87.940034, 41.998223 ], [ -87.94004, 41.998499 ], [ -87.940042, 41.998591 ], [ -87.940047, 41.998818 ], [ -87.940064, 41.999502 ], [ -87.940069, 41.999679 ], [ -87.94007, 41.99973 ], [ -87.940076, 41.999969 ], [ -87.940081, 42.000148 ], [ -87.940094, 42.000686 ], [ -87.940097, 42.000792 ], [ -87.939932, 42.000791 ], [ -87.938973, 42.000805 ], [ -87.938022, 42.000824 ], [ -87.937063, 42.000843 ] ], [ [ -87.902141, 42.003407 ], [ -87.90214, 42.003677 ], [ -87.902147, 42.004188 ], [ -87.903147, 42.004176 ], [ -87.903739, 42.004176 ], [ -87.903723, 42.003724 ], [ -87.903712, 42.00339 ], [ -87.903367, 42.003388 ], [ -87.902507, 42.003402 ], [ -87.902141, 42.003407 ] ], [ [ -87.846559, 41.968222 ], [ -87.846559, 41.967858 ], [ -87.846559, 41.966769 ], [ -87.84656, 41.966407 ], [ -87.8463, 41.966414 ], [ -87.846091, 41.966421 ], [ -87.84552, 41.966432 ], [ -87.845261, 41.966438 ], [ -87.844048, 41.966462 ], [ -87.843797, 41.966466 ], [ -87.8428, 41.966484 ], [ -87.84172, 41.966504 ], [ -87.841595, 41.966507 ], [ -87.840691, 41.966526 ], [ -87.840397, 41.966532 ], [ -87.840276, 41.966533 ], [ -87.839914, 41.966538 ], [ -87.839794, 41.96654 ], [ -87.839666, 41.966541 ], [ -87.839285, 41.966547 ], [ -87.839158, 41.96655 ], [ -87.839101, 41.96655 ], [ -87.838931, 41.966554 ], [ -87.838875, 41.966555 ], [ -87.838686, 41.966558 ], [ -87.83863, 41.966559 ], [ -87.838385, 41.966563 ], [ -87.83816, 41.966568 ], [ -87.838122, 41.966568 ], [ -87.837934, 41.966572 ], [ -87.837684, 41.966576 ], [ -87.836934, 41.966592 ], [ -87.836685, 41.966597 ], [ -87.83669, 41.966311 ], [ -87.836701, 41.965806 ], [ -87.836701, 41.965455 ], [ -87.836701, 41.96517 ], [ -87.836701, 41.965072 ], [ -87.836701, 41.96484 ], [ -87.8367, 41.96478 ], [ -87.8367, 41.964683 ], [ -87.836698, 41.964418 ], [ -87.836695, 41.963624 ], [ -87.836694, 41.96336 ], [ -87.836693, 41.963297 ], [ -87.836693, 41.963111 ], [ -87.836693, 41.963049 ], [ -87.836693, 41.962758 ], [ -87.836694, 41.961889 ], [ -87.836695, 41.961599 ], [ -87.836695, 41.96148 ], [ -87.836696, 41.961311 ], [ -87.836697, 41.961123 ], [ -87.836699, 41.961005 ], [ -87.836698, 41.960954 ], [ -87.836698, 41.960804 ], [ -87.836698, 41.960754 ], [ -87.836698, 41.96058 ], [ -87.836699, 41.960058 ], [ -87.8367, 41.959885 ], [ -87.836699, 41.95978 ], [ -87.836699, 41.959464 ], [ -87.836699, 41.95936 ], [ -87.835894, 41.959374 ], [ -87.834526, 41.9594 ], [ -87.833853, 41.959411 ], [ -87.833482, 41.959419 ], [ -87.832678, 41.959438 ], [ -87.832672, 41.959415 ], [ -87.832656, 41.959346 ], [ -87.832651, 41.959323 ], [ -87.832639, 41.959272 ], [ -87.832604, 41.959076 ], [ -87.832493, 41.958628 ], [ -87.832342, 41.958017 ], [ -87.83223, 41.957594 ], [ -87.832075, 41.956979 ], [ -87.832002, 41.956609 ], [ -87.831991, 41.956549 ], [ -87.831975, 41.95645 ], [ -87.831967, 41.956377 ], [ -87.831872, 41.955925 ], [ -87.831856, 41.95585 ], [ -87.831821, 41.955701 ], [ -87.831822, 41.955473 ], [ -87.831834, 41.955171 ], [ -87.831822, 41.954554 ], [ -87.831823, 41.954353 ], [ -87.831825, 41.954096 ], [ -87.831824, 41.953978 ], [ -87.831815, 41.953782 ], [ -87.831812, 41.953615 ], [ -87.8318, 41.952667 ], [ -87.831796, 41.952526 ], [ -87.83179, 41.952308 ], [ -87.831793, 41.952164 ], [ -87.831548, 41.952169 ], [ -87.830817, 41.952187 ], [ -87.830573, 41.952194 ], [ -87.830328, 41.9522 ], [ -87.829594, 41.952219 ], [ -87.82935, 41.952226 ], [ -87.829103, 41.952231 ], [ -87.828365, 41.95225 ], [ -87.828119, 41.952257 ], [ -87.827892, 41.952262 ], [ -87.827215, 41.952279 ], [ -87.826989, 41.952285 ], [ -87.826964, 41.952285 ], [ -87.826892, 41.952287 ], [ -87.826869, 41.952288 ], [ -87.826441, 41.952298 ], [ -87.826049, 41.952308 ], [ -87.825259, 41.952328 ], [ -87.823649, 41.952369 ], [ -87.823589, 41.95237 ], [ -87.82321, 41.95238 ], [ -87.82277, 41.952391 ], [ -87.822611, 41.952394 ], [ -87.822136, 41.952407 ], [ -87.821978, 41.952411 ], [ -87.821732, 41.952418 ], [ -87.82118, 41.952437 ], [ -87.820997, 41.952442 ], [ -87.820752, 41.952449 ], [ -87.820506, 41.952454 ], [ -87.820114, 41.952464 ], [ -87.819769, 41.952473 ], [ -87.819524, 41.95248 ], [ -87.819312, 41.952485 ], [ -87.819279, 41.952485 ], [ -87.818801, 41.952489 ], [ -87.818547, 41.952495 ], [ -87.818303, 41.952501 ], [ -87.818055, 41.952507 ], [ -87.817423, 41.952525 ], [ -87.817314, 41.952527 ], [ -87.817067, 41.952534 ], [ -87.816823, 41.952539 ], [ -87.816092, 41.952557 ], [ -87.815899, 41.952562 ], [ -87.815849, 41.952563 ], [ -87.815605, 41.952569 ], [ -87.814877, 41.952587 ], [ -87.814634, 41.952594 ], [ -87.814393, 41.952599 ], [ -87.813673, 41.952617 ], [ -87.813433, 41.952624 ], [ -87.813191, 41.952629 ], [ -87.812466, 41.952645 ], [ -87.812225, 41.952651 ], [ -87.811975, 41.952656 ], [ -87.811225, 41.952675 ], [ -87.810976, 41.952682 ], [ -87.810724, 41.952682 ], [ -87.809971, 41.952701 ], [ -87.80972, 41.952708 ], [ -87.80947, 41.952715 ], [ -87.808723, 41.952737 ], [ -87.808679, 41.952739 ], [ -87.808474, 41.952744 ], [ -87.808233, 41.95275 ], [ -87.807574, 41.952767 ], [ -87.80751, 41.952766 ], [ -87.807269, 41.952765 ], [ -87.807287, 41.953251 ], [ -87.8073, 41.953582 ], [ -87.807291, 41.953866 ], [ -87.806532, 41.954221 ], [ -87.803799, 41.955527 ], [ -87.803173, 41.955827 ], [ -87.801301, 41.956723 ], [ -87.800128, 41.957284 ], [ -87.799883, 41.9574 ], [ -87.799152, 41.95775 ], [ -87.798908, 41.957867 ], [ -87.798668, 41.957981 ], [ -87.798225, 41.958195 ], [ -87.798003, 41.958295 ], [ -87.797947, 41.958321 ], [ -87.797709, 41.958438 ], [ -87.797469, 41.958553 ], [ -87.796914, 41.95882 ], [ -87.796749, 41.958898 ], [ -87.796509, 41.959014 ], [ -87.795146, 41.959666 ], [ -87.79489, 41.959788 ], [ -87.794633, 41.959909 ], [ -87.794443, 41.959988 ], [ -87.794328, 41.96003 ], [ -87.794204, 41.960072 ], [ -87.794159, 41.960073 ], [ -87.794041, 41.960074 ], [ -87.792525, 41.960101 ], [ -87.791881, 41.960116 ], [ -87.79169, 41.960122 ], [ -87.790978, 41.960131 ], [ -87.790466, 41.960135 ], [ -87.790392, 41.960136 ], [ -87.789247, 41.960157 ], [ -87.789, 41.960161 ], [ -87.788263, 41.960176 ], [ -87.788017, 41.960181 ], [ -87.787774, 41.960188 ], [ -87.787047, 41.960212 ], [ -87.786981, 41.960215 ], [ -87.786805, 41.960217 ], [ -87.786812, 41.960673 ], [ -87.78683, 41.96182 ], [ -87.786866, 41.962044 ], [ -87.78686, 41.962548 ], [ -87.786873, 41.962696 ], [ -87.786881, 41.962738 ], [ -87.786899, 41.962902 ], [ -87.786929, 41.962977 ], [ -87.78696, 41.963031 ], [ -87.786931, 41.963371 ], [ -87.786796, 41.963483 ], [ -87.786796, 41.964441 ], [ -87.786762, 41.964647 ], [ -87.786742, 41.966539 ], [ -87.786758, 41.967029 ], [ -87.786765, 41.96723 ], [ -87.786746, 41.967487 ], [ -87.786757, 41.96763 ], [ -87.786756, 41.967675 ], [ -87.786752, 41.96824 ], [ -87.786752, 41.968326 ], [ -87.786759, 41.968384 ], [ -87.786772, 41.968427 ], [ -87.78702, 41.968422 ], [ -87.787549, 41.968414 ], [ -87.787764, 41.968412 ], [ -87.788013, 41.968411 ], [ -87.788014, 41.968502 ], [ -87.788015, 41.968584 ], [ -87.788011, 41.968775 ], [ -87.78801, 41.968867 ], [ -87.78813, 41.968863 ], [ -87.78816, 41.968863 ], [ -87.788492, 41.968862 ], [ -87.788608, 41.968861 ], [ -87.788687, 41.968866 ], [ -87.788734, 41.968865 ], [ -87.789098, 41.968859 ], [ -87.78922, 41.968857 ], [ -87.789339, 41.968855 ], [ -87.789696, 41.968853 ], [ -87.789816, 41.968852 ], [ -87.7899, 41.968852 ], [ -87.790306, 41.968852 ], [ -87.790431, 41.968849 ], [ -87.791031, 41.968842 ], [ -87.791187, 41.968838 ], [ -87.791644, 41.968836 ], [ -87.792085, 41.968831 ], [ -87.792854, 41.968824 ], [ -87.793103, 41.968825 ], [ -87.793459, 41.968818 ], [ -87.794065, 41.968812 ], [ -87.794667, 41.968804 ], [ -87.795278, 41.9688 ], [ -87.795441, 41.9688 ], [ -87.795889, 41.968796 ], [ -87.79618, 41.96879 ], [ -87.796489, 41.96879 ], [ -87.79709, 41.968786 ], [ -87.797381, 41.968782 ], [ -87.7977, 41.96878 ], [ -87.79831, 41.968776 ], [ -87.798913, 41.968773 ], [ -87.799514, 41.968768 ], [ -87.800123, 41.968767 ], [ -87.800294, 41.968759 ], [ -87.800581, 41.968755 ], [ -87.800711, 41.968756 ], [ -87.800834, 41.968759 ], [ -87.801209, 41.968759 ], [ -87.801335, 41.96876 ], [ -87.801454, 41.968759 ], [ -87.801771, 41.968757 ], [ -87.801812, 41.968756 ], [ -87.801931, 41.968754 ], [ -87.802007, 41.968751 ], [ -87.80205, 41.968751 ], [ -87.802406, 41.968751 ], [ -87.802525, 41.968751 ], [ -87.802525, 41.968715 ], [ -87.802525, 41.968631 ], [ -87.802528, 41.968409 ], [ -87.802531, 41.96838 ], [ -87.802542, 41.968297 ], [ -87.802771, 41.968295 ], [ -87.802933, 41.968294 ], [ -87.80346, 41.968291 ], [ -87.80369, 41.96829 ], [ -87.803727, 41.968289 ], [ -87.80384, 41.968289 ], [ -87.803878, 41.968289 ], [ -87.804073, 41.968287 ], [ -87.80466, 41.968284 ], [ -87.804856, 41.968284 ], [ -87.805089, 41.968282 ], [ -87.805791, 41.968278 ], [ -87.806025, 41.968278 ], [ -87.806251, 41.968276 ], [ -87.806929, 41.968271 ], [ -87.807156, 41.96827 ], [ -87.807153, 41.968435 ], [ -87.807146, 41.968892 ], [ -87.807146, 41.968932 ], [ -87.807146, 41.969098 ], [ -87.807146, 41.969181 ], [ -87.80714, 41.969293 ], [ -87.807122, 41.969702 ], [ -87.807118, 41.969878 ], [ -87.807114, 41.970074 ], [ -87.807111, 41.970242 ], [ -87.807103, 41.970745 ], [ -87.807101, 41.970914 ], [ -87.807098, 41.971108 ], [ -87.80709, 41.97169 ], [ -87.807088, 41.971885 ], [ -87.807085, 41.972053 ], [ -87.807077, 41.972557 ], [ -87.807075, 41.972726 ], [ -87.807072, 41.972885 ], [ -87.807069, 41.972918 ], [ -87.807064, 41.973009 ], [ -87.80706, 41.973196 ], [ -87.807063, 41.973495 ], [ -87.807066, 41.973688 ], [ -87.807069, 41.973857 ], [ -87.807063, 41.974335 ], [ -87.807063, 41.974368 ], [ -87.807067, 41.974538 ], [ -87.807292, 41.974538 ], [ -87.807311, 41.974537 ], [ -87.808046, 41.974518 ], [ -87.808291, 41.974512 ], [ -87.808536, 41.974505 ], [ -87.809273, 41.974486 ], [ -87.809519, 41.97448 ], [ -87.809766, 41.974473 ], [ -87.810506, 41.974455 ], [ -87.810754, 41.974449 ], [ -87.811004, 41.974442 ], [ -87.811754, 41.974422 ], [ -87.812005, 41.974416 ], [ -87.812247, 41.974409 ], [ -87.812294, 41.974408 ], [ -87.812584, 41.974401 ], [ -87.8129, 41.974392 ], [ -87.812973, 41.97439 ], [ -87.813216, 41.974384 ], [ -87.813463, 41.974376 ], [ -87.813745, 41.974369 ], [ -87.813836, 41.974367 ], [ -87.814146, 41.97436 ], [ -87.814207, 41.974358 ], [ -87.814455, 41.974353 ], [ -87.8147, 41.974346 ], [ -87.815437, 41.974326 ], [ -87.815683, 41.97432 ], [ -87.815929, 41.974313 ], [ -87.81667, 41.974294 ], [ -87.816917, 41.974289 ], [ -87.816919, 41.974136 ], [ -87.816921, 41.974062 ], [ -87.816925, 41.973836 ], [ -87.816926, 41.973677 ], [ -87.816927, 41.973525 ], [ -87.816927, 41.973496 ], [ -87.816927, 41.973411 ], [ -87.816928, 41.973383 ], [ -87.816929, 41.973201 ], [ -87.816934, 41.972656 ], [ -87.816936, 41.972475 ], [ -87.816937, 41.972293 ], [ -87.816943, 41.971749 ], [ -87.816945, 41.971568 ], [ -87.816945, 41.971454 ], [ -87.816948, 41.971116 ], [ -87.816949, 41.971003 ], [ -87.816949, 41.970934 ], [ -87.816952, 41.970728 ], [ -87.816953, 41.97066 ], [ -87.818408, 41.970622 ], [ -87.818525, 41.970619 ], [ -87.818761, 41.970624 ], [ -87.818964, 41.97061 ], [ -87.818982, 41.973221 ], [ -87.819435, 41.973221 ], [ -87.819434, 41.973269 ], [ -87.819434, 41.973416 ], [ -87.819434, 41.973465 ], [ -87.819432, 41.973617 ], [ -87.819427, 41.974073 ], [ -87.819427, 41.974104 ], [ -87.819401, 41.974223 ], [ -87.81989, 41.97421 ], [ -87.82136, 41.974172 ], [ -87.82185, 41.97416 ], [ -87.822248, 41.974149 ], [ -87.823442, 41.974119 ], [ -87.823841, 41.97411 ], [ -87.823946, 41.974108 ], [ -87.82401, 41.974106 ], [ -87.824051, 41.974105 ], [ -87.824368, 41.974096 ], [ -87.824517, 41.974091 ], [ -87.824686, 41.974087 ], [ -87.824796, 41.974084 ], [ -87.824987, 41.974078 ], [ -87.825563, 41.974062 ], [ -87.825755, 41.974058 ], [ -87.825951, 41.974053 ], [ -87.826538, 41.974038 ], [ -87.826735, 41.974034 ], [ -87.826735, 41.97393 ], [ -87.826739, 41.973621 ], [ -87.826741, 41.973518 ], [ -87.826741, 41.973413 ], [ -87.826741, 41.973141 ], [ -87.831728, 41.973056 ], [ -87.831722, 41.97384 ], [ -87.831763, 41.973948 ], [ -87.831924, 41.973945 ], [ -87.83227, 41.973939 ], [ -87.832357, 41.973938 ], [ -87.832538, 41.973935 ], [ -87.832617, 41.973934 ], [ -87.832877, 41.973929 ], [ -87.833083, 41.973925 ], [ -87.833265, 41.973923 ], [ -87.83342, 41.97392 ], [ -87.833413, 41.974728 ], [ -87.833414, 41.974917 ], [ -87.83363, 41.974928 ], [ -87.83368, 41.974995 ], [ -87.833654, 41.974995 ], [ -87.833622, 41.975007 ], [ -87.83361, 41.975023 ], [ -87.833608, 41.975035 ], [ -87.833601, 41.975091 ], [ -87.833599, 41.975267 ], [ -87.833593, 41.975312 ], [ -87.83359, 41.975341 ], [ -87.833575, 41.975383 ], [ -87.833561, 41.975397 ], [ -87.834174, 41.975362 ], [ -87.836013, 41.975256 ], [ -87.836627, 41.975222 ], [ -87.836627, 41.975167 ], [ -87.836627, 41.975006 ], [ -87.836628, 41.974952 ], [ -87.836629, 41.97479 ], [ -87.841554, 41.974695 ], [ -87.841556, 41.974482 ], [ -87.841558, 41.973941 ], [ -87.841557, 41.973926 ], [ -87.84155, 41.973788 ], [ -87.841445, 41.973792 ], [ -87.841352, 41.973796 ], [ -87.841131, 41.973796 ], [ -87.841027, 41.973797 ], [ -87.840505, 41.973802 ], [ -87.840363, 41.973804 ], [ -87.838939, 41.973825 ], [ -87.838418, 41.973834 ], [ -87.838366, 41.973834 ], [ -87.838213, 41.973838 ], [ -87.838162, 41.973839 ], [ -87.837998, 41.973841 ], [ -87.837965, 41.973842 ], [ -87.83791, 41.97146 ], [ -87.837379, 41.971404 ], [ -87.836652, 41.971328 ], [ -87.836652, 41.971108 ], [ -87.836652, 41.971047 ], [ -87.836656, 41.970451 ], [ -87.836658, 41.970232 ], [ -87.836905, 41.970227 ], [ -87.836981, 41.970226 ], [ -87.837303, 41.970221 ], [ -87.837599, 41.970216 ], [ -87.837647, 41.970215 ], [ -87.837895, 41.97021 ], [ -87.838004, 41.970208 ], [ -87.838332, 41.970201 ], [ -87.838442, 41.9702 ], [ -87.838527, 41.970198 ], [ -87.838579, 41.970197 ], [ -87.838989, 41.970189 ], [ -87.839127, 41.970187 ], [ -87.839373, 41.970182 ], [ -87.839435, 41.970182 ], [ -87.839743, 41.970178 ], [ -87.840052, 41.970173 ], [ -87.840113, 41.970172 ], [ -87.84036, 41.970168 ], [ -87.840497, 41.970165 ], [ -87.840911, 41.970155 ], [ -87.841049, 41.970153 ], [ -87.841157, 41.970151 ], [ -87.841482, 41.970144 ], [ -87.841591, 41.970143 ], [ -87.841589, 41.970419 ], [ -87.841582, 41.971249 ], [ -87.841581, 41.971526 ], [ -87.841577, 41.971604 ], [ -87.841565, 41.971838 ], [ -87.841562, 41.971917 ], [ -87.842308, 41.971913 ], [ -87.844548, 41.971902 ], [ -87.845295, 41.971899 ], [ -87.845543, 41.971905 ], [ -87.84629, 41.971923 ], [ -87.846539, 41.97193 ], [ -87.84654, 41.97189 ], [ -87.846542, 41.971286 ], [ -87.846543, 41.97089 ], [ -87.846555, 41.970052 ], [ -87.846557, 41.969869 ], [ -87.846564, 41.969499 ], [ -87.846563, 41.96932 ], [ -87.846563, 41.969138 ], [ -87.846562, 41.968954 ], [ -87.846559, 41.968405 ], [ -87.846559, 41.968222 ] ], [ [ -87.833242, 41.979899 ], [ -87.833244, 41.979958 ], [ -87.833137, 41.980203 ], [ -87.833149, 41.980229 ], [ -87.833149, 41.98024 ], [ -87.833149, 41.980359 ], [ -87.83315, 41.980399 ], [ -87.83315, 41.980497 ], [ -87.833139, 41.980554 ], [ -87.8293, 41.980591 ], [ -87.828842, 41.9806 ], [ -87.828844, 41.980445 ], [ -87.828764, 41.980449 ], [ -87.828762, 41.980402 ], [ -87.828758, 41.980256 ], [ -87.828711, 41.980256 ], [ -87.828573, 41.980259 ], [ -87.828527, 41.98026 ], [ -87.828533, 41.980094 ], [ -87.828555, 41.979596 ], [ -87.828562, 41.97943 ], [ -87.828465, 41.97943 ], [ -87.828176, 41.979433 ], [ -87.82808, 41.979434 ], [ -87.82808, 41.979372 ], [ -87.828081, 41.979188 ], [ -87.828082, 41.979127 ], [ -87.828178, 41.979127 ], [ -87.828465, 41.979129 ], [ -87.828562, 41.97913 ], [ -87.828565, 41.979072 ], [ -87.828578, 41.978898 ], [ -87.828582, 41.978841 ], [ -87.828571, 41.978635 ], [ -87.828567, 41.978556 ], [ -87.829102, 41.97854 ], [ -87.829308, 41.978535 ], [ -87.829533, 41.978531 ], [ -87.82997, 41.978525 ], [ -87.829965, 41.978285 ], [ -87.829961, 41.97806 ], [ -87.829961, 41.977913 ], [ -87.829961, 41.977476 ], [ -87.829962, 41.97733 ], [ -87.8299, 41.97733 ], [ -87.829715, 41.977334 ], [ -87.829654, 41.977336 ], [ -87.829535, 41.977051 ], [ -87.829727, 41.977058 ], [ -87.831229, 41.977114 ], [ -87.83173, 41.977133 ], [ -87.832216, 41.977105 ], [ -87.833478, 41.977035 ], [ -87.833553, 41.97685 ], [ -87.833739, 41.9764 ], [ -87.833739, 41.976362 ], [ -87.83374, 41.976252 ], [ -87.833741, 41.976215 ], [ -87.83334, 41.976208 ], [ -87.832139, 41.976187 ], [ -87.831739, 41.97618 ], [ -87.830744, 41.976159 ], [ -87.82776, 41.976097 ], [ -87.826766, 41.976077 ], [ -87.826298, 41.97607 ], [ -87.824896, 41.976049 ], [ -87.824429, 41.976042 ], [ -87.824415, 41.976146 ], [ -87.824374, 41.976461 ], [ -87.824361, 41.976566 ], [ -87.824354, 41.976616 ], [ -87.824334, 41.976767 ], [ -87.824328, 41.976818 ], [ -87.824312, 41.976943 ], [ -87.824264, 41.97732 ], [ -87.824249, 41.977446 ], [ -87.824241, 41.977502 ], [ -87.824219, 41.977673 ], [ -87.824212, 41.97773 ], [ -87.8242, 41.977819 ], [ -87.824164, 41.978088 ], [ -87.824153, 41.978178 ], [ -87.824141, 41.978269 ], [ -87.824104, 41.978545 ], [ -87.824093, 41.978638 ], [ -87.824086, 41.978691 ], [ -87.824065, 41.978851 ], [ -87.824059, 41.978905 ], [ -87.824042, 41.979034 ], [ -87.823991, 41.979421 ], [ -87.823975, 41.979551 ], [ -87.823951, 41.979731 ], [ -87.823879, 41.980274 ], [ -87.823856, 41.980455 ], [ -87.823832, 41.980637 ], [ -87.823762, 41.981183 ], [ -87.823739, 41.981366 ], [ -87.823715, 41.981547 ], [ -87.823643, 41.982092 ], [ -87.82362, 41.982274 ], [ -87.8236, 41.982437 ], [ -87.823539, 41.982929 ], [ -87.82352, 41.983093 ], [ -87.823829, 41.983088 ], [ -87.824758, 41.983075 ], [ -87.825068, 41.983071 ], [ -87.825159, 41.983069 ], [ -87.825283, 41.983067 ], [ -87.825297, 41.982999 ], [ -87.825271, 41.981962 ], [ -87.825774, 41.981957 ], [ -87.828136, 41.981921 ], [ -87.828136, 41.982026 ], [ -87.828136, 41.982199 ], [ -87.828145, 41.982384 ], [ -87.828149, 41.982917 ], [ -87.82815, 41.982942 ], [ -87.828153, 41.98348 ], [ -87.828154, 41.983572 ], [ -87.82816, 41.983735 ], [ -87.828178, 41.983842 ], [ -87.82828, 41.983799 ], [ -87.828346, 41.983783 ], [ -87.82852, 41.983773 ], [ -87.828917, 41.983766 ], [ -87.829105, 41.983764 ], [ -87.829304, 41.983761 ], [ -87.829902, 41.983751 ], [ -87.830102, 41.983749 ], [ -87.830301, 41.983746 ], [ -87.830897, 41.983737 ], [ -87.831097, 41.983735 ], [ -87.831295, 41.983732 ], [ -87.831889, 41.983724 ], [ -87.832088, 41.983722 ], [ -87.832286, 41.983718 ], [ -87.832883, 41.983707 ], [ -87.833003, 41.983706 ], [ -87.833057, 41.983696 ], [ -87.833076, 41.98368 ], [ -87.833085, 41.98366 ], [ -87.833085, 41.983605 ], [ -87.833211, 41.983567 ], [ -87.833583, 41.983571 ], [ -87.833585, 41.983243 ], [ -87.833596, 41.982669 ], [ -87.833707, 41.98267 ], [ -87.834324, 41.982673 ], [ -87.835072, 41.982675 ], [ -87.835062, 41.982531 ], [ -87.835198, 41.981568 ], [ -87.835258, 41.981146 ], [ -87.835076, 41.981147 ], [ -87.83474, 41.981149 ], [ -87.834531, 41.981152 ], [ -87.83435, 41.981156 ], [ -87.83435, 41.981085 ], [ -87.834354, 41.980873 ], [ -87.834356, 41.980803 ], [ -87.834747, 41.980848 ], [ -87.835144, 41.980868 ], [ -87.835137, 41.980494 ], [ -87.836211, 41.98044 ], [ -87.83632, 41.980435 ], [ -87.83637, 41.980434 ], [ -87.836522, 41.980432 ], [ -87.836573, 41.980432 ], [ -87.836572, 41.980329 ], [ -87.836572, 41.980159 ], [ -87.836574, 41.980023 ], [ -87.836577, 41.979921 ], [ -87.836578, 41.979845 ], [ -87.836579, 41.979761 ], [ -87.836082, 41.979755 ], [ -87.835932, 41.979754 ], [ -87.833241, 41.979799 ], [ -87.833242, 41.979899 ] ], [ [ -87.699243, 41.861726 ], [ -87.699381, 41.861718 ], [ -87.699483, 41.861703 ], [ -87.699543, 41.861675 ], [ -87.699613, 41.861632 ], [ -87.699736, 41.861604 ], [ -87.699826, 41.861592 ], [ -87.700288, 41.861572 ], [ -87.700437, 41.861576 ], [ -87.700505, 41.861553 ], [ -87.70054, 41.861525 ], [ -87.700572, 41.861474 ], [ -87.700579, 41.861403 ], [ -87.700572, 41.86132 ], [ -87.700548, 41.861277 ], [ -87.700505, 41.861237 ], [ -87.700418, 41.861229 ], [ -87.700319, 41.861241 ], [ -87.700189, 41.861265 ], [ -87.699987, 41.861293 ], [ -87.699857, 41.861263 ], [ -87.699783, 41.861237 ], [ -87.699684, 41.861194 ], [ -87.699543, 41.861119 ], [ -87.699428, 41.86104 ], [ -87.699316, 41.86098 ], [ -87.699251, 41.860969 ], [ -87.699101, 41.860957 ], [ -87.698979, 41.860969 ], [ -87.698943, 41.860989 ], [ -87.698927, 41.861088 ], [ -87.698896, 41.861265 ], [ -87.698845, 41.861568 ], [ -87.698793, 41.861726 ], [ -87.698742, 41.861809 ], [ -87.698648, 41.861868 ], [ -87.698482, 41.861939 ], [ -87.69765, 41.862168 ], [ -87.697492, 41.862239 ], [ -87.697457, 41.86227 ], [ -87.697421, 41.862322 ], [ -87.697414, 41.862408 ], [ -87.697414, 41.862487 ], [ -87.697453, 41.862582 ], [ -87.697492, 41.862657 ], [ -87.697552, 41.862708 ], [ -87.697608, 41.862746 ], [ -87.697642, 41.862764 ], [ -87.69767, 41.862761 ], [ -87.697699, 41.862759 ], [ -87.697749, 41.862745 ], [ -87.697814, 41.86272 ], [ -87.697871, 41.862716 ], [ -87.697928, 41.862724 ], [ -87.697971, 41.862735 ], [ -87.698042, 41.862777 ], [ -87.698111, 41.86283 ], [ -87.698151, 41.862899 ], [ -87.698155, 41.86295 ], [ -87.698137, 41.863006 ], [ -87.698104, 41.863051 ], [ -87.698092, 41.863096 ], [ -87.698109, 41.863126 ], [ -87.698149, 41.863147 ], [ -87.698218, 41.863149 ], [ -87.698291, 41.863149 ], [ -87.698359, 41.863135 ], [ -87.698439, 41.863142 ], [ -87.698553, 41.863122 ], [ -87.698644, 41.863063 ], [ -87.698734, 41.862992 ], [ -87.698782, 41.862929 ], [ -87.698817, 41.86285 ], [ -87.698853, 41.862712 ], [ -87.69888, 41.86246 ], [ -87.698876, 41.862381 ], [ -87.698825, 41.862266 ], [ -87.69877, 41.862199 ], [ -87.698699, 41.86218 ], [ -87.698592, 41.862124 ], [ -87.698592, 41.862057 ], [ -87.69864, 41.861998 ], [ -87.69879, 41.861915 ], [ -87.698995, 41.861813 ], [ -87.699152, 41.86175 ], [ -87.699243, 41.861726 ] ], [ [ -87.698603, 41.864431 ], [ -87.698655, 41.864403 ], [ -87.698712, 41.864381 ], [ -87.698878, 41.864389 ], [ -87.699004, 41.864376 ], [ -87.699096, 41.864356 ], [ -87.699234, 41.864314 ], [ -87.699323, 41.86427 ], [ -87.69939, 41.864193 ], [ -87.699422, 41.864136 ], [ -87.699442, 41.86404 ], [ -87.69943, 41.863983 ], [ -87.699412, 41.863916 ], [ -87.6994, 41.863886 ], [ -87.699286, 41.86379 ], [ -87.699182, 41.863735 ], [ -87.699133, 41.863711 ], [ -87.699036, 41.863688 ], [ -87.698955, 41.863686 ], [ -87.698781, 41.863753 ], [ -87.69871, 41.863775 ], [ -87.698655, 41.863775 ], [ -87.698598, 41.863755 ], [ -87.698522, 41.863706 ], [ -87.698433, 41.863597 ], [ -87.698302, 41.863436 ], [ -87.698267, 41.863416 ], [ -87.698232, 41.863424 ], [ -87.698191, 41.863439 ], [ -87.698113, 41.863461 ], [ -87.698084, 41.863461 ], [ -87.698071, 41.863461 ], [ -87.698032, 41.863456 ], [ -87.697992, 41.863436 ], [ -87.697943, 41.863446 ], [ -87.697906, 41.863476 ], [ -87.697874, 41.863515 ], [ -87.697874, 41.863587 ], [ -87.697906, 41.863644 ], [ -87.698002, 41.86378 ], [ -87.698017, 41.863802 ], [ -87.698029, 41.863834 ], [ -87.698007, 41.863884 ], [ -87.698017, 41.863933 ], [ -87.698074, 41.863956 ], [ -87.698146, 41.863946 ], [ -87.69822, 41.863926 ], [ -87.698282, 41.863933 ], [ -87.698339, 41.863958 ], [ -87.698373, 41.86398 ], [ -87.698383, 41.864013 ], [ -87.698381, 41.864057 ], [ -87.698349, 41.864099 ], [ -87.698071, 41.864329 ], [ -87.698024, 41.864356 ], [ -87.697968, 41.864356 ], [ -87.697908, 41.864351 ], [ -87.697883, 41.864337 ], [ -87.697836, 41.8643 ], [ -87.697753, 41.864241 ], [ -87.69771, 41.86422 ], [ -87.697663, 41.864213 ], [ -87.697621, 41.864213 ], [ -87.697584, 41.864228 ], [ -87.697525, 41.864267 ], [ -87.697488, 41.864342 ], [ -87.697485, 41.864391 ], [ -87.697507, 41.864431 ], [ -87.69752, 41.864455 ], [ -87.697542, 41.864478 ], [ -87.697574, 41.864515 ], [ -87.697599, 41.864542 ], [ -87.697594, 41.864585 ], [ -87.697596, 41.864621 ], [ -87.697599, 41.864666 ], [ -87.697614, 41.864693 ], [ -87.697658, 41.864732 ], [ -87.697715, 41.864747 ], [ -87.697782, 41.864757 ], [ -87.697871, 41.864757 ], [ -87.697948, 41.864747 ], [ -87.698024, 41.864735 ], [ -87.698064, 41.864737 ], [ -87.698109, 41.864752 ], [ -87.698138, 41.864797 ], [ -87.698175, 41.864856 ], [ -87.698205, 41.864896 ], [ -87.698242, 41.864933 ], [ -87.698287, 41.864958 ], [ -87.698349, 41.864972 ], [ -87.698418, 41.86497 ], [ -87.698485, 41.864945 ], [ -87.698544, 41.86492 ], [ -87.698633, 41.864829 ], [ -87.698675, 41.864752 ], [ -87.698655, 41.86469 ], [ -87.698638, 41.864653 ], [ -87.698606, 41.864591 ], [ -87.698586, 41.864527 ], [ -87.698584, 41.86446 ], [ -87.698603, 41.864431 ] ], [ [ -87.767578, 41.871228 ], [ -87.76759, 41.871305 ], [ -87.767516, 41.871359 ], [ -87.767524, 41.871387 ], [ -87.767509, 41.871667 ], [ -87.767575, 41.871727 ], [ -87.767766, 41.871931 ], [ -87.767832, 41.872046 ], [ -87.76792, 41.872167 ], [ -87.76803, 41.872156 ], [ -87.768221, 41.87209 ], [ -87.768243, 41.872063 ], [ -87.768214, 41.871892 ], [ -87.768111, 41.871728 ], [ -87.768078, 41.871528 ], [ -87.767578, 41.871228 ] ], [ [ -87.768216, 41.876356 ], [ -87.768319, 41.876224 ], [ -87.768283, 41.876093 ], [ -87.768025, 41.875966 ], [ -87.767981, 41.875884 ], [ -87.767974, 41.875725 ], [ -87.768055, 41.875626 ], [ -87.768195, 41.875587 ], [ -87.768422, 41.875692 ], [ -87.768628, 41.875774 ], [ -87.768709, 41.87573 ], [ -87.76868, 41.875632 ], [ -87.768386, 41.875505 ], [ -87.76832, 41.875428 ], [ -87.768334, 41.875351 ], [ -87.768629, 41.875143 ], [ -87.768614, 41.875121 ], [ -87.768577, 41.87511 ], [ -87.768254, 41.875159 ], [ -87.76796, 41.875329 ], [ -87.767776, 41.875609 ], [ -87.767489, 41.876021 ], [ -87.767357, 41.87607 ], [ -87.767115, 41.876048 ], [ -87.766902, 41.875966 ], [ -87.766769, 41.875856 ], [ -87.76674, 41.875691 ], [ -87.766843, 41.875499 ], [ -87.767017, 41.875104 ], [ -87.767049, 41.875032 ], [ -87.76711, 41.874912 ], [ -87.767191, 41.874549 ], [ -87.767176, 41.87433 ], [ -87.767044, 41.874143 ], [ -87.766919, 41.874077 ], [ -87.766817, 41.874099 ], [ -87.766736, 41.874154 ], [ -87.766669, 41.874384 ], [ -87.766603, 41.874747 ], [ -87.766535, 41.875038 ], [ -87.766498, 41.875164 ], [ -87.766263, 41.875592 ], [ -87.766196, 41.8759 ], [ -87.766248, 41.87613 ], [ -87.766394, 41.876311 ], [ -87.7666, 41.876443 ], [ -87.767092, 41.876586 ], [ -87.767216, 41.876583 ], [ -87.767371, 41.876581 ], [ -87.767629, 41.876444 ], [ -87.76804, 41.8764 ], [ -87.768216, 41.876356 ] ], [ [ -87.718955, 41.882493 ], [ -87.716955, 41.883193 ], [ -87.717078, 41.883193 ], [ -87.717555, 41.883193 ], [ -87.719655, 41.883893 ], [ -87.718955, 41.882493 ] ], [ [ -87.715754, 41.883935 ], [ -87.715838, 41.8839 ], [ -87.7149, 41.883655 ], [ -87.714996, 41.883833 ], [ -87.71571, 41.883954 ], [ -87.715754, 41.883935 ] ], [ [ -87.704428, 41.903784 ], [ -87.704491, 41.903764 ], [ -87.704544, 41.903745 ], [ -87.704563, 41.903687 ], [ -87.704553, 41.903624 ], [ -87.704544, 41.903605 ], [ -87.704558, 41.903547 ], [ -87.704616, 41.903489 ], [ -87.704752, 41.903397 ], [ -87.704781, 41.903392 ], [ -87.704771, 41.903353 ], [ -87.704699, 41.903363 ], [ -87.704631, 41.903402 ], [ -87.704587, 41.903445 ], [ -87.704524, 41.903484 ], [ -87.704389, 41.903518 ], [ -87.704273, 41.903547 ], [ -87.704186, 41.90359 ], [ -87.704157, 41.903643 ], [ -87.704128, 41.90375 ], [ -87.704128, 41.903842 ], [ -87.704094, 41.903963 ], [ -87.704036, 41.904098 ], [ -87.703915, 41.904171 ], [ -87.703804, 41.904258 ], [ -87.703741, 41.904335 ], [ -87.703649, 41.904427 ], [ -87.703586, 41.904553 ], [ -87.703427, 41.904785 ], [ -87.703306, 41.904862 ], [ -87.703136, 41.904954 ], [ -87.703069, 41.904983 ], [ -87.702943, 41.905012 ], [ -87.70289, 41.905065 ], [ -87.702856, 41.905143 ], [ -87.702856, 41.905235 ], [ -87.702851, 41.905365 ], [ -87.702837, 41.905428 ], [ -87.702808, 41.905534 ], [ -87.702711, 41.90565 ], [ -87.702624, 41.905728 ], [ -87.702508, 41.905863 ], [ -87.702363, 41.90597 ], [ -87.702092, 41.906178 ], [ -87.701923, 41.906294 ], [ -87.701802, 41.906327 ], [ -87.701647, 41.906337 ], [ -87.701555, 41.906327 ], [ -87.701434, 41.906298 ], [ -87.701159, 41.906265 ], [ -87.701096, 41.906236 ], [ -87.701013, 41.906158 ], [ -87.700951, 41.906081 ], [ -87.70081, 41.905921 ], [ -87.700786, 41.905902 ], [ -87.700612, 41.905771 ], [ -87.700375, 41.905655 ], [ -87.700322, 41.905655 ], [ -87.700244, 41.90567 ], [ -87.700167, 41.905699 ], [ -87.700109, 41.905704 ], [ -87.699833, 41.905684 ], [ -87.699621, 41.905679 ], [ -87.699543, 41.905679 ], [ -87.699519, 41.905684 ], [ -87.699514, 41.905733 ], [ -87.699558, 41.905786 ], [ -87.699572, 41.90581 ], [ -87.699621, 41.905878 ], [ -87.699625, 41.905912 ], [ -87.699616, 41.90595 ], [ -87.699567, 41.905984 ], [ -87.699563, 41.906003 ], [ -87.699582, 41.906023 ], [ -87.699601, 41.906032 ], [ -87.699635, 41.906086 ], [ -87.699635, 41.906139 ], [ -87.699621, 41.906192 ], [ -87.699596, 41.906221 ], [ -87.699567, 41.906289 ], [ -87.699572, 41.906361 ], [ -87.699592, 41.906405 ], [ -87.69964, 41.906487 ], [ -87.699621, 41.906564 ], [ -87.699582, 41.906632 ], [ -87.699524, 41.906661 ], [ -87.699451, 41.906661 ], [ -87.699369, 41.906627 ], [ -87.699297, 41.906598 ], [ -87.699214, 41.90656 ], [ -87.699118, 41.906506 ], [ -87.69905, 41.906468 ], [ -87.698992, 41.906366 ], [ -87.698968, 41.906265 ], [ -87.698982, 41.906192 ], [ -87.699016, 41.906134 ], [ -87.69906, 41.9061 ], [ -87.699108, 41.90609 ], [ -87.6992, 41.9061 ], [ -87.699282, 41.906134 ], [ -87.699335, 41.906129 ], [ -87.699379, 41.90611 ], [ -87.699369, 41.906057 ], [ -87.69933, 41.905989 ], [ -87.699272, 41.90596 ], [ -87.699214, 41.905926 ], [ -87.699113, 41.905873 ], [ -87.69906, 41.905868 ], [ -87.699006, 41.905878 ], [ -87.698963, 41.905902 ], [ -87.698929, 41.905931 ], [ -87.698895, 41.90597 ], [ -87.698866, 41.905999 ], [ -87.698842, 41.906047 ], [ -87.698823, 41.906081 ], [ -87.698799, 41.906144 ], [ -87.698784, 41.906187 ], [ -87.698765, 41.90624 ], [ -87.698745, 41.906284 ], [ -87.698716, 41.906356 ], [ -87.698731, 41.90641 ], [ -87.69876, 41.906463 ], [ -87.698813, 41.906526 ], [ -87.698866, 41.906593 ], [ -87.6989, 41.906651 ], [ -87.698895, 41.906724 ], [ -87.698847, 41.906787 ], [ -87.698784, 41.906855 ], [ -87.698687, 41.906888 ], [ -87.698537, 41.906932 ], [ -87.698426, 41.906961 ], [ -87.698373, 41.907009 ], [ -87.698373, 41.907082 ], [ -87.698325, 41.907154 ], [ -87.698175, 41.907411 ], [ -87.69817, 41.907469 ], [ -87.698155, 41.907541 ], [ -87.69815, 41.907619 ], [ -87.69816, 41.907677 ], [ -87.69817, 41.907735 ], [ -87.698194, 41.907822 ], [ -87.698233, 41.907875 ], [ -87.698276, 41.907928 ], [ -87.698358, 41.90801 ], [ -87.698465, 41.908078 ], [ -87.698533, 41.908083 ], [ -87.698634, 41.908064 ], [ -87.698702, 41.907996 ], [ -87.698779, 41.907909 ], [ -87.698818, 41.907851 ], [ -87.698818, 41.907764 ], [ -87.698828, 41.907672 ], [ -87.698973, 41.907609 ], [ -87.699166, 41.907599 ], [ -87.69921, 41.907599 ], [ -87.699466, 41.907585 ], [ -87.699572, 41.907595 ], [ -87.699713, 41.907648 ], [ -87.6998, 41.907682 ], [ -87.699867, 41.907701 ], [ -87.699896, 41.907701 ], [ -87.69993, 41.907686 ], [ -87.699993, 41.907624 ], [ -87.700041, 41.907624 ], [ -87.700145, 41.907621 ], [ -87.700201, 41.907566 ], [ -87.700211, 41.907464 ], [ -87.700177, 41.907411 ], [ -87.700119, 41.907372 ], [ -87.700085, 41.907367 ], [ -87.700037, 41.907358 ], [ -87.69994, 41.907353 ], [ -87.699882, 41.907319 ], [ -87.699853, 41.907251 ], [ -87.699862, 41.907145 ], [ -87.699891, 41.907096 ], [ -87.700114, 41.906956 ], [ -87.700225, 41.906908 ], [ -87.700332, 41.906903 ], [ -87.700448, 41.906898 ], [ -87.700506, 41.906893 ], [ -87.700598, 41.906806 ], [ -87.700738, 41.9067 ], [ -87.700801, 41.906618 ], [ -87.700839, 41.906531 ], [ -87.700951, 41.906419 ], [ -87.701071, 41.906371 ], [ -87.701149, 41.906356 ], [ -87.701396, 41.906405 ], [ -87.701985, 41.906598 ], [ -87.702063, 41.906613 ], [ -87.70215, 41.906618 ], [ -87.702256, 41.906618 ], [ -87.702411, 41.906598 ], [ -87.702566, 41.906521 ], [ -87.702716, 41.906395 ], [ -87.702832, 41.906308 ], [ -87.70287, 41.906207 ], [ -87.7029, 41.906105 ], [ -87.70289, 41.906066 ], [ -87.702846, 41.906008 ], [ -87.702793, 41.90595 ], [ -87.702716, 41.905854 ], [ -87.702716, 41.905771 ], [ -87.702793, 41.90567 ], [ -87.70288, 41.905573 ], [ -87.702987, 41.905409 ], [ -87.703074, 41.905331 ], [ -87.70318, 41.905239 ], [ -87.703354, 41.905094 ], [ -87.703514, 41.90492 ], [ -87.703726, 41.904654 ], [ -87.703785, 41.904543 ], [ -87.703799, 41.90447 ], [ -87.703818, 41.904374 ], [ -87.703823, 41.90434 ], [ -87.703867, 41.904291 ], [ -87.703959, 41.904258 ], [ -87.704065, 41.90418 ], [ -87.704104, 41.904142 ], [ -87.704152, 41.904079 ], [ -87.704167, 41.903977 ], [ -87.70421, 41.903876 ], [ -87.704268, 41.903837 ], [ -87.70435, 41.903813 ], [ -87.704428, 41.903784 ] ], [ [ -87.839055, 41.956744 ], [ -87.839166, 41.957101 ], [ -87.839115, 41.957551 ], [ -87.83924, 41.957749 ], [ -87.839402, 41.957864 ], [ -87.839556, 41.957913 ], [ -87.83985, 41.957858 ], [ -87.840218, 41.957864 ], [ -87.841035, 41.957951 ], [ -87.841174, 41.957935 ], [ -87.841402, 41.957852 ], [ -87.841417, 41.957633 ], [ -87.841351, 41.957528 ], [ -87.841159, 41.957446 ], [ -87.840328, 41.957304 ], [ -87.840078, 41.957216 ], [ -87.839835, 41.957051 ], [ -87.83957, 41.95681 ], [ -87.839511, 41.956716 ], [ -87.83946, 41.956634 ], [ -87.839401, 41.956398 ], [ -87.839467, 41.956167 ], [ -87.839695, 41.955783 ], [ -87.83971, 41.955668 ], [ -87.83968, 41.955591 ], [ -87.839548, 41.955498 ], [ -87.839349, 41.955487 ], [ -87.839003, 41.955586 ], [ -87.838319, 41.955663 ], [ -87.838268, 41.955707 ], [ -87.838349, 41.955827 ], [ -87.838592, 41.956041 ], [ -87.838849, 41.95636 ], [ -87.838996, 41.956635 ], [ -87.839055, 41.956744 ] ], [ [ -87.899141, 41.963272 ], [ -87.899394, 41.963181 ], [ -87.899384, 41.962948 ], [ -87.898603, 41.962187 ], [ -87.898208, 41.961852 ], [ -87.898147, 41.961558 ], [ -87.898188, 41.961305 ], [ -87.898208, 41.961132 ], [ -87.89838, 41.96097 ], [ -87.898674, 41.960737 ], [ -87.899922, 41.959885 ], [ -87.899993, 41.959773 ], [ -87.899952, 41.959641 ], [ -87.89979, 41.959581 ], [ -87.897447, 41.95956 ], [ -87.896915, 41.959591 ], [ -87.896311, 41.959966 ], [ -87.895561, 41.960534 ], [ -87.894476, 41.961579 ], [ -87.89409, 41.961883 ], [ -87.89408, 41.962035 ], [ -87.894942, 41.962126 ], [ -87.89582, 41.962126 ], [ -87.897447, 41.962177 ], [ -87.897934, 41.962207 ], [ -87.898188, 41.96243 ], [ -87.898289, 41.962846 ], [ -87.89833, 41.963009 ], [ -87.89834, 41.96314 ], [ -87.898603, 41.963272 ], [ -87.898776, 41.963303 ], [ -87.899141, 41.963272 ] ], [ [ -87.730259, 41.973847 ], [ -87.730287, 41.973854 ], [ -87.73039, 41.973881 ], [ -87.730527, 41.973896 ], [ -87.730665, 41.973896 ], [ -87.730763, 41.973862 ], [ -87.730897, 41.973833 ], [ -87.730973, 41.973838 ], [ -87.731051, 41.973813 ], [ -87.731081, 41.973773 ], [ -87.73109, 41.973721 ], [ -87.731045, 41.973652 ], [ -87.730959, 41.973604 ], [ -87.73091, 41.973592 ], [ -87.730789, 41.973565 ], [ -87.730534, 41.973501 ], [ -87.730436, 41.973448 ], [ -87.730265, 41.973443 ], [ -87.730108, 41.973531 ], [ -87.730043, 41.973565 ], [ -87.730036, 41.973633 ], [ -87.730049, 41.973677 ], [ -87.730115, 41.973746 ], [ -87.730174, 41.973803 ], [ -87.730259, 41.973847 ] ], [ [ -87.680979, 41.986358 ], [ -87.680788, 41.98649 ], [ -87.680751, 41.986616 ], [ -87.680825, 41.986638 ], [ -87.681369, 41.986616 ], [ -87.681655, 41.986637 ], [ -87.681818, 41.986649 ], [ -87.681973, 41.986611 ], [ -87.682142, 41.986435 ], [ -87.682709, 41.986259 ], [ -87.682856, 41.986182 ], [ -87.682834, 41.986161 ], [ -87.682686, 41.986122 ], [ -87.682326, 41.986089 ], [ -87.682149, 41.986133 ], [ -87.681634, 41.986342 ], [ -87.681518, 41.986369 ], [ -87.681494, 41.986375 ], [ -87.681082, 41.986331 ], [ -87.680979, 41.986358 ] ], [ [ -87.688655, 41.989575 ], [ -87.68878, 41.989405 ], [ -87.68889, 41.989087 ], [ -87.688927, 41.988763 ], [ -87.688993, 41.988582 ], [ -87.689111, 41.988395 ], [ -87.689236, 41.988291 ], [ -87.689288, 41.988186 ], [ -87.689177, 41.988033 ], [ -87.689155, 41.98795 ], [ -87.689324, 41.987742 ], [ -87.68931, 41.987665 ], [ -87.689214, 41.987599 ], [ -87.689126, 41.987511 ], [ -87.689126, 41.987341 ], [ -87.68903, 41.987248 ], [ -87.688802, 41.987187 ], [ -87.688574, 41.987226 ], [ -87.688434, 41.98727 ], [ -87.68836, 41.987467 ], [ -87.68839, 41.987604 ], [ -87.688331, 41.987786 ], [ -87.688353, 41.988033 ], [ -87.688287, 41.988126 ], [ -87.688279, 41.988208 ], [ -87.688401, 41.988305 ], [ -87.688515, 41.988395 ], [ -87.688566, 41.988461 ], [ -87.688552, 41.988626 ], [ -87.688441, 41.988818 ], [ -87.688309, 41.988878 ], [ -87.687772, 41.989016 ], [ -87.687624, 41.989092 ], [ -87.687558, 41.989224 ], [ -87.687536, 41.989383 ], [ -87.68761, 41.989394 ], [ -87.687963, 41.989279 ], [ -87.68811, 41.989279 ], [ -87.688279, 41.98935 ], [ -87.688346, 41.989427 ], [ -87.68836, 41.989537 ], [ -87.688405, 41.989608 ], [ -87.688471, 41.989614 ], [ -87.688655, 41.989575 ] ], [ [ -87.6863, 41.992689 ], [ -87.686204, 41.992601 ], [ -87.686153, 41.992612 ], [ -87.686028, 41.992738 ], [ -87.685939, 41.99293 ], [ -87.685961, 41.993111 ], [ -87.685969, 41.993221 ], [ -87.686116, 41.993424 ], [ -87.686182, 41.993435 ], [ -87.6863, 41.993364 ], [ -87.686543, 41.993117 ], [ -87.686535, 41.993067 ], [ -87.686499, 41.993045 ], [ -87.68642, 41.992961 ], [ -87.686359, 41.992897 ], [ -87.6863, 41.992689 ] ], [ [ -87.63304, 41.917239 ], [ -87.632951, 41.916862 ], [ -87.632901, 41.916646 ], [ -87.63282, 41.916437 ], [ -87.63271, 41.91636 ], [ -87.632445, 41.916333 ], [ -87.631982, 41.91647 ], [ -87.631747, 41.91647 ], [ -87.63132, 41.916552 ], [ -87.63121, 41.916607 ], [ -87.631166, 41.916684 ], [ -87.631173, 41.917216 ], [ -87.631195, 41.917337 ], [ -87.631305, 41.917414 ], [ -87.63176, 41.917557 ], [ -87.632123, 41.917528 ], [ -87.632238, 41.917519 ], [ -87.632503, 41.917546 ], [ -87.632642, 41.917662 ], [ -87.632811, 41.918051 ], [ -87.63301, 41.918194 ], [ -87.633053, 41.918032 ], [ -87.63312, 41.917986 ], [ -87.633194, 41.917783 ], [ -87.633187, 41.917623 ], [ -87.63304, 41.917239 ] ], [ [ -87.633076, 41.91809 ], [ -87.63307, 41.918216 ], [ -87.633037, 41.918584 ], [ -87.633031, 41.918694 ], [ -87.63298, 41.918743 ], [ -87.632663, 41.918908 ], [ -87.632678, 41.91893 ], [ -87.63295, 41.918985 ], [ -87.63309, 41.919045 ], [ -87.6332, 41.919232 ], [ -87.633207, 41.919474 ], [ -87.633266, 41.919627 ], [ -87.633427, 41.919814 ], [ -87.633567, 41.920045 ], [ -87.633544, 41.920446 ], [ -87.633677, 41.92055 ], [ -87.633816, 41.920726 ], [ -87.633897, 41.92072 ], [ -87.633927, 41.9206 ], [ -87.633861, 41.920374 ], [ -87.633835, 41.920298 ], [ -87.633736, 41.920006 ], [ -87.633494, 41.919726 ], [ -87.633383, 41.91954 ], [ -87.633413, 41.919298 ], [ -87.63359, 41.919057 ], [ -87.633612, 41.918925 ], [ -87.633524, 41.918716 ], [ -87.633441, 41.918618 ], [ -87.633311, 41.918463 ], [ -87.633288, 41.918427 ], [ -87.633171, 41.918238 ], [ -87.633161, 41.91819 ], [ -87.633053, 41.918032 ], [ -87.633076, 41.91809 ] ], [ [ -87.632203, 41.924568 ], [ -87.632122, 41.924574 ], [ -87.632042, 41.924354 ], [ -87.632108, 41.924299 ], [ -87.631851, 41.923475 ], [ -87.63169, 41.92308 ], [ -87.631425, 41.922712 ], [ -87.631256, 41.922459 ], [ -87.63122, 41.922262 ], [ -87.631183, 41.921932 ], [ -87.631117, 41.921718 ], [ -87.63078, 41.920807 ], [ -87.630633, 41.920483 ], [ -87.630553, 41.92017 ], [ -87.630523, 41.919912 ], [ -87.630399, 41.91945 ], [ -87.630054, 41.918824 ], [ -87.630013, 41.918711 ], [ -87.62987, 41.918319 ], [ -87.629768, 41.917874 ], [ -87.629746, 41.917803 ], [ -87.629621, 41.917572 ], [ -87.629372, 41.916902 ], [ -87.62921, 41.916595 ], [ -87.629056, 41.916485 ], [ -87.628983, 41.916485 ], [ -87.628762, 41.916584 ], [ -87.628681, 41.91671 ], [ -87.628681, 41.916825 ], [ -87.628952, 41.917347 ], [ -87.629124, 41.917987 ], [ -87.629165, 41.918138 ], [ -87.629441, 41.918657 ], [ -87.629488, 41.918747 ], [ -87.629649, 41.919115 ], [ -87.629789, 41.919604 ], [ -87.629877, 41.919845 ], [ -87.62995, 41.920361 ], [ -87.629971, 41.920784 ], [ -87.630074, 41.921158 ], [ -87.630235, 41.921608 ], [ -87.630771, 41.922536 ], [ -87.630947, 41.922926 ], [ -87.631065, 41.923343 ], [ -87.631343, 41.923936 ], [ -87.631549, 41.924354 ], [ -87.631578, 41.924387 ], [ -87.631674, 41.924392 ], [ -87.631777, 41.924596 ], [ -87.631674, 41.924667 ], [ -87.631923, 41.925359 ], [ -87.632591, 41.925894 ], [ -87.632496, 41.925354 ], [ -87.632406, 41.925125 ], [ -87.632262, 41.92476 ], [ -87.632203, 41.924568 ] ], [ [ -87.632209, 41.926133 ], [ -87.632334, 41.926375 ], [ -87.632393, 41.926644 ], [ -87.632363, 41.926896 ], [ -87.632436, 41.92744 ], [ -87.63245, 41.927956 ], [ -87.632494, 41.928741 ], [ -87.632604, 41.929219 ], [ -87.63267, 41.929554 ], [ -87.632706, 41.929867 ], [ -87.632698, 41.930504 ], [ -87.632705, 41.930624 ], [ -87.632771, 41.930882 ], [ -87.632852, 41.931338 ], [ -87.632756, 41.931684 ], [ -87.632697, 41.932002 ], [ -87.632667, 41.932222 ], [ -87.632557, 41.932348 ], [ -87.632443, 41.932388 ], [ -87.632696, 41.93281 ], [ -87.632923, 41.932907 ], [ -87.632939, 41.932914 ], [ -87.633226, 41.932931 ], [ -87.63352, 41.932914 ], [ -87.633662, 41.932918 ], [ -87.633909, 41.932925 ], [ -87.634167, 41.932854 ], [ -87.634409, 41.932777 ], [ -87.634689, 41.932679 ], [ -87.634792, 41.932596 ], [ -87.634969, 41.93236 ], [ -87.635086, 41.932113 ], [ -87.635124, 41.931586 ], [ -87.635073, 41.930966 ], [ -87.634999, 41.930702 ], [ -87.634933, 41.930362 ], [ -87.634765, 41.929961 ], [ -87.634375, 41.929269 ], [ -87.634265, 41.928951 ], [ -87.634192, 41.928698 ], [ -87.634082, 41.928187 ], [ -87.633789, 41.927495 ], [ -87.633679, 41.92732 ], [ -87.633458, 41.92704 ], [ -87.633208, 41.92682 ], [ -87.63276, 41.926578 ], [ -87.632672, 41.926353 ], [ -87.632591, 41.925894 ], [ -87.632209, 41.926133 ] ], [ [ -87.63715, 41.928076 ], [ -87.63715, 41.928976 ], [ -87.638151, 41.929676 ], [ -87.638651, 41.928376 ], [ -87.637634, 41.92775 ], [ -87.63735, 41.927576 ], [ -87.63625, 41.926076 ], [ -87.63585, 41.926176 ], [ -87.63665, 41.927676 ], [ -87.63715, 41.928076 ] ], [ [ -87.659906, 41.960166 ], [ -87.659979, 41.960282 ], [ -87.65992, 41.960518 ], [ -87.659884, 41.960743 ], [ -87.659964, 41.960968 ], [ -87.660104, 41.961133 ], [ -87.660266, 41.961254 ], [ -87.66042, 41.961298 ], [ -87.660707, 41.961276 ], [ -87.660763, 41.961239 ], [ -87.66081, 41.96121 ], [ -87.660876, 41.961111 ], [ -87.660862, 41.961007 ], [ -87.660751, 41.960842 ], [ -87.660487, 41.960567 ], [ -87.66045, 41.960485 ], [ -87.660376, 41.960276 ], [ -87.660237, 41.959991 ], [ -87.660134, 41.959908 ], [ -87.660038, 41.959884 ], [ -87.659913, 41.959854 ], [ -87.659656, 41.959908 ], [ -87.659634, 41.959947 ], [ -87.659656, 41.960002 ], [ -87.659744, 41.960051 ], [ -87.659906, 41.960166 ] ], [ [ -87.675769, 41.985133 ], [ -87.675857, 41.985073 ], [ -87.675902, 41.984848 ], [ -87.676027, 41.984694 ], [ -87.675997, 41.984584 ], [ -87.675872, 41.984442 ], [ -87.67588, 41.984354 ], [ -87.675946, 41.984315 ], [ -87.676284, 41.984359 ], [ -87.676351, 41.984261 ], [ -87.676424, 41.983832 ], [ -87.67641, 41.983684 ], [ -87.676321, 41.983668 ], [ -87.676196, 41.983739 ], [ -87.676134, 41.983761 ], [ -87.676093, 41.983777 ], [ -87.675924, 41.983717 ], [ -87.675814, 41.983733 ], [ -87.67574, 41.983788 ], [ -87.675747, 41.984101 ], [ -87.675622, 41.984195 ], [ -87.675468, 41.984376 ], [ -87.675409, 41.984645 ], [ -87.675438, 41.984974 ], [ -87.67547, 41.985016 ], [ -87.675512, 41.985073 ], [ -87.675681, 41.98515 ], [ -87.675769, 41.985133 ] ] ], [ [ [ -87.939643, 41.985103 ], [ -87.939575, 41.985105 ], [ -87.939544, 41.985099 ], [ -87.939427, 41.9851 ], [ -87.939378, 41.9851 ], [ -87.93906, 41.985102 ], [ -87.939002, 41.985102 ], [ -87.938858, 41.985103 ], [ -87.938837, 41.985094 ], [ -87.938781, 41.98509 ], [ -87.938502, 41.985106 ], [ -87.938435, 41.985103 ], [ -87.938382, 41.985111 ], [ -87.938303, 41.985129 ], [ -87.938241, 41.985154 ], [ -87.938127, 41.985179 ], [ -87.938041, 41.985186 ], [ -87.93778, 41.985246 ], [ -87.937481, 41.98534 ], [ -87.937353, 41.985407 ], [ -87.937083, 41.985572 ], [ -87.936897, 41.985702 ], [ -87.936755, 41.985784 ], [ -87.936702, 41.9858 ], [ -87.936676, 41.985789 ], [ -87.936678, 41.985747 ], [ -87.936689, 41.9857 ], [ -87.936815, 41.985489 ], [ -87.936917, 41.985358 ], [ -87.936966, 41.98526 ], [ -87.936992, 41.985198 ], [ -87.937191, 41.984833 ], [ -87.937224, 41.984765 ], [ -87.937298, 41.984646 ], [ -87.937376, 41.984488 ], [ -87.937412, 41.984431 ], [ -87.937454, 41.984349 ], [ -87.937534, 41.984231 ], [ -87.937595, 41.984174 ], [ -87.937656, 41.984131 ], [ -87.937809, 41.984047 ], [ -87.938022, 41.983945 ], [ -87.93809, 41.983917 ], [ -87.938186, 41.983884 ], [ -87.93823, 41.983873 ], [ -87.938358, 41.983861 ], [ -87.938681, 41.983812 ], [ -87.93886, 41.983799 ], [ -87.938996, 41.983797 ], [ -87.939048, 41.983797 ], [ -87.939252, 41.983794 ], [ -87.939372, 41.983797 ], [ -87.939417, 41.983798 ], [ -87.939779, 41.983807 ], [ -87.939785, 41.984352 ], [ -87.939791, 41.984531 ], [ -87.939801, 41.985097 ], [ -87.939667, 41.985097 ], [ -87.939643, 41.985103 ] ] ], [ [ [ -87.939436, 41.986673 ], [ -87.939381, 41.986674 ], [ -87.939068, 41.986682 ], [ -87.939013, 41.986683 ], [ -87.938874, 41.986686 ], [ -87.938838, 41.986675 ], [ -87.938701, 41.986646 ], [ -87.938632, 41.986636 ], [ -87.938534, 41.986635 ], [ -87.938376, 41.98665 ], [ -87.938179, 41.986686 ], [ -87.937848, 41.986736 ], [ -87.937764, 41.986757 ], [ -87.937715, 41.986783 ], [ -87.937606, 41.98681 ], [ -87.937462, 41.986806 ], [ -87.937387, 41.986821 ], [ -87.937294, 41.986857 ], [ -87.937188, 41.986891 ], [ -87.937103, 41.986927 ], [ -87.937007, 41.986961 ], [ -87.936672, 41.987109 ], [ -87.936524, 41.987189 ], [ -87.936396, 41.987249 ], [ -87.936293, 41.987306 ], [ -87.936128, 41.987419 ], [ -87.936049, 41.987465 ], [ -87.935967, 41.987522 ], [ -87.935811, 41.987641 ], [ -87.935692, 41.987749 ], [ -87.935517, 41.987887 ], [ -87.9355, 41.987891 ], [ -87.93548, 41.987884 ], [ -87.935496, 41.987814 ], [ -87.935522, 41.987751 ], [ -87.935538, 41.987724 ], [ -87.935562, 41.987697 ], [ -87.935673, 41.987453 ], [ -87.93572, 41.987381 ], [ -87.935814, 41.987216 ], [ -87.93592, 41.987045 ], [ -87.936057, 41.986787 ], [ -87.936175, 41.986584 ], [ -87.936255, 41.986429 ], [ -87.93633, 41.986304 ], [ -87.93638, 41.986205 ], [ -87.936477, 41.986066 ], [ -87.936552, 41.985995 ], [ -87.936587, 41.985951 ], [ -87.93665, 41.985903 ], [ -87.936792, 41.98582 ], [ -87.937028, 41.985648 ], [ -87.937158, 41.985572 ], [ -87.93722, 41.98554 ], [ -87.937335, 41.985466 ], [ -87.937413, 41.985427 ], [ -87.937645, 41.985352 ], [ -87.937714, 41.985337 ], [ -87.938073, 41.985223 ], [ -87.938137, 41.985195 ], [ -87.93825, 41.985175 ], [ -87.938295, 41.985159 ], [ -87.938414, 41.985136 ], [ -87.938528, 41.985152 ], [ -87.938573, 41.985153 ], [ -87.938711, 41.985141 ], [ -87.93886, 41.985136 ], [ -87.939003, 41.985142 ], [ -87.93906, 41.985145 ], [ -87.939379, 41.985159 ], [ -87.939428, 41.985161 ], [ -87.939549, 41.985166 ], [ -87.939643, 41.985149 ], [ -87.939802, 41.985147 ], [ -87.939828, 41.986664 ], [ -87.939828, 41.986683 ], [ -87.939608, 41.986667 ], [ -87.939561, 41.98667 ], [ -87.939436, 41.986673 ] ] ], [ [ [ -87.588396, 41.644654 ], [ -87.589185, 41.644652 ], [ -87.589449, 41.644651 ], [ -87.590439, 41.644644 ], [ -87.591111, 41.64464 ], [ -87.591126, 41.644639 ], [ -87.59156, 41.644636 ], [ -87.592902, 41.644639 ], [ -87.593326, 41.644619 ], [ -87.59361, 41.644615 ], [ -87.594057, 41.644612 ], [ -87.594446, 41.644604 ], [ -87.595322, 41.644596 ], [ -87.59616, 41.644594 ], [ -87.596178, 41.644594 ], [ -87.597783, 41.644605 ], [ -87.597838, 41.644606 ], [ -87.598239, 41.644612 ], [ -87.598919, 41.644609 ], [ -87.599247, 41.644609 ], [ -87.600017, 41.644611 ], [ -87.601238, 41.644614 ], [ -87.602162, 41.64461 ], [ -87.602413, 41.64461 ], [ -87.603244, 41.64461 ], [ -87.603743, 41.64461 ], [ -87.604429, 41.64461 ], [ -87.604864, 41.644609 ], [ -87.605242, 41.644609 ], [ -87.605742, 41.644609 ], [ -87.605822, 41.644609 ], [ -87.606065, 41.644609 ], [ -87.606146, 41.644609 ], [ -87.606528, 41.644609 ], [ -87.607379, 41.644609 ], [ -87.607676, 41.644608 ], [ -87.608059, 41.644608 ], [ -87.608179, 41.644608 ], [ -87.608539, 41.644608 ], [ -87.60866, 41.644608 ], [ -87.608898, 41.644608 ], [ -87.60925, 41.644608 ], [ -87.609614, 41.644605 ], [ -87.609853, 41.644604 ], [ -87.61013, 41.644603 ], [ -87.610415, 41.644602 ], [ -87.610622, 41.644603 ], [ -87.610961, 41.644603 ], [ -87.611239, 41.644603 ], [ -87.611452, 41.644602 ], [ -87.611982, 41.644601 ], [ -87.612091, 41.644601 ], [ -87.612257, 41.644602 ], [ -87.612305, 41.644602 ], [ -87.612723, 41.644604 ], [ -87.613293, 41.644608 ], [ -87.613986, 41.644606 ], [ -87.614397, 41.6446 ], [ -87.617227, 41.644582 ], [ -87.617228, 41.644606 ], [ -87.617233, 41.644727 ], [ -87.617234, 41.645745 ], [ -87.617232, 41.646497 ], [ -87.617227, 41.64672 ], [ -87.617232, 41.646814 ], [ -87.617239, 41.646909 ], [ -87.617236, 41.647035 ], [ -87.617239, 41.647194 ], [ -87.617238, 41.647212 ], [ -87.617238, 41.647486 ], [ -87.617235, 41.647744 ], [ -87.617235, 41.647864 ], [ -87.617231, 41.647922 ], [ -87.617226, 41.648006 ], [ -87.617226, 41.648126 ], [ -87.617227, 41.648739 ], [ -87.617228, 41.648944 ], [ -87.617228, 41.649159 ], [ -87.617228, 41.649804 ], [ -87.617229, 41.650019 ], [ -87.617053, 41.650015 ], [ -87.616636, 41.649911 ], [ -87.616419, 41.649876 ], [ -87.616058, 41.649818 ], [ -87.614506, 41.649725 ], [ -87.614432, 41.649703 ], [ -87.613993, 41.649665 ], [ -87.613957, 41.649664 ], [ -87.613133, 41.649652 ], [ -87.612924, 41.649649 ], [ -87.6123, 41.649687 ], [ -87.612141, 41.649649 ], [ -87.612104, 41.649626 ], [ -87.611943, 41.649523 ], [ -87.611724, 41.649441 ], [ -87.61169, 41.64944 ], [ -87.610743, 41.649414 ], [ -87.610398, 41.649337 ], [ -87.610325, 41.649327 ], [ -87.609871, 41.649271 ], [ -87.609791, 41.649261 ], [ -87.609422, 41.649246 ], [ -87.609366, 41.649244 ], [ -87.608832, 41.649289 ], [ -87.608561, 41.649289 ], [ -87.608078, 41.649258 ], [ -87.60763, 41.649231 ], [ -87.606811, 41.64918 ], [ -87.605896, 41.649207 ], [ -87.605356, 41.649173 ], [ -87.604835, 41.649142 ], [ -87.60441, 41.649109 ], [ -87.60419, 41.649071 ], [ -87.603714, 41.648923 ], [ -87.603319, 41.648835 ], [ -87.60307, 41.648758 ], [ -87.602587, 41.648676 ], [ -87.602499, 41.648638 ], [ -87.60244, 41.6485 ], [ -87.602389, 41.648237 ], [ -87.602396, 41.648001 ], [ -87.602447, 41.647803 ], [ -87.60244, 41.647353 ], [ -87.602395, 41.64659 ], [ -87.602329, 41.646419 ], [ -87.602249, 41.646365 ], [ -87.602146, 41.646332 ], [ -87.60211, 41.646332 ], [ -87.602015, 41.646381 ], [ -87.601963, 41.646524 ], [ -87.601928, 41.647305 ], [ -87.601911, 41.647673 ], [ -87.601906, 41.647803 ], [ -87.601928, 41.647924 ], [ -87.601972, 41.648012 ], [ -87.602038, 41.648078 ], [ -87.60225, 41.648187 ], [ -87.602294, 41.648599 ], [ -87.60225, 41.64861 ], [ -87.602133, 41.648621 ], [ -87.601342, 41.648309 ], [ -87.60124, 41.648331 ], [ -87.601203, 41.64838 ], [ -87.601123, 41.648374 ], [ -87.601093, 41.648364 ], [ -87.601101, 41.648303 ], [ -87.601079, 41.648281 ], [ -87.600735, 41.648215 ], [ -87.600464, 41.648095 ], [ -87.600427, 41.64804 ], [ -87.600456, 41.64799 ], [ -87.600537, 41.647848 ], [ -87.600514, 41.646804 ], [ -87.600529, 41.646667 ], [ -87.600624, 41.646585 ], [ -87.600997, 41.646475 ], [ -87.601187, 41.64637 ], [ -87.601282, 41.646151 ], [ -87.601384, 41.645448 ], [ -87.601436, 41.6453 ], [ -87.601435, 41.64514 ], [ -87.601384, 41.644943 ], [ -87.601223, 41.644871 ], [ -87.601115, 41.644871 ], [ -87.600447, 41.644877 ], [ -87.600374, 41.644888 ], [ -87.60033, 41.644971 ], [ -87.600352, 41.645349 ], [ -87.600287, 41.645701 ], [ -87.600331, 41.645893 ], [ -87.600231, 41.647477 ], [ -87.600207, 41.647864 ], [ -87.600185, 41.647925 ], [ -87.600142, 41.647952 ], [ -87.600046, 41.647958 ], [ -87.599783, 41.647914 ], [ -87.599373, 41.647881 ], [ -87.598751, 41.647947 ], [ -87.598524, 41.648002 ], [ -87.598385, 41.648062 ], [ -87.597982, 41.648156 ], [ -87.597279, 41.648282 ], [ -87.596665, 41.648453 ], [ -87.596379, 41.648502 ], [ -87.59605, 41.648601 ], [ -87.595728, 41.648673 ], [ -87.595318, 41.64875 ], [ -87.595193, 41.648755 ], [ -87.593825, 41.649025 ], [ -87.593503, 41.649074 ], [ -87.5931, 41.649113 ], [ -87.592646, 41.649069 ], [ -87.591548, 41.648877 ], [ -87.591087, 41.648718 ], [ -87.590984, 41.648674 ], [ -87.590933, 41.648625 ], [ -87.59075, 41.648548 ], [ -87.590699, 41.648548 ], [ -87.590501, 41.648455 ], [ -87.590464, 41.648394 ], [ -87.590245, 41.64823 ], [ -87.590157, 41.648136 ], [ -87.590113, 41.648125 ], [ -87.590047, 41.648048 ], [ -87.590003, 41.648037 ], [ -87.589981, 41.647999 ], [ -87.589922, 41.647972 ], [ -87.589908, 41.647939 ], [ -87.589761, 41.647851 ], [ -87.589622, 41.647714 ], [ -87.589454, 41.647587 ], [ -87.589395, 41.647516 ], [ -87.589197, 41.647362 ], [ -87.589088, 41.647241 ], [ -87.588926, 41.647126 ], [ -87.588919, 41.647099 ], [ -87.588882, 41.647093 ], [ -87.588692, 41.646874 ], [ -87.588575, 41.646704 ], [ -87.588011, 41.646144 ], [ -87.587982, 41.646089 ], [ -87.587923, 41.646056 ], [ -87.587806, 41.645897 ], [ -87.587498, 41.645677 ], [ -87.587352, 41.645424 ], [ -87.587242, 41.64532 ], [ -87.586795, 41.645018 ], [ -87.5867, 41.64476 ], [ -87.586661, 41.644713 ], [ -87.586955, 41.644701 ], [ -87.587838, 41.644667 ], [ -87.588133, 41.644656 ], [ -87.588396, 41.644654 ] ] ], [ [ [ -87.524468, 41.703303 ], [ -87.524471, 41.703129 ], [ -87.524469, 41.702925 ], [ -87.524468, 41.702875 ], [ -87.524465, 41.702765 ], [ -87.524461, 41.70268 ], [ -87.524539, 41.700868 ], [ -87.524541, 41.700751 ], [ -87.524564, 41.699036 ], [ -87.524624, 41.697237 ], [ -87.524615, 41.695421 ], [ -87.524609, 41.69513 ], [ -87.524632, 41.693778 ], [ -87.524631, 41.693613 ], [ -87.524628, 41.693332 ], [ -87.52466, 41.691802 ], [ -87.524813, 41.686938 ], [ -87.524805, 41.686411 ], [ -87.524743, 41.681735 ], [ -87.524821, 41.680952 ], [ -87.524841, 41.676485 ], [ -87.524843, 41.675436 ], [ -87.524785, 41.673733 ], [ -87.524756, 41.673526 ], [ -87.524781, 41.671979 ], [ -87.524848, 41.667879 ], [ -87.524855, 41.667583 ], [ -87.524759, 41.661729 ], [ -87.524743, 41.660435 ], [ -87.524743, 41.659198 ], [ -87.524743, 41.658705 ], [ -87.524743, 41.657229 ], [ -87.524743, 41.656737 ], [ -87.524793, 41.655632 ], [ -87.525528, 41.655626 ], [ -87.525479, 41.658766 ], [ -87.525472, 41.659199 ], [ -87.525494, 41.660052 ], [ -87.525866, 41.660098 ], [ -87.526171, 41.660451 ], [ -87.526426, 41.660351 ], [ -87.526865, 41.660126 ], [ -87.527253, 41.659978 ], [ -87.527795, 41.659687 ], [ -87.527847, 41.659677 ], [ -87.527942, 41.659605 ], [ -87.527986, 41.659594 ], [ -87.52811, 41.659517 ], [ -87.528535, 41.65932 ], [ -87.528595, 41.659272 ], [ -87.529092, 41.65904 ], [ -87.529385, 41.658864 ], [ -87.529465, 41.658765 ], [ -87.52948, 41.658705 ], [ -87.52937, 41.658535 ], [ -87.529334, 41.658216 ], [ -87.529246, 41.658079 ], [ -87.529136, 41.657997 ], [ -87.529019, 41.657837 ], [ -87.528983, 41.657656 ], [ -87.528719, 41.657069 ], [ -87.528587, 41.65686 ], [ -87.528434, 41.656695 ], [ -87.528317, 41.656465 ], [ -87.528266, 41.65641 ], [ -87.528002, 41.655866 ], [ -87.527856, 41.655636 ], [ -87.526686, 41.653785 ], [ -87.526679, 41.653761 ], [ -87.526554, 41.653653 ], [ -87.526355, 41.65357 ], [ -87.526144, 41.653482 ], [ -87.525873, 41.653219 ], [ -87.525508, 41.652376 ], [ -87.525201, 41.651539 ], [ -87.524792, 41.651389 ], [ -87.524839, 41.650145 ], [ -87.524794, 41.650116 ], [ -87.524892, 41.647281 ], [ -87.524843, 41.647293 ], [ -87.524997, 41.644636 ], [ -87.525396, 41.644635 ], [ -87.525425, 41.644635 ], [ -87.525513, 41.644635 ], [ -87.525543, 41.644635 ], [ -87.525568, 41.644622 ], [ -87.525646, 41.644585 ], [ -87.525672, 41.644573 ], [ -87.525697, 41.64458 ], [ -87.525772, 41.644605 ], [ -87.525797, 41.644613 ], [ -87.527079, 41.644605 ], [ -87.528343, 41.644597 ], [ -87.529607, 41.644589 ], [ -87.535937, 41.644547 ], [ -87.538473, 41.644531 ], [ -87.538535, 41.644531 ], [ -87.538724, 41.644534 ], [ -87.538787, 41.644535 ], [ -87.539012, 41.644492 ], [ -87.539691, 41.644365 ], [ -87.539917, 41.644323 ], [ -87.540035, 41.644315 ], [ -87.54039, 41.644293 ], [ -87.540509, 41.644286 ], [ -87.54067, 41.644321 ], [ -87.541153, 41.644427 ], [ -87.541314, 41.644463 ], [ -87.541328, 41.64446 ], [ -87.541371, 41.644452 ], [ -87.541386, 41.64445 ], [ -87.541538, 41.644453 ], [ -87.541994, 41.644464 ], [ -87.542147, 41.644468 ], [ -87.542171, 41.644485 ], [ -87.542246, 41.644536 ], [ -87.542271, 41.644553 ], [ -87.542342, 41.644549 ], [ -87.542556, 41.644539 ], [ -87.542628, 41.644536 ], [ -87.542666, 41.644551 ], [ -87.542781, 41.644596 ], [ -87.54282, 41.644611 ], [ -87.543856, 41.644583 ], [ -87.545323, 41.644544 ], [ -87.546964, 41.644511 ], [ -87.548001, 41.644491 ], [ -87.548869, 41.644499 ], [ -87.549776, 41.644509 ], [ -87.551475, 41.644526 ], [ -87.552344, 41.644535 ], [ -87.553488, 41.644537 ], [ -87.556282, 41.644544 ], [ -87.556923, 41.644545 ], [ -87.558068, 41.644548 ], [ -87.558124, 41.644548 ], [ -87.558293, 41.64455 ], [ -87.55835, 41.644551 ], [ -87.557626, 41.644799 ], [ -87.556046, 41.645341 ], [ -87.555506, 41.645652 ], [ -87.554844, 41.646035 ], [ -87.556349, 41.647058 ], [ -87.558033, 41.648204 ], [ -87.556668, 41.646505 ], [ -87.557744, 41.645875 ], [ -87.559316, 41.644956 ], [ -87.559611, 41.644588 ], [ -87.560524, 41.644719 ], [ -87.560626, 41.645005 ], [ -87.560589, 41.645296 ], [ -87.560619, 41.645514 ], [ -87.560619, 41.645751 ], [ -87.560707, 41.646202 ], [ -87.560926, 41.646893 ], [ -87.561073, 41.647195 ], [ -87.56119, 41.647349 ], [ -87.561219, 41.647415 ], [ -87.56127, 41.647453 ], [ -87.561321, 41.647541 ], [ -87.561417, 41.647629 ], [ -87.561528, 41.647704 ], [ -87.5619, 41.647953 ], [ -87.56217, 41.648207 ], [ -87.562215, 41.64825 ], [ -87.562281, 41.648294 ], [ -87.562417, 41.64845 ], [ -87.562654, 41.648722 ], [ -87.562661, 41.64876 ], [ -87.562705, 41.648782 ], [ -87.562712, 41.64881 ], [ -87.563075, 41.649252 ], [ -87.563181, 41.649381 ], [ -87.563316, 41.649505 ], [ -87.563379, 41.649562 ], [ -87.563576, 41.64965 ], [ -87.563679, 41.649727 ], [ -87.563723, 41.649842 ], [ -87.563733, 41.649856 ], [ -87.564001, 41.650226 ], [ -87.564565, 41.650808 ], [ -87.564886, 41.651112 ], [ -87.5653, 41.651505 ], [ -87.565526, 41.651719 ], [ -87.566036, 41.652203 ], [ -87.566043, 41.65223 ], [ -87.566087, 41.652274 ], [ -87.566219, 41.652327 ], [ -87.566358, 41.652384 ], [ -87.566473, 41.652475 ], [ -87.566481, 41.652489 ], [ -87.56649, 41.65251 ], [ -87.566571, 41.652774 ], [ -87.566629, 41.652884 ], [ -87.566695, 41.652955 ], [ -87.567451, 41.653671 ], [ -87.569434, 41.655552 ], [ -87.570085, 41.656178 ], [ -87.570822, 41.656927 ], [ -87.571879, 41.658001 ], [ -87.571877, 41.658057 ], [ -87.571863, 41.658379 ], [ -87.571857, 41.658544 ], [ -87.571828, 41.658572 ], [ -87.571608, 41.658577 ], [ -87.571557, 41.658621 ], [ -87.57155, 41.658687 ], [ -87.571572, 41.658775 ], [ -87.57177, 41.658841 ], [ -87.571828, 41.658885 ], [ -87.571848, 41.658917 ], [ -87.571872, 41.658956 ], [ -87.571945, 41.659011 ], [ -87.571937, 41.659197 ], [ -87.571931, 41.659357 ], [ -87.57185, 41.659505 ], [ -87.570942, 41.660455 ], [ -87.570869, 41.660526 ], [ -87.570833, 41.660537 ], [ -87.570825, 41.660576 ], [ -87.570767, 41.660614 ], [ -87.570738, 41.660675 ], [ -87.570664, 41.660702 ], [ -87.570605, 41.660778 ], [ -87.570547, 41.660856 ], [ -87.570401, 41.660982 ], [ -87.570401, 41.66101 ], [ -87.570364, 41.661021 ], [ -87.570291, 41.661119 ], [ -87.570196, 41.661174 ], [ -87.570174, 41.661213 ], [ -87.570057, 41.661279 ], [ -87.569969, 41.661367 ], [ -87.569786, 41.661504 ], [ -87.569727, 41.661581 ], [ -87.569581, 41.661713 ], [ -87.569002, 41.662059 ], [ -87.568497, 41.662229 ], [ -87.568285, 41.662317 ], [ -87.568058, 41.662366 ], [ -87.567809, 41.662465 ], [ -87.567135, 41.662685 ], [ -87.566872, 41.662794 ], [ -87.56682, 41.662833 ], [ -87.566718, 41.662948 ], [ -87.566659, 41.663058 ], [ -87.566645, 41.663415 ], [ -87.566601, 41.663827 ], [ -87.566608, 41.66392 ], [ -87.566586, 41.663969 ], [ -87.565928, 41.664415 ], [ -87.564514, 41.665375 ], [ -87.564434, 41.665644 ], [ -87.56429, 41.665654 ], [ -87.563936, 41.665677 ], [ -87.563745, 41.66582 ], [ -87.56365, 41.665864 ], [ -87.563526, 41.666001 ], [ -87.563123, 41.666058 ], [ -87.562369, 41.666166 ], [ -87.561937, 41.666435 ], [ -87.561798, 41.666539 ], [ -87.561746, 41.666616 ], [ -87.561468, 41.666792 ], [ -87.561402, 41.666902 ], [ -87.561146, 41.667132 ], [ -87.560809, 41.667522 ], [ -87.560721, 41.667582 ], [ -87.560714, 41.66761 ], [ -87.560626, 41.667709 ], [ -87.560619, 41.667742 ], [ -87.560465, 41.667928 ], [ -87.560179, 41.668219 ], [ -87.560127, 41.668254 ], [ -87.560018, 41.668329 ], [ -87.559967, 41.66834 ], [ -87.559901, 41.66839 ], [ -87.559667, 41.668499 ], [ -87.559506, 41.668648 ], [ -87.559491, 41.668939 ], [ -87.559447, 41.668983 ], [ -87.559257, 41.66897 ], [ -87.559221, 41.668967 ], [ -87.559113, 41.668959 ], [ -87.559077, 41.668957 ], [ -87.559044, 41.668955 ], [ -87.558686, 41.668955 ], [ -87.558598, 41.668961 ], [ -87.558418, 41.668994 ], [ -87.558129, 41.669048 ], [ -87.557968, 41.669109 ], [ -87.557814, 41.669219 ], [ -87.557719, 41.669356 ], [ -87.557594, 41.669477 ], [ -87.55755, 41.66957 ], [ -87.557514, 41.669587 ], [ -87.557382, 41.669762 ], [ -87.557316, 41.669812 ], [ -87.557206, 41.669845 ], [ -87.556847, 41.669889 ], [ -87.556786, 41.669917 ], [ -87.55665, 41.669982 ], [ -87.556628, 41.670015 ], [ -87.556452, 41.670114 ], [ -87.556481, 41.670262 ], [ -87.556459, 41.670317 ], [ -87.556408, 41.670347 ], [ -87.556095, 41.670528 ], [ -87.555837, 41.670679 ], [ -87.555786, 41.670729 ], [ -87.555617, 41.670783 ], [ -87.555573, 41.670827 ], [ -87.5555, 41.670849 ], [ -87.555309, 41.670976 ], [ -87.555266, 41.670981 ], [ -87.555156, 41.671037 ], [ -87.554935, 41.671151 ], [ -87.554841, 41.671212 ], [ -87.554696, 41.671304 ], [ -87.554592, 41.671371 ], [ -87.554541, 41.671382 ], [ -87.554497, 41.671431 ], [ -87.554445, 41.671437 ], [ -87.554379, 41.671475 ], [ -87.554335, 41.671525 ], [ -87.554277, 41.67153 ], [ -87.554218, 41.671569 ], [ -87.554109, 41.671607 ], [ -87.553911, 41.671678 ], [ -87.553698, 41.671794 ], [ -87.553501, 41.671843 ], [ -87.553398, 41.671892 ], [ -87.553332, 41.671898 ], [ -87.552768, 41.672134 ], [ -87.552431, 41.672414 ], [ -87.552329, 41.67254 ], [ -87.55227, 41.672584 ], [ -87.552031, 41.672949 ], [ -87.55197, 41.673045 ], [ -87.551911, 41.673298 ], [ -87.551864, 41.673775 ], [ -87.551831, 41.674105 ], [ -87.551655, 41.674292 ], [ -87.551523, 41.674358 ], [ -87.55142, 41.67444 ], [ -87.550908, 41.674495 ], [ -87.550783, 41.674566 ], [ -87.550695, 41.674649 ], [ -87.550381, 41.674753 ], [ -87.550241, 41.674819 ], [ -87.550051, 41.67494 ], [ -87.549985, 41.675011 ], [ -87.549904, 41.675066 ], [ -87.54978, 41.67522 ], [ -87.549721, 41.675258 ], [ -87.549619, 41.6755 ], [ -87.549619, 41.67562 ], [ -87.549663, 41.675741 ], [ -87.54975, 41.675873 ], [ -87.549882, 41.675977 ], [ -87.550417, 41.676202 ], [ -87.550834, 41.676318 ], [ -87.550856, 41.67634 ], [ -87.55101, 41.676373 ], [ -87.551061, 41.676417 ], [ -87.551288, 41.676548 ], [ -87.551362, 41.676636 ], [ -87.55142, 41.676664 ], [ -87.551479, 41.676741 ], [ -87.551574, 41.676779 ], [ -87.551654, 41.676883 ], [ -87.551757, 41.677152 ], [ -87.551757, 41.677361 ], [ -87.551779, 41.677844 ], [ -87.551735, 41.678454 ], [ -87.551691, 41.678745 ], [ -87.551632, 41.679354 ], [ -87.551456, 41.680244 ], [ -87.55139, 41.681073 ], [ -87.551412, 41.68188 ], [ -87.551455, 41.682134 ], [ -87.551588, 41.682907 ], [ -87.551639, 41.684587 ], [ -87.551685, 41.684869 ], [ -87.551749, 41.685268 ], [ -87.551792, 41.686443 ], [ -87.551726, 41.686997 ], [ -87.551675, 41.687294 ], [ -87.551672, 41.687564 ], [ -87.551668, 41.688084 ], [ -87.551624, 41.688496 ], [ -87.551638, 41.688886 ], [ -87.551315, 41.693125 ], [ -87.551257, 41.693553 ], [ -87.552233, 41.695435 ], [ -87.552787, 41.696502 ], [ -87.55278, 41.697265 ], [ -87.55233, 41.697858 ], [ -87.551351, 41.699148 ], [ -87.55124, 41.699188 ], [ -87.548633, 41.700153 ], [ -87.548376, 41.700279 ], [ -87.547255, 41.700811 ], [ -87.546627, 41.70146 ], [ -87.545563, 41.702563 ], [ -87.545549, 41.702767 ], [ -87.54554, 41.702892 ], [ -87.545141, 41.702881 ], [ -87.544925, 41.702876 ], [ -87.545087, 41.70422 ], [ -87.54515, 41.704741 ], [ -87.545232, 41.705423 ], [ -87.545236, 41.705596 ], [ -87.545276, 41.707131 ], [ -87.544658, 41.707973 ], [ -87.544609, 41.708042 ], [ -87.544455, 41.708119 ], [ -87.544103, 41.708207 ], [ -87.543993, 41.708284 ], [ -87.543912, 41.708353 ], [ -87.543606, 41.708613 ], [ -87.543561, 41.708652 ], [ -87.542872, 41.709376 ], [ -87.542781, 41.709489 ], [ -87.542564, 41.709827 ], [ -87.542601, 41.709958 ], [ -87.542381, 41.710024 ], [ -87.541225, 41.710053 ], [ -87.540831, 41.710063 ], [ -87.540666, 41.710068 ], [ -87.540212, 41.71015 ], [ -87.540219, 41.710205 ], [ -87.54041, 41.710304 ], [ -87.540805, 41.710364 ], [ -87.542227, 41.710354 ], [ -87.542212, 41.71065 ], [ -87.539999, 41.71071 ], [ -87.540021, 41.710957 ], [ -87.54029, 41.710959 ], [ -87.541582, 41.710974 ], [ -87.541066, 41.711324 ], [ -87.540336, 41.711819 ], [ -87.539786, 41.712193 ], [ -87.539705, 41.712418 ], [ -87.54002, 41.712423 ], [ -87.54123, 41.711667 ], [ -87.541979, 41.711201 ], [ -87.542025, 41.711171 ], [ -87.542165, 41.711085 ], [ -87.542212, 41.711056 ], [ -87.54221, 41.711609 ], [ -87.542205, 41.71327 ], [ -87.542204, 41.713681 ], [ -87.542196, 41.713824 ], [ -87.542189, 41.713966 ], [ -87.541859, 41.713955 ], [ -87.541793, 41.714005 ], [ -87.541764, 41.714093 ], [ -87.541761, 41.714187 ], [ -87.541734, 41.715213 ], [ -87.541676, 41.715427 ], [ -87.541566, 41.715614 ], [ -87.541522, 41.715745 ], [ -87.541573, 41.716042 ], [ -87.541641, 41.716358 ], [ -87.541646, 41.716377 ], [ -87.541703, 41.716493 ], [ -87.541749, 41.716585 ], [ -87.541946, 41.716816 ], [ -87.541924, 41.716835 ], [ -87.541877, 41.716877 ], [ -87.541833, 41.716916 ], [ -87.541806, 41.716941 ], [ -87.541789, 41.716957 ], [ -87.541758, 41.716984 ], [ -87.541724, 41.717014 ], [ -87.541712, 41.717025 ], [ -87.541536, 41.716997 ], [ -87.540696, 41.716697 ], [ -87.540598, 41.716662 ], [ -87.540576, 41.716635 ], [ -87.540334, 41.717008 ], [ -87.541748, 41.717634 ], [ -87.541558, 41.717931 ], [ -87.541778, 41.718013 ], [ -87.542085, 41.717788 ], [ -87.542524, 41.717998 ], [ -87.542738, 41.718101 ], [ -87.542769, 41.719059 ], [ -87.54348, 41.719695 ], [ -87.543511, 41.719727 ], [ -87.542736, 41.719404 ], [ -87.54273, 41.719455 ], [ -87.542715, 41.719589 ], [ -87.542649, 41.719847 ], [ -87.542584, 41.719982 ], [ -87.542546, 41.720061 ], [ -87.54248, 41.720133 ], [ -87.542305, 41.720248 ], [ -87.542114, 41.72027 ], [ -87.542392, 41.722417 ], [ -87.542458, 41.722565 ], [ -87.542516, 41.722609 ], [ -87.542678, 41.722664 ], [ -87.542732, 41.722864 ], [ -87.542773, 41.723015 ], [ -87.542779, 41.723086 ], [ -87.542795, 41.723262 ], [ -87.542787, 41.723614 ], [ -87.542751, 41.72374 ], [ -87.542733, 41.723755 ], [ -87.542677, 41.723806 ], [ -87.542614, 41.723945 ], [ -87.542567, 41.724047 ], [ -87.542494, 41.724097 ], [ -87.541447, 41.724103 ], [ -87.540061, 41.724113 ], [ -87.539928, 41.725414 ], [ -87.540847, 41.725917 ], [ -87.541804, 41.726441 ], [ -87.541702, 41.72656 ], [ -87.541567, 41.726716 ], [ -87.541372, 41.726946 ], [ -87.541306, 41.727067 ], [ -87.54135, 41.72716 ], [ -87.541281, 41.727196 ], [ -87.5411, 41.727295 ], [ -87.540716, 41.727502 ], [ -87.539564, 41.728125 ], [ -87.539181, 41.728333 ], [ -87.539107, 41.728373 ], [ -87.538931, 41.728478 ], [ -87.538645, 41.728467 ], [ -87.537723, 41.728864 ], [ -87.536966, 41.729191 ], [ -87.535207, 41.72991 ], [ -87.533358, 41.730702 ], [ -87.531907, 41.731325 ], [ -87.531416, 41.731535 ], [ -87.529945, 41.732166 ], [ -87.529679, 41.732281 ], [ -87.529496, 41.732275 ], [ -87.529437, 41.732259 ], [ -87.529264, 41.732295 ], [ -87.529117, 41.732172 ], [ -87.529031, 41.732111 ], [ -87.525174, 41.731511 ], [ -87.524978, 41.731438 ], [ -87.524721, 41.731242 ], [ -87.524635, 41.731046 ], [ -87.524512, 41.723857 ], [ -87.524477, 41.722959 ], [ -87.524457, 41.72243 ], [ -87.524422, 41.721899 ], [ -87.524463, 41.721867 ], [ -87.524476, 41.721849 ], [ -87.524494, 41.721824 ], [ -87.524482, 41.721695 ], [ -87.524494, 41.721653 ], [ -87.524604, 41.721622 ], [ -87.524739, 41.721597 ], [ -87.524837, 41.72153 ], [ -87.524874, 41.721487 ], [ -87.52488, 41.721475 ], [ -87.524782, 41.721389 ], [ -87.524819, 41.721359 ], [ -87.524659, 41.721236 ], [ -87.524763, 41.72112 ], [ -87.524923, 41.721236 ], [ -87.525064, 41.721359 ], [ -87.52518, 41.721224 ], [ -87.525302, 41.721046 ], [ -87.525376, 41.720924 ], [ -87.525376, 41.720899 ], [ -87.525039, 41.720838 ], [ -87.525094, 41.720679 ], [ -87.525443, 41.720777 ], [ -87.525504, 41.720459 ], [ -87.525572, 41.719852 ], [ -87.525599, 41.719503 ], [ -87.525599, 41.719217 ], [ -87.52554, 41.718963 ], [ -87.525431, 41.718741 ], [ -87.525317, 41.71855 ], [ -87.525213, 41.718436 ], [ -87.52514, 41.718382 ], [ -87.525013, 41.718337 ], [ -87.524868, 41.7183 ], [ -87.524759, 41.718282 ], [ -87.524504, 41.718241 ], [ -87.524509, 41.71785 ], [ -87.524482, 41.717791 ], [ -87.524454, 41.71775 ], [ -87.52445, 41.717474 ], [ -87.524454, 41.717401 ], [ -87.524486, 41.717378 ], [ -87.524597, 41.71735 ], [ -87.524948, 41.717345 ], [ -87.525188, 41.717307 ], [ -87.525532, 41.717329 ], [ -87.525715, 41.717302 ], [ -87.526132, 41.717165 ], [ -87.526292, 41.717077 ], [ -87.52687, 41.716952 ], [ -87.526936, 41.716914 ], [ -87.527353, 41.716771 ], [ -87.52766, 41.716618 ], [ -87.527879, 41.716454 ], [ -87.528003, 41.716382 ], [ -87.528325, 41.71607 ], [ -87.52845, 41.715907 ], [ -87.528464, 41.715791 ], [ -87.528413, 41.715496 ], [ -87.52834, 41.715364 ], [ -87.528246, 41.715123 ], [ -87.528195, 41.714937 ], [ -87.528092, 41.714674 ], [ -87.528048, 41.714444 ], [ -87.527968, 41.714302 ], [ -87.527815, 41.713918 ], [ -87.527676, 41.713655 ], [ -87.527545, 41.713496 ], [ -87.527523, 41.713442 ], [ -87.527487, 41.713425 ], [ -87.527369, 41.713271 ], [ -87.52665, 41.712645 ], [ -87.526501, 41.712544 ], [ -87.526405, 41.712464 ], [ -87.526384, 41.712443 ], [ -87.526362, 41.712427 ], [ -87.5252, 41.713342 ], [ -87.525137, 41.713299 ], [ -87.525394, 41.713097 ], [ -87.526321, 41.712361 ], [ -87.52819, 41.710969 ], [ -87.527979, 41.710766 ], [ -87.527734, 41.71055 ], [ -87.527522, 41.710401 ], [ -87.527317, 41.710269 ], [ -87.527182, 41.710185 ], [ -87.526967, 41.710072 ], [ -87.526747, 41.70998 ], [ -87.526605, 41.709947 ], [ -87.526377, 41.709914 ], [ -87.52625, 41.709914 ], [ -87.526099, 41.709916 ], [ -87.525997, 41.709993 ], [ -87.525901, 41.710037 ], [ -87.525879, 41.710086 ], [ -87.525996, 41.710278 ], [ -87.526011, 41.710339 ], [ -87.525989, 41.710366 ], [ -87.525777, 41.710372 ], [ -87.525601, 41.710306 ], [ -87.525535, 41.710108 ], [ -87.52544, 41.710015 ], [ -87.5253, 41.709965 ], [ -87.524971, 41.709899 ], [ -87.524919, 41.709861 ], [ -87.524846, 41.709757 ], [ -87.524707, 41.709663 ], [ -87.524619, 41.709564 ], [ -87.524539, 41.709509 ], [ -87.524246, 41.709438 ], [ -87.524216, 41.709416 ], [ -87.524202, 41.709273 ], [ -87.524224, 41.709251 ], [ -87.52437, 41.709229 ], [ -87.524531, 41.709229 ], [ -87.524707, 41.709262 ], [ -87.524898, 41.7094 ], [ -87.524898, 41.709427 ], [ -87.525015, 41.70957 ], [ -87.525073, 41.709603 ], [ -87.525279, 41.709674 ], [ -87.525484, 41.709839 ], [ -87.52555, 41.709861 ], [ -87.52618, 41.709482 ], [ -87.525763, 41.709158 ], [ -87.525286, 41.708829 ], [ -87.524788, 41.708583 ], [ -87.524266, 41.708258 ], [ -87.524174, 41.708181 ], [ -87.524194, 41.707891 ], [ -87.524215, 41.707511 ], [ -87.52431, 41.706603 ], [ -87.524442, 41.704046 ], [ -87.524468, 41.703303 ] ], [ [ -87.525611, 41.660578 ], [ -87.525485, 41.665646 ], [ -87.525618, 41.672344 ], [ -87.529007, 41.666576 ], [ -87.529284, 41.665944 ], [ -87.529243, 41.659226 ], [ -87.529244, 41.659206 ], [ -87.529888, 41.659212 ], [ -87.529785, 41.658933 ], [ -87.52966, 41.658877 ], [ -87.529607, 41.658884 ], [ -87.529154, 41.659095 ], [ -87.528992, 41.65921 ], [ -87.528325, 41.659648 ], [ -87.527715, 41.660066 ], [ -87.526171, 41.660451 ], [ -87.525611, 41.660578 ] ], [ [ -87.53186, 41.656658 ], [ -87.531704, 41.656567 ], [ -87.531399, 41.656465 ], [ -87.531282, 41.656389 ], [ -87.531253, 41.656366 ], [ -87.531245, 41.656268 ], [ -87.531297, 41.656218 ], [ -87.531735, 41.655915 ], [ -87.531853, 41.655834 ], [ -87.532051, 41.655669 ], [ -87.532044, 41.655598 ], [ -87.531978, 41.655554 ], [ -87.531912, 41.65551 ], [ -87.531744, 41.655598 ], [ -87.531614, 41.655704 ], [ -87.531603, 41.655712 ], [ -87.531487, 41.655807 ], [ -87.531187, 41.656015 ], [ -87.531087, 41.656107 ], [ -87.531033, 41.656158 ], [ -87.530923, 41.656207 ], [ -87.530828, 41.656301 ], [ -87.530733, 41.656355 ], [ -87.530418, 41.656613 ], [ -87.530147, 41.656816 ], [ -87.530015, 41.656965 ], [ -87.529907, 41.657021 ], [ -87.529891, 41.65703 ], [ -87.529837, 41.657024 ], [ -87.529591, 41.656997 ], [ -87.529495, 41.656943 ], [ -87.529459, 41.656882 ], [ -87.529356, 41.656788 ], [ -87.529301, 41.656762 ], [ -87.529254, 41.656771 ], [ -87.52922, 41.656791 ], [ -87.52917, 41.656923 ], [ -87.528866, 41.656487 ], [ -87.528815, 41.65641 ], [ -87.528765, 41.656316 ], [ -87.528687, 41.656167 ], [ -87.52861, 41.65602 ], [ -87.52846, 41.655807 ], [ -87.528357, 41.655639 ], [ -87.528095, 41.655244 ], [ -87.5276, 41.654499 ], [ -87.527334, 41.654047 ], [ -87.527161, 41.653752 ], [ -87.527053, 41.653678 ], [ -87.527, 41.653642 ], [ -87.526876, 41.653444 ], [ -87.526839, 41.653433 ], [ -87.526759, 41.653439 ], [ -87.526752, 41.653472 ], [ -87.526795, 41.653614 ], [ -87.526839, 41.653658 ], [ -87.526839, 41.653686 ], [ -87.527527, 41.654753 ], [ -87.527772, 41.655134 ], [ -87.527922, 41.655366 ], [ -87.528104, 41.655638 ], [ -87.528248, 41.655853 ], [ -87.528317, 41.655956 ], [ -87.52839, 41.656064 ], [ -87.528529, 41.656239 ], [ -87.528663, 41.65651 ], [ -87.528727, 41.65664 ], [ -87.528822, 41.656706 ], [ -87.528552, 41.656714 ], [ -87.528785, 41.656841 ], [ -87.52891, 41.656905 ], [ -87.529089, 41.656986 ], [ -87.529239, 41.657015 ], [ -87.529524, 41.657048 ], [ -87.530149, 41.657265 ], [ -87.531197, 41.656966 ], [ -87.532014, 41.656811 ], [ -87.531948, 41.656718 ], [ -87.53186, 41.656658 ] ], [ [ -87.537993, 41.664445 ], [ -87.538115, 41.664554 ], [ -87.538271, 41.664636 ], [ -87.538525, 41.664701 ], [ -87.538714, 41.664727 ], [ -87.53912, 41.664775 ], [ -87.539296, 41.664764 ], [ -87.539457, 41.664725 ], [ -87.539479, 41.664665 ], [ -87.539465, 41.664637 ], [ -87.539384, 41.664626 ], [ -87.539011, 41.664654 ], [ -87.538932, 41.664632 ], [ -87.538753, 41.664583 ], [ -87.538509, 41.664387 ], [ -87.538218, 41.664183 ], [ -87.538928, 41.663411 ], [ -87.537934, 41.663682 ], [ -87.537267, 41.662778 ], [ -87.536343, 41.664235 ], [ -87.536415, 41.664157 ], [ -87.53646, 41.664144 ], [ -87.536688, 41.664156 ], [ -87.53688, 41.664226 ], [ -87.536968, 41.664228 ], [ -87.537021, 41.664176 ], [ -87.537025, 41.663997 ], [ -87.537071, 41.663932 ], [ -87.537143, 41.663888 ], [ -87.537247, 41.663884 ], [ -87.537388, 41.663919 ], [ -87.537446, 41.664085 ], [ -87.537424, 41.664315 ], [ -87.53744, 41.664381 ], [ -87.537519, 41.66443 ], [ -87.537862, 41.664397 ], [ -87.537993, 41.664445 ] ], [ [ -87.534136, 41.668926 ], [ -87.536629, 41.667127 ], [ -87.536733, 41.664357 ], [ -87.534336, 41.663954 ], [ -87.530288, 41.662864 ], [ -87.530043, 41.666735 ], [ -87.529744, 41.667533 ], [ -87.534136, 41.668926 ] ], [ [ -87.526443, 41.674043 ], [ -87.526788, 41.674055 ], [ -87.532143, 41.674243 ], [ -87.534244, 41.672243 ], [ -87.533843, 41.669343 ], [ -87.529443, 41.667943 ], [ -87.526443, 41.674043 ] ] ], [ [ [ -87.582309, 41.691915 ], [ -87.58228, 41.691833 ], [ -87.582316, 41.69174 ], [ -87.582346, 41.691718 ], [ -87.582507, 41.691712 ], [ -87.582785, 41.691761 ], [ -87.582961, 41.691844 ], [ -87.583005, 41.691899 ], [ -87.583056, 41.692069 ], [ -87.583027, 41.692091 ], [ -87.583034, 41.692206 ], [ -87.582939, 41.692272 ], [ -87.582793, 41.692305 ], [ -87.582734, 41.692256 ], [ -87.582719, 41.692195 ], [ -87.582463, 41.692053 ], [ -87.582368, 41.691992 ], [ -87.582309, 41.691915 ] ] ], [ [ [ -87.658294, 41.795362 ], [ -87.658326, 41.795399 ], [ -87.658394, 41.795409 ], [ -87.6585, 41.79542 ], [ -87.658589, 41.795436 ], [ -87.658679, 41.795494 ], [ -87.658774, 41.795573 ], [ -87.658816, 41.795636 ], [ -87.658863, 41.795694 ], [ -87.658884, 41.795694 ], [ -87.658939, 41.795726 ], [ -87.658935, 41.795737 ], [ -87.658914, 41.795758 ], [ -87.658902, 41.795771 ], [ -87.658874, 41.795786 ], [ -87.658812, 41.795808 ], [ -87.65874, 41.795783 ], [ -87.658671, 41.795802 ], [ -87.658636, 41.795824 ], [ -87.658592, 41.795871 ], [ -87.658521, 41.79598 ], [ -87.658483, 41.796102 ], [ -87.658433, 41.796231 ], [ -87.658389, 41.796315 ], [ -87.65838, 41.796396 ], [ -87.658361, 41.796493 ], [ -87.658358, 41.796578 ], [ -87.658383, 41.796644 ], [ -87.658408, 41.796697 ], [ -87.658511, 41.796831 ], [ -87.65858, 41.796941 ], [ -87.658614, 41.796982 ], [ -87.658655, 41.797 ], [ -87.6587, 41.796992 ], [ -87.658743, 41.796997 ], [ -87.65878, 41.797051 ], [ -87.658783, 41.797115 ], [ -87.658727, 41.797157 ], [ -87.65869, 41.797182 ], [ -87.658715, 41.797232 ], [ -87.658768, 41.797254 ], [ -87.658812, 41.797295 ], [ -87.658824, 41.797357 ], [ -87.65878, 41.797389 ], [ -87.658733, 41.797448 ], [ -87.658708, 41.797495 ], [ -87.658733, 41.797532 ], [ -87.658743, 41.797561 ], [ -87.658727, 41.797586 ], [ -87.65869, 41.797629 ], [ -87.658674, 41.797651 ], [ -87.658653, 41.797675 ], [ -87.658626, 41.797706 ], [ -87.65862, 41.797727 ], [ -87.658612, 41.797745 ], [ -87.658586, 41.797745 ], [ -87.658546, 41.79777 ], [ -87.658446, 41.797767 ], [ -87.65834, 41.797751 ], [ -87.658261, 41.797759 ], [ -87.658213, 41.797745 ], [ -87.658177, 41.797699 ], [ -87.65815, 41.797612 ], [ -87.658129, 41.797561 ], [ -87.658058, 41.797518 ], [ -87.657977, 41.797493 ], [ -87.657847, 41.797491 ], [ -87.657744, 41.797501 ], [ -87.65753, 41.797523 ], [ -87.657384, 41.797529 ], [ -87.657273, 41.797504 ], [ -87.657183, 41.797477 ], [ -87.657148, 41.797445 ], [ -87.657086, 41.797431 ], [ -87.657024, 41.797458 ], [ -87.65701, 41.797477 ], [ -87.656978, 41.797529 ], [ -87.656883, 41.797526 ], [ -87.656807, 41.79751 ], [ -87.656785, 41.79751 ], [ -87.656726, 41.797542 ], [ -87.656696, 41.79758 ], [ -87.656707, 41.797602 ], [ -87.656739, 41.797653 ], [ -87.656747, 41.797715 ], [ -87.65671, 41.797756 ], [ -87.656639, 41.797783 ], [ -87.656525, 41.797816 ], [ -87.656439, 41.797829 ], [ -87.65636, 41.79781 ], [ -87.656306, 41.797756 ], [ -87.65626, 41.797713 ], [ -87.656238, 41.79768 ], [ -87.656221, 41.797674 ], [ -87.656196, 41.79766 ], [ -87.656154, 41.79766 ], [ -87.656119, 41.797679 ], [ -87.656114, 41.797653 ], [ -87.656114, 41.797611 ], [ -87.656114, 41.797558 ], [ -87.656114, 41.797511 ], [ -87.656114, 41.797411 ], [ -87.656124, 41.797168 ], [ -87.656114, 41.797089 ], [ -87.656093, 41.797037 ], [ -87.656051, 41.796973 ], [ -87.65604, 41.796873 ], [ -87.656009, 41.796826 ], [ -87.655988, 41.796742 ], [ -87.656009, 41.796673 ], [ -87.656024, 41.796621 ], [ -87.656072, 41.796542 ], [ -87.656072, 41.796442 ], [ -87.656051, 41.79632 ], [ -87.656024, 41.796252 ], [ -87.655982, 41.796168 ], [ -87.655966, 41.79611 ], [ -87.655988, 41.795989 ], [ -87.655998, 41.795941 ], [ -87.656045, 41.795841 ], [ -87.656056, 41.795767 ], [ -87.656009, 41.795646 ], [ -87.655998, 41.795562 ], [ -87.655961, 41.795467 ], [ -87.655935, 41.795404 ], [ -87.655893, 41.79533 ], [ -87.655793, 41.795235 ], [ -87.655805, 41.795217 ], [ -87.655818, 41.795198 ], [ -87.655836, 41.795173 ], [ -87.655859, 41.795146 ], [ -87.655903, 41.795141 ], [ -87.655956, 41.795156 ], [ -87.656014, 41.795141 ], [ -87.656072, 41.795099 ], [ -87.656124, 41.795062 ], [ -87.656172, 41.795051 ], [ -87.656243, 41.795043 ], [ -87.656298, 41.79503 ], [ -87.656372, 41.795009 ], [ -87.656393, 41.794988 ], [ -87.656456, 41.794956 ], [ -87.656477, 41.794962 ], [ -87.656525, 41.794998 ], [ -87.656572, 41.79502 ], [ -87.656614, 41.794983 ], [ -87.65662, 41.794951 ], [ -87.656651, 41.794925 ], [ -87.656688, 41.794914 ], [ -87.656757, 41.794919 ], [ -87.656788, 41.794941 ], [ -87.65683, 41.794983 ], [ -87.656846, 41.795014 ], [ -87.656888, 41.79502 ], [ -87.656915, 41.795004 ], [ -87.656967, 41.794977 ], [ -87.657073, 41.794956 ], [ -87.657109, 41.794956 ], [ -87.657183, 41.794977 ], [ -87.657273, 41.795009 ], [ -87.657336, 41.795025 ], [ -87.657404, 41.795046 ], [ -87.657462, 41.795041 ], [ -87.657504, 41.794998 ], [ -87.657562, 41.794962 ], [ -87.657641, 41.794935 ], [ -87.657747, 41.794941 ], [ -87.657847, 41.794962 ], [ -87.657999, 41.794998 ], [ -87.658105, 41.795041 ], [ -87.658226, 41.79512 ], [ -87.658258, 41.795199 ], [ -87.658294, 41.795283 ], [ -87.658284, 41.795304 ], [ -87.658294, 41.795362 ] ] ], [ [ [ -87.647838, 41.898176 ], [ -87.647832, 41.898041 ], [ -87.647915, 41.898059 ], [ -87.647839, 41.898203 ], [ -87.647838, 41.898176 ] ] ], [ [ [ -87.651314, 41.899969 ], [ -87.651647, 41.900117 ], [ -87.651879, 41.900196 ], [ -87.653087, 41.900413 ], [ -87.654059, 41.900603 ], [ -87.654532, 41.900728 ], [ -87.655212, 41.900964 ], [ -87.655601, 41.901228 ], [ -87.655749, 41.901399 ], [ -87.655944, 41.901682 ], [ -87.655939, 41.901876 ], [ -87.655916, 41.901909 ], [ -87.656226, 41.902663 ], [ -87.65636, 41.902909 ], [ -87.656555, 41.903117 ], [ -87.656695, 41.903235 ], [ -87.656851, 41.903367 ], [ -87.657078, 41.903507 ], [ -87.657397, 41.903876 ], [ -87.657624, 41.904154 ], [ -87.657731, 41.904344 ], [ -87.657842, 41.904585 ], [ -87.65787, 41.904788 ], [ -87.657833, 41.90571 ], [ -87.657638, 41.907061 ], [ -87.657615, 41.907497 ], [ -87.657606, 41.908136 ], [ -87.657564, 41.908242 ], [ -87.657279, 41.908785 ], [ -87.657147, 41.908974 ], [ -87.657059, 41.908973 ], [ -87.656105, 41.908969 ], [ -87.655717, 41.908965 ], [ -87.655727, 41.909377 ], [ -87.655729, 41.909901 ], [ -87.655699, 41.910011 ], [ -87.655662, 41.910043 ], [ -87.655588, 41.910076 ], [ -87.655483, 41.910071 ], [ -87.655398, 41.910067 ], [ -87.655287, 41.910071 ], [ -87.655227, 41.910062 ], [ -87.655176, 41.910016 ], [ -87.654903, 41.909775 ], [ -87.654782, 41.909641 ], [ -87.654564, 41.909364 ], [ -87.654379, 41.909182 ], [ -87.653166, 41.907687 ], [ -87.652034, 41.906367 ], [ -87.651356, 41.905582 ], [ -87.65119, 41.905281 ], [ -87.651003, 41.90488 ], [ -87.650779, 41.904603 ], [ -87.65046, 41.904363 ], [ -87.650234, 41.904206 ], [ -87.650009, 41.903984 ], [ -87.649849, 41.903801 ], [ -87.64983, 41.903724 ], [ -87.649822, 41.903639 ], [ -87.649817, 41.903504 ], [ -87.649789, 41.903437 ], [ -87.64956, 41.903161 ], [ -87.648653, 41.902301 ], [ -87.648301, 41.901919 ], [ -87.647999, 41.901678 ], [ -87.647509, 41.901344 ], [ -87.647074, 41.900918 ], [ -87.646666, 41.900553 ], [ -87.646477, 41.900349 ], [ -87.646345, 41.899948 ], [ -87.645921, 41.899164 ], [ -87.645458, 41.898252 ], [ -87.645456, 41.898192 ], [ -87.645477, 41.898164 ], [ -87.645537, 41.898104 ], [ -87.645602, 41.898048 ], [ -87.646227, 41.898103 ], [ -87.64731, 41.898224 ], [ -87.647671, 41.898229 ], [ -87.647839, 41.898203 ], [ -87.648671, 41.89821 ], [ -87.649337, 41.898673 ], [ -87.649411, 41.898677 ], [ -87.651088, 41.899859 ], [ -87.651314, 41.899969 ] ] ] ] } }
]
}
