{
"type": "FeatureCollection",
"name": "land_boundary",
"crs": { "type": "name", "properties": { "name": "urn:ogc:def:crs:OGC:1.3:CRS84" } },
"features": [
{ "type": "Feature", "properties": { "mask_semantics": "2025 Census Place minus 2025 Census AREAWATER" }, "geometry": { "type": "MultiPolygon", "coordinates": [ [ [ [ -96.623358, 32.645176 ], [ -96.623243, 32.645083 ], [ -96.6235, 32.644887 ], [ -96.623358, 32.645176 ] ] ], [ [ [ -96.733375, 32.710092 ], [ -96.733348, 32.710066 ], [ -96.733305, 32.709993 ], [ -96.733255, 32.709841 ], [ -96.73324, 32.709737 ], [ -96.733251, 32.709619 ], [ -96.733282, 32.709509 ], [ -96.733329, 32.709447 ], [ -96.733355, 32.709431 ], [ -96.733382, 32.709431 ], [ -96.733413, 32.709469 ], [ -96.733432, 32.709625 ], [ -96.733444, 32.709651 ], [ -96.733494, 32.709729 ], [ -96.733521, 32.709846 ], [ -96.733521, 32.709921 ], [ -96.733482, 32.71007 ], [ -96.733451, 32.710092 ], [ -96.733418, 32.710099 ], [ -96.733375, 32.710092 ] ] ], [ [ [ -96.731315, 32.710972 ], [ -96.731319, 32.711036 ], [ -96.731306, 32.711058 ], [ -96.73127, 32.711058 ], [ -96.731103, 32.710934 ], [ -96.730928, 32.710911 ], [ -96.730715, 32.710813 ], [ -96.730715, 32.710791 ], [ -96.730733, 32.71078 ], [ -96.730995, 32.710784 ], [ -96.731057, 32.710811 ], [ -96.731149, 32.710862 ], [ -96.73128, 32.710935 ], [ -96.731315, 32.710972 ] ] ], [ [ [ -96.731018, 32.720656 ], [ -96.730964, 32.720637 ], [ -96.730936, 32.720618 ], [ -96.730919, 32.720595 ], [ -96.730916, 32.720553 ], [ -96.730936, 32.72051 ], [ -96.730999, 32.72044 ], [ -96.731055, 32.720367 ], [ -96.731162, 32.720203 ], [ -96.731184, 32.720175 ], [ -96.731219, 32.720153 ], [ -96.731233, 32.720153 ], [ -96.73127, 32.720151 ], [ -96.731297, 32.720171 ], [ -96.731314, 32.720204 ], [ -96.731321, 32.720249 ], [ -96.731305, 32.720304 ], [ -96.731235, 32.720421 ], [ -96.731181, 32.72053 ], [ -96.73113, 32.7206 ], [ -96.731099, 32.720625 ], [ -96.731018, 32.720656 ] ] ], [ [ [ -96.724352, 32.72061 ], [ -96.724307, 32.72063 ], [ -96.724263, 32.72063 ], [ -96.724222, 32.720608 ], [ -96.724151, 32.720517 ], [ -96.723984, 32.720323 ], [ -96.723965, 32.720281 ], [ -96.723973, 32.72025 ], [ -96.724018, 32.720236 ], [ -96.724088, 32.720236 ], [ -96.724244, 32.720261 ], [ -96.724296, 32.720298 ], [ -96.72433, 32.720323 ], [ -96.724389, 32.720398 ], [ -96.72443, 32.720461 ], [ -96.724449, 32.720539 ], [ -96.72443, 32.72057 ], [ -96.724352, 32.72061 ] ] ], [ [ [ -96.730154, 32.722011 ], [ -96.730166, 32.721964 ], [ -96.730204, 32.721902 ], [ -96.730559, 32.721415 ], [ -96.730663, 32.721204 ], [ -96.730678, 32.721145 ], [ -96.730747, 32.720981 ], [ -96.730772, 32.720937 ], [ -96.730801, 32.720899 ], [ -96.730835, 32.720879 ], [ -96.730876, 32.720873 ], [ -96.730929, 32.720879 ], [ -96.730945, 32.720887 ], [ -96.730971, 32.720901 ], [ -96.731004, 32.720927 ], [ -96.73101, 32.720969 ], [ -96.730925, 32.721242 ], [ -96.730925, 32.721343 ], [ -96.73093, 32.721418 ], [ -96.730967, 32.721511 ], [ -96.730971, 32.721559 ], [ -96.730962, 32.721611 ], [ -96.730713, 32.722077 ], [ -96.730691, 32.7221 ], [ -96.730646, 32.722126 ], [ -96.730609, 32.722141 ], [ -96.730542, 32.722156 ], [ -96.730492, 32.72216 ], [ -96.730436, 32.722156 ], [ -96.730354, 32.722136 ], [ -96.730178, 32.72204 ], [ -96.730154, 32.722011 ] ] ], [ [ [ -96.741316, 32.735742 ], [ -96.741355, 32.735596 ], [ -96.74142, 32.735481 ], [ -96.74151, 32.735428 ], [ -96.741665, 32.735384 ], [ -96.741968, 32.735308 ], [ -96.742123, 32.735303 ], [ -96.742439, 32.735276 ], [ -96.742742, 32.735281 ], [ -96.742994, 32.735368 ], [ -96.743297, 32.735514 ], [ -96.74349, 32.735655 ], [ -96.743664, 32.73584 ], [ -96.743722, 32.73597 ], [ -96.743742, 32.736089 ], [ -96.743748, 32.736182 ], [ -96.74371, 32.736285 ], [ -96.743632, 32.73635 ], [ -96.743322, 32.736513 ], [ -96.743097, 32.736578 ], [ -96.742903, 32.736615 ], [ -96.742677, 32.736637 ], [ -96.742452, 32.736621 ], [ -96.742303, 32.736615 ], [ -96.742232, 32.73661 ], [ -96.742097, 32.736589 ], [ -96.741691, 32.736376 ], [ -96.741503, 32.736235 ], [ -96.741355, 32.736095 ], [ -96.741323, 32.735954 ], [ -96.741319, 32.735819 ], [ -96.741316, 32.735742 ] ] ], [ [ [ -96.909924, 32.741577 ], [ -96.90988, 32.741591 ], [ -96.909798, 32.741585 ], [ -96.90974, 32.741553 ], [ -96.909713, 32.741538 ], [ -96.909694, 32.741484 ], [ -96.909716, 32.741438 ], [ -96.909749, 32.741399 ], [ -96.909798, 32.741397 ], [ -96.909842, 32.741385 ], [ -96.909905, 32.741382 ], [ -96.909938, 32.741416 ], [ -96.909963, 32.741438 ], [ -96.909977, 32.741461 ], [ -96.909976, 32.741529 ], [ -96.909959, 32.741559 ], [ -96.909924, 32.741577 ] ] ], [ [ [ -96.989417, 32.645506 ], [ -96.989517, 32.64599 ], [ -96.989186, 32.646309 ], [ -96.988855, 32.646486 ], [ -96.988391, 32.646523 ], [ -96.988123, 32.646732 ], [ -96.98811, 32.647091 ], [ -96.98868, 32.647417 ], [ -96.988783, 32.648338 ], [ -96.988981, 32.649049 ], [ -96.989041, 32.649261 ], [ -96.989083, 32.649594 ], [ -96.989031, 32.650074 ], [ -96.98987, 32.651205 ], [ -96.990249, 32.651815 ], [ -96.990375, 32.651976 ], [ -96.990462, 32.652087 ], [ -96.990932, 32.652778 ], [ -96.993225, 32.656151 ], [ -96.993663, 32.656795 ], [ -96.994977, 32.658758 ], [ -96.98889, 32.661768 ], [ -96.98971, 32.663063 ], [ -96.98827, 32.664423 ], [ -96.988034, 32.665545 ], [ -96.987976, 32.665819 ], [ -96.987984, 32.665866 ], [ -96.988161, 32.668008 ], [ -96.987251, 32.668231 ], [ -96.987449, 32.668473 ], [ -96.987774, 32.668977 ], [ -96.986521, 32.669564 ], [ -96.985248, 32.670164 ], [ -96.985036, 32.670259 ], [ -96.983817, 32.670852 ], [ -96.983736, 32.670876 ], [ -96.98368, 32.671066 ], [ -96.983569, 32.671555 ], [ -96.983473, 32.671984 ], [ -96.983415, 32.672251 ], [ -96.983307, 32.67276 ], [ -96.983223, 32.673155 ], [ -96.983174, 32.673347 ], [ -96.983197, 32.67396 ], [ -96.983216, 32.674468 ], [ -96.983259, 32.675652 ], [ -96.983309, 32.676982 ], [ -96.98336, 32.678251 ], [ -96.983394, 32.679272 ], [ -96.985, 32.679237 ], [ -96.985003, 32.679277 ], [ -96.98497, 32.680737 ], [ -96.984958, 32.681285 ], [ -96.984942, 32.682017 ], [ -96.98494, 32.682185 ], [ -96.984929, 32.68322 ], [ -96.984929, 32.683426 ], [ -96.984928, 32.684426 ], [ -96.984927, 32.684954 ], [ -96.984926, 32.685158 ], [ -96.984921, 32.68605 ], [ -96.984915, 32.687105 ], [ -96.984912, 32.68753 ], [ -96.985071, 32.687534 ], [ -96.985566, 32.687532 ], [ -96.986666, 32.687536 ], [ -96.987109, 32.687537 ], [ -96.98751, 32.687538 ], [ -96.987884, 32.687546 ], [ -96.988133, 32.687546 ], [ -96.988327, 32.687529 ], [ -96.988467, 32.687545 ], [ -96.988521, 32.687536 ], [ -96.989156, 32.687549 ], [ -96.990369, 32.68754 ], [ -96.990994, 32.687541 ], [ -96.991224, 32.687542 ], [ -96.991104, 32.691257 ], [ -96.99109, 32.692329 ], [ -96.991118, 32.692329 ], [ -96.991104, 32.693507 ], [ -96.991063, 32.694485 ], [ -96.990846, 32.694504 ], [ -96.989753, 32.694488 ], [ -96.989302, 32.694483 ], [ -96.988752, 32.694483 ], [ -96.985954, 32.694414 ], [ -96.985412, 32.694401 ], [ -96.985231, 32.694411 ], [ -96.985255, 32.695062 ], [ -96.985262, 32.695757 ], [ -96.985324, 32.701316 ], [ -96.985299, 32.701323 ], [ -96.985146, 32.701316 ], [ -96.985044, 32.701358 ], [ -96.984993, 32.701424 ], [ -96.984824, 32.701515 ], [ -96.984696, 32.701559 ], [ -96.984569, 32.701588 ], [ -96.98445, 32.701608 ], [ -96.984356, 32.701602 ], [ -96.98428, 32.701645 ], [ -96.984152, 32.701652 ], [ -96.984059, 32.701608 ], [ -96.983991, 32.701495 ], [ -96.983906, 32.701424 ], [ -96.983787, 32.701416 ], [ -96.983711, 32.701473 ], [ -96.983592, 32.701608 ], [ -96.983405, 32.701917 ], [ -96.983498, 32.702002 ], [ -96.983626, 32.70201 ], [ -96.983821, 32.701845 ], [ -96.983906, 32.701852 ], [ -96.983957, 32.701831 ], [ -96.984034, 32.701788 ], [ -96.9849, 32.701559 ], [ -96.985078, 32.70138 ], [ -96.985197, 32.701358 ], [ -96.985245, 32.701352 ], [ -96.985324, 32.701342 ], [ -96.985352, 32.703815 ], [ -96.985329, 32.703966 ], [ -96.985279, 32.704093 ], [ -96.985251, 32.704154 ], [ -96.985206, 32.704232 ], [ -96.985142, 32.704316 ], [ -96.985092, 32.704371 ], [ -96.98505, 32.704412 ], [ -96.985008, 32.70445 ], [ -96.984953, 32.704493 ], [ -96.984893, 32.704534 ], [ -96.984821, 32.704577 ], [ -96.984737, 32.704618 ], [ -96.984652, 32.704653 ], [ -96.984585, 32.704676 ], [ -96.982185, 32.705377 ], [ -96.982039, 32.705426 ], [ -96.9819, 32.705491 ], [ -96.981873, 32.705511 ], [ -96.981741, 32.70557 ], [ -96.98122, 32.7058 ], [ -96.981209, 32.705803 ], [ -96.981155, 32.705821 ], [ -96.980997, 32.705872 ], [ -96.980975, 32.705882 ], [ -96.980013, 32.70587 ], [ -96.979499, 32.705878 ], [ -96.978964, 32.705886 ], [ -96.978492, 32.705893 ], [ -96.978405, 32.705832 ], [ -96.978302, 32.705731 ], [ -96.97825, 32.705632 ], [ -96.978198, 32.705548 ], [ -96.978162, 32.705497 ], [ -96.978156, 32.705449 ], [ -96.978169, 32.70541 ], [ -96.978227, 32.705394 ], [ -96.978259, 32.705356 ], [ -96.978272, 32.705232 ], [ -96.978259, 32.705129 ], [ -96.978187, 32.705058 ], [ -96.978136, 32.704971 ], [ -96.97814, 32.704901 ], [ -96.978127, 32.704743 ], [ -96.978101, 32.704662 ], [ -96.977969, 32.70451 ], [ -96.97785, 32.704295 ], [ -96.977713, 32.704137 ], [ -96.977613, 32.703947 ], [ -96.977544, 32.703758 ], [ -96.977488, 32.703584 ], [ -96.97737, 32.703404 ], [ -96.977228, 32.703198 ], [ -96.977099, 32.70304 ], [ -96.976603, 32.702638 ], [ -96.976332, 32.702471 ], [ -96.976106, 32.702346 ], [ -96.975996, 32.702312 ], [ -96.975938, 32.702286 ], [ -96.97588, 32.702329 ], [ -96.975829, 32.702357 ], [ -96.975775, 32.702362 ], [ -96.975758, 32.702351 ], [ -96.975719, 32.702275 ], [ -96.975597, 32.702182 ], [ -96.975555, 32.702177 ], [ -96.975432, 32.702129 ], [ -96.974865, 32.701721 ], [ -96.974794, 32.701645 ], [ -96.974726, 32.701517 ], [ -96.974776, 32.701396 ], [ -96.974878, 32.701326 ], [ -96.974982, 32.701211 ], [ -96.975091, 32.701141 ], [ -96.975123, 32.701081 ], [ -96.975123, 32.701037 ], [ -96.975136, 32.700989 ], [ -96.975213, 32.700995 ], [ -96.975258, 32.701022 ], [ -96.975413, 32.701043 ], [ -96.975471, 32.70106 ], [ -96.975594, 32.701065 ], [ -96.975774, 32.701065 ], [ -96.975951, 32.701027 ], [ -96.976089, 32.700975 ], [ -96.976251, 32.700927 ], [ -96.97642, 32.700943 ], [ -96.976516, 32.70094 ], [ -96.976626, 32.700989 ], [ -96.976639, 32.701068 ], [ -96.976548, 32.701222 ], [ -96.976548, 32.701259 ], [ -96.976567, 32.701309 ], [ -96.976619, 32.701369 ], [ -96.97678, 32.701472 ], [ -96.976935, 32.701552 ], [ -96.976999, 32.701563 ], [ -96.977077, 32.701569 ], [ -96.977357, 32.701521 ], [ -96.97755, 32.701479 ], [ -96.977682, 32.701422 ], [ -96.977874, 32.701287 ], [ -96.977926, 32.701265 ], [ -96.978048, 32.701265 ], [ -96.978087, 32.701233 ], [ -96.978087, 32.7012 ], [ -96.97808, 32.701157 ], [ -96.9781, 32.701113 ], [ -96.978087, 32.701054 ], [ -96.97799, 32.700885 ], [ -96.977919, 32.700739 ], [ -96.977867, 32.700685 ], [ -96.977816, 32.70068 ], [ -96.977732, 32.700696 ], [ -96.977693, 32.700685 ], [ -96.977629, 32.700592 ], [ -96.97761, 32.700473 ], [ -96.977622, 32.700403 ], [ -96.977597, 32.700321 ], [ -96.977469, 32.700133 ], [ -96.977248, 32.699849 ], [ -96.977158, 32.699801 ], [ -96.977119, 32.699795 ], [ -96.976965, 32.699801 ], [ -96.976894, 32.69977 ], [ -96.976775, 32.6997 ], [ -96.976688, 32.699621 ], [ -96.976595, 32.699554 ], [ -96.976556, 32.699517 ], [ -96.975882, 32.699295 ], [ -96.97566, 32.699209 ], [ -96.975543, 32.699089 ], [ -96.975479, 32.699008 ], [ -96.975382, 32.698943 ], [ -96.975182, 32.698867 ], [ -96.974853, 32.698759 ], [ -96.974813, 32.698717 ], [ -96.974877, 32.698656 ], [ -96.974922, 32.698596 ], [ -96.974916, 32.698563 ], [ -96.974883, 32.698535 ], [ -96.974857, 32.698498 ], [ -96.974857, 32.698439 ], [ -96.974896, 32.698394 ], [ -96.97509, 32.698129 ], [ -96.975109, 32.698075 ], [ -96.975167, 32.698081 ], [ -96.975212, 32.698064 ], [ -96.975238, 32.697988 ], [ -96.975283, 32.697831 ], [ -96.975386, 32.69776 ], [ -96.975511, 32.697628 ], [ -96.9757, 32.697468 ], [ -96.975917, 32.697367 ], [ -96.976133, 32.697276 ], [ -96.976362, 32.697116 ], [ -96.976594, 32.696931 ], [ -96.976701, 32.696841 ], [ -96.976754, 32.696798 ], [ -96.976893, 32.696728 ], [ -96.976983, 32.696648 ], [ -96.977079, 32.696525 ], [ -96.977187, 32.696365 ], [ -96.977251, 32.696226 ], [ -96.977358, 32.695905 ], [ -96.977448, 32.695757 ], [ -96.977513, 32.695579 ], [ -96.977758, 32.695307 ], [ -96.977822, 32.695259 ], [ -96.977867, 32.69521 ], [ -96.977977, 32.695123 ], [ -96.978022, 32.695074 ], [ -96.978048, 32.695036 ], [ -96.978022, 32.694982 ], [ -96.977958, 32.694906 ], [ -96.977938, 32.69484 ], [ -96.977964, 32.694814 ], [ -96.978158, 32.694662 ], [ -96.978229, 32.69458 ], [ -96.978274, 32.694363 ], [ -96.978416, 32.6942 ], [ -96.978493, 32.69407 ], [ -96.978532, 32.693956 ], [ -96.978487, 32.693902 ], [ -96.978409, 32.69388 ], [ -96.978241, 32.693967 ], [ -96.978093, 32.694102 ], [ -96.977964, 32.694211 ], [ -96.977822, 32.694222 ], [ -96.977764, 32.694222 ], [ -96.977693, 32.694302 ], [ -96.977648, 32.694384 ], [ -96.977609, 32.694471 ], [ -96.977455, 32.694606 ], [ -96.977242, 32.694727 ], [ -96.977171, 32.694754 ], [ -96.9771, 32.694747 ], [ -96.977011, 32.694705 ], [ -96.976822, 32.694682 ], [ -96.976673, 32.69466 ], [ -96.976471, 32.694716 ], [ -96.976173, 32.694865 ], [ -96.976038, 32.694944 ], [ -96.975943, 32.694988 ], [ -96.975885, 32.695047 ], [ -96.975885, 32.695112 ], [ -96.975943, 32.695242 ], [ -96.976007, 32.695292 ], [ -96.976053, 32.69534 ], [ -96.9762, 32.695479 ], [ -96.976241, 32.69558 ], [ -96.976254, 32.695684 ], [ -96.976227, 32.695853 ], [ -96.976187, 32.695922 ], [ -96.976106, 32.696002 ], [ -96.975984, 32.696081 ], [ -96.975849, 32.696116 ], [ -96.975687, 32.696104 ], [ -96.975511, 32.69607 ], [ -96.975414, 32.696025 ], [ -96.975375, 32.695987 ], [ -96.975349, 32.695915 ], [ -96.975304, 32.695873 ], [ -96.975207, 32.695873 ], [ -96.975104, 32.695932 ], [ -96.97502, 32.695954 ], [ -96.974949, 32.695932 ], [ -96.974949, 32.695873 ], [ -96.974936, 32.695839 ], [ -96.97484, 32.695867 ], [ -96.974687, 32.695957 ], [ -96.974511, 32.696013 ], [ -96.974375, 32.696013 ], [ -96.97433, 32.696019 ], [ -96.974285, 32.696052 ], [ -96.974254, 32.69615 ], [ -96.974153, 32.696204 ], [ -96.974134, 32.69623 ], [ -96.974147, 32.696275 ], [ -96.974106, 32.69641 ], [ -96.974025, 32.696514 ], [ -96.974011, 32.696662 ], [ -96.973971, 32.696787 ], [ -96.973876, 32.696889 ], [ -96.973768, 32.696945 ], [ -96.973525, 32.697024 ], [ -96.973403, 32.697094 ], [ -96.973322, 32.697173 ], [ -96.973184, 32.69733 ], [ -96.973011, 32.697378 ], [ -96.972836, 32.69748 ], [ -96.972673, 32.697594 ], [ -96.972556, 32.697702 ], [ -96.972485, 32.697789 ], [ -96.97244, 32.697865 ], [ -96.972343, 32.697947 ], [ -96.972176, 32.698029 ], [ -96.971898, 32.698126 ], [ -96.971674, 32.698293 ], [ -96.971606, 32.698372 ], [ -96.971576, 32.69842 ], [ -96.971564, 32.698453 ], [ -96.97154, 32.69848 ], [ -96.971493, 32.698489 ], [ -96.971452, 32.698476 ], [ -96.971428, 32.698445 ], [ -96.971432, 32.698408 ], [ -96.971462, 32.698352 ], [ -96.971503, 32.69825 ], [ -96.97155, 32.698152 ], [ -96.971647, 32.698017 ], [ -96.971705, 32.697865 ], [ -96.971698, 32.697778 ], [ -96.971653, 32.697708 ], [ -96.971511, 32.69762 ], [ -96.97135, 32.697561 ], [ -96.971214, 32.697556 ], [ -96.971079, 32.697628 ], [ -96.97095, 32.697654 ], [ -96.970821, 32.697654 ], [ -96.97073, 32.697611 ], [ -96.970685, 32.697567 ], [ -96.970627, 32.697474 ], [ -96.970582, 32.697372 ], [ -96.970595, 32.697307 ], [ -96.970647, 32.69722 ], [ -96.970776, 32.697068 ], [ -96.970782, 32.696992 ], [ -96.970859, 32.696925 ], [ -96.970915, 32.696838 ], [ -96.970944, 32.69684 ], [ -96.970959, 32.69681 ], [ -96.970973, 32.696759 ], [ -96.970979, 32.696706 ], [ -96.970976, 32.696688 ], [ -96.970952, 32.696677 ], [ -96.970935, 32.696688 ], [ -96.970912, 32.696689 ], [ -96.970892, 32.69668 ], [ -96.970872, 32.696666 ], [ -96.970868, 32.696649 ], [ -96.970877, 32.696632 ], [ -96.970896, 32.696623 ], [ -96.970941, 32.696529 ], [ -96.970973, 32.696496 ], [ -96.97099, 32.696447 ], [ -96.971035, 32.696458 ], [ -96.971064, 32.696438 ], [ -96.971058, 32.696404 ], [ -96.971038, 32.696376 ], [ -96.970989, 32.696334 ], [ -96.970943, 32.69632 ], [ -96.970888, 32.696326 ], [ -96.970885, 32.696348 ], [ -96.970893, 32.696387 ], [ -96.970883, 32.696405 ], [ -96.970831, 32.696409 ], [ -96.970797, 32.696396 ], [ -96.970786, 32.696365 ], [ -96.97079, 32.696337 ], [ -96.970803, 32.696322 ], [ -96.970864, 32.696295 ], [ -96.970876, 32.696278 ], [ -96.970911, 32.696266 ], [ -96.970934, 32.69625 ], [ -96.970942, 32.696223 ], [ -96.970929, 32.69618 ], [ -96.97089, 32.696126 ], [ -96.970755, 32.695819 ], [ -96.970637, 32.695639 ], [ -96.970613, 32.695541 ], [ -96.97059, 32.695404 ], [ -96.970544, 32.695286 ], [ -96.970497, 32.695265 ], [ -96.970427, 32.695247 ], [ -96.970311, 32.695265 ], [ -96.970196, 32.695259 ], [ -96.970125, 32.695199 ], [ -96.97008, 32.695068 ], [ -96.97008, 32.694846 ], [ -96.970073, 32.694716 ], [ -96.97008, 32.694651 ], [ -96.97006, 32.694623 ], [ -96.969868, 32.694522 ], [ -96.969752, 32.694483 ], [ -96.969659, 32.694443 ], [ -96.969612, 32.694463 ], [ -96.969589, 32.694483 ], [ -96.969542, 32.694561 ], [ -96.969479, 32.694618 ], [ -96.969434, 32.69464 ], [ -96.969356, 32.694639 ], [ -96.969263, 32.69458 ], [ -96.969193, 32.694522 ], [ -96.969146, 32.694502 ], [ -96.96903, 32.694502 ], [ -96.968983, 32.694522 ], [ -96.968822, 32.694705 ], [ -96.968634, 32.694854 ], [ -96.968238, 32.695208 ], [ -96.968168, 32.695227 ], [ -96.968005, 32.695227 ], [ -96.967959, 32.695247 ], [ -96.96754, 32.69556 ], [ -96.967121, 32.695932 ], [ -96.967097, 32.695971 ], [ -96.967097, 32.696011 ], [ -96.96712, 32.696095 ], [ -96.967097, 32.696168 ], [ -96.966958, 32.696344 ], [ -96.966911, 32.696382 ], [ -96.965956, 32.697011 ], [ -96.96589, 32.697029 ], [ -96.965677, 32.697029 ], [ -96.965258, 32.697128 ], [ -96.965165, 32.697167 ], [ -96.965095, 32.697246 ], [ -96.964047, 32.697971 ], [ -96.964, 32.697989 ], [ -96.963977, 32.69803 ], [ -96.963963, 32.698121 ], [ -96.96393, 32.698208 ], [ -96.963866, 32.698251 ], [ -96.963795, 32.698256 ], [ -96.963776, 32.698242 ], [ -96.96377, 32.698217 ], [ -96.963795, 32.698121 ], [ -96.963756, 32.698023 ], [ -96.963691, 32.697975 ], [ -96.963607, 32.697926 ], [ -96.963575, 32.697882 ], [ -96.963459, 32.697839 ], [ -96.963427, 32.697795 ], [ -96.963317, 32.697778 ], [ -96.96322, 32.697801 ], [ -96.963139, 32.697834 ], [ -96.963069, 32.697932 ], [ -96.963069, 32.69803 ], [ -96.963115, 32.698245 ], [ -96.963162, 32.698382 ], [ -96.963139, 32.698441 ], [ -96.963139, 32.6985 ], [ -96.963115, 32.698577 ], [ -96.963069, 32.698636 ], [ -96.962231, 32.699362 ], [ -96.961951, 32.699441 ], [ -96.961905, 32.69946 ], [ -96.961881, 32.699499 ], [ -96.961788, 32.699754 ], [ -96.961765, 32.699773 ], [ -96.961718, 32.699793 ], [ -96.961532, 32.699832 ], [ -96.961462, 32.699852 ], [ -96.961413, 32.69986 ], [ -96.96131, 32.699903 ], [ -96.961183, 32.700048 ], [ -96.96102, 32.700184 ], [ -96.960973, 32.700283 ], [ -96.960973, 32.700302 ], [ -96.960926, 32.70046 ], [ -96.960903, 32.700499 ], [ -96.960857, 32.700518 ], [ -96.96067, 32.700518 ], [ -96.960577, 32.700538 ], [ -96.960484, 32.700577 ], [ -96.960391, 32.700636 ], [ -96.960344, 32.700733 ], [ -96.960344, 32.700812 ], [ -96.960321, 32.700871 ], [ -96.960298, 32.700891 ], [ -96.960251, 32.700891 ], [ -96.959948, 32.70095 ], [ -96.959879, 32.700989 ], [ -96.959832, 32.701047 ], [ -96.959809, 32.701106 ], [ -96.959809, 32.701262 ], [ -96.959785, 32.701282 ], [ -96.959716, 32.701321 ], [ -96.959669, 32.701361 ], [ -96.959646, 32.701498 ], [ -96.959646, 32.701714 ], [ -96.959622, 32.70189 ], [ -96.959599, 32.701929 ], [ -96.95957, 32.702 ], [ -96.959483, 32.702067 ], [ -96.959343, 32.702106 ], [ -96.95932, 32.702125 ], [ -96.95925, 32.702204 ], [ -96.959227, 32.702302 ], [ -96.95918, 32.702379 ], [ -96.959149, 32.702451 ], [ -96.959089, 32.702478 ], [ -96.959018, 32.702516 ], [ -96.958973, 32.702581 ], [ -96.95898, 32.702689 ], [ -96.958947, 32.702782 ], [ -96.958708, 32.702951 ], [ -96.95851, 32.703217 ], [ -96.957986, 32.703626 ], [ -96.957897, 32.703744 ], [ -96.957869, 32.703792 ], [ -96.957864, 32.703871 ], [ -96.95784, 32.703896 ], [ -96.957634, 32.704059 ], [ -96.957526, 32.704169 ], [ -96.957428, 32.704296 ], [ -96.957345, 32.704528 ], [ -96.957272, 32.704618 ], [ -96.957282, 32.704762 ], [ -96.957238, 32.704869 ], [ -96.957213, 32.704914 ], [ -96.956763, 32.703854 ], [ -96.955986, 32.703505 ], [ -96.95719, 32.704955 ], [ -96.957079, 32.705156 ], [ -96.957046, 32.705308 ], [ -96.957014, 32.705368 ], [ -96.957032, 32.705419 ], [ -96.956964, 32.705699 ], [ -96.956974, 32.705785 ], [ -96.957005, 32.705888 ], [ -96.957013, 32.705942 ], [ -96.956993, 32.705972 ], [ -96.956954, 32.705972 ], [ -96.956902, 32.705948 ], [ -96.9568, 32.705871 ], [ -96.956729, 32.705844 ], [ -96.956652, 32.705851 ], [ -96.956088, 32.70601 ], [ -96.956046, 32.706037 ], [ -96.956005, 32.706107 ], [ -96.955958, 32.706172 ], [ -96.955931, 32.706232 ], [ -96.955922, 32.70628 ], [ -96.955922, 32.706324 ], [ -96.955896, 32.706363 ], [ -96.955826, 32.706403 ], [ -96.955803, 32.706429 ], [ -96.955641, 32.706528 ], [ -96.955437, 32.706632 ], [ -96.95539, 32.706676 ], [ -96.955374, 32.70673 ], [ -96.955385, 32.706811 ], [ -96.955375, 32.706885 ], [ -96.955344, 32.706972 ], [ -96.955301, 32.70703 ], [ -96.955235, 32.707093 ], [ -96.95522, 32.707135 ], [ -96.955225, 32.707172 ], [ -96.955214, 32.70722 ], [ -96.955178, 32.707259 ], [ -96.955152, 32.70731 ], [ -96.955135, 32.707372 ], [ -96.954978, 32.707516 ], [ -96.954962, 32.707563 ], [ -96.954944, 32.707658 ], [ -96.954942, 32.707748 ], [ -96.954946, 32.707836 ], [ -96.954963, 32.707966 ], [ -96.954977, 32.708024 ], [ -96.954949, 32.708157 ], [ -96.9549, 32.708258 ], [ -96.954862, 32.708306 ], [ -96.954862, 32.70834 ], [ -96.954881, 32.708362 ], [ -96.954894, 32.708447 ], [ -96.95481, 32.708579 ], [ -96.954797, 32.708713 ], [ -96.954674, 32.708883 ], [ -96.954597, 32.708942 ], [ -96.954545, 32.709007 ], [ -96.954526, 32.70909 ], [ -96.954532, 32.70917 ], [ -96.9545, 32.709263 ], [ -96.954336, 32.709431 ], [ -96.954259, 32.709562 ], [ -96.954156, 32.70965 ], [ -96.954111, 32.709728 ], [ -96.954089, 32.709792 ], [ -96.954097, 32.709843 ], [ -96.954031, 32.710122 ], [ -96.953991, 32.710223 ], [ -96.953942, 32.71031 ], [ -96.953853, 32.710413 ], [ -96.953773, 32.71053 ], [ -96.953755, 32.71065 ], [ -96.953777, 32.710756 ], [ -96.953772, 32.710917 ], [ -96.953795, 32.711047 ], [ -96.953839, 32.711126 ], [ -96.95387, 32.711228 ], [ -96.95387, 32.711337 ], [ -96.953898, 32.71143 ], [ -96.953991, 32.711624 ], [ -96.954005, 32.711692 ], [ -96.954017, 32.712015 ], [ -96.954075, 32.712184 ], [ -96.954156, 32.712266 ], [ -96.954173, 32.71239 ], [ -96.954311, 32.712756 ], [ -96.954307, 32.712851 ], [ -96.954343, 32.712997 ], [ -96.954508, 32.713271 ], [ -96.954579, 32.713348 ], [ -96.954585, 32.713424 ], [ -96.954585, 32.71351 ], [ -96.954611, 32.713609 ], [ -96.954681, 32.713724 ], [ -96.954704, 32.713807 ], [ -96.954717, 32.713915 ], [ -96.954709, 32.714067 ], [ -96.954683, 32.714149 ], [ -96.954665, 32.714259 ], [ -96.954655, 32.714362 ], [ -96.954629, 32.714461 ], [ -96.954531, 32.714657 ], [ -96.954485, 32.714737 ], [ -96.954464, 32.714792 ], [ -96.954338, 32.71494 ], [ -96.954279, 32.714978 ], [ -96.954079, 32.715092 ], [ -96.95386, 32.715244 ], [ -96.953674, 32.715336 ], [ -96.953434, 32.715415 ], [ -96.953194, 32.71547 ], [ -96.952993, 32.715536 ], [ -96.952975, 32.715548 ], [ -96.952949, 32.715592 ], [ -96.952898, 32.715603 ], [ -96.952565, 32.715614 ], [ -96.952498, 32.715636 ], [ -96.952333, 32.71577 ], [ -96.952307, 32.715809 ], [ -96.952244, 32.715829 ], [ -96.952159, 32.715868 ], [ -96.952021, 32.716 ], [ -96.951858, 32.716192 ], [ -96.951757, 32.716288 ], [ -96.951808, 32.716441 ], [ -96.951829, 32.716476 ], [ -96.951882, 32.716506 ], [ -96.951893, 32.716524 ], [ -96.951891, 32.716552 ], [ -96.951865, 32.716597 ], [ -96.951857, 32.716621 ], [ -96.951857, 32.716642 ], [ -96.951876, 32.716729 ], [ -96.951872, 32.716757 ], [ -96.951854, 32.71678 ], [ -96.951798, 32.716878 ], [ -96.951712, 32.716973 ], [ -96.95157, 32.717104 ], [ -96.951194, 32.717261 ], [ -96.951069, 32.717336 ], [ -96.950639, 32.717509 ], [ -96.950456, 32.717613 ], [ -96.950333, 32.717666 ], [ -96.950084, 32.717747 ], [ -96.950029, 32.717785 ], [ -96.949865, 32.717833 ], [ -96.9494, 32.718032 ], [ -96.948658, 32.718292 ], [ -96.948394, 32.718409 ], [ -96.948194, 32.718487 ], [ -96.948085, 32.718541 ], [ -96.947755, 32.718688 ], [ -96.947454, 32.71886 ], [ -96.947063, 32.719059 ], [ -96.946118, 32.719507 ], [ -96.945931, 32.7196 ], [ -96.945543, 32.719817 ], [ -96.945253, 32.719948 ], [ -96.945088, 32.72005 ], [ -96.944952, 32.720114 ], [ -96.944743, 32.720233 ], [ -96.944166, 32.720497 ], [ -96.944068, 32.720545 ], [ -96.943765, 32.720716 ], [ -96.94348, 32.720843 ], [ -96.943435, 32.720852 ], [ -96.943312, 32.720861 ], [ -96.943256, 32.720869 ], [ -96.943085, 32.720911 ], [ -96.943055, 32.720912 ], [ -96.942974, 32.720968 ], [ -96.942844, 32.720973 ], [ -96.942638, 32.721017 ], [ -96.942567, 32.721052 ], [ -96.942497, 32.721102 ], [ -96.942409, 32.721119 ], [ -96.942285, 32.721126 ], [ -96.942237, 32.721133 ], [ -96.94214, 32.72117 ], [ -96.942077, 32.721203 ], [ -96.941878, 32.72133 ], [ -96.94176, 32.721387 ], [ -96.941726, 32.721415 ], [ -96.941717, 32.721443 ], [ -96.941721, 32.721477 ], [ -96.941749, 32.721528 ], [ -96.941745, 32.721552 ], [ -96.941711, 32.721601 ], [ -96.941678, 32.721618 ], [ -96.941533, 32.721641 ], [ -96.941442, 32.721643 ], [ -96.941409, 32.721652 ], [ -96.941322, 32.721705 ], [ -96.941297, 32.721733 ], [ -96.94128, 32.721764 ], [ -96.941269, 32.721798 ], [ -96.941248, 32.721814 ], [ -96.941016, 32.721853 ], [ -96.940587, 32.72184 ], [ -96.940275, 32.721843 ], [ -96.940144, 32.721852 ], [ -96.940072, 32.721871 ], [ -96.93999, 32.721884 ], [ -96.93992, 32.721871 ], [ -96.939897, 32.72185 ], [ -96.939862, 32.721742 ], [ -96.939845, 32.721622 ], [ -96.939834, 32.721586 ], [ -96.939803, 32.721415 ], [ -96.93977, 32.721337 ], [ -96.93972, 32.721314 ], [ -96.93959, 32.721285 ], [ -96.939478, 32.721274 ], [ -96.939347, 32.721272 ], [ -96.939164, 32.721299 ], [ -96.939117, 32.721297 ], [ -96.939062, 32.721285 ], [ -96.939012, 32.721247 ], [ -96.938977, 32.72121 ], [ -96.938907, 32.721147 ], [ -96.938858, 32.721114 ], [ -96.938833, 32.721088 ], [ -96.938801, 32.721041 ], [ -96.938777, 32.720917 ], [ -96.938778, 32.720613 ], [ -96.938768, 32.720591 ], [ -96.938746, 32.720557 ], [ -96.938694, 32.720595 ], [ -96.938677, 32.720616 ], [ -96.938661, 32.720657 ], [ -96.938658, 32.72068 ], [ -96.93866, 32.720806 ], [ -96.938689, 32.720943 ], [ -96.938724, 32.721187 ], [ -96.938752, 32.721336 ], [ -96.938896, 32.721829 ], [ -96.9389, 32.72186 ], [ -96.93889, 32.721891 ], [ -96.938845, 32.721904 ], [ -96.938528, 32.721929 ], [ -96.937963, 32.721936 ], [ -96.937479, 32.721953 ], [ -96.936711, 32.721944 ], [ -96.936446, 32.721961 ], [ -96.936096, 32.721958 ], [ -96.93604, 32.721966 ], [ -96.935968, 32.721988 ], [ -96.935795, 32.722001 ], [ -96.935681, 32.721984 ], [ -96.9355, 32.721995 ], [ -96.935278, 32.722043 ], [ -96.935172, 32.722082 ], [ -96.935119, 32.722116 ], [ -96.935093, 32.722161 ], [ -96.935085, 32.722195 ], [ -96.935089, 32.722247 ], [ -96.935113, 32.722287 ], [ -96.935146, 32.72231 ], [ -96.935184, 32.722329 ], [ -96.935218, 32.722329 ], [ -96.935335, 32.722288 ], [ -96.935459, 32.722282 ], [ -96.935576, 32.722256 ], [ -96.935636, 32.72225 ], [ -96.93567, 32.722256 ], [ -96.935701, 32.722275 ], [ -96.935759, 32.722378 ], [ -96.935783, 32.722396 ], [ -96.935834, 32.722405 ], [ -96.935896, 32.722402 ], [ -96.935947, 32.72238 ], [ -96.935987, 32.722336 ], [ -96.93604, 32.722296 ], [ -96.936115, 32.722271 ], [ -96.936225, 32.722259 ], [ -96.936481, 32.72225 ], [ -96.93673, 32.722262 ], [ -96.937393, 32.722253 ], [ -96.937503, 32.722237 ], [ -96.937623, 32.722259 ], [ -96.937743, 32.722265 ], [ -96.937974, 32.722262 ], [ -96.938035, 32.722268 ], [ -96.938661, 32.722251 ], [ -96.938905, 32.722234 ], [ -96.939024, 32.72223 ], [ -96.940098, 32.722189 ], [ -96.940214, 32.722195 ], [ -96.941286, 32.722161 ], [ -96.941362, 32.722144 ], [ -96.941407, 32.722122 ], [ -96.941552, 32.722067 ], [ -96.941597, 32.722018 ], [ -96.941693, 32.721953 ], [ -96.941882, 32.721904 ], [ -96.941933, 32.721898 ], [ -96.942482, 32.721597 ], [ -96.942724, 32.721483 ], [ -96.943283, 32.721195 ], [ -96.94416, 32.720768 ], [ -96.944542, 32.720568 ], [ -96.944779, 32.720459 ], [ -96.945639, 32.720013 ], [ -96.946182, 32.719735 ], [ -96.946732, 32.719476 ], [ -96.946876, 32.719414 ], [ -96.947913, 32.71889 ], [ -96.94802, 32.718818 ], [ -96.9484, 32.718679 ], [ -96.949357, 32.718291 ], [ -96.949478, 32.718254 ], [ -96.949525, 32.71823 ], [ -96.949607, 32.718169 ], [ -96.94966, 32.718137 ], [ -96.949724, 32.71812 ], [ -96.949811, 32.718119 ], [ -96.950154, 32.717998 ], [ -96.950351, 32.717896 ], [ -96.950762, 32.717758 ], [ -96.951787, 32.717357 ], [ -96.952034, 32.71727 ], [ -96.952177, 32.717213 ], [ -96.952317, 32.717136 ], [ -96.952542, 32.717052 ], [ -96.952606, 32.717021 ], [ -96.952645, 32.717015 ], [ -96.952671, 32.717022 ], [ -96.952693, 32.717033 ], [ -96.952732, 32.717067 ], [ -96.952726, 32.717122 ], [ -96.952711, 32.717143 ], [ -96.95202, 32.717536 ], [ -96.951826, 32.717598 ], [ -96.951737, 32.717657 ], [ -96.951667, 32.717711 ], [ -96.951548, 32.717852 ], [ -96.951528, 32.717912 ], [ -96.951523, 32.718004 ], [ -96.951548, 32.718142 ], [ -96.951677, 32.71838 ], [ -96.951776, 32.718514 ], [ -96.951881, 32.718631 ], [ -96.95195, 32.718773 ], [ -96.952035, 32.718885 ], [ -96.952055, 32.718949 ], [ -96.95205, 32.718995 ], [ -96.95204, 32.719032 ], [ -96.952, 32.719091 ], [ -96.95194, 32.719141 ], [ -96.951747, 32.719246 ], [ -96.951553, 32.719316 ], [ -96.951448, 32.719341 ], [ -96.951349, 32.719358 ], [ -96.951225, 32.719358 ], [ -96.95114, 32.719304 ], [ -96.951096, 32.719258 ], [ -96.951016, 32.719208 ], [ -96.950718, 32.719119 ], [ -96.950539, 32.718995 ], [ -96.950375, 32.718843 ], [ -96.950216, 32.718752 ], [ -96.950108, 32.718702 ], [ -96.950057, 32.718685 ], [ -96.949972, 32.718673 ], [ -96.949818, 32.718673 ], [ -96.949669, 32.718694 ], [ -96.949585, 32.718719 ], [ -96.949495, 32.718736 ], [ -96.949152, 32.718848 ], [ -96.948834, 32.71897 ], [ -96.94876, 32.719012 ], [ -96.94869, 32.719037 ], [ -96.948645, 32.71907 ], [ -96.948566, 32.71917 ], [ -96.948526, 32.71924 ], [ -96.948506, 32.719321 ], [ -96.94852, 32.719523 ], [ -96.948493, 32.719597 ], [ -96.948467, 32.719625 ], [ -96.948407, 32.719647 ], [ -96.948293, 32.719655 ], [ -96.948208, 32.719655 ], [ -96.948079, 32.719647 ], [ -96.947984, 32.71963 ], [ -96.94792, 32.719605 ], [ -96.94783, 32.719543 ], [ -96.947716, 32.719501 ], [ -96.947587, 32.719492 ], [ -96.947473, 32.719504 ], [ -96.947413, 32.719517 ], [ -96.94721, 32.71958 ], [ -96.946976, 32.719676 ], [ -96.946802, 32.719752 ], [ -96.946479, 32.719927 ], [ -96.943961, 32.721153 ], [ -96.943696, 32.721299 ], [ -96.943447, 32.72146 ], [ -96.94304, 32.721707 ], [ -96.94289, 32.721778 ], [ -96.942559, 32.721913 ], [ -96.942301, 32.722049 ], [ -96.942161, 32.722099 ], [ -96.942091, 32.722138 ], [ -96.942007, 32.722237 ], [ -96.941977, 32.722262 ], [ -96.941917, 32.722276 ], [ -96.941788, 32.722284 ], [ -96.941133, 32.722289 ], [ -96.939034, 32.722346 ], [ -96.938936, 32.722349 ], [ -96.938649, 32.722351 ], [ -96.938617, 32.722346 ], [ -96.937753, 32.722358 ], [ -96.937552, 32.722397 ], [ -96.937012, 32.722394 ], [ -96.936967, 32.72242 ], [ -96.936935, 32.722503 ], [ -96.936935, 32.722546 ], [ -96.936947, 32.722655 ], [ -96.936954, 32.722682 ], [ -96.93698, 32.722703 ], [ -96.937212, 32.722763 ], [ -96.937392, 32.72285 ], [ -96.937418, 32.722876 ], [ -96.937424, 32.722915 ], [ -96.937418, 32.7235 ], [ -96.937437, 32.723917 ], [ -96.937476, 32.724162 ], [ -96.937483, 32.724314 ], [ -96.937408, 32.724369 ], [ -96.937382, 32.724412 ], [ -96.93733, 32.724449 ], [ -96.937337, 32.724688 ], [ -96.93744, 32.724793 ], [ -96.93747, 32.724769 ], [ -96.937573, 32.724773 ], [ -96.937599, 32.724791 ], [ -96.937618, 32.724818 ], [ -96.93765, 32.724981 ], [ -96.937676, 32.725073 ], [ -96.937843, 32.725474 ], [ -96.937869, 32.725685 ], [ -96.937921, 32.725897 ], [ -96.938069, 32.726255 ], [ -96.938159, 32.726504 ], [ -96.938185, 32.72665 ], [ -96.938192, 32.726813 ], [ -96.938185, 32.726959 ], [ -96.938153, 32.727187 ], [ -96.938101, 32.727437 ], [ -96.938082, 32.727632 ], [ -96.938108, 32.727832 ], [ -96.938179, 32.728037 ], [ -96.938237, 32.728185 ], [ -96.938488, 32.728765 ], [ -96.938582, 32.728924 ], [ -96.938686, 32.729 ], [ -96.939304, 32.729408 ], [ -96.939963, 32.729832 ], [ -96.940106, 32.729947 ], [ -96.940145, 32.729968 ], [ -96.941285, 32.73075 ], [ -96.941705, 32.731034 ], [ -96.942365, 32.731451 ], [ -96.942753, 32.731724 ], [ -96.943166, 32.731996 ], [ -96.943435, 32.732152 ], [ -96.943455, 32.732174 ], [ -96.9435, 32.73218 ], [ -96.943539, 32.732159 ], [ -96.943584, 32.732159 ], [ -96.943658, 32.732228 ], [ -96.943716, 32.732256 ], [ -96.943942, 32.732407 ], [ -96.94425, 32.732599 ], [ -96.944282, 32.73261 ], [ -96.944282, 32.732647 ], [ -96.944243, 32.732675 ], [ -96.944269, 32.732712 ], [ -96.944812, 32.733072 ], [ -96.944941, 32.733193 ], [ -96.945108, 32.733297 ], [ -96.945934, 32.733828 ], [ -96.948848, 32.735779 ], [ -96.949428, 32.736158 ], [ -96.949742, 32.736372 ], [ -96.950854, 32.737128 ], [ -96.951024, 32.737233 ], [ -96.951158, 32.737301 ], [ -96.951319, 32.737357 ], [ -96.951457, 32.737399 ], [ -96.951479, 32.737406 ], [ -96.952021, 32.737533 ], [ -96.952272, 32.737575 ], [ -96.9552, 32.737626 ], [ -96.956061, 32.737623 ], [ -96.958133, 32.737631 ], [ -96.958326, 32.737633 ], [ -96.958867, 32.737651 ], [ -96.959115, 32.737702 ], [ -96.959348, 32.73778 ], [ -96.959387, 32.73778 ], [ -96.959419, 32.737769 ], [ -96.959477, 32.73773 ], [ -96.959639, 32.73772 ], [ -96.959723, 32.737682 ], [ -96.959742, 32.737639 ], [ -96.959788, 32.737639 ], [ -96.959826, 32.737654 ], [ -96.959865, 32.737665 ], [ -96.95993, 32.737639 ], [ -96.96002, 32.737628 ], [ -96.960095, 32.737608 ], [ -96.960043, 32.737532 ], [ -96.959973, 32.737495 ], [ -96.959922, 32.737474 ], [ -96.95984, 32.737463 ], [ -96.959777, 32.737399 ], [ -96.959739, 32.737325 ], [ -96.959764, 32.737229 ], [ -96.959796, 32.737202 ], [ -96.959821, 32.73708 ], [ -96.959796, 32.736835 ], [ -96.959752, 32.736676 ], [ -96.959543, 32.736575 ], [ -96.959452, 32.736524 ], [ -96.959361, 32.736519 ], [ -96.959232, 32.736535 ], [ -96.959128, 32.736524 ], [ -96.959057, 32.736545 ], [ -96.958915, 32.736671 ], [ -96.958844, 32.736682 ], [ -96.958844, 32.736649 ], [ -96.958928, 32.736535 ], [ -96.959064, 32.736416 ], [ -96.959154, 32.736345 ], [ -96.9592, 32.736274 ], [ -96.959203, 32.736139 ], [ -96.959223, 32.736041 ], [ -96.959195, 32.73584 ], [ -96.959265, 32.735521 ], [ -96.959313, 32.73547 ], [ -96.959352, 32.735372 ], [ -96.959391, 32.735176 ], [ -96.959475, 32.735084 ], [ -96.959526, 32.735045 ], [ -96.959546, 32.735013 ], [ -96.959526, 32.73498 ], [ -96.959533, 32.734948 ], [ -96.959809, 32.734701 ], [ -96.960014, 32.734557 ], [ -96.960131, 32.734442 ], [ -96.960188, 32.734323 ], [ -96.960221, 32.734274 ], [ -96.960175, 32.734147 ], [ -96.960068, 32.73393 ], [ -96.959663, 32.733407 ], [ -96.959611, 32.733365 ], [ -96.959611, 32.733328 ], [ -96.959643, 32.733279 ], [ -96.959708, 32.733241 ], [ -96.95976, 32.733181 ], [ -96.959876, 32.733001 ], [ -96.959979, 32.732953 ], [ -96.96146, 32.731985 ], [ -96.961767, 32.731805 ], [ -96.962123, 32.731555 ], [ -96.962375, 32.73144 ], [ -96.96251, 32.73144 ], [ -96.962588, 32.731447 ], [ -96.962678, 32.731495 ], [ -96.962704, 32.731527 ], [ -96.962743, 32.731534 ], [ -96.962827, 32.731555 ], [ -96.962963, 32.731679 ], [ -96.963137, 32.73193 ], [ -96.963277, 32.732055 ], [ -96.963742, 32.732539 ], [ -96.963826, 32.732642 ], [ -96.963936, 32.732767 ], [ -96.963949, 32.732832 ], [ -96.964046, 32.732875 ], [ -96.964214, 32.733088 ], [ -96.964247, 32.733179 ], [ -96.964343, 32.733199 ], [ -96.964453, 32.733272 ], [ -96.964518, 32.733305 ], [ -96.964699, 32.733365 ], [ -96.964881, 32.733387 ], [ -96.965016, 32.733435 ], [ -96.965209, 32.733472 ], [ -96.965242, 32.733517 ], [ -96.965292, 32.733536 ], [ -96.96545, 32.733727 ], [ -96.9655, 32.733745 ], [ -96.965546, 32.733815 ], [ -96.96563, 32.733887 ], [ -96.96566, 32.733941 ], [ -96.965684, 32.733967 ], [ -96.965737, 32.733963 ], [ -96.965817, 32.733914 ], [ -96.965957, 32.733865 ], [ -96.966073, 32.733804 ], [ -96.966131, 32.733804 ], [ -96.966215, 32.733778 ], [ -96.966209, 32.733696 ], [ -96.966164, 32.733593 ], [ -96.96612, 32.733536 ], [ -96.966006, 32.733562 ], [ -96.965944, 32.733555 ], [ -96.965918, 32.733511 ], [ -96.965957, 32.733479 ], [ -96.966035, 32.733435 ], [ -96.966228, 32.73337 ], [ -96.966377, 32.733348 ], [ -96.966396, 32.733365 ], [ -96.966493, 32.73337 ], [ -96.966616, 32.733424 ], [ -96.96681, 32.733463 ], [ -96.966965, 32.733528 ], [ -96.967037, 32.733593 ], [ -96.967043, 32.733646 ], [ -96.967017, 32.733696 ], [ -96.96703, 32.733718 ], [ -96.967107, 32.733691 ], [ -96.967157, 32.733659 ], [ -96.967211, 32.733663 ], [ -96.967293, 32.733683 ], [ -96.967328, 32.733685 ], [ -96.967333, 32.73366 ], [ -96.967306, 32.733649 ], [ -96.967267, 32.733649 ], [ -96.967159, 32.733609 ], [ -96.967146, 32.73357 ], [ -96.967101, 32.733376 ], [ -96.967153, 32.733168 ], [ -96.96714, 32.733006 ], [ -96.9671, 32.732833 ], [ -96.967159, 32.732691 ], [ -96.967157, 32.732599 ], [ -96.967258, 32.732408 ], [ -96.967328, 32.732125 ], [ -96.967305, 32.731952 ], [ -96.967305, 32.73181 ], [ -96.96736, 32.731645 ], [ -96.967363, 32.731538 ], [ -96.967315, 32.73131 ], [ -96.967285, 32.731261 ], [ -96.967309, 32.731152 ], [ -96.967363, 32.731049 ], [ -96.967363, 32.730984 ], [ -96.967392, 32.730913 ], [ -96.967405, 32.730848 ], [ -96.967328, 32.730734 ], [ -96.967341, 32.730506 ], [ -96.967367, 32.73044 ], [ -96.967399, 32.730337 ], [ -96.96738, 32.730065 ], [ -96.96736, 32.73001 ], [ -96.967341, 32.729995 ], [ -96.967347, 32.729864 ], [ -96.967347, 32.729672 ], [ -96.96737, 32.729342 ], [ -96.96737, 32.729228 ], [ -96.967347, 32.729039 ], [ -96.967396, 32.728907 ], [ -96.967532, 32.72882 ], [ -96.968036, 32.728726 ], [ -96.968159, 32.72869 ], [ -96.968249, 32.728619 ], [ -96.968269, 32.728558 ], [ -96.968275, 32.728499 ], [ -96.968238, 32.724676 ], [ -96.968258, 32.723574 ], [ -96.968212, 32.723346 ], [ -96.968232, 32.723172 ], [ -96.968219, 32.72301 ], [ -96.968245, 32.722917 ], [ -96.968264, 32.722797 ], [ -96.968231, 32.722296 ], [ -96.968242, 32.722243 ], [ -96.9683, 32.72215 ], [ -96.968318, 32.722065 ], [ -96.968369, 32.722012 ], [ -96.968485, 32.721947 ], [ -96.968587, 32.72191 ], [ -96.968708, 32.721888 ], [ -96.969496, 32.721884 ], [ -96.969644, 32.721905 ], [ -96.969795, 32.721915 ], [ -96.970134, 32.72191 ], [ -96.970262, 32.721919 ], [ -96.97039, 32.721947 ], [ -96.970441, 32.722012 ], [ -96.970492, 32.722065 ], [ -96.970547, 32.722144 ], [ -96.970572, 32.722417 ], [ -96.970605, 32.722465 ], [ -96.970618, 32.722515 ], [ -96.970598, 32.722564 ], [ -96.970572, 32.722597 ], [ -96.97055, 32.722769 ], [ -96.970556, 32.723168 ], [ -96.970556, 32.723841 ], [ -96.970601, 32.72497 ], [ -96.970571, 32.72507 ], [ -96.970601, 32.725626 ], [ -96.970558, 32.725977 ], [ -96.970558, 32.726059 ], [ -96.970612, 32.726264 ], [ -96.970607, 32.726438 ], [ -96.970575, 32.726782 ], [ -96.970582, 32.728197 ], [ -96.970601, 32.728332 ], [ -96.970633, 32.728369 ], [ -96.970671, 32.728353 ], [ -96.970754, 32.728219 ], [ -96.970812, 32.728154 ], [ -96.970946, 32.728057 ], [ -96.971196, 32.727928 ], [ -96.971299, 32.727913 ], [ -96.971447, 32.72788 ], [ -96.97148, 32.727859 ], [ -96.971421, 32.727756 ], [ -96.971426, 32.727615 ], [ -96.971438, 32.727573 ], [ -96.97147, 32.727519 ], [ -96.97149, 32.727471 ], [ -96.971483, 32.727423 ], [ -96.971464, 32.727362 ], [ -96.971432, 32.72731 ], [ -96.971419, 32.727251 ], [ -96.97147, 32.727218 ], [ -96.971534, 32.727202 ], [ -96.971586, 32.727159 ], [ -96.971598, 32.727068 ], [ -96.971624, 32.726933 ], [ -96.971624, 32.726799 ], [ -96.971662, 32.72668 ], [ -96.971758, 32.726557 ], [ -96.971854, 32.726416 ], [ -96.971905, 32.726331 ], [ -96.971987, 32.726218 ], [ -96.971987, 32.725969 ], [ -96.972045, 32.725852 ], [ -96.972175, 32.725701 ], [ -96.972298, 32.725609 ], [ -96.972375, 32.725544 ], [ -96.972438, 32.725509 ], [ -96.972494, 32.725504 ], [ -96.972562, 32.725509 ], [ -96.972915, 32.725639 ], [ -96.97323, 32.725785 ], [ -96.973354, 32.725852 ], [ -96.973459, 32.725924 ], [ -96.973583, 32.726039 ], [ -96.97378, 32.72617 ], [ -96.974747, 32.726748 ], [ -96.975916, 32.727472 ], [ -96.976325, 32.727717 ], [ -96.976389, 32.727748 ], [ -96.976488, 32.727753 ], [ -96.976563, 32.72779 ], [ -96.976606, 32.727831 ], [ -96.976643, 32.72791 ], [ -96.976711, 32.727941 ], [ -96.977361, 32.728357 ], [ -96.978123, 32.72881 ], [ -96.978649, 32.72919 ], [ -96.97885, 32.729242 ], [ -96.979352, 32.72955 ], [ -96.980733, 32.730443 ], [ -96.980955, 32.730578 ], [ -96.981032, 32.730635 ], [ -96.981108, 32.730694 ], [ -96.981224, 32.730784 ], [ -96.981496, 32.730925 ], [ -96.981683, 32.731062 ], [ -96.981715, 32.731118 ], [ -96.981709, 32.731175 ], [ -96.981607, 32.731268 ], [ -96.981403, 32.731439 ], [ -96.980939, 32.731904 ], [ -96.980786, 32.732092 ], [ -96.980391, 32.732419 ], [ -96.97964, 32.732841 ], [ -96.9792, 32.733195 ], [ -96.978653, 32.733676 ], [ -96.978239, 32.734071 ], [ -96.97815, 32.734136 ], [ -96.978092, 32.734169 ], [ -96.977922, 32.734198 ], [ -96.977838, 32.734212 ], [ -96.9777, 32.734263 ], [ -96.977621, 32.734319 ], [ -96.977602, 32.734394 ], [ -96.977551, 32.734462 ], [ -96.977492, 32.734471 ], [ -96.977468, 32.734474 ], [ -96.977277, 32.734479 ], [ -96.977239, 32.734565 ], [ -96.977233, 32.734838 ], [ -96.977214, 32.734966 ], [ -96.977191, 32.735002 ], [ -96.977083, 32.735039 ], [ -96.976979, 32.735039 ], [ -96.976896, 32.735014 ], [ -96.976836, 32.734994 ], [ -96.976796, 32.734968 ], [ -96.97679, 32.734923 ], [ -96.976796, 32.734883 ], [ -96.976766, 32.734838 ], [ -96.976725, 32.734817 ], [ -96.976623, 32.734828 ], [ -96.976575, 32.734898 ], [ -96.976552, 32.734952 ], [ -96.976492, 32.734999 ], [ -96.976367, 32.734999 ], [ -96.976309, 32.735028 ], [ -96.976271, 32.735059 ], [ -96.97625, 32.735093 ], [ -96.976164, 32.735179 ], [ -96.975736, 32.735509 ], [ -96.975306, 32.735785 ], [ -96.975056, 32.735872 ], [ -96.974829, 32.735931 ], [ -96.974602, 32.735967 ], [ -96.974334, 32.735982 ], [ -96.973829, 32.736016 ], [ -96.973614, 32.736063 ], [ -96.973375, 32.736143 ], [ -96.972904, 32.736474 ], [ -96.972749, 32.736635 ], [ -96.972528, 32.736806 ], [ -96.972277, 32.737037 ], [ -96.972183, 32.737198 ], [ -96.972128, 32.737282 ], [ -96.972116, 32.737347 ], [ -96.97212, 32.737403 ], [ -96.972142, 32.737451 ], [ -96.972173, 32.737485 ], [ -96.972301, 32.737629 ], [ -96.97242, 32.737704 ], [ -96.972534, 32.737738 ], [ -96.97279, 32.737788 ], [ -96.973001, 32.737868 ], [ -96.973074, 32.737921 ], [ -96.973101, 32.73794 ], [ -96.97319, 32.738011 ], [ -96.973238, 32.738041 ], [ -96.97333, 32.738056 ], [ -96.973426, 32.738056 ], [ -96.973652, 32.738024 ], [ -96.973822, 32.737971 ], [ -96.974054, 32.737931 ], [ -96.974715, 32.73791 ], [ -96.974986, 32.737915 ], [ -96.9752, 32.737955 ], [ -96.975308, 32.737955 ], [ -96.975398, 32.737966 ], [ -96.9756, 32.738076 ], [ -96.975668, 32.738076 ], [ -96.975705, 32.738069 ], [ -96.975742, 32.738037 ], [ -96.975821, 32.738025 ], [ -96.975927, 32.738045 ], [ -96.976156, 32.73816 ], [ -96.976441, 32.738247 ], [ -96.976631, 32.738331 ], [ -96.976843, 32.738362 ], [ -96.976898, 32.738331 ], [ -96.976968, 32.738283 ], [ -96.977002, 32.738221 ], [ -96.976994, 32.738036 ], [ -96.977007, 32.737901 ], [ -96.977026, 32.737803 ], [ -96.977039, 32.737637 ], [ -96.977058, 32.737256 ], [ -96.977058, 32.737046 ], [ -96.977077, 32.737018 ], [ -96.977144, 32.737008 ], [ -96.977189, 32.737 ], [ -96.977293, 32.737 ], [ -96.977344, 32.737022 ], [ -96.977425, 32.737057 ], [ -96.977523, 32.737026 ], [ -96.977606, 32.736976 ], [ -96.977647, 32.736894 ], [ -96.977711, 32.736716 ], [ -96.977779, 32.73657 ], [ -96.977931, 32.736404 ], [ -96.97823, 32.736193 ], [ -96.978392, 32.736125 ], [ -96.97854, 32.736063 ], [ -96.978707, 32.736013 ], [ -96.97897, 32.735951 ], [ -96.979374, 32.735697 ], [ -96.979414, 32.735601 ], [ -96.979432, 32.735484 ], [ -96.979468, 32.735419 ], [ -96.979514, 32.735376 ], [ -96.979575, 32.735345 ], [ -96.979706, 32.735253 ], [ -96.979754, 32.735179 ], [ -96.979786, 32.735073 ], [ -96.980034, 32.734774 ], [ -96.980086, 32.73473 ], [ -96.980212, 32.734641 ], [ -96.980297, 32.734561 ], [ -96.980452, 32.734341 ], [ -96.980519, 32.734291 ], [ -96.980578, 32.734235 ], [ -96.980769, 32.73417 ], [ -96.98098, 32.734119 ], [ -96.981056, 32.734105 ], [ -96.981179, 32.734046 ], [ -96.98138, 32.734059 ], [ -96.981517, 32.734049 ], [ -96.981672, 32.734009 ], [ -96.981804, 32.733929 ], [ -96.981893, 32.733832 ], [ -96.981977, 32.733693 ], [ -96.982081, 32.733587 ], [ -96.982251, 32.733452 ], [ -96.982389, 32.733311 ], [ -96.982532, 32.733216 ], [ -96.982649, 32.733086 ], [ -96.982657, 32.733015 ], [ -96.982651, 32.732975 ], [ -96.982621, 32.732925 ], [ -96.982597, 32.732844 ], [ -96.982597, 32.732784 ], [ -96.982615, 32.732739 ], [ -96.982705, 32.732647 ], [ -96.982842, 32.732498 ], [ -96.98295, 32.732387 ], [ -96.982974, 32.732317 ], [ -96.983027, 32.732272 ], [ -96.983215, 32.732186 ], [ -96.983269, 32.732141 ], [ -96.983317, 32.732086 ], [ -96.983364, 32.732006 ], [ -96.983445, 32.731955 ], [ -96.983514, 32.731895 ], [ -96.983526, 32.73183 ], [ -96.983514, 32.731755 ], [ -96.983555, 32.731668 ], [ -96.983639, 32.731579 ], [ -96.983824, 32.731416 ], [ -96.983932, 32.731288 ], [ -96.98404, 32.731091 ], [ -96.984212, 32.730896 ], [ -96.984355, 32.730725 ], [ -96.984406, 32.730674 ], [ -96.984489, 32.730604 ], [ -96.984597, 32.73057 ], [ -96.984714, 32.73055 ], [ -96.984815, 32.730525 ], [ -96.984967, 32.730409 ], [ -96.98502, 32.730344 ], [ -96.985062, 32.730283 ], [ -96.985122, 32.730252 ], [ -96.985193, 32.730238 ], [ -96.985287, 32.730233 ], [ -96.985382, 32.730258 ], [ -96.985462, 32.730248 ], [ -96.985539, 32.730198 ], [ -96.985581, 32.730128 ], [ -96.985575, 32.730012 ], [ -96.985539, 32.729917 ], [ -96.985456, 32.729656 ], [ -96.985408, 32.729581 ], [ -96.985378, 32.729505 ], [ -96.985366, 32.729455 ], [ -96.98536, 32.729374 ], [ -96.98539, 32.729304 ], [ -96.985426, 32.729234 ], [ -96.985432, 32.729188 ], [ -96.985402, 32.729149 ], [ -96.985355, 32.729134 ], [ -96.985301, 32.729143 ], [ -96.985277, 32.729188 ], [ -96.985271, 32.729253 ], [ -96.985271, 32.7294 ], [ -96.985235, 32.729675 ], [ -96.985205, 32.729771 ], [ -96.98517, 32.72981 ], [ -96.985122, 32.729852 ], [ -96.985056, 32.729872 ], [ -96.984991, 32.729877 ], [ -96.984913, 32.729852 ], [ -96.984847, 32.729816 ], [ -96.984782, 32.729816 ], [ -96.984704, 32.729832 ], [ -96.984525, 32.729906 ], [ -96.98443, 32.729942 ], [ -96.984376, 32.729937 ], [ -96.98431, 32.729897 ], [ -96.984269, 32.729827 ], [ -96.984263, 32.729731 ], [ -96.984281, 32.729656 ], [ -96.98434, 32.72957 ], [ -96.98443, 32.72948 ], [ -96.984495, 32.729405 ], [ -96.984591, 32.729149 ], [ -96.984734, 32.728948 ], [ -96.984776, 32.728853 ], [ -96.984829, 32.728786 ], [ -96.984943, 32.728696 ], [ -96.985086, 32.728617 ], [ -96.985235, 32.728546 ], [ -96.985406, 32.728498 ], [ -96.985793, 32.728412 ], [ -96.986152, 32.728364 ], [ -96.986233, 32.72836 ], [ -96.986312, 32.728327 ], [ -96.986339, 32.728287 ], [ -96.986312, 32.728202 ], [ -96.986218, 32.728167 ], [ -96.98611, 32.728156 ], [ -96.985936, 32.728153 ], [ -96.985792, 32.728143 ], [ -96.985672, 32.728167 ], [ -96.985504, 32.728215 ], [ -96.985265, 32.728254 ], [ -96.985014, 32.728319 ], [ -96.984853, 32.728375 ], [ -96.984603, 32.728471 ], [ -96.98437, 32.728627 ], [ -96.984221, 32.728802 ], [ -96.984113, 32.728948 ], [ -96.98394, 32.729109 ], [ -96.983724, 32.729252 ], [ -96.983473, 32.729439 ], [ -96.982678, 32.730103 ], [ -96.982516, 32.730294 ], [ -96.982439, 32.730435 ], [ -96.982332, 32.73048 ], [ -96.982233, 32.730486 ], [ -96.982103, 32.730465 ], [ -96.981979, 32.730413 ], [ -96.981787, 32.730303 ], [ -96.981479, 32.730083 ], [ -96.981196, 32.729934 ], [ -96.980542, 32.729533 ], [ -96.980406, 32.729402 ], [ -96.980187, 32.729266 ], [ -96.980038, 32.729196 ], [ -96.97987, 32.729125 ], [ -96.979818, 32.729109 ], [ -96.979754, 32.729049 ], [ -96.979689, 32.728918 ], [ -96.979592, 32.728853 ], [ -96.979476, 32.728821 ], [ -96.979137, 32.728673 ], [ -96.979111, 32.728603 ], [ -96.979078, 32.728565 ], [ -96.979027, 32.728549 ], [ -96.978936, 32.728544 ], [ -96.978878, 32.728533 ], [ -96.978645, 32.728457 ], [ -96.978421, 32.72831 ], [ -96.978374, 32.728265 ], [ -96.978378, 32.728149 ], [ -96.978309, 32.728033 ], [ -96.978199, 32.727989 ], [ -96.978141, 32.727994 ], [ -96.978057, 32.728026 ], [ -96.978015, 32.728051 ], [ -96.977863, 32.728005 ], [ -96.977183, 32.727589 ], [ -96.976058, 32.72688 ], [ -96.975825, 32.726765 ], [ -96.975773, 32.726809 ], [ -96.975683, 32.726809 ], [ -96.975637, 32.726771 ], [ -96.975605, 32.726733 ], [ -96.975618, 32.726661 ], [ -96.975592, 32.726608 ], [ -96.975418, 32.726472 ], [ -96.975179, 32.726339 ], [ -96.974064, 32.725592 ], [ -96.974045, 32.725532 ], [ -96.974058, 32.725482 ], [ -96.974056, 32.725431 ], [ -96.974039, 32.725406 ], [ -96.973806, 32.725347 ], [ -96.973509, 32.725167 ], [ -96.973434, 32.725146 ], [ -96.97326, 32.72507 ], [ -96.973221, 32.724998 ], [ -96.97313, 32.724972 ], [ -96.973027, 32.724896 ], [ -96.972969, 32.724868 ], [ -96.972885, 32.724846 ], [ -96.972853, 32.724809 ], [ -96.972829, 32.724747 ], [ -96.97273, 32.724632 ], [ -96.972755, 32.724518 ], [ -96.972798, 32.724368 ], [ -96.972818, 32.724276 ], [ -96.972792, 32.724173 ], [ -96.972818, 32.724037 ], [ -96.972843, 32.723933 ], [ -96.97285, 32.723868 ], [ -96.972869, 32.723796 ], [ -96.972915, 32.723694 ], [ -96.973018, 32.723618 ], [ -96.97305, 32.723585 ], [ -96.973063, 32.723515 ], [ -96.973044, 32.72346 ], [ -96.973063, 32.723401 ], [ -96.97312, 32.723328 ], [ -96.973189, 32.723239 ], [ -96.97327, 32.723149 ], [ -96.973315, 32.723064 ], [ -96.973315, 32.722993 ], [ -96.973283, 32.722928 ], [ -96.97327, 32.72289 ], [ -96.973277, 32.722841 ], [ -96.973341, 32.722819 ], [ -96.973419, 32.722808 ], [ -96.973457, 32.722726 ], [ -96.973613, 32.722471 ], [ -96.973829, 32.722209 ], [ -96.97422, 32.721755 ], [ -96.974257, 32.721687 ], [ -96.974275, 32.721594 ], [ -96.974192, 32.721345 ], [ -96.974074, 32.721165 ], [ -96.974056, 32.720999 ], [ -96.974038, 32.720737 ], [ -96.97402, 32.720579 ], [ -96.973981, 32.720449 ], [ -96.973941, 32.720432 ], [ -96.973908, 32.720418 ], [ -96.973904, 32.720367 ], [ -96.973837, 32.720247 ], [ -96.973882, 32.720157 ], [ -96.973952, 32.72005 ], [ -96.974023, 32.719949 ], [ -96.974049, 32.719769 ], [ -96.974043, 32.719676 ], [ -96.974004, 32.71947 ], [ -96.973985, 32.719099 ], [ -96.973892, 32.718733 ], [ -96.973868, 32.718702 ], [ -96.973843, 32.718693 ], [ -96.973797, 32.71866 ], [ -96.973791, 32.718611 ], [ -96.97381, 32.718556 ], [ -96.973797, 32.718463 ], [ -96.973643, 32.718044 ], [ -96.973554, 32.71792 ], [ -96.973523, 32.717827 ], [ -96.973536, 32.717688 ], [ -96.97356, 32.717565 ], [ -96.973621, 32.717461 ], [ -96.973725, 32.71739 ], [ -96.973866, 32.717312 ], [ -96.974043, 32.717241 ], [ -96.974294, 32.717126 ], [ -96.974592, 32.717052 ], [ -96.974685, 32.716994 ], [ -96.974734, 32.716932 ], [ -96.974807, 32.716855 ], [ -96.97486, 32.716741 ], [ -96.974905, 32.7166 ], [ -96.974896, 32.716539 ], [ -96.974973, 32.716582 ], [ -96.975243, 32.716928 ], [ -96.975672, 32.717236 ], [ -96.976126, 32.717348 ], [ -96.976573, 32.717364 ], [ -96.976868, 32.717213 ], [ -96.976986, 32.717216 ], [ -96.977246, 32.717225 ], [ -96.977242, 32.717587 ], [ -96.977237, 32.717948 ], [ -96.977239, 32.718373 ], [ -96.977242, 32.718753 ], [ -96.977241, 32.718919 ], [ -96.977236, 32.719898 ], [ -96.977225, 32.720429 ], [ -96.977241, 32.720807 ], [ -96.977238, 32.721035 ], [ -96.977233, 32.721589 ], [ -96.977223, 32.72307 ], [ -96.977222, 32.724604 ], [ -96.977215, 32.726157 ], [ -96.977214, 32.726259 ], [ -96.978568, 32.726275 ], [ -96.979086, 32.726277 ], [ -96.979552, 32.726271 ], [ -96.979776, 32.726271 ], [ -96.980789, 32.726279 ], [ -96.980976, 32.726278 ], [ -96.981501, 32.726278 ], [ -96.9815, 32.726354 ], [ -96.98153, 32.726625 ], [ -96.981466, 32.72915 ], [ -96.982006, 32.72915 ], [ -96.98252, 32.729151 ], [ -96.982853, 32.728854 ], [ -96.982983, 32.728757 ], [ -96.983601, 32.728178 ], [ -96.984738, 32.727184 ], [ -96.985138, 32.727179 ], [ -96.985614, 32.727177 ], [ -96.985673, 32.727205 ], [ -96.98581, 32.727269 ], [ -96.985845, 32.727285 ], [ -96.985888, 32.727307 ], [ -96.985935, 32.727334 ], [ -96.986711, 32.727342 ], [ -96.987376, 32.727371 ], [ -96.987382, 32.72695 ], [ -96.987384, 32.72682 ], [ -96.987392, 32.726191 ], [ -96.987401, 32.725518 ], [ -96.98836, 32.725527 ], [ -96.988424, 32.725527 ], [ -96.989875, 32.725541 ], [ -96.989872, 32.725705 ], [ -96.989868, 32.725967 ], [ -96.989866, 32.726393 ], [ -96.989853, 32.726981 ], [ -96.989851, 32.727168 ], [ -96.989065, 32.727608 ], [ -96.989469, 32.729001 ], [ -96.989817, 32.729294 ], [ -96.991014, 32.730298 ], [ -96.991257, 32.730503 ], [ -96.991352, 32.730582 ], [ -96.9926, 32.730393 ], [ -96.993301, 32.731352 ], [ -96.993829, 32.731265 ], [ -96.993869, 32.731259 ], [ -96.994004, 32.731358 ], [ -96.994007, 32.731599 ], [ -96.993642, 32.731597 ], [ -96.993283, 32.731596 ], [ -96.992992, 32.731595 ], [ -96.99292, 32.731595 ], [ -96.99292, 32.731814 ], [ -96.992928, 32.732192 ], [ -96.992937, 32.732866 ], [ -96.992952, 32.733998 ], [ -96.992963, 32.73493 ], [ -96.992892, 32.73493 ], [ -96.99276, 32.73493 ], [ -96.992482, 32.734927 ], [ -96.991599, 32.734921 ], [ -96.991288, 32.734927 ], [ -96.991217, 32.734928 ], [ -96.991214, 32.734806 ], [ -96.991229, 32.733289 ], [ -96.991233, 32.732845 ], [ -96.99106, 32.732843 ], [ -96.989441, 32.732843 ], [ -96.989281, 32.732849 ], [ -96.989262, 32.734784 ], [ -96.989264, 32.73493 ], [ -96.988844, 32.734927 ], [ -96.98877, 32.734927 ], [ -96.988024, 32.734924 ], [ -96.98731, 32.734924 ], [ -96.986547, 32.734921 ], [ -96.986501, 32.73492 ], [ -96.985763, 32.734917 ], [ -96.983894, 32.734895 ], [ -96.983857, 32.735053 ], [ -96.983878, 32.736392 ], [ -96.983891, 32.738157 ], [ -96.987056, 32.738183 ], [ -96.987716, 32.738211 ], [ -96.987716, 32.738628 ], [ -96.987716, 32.738915 ], [ -96.987705, 32.739488 ], [ -96.987697, 32.73991 ], [ -96.987698, 32.741011 ], [ -96.987685, 32.741785 ], [ -96.987672, 32.742292 ], [ -96.987662, 32.742997 ], [ -96.987661, 32.743541 ], [ -96.987647, 32.744264 ], [ -96.987648, 32.744532 ], [ -96.987619, 32.744689 ], [ -96.987562, 32.744881 ], [ -96.987461, 32.745111 ], [ -96.987466, 32.745258 ], [ -96.987445, 32.74537 ], [ -96.98656, 32.745339 ], [ -96.980315, 32.745603 ], [ -96.97938, 32.745641 ], [ -96.978004, 32.745685 ], [ -96.974643, 32.745834 ], [ -96.972916, 32.745911 ], [ -96.971551, 32.745989 ], [ -96.970753, 32.746027 ], [ -96.969426, 32.746089 ], [ -96.968464, 32.746135 ], [ -96.965684, 32.746266 ], [ -96.964787, 32.746299 ], [ -96.964279, 32.746316 ], [ -96.960313, 32.746408 ], [ -96.959609, 32.746428 ], [ -96.959487, 32.746433 ], [ -96.959032, 32.746474 ], [ -96.957964, 32.746495 ], [ -96.957955, 32.74644 ], [ -96.957923, 32.746245 ], [ -96.957923, 32.746205 ], [ -96.957923, 32.745927 ], [ -96.957973, 32.742255 ], [ -96.957996, 32.74207 ], [ -96.958143, 32.742078 ], [ -96.958159, 32.741246 ], [ -96.958184, 32.740001 ], [ -96.958204, 32.738884 ], [ -96.958206, 32.738782 ], [ -96.957987, 32.738778 ], [ -96.957683, 32.738773 ], [ -96.956273, 32.738747 ], [ -96.95536, 32.738731 ], [ -96.954801, 32.73872 ], [ -96.953719, 32.738707 ], [ -96.953385, 32.7387 ], [ -96.953355, 32.738748 ], [ -96.953225, 32.738914 ], [ -96.951442, 32.738913 ], [ -96.951439, 32.738794 ], [ -96.951435, 32.738704 ], [ -96.95141, 32.737952 ], [ -96.950358, 32.737825 ], [ -96.949784, 32.737453 ], [ -96.948664, 32.73669 ], [ -96.948642, 32.738759 ], [ -96.943073, 32.738733 ], [ -96.942938, 32.741445 ], [ -96.942898, 32.742228 ], [ -96.942674, 32.742229 ], [ -96.941234, 32.742209 ], [ -96.939928, 32.742184 ], [ -96.938274, 32.742159 ], [ -96.937839, 32.742514 ], [ -96.937095, 32.743117 ], [ -96.93703, 32.743115 ], [ -96.935004, 32.743076 ], [ -96.934972, 32.743075 ], [ -96.934969, 32.743503 ], [ -96.934969, 32.743742 ], [ -96.934485, 32.743735 ], [ -96.934369, 32.743504 ], [ -96.934439, 32.743336 ], [ -96.934608, 32.743142 ], [ -96.934973, 32.74288 ], [ -96.935009, 32.742866 ], [ -96.935195, 32.742798 ], [ -96.935489, 32.742745 ], [ -96.935747, 32.742722 ], [ -96.936032, 32.74273 ], [ -96.936282, 32.742767 ], [ -96.936478, 32.742804 ], [ -96.936745, 32.742843 ], [ -96.936878, 32.742835 ], [ -96.937003, 32.742783 ], [ -96.93703, 32.742767 ], [ -96.937128, 32.742713 ], [ -96.937301, 32.742632 ], [ -96.93748, 32.742514 ], [ -96.937933, 32.742213 ], [ -96.938369, 32.741914 ], [ -96.939135, 32.74127 ], [ -96.939333, 32.741007 ], [ -96.939379, 32.740896 ], [ -96.939379, 32.740805 ], [ -96.939358, 32.740664 ], [ -96.939322, 32.740574 ], [ -96.93918, 32.740372 ], [ -96.938877, 32.740035 ], [ -96.93872, 32.7399 ], [ -96.938631, 32.739818 ], [ -96.93856, 32.73972 ], [ -96.938524, 32.739601 ], [ -96.938533, 32.73948 ], [ -96.938565, 32.739323 ], [ -96.93864, 32.739174 ], [ -96.938711, 32.739099 ], [ -96.938818, 32.739016 ], [ -96.938978, 32.738934 ], [ -96.939343, 32.738791 ], [ -96.93953, 32.738702 ], [ -96.939726, 32.738597 ], [ -96.939815, 32.738529 ], [ -96.939894, 32.738417 ], [ -96.940145, 32.737271 ], [ -96.940171, 32.737039 ], [ -96.940207, 32.736942 ], [ -96.940287, 32.736866 ], [ -96.940434, 32.736784 ], [ -96.940594, 32.736739 ], [ -96.940781, 32.736694 ], [ -96.940964, 32.73668 ], [ -96.941053, 32.736702 ], [ -96.941142, 32.736762 ], [ -96.941226, 32.736852 ], [ -96.941422, 32.737122 ], [ -96.941538, 32.737226 ], [ -96.941654, 32.737294 ], [ -96.941832, 32.737361 ], [ -96.942072, 32.737414 ], [ -96.942308, 32.7374 ], [ -96.942553, 32.737324 ], [ -96.942776, 32.737242 ], [ -96.943043, 32.737129 ], [ -96.943292, 32.737032 ], [ -96.943568, 32.736905 ], [ -96.943809, 32.736784 ], [ -96.943951, 32.736665 ], [ -96.944058, 32.736493 ], [ -96.944133, 32.736244 ], [ -96.944138, 32.736072 ], [ -96.944129, 32.735961 ], [ -96.944111, 32.735871 ], [ -96.943978, 32.735675 ], [ -96.943791, 32.735526 ], [ -96.943622, 32.735422 ], [ -96.943408, 32.735354 ], [ -96.943274, 32.735317 ], [ -96.943087, 32.735227 ], [ -96.942918, 32.735137 ], [ -96.942749, 32.735002 ], [ -96.942544, 32.734793 ], [ -96.942509, 32.734733 ], [ -96.942473, 32.734658 ], [ -96.942443, 32.734519 ], [ -96.942437, 32.73435 ], [ -96.942446, 32.734194 ], [ -96.942473, 32.734021 ], [ -96.942537, 32.733821 ], [ -96.941844, 32.733857 ], [ -96.941631, 32.733879 ], [ -96.941552, 32.733896 ], [ -96.941468, 32.733925 ], [ -96.941433, 32.733946 ], [ -96.941374, 32.73397 ], [ -96.941335, 32.734012 ], [ -96.94129, 32.734071 ], [ -96.941226, 32.734175 ], [ -96.941179, 32.734321 ], [ -96.941092, 32.73456 ], [ -96.941045, 32.734647 ], [ -96.940981, 32.73472 ], [ -96.940847, 32.734819 ], [ -96.940176, 32.735417 ], [ -96.940089, 32.735557 ], [ -96.940015, 32.735655 ], [ -96.939965, 32.735771 ], [ -96.939931, 32.735979 ], [ -96.939901, 32.736096 ], [ -96.939874, 32.736143 ], [ -96.939845, 32.736173 ], [ -96.939815, 32.736185 ], [ -96.939748, 32.736224 ], [ -96.939622, 32.736376 ], [ -96.939503, 32.736476 ], [ -96.938974, 32.736804 ], [ -96.938855, 32.736893 ], [ -96.938745, 32.736961 ], [ -96.938628, 32.736997 ], [ -96.938241, 32.737102 ], [ -96.937934, 32.737164 ], [ -96.937691, 32.737223 ], [ -96.937518, 32.737282 ], [ -96.937355, 32.737378 ], [ -96.937061, 32.737675 ], [ -96.936937, 32.737859 ], [ -96.936799, 32.738054 ], [ -96.936717, 32.738249 ], [ -96.936701, 32.738421 ], [ -96.936693, 32.738607 ], [ -96.936693, 32.738787 ], [ -96.936677, 32.738909 ], [ -96.936662, 32.738968 ], [ -96.936622, 32.739033 ], [ -96.936488, 32.739165 ], [ -96.936358, 32.739252 ], [ -96.936229, 32.739312 ], [ -96.935883, 32.739399 ], [ -96.935469, 32.739485 ], [ -96.935271, 32.739544 ], [ -96.934774, 32.739624 ], [ -96.934383, 32.739644 ], [ -96.934162, 32.739644 ], [ -96.933849, 32.739631 ], [ -96.93361, 32.739626 ], [ -96.933502, 32.739624 ], [ -96.933383, 32.739637 ], [ -96.933229, 32.739679 ], [ -96.933087, 32.739736 ], [ -96.932977, 32.739804 ], [ -96.932874, 32.739897 ], [ -96.932787, 32.740023 ], [ -96.932669, 32.740309 ], [ -96.932633, 32.740461 ], [ -96.93253, 32.741312 ], [ -96.932491, 32.741538 ], [ -96.932483, 32.741636 ], [ -96.932451, 32.741764 ], [ -96.932358, 32.74194 ], [ -96.932299, 32.742002 ], [ -96.932235, 32.742052 ], [ -96.93217, 32.742089 ], [ -96.932046, 32.742176 ], [ -96.931982, 32.742206 ], [ -96.931759, 32.742286 ], [ -96.931512, 32.742398 ], [ -96.931224, 32.74251 ], [ -96.931089, 32.742589 ], [ -96.931012, 32.742635 ], [ -96.930833, 32.742759 ], [ -96.930606, 32.742989 ], [ -96.930419, 32.74316 ], [ -96.930225, 32.74344 ], [ -96.930413, 32.743464 ], [ -96.930403, 32.743478 ], [ -96.92973, 32.744406 ], [ -96.929506, 32.744481 ], [ -96.929317, 32.744459 ], [ -96.929267, 32.744479 ], [ -96.929205, 32.744478 ], [ -96.92824, 32.744474 ], [ -96.92806, 32.744463 ], [ -96.927582, 32.744701 ], [ -96.927312, 32.744837 ], [ -96.927039, 32.745562 ], [ -96.926975, 32.745639 ], [ -96.926933, 32.745691 ], [ -96.926654, 32.746096 ], [ -96.926589, 32.746445 ], [ -96.926616, 32.746563 ], [ -96.926703, 32.746943 ], [ -96.926369, 32.747259 ], [ -96.926334, 32.747293 ], [ -96.926329, 32.747465 ], [ -96.926327, 32.747534 ], [ -96.926325, 32.747692 ], [ -96.926314, 32.747717 ], [ -96.926257, 32.747824 ], [ -96.92612, 32.749073 ], [ -96.926128, 32.749192 ], [ -96.926161, 32.749636 ], [ -96.926174, 32.749718 ], [ -96.926161, 32.749775 ], [ -96.926174, 32.749823 ], [ -96.926219, 32.750619 ], [ -96.926238, 32.750867 ], [ -96.926242, 32.751364 ], [ -96.926174, 32.751931 ], [ -96.926134, 32.752442 ], [ -96.92609, 32.752823 ], [ -96.925852, 32.753695 ], [ -96.925751, 32.754022 ], [ -96.925651, 32.754219 ], [ -96.925634, 32.754354 ], [ -96.925667, 32.754516 ], [ -96.925726, 32.754655 ], [ -96.925826, 32.75486 ], [ -96.925927, 32.755049 ], [ -96.925969, 32.755232 ], [ -96.925969, 32.755367 ], [ -96.925935, 32.755522 ], [ -96.925918, 32.755831 ], [ -96.925533, 32.757359 ], [ -96.925433, 32.757693 ], [ -96.925266, 32.75848 ], [ -96.925255, 32.758648 ], [ -96.925233, 32.758723 ], [ -96.925225, 32.758749 ], [ -96.925146, 32.758943 ], [ -96.924911, 32.759399 ], [ -96.924629, 32.759844 ], [ -96.924299, 32.760263 ], [ -96.924263, 32.760317 ], [ -96.924131, 32.760615 ], [ -96.924065, 32.760812 ], [ -96.92402, 32.760999 ], [ -96.924017, 32.761065 ], [ -96.92402, 32.76113 ], [ -96.924054, 32.76119 ], [ -96.924106, 32.761229 ], [ -96.924263, 32.76133 ], [ -96.924621, 32.761743 ], [ -96.92472, 32.76225 ], [ -96.925057, 32.762413 ], [ -96.925348, 32.762376 ], [ -96.925672, 32.762219 ], [ -96.925913, 32.762154 ], [ -96.926254, 32.762279 ], [ -96.926691, 32.762464 ], [ -96.926888, 32.762727 ], [ -96.927036, 32.76299 ], [ -96.927168, 32.763109 ], [ -96.927404, 32.76341 ], [ -96.927525, 32.763793 ], [ -96.92769, 32.764052 ], [ -96.927724, 32.764073 ], [ -96.927785, 32.764134 ], [ -96.927905, 32.764246 ], [ -96.927927, 32.76431 ], [ -96.927972, 32.764433 ], [ -96.928001, 32.764508 ], [ -96.927992, 32.764591 ], [ -96.927968, 32.76467 ], [ -96.927976, 32.764734 ], [ -96.92794, 32.764824 ], [ -96.927775, 32.76498 ], [ -96.927739, 32.765041 ], [ -96.927729, 32.765058 ], [ -96.9275, 32.765365 ], [ -96.927414, 32.765496 ], [ -96.927327, 32.765634 ], [ -96.927185, 32.765849 ], [ -96.927091, 32.76602 ], [ -96.927058, 32.76612 ], [ -96.927032, 32.766178 ], [ -96.926975, 32.766509 ], [ -96.926976, 32.766634 ], [ -96.926976, 32.766728 ], [ -96.927031, 32.766824 ], [ -96.927036, 32.766843 ], [ -96.927045, 32.766862 ], [ -96.927058, 32.766879 ], [ -96.927072, 32.766893 ], [ -96.927093, 32.766907 ], [ -96.927114, 32.766917 ], [ -96.927134, 32.766923 ], [ -96.927182, 32.766942 ], [ -96.927295, 32.766987 ], [ -96.927378, 32.76702 ], [ -96.927395, 32.767035 ], [ -96.927453, 32.767104 ], [ -96.927501, 32.767184 ], [ -96.927505, 32.767237 ], [ -96.927496, 32.76731 ], [ -96.927457, 32.767353 ], [ -96.927405, 32.767403 ], [ -96.927342, 32.767446 ], [ -96.926738, 32.767721 ], [ -96.926675, 32.767761 ], [ -96.92657, 32.767842 ], [ -96.926455, 32.767939 ], [ -96.926373, 32.768036 ], [ -96.926181, 32.768358 ], [ -96.926143, 32.768459 ], [ -96.926119, 32.768665 ], [ -96.926081, 32.76887 ], [ -96.926076, 32.768971 ], [ -96.92609, 32.769112 ], [ -96.926114, 32.769218 ], [ -96.926469, 32.770029 ], [ -96.926532, 32.770227 ], [ -96.926647, 32.770775 ], [ -96.926695, 32.771074 ], [ -96.926704, 32.771206 ], [ -96.926642, 32.772086 ], [ -96.926599, 32.77228 ], [ -96.926464, 32.772728 ], [ -96.926412, 32.772877 ], [ -96.926397, 32.773014 ], [ -96.926407, 32.773099 ], [ -96.926431, 32.773187 ], [ -96.926455, 32.773361 ], [ -96.926426, 32.773486 ], [ -96.926325, 32.773716 ], [ -96.926273, 32.773946 ], [ -96.926249, 32.774257 ], [ -96.926119, 32.774518 ], [ -96.926085, 32.774717 ], [ -96.926052, 32.775007 ], [ -96.926052, 32.775225 ], [ -96.926085, 32.77543 ], [ -96.926287, 32.775879 ], [ -96.926335, 32.776055 ], [ -96.926354, 32.776204 ], [ -96.926297, 32.776496 ], [ -96.926196, 32.776676 ], [ -96.926148, 32.776781 ], [ -96.926129, 32.776874 ], [ -96.9261, 32.776947 ], [ -96.926081, 32.777181 ], [ -96.926095, 32.777524 ], [ -96.926138, 32.777724 ], [ -96.926167, 32.777802 ], [ -96.926325, 32.777935 ], [ -96.926368, 32.778024 ], [ -96.926387, 32.778122 ], [ -96.926397, 32.778173 ], [ -96.926392, 32.77846 ], [ -96.926407, 32.77854 ], [ -96.926416, 32.778694 ], [ -96.926305, 32.778879 ], [ -96.926267, 32.778972 ], [ -96.926206, 32.779581 ], [ -96.926235, 32.780053 ], [ -96.926206, 32.78036 ], [ -96.926168, 32.780594 ], [ -96.926182, 32.780853 ], [ -96.926206, 32.781098 ], [ -96.926235, 32.781281 ], [ -96.926241, 32.781405 ], [ -96.926077, 32.782076 ], [ -96.925358, 32.782532 ], [ -96.925101, 32.782682 ], [ -96.924398, 32.783048 ], [ -96.923153, 32.783676 ], [ -96.922278, 32.784159 ], [ -96.921759, 32.784427 ], [ -96.920749, 32.784838 ], [ -96.920258, 32.785044 ], [ -96.919646, 32.785386 ], [ -96.919372, 32.78553 ], [ -96.919146, 32.785639 ], [ -96.918902, 32.785719 ], [ -96.91859, 32.785745 ], [ -96.918292, 32.785687 ], [ -96.918187, 32.785657 ], [ -96.918009, 32.785595 ], [ -96.917906, 32.785545 ], [ -96.917783, 32.785463 ], [ -96.917597, 32.785316 ], [ -96.917416, 32.785198 ], [ -96.917176, 32.785068 ], [ -96.917013, 32.784985 ], [ -96.916753, 32.784829 ], [ -96.916103, 32.784489 ], [ -96.915818, 32.784363 ], [ -96.915655, 32.784311 ], [ -96.915381, 32.784255 ], [ -96.915157, 32.784241 ], [ -96.914894, 32.784255 ], [ -96.914625, 32.784292 ], [ -96.914389, 32.784331 ], [ -96.914239, 32.784357 ], [ -96.914032, 32.784433 ], [ -96.913925, 32.784495 ], [ -96.913757, 32.784616 ], [ -96.913475, 32.784805 ], [ -96.913139, 32.785055 ], [ -96.912842, 32.785319 ], [ -96.9125, 32.785705 ], [ -96.912116, 32.78645 ], [ -96.91173, 32.787058 ], [ -96.91146, 32.787519 ], [ -96.911172, 32.788113 ], [ -96.910976, 32.788663 ], [ -96.910741, 32.789431 ], [ -96.910654, 32.789654 ], [ -96.910604, 32.789893 ], [ -96.910553, 32.790655 ], [ -96.910525, 32.791075 ], [ -96.910525, 32.791389 ], [ -96.910487, 32.791787 ], [ -96.910464, 32.791947 ], [ -96.910391, 32.792268 ], [ -96.910145, 32.792842 ], [ -96.910066, 32.793007 ], [ -96.909876, 32.793342 ], [ -96.909691, 32.793672 ], [ -96.909316, 32.79419 ], [ -96.909277, 32.794261 ], [ -96.909064, 32.794524 ], [ -96.909002, 32.794618 ], [ -96.908935, 32.794694 ], [ -96.908828, 32.794835 ], [ -96.908766, 32.794925 ], [ -96.908531, 32.795349 ], [ -96.908391, 32.795698 ], [ -96.90829, 32.795932 ], [ -96.908251, 32.796013 ], [ -96.908105, 32.796352 ], [ -96.90806, 32.796433 ], [ -96.907814, 32.796649 ], [ -96.907571, 32.796903 ], [ -96.907442, 32.79703 ], [ -96.907353, 32.797111 ], [ -96.907156, 32.797262 ], [ -96.907028, 32.797342 ], [ -96.90691, 32.797393 ], [ -96.906487, 32.797553 ], [ -96.904861, 32.798071 ], [ -96.904542, 32.798143 ], [ -96.904122, 32.798195 ], [ -96.904032, 32.798198 ], [ -96.903556, 32.798198 ], [ -96.902219, 32.798133 ], [ -96.901222, 32.798034 ], [ -96.900872, 32.798025 ], [ -96.900558, 32.798053 ], [ -96.900132, 32.798105 ], [ -96.899501, 32.798119 ], [ -96.899376, 32.798133 ], [ -96.898522, 32.798192 ], [ -96.899324, 32.798602 ], [ -96.899697, 32.798842 ], [ -96.900006, 32.799092 ], [ -96.901537, 32.800668 ], [ -96.902416, 32.802267 ], [ -96.90322, 32.803559 ], [ -96.903705, 32.804281 ], [ -96.903597, 32.804344 ], [ -96.903304, 32.80461 ], [ -96.902016, 32.80576 ], [ -96.901852, 32.80591 ], [ -96.901661, 32.806084 ], [ -96.901349, 32.806369 ], [ -96.90127, 32.806442 ], [ -96.901172, 32.806531 ], [ -96.90107, 32.806626 ], [ -96.900965, 32.80673 ], [ -96.900875, 32.806819 ], [ -96.90091, 32.806834 ], [ -96.901017, 32.806881 ], [ -96.901122, 32.806929 ], [ -96.901225, 32.80698 ], [ -96.901328, 32.807032 ], [ -96.901443, 32.807098 ], [ -96.90148, 32.807133 ], [ -96.901546, 32.807194 ], [ -96.901589, 32.807226 ], [ -96.901688, 32.807288 ], [ -96.901827, 32.807375 ], [ -96.902186, 32.807636 ], [ -96.902209, 32.807665 ], [ -96.902635, 32.807289 ], [ -96.904565, 32.805594 ], [ -96.90491, 32.806041 ], [ -96.905266, 32.806579 ], [ -96.905555, 32.807088 ], [ -96.905721, 32.807403 ], [ -96.905876, 32.807806 ], [ -96.905936, 32.808027 ], [ -96.906077, 32.808742 ], [ -96.906112, 32.80892 ], [ -96.906129, 32.809044 ], [ -96.906141, 32.80913 ], [ -96.906142, 32.80918 ], [ -96.906149, 32.809393 ], [ -96.906158, 32.809647 ], [ -96.906113, 32.81384 ], [ -96.906129, 32.814286 ], [ -96.90601, 32.815091 ], [ -96.905907, 32.815694 ], [ -96.905804, 32.815925 ], [ -96.905753, 32.816011 ], [ -96.905697, 32.816194 ], [ -96.905433, 32.816603 ], [ -96.905251, 32.816874 ], [ -96.905165, 32.816983 ], [ -96.904643, 32.817574 ], [ -96.904278, 32.817912 ], [ -96.903377, 32.818797 ], [ -96.903142, 32.819026 ], [ -96.901379, 32.820757 ], [ -96.900373, 32.82168 ], [ -96.899918, 32.822082 ], [ -96.899114, 32.823014 ], [ -96.897616, 32.824404 ], [ -96.896964, 32.825104 ], [ -96.895569, 32.825066 ], [ -96.895582, 32.825611 ], [ -96.895311, 32.825798 ], [ -96.894574, 32.82639 ], [ -96.893652, 32.827261 ], [ -96.892966, 32.82779 ], [ -96.892305, 32.82836 ], [ -96.892205, 32.828453 ], [ -96.892142, 32.828525 ], [ -96.89208, 32.828609 ], [ -96.891812, 32.829084 ], [ -96.891731, 32.829185 ], [ -96.891458, 32.829482 ], [ -96.890916, 32.830081 ], [ -96.890732, 32.830314 ], [ -96.891334, 32.830705 ], [ -96.891334, 32.830721 ], [ -96.891256, 32.830931 ], [ -96.891114, 32.831102 ], [ -96.89095, 32.831507 ], [ -96.890817, 32.831436 ], [ -96.890796, 32.831592 ], [ -96.890485, 32.83248 ], [ -96.890511, 32.83259 ], [ -96.890323, 32.833053 ], [ -96.890324, 32.833465 ], [ -96.89003, 32.834533 ], [ -96.890071, 32.834899 ], [ -96.890485, 32.835595 ], [ -96.890609, 32.836134 ], [ -96.890589, 32.836691 ], [ -96.890444, 32.837143 ], [ -96.890319, 32.837457 ], [ -96.890278, 32.837892 ], [ -96.890257, 32.839058 ], [ -96.890338, 32.839064 ], [ -96.890341, 32.840252 ], [ -96.890393, 32.84065 ], [ -96.890802, 32.840643 ], [ -96.891292, 32.840637 ], [ -96.891276, 32.838071 ], [ -96.891268, 32.837992 ], [ -96.891205, 32.838279 ], [ -96.891228, 32.837424 ], [ -96.891871, 32.837411 ], [ -96.891935, 32.837504 ], [ -96.891919, 32.837708 ], [ -96.891823, 32.837721 ], [ -96.891806, 32.838099 ], [ -96.891839, 32.838098 ], [ -96.891875, 32.838605 ], [ -96.891806, 32.838801 ], [ -96.891823, 32.839368 ], [ -96.891871, 32.840487 ], [ -96.891855, 32.841338 ], [ -96.891769, 32.841339 ], [ -96.890858, 32.841339 ], [ -96.890344, 32.841339 ], [ -96.890345, 32.841628 ], [ -96.890409, 32.842122 ], [ -96.890423, 32.842703 ], [ -96.890347, 32.842728 ], [ -96.890338, 32.843828 ], [ -96.8903, 32.843857 ], [ -96.89023, 32.843901 ], [ -96.890195, 32.843943 ], [ -96.890189, 32.843983 ], [ -96.890195, 32.844023 ], [ -96.890243, 32.844096 ], [ -96.890284, 32.84414 ], [ -96.890357, 32.844222 ], [ -96.890384, 32.844348 ], [ -96.890433, 32.844604 ], [ -96.890433, 32.84505 ], [ -96.890401, 32.845333 ], [ -96.890256, 32.845657 ], [ -96.890079, 32.845873 ], [ -96.889854, 32.846264 ], [ -96.889645, 32.846723 ], [ -96.889453, 32.847209 ], [ -96.889453, 32.847479 ], [ -96.889597, 32.847587 ], [ -96.889726, 32.847533 ], [ -96.890031, 32.847263 ], [ -96.890449, 32.846939 ], [ -96.891027, 32.846683 ], [ -96.891614, 32.846634 ], [ -96.892216, 32.846723 ], [ -96.89273, 32.846872 ], [ -96.893147, 32.847141 ], [ -96.893665, 32.847463 ], [ -96.893546, 32.847551 ], [ -96.893201, 32.847803 ], [ -96.893312, 32.847925 ], [ -96.893588, 32.848144 ], [ -96.893698, 32.848256 ], [ -96.893782, 32.848407 ], [ -96.893812, 32.848491 ], [ -96.893855, 32.848657 ], [ -96.893874, 32.848903 ], [ -96.893859, 32.849072 ], [ -96.893696, 32.84955 ], [ -96.893663, 32.849738 ], [ -96.893665, 32.849794 ], [ -96.893677, 32.849843 ], [ -96.893723, 32.84996 ], [ -96.893829, 32.850138 ], [ -96.893908, 32.850248 ], [ -96.894027, 32.850386 ], [ -96.894373, 32.850699 ], [ -96.894479, 32.850766 ], [ -96.894578, 32.850805 ], [ -96.89475, 32.850848 ], [ -96.894952, 32.850887 ], [ -96.895218, 32.85093 ], [ -96.895293, 32.850935 ], [ -96.895362, 32.85092 ], [ -96.895936, 32.850679 ], [ -96.896205, 32.850589 ], [ -96.896567, 32.85049 ], [ -96.897423, 32.850358 ], [ -96.897666, 32.850353 ], [ -96.898053, 32.850386 ], [ -96.898153, 32.850402 ], [ -96.898247, 32.850428 ], [ -96.898353, 32.850476 ], [ -96.898422, 32.85049 ], [ -96.898553, 32.850549 ], [ -96.898628, 32.850606 ], [ -96.898746, 32.850716 ], [ -96.898821, 32.850862 ], [ -96.89884, 32.850915 ], [ -96.898834, 32.850962 ], [ -96.898815, 32.85102 ], [ -96.89879, 32.851073 ], [ -96.89869, 32.851204 ], [ -96.897922, 32.851937 ], [ -96.897885, 32.85201 ], [ -96.897878, 32.852064 ], [ -96.897941, 32.852463 ], [ -96.897997, 32.852629 ], [ -96.898047, 32.852735 ], [ -96.898153, 32.852908 ], [ -96.898234, 32.852998 ], [ -96.898391, 32.853144 ], [ -96.89859, 32.853318 ], [ -96.89889, 32.853501 ], [ -96.899102, 32.853589 ], [ -96.899371, 32.853658 ], [ -96.899483, 32.853668 ], [ -96.89959, 32.853668 ], [ -96.899664, 32.853673 ], [ -96.899852, 32.853664 ], [ -96.900058, 32.853622 ], [ -96.900214, 32.853558 ], [ -96.90032, 32.853491 ], [ -96.900383, 32.853417 ], [ -96.900464, 32.853312 ], [ -96.90052, 32.853212 ], [ -96.90072, 32.852804 ], [ -96.900938, 32.85251 ], [ -96.901094, 32.852352 ], [ -96.901182, 32.852305 ], [ -96.901282, 32.852263 ], [ -96.90155, 32.85221 ], [ -96.901644, 32.8522 ], [ -96.901894, 32.852185 ], [ -96.902662, 32.852404 ], [ -96.902762, 32.852446 ], [ -96.90298, 32.852552 ], [ -96.903099, 32.85262 ], [ -96.903305, 32.852783 ], [ -96.903374, 32.852829 ], [ -96.903486, 32.852966 ], [ -96.903555, 32.853081 ], [ -96.903561, 32.85315 ], [ -96.903492, 32.853752 ], [ -96.903492, 32.853825 ], [ -96.903511, 32.853895 ], [ -96.903536, 32.853957 ], [ -96.903599, 32.854041 ], [ -96.903642, 32.854089 ], [ -96.903711, 32.854141 ], [ -96.903805, 32.854177 ], [ -96.903867, 32.854193 ], [ -96.903955, 32.854193 ], [ -96.904048, 32.854188 ], [ -96.904148, 32.854166 ], [ -96.904292, 32.854131 ], [ -96.90456, 32.854041 ], [ -96.905034, 32.853921 ], [ -96.905402, 32.853873 ], [ -96.905477, 32.853868 ], [ -96.90556, 32.853869 ], [ -96.905633, 32.853856 ], [ -96.905769, 32.853865 ], [ -96.905985, 32.853929 ], [ -96.906172, 32.853995 ], [ -96.906432, 32.854099 ], [ -96.906536, 32.854139 ], [ -96.906595, 32.854176 ], [ -96.906675, 32.854234 ], [ -96.906789, 32.854325 ], [ -96.906902, 32.854438 ], [ -96.907004, 32.854577 ], [ -96.907128, 32.854827 ], [ -96.907192, 32.854985 ], [ -96.907289, 32.855361 ], [ -96.907332, 32.855492 ], [ -96.907429, 32.855623 ], [ -96.907558, 32.855735 ], [ -96.907645, 32.855798 ], [ -96.90772, 32.855843 ], [ -96.907892, 32.855933 ], [ -96.908145, 32.856056 ], [ -96.908248, 32.856083 ], [ -96.908355, 32.856091 ], [ -96.908479, 32.856088 ], [ -96.908522, 32.856079 ], [ -96.908581, 32.856074 ], [ -96.908737, 32.856046 ], [ -96.90885, 32.85602 ], [ -96.909023, 32.855966 ], [ -96.909195, 32.855893 ], [ -96.90933, 32.855829 ], [ -96.90989, 32.855541 ], [ -96.910223, 32.855392 ], [ -96.910369, 32.855333 ], [ -96.910525, 32.855288 ], [ -96.910659, 32.855269 ], [ -96.910789, 32.855261 ], [ -96.910961, 32.855288 ], [ -96.911219, 32.855373 ], [ -96.911413, 32.85546 ], [ -96.911575, 32.855555 ], [ -96.911677, 32.855654 ], [ -96.911774, 32.855762 ], [ -96.911828, 32.855862 ], [ -96.911946, 32.856115 ], [ -96.911984, 32.856219 ], [ -96.912129, 32.856838 ], [ -96.912253, 32.857467 ], [ -96.912301, 32.857639 ], [ -96.912366, 32.857765 ], [ -96.912468, 32.857906 ], [ -96.912544, 32.857992 ], [ -96.91263, 32.858055 ], [ -96.912721, 32.858096 ], [ -96.912845, 32.858141 ], [ -96.912915, 32.858154 ], [ -96.913012, 32.858168 ], [ -96.913109, 32.858168 ], [ -96.9132, 32.858159 ], [ -96.913303, 32.858141 ], [ -96.913507, 32.858072 ], [ -96.913636, 32.858005 ], [ -96.913717, 32.857942 ], [ -96.913787, 32.857838 ], [ -96.91383, 32.857751 ], [ -96.913863, 32.857643 ], [ -96.9139, 32.857449 ], [ -96.913949, 32.857059 ], [ -96.913965, 32.856842 ], [ -96.913992, 32.856612 ], [ -96.914003, 32.856549 ], [ -96.914035, 32.856477 ], [ -96.914062, 32.85644 ], [ -96.914099, 32.856403 ], [ -96.914213, 32.856323 ], [ -96.914676, 32.856088 ], [ -96.914751, 32.856056 ], [ -96.914902, 32.856006 ], [ -96.915036, 32.855978 ], [ -96.915187, 32.855966 ], [ -96.915295, 32.855952 ], [ -96.915488, 32.855952 ], [ -96.915876, 32.855997 ], [ -96.916124, 32.856042 ], [ -96.916242, 32.856051 ], [ -96.91635, 32.85607 ], [ -96.916447, 32.856091 ], [ -96.916538, 32.856128 ], [ -96.91663, 32.856192 ], [ -96.916743, 32.856318 ], [ -96.916802, 32.856413 ], [ -96.916834, 32.856477 ], [ -96.916856, 32.85654 ], [ -96.916872, 32.856612 ], [ -96.916877, 32.856703 ], [ -96.916786, 32.85758 ], [ -96.916754, 32.857784 ], [ -96.916727, 32.85801 ], [ -96.916727, 32.858096 ], [ -96.916748, 32.858195 ], [ -96.916802, 32.858322 ], [ -96.916845, 32.858403 ], [ -96.916915, 32.858466 ], [ -96.916953, 32.858494 ], [ -96.917039, 32.858525 ], [ -96.917109, 32.858542 ], [ -96.917147, 32.858556 ], [ -96.917227, 32.858566 ], [ -96.91734, 32.858562 ], [ -96.917448, 32.85853 ], [ -96.917517, 32.858494 ], [ -96.917587, 32.858444 ], [ -96.918088, 32.857906 ], [ -96.918255, 32.857757 ], [ -96.918416, 32.857643 ], [ -96.918588, 32.857562 ], [ -96.918766, 32.857503 ], [ -96.918971, 32.857463 ], [ -96.919342, 32.857413 ], [ -96.919471, 32.857416 ], [ -96.919584, 32.857431 ], [ -96.920214, 32.857526 ], [ -96.921399, 32.857747 ], [ -96.921693, 32.857818 ], [ -96.923175, 32.858172 ], [ -96.923674, 32.858243 ], [ -96.923828, 32.858268 ], [ -96.924298, 32.858379 ], [ -96.924794, 32.858539 ], [ -96.924972, 32.858612 ], [ -96.925049, 32.858655 ], [ -96.925145, 32.858716 ], [ -96.925202, 32.858769 ], [ -96.925232, 32.85882 ], [ -96.925257, 32.858887 ], [ -96.925282, 32.858991 ], [ -96.925295, 32.859147 ], [ -96.925277, 32.85928 ], [ -96.925222, 32.859423 ], [ -96.92509, 32.859569 ], [ -96.925006, 32.859645 ], [ -96.92487, 32.859741 ], [ -96.924748, 32.859817 ], [ -96.924541, 32.859921 ], [ -96.924373, 32.859992 ], [ -96.922435, 32.860714 ], [ -96.92239, 32.86074 ], [ -96.922345, 32.860778 ], [ -96.922299, 32.860836 ], [ -96.922235, 32.860951 ], [ -96.92219, 32.861071 ], [ -96.922142, 32.861219 ], [ -96.922117, 32.861367 ], [ -96.922122, 32.861596 ], [ -96.922158, 32.861738 ], [ -96.922203, 32.861869 ], [ -96.922261, 32.861993 ], [ -96.922332, 32.862085 ], [ -96.922423, 32.862167 ], [ -96.922584, 32.862282 ], [ -96.922791, 32.862416 ], [ -96.922991, 32.862524 ], [ -96.923185, 32.862606 ], [ -96.923392, 32.862661 ], [ -96.924563, 32.862761 ], [ -96.924659, 32.862783 ], [ -96.924755, 32.862813 ], [ -96.924886, 32.862876 ], [ -96.925012, 32.862963 ], [ -96.925103, 32.863056 ], [ -96.925264, 32.863273 ], [ -96.92529, 32.863338 ], [ -96.925297, 32.863387 ], [ -96.925264, 32.863549 ], [ -96.925219, 32.86368 ], [ -96.925058, 32.863967 ], [ -96.924296, 32.865068 ], [ -96.924231, 32.86517 ], [ -96.92416, 32.865329 ], [ -96.924128, 32.865425 ], [ -96.924123, 32.865484 ], [ -96.924147, 32.865584 ], [ -96.924192, 32.865681 ], [ -96.924244, 32.865736 ], [ -96.92429, 32.865772 ], [ -96.924367, 32.865806 ], [ -96.924477, 32.865831 ], [ -96.924608, 32.86584 ], [ -96.924722, 32.865828 ], [ -96.924825, 32.865802 ], [ -96.924974, 32.865746 ], [ -96.925174, 32.865654 ], [ -96.925387, 32.865572 ], [ -96.925555, 32.865502 ], [ -96.925852, 32.865405 ], [ -96.926014, 32.865361 ], [ -96.926104, 32.865344 ], [ -96.926201, 32.865333 ], [ -96.926291, 32.86535 ], [ -96.926382, 32.865383 ], [ -96.926459, 32.86542 ], [ -96.926537, 32.865481 ], [ -96.926685, 32.865633 ], [ -96.926805, 32.865769 ], [ -96.926834, 32.865814 ], [ -96.926863, 32.865873 ], [ -96.926896, 32.865958 ], [ -96.926958, 32.866166 ], [ -96.92702, 32.866448 ], [ -96.92703, 32.866552 ], [ -96.92702, 32.866656 ], [ -96.926992, 32.866839 ], [ -96.926934, 32.866957 ], [ -96.926863, 32.867074 ], [ -96.926661, 32.867261 ], [ -96.926269, 32.867511 ], [ -96.925926, 32.867713 ], [ -96.925627, 32.867865 ], [ -96.925282, 32.868026 ], [ -96.924975, 32.868151 ], [ -96.925021, 32.87075 ], [ -96.925019, 32.870913 ], [ -96.925265, 32.870844 ], [ -96.925336, 32.870818 ], [ -96.925422, 32.870768 ], [ -96.925568, 32.870666 ], [ -96.925797, 32.870479 ], [ -96.926025, 32.87026 ], [ -96.926567, 32.869667 ], [ -96.926581, 32.869652 ], [ -96.926729, 32.869511 ], [ -96.926882, 32.869403 ], [ -96.926978, 32.869351 ], [ -96.927068, 32.869315 ], [ -96.927169, 32.86929 ], [ -96.927298, 32.869279 ], [ -96.927413, 32.869275 ], [ -96.927532, 32.869283 ], [ -96.928006, 32.869335 ], [ -96.928324, 32.869407 ], [ -96.928818, 32.869563 ], [ -96.92897, 32.869618 ], [ -96.929327, 32.869781 ], [ -96.929539, 32.869884 ], [ -96.929763, 32.870016 ], [ -96.930151, 32.870202 ], [ -96.930414, 32.870306 ], [ -96.930528, 32.870345 ], [ -96.930748, 32.870446 ], [ -96.931044, 32.870601 ], [ -96.931125, 32.870663 ], [ -96.931239, 32.870776 ], [ -96.931332, 32.870897 ], [ -96.931425, 32.871049 ], [ -96.93151, 32.871214 ], [ -96.931549, 32.871301 ], [ -96.931589, 32.871431 ], [ -96.931625, 32.871588 ], [ -96.93164, 32.871736 ], [ -96.93165, 32.87194 ], [ -96.931645, 32.872031 ], [ -96.931616, 32.872168 ], [ -96.931525, 32.872546 ], [ -96.93143, 32.872875 ], [ -96.931349, 32.873123 ], [ -96.931272, 32.8733 ], [ -96.931086, 32.873255 ], [ -96.930824, 32.873664 ], [ -96.930582, 32.874046 ], [ -96.93079, 32.874111 ], [ -96.93085, 32.87413 ], [ -96.930829, 32.874204 ], [ -96.930762, 32.874247 ], [ -96.930737, 32.874266 ], [ -96.930699, 32.87432 ], [ -96.930657, 32.874386 ], [ -96.930605, 32.874434 ], [ -96.930564, 32.87449 ], [ -96.930526, 32.874516 ], [ -96.930481, 32.874572 ], [ -96.930443, 32.874618 ], [ -96.930332, 32.87474 ], [ -96.930234, 32.87491 ], [ -96.930185, 32.874975 ], [ -96.93014, 32.875049 ], [ -96.930105, 32.87509 ], [ -96.930065, 32.875165 ], [ -96.930038, 32.87522 ], [ -96.93002, 32.875285 ], [ -96.929982, 32.875357 ], [ -96.929974, 32.875369 ], [ -96.9299, 32.875493 ], [ -96.92989, 32.875544 ], [ -96.929851, 32.875627 ], [ -96.929809, 32.875701 ], [ -96.929767, 32.875815 ], [ -96.929752, 32.875863 ], [ -96.929672, 32.876071 ], [ -96.929658, 32.876134 ], [ -96.929613, 32.876257 ], [ -96.929619, 32.876331 ], [ -96.929592, 32.876382 ], [ -96.929569, 32.876428 ], [ -96.929549, 32.876582 ], [ -96.929555, 32.876625 ], [ -96.929538, 32.876662 ], [ -96.929495, 32.877025 ], [ -96.929475, 32.877163 ], [ -96.929474, 32.877211 ], [ -96.929433, 32.877242 ], [ -96.929478, 32.877366 ], [ -96.929463, 32.877793 ], [ -96.929486, 32.877839 ], [ -96.929472, 32.877904 ], [ -96.929447, 32.877941 ], [ -96.929485, 32.878005 ], [ -96.929498, 32.878343 ], [ -96.929527, 32.878607 ], [ -96.929553, 32.878659 ], [ -96.929552, 32.878739 ], [ -96.929627, 32.878911 ], [ -96.929692, 32.879096 ], [ -96.92965, 32.879147 ], [ -96.929561, 32.879183 ], [ -96.929557, 32.879223 ], [ -96.929597, 32.879252 ], [ -96.929666, 32.879362 ], [ -96.929691, 32.879511 ], [ -96.929699, 32.879658 ], [ -96.92972, 32.879775 ], [ -96.929715, 32.879892 ], [ -96.92972, 32.879981 ], [ -96.929715, 32.880058 ], [ -96.929765, 32.880125 ], [ -96.929771, 32.880176 ], [ -96.929726, 32.880239 ], [ -96.929697, 32.880304 ], [ -96.92968, 32.880411 ], [ -96.929655, 32.880544 ], [ -96.929651, 32.880598 ], [ -96.929633, 32.880655 ], [ -96.929578, 32.880783 ], [ -96.929565, 32.880846 ], [ -96.929538, 32.880875 ], [ -96.929495, 32.880977 ], [ -96.92942, 32.881031 ], [ -96.929429, 32.881054 ], [ -96.929372, 32.881175 ], [ -96.929257, 32.881255 ], [ -96.929239, 32.881268 ], [ -96.928829, 32.881245 ], [ -96.928649, 32.881275 ], [ -96.928559, 32.881313 ], [ -96.928451, 32.881389 ], [ -96.928271, 32.881562 ], [ -96.928073, 32.881804 ], [ -96.927996, 32.881921 ], [ -96.927871, 32.882187 ], [ -96.927804, 32.88237 ], [ -96.927788, 32.882465 ], [ -96.927777, 32.882596 ], [ -96.927822, 32.882845 ], [ -96.927866, 32.88297 ], [ -96.927921, 32.883063 ], [ -96.928029, 32.8832 ], [ -96.928164, 32.883328 ], [ -96.928286, 32.883415 ], [ -96.928364, 32.883454 ], [ -96.928442, 32.883479 ], [ -96.928504, 32.883505 ], [ -96.928612, 32.88353 ], [ -96.928748, 32.883547 ], [ -96.928836, 32.883549 ], [ -96.928898, 32.883541 ], [ -96.929026, 32.88351 ], [ -96.929551, 32.883341 ], [ -96.929675, 32.883297 ], [ -96.929846, 32.883249 ], [ -96.930007, 32.883218 ], [ -96.930034, 32.883214 ], [ -96.930178, 32.883197 ], [ -96.930499, 32.883201 ], [ -96.930833, 32.883229 ], [ -96.930883, 32.88324 ], [ -96.930955, 32.883235 ], [ -96.93104, 32.883208 ], [ -96.931281, 32.883071 ], [ -96.931443, 32.883144 ], [ -96.93173, 32.883303 ], [ -96.931869, 32.883519 ], [ -96.932048, 32.883829 ], [ -96.932176, 32.884044 ], [ -96.932263, 32.884153 ], [ -96.932242, 32.884188 ], [ -96.932261, 32.884242 ], [ -96.932267, 32.884308 ], [ -96.93227, 32.884337 ], [ -96.932273, 32.884363 ], [ -96.932275, 32.884397 ], [ -96.932308, 32.884452 ], [ -96.932299, 32.884504 ], [ -96.932283, 32.884546 ], [ -96.932272, 32.884572 ], [ -96.932272, 32.884612 ], [ -96.932274, 32.884658 ], [ -96.932291, 32.884689 ], [ -96.93228, 32.884715 ], [ -96.932242, 32.884769 ], [ -96.932244, 32.884815 ], [ -96.932237, 32.884858 ], [ -96.932228, 32.884954 ], [ -96.932224, 32.885009 ], [ -96.932198, 32.885089 ], [ -96.93215, 32.885151 ], [ -96.932133, 32.885168 ], [ -96.932125, 32.885203 ], [ -96.932056, 32.885305 ], [ -96.932027, 32.885365 ], [ -96.931951, 32.885464 ], [ -96.931927, 32.885498 ], [ -96.931888, 32.885592 ], [ -96.931853, 32.885657 ], [ -96.931828, 32.885694 ], [ -96.931783, 32.885731 ], [ -96.931693, 32.885844 ], [ -96.931611, 32.885906 ], [ -96.931562, 32.885966 ], [ -96.931504, 32.886005 ], [ -96.931438, 32.886056 ], [ -96.931346, 32.886109 ], [ -96.931294, 32.886149 ], [ -96.931194, 32.886222 ], [ -96.931122, 32.886258 ], [ -96.931054, 32.88631 ], [ -96.930999, 32.886354 ], [ -96.930947, 32.886379 ], [ -96.930834, 32.886473 ], [ -96.930775, 32.886523 ], [ -96.930668, 32.886605 ], [ -96.930627, 32.886656 ], [ -96.930599, 32.886693 ], [ -96.930557, 32.886741 ], [ -96.930502, 32.886774 ], [ -96.930381, 32.886893 ], [ -96.930312, 32.886984 ], [ -96.93027, 32.887058 ], [ -96.930245, 32.887115 ], [ -96.930138, 32.887273 ], [ -96.930121, 32.887355 ], [ -96.93011, 32.887451 ], [ -96.930107, 32.88766 ], [ -96.93019, 32.887936 ], [ -96.93037, 32.888236 ], [ -96.930501, 32.888407 ], [ -96.930599, 32.888623 ], [ -96.930624, 32.888712 ], [ -96.930636, 32.888818 ], [ -96.930672, 32.888876 ], [ -96.930725, 32.888959 ], [ -96.930764, 32.889024 ], [ -96.930805, 32.889063 ], [ -96.930892, 32.889218 ], [ -96.930913, 32.889272 ], [ -96.930939, 32.889353 ], [ -96.930984, 32.889455 ], [ -96.93103, 32.889542 ], [ -96.931082, 32.889685 ], [ -96.931115, 32.889769 ], [ -96.931123, 32.889858 ], [ -96.93113, 32.889954 ], [ -96.931156, 32.890087 ], [ -96.93118, 32.890128 ], [ -96.931148, 32.890173 ], [ -96.931164, 32.890248 ], [ -96.931143, 32.890287 ], [ -96.931121, 32.89038 ], [ -96.931099, 32.890479 ], [ -96.931064, 32.890538 ], [ -96.931032, 32.890587 ], [ -96.931011, 32.890658 ], [ -96.930975, 32.890726 ], [ -96.930924, 32.890766 ], [ -96.930889, 32.890794 ], [ -96.930821, 32.890796 ], [ -96.930743, 32.890847 ], [ -96.930649, 32.890928 ], [ -96.930526, 32.891007 ], [ -96.930417, 32.891029 ], [ -96.930342, 32.891053 ], [ -96.930233, 32.891075 ], [ -96.930137, 32.891091 ], [ -96.930052, 32.891113 ], [ -96.929943, 32.891126 ], [ -96.929831, 32.891153 ], [ -96.929715, 32.891171 ], [ -96.92962, 32.891162 ], [ -96.929502, 32.891149 ], [ -96.929413, 32.891148 ], [ -96.929352, 32.891144 ], [ -96.929294, 32.891152 ], [ -96.929267, 32.891157 ], [ -96.929237, 32.891148 ], [ -96.929183, 32.891148 ], [ -96.929125, 32.891133 ], [ -96.929041, 32.891126 ], [ -96.928911, 32.891138 ], [ -96.928738, 32.891139 ], [ -96.92862, 32.891126 ], [ -96.928548, 32.891125 ], [ -96.928344, 32.891143 ], [ -96.928273, 32.891156 ], [ -96.928215, 32.891173 ], [ -96.928141, 32.891202 ], [ -96.928017, 32.891222 ], [ -96.927901, 32.891286 ], [ -96.927856, 32.891311 ], [ -96.927821, 32.891359 ], [ -96.927784, 32.891379 ], [ -96.927736, 32.891398 ], [ -96.927599, 32.891477 ], [ -96.927557, 32.891542 ], [ -96.927453, 32.891673 ], [ -96.927408, 32.891692 ], [ -96.927325, 32.891783 ], [ -96.927248, 32.891916 ], [ -96.927229, 32.892034 ], [ -96.927163, 32.892316 ], [ -96.92717, 32.892482 ], [ -96.927186, 32.89276 ], [ -96.92717, 32.892898 ], [ -96.927167, 32.893044 ], [ -96.927205, 32.893193 ], [ -96.927313, 32.893418 ], [ -96.927449, 32.893611 ], [ -96.927661, 32.893869 ], [ -96.927712, 32.893945 ], [ -96.927856, 32.894183 ], [ -96.927896, 32.894224 ], [ -96.928051, 32.894309 ], [ -96.92815, 32.894425 ], [ -96.928211, 32.89446 ], [ -96.92828, 32.894564 ], [ -96.928273, 32.894624 ], [ -96.928278, 32.894716 ], [ -96.928337, 32.894808 ], [ -96.928367, 32.894804 ], [ -96.928391, 32.894822 ], [ -96.928404, 32.894908 ], [ -96.92852, 32.895036 ], [ -96.928522, 32.89506 ], [ -96.928547, 32.895106 ], [ -96.928504, 32.89518 ], [ -96.92851, 32.895223 ], [ -96.928497, 32.895268 ], [ -96.928518, 32.895352 ], [ -96.928542, 32.895397 ], [ -96.928533, 32.895433 ], [ -96.928532, 32.89559 ], [ -96.928531, 32.895693 ], [ -96.928531, 32.895773 ], [ -96.928513, 32.895973 ], [ -96.928452, 32.896043 ], [ -96.928373, 32.89604 ], [ -96.928276, 32.896044 ], [ -96.928198, 32.896082 ], [ -96.92815, 32.896175 ], [ -96.928059, 32.896479 ], [ -96.927935, 32.89678 ], [ -96.927833, 32.89696 ], [ -96.927718, 32.897123 ], [ -96.927537, 32.897286 ], [ -96.927302, 32.897382 ], [ -96.92702, 32.897441 ], [ -96.926692, 32.897472 ], [ -96.926304, 32.897472 ], [ -96.924182, 32.897345 ], [ -96.923757, 32.897348 ], [ -96.923498, 32.897374 ], [ -96.923124, 32.897443 ], [ -96.922426, 32.897666 ], [ -96.922157, 32.897761 ], [ -96.922009, 32.897847 ], [ -96.921852, 32.897998 ], [ -96.921695, 32.898165 ], [ -96.921219, 32.898781 ], [ -96.921658, 32.8977 ], [ -96.922958, 32.897185 ], [ -96.92693, 32.896721 ], [ -96.927288, 32.895668 ], [ -96.924963, 32.895626 ], [ -96.92486, 32.895587 ], [ -96.919993, 32.895638 ], [ -96.918833, 32.895629 ], [ -96.918753, 32.895636 ], [ -96.918517, 32.895634 ], [ -96.917633, 32.895643 ], [ -96.916667, 32.895663 ], [ -96.914656, 32.895649 ], [ -96.914402, 32.895657 ], [ -96.912789, 32.895708 ], [ -96.911649, 32.895693 ], [ -96.911491, 32.895688 ], [ -96.911033, 32.895819 ], [ -96.910874, 32.89586 ], [ -96.910726, 32.89602 ], [ -96.910656, 32.896254 ], [ -96.910022, 32.899737 ], [ -96.910693, 32.899741 ], [ -96.909867, 32.903971 ], [ -96.909467, 32.905672 ], [ -96.909259, 32.90661 ], [ -96.909096, 32.907441 ], [ -96.909018, 32.907916 ], [ -96.908885, 32.908552 ], [ -96.908558, 32.910173 ], [ -96.908243, 32.911788 ], [ -96.907991, 32.911781 ], [ -96.907927, 32.911779 ], [ -96.90488, 32.911723 ], [ -96.904674, 32.911719 ], [ -96.904726, 32.911851 ], [ -96.904755, 32.911937 ], [ -96.904766, 32.911971 ], [ -96.904802, 32.912091 ], [ -96.904833, 32.912213 ], [ -96.904841, 32.912256 ], [ -96.904877, 32.912458 ], [ -96.904988, 32.913265 ], [ -96.904964, 32.913268 ], [ -96.904824, 32.913281 ], [ -96.904309, 32.91336 ], [ -96.903049, 32.913658 ], [ -96.902679, 32.913737 ], [ -96.902267, 32.913801 ], [ -96.901919, 32.913843 ], [ -96.901748, 32.913861 ], [ -96.90154, 32.913877 ], [ -96.90087, 32.913882 ], [ -96.900628, 32.91389 ], [ -96.900067, 32.913906 ], [ -96.900064, 32.913828 ], [ -96.899946, 32.91383 ], [ -96.899441, 32.913842 ], [ -96.89887, 32.913854 ], [ -96.898602, 32.913865 ], [ -96.898605, 32.913902 ], [ -96.8986, 32.914107 ], [ -96.898597, 32.914198 ], [ -96.898593, 32.914397 ], [ -96.89807, 32.914393 ], [ -96.897857, 32.914391 ], [ -96.897803, 32.914391 ], [ -96.89701, 32.914385 ], [ -96.89649, 32.914381 ], [ -96.894274, 32.914365 ], [ -96.894386, 32.914606 ], [ -96.894384, 32.914633 ], [ -96.894523, 32.914972 ], [ -96.89463, 32.915319 ], [ -96.894471, 32.915317 ], [ -96.894378, 32.915316 ], [ -96.894223, 32.915344 ], [ -96.894059, 32.915376 ], [ -96.894041, 32.915309 ], [ -96.893007, 32.915405 ], [ -96.892169, 32.915484 ], [ -96.892083, 32.915492 ], [ -96.89153, 32.915541 ], [ -96.891398, 32.915553 ], [ -96.891402, 32.914648 ], [ -96.891409, 32.913823 ], [ -96.891422, 32.912565 ], [ -96.891424, 32.912325 ], [ -96.891434, 32.911306 ], [ -96.891468, 32.910021 ], [ -96.891468, 32.909666 ], [ -96.891566, 32.909565 ], [ -96.891392, 32.909446 ], [ -96.890856, 32.909095 ], [ -96.887552, 32.909891 ], [ -96.886927, 32.910023 ], [ -96.886128, 32.910192 ], [ -96.88308, 32.910863 ], [ -96.881765, 32.911158 ], [ -96.881662, 32.911175 ], [ -96.881551, 32.9112 ], [ -96.87998, 32.911566 ], [ -96.878177, 32.912008 ], [ -96.877694, 32.912115 ], [ -96.8733, 32.913074 ], [ -96.873232, 32.913083 ], [ -96.87316, 32.913097 ], [ -96.870968, 32.913657 ], [ -96.870593, 32.913807 ], [ -96.868652, 32.914458 ], [ -96.868291, 32.914624 ], [ -96.867356, 32.914889 ], [ -96.866442, 32.915121 ], [ -96.865352, 32.915365 ], [ -96.864776, 32.915497 ], [ -96.864108, 32.915703 ], [ -96.863652, 32.915843 ], [ -96.861966, 32.91635 ], [ -96.861671, 32.916386 ], [ -96.860346, 32.916646 ], [ -96.859694, 32.916806 ], [ -96.859312, 32.916894 ], [ -96.859084, 32.916941 ], [ -96.858975, 32.91695 ], [ -96.858708, 32.917042 ], [ -96.857328, 32.917583 ], [ -96.856049, 32.918138 ], [ -96.8559, 32.918213 ], [ -96.852985, 32.919414 ], [ -96.850607, 32.920434 ], [ -96.848127, 32.921473 ], [ -96.84311, 32.923572 ], [ -96.842143, 32.924076 ], [ -96.841557, 32.924348 ], [ -96.841345, 32.924453 ], [ -96.841148, 32.924554 ], [ -96.84102, 32.924622 ], [ -96.840813, 32.924746 ], [ -96.84041, 32.924985 ], [ -96.840019, 32.925206 ], [ -96.839916, 32.925259 ], [ -96.839682, 32.925381 ], [ -96.839117, 32.925601 ], [ -96.838914, 32.92568 ], [ -96.838771, 32.925735 ], [ -96.838417, 32.925824 ], [ -96.837968, 32.925936 ], [ -96.837422, 32.926049 ], [ -96.837161, 32.926094 ], [ -96.836422, 32.926192 ], [ -96.834982, 32.926346 ], [ -96.834713, 32.926358 ], [ -96.83441, 32.926363 ], [ -96.833424, 32.926363 ], [ -96.830945, 32.926337 ], [ -96.830264, 32.926344 ], [ -96.830087, 32.926344 ], [ -96.829624, 32.926389 ], [ -96.829529, 32.926399 ], [ -96.829272, 32.926415 ], [ -96.828671, 32.926436 ], [ -96.82839, 32.926443 ], [ -96.828014, 32.92644 ], [ -96.827703, 32.926432 ], [ -96.827363, 32.926415 ], [ -96.826884, 32.926411 ], [ -96.825512, 32.926465 ], [ -96.82441, 32.926479 ], [ -96.823975, 32.926493 ], [ -96.823755, 32.92651 ], [ -96.823649, 32.926518 ], [ -96.823537, 32.926539 ], [ -96.823417, 32.926569 ], [ -96.823312, 32.9266 ], [ -96.82316, 32.926665 ], [ -96.82307, 32.92671 ], [ -96.822815, 32.926847 ], [ -96.822351, 32.92716 ], [ -96.82219, 32.927252 ], [ -96.822076, 32.927311 ], [ -96.821844, 32.927407 ], [ -96.82174, 32.927442 ], [ -96.82165, 32.927466 ], [ -96.821544, 32.927485 ], [ -96.821317, 32.927511 ], [ -96.821217, 32.927525 ], [ -96.821105, 32.927535 ], [ -96.820792, 32.927554 ], [ -96.820713, 32.927557 ], [ -96.820899, 32.928009 ], [ -96.821052, 32.92839 ], [ -96.821155, 32.928635 ], [ -96.821189, 32.928723 ], [ -96.821213, 32.928777 ], [ -96.821232, 32.928822 ], [ -96.821328, 32.929103 ], [ -96.821342, 32.929143 ], [ -96.821348, 32.929162 ], [ -96.82143, 32.929393 ], [ -96.821479, 32.92953 ], [ -96.821553, 32.929752 ], [ -96.821664, 32.93008 ], [ -96.82172, 32.930236 ], [ -96.821781, 32.930406 ], [ -96.821947, 32.930868 ], [ -96.82203, 32.931099 ], [ -96.822069, 32.931204 ], [ -96.822078, 32.93123 ], [ -96.822107, 32.931345 ], [ -96.822509, 32.932923 ], [ -96.822176, 32.932909 ], [ -96.822264, 32.933974 ], [ -96.822275, 32.934395 ], [ -96.822281, 32.935077 ], [ -96.822292, 32.935383 ], [ -96.822332, 32.935696 ], [ -96.822332, 32.936023 ], [ -96.822331, 32.936863 ], [ -96.822336, 32.937145 ], [ -96.822351, 32.937251 ], [ -96.822352, 32.937581 ], [ -96.822341, 32.937863 ], [ -96.822236, 32.938707 ], [ -96.822255, 32.939492 ], [ -96.822251, 32.939639 ], [ -96.822229, 32.940939 ], [ -96.822229, 32.941736 ], [ -96.822229, 32.941913 ], [ -96.822239, 32.942074 ], [ -96.822248, 32.942228 ], [ -96.822285, 32.942538 ], [ -96.822395, 32.942939 ], [ -96.822601, 32.943399 ], [ -96.822724, 32.943707 ], [ -96.822913, 32.944198 ], [ -96.823256, 32.944932 ], [ -96.823385, 32.945182 ], [ -96.823517, 32.945452 ], [ -96.823571, 32.945645 ], [ -96.823616, 32.94588 ], [ -96.82364, 32.946149 ], [ -96.823641, 32.946495 ], [ -96.823619, 32.94686 ], [ -96.823618, 32.947831 ], [ -96.823637, 32.948753 ], [ -96.823654, 32.949812 ], [ -96.823655, 32.949888 ], [ -96.823656, 32.949974 ], [ -96.823658, 32.950108 ], [ -96.823659, 32.950186 ], [ -96.82366, 32.950234 ], [ -96.823579, 32.950234 ], [ -96.823548, 32.950234 ], [ -96.823494, 32.950229 ], [ -96.823335, 32.950213 ], [ -96.823166, 32.950197 ], [ -96.823033, 32.950184 ], [ -96.822909, 32.950172 ], [ -96.822835, 32.950166 ], [ -96.822697, 32.950154 ], [ -96.822255, 32.950118 ], [ -96.821923, 32.950091 ], [ -96.821861, 32.950086 ], [ -96.821361, 32.950044 ], [ -96.82126, 32.950036 ], [ -96.821194, 32.950031 ], [ -96.820907, 32.950007 ], [ -96.82031, 32.949958 ], [ -96.819417, 32.950019 ], [ -96.818022, 32.950114 ], [ -96.817892, 32.950123 ], [ -96.81783, 32.950127 ], [ -96.817258, 32.949019 ], [ -96.817232, 32.948968 ], [ -96.817043, 32.948595 ], [ -96.816874, 32.948201 ], [ -96.816369, 32.947244 ], [ -96.816335, 32.947172 ], [ -96.816133, 32.946883 ], [ -96.815074, 32.945449 ], [ -96.81504, 32.945449 ], [ -96.814985, 32.945372 ], [ -96.814371, 32.945701 ], [ -96.813987, 32.945907 ], [ -96.813884, 32.945999 ], [ -96.81377, 32.94597 ], [ -96.812556, 32.945653 ], [ -96.812292, 32.945822 ], [ -96.812126, 32.945746 ], [ -96.811756, 32.945802 ], [ -96.811609, 32.945688 ], [ -96.811074, 32.945587 ], [ -96.810394, 32.945458 ], [ -96.809782, 32.945344 ], [ -96.809648, 32.945462 ], [ -96.809669, 32.945692 ], [ -96.80964, 32.945891 ], [ -96.809484, 32.94595 ], [ -96.809529, 32.946087 ], [ -96.809611, 32.946191 ], [ -96.809631, 32.946267 ], [ -96.809655, 32.946355 ], [ -96.809801, 32.946333 ], [ -96.809797, 32.946541 ], [ -96.809837, 32.946828 ], [ -96.809466, 32.946969 ], [ -96.809465, 32.947102 ], [ -96.809655, 32.947526 ], [ -96.809667, 32.947823 ], [ -96.809623, 32.948015 ], [ -96.809293, 32.94839 ], [ -96.808797, 32.948703 ], [ -96.808691, 32.94894 ], [ -96.808705, 32.949533 ], [ -96.808629, 32.949762 ], [ -96.808045, 32.950373 ], [ -96.807896, 32.950739 ], [ -96.80802, 32.950924 ], [ -96.808277, 32.951236 ], [ -96.808564, 32.95172 ], [ -96.808565, 32.952026 ], [ -96.808459, 32.952204 ], [ -96.808308, 32.952712 ], [ -96.808458, 32.953391 ], [ -96.808436, 32.953891 ], [ -96.808434, 32.953944 ], [ -96.810341, 32.953947 ], [ -96.810541, 32.953949 ], [ -96.810688, 32.953947 ], [ -96.810816, 32.953946 ], [ -96.811353, 32.953946 ], [ -96.811808, 32.953944 ], [ -96.812274, 32.953943 ], [ -96.813673, 32.953952 ], [ -96.813835, 32.953955 ], [ -96.81399, 32.953958 ], [ -96.814241, 32.953953 ], [ -96.814323, 32.953951 ], [ -96.814463, 32.953953 ], [ -96.815406, 32.953963 ], [ -96.816383, 32.953974 ], [ -96.81719, 32.953986 ], [ -96.817551, 32.953986 ], [ -96.818389, 32.953989 ], [ -96.818521, 32.953989 ], [ -96.819299, 32.953989 ], [ -96.820861, 32.953999 ], [ -96.821283, 32.954006 ], [ -96.821735, 32.954025 ], [ -96.821955, 32.954017 ], [ -96.822022, 32.95402 ], [ -96.822096, 32.95402 ], [ -96.822287, 32.954022 ], [ -96.822271, 32.954169 ], [ -96.822218, 32.954866 ], [ -96.822135, 32.955501 ], [ -96.822117, 32.955592 ], [ -96.822017, 32.956104 ], [ -96.821943, 32.956466 ], [ -96.821711, 32.957561 ], [ -96.821695, 32.95771 ], [ -96.82169, 32.957918 ], [ -96.82166, 32.958094 ], [ -96.82156, 32.958553 ], [ -96.821475, 32.958875 ], [ -96.821424, 32.959092 ], [ -96.821373, 32.959457 ], [ -96.821362, 32.959604 ], [ -96.821347, 32.959708 ], [ -96.821342, 32.959969 ], [ -96.821346, 32.960116 ], [ -96.821363, 32.960383 ], [ -96.821427, 32.960717 ], [ -96.821555, 32.961165 ], [ -96.821601, 32.961356 ], [ -96.821643, 32.961551 ], [ -96.821665, 32.96161 ], [ -96.821743, 32.962026 ], [ -96.821797, 32.962459 ], [ -96.821827, 32.962745 ], [ -96.821838, 32.96302 ], [ -96.821895, 32.963305 ], [ -96.821991, 32.963735 ], [ -96.822073, 32.963952 ], [ -96.822132, 32.964129 ], [ -96.822141, 32.964177 ], [ -96.822185, 32.964415 ], [ -96.822191, 32.964588 ], [ -96.822189, 32.964957 ], [ -96.822077, 32.965973 ], [ -96.821882, 32.966949 ], [ -96.821842, 32.967236 ], [ -96.82179, 32.967488 ], [ -96.821712, 32.968589 ], [ -96.821681, 32.969786 ], [ -96.821718, 32.969952 ], [ -96.821788, 32.970319 ], [ -96.821823, 32.970559 ], [ -96.821827, 32.970639 ], [ -96.821811, 32.971234 ], [ -96.821778, 32.971702 ], [ -96.821746, 32.972482 ], [ -96.82175, 32.972605 ], [ -96.82176, 32.972724 ], [ -96.821786, 32.972876 ], [ -96.821808, 32.973017 ], [ -96.821843, 32.973156 ], [ -96.821887, 32.973287 ], [ -96.821937, 32.973411 ], [ -96.822016, 32.973574 ], [ -96.822094, 32.97372 ], [ -96.822297, 32.97404 ], [ -96.822421, 32.974207 ], [ -96.822563, 32.974364 ], [ -96.822766, 32.974565 ], [ -96.82302, 32.974795 ], [ -96.823214, 32.974955 ], [ -96.823536, 32.975195 ], [ -96.823887, 32.975468 ], [ -96.824775, 32.976129 ], [ -96.825726, 32.976861 ], [ -96.826307, 32.977286 ], [ -96.826813, 32.977679 ], [ -96.827416, 32.978177 ], [ -96.827725, 32.978434 ], [ -96.827971, 32.978689 ], [ -96.828143, 32.978895 ], [ -96.828286, 32.979103 ], [ -96.828548, 32.979546 ], [ -96.828602, 32.979653 ], [ -96.828632, 32.979712 ], [ -96.828775, 32.980069 ], [ -96.828863, 32.980322 ], [ -96.828922, 32.980511 ], [ -96.828949, 32.980643 ], [ -96.828996, 32.980953 ], [ -96.829012, 32.981098 ], [ -96.829015, 32.981377 ], [ -96.828927, 32.983303 ], [ -96.828784, 32.985715 ], [ -96.828749, 32.986445 ], [ -96.828751, 32.986614 ], [ -96.828741, 32.986749 ], [ -96.828731, 32.986898 ], [ -96.828721, 32.987048 ], [ -96.828717, 32.987202 ], [ -96.830014, 32.98724 ], [ -96.830169, 32.98724 ], [ -96.83017, 32.987104 ], [ -96.835491, 32.987167 ], [ -96.838916, 32.987209 ], [ -96.838949, 32.987307 ], [ -96.838955, 32.98737 ], [ -96.840044, 32.987385 ], [ -96.840294, 32.987387 ], [ -96.840831, 32.987394 ], [ -96.840938, 32.987374 ], [ -96.84098, 32.987367 ], [ -96.841138, 32.987343 ], [ -96.841189, 32.987345 ], [ -96.842049, 32.987237 ], [ -96.84219, 32.987202 ], [ -96.842193, 32.98735 ], [ -96.845304, 32.987324 ], [ -96.84715, 32.987276 ], [ -96.847291, 32.987272 ], [ -96.847425, 32.987269 ], [ -96.847911, 32.98723 ], [ -96.848325, 32.987175 ], [ -96.849049, 32.987148 ], [ -96.851327, 32.987171 ], [ -96.854702, 32.987206 ], [ -96.854882, 32.987209 ], [ -96.854871, 32.987573 ], [ -96.854871, 32.987589 ], [ -96.854859, 32.987754 ], [ -96.854797, 32.989691 ], [ -96.85661, 32.98972 ], [ -96.85738, 32.98971 ], [ -96.85868, 32.98971 ], [ -96.86, 32.98971 ], [ -96.86055, 32.98972 ], [ -96.860735, 32.989719 ], [ -96.861105, 32.989738 ], [ -96.861657, 32.989749 ], [ -96.86224, 32.989739 ], [ -96.8632, 32.989739 ], [ -96.864084, 32.989735 ], [ -96.86451, 32.989727 ], [ -96.865219, 32.98973 ], [ -96.86559, 32.98973 ], [ -96.866733, 32.989742 ], [ -96.86728, 32.98975 ], [ -96.867642, 32.989753 ], [ -96.868183, 32.989759 ], [ -96.86886, 32.989759 ], [ -96.869091, 32.98977 ], [ -96.870427, 32.989769 ], [ -96.871447, 32.98978 ], [ -96.8741, 32.98978 ], [ -96.87478, 32.989781 ], [ -96.874893, 32.98978 ], [ -96.874935, 32.989773 ], [ -96.87455, 32.991134 ], [ -96.874227, 32.992274 ], [ -96.873938, 32.993288 ], [ -96.873523, 32.994748 ], [ -96.872961, 32.996728 ], [ -96.872881, 32.997003 ], [ -96.872847, 32.997122 ], [ -96.872619, 32.997932 ], [ -96.872298, 32.999062 ], [ -96.871898, 33.000466 ], [ -96.871883, 33.000519 ], [ -96.871872, 33.000558 ], [ -96.871489, 33.002059 ], [ -96.87134, 33.002063 ], [ -96.868787, 33.002142 ], [ -96.868169, 33.002128 ], [ -96.868167, 33.001881 ], [ -96.868044, 33.00177 ], [ -96.867713, 33.001601 ], [ -96.86742, 33.001443 ], [ -96.86729, 33.001393 ], [ -96.867196, 33.001351 ], [ -96.866984, 33.001117 ], [ -96.866933, 33.001086 ], [ -96.866877, 33.001094 ], [ -96.866812, 33.00114 ], [ -96.866766, 33.001237 ], [ -96.86672, 33.001319 ], [ -96.866664, 33.001376 ], [ -96.866562, 33.00142 ], [ -96.866442, 33.001451 ], [ -96.866367, 33.001486 ], [ -96.866265, 33.001564 ], [ -96.866182, 33.001641 ], [ -96.866117, 33.001727 ], [ -96.866085, 33.001793 ], [ -96.866085, 33.001835 ], [ -96.866112, 33.001887 ], [ -96.866159, 33.001906 ], [ -96.86621, 33.001902 ], [ -96.866279, 33.001879 ], [ -96.866326, 33.001883 ], [ -96.866352, 33.001907 ], [ -96.866372, 33.001987 ], [ -96.866358, 33.002038 ], [ -96.866288, 33.002094 ], [ -96.866244, 33.002127 ], [ -96.866205, 33.002173 ], [ -96.866154, 33.002181 ], [ -96.866108, 33.002178 ], [ -96.866077, 33.002193 ], [ -96.86607, 33.002209 ], [ -96.866061, 33.002236 ], [ -96.866085, 33.002268 ], [ -96.866112, 33.002287 ], [ -96.866182, 33.002302 ], [ -96.866205, 33.002325 ], [ -96.866219, 33.002369 ], [ -96.866205, 33.002431 ], [ -96.866205, 33.002488 ], [ -96.866247, 33.002532 ], [ -96.866326, 33.002578 ], [ -96.866349, 33.002633 ], [ -96.86634, 33.002682 ], [ -96.866307, 33.002733 ], [ -96.866279, 33.002827 ], [ -96.866238, 33.002909 ], [ -96.866174, 33.002989 ], [ -96.866122, 33.00301 ], [ -96.866075, 33.003018 ], [ -96.866035, 33.003335 ], [ -96.86603, 33.003387 ], [ -96.866029, 33.004168 ], [ -96.866023, 33.005124 ], [ -96.866013, 33.005867 ], [ -96.866012, 33.006811 ], [ -96.866013, 33.007709 ], [ -96.86601, 33.008504 ], [ -96.866014, 33.009372 ], [ -96.866012, 33.010316 ], [ -96.866, 33.011106 ], [ -96.866, 33.01162 ], [ -96.866003, 33.01176 ], [ -96.86599, 33.01176 ], [ -96.865974, 33.011761 ], [ -96.865954, 33.011763 ], [ -96.86543, 33.0118 ], [ -96.86385, 33.0118 ], [ -96.8617, 33.0118 ], [ -96.861565, 33.0118 ], [ -96.8614, 33.0118 ], [ -96.86069, 33.0118 ], [ -96.860684, 33.011716 ], [ -96.860679, 33.011633 ], [ -96.860575, 33.011633 ], [ -96.859961, 33.011637 ], [ -96.859731, 33.011647 ], [ -96.85928, 33.01165 ], [ -96.85774, 33.011694 ], [ -96.857359, 33.011687 ], [ -96.857321, 33.011687 ], [ -96.857354, 33.011767 ], [ -96.857367, 33.011819 ], [ -96.857277, 33.011819 ], [ -96.857192, 33.011823 ], [ -96.856151, 33.011794 ], [ -96.855922, 33.011794 ], [ -96.855226, 33.011794 ], [ -96.855111, 33.011787 ], [ -96.854961, 33.011772 ], [ -96.854838, 33.011742 ], [ -96.854594, 33.011766 ], [ -96.854425, 33.012012 ], [ -96.854016, 33.01202 ], [ -96.853319, 33.012057 ], [ -96.852543, 33.012057 ], [ -96.85158, 33.012065 ], [ -96.850549, 33.01208 ], [ -96.849762, 33.012076 ], [ -96.849337, 33.012006 ], [ -96.848615, 33.012402 ], [ -96.847731, 33.012717 ], [ -96.846837, 33.013011 ], [ -96.845866, 33.013311 ], [ -96.844899, 33.01359 ], [ -96.843994, 33.013764 ], [ -96.843945, 33.015171 ], [ -96.843913, 33.016532 ], [ -96.843907, 33.016666 ], [ -96.843585, 33.016647 ], [ -96.843498, 33.01664 ], [ -96.842838, 33.016552 ], [ -96.842632, 33.016528 ], [ -96.842433, 33.016504 ], [ -96.842107, 33.016478 ], [ -96.841787, 33.016454 ], [ -96.84157, 33.016439 ], [ -96.841271, 33.016419 ], [ -96.840978, 33.016399 ], [ -96.840663, 33.016378 ], [ -96.840332, 33.016355 ], [ -96.840038, 33.016336 ], [ -96.839775, 33.016318 ], [ -96.839631, 33.016308 ], [ -96.839444, 33.016295 ], [ -96.839172, 33.016276 ], [ -96.838825, 33.016252 ], [ -96.838187, 33.016208 ], [ -96.837666, 33.016173 ], [ -96.835045, 33.015992 ], [ -96.834196, 33.015933 ], [ -96.832751, 33.015826 ], [ -96.832172, 33.015767 ], [ -96.832045, 33.01576 ], [ -96.831933, 33.015755 ], [ -96.831649, 33.015716 ], [ -96.831334, 33.01567 ], [ -96.830912, 33.015603 ], [ -96.830485, 33.015532 ], [ -96.829824, 33.015402 ], [ -96.829675, 33.015375 ], [ -96.829559, 33.015352 ], [ -96.829293, 33.015302 ], [ -96.829263, 33.015273 ], [ -96.829227, 33.015273 ], [ -96.829171, 33.015265 ], [ -96.829089, 33.015245 ], [ -96.828725, 33.015154 ], [ -96.828627, 33.01515 ], [ -96.826767, 33.014845 ], [ -96.824759, 33.01446 ], [ -96.824433, 33.014398 ], [ -96.821861, 33.013905 ], [ -96.820784, 33.013727 ], [ -96.820478, 33.013694 ], [ -96.820022, 33.013651 ], [ -96.819849, 33.013638 ], [ -96.819564, 33.013615 ], [ -96.819106, 33.013586 ], [ -96.818647, 33.013564 ], [ -96.818651, 33.013386 ], [ -96.818659, 33.01304 ], [ -96.818664, 33.012828 ], [ -96.817047, 33.012804 ], [ -96.816326, 33.012811 ], [ -96.815766, 33.012804 ], [ -96.813289, 33.012797 ], [ -96.812895, 33.012797 ], [ -96.805507, 33.012794 ], [ -96.804184, 33.012767 ], [ -96.803641, 33.012757 ], [ -96.803195, 33.012748 ], [ -96.802764, 33.012749 ], [ -96.801195, 33.012735 ], [ -96.799679, 33.012732 ], [ -96.798694, 33.012687 ], [ -96.798347, 33.012652 ], [ -96.796855, 33.012543 ], [ -96.795483, 33.01236 ], [ -96.795389, 33.012349 ], [ -96.795295, 33.012341 ], [ -96.793127, 33.012103 ], [ -96.793015, 33.012096 ], [ -96.791985, 33.011957 ], [ -96.790278, 33.011618 ], [ -96.79001, 33.01155 ], [ -96.789502, 33.011393 ], [ -96.789331, 33.011335 ], [ -96.788468, 33.011021 ], [ -96.787399, 33.010509 ], [ -96.787165, 33.010396 ], [ -96.786932, 33.010281 ], [ -96.786481, 33.010026 ], [ -96.786052, 33.009759 ], [ -96.785624, 33.009469 ], [ -96.784504, 33.008549 ], [ -96.78443, 33.008487 ], [ -96.784357, 33.008423 ], [ -96.783923, 33.008056 ], [ -96.783537, 33.007727 ], [ -96.783403, 33.007637 ], [ -96.782891, 33.007261 ], [ -96.78269, 33.007112 ], [ -96.779811, 33.004849 ], [ -96.777556, 33.003393 ], [ -96.776219, 33.002623 ], [ -96.77523, 33.001987 ], [ -96.774776, 33.001755 ], [ -96.774303, 33.001513 ], [ -96.773542, 33.001143 ], [ -96.773487, 33.001112 ], [ -96.772403, 33.000693 ], [ -96.771751, 33.000492 ], [ -96.77131, 33.000382 ], [ -96.770589, 33.000168 ], [ -96.768862, 32.999772 ], [ -96.768056, 32.999629 ], [ -96.767882, 32.999598 ], [ -96.767806, 32.999589 ], [ -96.767729, 32.999581 ], [ -96.7676, 32.999569 ], [ -96.766828, 32.999499 ], [ -96.76663, 32.999482 ], [ -96.765588, 32.99939 ], [ -96.765041, 32.999367 ], [ -96.76416, 32.999363 ], [ -96.763472, 32.99938 ], [ -96.762469, 32.999433 ], [ -96.762273, 32.999447 ], [ -96.761182, 32.999525 ], [ -96.760218, 32.999679 ], [ -96.759665, 32.999772 ], [ -96.758859, 32.999913 ], [ -96.757914, 33.000129 ], [ -96.757045, 33.00036 ], [ -96.756858, 33.000422 ], [ -96.756743, 33.000152 ], [ -96.756713, 33.000071 ], [ -96.756688, 32.999991 ], [ -96.756629, 32.999879 ], [ -96.756457, 32.998554 ], [ -96.756446, 32.998361 ], [ -96.75649, 32.998213 ], [ -96.756459, 32.997481 ], [ -96.756126, 32.997421 ], [ -96.755868, 32.99736 ], [ -96.75564, 32.997253 ], [ -96.75542, 32.99714 ], [ -96.75523, 32.997019 ], [ -96.755095, 32.996918 ], [ -96.755402, 32.996699 ], [ -96.755674, 32.996495 ], [ -96.755889, 32.996259 ], [ -96.756, 32.996099 ], [ -96.756097, 32.995958 ], [ -96.756189, 32.995753 ], [ -96.756382, 32.995283 ], [ -96.756409, 32.995193 ], [ -96.756423, 32.995018 ], [ -96.75644, 32.994799 ], [ -96.756444, 32.994678 ], [ -96.756442, 32.994523 ], [ -96.756466, 32.993153 ], [ -96.756443, 32.993071 ], [ -96.756445, 32.992942 ], [ -96.756447, 32.992413 ], [ -96.75645, 32.99158 ], [ -96.756452, 32.990746 ], [ -96.756454, 32.988346 ], [ -96.75646, 32.987508 ], [ -96.756465, 32.986669 ], [ -96.756464, 32.986398 ], [ -96.756464, 32.986298 ], [ -96.756461, 32.985554 ], [ -96.756467, 32.985017 ], [ -96.756467, 32.984889 ], [ -96.756493, 32.984744 ], [ -96.756532, 32.984597 ], [ -96.756583, 32.984448 ], [ -96.756634, 32.984336 ], [ -96.756871, 32.983964 ], [ -96.756998, 32.983781 ], [ -96.757092, 32.983634 ], [ -96.757152, 32.983511 ], [ -96.757232, 32.983351 ], [ -96.757282, 32.983221 ], [ -96.757352, 32.98304 ], [ -96.757388, 32.9829 ], [ -96.757485, 32.982901 ], [ -96.75749, 32.98288 ], [ -96.759508, 32.982864 ], [ -96.762886, 32.98289 ], [ -96.763334, 32.982894 ], [ -96.764548, 32.982904 ], [ -96.767834, 32.982895 ], [ -96.768042, 32.982892 ], [ -96.768216, 32.982891 ], [ -96.768212, 32.982822 ], [ -96.768195, 32.982473 ], [ -96.768183, 32.981322 ], [ -96.76818, 32.981217 ], [ -96.768214, 32.979456 ], [ -96.768214, 32.978351 ], [ -96.768214, 32.978227 ], [ -96.768207, 32.97734 ], [ -96.768224, 32.976901 ], [ -96.768249, 32.976688 ], [ -96.768304, 32.976467 ], [ -96.768401, 32.976132 ], [ -96.768541, 32.97576 ], [ -96.768561, 32.97572 ], [ -96.768698, 32.975406 ], [ -96.768767, 32.975195 ], [ -96.768867, 32.974815 ], [ -96.768891, 32.974493 ], [ -96.768891, 32.9743 ], [ -96.768923, 32.973847 ], [ -96.76892, 32.970694 ], [ -96.768922, 32.969817 ], [ -96.768924, 32.968916 ], [ -96.768926, 32.968004 ], [ -96.768914, 32.967616 ], [ -96.768945, 32.967126 ], [ -96.768923, 32.965241 ], [ -96.768946, 32.964152 ], [ -96.768965, 32.963168 ], [ -96.768942, 32.962237 ], [ -96.768938, 32.962114 ], [ -96.768941, 32.960476 ], [ -96.76894, 32.959535 ], [ -96.768967, 32.958627 ], [ -96.768976, 32.957718 ], [ -96.768987, 32.956789 ], [ -96.768963, 32.955846 ], [ -96.768984, 32.953964 ], [ -96.768984, 32.953494 ], [ -96.768964, 32.951571 ], [ -96.768964, 32.951363 ], [ -96.768983, 32.950985 ], [ -96.768988, 32.950845 ], [ -96.768984, 32.950595 ], [ -96.768963, 32.949315 ], [ -96.769007, 32.94739 ], [ -96.769011, 32.947238 ], [ -96.769021, 32.946548 ], [ -96.769025, 32.945847 ], [ -96.769025, 32.945674 ], [ -96.769015, 32.945183 ], [ -96.769008, 32.944802 ], [ -96.769017, 32.943557 ], [ -96.769009, 32.941051 ], [ -96.768991, 32.940007 ], [ -96.768987, 32.939867 ], [ -96.76883, 32.939867 ], [ -96.766388, 32.939886 ], [ -96.765353, 32.939858 ], [ -96.764097, 32.939836 ], [ -96.763978, 32.939835 ], [ -96.763859, 32.939833 ], [ -96.762625, 32.939827 ], [ -96.762504, 32.939822 ], [ -96.761822, 32.939841 ], [ -96.761165, 32.939884 ], [ -96.760603, 32.939949 ], [ -96.7601, 32.939982 ], [ -96.759706, 32.939995 ], [ -96.759437, 32.939985 ], [ -96.759134, 32.939974 ], [ -96.758358, 32.939973 ], [ -96.758301, 32.939973 ], [ -96.757551, 32.939985 ], [ -96.757402, 32.939979 ], [ -96.75729, 32.939971 ], [ -96.757211, 32.939971 ], [ -96.756558, 32.939972 ], [ -96.75608, 32.939957 ], [ -96.755219, 32.939971 ], [ -96.752856, 32.939967 ], [ -96.752267, 32.939971 ], [ -96.751937, 32.939974 ], [ -96.751121, 32.939971 ], [ -96.750721, 32.939971 ], [ -96.749485, 32.939974 ], [ -96.748774, 32.939974 ], [ -96.748657, 32.939978 ], [ -96.748136, 32.939974 ], [ -96.748147, 32.939424 ], [ -96.748143, 32.938828 ], [ -96.748138, 32.938595 ], [ -96.748128, 32.938567 ], [ -96.748076, 32.938314 ], [ -96.7481, 32.938004 ], [ -96.748123, 32.937706 ], [ -96.748131, 32.937607 ], [ -96.748136, 32.937327 ], [ -96.748146, 32.936948 ], [ -96.74815, 32.936791 ], [ -96.748153, 32.936408 ], [ -96.748158, 32.935727 ], [ -96.748166, 32.935405 ], [ -96.748191, 32.935236 ], [ -96.748203, 32.935132 ], [ -96.748368, 32.934223 ], [ -96.748287, 32.934213 ], [ -96.747157, 32.934128 ], [ -96.745584, 32.934011 ], [ -96.745453, 32.935015 ], [ -96.745058, 32.934981 ], [ -96.745035, 32.93504 ], [ -96.743186, 32.934888 ], [ -96.743072, 32.934878 ], [ -96.742333, 32.934819 ], [ -96.741452, 32.934749 ], [ -96.741229, 32.934732 ], [ -96.742472, 32.932778 ], [ -96.748501, 32.923356 ], [ -96.747543, 32.923351 ], [ -96.746924, 32.923347 ], [ -96.745765, 32.92334 ], [ -96.743916, 32.923327 ], [ -96.743904, 32.92334 ], [ -96.742628, 32.92333 ], [ -96.740918, 32.923276 ], [ -96.740614, 32.92326 ], [ -96.740312, 32.923283 ], [ -96.740159, 32.923294 ], [ -96.740101, 32.923295 ], [ -96.739625, 32.923299 ], [ -96.739266, 32.923303 ], [ -96.738599, 32.923322 ], [ -96.73836, 32.923334 ], [ -96.737874, 32.923392 ], [ -96.737549, 32.923461 ], [ -96.737181, 32.923557 ], [ -96.737091, 32.923594 ], [ -96.73704, 32.923613 ], [ -96.736563, 32.92472 ], [ -96.736392, 32.925119 ], [ -96.73638, 32.925226 ], [ -96.736327, 32.925266 ], [ -96.736276, 32.925306 ], [ -96.736229, 32.925463 ], [ -96.736109, 32.925465 ], [ -96.736039, 32.925466 ], [ -96.736021, 32.925495 ], [ -96.732828, 32.925468 ], [ -96.732637, 32.925502 ], [ -96.73256, 32.925513 ], [ -96.732358, 32.925538 ], [ -96.732062, 32.925562 ], [ -96.731596, 32.925567 ], [ -96.731542, 32.925566 ], [ -96.731209, 32.925561 ], [ -96.731093, 32.925562 ], [ -96.730045, 32.925562 ], [ -96.729547, 32.925562 ], [ -96.729495, 32.925561 ], [ -96.729382, 32.925561 ], [ -96.724446, 32.925533 ], [ -96.724167, 32.925545 ], [ -96.724107, 32.92554 ], [ -96.723947, 32.925528 ], [ -96.723749, 32.925465 ], [ -96.722845, 32.92546 ], [ -96.719049, 32.925437 ], [ -96.718217, 32.925432 ], [ -96.718147, 32.925432 ], [ -96.718151, 32.925868 ], [ -96.71815, 32.926477 ], [ -96.718144, 32.9276 ], [ -96.718138, 32.928997 ], [ -96.718138, 32.929332 ], [ -96.718125, 32.931291 ], [ -96.717963, 32.93128 ], [ -96.716644, 32.931274 ], [ -96.715544, 32.931261 ], [ -96.715014, 32.931261 ], [ -96.714106, 32.93126 ], [ -96.71371, 32.931252 ], [ -96.712981, 32.931238 ], [ -96.712188, 32.931251 ], [ -96.712097, 32.931252 ], [ -96.7111, 32.931252 ], [ -96.710852, 32.931244 ], [ -96.710412, 32.931247 ], [ -96.709828, 32.93125 ], [ -96.709306, 32.931246 ], [ -96.709147, 32.931233 ], [ -96.707175, 32.931238 ], [ -96.706458, 32.931247 ], [ -96.705904, 32.931232 ], [ -96.705745, 32.931228 ], [ -96.705752, 32.93095 ], [ -96.705756, 32.930614 ], [ -96.705757, 32.930289 ], [ -96.705761, 32.929953 ], [ -96.705763, 32.929689 ], [ -96.705701, 32.929688 ], [ -96.705695, 32.929098 ], [ -96.7057, 32.927636 ], [ -96.705712, 32.924142 ], [ -96.705721, 32.921612 ], [ -96.705732, 32.918086 ], [ -96.705763, 32.916707 ], [ -96.705765, 32.916601 ], [ -96.705664, 32.916598 ], [ -96.704463, 32.916588 ], [ -96.703212, 32.916573 ], [ -96.701867, 32.916569 ], [ -96.70039, 32.916562 ], [ -96.70043, 32.914504 ], [ -96.700448, 32.913419 ], [ -96.700458, 32.912821 ], [ -96.70048, 32.911935 ], [ -96.700508, 32.911134 ], [ -96.700542, 32.909165 ], [ -96.700544, 32.909025 ], [ -96.700409, 32.909018 ], [ -96.698235, 32.909011 ], [ -96.697792, 32.909008 ], [ -96.697476, 32.909 ], [ -96.69751, 32.907403 ], [ -96.697518, 32.905743 ], [ -96.697521, 32.904632 ], [ -96.697529, 32.903109 ], [ -96.697534, 32.902565 ], [ -96.695789, 32.903103 ], [ -96.695179, 32.90329 ], [ -96.694625, 32.903457 ], [ -96.693884, 32.903686 ], [ -96.693339, 32.903854 ], [ -96.692546, 32.904098 ], [ -96.692548, 32.903866 ], [ -96.692549, 32.903806 ], [ -96.691971, 32.903983 ], [ -96.691706, 32.904064 ], [ -96.6917, 32.902747 ], [ -96.691684, 32.90209 ], [ -96.691688, 32.900328 ], [ -96.691683, 32.899607 ], [ -96.691681, 32.899049 ], [ -96.69168, 32.898433 ], [ -96.69168, 32.898128 ], [ -96.691732, 32.895891 ], [ -96.691756, 32.894572 ], [ -96.691759, 32.89443 ], [ -96.692052, 32.89443 ], [ -96.69225, 32.89443 ], [ -96.693438, 32.894421 ], [ -96.693672, 32.894422 ], [ -96.693719, 32.891646 ], [ -96.693684, 32.890333 ], [ -96.691663, 32.89032 ], [ -96.690513, 32.890312 ], [ -96.690526, 32.889133 ], [ -96.690539, 32.887965 ], [ -96.690555, 32.885955 ], [ -96.684016, 32.885935 ], [ -96.683157, 32.885936 ], [ -96.683169, 32.882989 ], [ -96.683172, 32.881571 ], [ -96.683179, 32.879049 ], [ -96.683177, 32.878984 ], [ -96.68318, 32.878904 ], [ -96.68318, 32.878801 ], [ -96.68361, 32.878782 ], [ -96.684097, 32.878729 ], [ -96.684579, 32.8787 ], [ -96.684834, 32.878687 ], [ -96.686486, 32.878691 ], [ -96.686617, 32.878687 ], [ -96.686993, 32.878677 ], [ -96.687212, 32.878677 ], [ -96.687922, 32.878689 ], [ -96.688029, 32.878691 ], [ -96.688396, 32.878709 ], [ -96.689481, 32.878681 ], [ -96.68927, 32.878506 ], [ -96.688861, 32.87825 ], [ -96.688662, 32.878166 ], [ -96.688176, 32.877995 ], [ -96.687904, 32.877862 ], [ -96.687091, 32.87738 ], [ -96.686459, 32.876875 ], [ -96.684922, 32.875566 ], [ -96.684523, 32.87519 ], [ -96.684124, 32.874792 ], [ -96.683704, 32.874412 ], [ -96.683178, 32.873959 ], [ -96.683087, 32.873889 ], [ -96.683027, 32.873833 ], [ -96.682733, 32.873561 ], [ -96.682242, 32.873188 ], [ -96.681371, 32.87265 ], [ -96.680368, 32.872086 ], [ -96.679401, 32.871603 ], [ -96.678773, 32.871346 ], [ -96.678211, 32.871122 ], [ -96.677359, 32.870813 ], [ -96.677084, 32.870678 ], [ -96.676085, 32.870421 ], [ -96.67331, 32.86989 ], [ -96.673057, 32.86984 ], [ -96.672174, 32.869673 ], [ -96.671048, 32.869296 ], [ -96.670402, 32.868861 ], [ -96.669368, 32.867545 ], [ -96.669213, 32.866993 ], [ -96.669301, 32.866814 ], [ -96.669384, 32.866645 ], [ -96.669277, 32.866571 ], [ -96.669187, 32.866544 ], [ -96.669069, 32.866449 ], [ -96.668424, 32.867322 ], [ -96.668409, 32.867339 ], [ -96.668311, 32.867469 ], [ -96.668201, 32.867424 ], [ -96.668034, 32.867355 ], [ -96.66792, 32.867301 ], [ -96.667305, 32.866916 ], [ -96.665846, 32.865979 ], [ -96.665873, 32.865611 ], [ -96.665724, 32.865606 ], [ -96.66555, 32.865602 ], [ -96.665222, 32.865593 ], [ -96.663002, 32.864194 ], [ -96.6629, 32.864129 ], [ -96.662737, 32.864026 ], [ -96.662592, 32.863934 ], [ -96.660225, 32.86244 ], [ -96.658297, 32.861245 ], [ -96.651176, 32.856833 ], [ -96.649224, 32.85563 ], [ -96.649078, 32.855536 ], [ -96.648003, 32.854822 ], [ -96.647052, 32.854179 ], [ -96.646314, 32.853667 ], [ -96.645503, 32.853057 ], [ -96.643058, 32.850957 ], [ -96.637858, 32.846493 ], [ -96.637542, 32.846194 ], [ -96.637187, 32.845861 ], [ -96.636884, 32.845568 ], [ -96.636594, 32.845264 ], [ -96.636454, 32.845108 ], [ -96.636187, 32.844791 ], [ -96.636049, 32.844374 ], [ -96.635398, 32.843313 ], [ -96.635494, 32.843231 ], [ -96.635766, 32.84301 ], [ -96.635868, 32.842925 ], [ -96.635982, 32.842815 ], [ -96.636924, 32.842003 ], [ -96.63734, 32.841667 ], [ -96.637817, 32.841254 ], [ -96.638389, 32.840761 ], [ -96.638949, 32.840277 ], [ -96.639674, 32.839652 ], [ -96.640436, 32.839757 ], [ -96.640958, 32.839771 ], [ -96.64116, 32.839777 ], [ -96.641572, 32.839756 ], [ -96.641896, 32.839696 ], [ -96.642307, 32.839593 ], [ -96.64241, 32.839553 ], [ -96.642445, 32.839592 ], [ -96.642459, 32.839623 ], [ -96.642449, 32.839666 ], [ -96.642389, 32.839689 ], [ -96.642352, 32.83972 ], [ -96.642315, 32.839779 ], [ -96.64232, 32.839868 ], [ -96.64231, 32.839945 ], [ -96.642297, 32.840004 ], [ -96.642264, 32.840047 ], [ -96.642213, 32.840069 ], [ -96.642176, 32.840094 ], [ -96.642153, 32.840125 ], [ -96.642148, 32.840218 ], [ -96.642185, 32.840265 ], [ -96.642343, 32.840412 ], [ -96.642392, 32.840474 ], [ -96.642477, 32.840494 ], [ -96.642519, 32.840533 ], [ -96.642547, 32.840576 ], [ -96.642551, 32.840642 ], [ -96.642509, 32.84079 ], [ -96.642477, 32.840843 ], [ -96.642459, 32.840902 ], [ -96.642491, 32.840953 ], [ -96.642542, 32.840984 ], [ -96.642616, 32.841 ], [ -96.642741, 32.840967 ], [ -96.642796, 32.840944 ], [ -96.642829, 32.840926 ], [ -96.642875, 32.840879 ], [ -96.642925, 32.840836 ], [ -96.64312, 32.840797 ], [ -96.643194, 32.840809 ], [ -96.643259, 32.84079 ], [ -96.643296, 32.840759 ], [ -96.643292, 32.8407 ], [ -96.643213, 32.840607 ], [ -96.64319, 32.840556 ], [ -96.643176, 32.84049 ], [ -96.643189, 32.840432 ], [ -96.64306, 32.840428 ], [ -96.642968, 32.840404 ], [ -96.642949, 32.840376 ], [ -96.642954, 32.840342 ], [ -96.642935, 32.84028 ], [ -96.642852, 32.840148 ], [ -96.642815, 32.8401 ], [ -96.642806, 32.840047 ], [ -96.642838, 32.839958 ], [ -96.642908, 32.839872 ], [ -96.642903, 32.839824 ], [ -96.642857, 32.839771 ], [ -96.642857, 32.839723 ], [ -96.642903, 32.839681 ], [ -96.642945, 32.83967 ], [ -96.642972, 32.839646 ], [ -96.642977, 32.839615 ], [ -96.642949, 32.839573 ], [ -96.642894, 32.839542 ], [ -96.642857, 32.839514 ], [ -96.642769, 32.839478 ], [ -96.642676, 32.839452 ], [ -96.643494, 32.839128 ], [ -96.643578, 32.839091 ], [ -96.643848, 32.838974 ], [ -96.644668, 32.838647 ], [ -96.645733, 32.838233 ], [ -96.646392, 32.837954 ], [ -96.64718, 32.837667 ], [ -96.647229, 32.83771 ], [ -96.647987, 32.838383 ], [ -96.648446, 32.838785 ], [ -96.648737, 32.838553 ], [ -96.648891, 32.838432 ], [ -96.648996, 32.838334 ], [ -96.65217, 32.835626 ], [ -96.652556, 32.835316 ], [ -96.653033, 32.835725 ], [ -96.655263, 32.837638 ], [ -96.655586, 32.837345 ], [ -96.658861, 32.834526 ], [ -96.658996, 32.834383 ], [ -96.659303, 32.834596 ], [ -96.659384, 32.834641 ], [ -96.659463, 32.834676 ], [ -96.659562, 32.834707 ], [ -96.659778, 32.834749 ], [ -96.66017, 32.834753 ], [ -96.660478, 32.834754 ], [ -96.660568, 32.833779 ], [ -96.660548, 32.833045 ], [ -96.660546, 32.832177 ], [ -96.660542, 32.831299 ], [ -96.66054, 32.830817 ], [ -96.66016, 32.830821 ], [ -96.660063, 32.830822 ], [ -96.659863, 32.830822 ], [ -96.65819, 32.830853 ], [ -96.658185, 32.830756 ], [ -96.658165, 32.830382 ], [ -96.658178, 32.829529 ], [ -96.658143, 32.828674 ], [ -96.658164, 32.827824 ], [ -96.658223, 32.82782 ], [ -96.658218, 32.827686 ], [ -96.658205, 32.82736 ], [ -96.658172, 32.826265 ], [ -96.658149, 32.825335 ], [ -96.658141, 32.825003 ], [ -96.658138, 32.824818 ], [ -96.658122, 32.824282 ], [ -96.658106, 32.823923 ], [ -96.658094, 32.823443 ], [ -96.658084, 32.82305 ], [ -96.658077, 32.822764 ], [ -96.658061, 32.822125 ], [ -96.658047, 32.821587 ], [ -96.658051, 32.821533 ], [ -96.65805, 32.821491 ], [ -96.658052, 32.821396 ], [ -96.658604, 32.821392 ], [ -96.659294, 32.821361 ], [ -96.659668, 32.821383 ], [ -96.660659, 32.821388 ], [ -96.661683, 32.821391 ], [ -96.661622, 32.819063 ], [ -96.662174, 32.819032 ], [ -96.662321, 32.819025 ], [ -96.662322, 32.818953 ], [ -96.662259, 32.818725 ], [ -96.662254, 32.818586 ], [ -96.662259, 32.817722 ], [ -96.662264, 32.816849 ], [ -96.662263, 32.815997 ], [ -96.662264, 32.815541 ], [ -96.662335, 32.815538 ], [ -96.665254, 32.815537 ], [ -96.665428, 32.815536 ], [ -96.665429, 32.815475 ], [ -96.665424, 32.81539 ], [ -96.665381, 32.814726 ], [ -96.665388, 32.814168 ], [ -96.665369, 32.813249 ], [ -96.665391, 32.8123 ], [ -96.665369, 32.81199 ], [ -96.665386, 32.811311 ], [ -96.665443, 32.810978 ], [ -96.665257, 32.810951 ], [ -96.665273, 32.8108 ], [ -96.665411, 32.810428 ], [ -96.665699, 32.810003 ], [ -96.66555, 32.809908 ], [ -96.665453, 32.809832 ], [ -96.665389, 32.809765 ], [ -96.665357, 32.809693 ], [ -96.665358, 32.809573 ], [ -96.665341, 32.808841 ], [ -96.665345, 32.807502 ], [ -96.665383, 32.807209 ], [ -96.665424, 32.807143 ], [ -96.665507, 32.807094 ], [ -96.665561, 32.807052 ], [ -96.66566, 32.807026 ], [ -96.66577, 32.807035 ], [ -96.668106, 32.807018 ], [ -96.668296, 32.806959 ], [ -96.668291, 32.80687 ], [ -96.670013, 32.80691 ], [ -96.673125, 32.806887 ], [ -96.673557, 32.80688 ], [ -96.673605, 32.806879 ], [ -96.673626, 32.805964 ], [ -96.673844, 32.801525 ], [ -96.673845, 32.801501 ], [ -96.673859, 32.801229 ], [ -96.673866, 32.801111 ], [ -96.67387, 32.801031 ], [ -96.673871, 32.800999 ], [ -96.673879, 32.800789 ], [ -96.674133, 32.800671 ], [ -96.674223, 32.800604 ], [ -96.674339, 32.800496 ], [ -96.674416, 32.80038 ], [ -96.674446, 32.800261 ], [ -96.674464, 32.800142 ], [ -96.674455, 32.800025 ], [ -96.674412, 32.799941 ], [ -96.674352, 32.799836 ], [ -96.674225, 32.799694 ], [ -96.674018, 32.799473 ], [ -96.673903, 32.799434 ], [ -96.673913, 32.799188 ], [ -96.673918, 32.799083 ], [ -96.673922, 32.798966 ], [ -96.673923, 32.798948 ], [ -96.673928, 32.798824 ], [ -96.673929, 32.798801 ], [ -96.673937, 32.798622 ], [ -96.673941, 32.79854 ], [ -96.674294, 32.798506 ], [ -96.67512, 32.798423 ], [ -96.675765, 32.798341 ], [ -96.677244, 32.798159 ], [ -96.678923, 32.79789 ], [ -96.679699, 32.797765 ], [ -96.680791, 32.797621 ], [ -96.680898, 32.797604 ], [ -96.681217, 32.79755 ], [ -96.68144, 32.79737 ], [ -96.681523, 32.797304 ], [ -96.681711, 32.797156 ], [ -96.681761, 32.797116 ], [ -96.681771, 32.797087 ], [ -96.68178, 32.797053 ], [ -96.681782, 32.797014 ], [ -96.681785, 32.796978 ], [ -96.681787, 32.796945 ], [ -96.68179, 32.796902 ], [ -96.681795, 32.796861 ], [ -96.681812, 32.796757 ], [ -96.681836, 32.79665 ], [ -96.681875, 32.796514 ], [ -96.681877, 32.796503 ], [ -96.681881, 32.796485 ], [ -96.681907, 32.796405 ], [ -96.681933, 32.796325 ], [ -96.681954, 32.796272 ], [ -96.681993, 32.796179 ], [ -96.682075, 32.796043 ], [ -96.682083, 32.796032 ], [ -96.682139, 32.79595 ], [ -96.682204, 32.795853 ], [ -96.682228, 32.79582 ], [ -96.682258, 32.795783 ], [ -96.682322, 32.795706 ], [ -96.682372, 32.795649 ], [ -96.682396, 32.795626 ], [ -96.682508, 32.795517 ], [ -96.682652, 32.795396 ], [ -96.682756, 32.795308 ], [ -96.682918, 32.795159 ], [ -96.683105, 32.794967 ], [ -96.683173, 32.794884 ], [ -96.683221, 32.794831 ], [ -96.683247, 32.794802 ], [ -96.683302, 32.794727 ], [ -96.683412, 32.794585 ], [ -96.683471, 32.794503 ], [ -96.683545, 32.794394 ], [ -96.683611, 32.794289 ], [ -96.683646, 32.794233 ], [ -96.683675, 32.794183 ], [ -96.683696, 32.794148 ], [ -96.68372, 32.794103 ], [ -96.683813, 32.793921 ], [ -96.68387, 32.793805 ], [ -96.683899, 32.793736 ], [ -96.683929, 32.793655 ], [ -96.68403, 32.793385 ], [ -96.684075, 32.79323 ], [ -96.684109, 32.793104 ], [ -96.684139, 32.792975 ], [ -96.684169, 32.792817 ], [ -96.684182, 32.792737 ], [ -96.684193, 32.792656 ], [ -96.6842, 32.792591 ], [ -96.684204, 32.792511 ], [ -96.68421, 32.792362 ], [ -96.68369, 32.792355 ], [ -96.683532, 32.792355 ], [ -96.682684, 32.792347 ], [ -96.68262, 32.79235 ], [ -96.682487, 32.792347 ], [ -96.680312, 32.792322 ], [ -96.679981, 32.792306 ], [ -96.678879, 32.792293 ], [ -96.677632, 32.792277 ], [ -96.677643, 32.791649 ], [ -96.675922, 32.791644 ], [ -96.675788, 32.791643 ], [ -96.675275, 32.791635 ], [ -96.675098, 32.791633 ], [ -96.675005, 32.791632 ], [ -96.67382, 32.791616 ], [ -96.673821, 32.791547 ], [ -96.673375, 32.791546 ], [ -96.673196, 32.791543 ], [ -96.673097, 32.791544 ], [ -96.673095, 32.7915 ], [ -96.673063, 32.791389 ], [ -96.673107, 32.791344 ], [ -96.673134, 32.791293 ], [ -96.67312, 32.790843 ], [ -96.673113, 32.790425 ], [ -96.673101, 32.789801 ], [ -96.673095, 32.789462 ], [ -96.673088, 32.789148 ], [ -96.673055, 32.787735 ], [ -96.673053, 32.787491 ], [ -96.673048, 32.787064 ], [ -96.672437, 32.786516 ], [ -96.670432, 32.784771 ], [ -96.671247, 32.784785 ], [ -96.671257, 32.784136 ], [ -96.67126, 32.784037 ], [ -96.671239, 32.784037 ], [ -96.670926, 32.784035 ], [ -96.669711, 32.784023 ], [ -96.669481, 32.784023 ], [ -96.669481, 32.783941 ], [ -96.669491, 32.783317 ], [ -96.668237, 32.783321 ], [ -96.667992, 32.783323 ], [ -96.667792, 32.783051 ], [ -96.667779, 32.783035 ], [ -96.667768, 32.783014 ], [ -96.667494, 32.782716 ], [ -96.667402, 32.782629 ], [ -96.666967, 32.782239 ], [ -96.66685, 32.782134 ], [ -96.666378, 32.781699 ], [ -96.666197, 32.7815 ], [ -96.666059, 32.781312 ], [ -96.665518, 32.780754 ], [ -96.664944, 32.780213 ], [ -96.664717, 32.780004 ], [ -96.664214, 32.77956 ], [ -96.6635, 32.778929 ], [ -96.663106, 32.778581 ], [ -96.66275, 32.778573 ], [ -96.662199, 32.778561 ], [ -96.662152, 32.778515 ], [ -96.662034, 32.778388 ], [ -96.661869, 32.778241 ], [ -96.66145, 32.777918 ], [ -96.661365, 32.777852 ], [ -96.660749, 32.777322 ], [ -96.659959, 32.776663 ], [ -96.659634, 32.776408 ], [ -96.657419, 32.774544 ], [ -96.657203, 32.774367 ], [ -96.656724, 32.77394 ], [ -96.656501, 32.773764 ], [ -96.65636, 32.77366 ], [ -96.655926, 32.773283 ], [ -96.654461, 32.772022 ], [ -96.654421, 32.771984 ], [ -96.653061, 32.770827 ], [ -96.651136, 32.769168 ], [ -96.650361, 32.76851 ], [ -96.650242, 32.7684 ], [ -96.650186, 32.76835 ], [ -96.650101, 32.768282 ], [ -96.650007, 32.768209 ], [ -96.648924, 32.767285 ], [ -96.648736, 32.767125 ], [ -96.648612, 32.767018 ], [ -96.647646, 32.766227 ], [ -96.647538, 32.766132 ], [ -96.647444, 32.766058 ], [ -96.646651, 32.765324 ], [ -96.646358, 32.765104 ], [ -96.646085, 32.764875 ], [ -96.646023, 32.764825 ], [ -96.645769, 32.764617 ], [ -96.64465, 32.763638 ], [ -96.644377, 32.76341 ], [ -96.64433, 32.763362 ], [ -96.644241, 32.763256 ], [ -96.64421, 32.763208 ], [ -96.644163, 32.763089 ], [ -96.644131, 32.76297 ], [ -96.644046, 32.76252 ], [ -96.644032, 32.762445 ], [ -96.644006, 32.762375 ], [ -96.643979, 32.762292 ], [ -96.643721, 32.761024 ], [ -96.643428, 32.759642 ], [ -96.643384, 32.759507 ], [ -96.643353, 32.759439 ], [ -96.643273, 32.759296 ], [ -96.64315, 32.75911 ], [ -96.643072, 32.759014 ], [ -96.643009, 32.758951 ], [ -96.64277, 32.758737 ], [ -96.642391, 32.758414 ], [ -96.642054, 32.758116 ], [ -96.640116, 32.756453 ], [ -96.639713, 32.756106 ], [ -96.639274, 32.755732 ], [ -96.639012, 32.755515 ], [ -96.639015, 32.755387 ], [ -96.639043, 32.754125 ], [ -96.639044, 32.754086 ], [ -96.639057, 32.753447 ], [ -96.639128, 32.750138 ], [ -96.639137, 32.748801 ], [ -96.639138, 32.748732 ], [ -96.63914, 32.748637 ], [ -96.639141, 32.748615 ], [ -96.639141, 32.748603 ], [ -96.639106, 32.748603 ], [ -96.639106, 32.748586 ], [ -96.639109, 32.7459 ], [ -96.639095, 32.744675 ], [ -96.639105, 32.743295 ], [ -96.639105, 32.74208 ], [ -96.639104, 32.741926 ], [ -96.639103, 32.741449 ], [ -96.639108, 32.741111 ], [ -96.639111, 32.740882 ], [ -96.639114, 32.740701 ], [ -96.639117, 32.740519 ], [ -96.639102, 32.739316 ], [ -96.639084, 32.737789 ], [ -96.639033, 32.737789 ], [ -96.638962, 32.735004 ], [ -96.638883, 32.734954 ], [ -96.638885, 32.73454 ], [ -96.638876, 32.73424 ], [ -96.638873, 32.734135 ], [ -96.638513, 32.734129 ], [ -96.638387, 32.734127 ], [ -96.638402, 32.734047 ], [ -96.638478, 32.730498 ], [ -96.638495, 32.729586 ], [ -96.638512, 32.728602 ], [ -96.638437, 32.728602 ], [ -96.638443, 32.727585 ], [ -96.63845, 32.726844 ], [ -96.638994, 32.72685 ], [ -96.639001, 32.726494 ], [ -96.639182, 32.726499 ], [ -96.639182, 32.72639 ], [ -96.639174, 32.72567 ], [ -96.639196, 32.724928 ], [ -96.639195, 32.724793 ], [ -96.639195, 32.724696 ], [ -96.639206, 32.724234 ], [ -96.639207, 32.724187 ], [ -96.639207, 32.724052 ], [ -96.639207, 32.723867 ], [ -96.639207, 32.723827 ], [ -96.639207, 32.723692 ], [ -96.639207, 32.723103 ], [ -96.638487, 32.723099 ], [ -96.638493, 32.722469 ], [ -96.638523, 32.719509 ], [ -96.638522, 32.719426 ], [ -96.638498, 32.719423 ], [ -96.638502, 32.719351 ], [ -96.638438, 32.715099 ], [ -96.638397, 32.712086 ], [ -96.638408, 32.711136 ], [ -96.638416, 32.710305 ], [ -96.638444, 32.708558 ], [ -96.638473, 32.70679 ], [ -96.638502, 32.705033 ], [ -96.637694, 32.705033 ], [ -96.635689, 32.705032 ], [ -96.635685, 32.70492 ], [ -96.63566, 32.704261 ], [ -96.635633, 32.704017 ], [ -96.635627, 32.703522 ], [ -96.635647, 32.701385 ], [ -96.635639, 32.699913 ], [ -96.635673, 32.699529 ], [ -96.636678, 32.69954 ], [ -96.636842, 32.699526 ], [ -96.636979, 32.698528 ], [ -96.637085, 32.697996 ], [ -96.63717, 32.697211 ], [ -96.637202, 32.696861 ], [ -96.637447, 32.694809 ], [ -96.63748, 32.69451 ], [ -96.637483, 32.694448 ], [ -96.637504, 32.694308 ], [ -96.637531, 32.694094 ], [ -96.637228, 32.693939 ], [ -96.63709, 32.693866 ], [ -96.635992, 32.693313 ], [ -96.635479, 32.693035 ], [ -96.635022, 32.692774 ], [ -96.63482, 32.692657 ], [ -96.634594, 32.692527 ], [ -96.634027, 32.692198 ], [ -96.633403, 32.69184 ], [ -96.632586, 32.691351 ], [ -96.63253, 32.691321 ], [ -96.632451, 32.69128 ], [ -96.63239, 32.691251 ], [ -96.632339, 32.691226 ], [ -96.632257, 32.691184 ], [ -96.632173, 32.691144 ], [ -96.632003, 32.691049 ], [ -96.631943, 32.691016 ], [ -96.631786, 32.690932 ], [ -96.631348, 32.690676 ], [ -96.631004, 32.690487 ], [ -96.630898, 32.690427 ], [ -96.630736, 32.690429 ], [ -96.630463, 32.69043 ], [ -96.630423, 32.690431 ], [ -96.630397, 32.690431 ], [ -96.629921, 32.690434 ], [ -96.629472, 32.690437 ], [ -96.629188, 32.690438 ], [ -96.628898, 32.69044 ], [ -96.628421, 32.690447 ], [ -96.624707, 32.690432 ], [ -96.623667, 32.690432 ], [ -96.622935, 32.690437 ], [ -96.622917, 32.691658 ], [ -96.622879, 32.694437 ], [ -96.622165, 32.694445 ], [ -96.622163, 32.695019 ], [ -96.62132, 32.695076 ], [ -96.621271, 32.695068 ], [ -96.621152, 32.695079 ], [ -96.621109, 32.69509 ], [ -96.620881, 32.695099 ], [ -96.619816, 32.695177 ], [ -96.618328, 32.69515 ], [ -96.617636, 32.695138 ], [ -96.617643, 32.695195 ], [ -96.617618, 32.69652 ], [ -96.614331, 32.696488 ], [ -96.614303, 32.697166 ], [ -96.614313, 32.69849 ], [ -96.614332, 32.699344 ], [ -96.614316, 32.699502 ], [ -96.614277, 32.699633 ], [ -96.614181, 32.701058 ], [ -96.614176, 32.701266 ], [ -96.613379, 32.701272 ], [ -96.612525, 32.701347 ], [ -96.610816, 32.701511 ], [ -96.609988, 32.701596 ], [ -96.60916, 32.701675 ], [ -96.607906, 32.701795 ], [ -96.607698, 32.701802 ], [ -96.607426, 32.701817 ], [ -96.606866, 32.701805 ], [ -96.606254, 32.701765 ], [ -96.606252, 32.70165 ], [ -96.60532, 32.701658 ], [ -96.605321, 32.701491 ], [ -96.604708, 32.701341 ], [ -96.604561, 32.701444 ], [ -96.604478, 32.701511 ], [ -96.604734, 32.701736 ], [ -96.603439, 32.701874 ], [ -96.602775, 32.701944 ], [ -96.602595, 32.702098 ], [ -96.602479, 32.702106 ], [ -96.599494, 32.702359 ], [ -96.598314, 32.70246 ], [ -96.59606, 32.702677 ], [ -96.595501, 32.702708 ], [ -96.595517, 32.702767 ], [ -96.593663, 32.702914 ], [ -96.591428, 32.703221 ], [ -96.590062, 32.703277 ], [ -96.589913, 32.703202 ], [ -96.588458, 32.703271 ], [ -96.588119, 32.703292 ], [ -96.586701, 32.703465 ], [ -96.586446, 32.703499 ], [ -96.586277, 32.703517 ], [ -96.585971, 32.703554 ], [ -96.585721, 32.703586 ], [ -96.585377, 32.703644 ], [ -96.584756, 32.703662 ], [ -96.583012, 32.703717 ], [ -96.582958, 32.703655 ], [ -96.581797, 32.703722 ], [ -96.579958, 32.703652 ], [ -96.57912, 32.703603 ], [ -96.578622, 32.703573 ], [ -96.576021, 32.703352 ], [ -96.575287, 32.70332 ], [ -96.575115, 32.703314 ], [ -96.575101, 32.703301 ], [ -96.574801, 32.703022 ], [ -96.574564, 32.702805 ], [ -96.574255, 32.702462 ], [ -96.574229, 32.702441 ], [ -96.574203, 32.702405 ], [ -96.573618, 32.701918 ], [ -96.573121, 32.701867 ], [ -96.572091, 32.701762 ], [ -96.571935, 32.701746 ], [ -96.5716, 32.701712 ], [ -96.571393, 32.70169 ], [ -96.571273, 32.701677 ], [ -96.570742, 32.701625 ], [ -96.569873, 32.701534 ], [ -96.569538, 32.7015 ], [ -96.569023, 32.701447 ], [ -96.568918, 32.701437 ], [ -96.56884, 32.701429 ], [ -96.568811, 32.701426 ], [ -96.5686, 32.701418 ], [ -96.568332, 32.701407 ], [ -96.568127, 32.701399 ], [ -96.567766, 32.701385 ], [ -96.567684, 32.701382 ], [ -96.567456, 32.701373 ], [ -96.567281, 32.701367 ], [ -96.567227, 32.701408 ], [ -96.567264, 32.701441 ], [ -96.567384, 32.701545 ], [ -96.567491, 32.701639 ], [ -96.56745, 32.701676 ], [ -96.567433, 32.701689 ], [ -96.566912, 32.702087 ], [ -96.566811, 32.702171 ], [ -96.566337, 32.701763 ], [ -96.566096, 32.701555 ], [ -96.56583, 32.70168 ], [ -96.565651, 32.701763 ], [ -96.565651, 32.701693 ], [ -96.565616, 32.701608 ], [ -96.565598, 32.701521 ], [ -96.565517, 32.701509 ], [ -96.56502, 32.701429 ], [ -96.56342, 32.701229 ], [ -96.562979, 32.701168 ], [ -96.562951, 32.701082 ], [ -96.562782, 32.700528 ], [ -96.562558, 32.699774 ], [ -96.562466, 32.699462 ], [ -96.562303, 32.698909 ], [ -96.562257, 32.698753 ], [ -96.562189, 32.698575 ], [ -96.56211, 32.6984 ], [ -96.562052, 32.698285 ], [ -96.561989, 32.698173 ], [ -96.561921, 32.698063 ], [ -96.561849, 32.697954 ], [ -96.561772, 32.697848 ], [ -96.561692, 32.697744 ], [ -96.561606, 32.697642 ], [ -96.561562, 32.697592 ], [ -96.561517, 32.697543 ], [ -96.56147, 32.697494 ], [ -96.561423, 32.697447 ], [ -96.561376, 32.697399 ], [ -96.561326, 32.697353 ], [ -96.561276, 32.697308 ], [ -96.561225, 32.697262 ], [ -96.561171, 32.697217 ], [ -96.561015, 32.697085 ], [ -96.560547, 32.696685 ], [ -96.559312, 32.69563 ], [ -96.558872, 32.69523 ], [ -96.558534, 32.694923 ], [ -96.558469, 32.694866 ], [ -96.558107, 32.694545 ], [ -96.557737, 32.69424 ], [ -96.555271, 32.692055 ], [ -96.555516, 32.691876 ], [ -96.558512, 32.689058 ], [ -96.558217, 32.68881 ], [ -96.557032, 32.687804 ], [ -96.556912, 32.687702 ], [ -96.556768, 32.687579 ], [ -96.556618, 32.687452 ], [ -96.557815, 32.6864 ], [ -96.562155, 32.682585 ], [ -96.562841, 32.681984 ], [ -96.562858, 32.681998 ], [ -96.562949, 32.682012 ], [ -96.563015, 32.682006 ], [ -96.563131, 32.681967 ], [ -96.563164, 32.681942 ], [ -96.563251, 32.681835 ], [ -96.563284, 32.681741 ], [ -96.563326, 32.681659 ], [ -96.563313, 32.681632 ], [ -96.563297, 32.681618 ], [ -96.563235, 32.681632 ], [ -96.563202, 32.681666 ], [ -96.563173, 32.681708 ], [ -96.563145, 32.681807 ], [ -96.563126, 32.681848 ], [ -96.563092, 32.681883 ], [ -96.563045, 32.681911 ], [ -96.562949, 32.681925 ], [ -96.562927, 32.681924 ], [ -96.56315, 32.681703 ], [ -96.562594, 32.68128 ], [ -96.562714, 32.681186 ], [ -96.562882, 32.681096 ], [ -96.563091, 32.681053 ], [ -96.564372, 32.680945 ], [ -96.566458, 32.680771 ], [ -96.566719, 32.680746 ], [ -96.56706, 32.680714 ], [ -96.567599, 32.680673 ], [ -96.567995, 32.680642 ], [ -96.568418, 32.680601 ], [ -96.568738, 32.680568 ], [ -96.56946, 32.680516 ], [ -96.569714, 32.680494 ], [ -96.5699, 32.680479 ], [ -96.571538, 32.680325 ], [ -96.571678, 32.680321 ], [ -96.573488, 32.680162 ], [ -96.573666, 32.68018 ], [ -96.573885, 32.680303 ], [ -96.574346, 32.680698 ], [ -96.57469, 32.680943 ], [ -96.575006, 32.680709 ], [ -96.575162, 32.680577 ], [ -96.575193, 32.680549 ], [ -96.575361, 32.680408 ], [ -96.575538, 32.680262 ], [ -96.575703, 32.680132 ], [ -96.575779, 32.680073 ], [ -96.57594, 32.679938 ], [ -96.574756, 32.678809 ], [ -96.574625, 32.678683 ], [ -96.575308, 32.678213 ], [ -96.576027, 32.677577 ], [ -96.576531, 32.677214 ], [ -96.577445, 32.676462 ], [ -96.57752, 32.676398 ], [ -96.578959, 32.675172 ], [ -96.580721, 32.67596 ], [ -96.581072, 32.675689 ], [ -96.58172, 32.675142 ], [ -96.582841, 32.674237 ], [ -96.583269, 32.673893 ], [ -96.583638, 32.673585 ], [ -96.584838, 32.672624 ], [ -96.585172, 32.672342 ], [ -96.585298, 32.672131 ], [ -96.585319, 32.672026 ], [ -96.585319, 32.671991 ], [ -96.58529, 32.671942 ], [ -96.588175, 32.669909 ], [ -96.588365, 32.669781 ], [ -96.588695, 32.669933 ], [ -96.589355, 32.670233 ], [ -96.590226, 32.670645 ], [ -96.590522, 32.670789 ], [ -96.594154, 32.67251 ], [ -96.595371, 32.673065 ], [ -96.595559, 32.67291 ], [ -96.595776, 32.672725 ], [ -96.597338, 32.671433 ], [ -96.59797, 32.670924 ], [ -96.593139, 32.668365 ], [ -96.5924, 32.66783 ], [ -96.592172, 32.667703 ], [ -96.591772, 32.667642 ], [ -96.591348, 32.667523 ], [ -96.591162, 32.667417 ], [ -96.591816, 32.666887 ], [ -96.592238, 32.666494 ], [ -96.592946, 32.665909 ], [ -96.593018, 32.665841 ], [ -96.59378, 32.665214 ], [ -96.59366, 32.665111 ], [ -96.59319, 32.664691 ], [ -96.593217, 32.66469 ], [ -96.593354, 32.664673 ], [ -96.593395, 32.664653 ], [ -96.593415, 32.664609 ], [ -96.593411, 32.664552 ], [ -96.593395, 32.664493 ], [ -96.593362, 32.664443 ], [ -96.593286, 32.664389 ], [ -96.593229, 32.664372 ], [ -96.593173, 32.664364 ], [ -96.593124, 32.664368 ], [ -96.59308, 32.664375 ], [ -96.593004, 32.664416 ], [ -96.592955, 32.664457 ], [ -96.592941, 32.66447 ], [ -96.591666, 32.663338 ], [ -96.59459, 32.660955 ], [ -96.59408, 32.660674 ], [ -96.593724, 32.660491 ], [ -96.593122, 32.660154 ], [ -96.592945, 32.660071 ], [ -96.592495, 32.659855 ], [ -96.592258, 32.659762 ], [ -96.591978, 32.659678 ], [ -96.591506, 32.659592 ], [ -96.590992, 32.659525 ], [ -96.590737, 32.659511 ], [ -96.590436, 32.659506 ], [ -96.590223, 32.659518 ], [ -96.589968, 32.659258 ], [ -96.589453, 32.658797 ], [ -96.587887, 32.657393 ], [ -96.586938, 32.656574 ], [ -96.582137, 32.652357 ], [ -96.583049, 32.651037 ], [ -96.584264, 32.649236 ], [ -96.584786, 32.648479 ], [ -96.585172, 32.648023 ], [ -96.585419, 32.647777 ], [ -96.585535, 32.64767 ], [ -96.585839, 32.647935 ], [ -96.586128, 32.648195 ], [ -96.590852, 32.652447 ], [ -96.592415, 32.653854 ], [ -96.589073, 32.656526 ], [ -96.589643, 32.656513 ], [ -96.590354, 32.656514 ], [ -96.590482, 32.656515 ], [ -96.590584, 32.656515 ], [ -96.590932, 32.656516 ], [ -96.591529, 32.657012 ], [ -96.593306, 32.658488 ], [ -96.593545, 32.658673 ], [ -96.593762, 32.658779 ], [ -96.593873, 32.658833 ], [ -96.594327, 32.65911 ], [ -96.59617, 32.660232 ], [ -96.599555, 32.662069 ], [ -96.603394, 32.664231 ], [ -96.605048, 32.662935 ], [ -96.606461, 32.661845 ], [ -96.608007, 32.663168 ], [ -96.610538, 32.665332 ], [ -96.61098, 32.664968 ], [ -96.611, 32.664983 ], [ -96.611028, 32.665047 ], [ -96.611062, 32.66511 ], [ -96.61109, 32.665145 ], [ -96.61111, 32.66518 ], [ -96.611145, 32.665208 ], [ -96.611234, 32.665244 ], [ -96.611276, 32.665255 ], [ -96.611324, 32.665273 ], [ -96.611351, 32.665273 ], [ -96.611372, 32.665267 ], [ -96.611455, 32.665221 ], [ -96.61153, 32.665191 ], [ -96.611675, 32.665093 ], [ -96.61173, 32.665047 ], [ -96.611916, 32.664918 ], [ -96.612035, 32.664859 ], [ -96.612067, 32.664809 ], [ -96.612143, 32.664757 ], [ -96.612157, 32.664727 ], [ -96.612157, 32.664704 ], [ -96.612074, 32.664647 ], [ -96.611985, 32.6646 ], [ -96.611902, 32.6646 ], [ -96.611875, 32.664589 ], [ -96.611861, 32.664566 ], [ -96.611854, 32.664541 ], [ -96.611895, 32.664519 ], [ -96.611924, 32.664513 ], [ -96.611957, 32.664507 ], [ -96.612005, 32.664507 ], [ -96.612054, 32.664513 ], [ -96.612109, 32.664524 ], [ -96.612219, 32.664566 ], [ -96.61226, 32.664554 ], [ -96.612281, 32.664537 ], [ -96.612308, 32.664484 ], [ -96.612336, 32.66445 ], [ -96.61237, 32.664426 ], [ -96.612398, 32.664386 ], [ -96.612494, 32.664374 ], [ -96.612522, 32.664339 ], [ -96.612597, 32.664212 ], [ -96.612625, 32.66413 ], [ -96.612666, 32.664037 ], [ -96.612728, 32.663986 ], [ -96.612749, 32.663905 ], [ -96.612708, 32.663818 ], [ -96.612693, 32.663797 ], [ -96.612639, 32.663719 ], [ -96.612591, 32.663684 ], [ -96.612521, 32.6637 ], [ -96.613893, 32.662571 ], [ -96.614898, 32.661732 ], [ -96.615746, 32.66104 ], [ -96.616006, 32.660804 ], [ -96.616117, 32.660515 ], [ -96.616517, 32.6565 ], [ -96.616538, 32.65614 ], [ -96.615515, 32.655136 ], [ -96.615206, 32.654872 ], [ -96.615839, 32.654403 ], [ -96.616088, 32.654205 ], [ -96.616021, 32.654023 ], [ -96.615483, 32.653541 ], [ -96.615129, 32.653218 ], [ -96.61514, 32.65321 ], [ -96.615191, 32.653128 ], [ -96.615234, 32.653049 ], [ -96.615246, 32.653005 ], [ -96.615242, 32.652952 ], [ -96.615221, 32.652917 ], [ -96.615191, 32.652898 ], [ -96.615114, 32.652881 ], [ -96.615046, 32.652873 ], [ -96.614978, 32.652884 ], [ -96.614872, 32.652927 ], [ -96.61484, 32.652956 ], [ -96.61459, 32.652729 ], [ -96.614115, 32.652297 ], [ -96.615224, 32.651401 ], [ -96.614025, 32.65072 ], [ -96.614949, 32.64986 ], [ -96.61568, 32.649213 ], [ -96.616983, 32.649719 ], [ -96.617721, 32.650005 ], [ -96.61782, 32.649884 ], [ -96.618347, 32.649208 ], [ -96.619485, 32.648248 ], [ -96.619591, 32.648338 ], [ -96.619689, 32.64842 ], [ -96.619732, 32.648442 ], [ -96.619754, 32.648471 ], [ -96.61975, 32.648507 ], [ -96.619719, 32.648552 ], [ -96.619685, 32.648585 ], [ -96.619624, 32.648622 ], [ -96.619564, 32.648666 ], [ -96.61949, 32.648713 ], [ -96.619302, 32.648879 ], [ -96.619259, 32.64893 ], [ -96.619228, 32.648981 ], [ -96.619207, 32.649029 ], [ -96.61918, 32.64907 ], [ -96.619163, 32.649116 ], [ -96.61915, 32.649191 ], [ -96.619128, 32.649268 ], [ -96.61911, 32.649317 ], [ -96.619052, 32.649473 ], [ -96.619005, 32.649544 ], [ -96.618948, 32.649664 ], [ -96.618877, 32.649775 ], [ -96.618825, 32.649875 ], [ -96.618764, 32.64997 ], [ -96.618598, 32.650181 ], [ -96.618556, 32.650249 ], [ -96.618455, 32.650446 ], [ -96.618456, 32.650526 ], [ -96.618451, 32.65063 ], [ -96.618475, 32.650778 ], [ -96.618481, 32.650895 ], [ -96.618462, 32.650947 ], [ -96.618431, 32.651001 ], [ -96.61841, 32.651078 ], [ -96.618395, 32.651158 ], [ -96.618391, 32.651249 ], [ -96.618377, 32.651373 ], [ -96.618386, 32.651491 ], [ -96.618386, 32.651592 ], [ -96.618391, 32.651679 ], [ -96.618405, 32.651743 ], [ -96.618354, 32.651975 ], [ -96.618343, 32.652068 ], [ -96.618339, 32.6522 ], [ -96.618344, 32.652409 ], [ -96.61833, 32.652481 ], [ -96.618283, 32.652652 ], [ -96.618245, 32.652732 ], [ -96.618216, 32.652822 ], [ -96.618179, 32.65303 ], [ -96.618179, 32.653149 ], [ -96.618193, 32.653289 ], [ -96.61826, 32.653478 ], [ -96.618349, 32.653655 ], [ -96.618472, 32.653841 ], [ -96.618562, 32.653967 ], [ -96.618732, 32.654249 ], [ -96.618808, 32.654437 ], [ -96.618836, 32.654536 ], [ -96.618926, 32.654905 ], [ -96.618954, 32.654989 ], [ -96.619016, 32.655082 ], [ -96.619054, 32.655172 ], [ -96.619144, 32.655361 ], [ -96.619172, 32.655402 ], [ -96.619196, 32.655426 ], [ -96.619243, 32.655454 ], [ -96.619267, 32.655398 ], [ -96.619266, 32.655352 ], [ -96.619243, 32.655279 ], [ -96.619177, 32.655116 ], [ -96.619153, 32.655036 ], [ -96.619143, 32.654986 ], [ -96.619143, 32.654846 ], [ -96.619167, 32.654783 ], [ -96.6192, 32.654719 ], [ -96.61921, 32.654684 ], [ -96.619219, 32.654608 ], [ -96.619219, 32.654465 ], [ -96.619191, 32.654333 ], [ -96.619181, 32.654242 ], [ -96.619158, 32.654145 ], [ -96.619115, 32.654027 ], [ -96.619054, 32.653914 ], [ -96.619006, 32.653841 ], [ -96.618902, 32.653595 ], [ -96.618878, 32.653484 ], [ -96.618845, 32.653399 ], [ -96.618803, 32.653312 ], [ -96.618581, 32.652915 ], [ -96.618538, 32.652805 ], [ -96.618514, 32.652724 ], [ -96.618493, 32.652617 ], [ -96.618505, 32.652469 ], [ -96.618509, 32.652109 ], [ -96.618523, 32.651981 ], [ -96.61857, 32.651333 ], [ -96.618622, 32.651162 ], [ -96.618684, 32.651047 ], [ -96.618722, 32.650959 ], [ -96.618774, 32.650886 ], [ -96.61883, 32.650782 ], [ -96.618934, 32.650643 ], [ -96.618943, 32.650582 ], [ -96.618943, 32.650519 ], [ -96.618953, 32.650444 ], [ -96.619009, 32.650221 ], [ -96.619047, 32.65003 ], [ -96.619274, 32.64956 ], [ -96.619519, 32.649076 ], [ -96.619576, 32.649009 ], [ -96.619619, 32.648936 ], [ -96.61968, 32.648866 ], [ -96.619746, 32.648746 ], [ -96.619931, 32.648472 ], [ -96.619954, 32.648415 ], [ -96.619964, 32.648367 ], [ -96.619959, 32.648299 ], [ -96.619969, 32.648241 ], [ -96.619964, 32.648186 ], [ -96.619942, 32.64815 ], [ -96.619873, 32.64808 ], [ -96.619868, 32.648051 ], [ -96.619874, 32.648021 ], [ -96.619891, 32.647978 ], [ -96.619844, 32.64794 ], [ -96.619972, 32.647838 ], [ -96.620045, 32.647899 ], [ -96.620176, 32.647999 ], [ -96.620198, 32.648015 ], [ -96.620265, 32.648062 ], [ -96.620473, 32.648187 ], [ -96.62051, 32.648206 ], [ -96.620568, 32.648218 ], [ -96.620625, 32.648218 ], [ -96.620668, 32.64821 ], [ -96.620713, 32.648181 ], [ -96.620829, 32.648094 ], [ -96.620947, 32.648037 ], [ -96.620983, 32.647998 ], [ -96.621112, 32.647911 ], [ -96.621209, 32.647838 ], [ -96.62143, 32.647655 ], [ -96.622021, 32.647193 ], [ -96.622076, 32.647146 ], [ -96.622856, 32.646498 ], [ -96.62222, 32.648289 ], [ -96.620906, 32.651977 ], [ -96.620921, 32.652445 ], [ -96.621835, 32.655129 ], [ -96.622078, 32.655088 ], [ -96.622179, 32.65507 ], [ -96.623464, 32.654826 ], [ -96.623714, 32.654758 ], [ -96.623943, 32.654592 ], [ -96.625806, 32.653028 ], [ -96.629698, 32.649751 ], [ -96.630065, 32.649434 ], [ -96.630122, 32.649378 ], [ -96.630951, 32.648707 ], [ -96.632854, 32.647122 ], [ -96.633269, 32.646834 ], [ -96.633475, 32.646608 ], [ -96.634151, 32.646047 ], [ -96.635931, 32.644564 ], [ -96.636084, 32.644435 ], [ -96.636462, 32.644202 ], [ -96.645347, 32.636645 ], [ -96.64546, 32.636566 ], [ -96.645839, 32.636789 ], [ -96.646121, 32.636961 ], [ -96.646545, 32.637185 ], [ -96.647518, 32.63769 ], [ -96.647794, 32.637853 ], [ -96.648053, 32.638005 ], [ -96.648533, 32.63825 ], [ -96.648741, 32.638379 ], [ -96.648861, 32.638474 ], [ -96.64895, 32.63853 ], [ -96.649047, 32.638578 ], [ -96.649122, 32.638598 ], [ -96.649292, 32.638633 ], [ -96.649466, 32.638682 ], [ -96.64959, 32.638708 ], [ -96.649683, 32.638734 ], [ -96.649815, 32.638782 ], [ -96.649958, 32.638845 ], [ -96.650364, 32.63901 ], [ -96.650455, 32.639052 ], [ -96.650517, 32.639091 ], [ -96.650614, 32.639141 ], [ -96.650664, 32.639153 ], [ -96.650718, 32.639159 ], [ -96.650935, 32.639209 ], [ -96.651121, 32.639242 ], [ -96.65124, 32.639239 ], [ -96.651298, 32.639226 ], [ -96.651372, 32.639193 ], [ -96.651445, 32.639144 ], [ -96.651774, 32.638945 ], [ -96.651995, 32.638838 ], [ -96.652076, 32.638812 ], [ -96.652157, 32.638773 ], [ -96.65226, 32.638714 ], [ -96.65248, 32.638551 ], [ -96.652569, 32.638463 ], [ -96.652681, 32.638312 ], [ -96.652933, 32.638011 ], [ -96.65306, 32.637887 ], [ -96.653153, 32.637808 ], [ -96.65325, 32.637737 ], [ -96.653389, 32.637625 ], [ -96.653635, 32.637385 ], [ -96.653956, 32.637085 ], [ -96.654126, 32.636971 ], [ -96.654219, 32.636884 ], [ -96.654285, 32.636795 ], [ -96.654382, 32.636654 ], [ -96.654435, 32.636594 ], [ -96.654495, 32.636566 ], [ -96.654576, 32.63657 ], [ -96.654743, 32.636609 ], [ -96.654894, 32.636626 ], [ -96.655254, 32.636698 ], [ -96.655401, 32.636736 ], [ -96.655556, 32.636786 ], [ -96.655873, 32.636926 ], [ -96.655996, 32.636968 ], [ -96.656217, 32.637053 ], [ -96.65626, 32.637062 ], [ -96.656302, 32.637073 ], [ -96.656379, 32.637096 ], [ -96.656934, 32.637464 ], [ -96.653142, 32.640725 ], [ -96.652987, 32.640822 ], [ -96.656819, 32.642107 ], [ -96.661069, 32.643861 ], [ -96.661377, 32.64399 ], [ -96.658626, 32.646183 ], [ -96.65662, 32.647772 ], [ -96.656914, 32.648022 ], [ -96.65691, 32.648034 ], [ -96.656922, 32.648063 ], [ -96.656957, 32.64808 ], [ -96.656982, 32.64808 ], [ -96.657067, 32.648152 ], [ -96.657068, 32.648171 ], [ -96.657166, 32.64826 ], [ -96.657204, 32.648289 ], [ -96.657251, 32.648332 ], [ -96.657336, 32.6484 ], [ -96.657363, 32.648421 ], [ -96.657383, 32.64842 ], [ -96.657469, 32.648494 ], [ -96.65749, 32.648536 ], [ -96.657549, 32.648598 ], [ -96.657571, 32.64864 ], [ -96.657622, 32.648687 ], [ -96.657656, 32.648705 ], [ -96.657737, 32.648738 ], [ -96.657763, 32.648766 ], [ -96.65778, 32.64882 ], [ -96.657801, 32.64886 ], [ -96.657857, 32.648916 ], [ -96.657933, 32.648981 ], [ -96.658006, 32.649054 ], [ -96.658066, 32.649104 ], [ -96.658215, 32.649248 ], [ -96.658245, 32.649251 ], [ -96.658283, 32.649237 ], [ -96.65832, 32.649217 ], [ -96.659509, 32.650232 ], [ -96.659505, 32.650328 ], [ -96.659527, 32.650449 ], [ -96.659545, 32.650514 ], [ -96.6596, 32.650538 ], [ -96.659689, 32.650556 ], [ -96.659727, 32.650552 ], [ -96.659761, 32.650542 ], [ -96.659828, 32.650498 ], [ -96.663223, 32.653387 ], [ -96.663239, 32.653422 ], [ -96.663252, 32.653465 ], [ -96.663286, 32.653505 ], [ -96.663337, 32.653541 ], [ -96.663473, 32.653599 ], [ -96.663621, 32.653726 ], [ -96.663642, 32.653763 ], [ -96.663671, 32.653793 ], [ -96.663694, 32.653814 ], [ -96.66372, 32.653833 ], [ -96.663752, 32.653842 ], [ -96.666752, 32.656388 ], [ -96.667166, 32.656052 ], [ -96.668666, 32.657349 ], [ -96.669155, 32.657768 ], [ -96.670179, 32.658663 ], [ -96.670128, 32.658682 ], [ -96.670692, 32.659234 ], [ -96.670554, 32.659488 ], [ -96.669714, 32.661028 ], [ -96.669566, 32.661833 ], [ -96.669185, 32.663786 ], [ -96.66913, 32.663941 ], [ -96.669059, 32.664153 ], [ -96.66904, 32.664277 ], [ -96.668998, 32.664559 ], [ -96.668949, 32.664892 ], [ -96.669077, 32.664995 ], [ -96.671885, 32.667347 ], [ -96.672225, 32.667636 ], [ -96.672167, 32.667792 ], [ -96.671926, 32.668383 ], [ -96.671684, 32.668992 ], [ -96.679082, 32.669091 ], [ -96.67922, 32.669384 ], [ -96.679338, 32.669866 ], [ -96.679363, 32.670301 ], [ -96.679247, 32.670755 ], [ -96.679047, 32.671216 ], [ -96.678792, 32.671722 ], [ -96.678446, 32.672182 ], [ -96.676841, 32.673775 ], [ -96.676641, 32.674208 ], [ -96.676598, 32.674372 ], [ -96.676526, 32.674642 ], [ -96.676524, 32.674688 ], [ -96.676549, 32.675097 ], [ -96.676623, 32.675361 ], [ -96.676668, 32.675462 ], [ -96.676701, 32.67551 ], [ -96.676884, 32.675724 ], [ -96.676931, 32.675773 ], [ -96.676984, 32.67582 ], [ -96.677327, 32.676082 ], [ -96.677385, 32.676115 ], [ -96.677715, 32.676264 ], [ -96.677989, 32.676356 ], [ -96.678388, 32.676405 ], [ -96.678809, 32.676402 ], [ -96.679305, 32.676308 ], [ -96.679684, 32.676218 ], [ -96.680165, 32.676043 ], [ -96.68127, 32.675466 ], [ -96.684235, 32.673631 ], [ -96.684642, 32.673396 ], [ -96.685008, 32.673227 ], [ -96.685299, 32.67315 ], [ -96.685589, 32.673151 ], [ -96.687373, 32.672596 ], [ -96.687986, 32.672384 ], [ -96.688348, 32.67227 ], [ -96.688978, 32.671969 ], [ -96.68948, 32.671836 ], [ -96.690898, 32.671861 ], [ -96.691457, 32.671921 ], [ -96.691873, 32.672028 ], [ -96.692176, 32.67246 ], [ -96.692288, 32.672596 ], [ -96.692575, 32.673151 ], [ -96.692793, 32.673848 ], [ -96.692933, 32.674356 ], [ -96.693019, 32.674487 ], [ -96.693206, 32.674778 ], [ -96.693923, 32.67543 ], [ -96.694601, 32.675906 ], [ -96.694989, 32.676462 ], [ -96.695154, 32.67671 ], [ -96.695339, 32.677284 ], [ -96.695342, 32.677701 ], [ -96.695244, 32.678044 ], [ -96.695027, 32.678341 ], [ -96.694678, 32.678693 ], [ -96.694386, 32.679034 ], [ -96.694165, 32.679488 ], [ -96.693907, 32.679963 ], [ -96.693819, 32.680155 ], [ -96.693712, 32.680418 ], [ -96.693689, 32.680645 ], [ -96.695054, 32.680506 ], [ -96.696288, 32.68038 ], [ -96.696654, 32.680305 ], [ -96.696868, 32.680221 ], [ -96.697044, 32.680088 ], [ -96.69717, 32.679849 ], [ -96.697255, 32.679741 ], [ -96.697355, 32.679659 ], [ -96.697616, 32.679573 ], [ -96.698099, 32.679542 ], [ -96.698402, 32.679589 ], [ -96.698521, 32.679622 ], [ -96.698677, 32.679665 ], [ -96.698844, 32.679737 ], [ -96.69893, 32.679835 ], [ -96.698939, 32.679938 ], [ -96.698899, 32.680057 ], [ -96.698811, 32.680226 ], [ -96.698782, 32.680364 ], [ -96.698822, 32.680443 ], [ -96.698886, 32.680481 ], [ -96.699039, 32.680516 ], [ -96.699134, 32.680513 ], [ -96.699214, 32.680443 ], [ -96.699321, 32.680296 ], [ -96.699383, 32.680192 ], [ -96.699432, 32.680144 ], [ -96.699503, 32.680131 ], [ -96.699672, 32.680159 ], [ -96.69974, 32.680144 ], [ -96.69978, 32.680108 ], [ -96.69984, 32.680004 ], [ -96.700029, 32.679888 ], [ -96.700242, 32.679663 ], [ -96.700313, 32.679628 ], [ -96.70099, 32.679463 ], [ -96.701868, 32.679198 ], [ -96.702123, 32.679154 ], [ -96.702258, 32.679089 ], [ -96.702349, 32.679027 ], [ -96.702475, 32.678846 ], [ -96.702589, 32.678584 ], [ -96.702801, 32.67827 ], [ -96.702853, 32.678222 ], [ -96.703108, 32.678121 ], [ -96.703167, 32.678087 ], [ -96.703325, 32.67784 ], [ -96.703376, 32.677541 ], [ -96.703416, 32.677465 ], [ -96.703552, 32.677312 ], [ -96.703665, 32.677215 ], [ -96.703715, 32.677164 ], [ -96.703724, 32.677093 ], [ -96.703833, 32.676904 ], [ -96.704, 32.676734 ], [ -96.704157, 32.676665 ], [ -96.704457, 32.676581 ], [ -96.704737, 32.676455 ], [ -96.705139, 32.67623 ], [ -96.70618, 32.675722 ], [ -96.706441, 32.675639 ], [ -96.707156, 32.675295 ], [ -96.707205, 32.675258 ], [ -96.707359, 32.675106 ], [ -96.70743, 32.675073 ], [ -96.707514, 32.675073 ], [ -96.707579, 32.675059 ], [ -96.709062, 32.674341 ], [ -96.710696, 32.673575 ], [ -96.712031, 32.672811 ], [ -96.713813, 32.671817 ], [ -96.713974, 32.671719 ], [ -96.714145, 32.671549 ], [ -96.71442, 32.671424 ], [ -96.714778, 32.671309 ], [ -96.715569, 32.670882 ], [ -96.716377, 32.670468 ], [ -96.717329, 32.670001 ], [ -96.717758, 32.669849 ], [ -96.718095, 32.669652 ], [ -96.71821, 32.669596 ], [ -96.718303, 32.669576 ], [ -96.718579, 32.669451 ], [ -96.718816, 32.669371 ], [ -96.719083, 32.66929 ], [ -96.719355, 32.669221 ], [ -96.719723, 32.669147 ], [ -96.720094, 32.669096 ], [ -96.720379, 32.669071 ], [ -96.720663, 32.669059 ], [ -96.720947, 32.66906 ], [ -96.721325, 32.66908 ], [ -96.721607, 32.669111 ], [ -96.721886, 32.669153 ], [ -96.722163, 32.669208 ], [ -96.722436, 32.669275 ], [ -96.722704, 32.669353 ], [ -96.722967, 32.669445 ], [ -96.723223, 32.669546 ], [ -96.723391, 32.66962 ], [ -96.723556, 32.669699 ], [ -96.723717, 32.669784 ], [ -96.723887, 32.66988 ], [ -96.723952, 32.669919 ], [ -96.724028, 32.669966 ], [ -96.724103, 32.670015 ], [ -96.724196, 32.670079 ], [ -96.724251, 32.670114 ], [ -96.724323, 32.670167 ], [ -96.724395, 32.670219 ], [ -96.724465, 32.670273 ], [ -96.724531, 32.670334 ], [ -96.724752, 32.669577 ], [ -96.724933, 32.668951 ], [ -96.724396, 32.667932 ], [ -96.723933, 32.66697 ], [ -96.723577, 32.666184 ], [ -96.723434, 32.665855 ], [ -96.723167, 32.665208 ], [ -96.722922, 32.664597 ], [ -96.722741, 32.664112 ], [ -96.722678, 32.663932 ], [ -96.722568, 32.663632 ], [ -96.722466, 32.663361 ], [ -96.722322, 32.662965 ], [ -96.722556, 32.662927 ], [ -96.723534, 32.662332 ], [ -96.724472, 32.661632 ], [ -96.724907, 32.661411 ], [ -96.725038, 32.661343 ], [ -96.725615, 32.661051 ], [ -96.725793, 32.660957 ], [ -96.726002, 32.660852 ], [ -96.726313, 32.660694 ], [ -96.726986, 32.660346 ], [ -96.728981, 32.659753 ], [ -96.729717, 32.659285 ], [ -96.729795, 32.659224 ], [ -96.729606, 32.65892 ], [ -96.729532, 32.658803 ], [ -96.729365, 32.658538 ], [ -96.729075, 32.658093 ], [ -96.729014, 32.658036 ], [ -96.728946, 32.657958 ], [ -96.728866, 32.657874 ], [ -96.728761, 32.657739 ], [ -96.728613, 32.657527 ], [ -96.727218, 32.655322 ], [ -96.727107, 32.655161 ], [ -96.726464, 32.654324 ], [ -96.726283, 32.654092 ], [ -96.726036, 32.653773 ], [ -96.726924, 32.653341 ], [ -96.726679, 32.652973 ], [ -96.727283, 32.652663 ], [ -96.731277, 32.65079 ], [ -96.731204, 32.650683 ], [ -96.729457, 32.648125 ], [ -96.733021, 32.646421 ], [ -96.731319, 32.64393 ], [ -96.73018, 32.642262 ], [ -96.730245, 32.642232 ], [ -96.73037, 32.642166 ], [ -96.73122, 32.641752 ], [ -96.732531, 32.641127 ], [ -96.732964, 32.640921 ], [ -96.733027, 32.640901 ], [ -96.733096, 32.640887 ], [ -96.733157, 32.640887 ], [ -96.733205, 32.640912 ], [ -96.733454, 32.640779 ], [ -96.729768, 32.635496 ], [ -96.730003, 32.634783 ], [ -96.731632, 32.630504 ], [ -96.731839, 32.629604 ], [ -96.73227, 32.629405 ], [ -96.732955, 32.629061 ], [ -96.734599, 32.628262 ], [ -96.73489, 32.628127 ], [ -96.73521, 32.627976 ], [ -96.735757, 32.627727 ], [ -96.736357, 32.627474 ], [ -96.737913, 32.626739 ], [ -96.739772, 32.625869 ], [ -96.73987, 32.625823 ], [ -96.740107, 32.625712 ], [ -96.740303, 32.625621 ], [ -96.741479, 32.625064 ], [ -96.742121, 32.62476 ], [ -96.742232, 32.624702 ], [ -96.744328, 32.623625 ], [ -96.744648, 32.623461 ], [ -96.745377, 32.618917 ], [ -96.745386, 32.618864 ], [ -96.745404, 32.618763 ], [ -96.745437, 32.618574 ], [ -96.746369, 32.618564 ], [ -96.753451, 32.618564 ], [ -96.758705, 32.61857 ], [ -96.760041, 32.618564 ], [ -96.761953, 32.618586 ], [ -96.763341, 32.618589 ], [ -96.764496, 32.618589 ], [ -96.765656, 32.618582 ], [ -96.765819, 32.618879 ], [ -96.766162, 32.619559 ], [ -96.767244, 32.621487 ], [ -96.767314, 32.621613 ], [ -96.767742, 32.622383 ], [ -96.767794, 32.622458 ], [ -96.767891, 32.622583 ], [ -96.767933, 32.622649 ], [ -96.768053, 32.622867 ], [ -96.76813, 32.623082 ], [ -96.768657, 32.62402 ], [ -96.769362, 32.625615 ], [ -96.7704, 32.627947 ], [ -96.77176, 32.631049 ], [ -96.772493, 32.63273 ], [ -96.772561, 32.632884 ], [ -96.772916, 32.633696 ], [ -96.77307, 32.634037 ], [ -96.773213, 32.634328 ], [ -96.773365, 32.634614 ], [ -96.773611, 32.635044 ], [ -96.774854, 32.637165 ], [ -96.775157, 32.637683 ], [ -96.775244, 32.63783 ], [ -96.775462, 32.638201 ], [ -96.775795, 32.63877 ], [ -96.777351, 32.641495 ], [ -96.7788, 32.640807 ], [ -96.780638, 32.639922 ], [ -96.781791, 32.639341 ], [ -96.782832, 32.638849 ], [ -96.783571, 32.638483 ], [ -96.783835, 32.63835 ], [ -96.783933, 32.638306 ], [ -96.784044, 32.63843 ], [ -96.78433, 32.638848 ], [ -96.785048, 32.639896 ], [ -96.787484, 32.643403 ], [ -96.787971, 32.644134 ], [ -96.78843, 32.644837 ], [ -96.788492, 32.644818 ], [ -96.788516, 32.644852 ], [ -96.788515, 32.6449 ], [ -96.788512, 32.645016 ], [ -96.788509, 32.645137 ], [ -96.788503, 32.645431 ], [ -96.788495, 32.645773 ], [ -96.78812, 32.645913 ], [ -96.787743, 32.646046 ], [ -96.78768, 32.647491 ], [ -96.788105, 32.647542 ], [ -96.788945, 32.647645 ], [ -96.790572, 32.647844 ], [ -96.796914, 32.648617 ], [ -96.796963, 32.648593 ], [ -96.796985, 32.648626 ], [ -96.797087, 32.648628 ], [ -96.797354, 32.648644 ], [ -96.802428, 32.649295 ], [ -96.802544, 32.649311 ], [ -96.804128, 32.648537 ], [ -96.804325, 32.648441 ], [ -96.805075, 32.648073 ], [ -96.805087, 32.648067 ], [ -96.805098, 32.648062 ], [ -96.80561, 32.64774 ], [ -96.805728, 32.647737 ], [ -96.80581, 32.64774 ], [ -96.806418, 32.647734 ], [ -96.809621, 32.647731 ], [ -96.810555, 32.64772 ], [ -96.811156, 32.647722 ], [ -96.813294, 32.647717 ], [ -96.814078, 32.647717 ], [ -96.814281, 32.647718 ], [ -96.814278, 32.647159 ], [ -96.81429, 32.644911 ], [ -96.81427, 32.644769 ], [ -96.814276, 32.642948 ], [ -96.814278, 32.642363 ], [ -96.814447, 32.642355 ], [ -96.815212, 32.642342 ], [ -96.816157, 32.642339 ], [ -96.817264, 32.642343 ], [ -96.818908, 32.642302 ], [ -96.81999, 32.642301 ], [ -96.82222, 32.642296 ], [ -96.822531, 32.642289 ], [ -96.822664, 32.642287 ], [ -96.822962, 32.642289 ], [ -96.823125, 32.642286 ], [ -96.823157, 32.642286 ], [ -96.82325, 32.642283 ], [ -96.823324, 32.642285 ], [ -96.823329, 32.642171 ], [ -96.823333, 32.642127 ], [ -96.823335, 32.642091 ], [ -96.823333, 32.642051 ], [ -96.823335, 32.641903 ], [ -96.823333, 32.641779 ], [ -96.823338, 32.638719 ], [ -96.823347, 32.638238 ], [ -96.823321, 32.636232 ], [ -96.823325, 32.635771 ], [ -96.823325, 32.635633 ], [ -96.823305, 32.633449 ], [ -96.823303, 32.633231 ], [ -96.823461, 32.633232 ], [ -96.823617, 32.633229 ], [ -96.824034, 32.633215 ], [ -96.824448, 32.63321 ], [ -96.825912, 32.633201 ], [ -96.826647, 32.633197 ], [ -96.826806, 32.633197 ], [ -96.830167, 32.633195 ], [ -96.830696, 32.63319 ], [ -96.831588, 32.633195 ], [ -96.831504, 32.632678 ], [ -96.831912, 32.632675 ], [ -96.832178, 32.632676 ], [ -96.832519, 32.632674 ], [ -96.833765, 32.632666 ], [ -96.834358, 32.632664 ], [ -96.835509, 32.632653 ], [ -96.835514, 32.633039 ], [ -96.835521, 32.63319 ], [ -96.835575, 32.63319 ], [ -96.837065, 32.63319 ], [ -96.838583, 32.633162 ], [ -96.84001, 32.63315 ], [ -96.840063, 32.63315 ], [ -96.84324, 32.633139 ], [ -96.843326, 32.633139 ], [ -96.844245, 32.633133 ], [ -96.848614, 32.633141 ], [ -96.849872, 32.63313 ], [ -96.85074, 32.633124 ], [ -96.853854, 32.633103 ], [ -96.854344, 32.633101 ], [ -96.855017, 32.633096 ], [ -96.856105, 32.633077 ], [ -96.85701, 32.633068 ], [ -96.857161, 32.633069 ], [ -96.858182, 32.633086 ], [ -96.858831, 32.633077 ], [ -96.862626, 32.633079 ], [ -96.864323, 32.633087 ], [ -96.86496, 32.633079 ], [ -96.865684, 32.633083 ], [ -96.865682, 32.63335 ], [ -96.865569, 32.635607 ], [ -96.865569, 32.63597 ], [ -96.87441, 32.636035 ], [ -96.874406, 32.640309 ], [ -96.87424, 32.640312 ], [ -96.874241, 32.641755 ], [ -96.874241, 32.642893 ], [ -96.874575, 32.642894 ], [ -96.876214, 32.642894 ], [ -96.877464, 32.642894 ], [ -96.878458, 32.642901 ], [ -96.87845, 32.643713 ], [ -96.878438, 32.644875 ], [ -96.878438, 32.645532 ], [ -96.878437, 32.646397 ], [ -96.878437, 32.646502 ], [ -96.87853, 32.646503 ], [ -96.879273, 32.646513 ], [ -96.879911, 32.64652 ], [ -96.879912, 32.647483 ], [ -96.879963, 32.647484 ], [ -96.880554, 32.647484 ], [ -96.881838, 32.6475 ], [ -96.883025, 32.6475 ], [ -96.883976, 32.647509 ], [ -96.884473, 32.647512 ], [ -96.884822, 32.647512 ], [ -96.885366, 32.647509 ], [ -96.887465, 32.647454 ], [ -96.887653, 32.647449 ], [ -96.888826, 32.647415 ], [ -96.889396, 32.647399 ], [ -96.889724, 32.647394 ], [ -96.889822, 32.647393 ], [ -96.891269, 32.647376 ], [ -96.891275, 32.647498 ], [ -96.891256, 32.648823 ], [ -96.891256, 32.650529 ], [ -96.891256, 32.652307 ], [ -96.891256, 32.653207 ], [ -96.891257, 32.654089 ], [ -96.891259, 32.654725 ], [ -96.891259, 32.654984 ], [ -96.891261, 32.655847 ], [ -96.891263, 32.656699 ], [ -96.891249, 32.65755 ], [ -96.891246, 32.657747 ], [ -96.891255, 32.659174 ], [ -96.891289, 32.659934 ], [ -96.891285, 32.660133 ], [ -96.891274, 32.660753 ], [ -96.891268, 32.661913 ], [ -96.891267, 32.662042 ], [ -96.891261, 32.663232 ], [ -96.891257, 32.664219 ], [ -96.891272, 32.664751 ], [ -96.891276, 32.664873 ], [ -96.891278, 32.666009 ], [ -96.891291, 32.666926 ], [ -96.891292, 32.667018 ], [ -96.891308, 32.668112 ], [ -96.891309, 32.668208 ], [ -96.891319, 32.668857 ], [ -96.89132, 32.669246 ], [ -96.891321, 32.669347 ], [ -96.891335, 32.670282 ], [ -96.891356, 32.671878 ], [ -96.891354, 32.672295 ], [ -96.891354, 32.672998 ], [ -96.891472, 32.672974 ], [ -96.892077, 32.672945 ], [ -96.892538, 32.672948 ], [ -96.892559, 32.672942 ], [ -96.892688, 32.672939 ], [ -96.892807, 32.672936 ], [ -96.89282, 32.674197 ], [ -96.892848, 32.676495 ], [ -96.89287, 32.676495 ], [ -96.893323, 32.676492 ], [ -96.894711, 32.676481 ], [ -96.895154, 32.676482 ], [ -96.896902, 32.676488 ], [ -96.89814, 32.676478 ], [ -96.899538, 32.676468 ], [ -96.899662, 32.676454 ], [ -96.89981, 32.676428 ], [ -96.899906, 32.676418 ], [ -96.900043, 32.676411 ], [ -96.900259, 32.676418 ], [ -96.901707, 32.676406 ], [ -96.902224, 32.676389 ], [ -96.902388, 32.676372 ], [ -96.903119, 32.676374 ], [ -96.903954, 32.676375 ], [ -96.904702, 32.676377 ], [ -96.905637, 32.676379 ], [ -96.905788, 32.676379 ], [ -96.905667, 32.67558 ], [ -96.908464, 32.675601 ], [ -96.90863, 32.675606 ], [ -96.90862, 32.676445 ], [ -96.915349, 32.67644 ], [ -96.921386, 32.676434 ], [ -96.921457, 32.676434 ], [ -96.922431, 32.67644 ], [ -96.92576, 32.676475 ], [ -96.925733, 32.676325 ], [ -96.925713, 32.676133 ], [ -96.925666, 32.675286 ], [ -96.925658, 32.674928 ], [ -96.925658, 32.674276 ], [ -96.925634, 32.673569 ], [ -96.925624, 32.670932 ], [ -96.925634, 32.670465 ], [ -96.925634, 32.669731 ], [ -96.925638, 32.669432 ], [ -96.925656, 32.668962 ], [ -96.92566, 32.668464 ], [ -96.925664, 32.668082 ], [ -96.925744, 32.667766 ], [ -96.925777, 32.666431 ], [ -96.925788, 32.664946 ], [ -96.925803, 32.663021 ], [ -96.925816, 32.662481 ], [ -96.925824, 32.66234 ], [ -96.925987, 32.66236 ], [ -96.926182, 32.662371 ], [ -96.926386, 32.662385 ], [ -96.929007, 32.662391 ], [ -96.92957, 32.662407 ], [ -96.930846, 32.662398 ], [ -96.931374, 32.662394 ], [ -96.932068, 32.662399 ], [ -96.932839, 32.66238 ], [ -96.933169, 32.662394 ], [ -96.933661, 32.662383 ], [ -96.935185, 32.662373 ], [ -96.939529, 32.662346 ], [ -96.941505, 32.662242 ], [ -96.941865, 32.662222 ], [ -96.942364, 32.662186 ], [ -96.94259, 32.662173 ], [ -96.942986, 32.66214 ], [ -96.943064, 32.66214 ], [ -96.94315, 32.662166 ], [ -96.943226, 32.662227 ], [ -96.943233, 32.662016 ], [ -96.943248, 32.661777 ], [ -96.943248, 32.661502 ], [ -96.94324, 32.65976 ], [ -96.943237, 32.659233 ], [ -96.943226, 32.658906 ], [ -96.94317, 32.657283 ], [ -96.943165, 32.656506 ], [ -96.943172, 32.656205 ], [ -96.943158, 32.655411 ], [ -96.943146, 32.655213 ], [ -96.943124, 32.654687 ], [ -96.943102, 32.654293 ], [ -96.943055, 32.653014 ], [ -96.943024, 32.652001 ], [ -96.943022, 32.651016 ], [ -96.943026, 32.650788 ], [ -96.942982, 32.650298 ], [ -96.942969, 32.650204 ], [ -96.94298, 32.649937 ], [ -96.942952, 32.648777 ], [ -96.942957, 32.647803 ], [ -96.942963, 32.647396 ], [ -96.942971, 32.647244 ], [ -96.942968, 32.647105 ], [ -96.942944, 32.646084 ], [ -96.942957, 32.643752 ], [ -96.942935, 32.642122 ], [ -96.942947, 32.641542 ], [ -96.942947, 32.64135 ], [ -96.942926, 32.640102 ], [ -96.94289, 32.637624 ], [ -96.942881, 32.635809 ], [ -96.942866, 32.634846 ], [ -96.94287, 32.634405 ], [ -96.942871, 32.634272 ], [ -96.942939, 32.6338 ], [ -96.9431, 32.63318 ], [ -96.943196, 32.632736 ], [ -96.943224, 32.632619 ], [ -96.94326, 32.632469 ], [ -96.943287, 32.632258 ], [ -96.943305, 32.632075 ], [ -96.943314, 32.631886 ], [ -96.943278, 32.631498 ], [ -96.943224, 32.631067 ], [ -96.943213, 32.630516 ], [ -96.943228, 32.629908 ], [ -96.943223, 32.629648 ], [ -96.943207, 32.628664 ], [ -96.943231, 32.62764 ], [ -96.94324, 32.626674 ], [ -96.943241, 32.626596 ], [ -96.943239, 32.626115 ], [ -96.943092, 32.625363 ], [ -96.942808, 32.624634 ], [ -96.942714, 32.624414 ], [ -96.942661, 32.62413 ], [ -96.942767, 32.62382 ], [ -96.943529, 32.622777 ], [ -96.944139, 32.62194 ], [ -96.945465, 32.620124 ], [ -96.948171, 32.620424 ], [ -96.949039, 32.62051 ], [ -96.949059, 32.620539 ], [ -96.949166, 32.620704 ], [ -96.949238, 32.620814 ], [ -96.95099, 32.62343 ], [ -96.95302, 32.626264 ], [ -96.953105, 32.626455 ], [ -96.953256, 32.626668 ], [ -96.953256, 32.627414 ], [ -96.953257, 32.632475 ], [ -96.953251, 32.632634 ], [ -96.953249, 32.632728 ], [ -96.953344, 32.632727 ], [ -96.953426, 32.63271 ], [ -96.953484, 32.632693 ], [ -96.953556, 32.632684 ], [ -96.953656, 32.632685 ], [ -96.953738, 32.632685 ], [ -96.953857, 32.632687 ], [ -96.956673, 32.632678 ], [ -96.957627, 32.632675 ], [ -96.957416, 32.63235 ], [ -96.956839, 32.631498 ], [ -96.957452, 32.631205 ], [ -96.957592, 32.63114 ], [ -96.958999, 32.630414 ], [ -96.961012, 32.629443 ], [ -96.96162, 32.62915 ], [ -96.971624, 32.624323 ], [ -96.971722, 32.624275 ], [ -96.972101, 32.62407 ], [ -96.9756, 32.622178 ], [ -96.97584, 32.622069 ], [ -96.975834, 32.622163 ], [ -96.975834, 32.62285 ], [ -96.975763, 32.623745 ], [ -96.975642, 32.624741 ], [ -96.975566, 32.625158 ], [ -96.97512, 32.627267 ], [ -96.974735, 32.628864 ], [ -96.974407, 32.630226 ], [ -96.973481, 32.632657 ], [ -96.973009, 32.633871 ], [ -96.972553, 32.635047 ], [ -96.972371, 32.635558 ], [ -96.972339, 32.635672 ], [ -96.972246, 32.636004 ], [ -96.972075, 32.636803 ], [ -96.972022, 32.637165 ], [ -96.972546, 32.637378 ], [ -96.972707, 32.637453 ], [ -96.975572, 32.638546 ], [ -96.975615, 32.638571 ], [ -96.975907, 32.638925 ], [ -96.97594, 32.638973 ], [ -96.975993, 32.639039 ], [ -96.976077, 32.639092 ], [ -96.976206, 32.639059 ], [ -96.976235, 32.639045 ], [ -96.976548, 32.639317 ], [ -96.97658, 32.639336 ], [ -96.976624, 32.639348 ], [ -96.97679, 32.639474 ], [ -96.976819, 32.639581 ], [ -96.97687, 32.639645 ], [ -96.976945, 32.639699 ], [ -96.977182, 32.639836 ], [ -96.977414, 32.63998 ], [ -96.977531, 32.640073 ], [ -96.977642, 32.64012 ], [ -96.977677, 32.640154 ], [ -96.977717, 32.640205 ], [ -96.977752, 32.640281 ], [ -96.977788, 32.640327 ], [ -96.977838, 32.640358 ], [ -96.977922, 32.6404 ], [ -96.97806, 32.640413 ], [ -96.978337, 32.640501 ], [ -96.978433, 32.640591 ], [ -96.978488, 32.640721 ], [ -96.978543, 32.640811 ], [ -96.979067, 32.641095 ], [ -96.979123, 32.641171 ], [ -96.979173, 32.641222 ], [ -96.979495, 32.641343 ], [ -96.979788, 32.641546 ], [ -96.980005, 32.641622 ], [ -96.980211, 32.641672 ], [ -96.981623, 32.641927 ], [ -96.981679, 32.641897 ], [ -96.981729, 32.641906 ], [ -96.981815, 32.641956 ], [ -96.982999, 32.642139 ], [ -96.984827, 32.642449 ], [ -96.985509, 32.642564 ], [ -96.986117, 32.642662 ], [ -96.986401, 32.642725 ], [ -96.986855, 32.642809 ], [ -96.987913, 32.642963 ], [ -96.989405, 32.643209 ], [ -96.99001, 32.6433 ], [ -96.989867, 32.643665 ], [ -96.989781, 32.643787 ], [ -96.98975, 32.643832 ], [ -96.989602, 32.644047 ], [ -96.989587, 32.645009 ], [ -96.989417, 32.645506 ] ], [ [ -96.938244, 32.719903 ], [ -96.937541, 32.719037 ], [ -96.937414, 32.718159 ], [ -96.936946, 32.717357 ], [ -96.936809, 32.717188 ], [ -96.936646, 32.717458 ], [ -96.937046, 32.717758 ], [ -96.937246, 32.718356 ], [ -96.937446, 32.718958 ], [ -96.937046, 32.719057 ], [ -96.937146, 32.719858 ], [ -96.936746, 32.719758 ], [ -96.936946, 32.720256 ], [ -96.938188, 32.72027 ], [ -96.938746, 32.720557 ], [ -96.938244, 32.719903 ] ], [ [ -96.897637, 32.732827 ], [ -96.896883, 32.73281 ], [ -96.895811, 32.732794 ], [ -96.894936, 32.732774 ], [ -96.892516, 32.732749 ], [ -96.892312, 32.732754 ], [ -96.892148, 32.732754 ], [ -96.892007, 32.732756 ], [ -96.891449, 32.732757 ], [ -96.891458, 32.731234 ], [ -96.890092, 32.731234 ], [ -96.889983, 32.731641 ], [ -96.888677, 32.73164 ], [ -96.887746, 32.731724 ], [ -96.887704, 32.733158 ], [ -96.887697, 32.733584 ], [ -96.88769, 32.734066 ], [ -96.887683, 32.734499 ], [ -96.887676, 32.734985 ], [ -96.887155, 32.734992 ], [ -96.88569, 32.734979 ], [ -96.885185, 32.734982 ], [ -96.884718, 32.734985 ], [ -96.884091, 32.734996 ], [ -96.882592, 32.734969 ], [ -96.882073, 32.734966 ], [ -96.881633, 32.734966 ], [ -96.881525, 32.734966 ], [ -96.880997, 32.734966 ], [ -96.880434, 32.734951 ], [ -96.880358, 32.734951 ], [ -96.879683, 32.734952 ], [ -96.87966, 32.735269 ], [ -96.879649, 32.735583 ], [ -96.87967, 32.735889 ], [ -96.879666, 32.736472 ], [ -96.87966, 32.736868 ], [ -96.87967, 32.737443 ], [ -96.879649, 32.737748 ], [ -96.879638, 32.738251 ], [ -96.879635, 32.73866 ], [ -96.87963, 32.739266 ], [ -96.878741, 32.739257 ], [ -96.878601, 32.739264 ], [ -96.878592, 32.740411 ], [ -96.878594, 32.740543 ], [ -96.878757, 32.740502 ], [ -96.879819, 32.74022 ], [ -96.880351, 32.740073 ], [ -96.880881, 32.739946 ], [ -96.880972, 32.739921 ], [ -96.88097, 32.739967 ], [ -96.880978, 32.740057 ], [ -96.880994, 32.740232 ], [ -96.881003, 32.740943 ], [ -96.881009, 32.741083 ], [ -96.881007, 32.741228 ], [ -96.881006, 32.742286 ], [ -96.8825, 32.742283 ], [ -96.883124, 32.742303 ], [ -96.88382, 32.742289 ], [ -96.885781, 32.74232 ], [ -96.887202, 32.742324 ], [ -96.888564, 32.742314 ], [ -96.888923, 32.742323 ], [ -96.890001, 32.742324 ], [ -96.890375, 32.742327 ], [ -96.89137, 32.742324 ], [ -96.891358, 32.742638 ], [ -96.891348, 32.743173 ], [ -96.891357, 32.74355 ], [ -96.891359, 32.743944 ], [ -96.891368, 32.744905 ], [ -96.891375, 32.745434 ], [ -96.891374, 32.746543 ], [ -96.895649, 32.746429 ], [ -96.89564, 32.744839 ], [ -96.893919, 32.744895 ], [ -96.893968, 32.744844 ], [ -96.893983, 32.744743 ], [ -96.893981, 32.742939 ], [ -96.893975, 32.742313 ], [ -96.893975, 32.741483 ], [ -96.893964, 32.741079 ], [ -96.893975, 32.740567 ], [ -96.893971, 32.739852 ], [ -96.893975, 32.739426 ], [ -96.893978, 32.739271 ], [ -96.893996, 32.7386 ], [ -96.893996, 32.737155 ], [ -96.894003, 32.73686 ], [ -96.893388, 32.736967 ], [ -96.893472, 32.736809 ], [ -96.893508, 32.736747 ], [ -96.893545, 32.736703 ], [ -96.893681, 32.736601 ], [ -96.893739, 32.736567 ], [ -96.89376, 32.736514 ], [ -96.893773, 32.735017 ], [ -96.894935, 32.734992 ], [ -96.896059, 32.735008 ], [ -96.896699, 32.734999 ], [ -96.896977, 32.735008 ], [ -96.897191, 32.735035 ], [ -96.8975, 32.735035 ], [ -96.897522, 32.735025 ], [ -96.897564, 32.734963 ], [ -96.897578, 32.734931 ], [ -96.898412, 32.735173 ], [ -96.898437, 32.735047 ], [ -96.898479, 32.734546 ], [ -96.898487, 32.734164 ], [ -96.898471, 32.733607 ], [ -96.898463, 32.732827 ], [ -96.898089, 32.732841 ], [ -96.89781, 32.732847 ], [ -96.89777, 32.732839 ], [ -96.897707, 32.732819 ], [ -96.897637, 32.732827 ] ], [ [ -96.819169, 32.832262 ], [ -96.819162, 32.831317 ], [ -96.819163, 32.830987 ], [ -96.819174, 32.830447 ], [ -96.819148, 32.82959 ], [ -96.81915, 32.829323 ], [ -96.819145, 32.829259 ], [ -96.819139, 32.829203 ], [ -96.819129, 32.828923 ], [ -96.819114, 32.828357 ], [ -96.819119, 32.82815 ], [ -96.819074, 32.828111 ], [ -96.818286, 32.827442 ], [ -96.818401, 32.827314 ], [ -96.818361, 32.827332 ], [ -96.818316, 32.827339 ], [ -96.818262, 32.827332 ], [ -96.818211, 32.827314 ], [ -96.818154, 32.827275 ], [ -96.81805, 32.827198 ], [ -96.817909, 32.82707 ], [ -96.817327, 32.826594 ], [ -96.81728, 32.826551 ], [ -96.817242, 32.826504 ], [ -96.817242, 32.82647 ], [ -96.817254, 32.826438 ], [ -96.817304, 32.826382 ], [ -96.817925, 32.825826 ], [ -96.817985, 32.825783 ], [ -96.818438, 32.825405 ], [ -96.81761, 32.824684 ], [ -96.817912, 32.824132 ], [ -96.818205, 32.823597 ], [ -96.818457, 32.823135 ], [ -96.818078, 32.822812 ], [ -96.817552, 32.822365 ], [ -96.816876, 32.821788 ], [ -96.816889, 32.821696 ], [ -96.816822, 32.821641 ], [ -96.816765, 32.821592 ], [ -96.816696, 32.821528 ], [ -96.815815, 32.820768 ], [ -96.815522, 32.820498 ], [ -96.815378, 32.820374 ], [ -96.814951, 32.820043 ], [ -96.814712, 32.819868 ], [ -96.814666, 32.819834 ], [ -96.813746, 32.820541 ], [ -96.813828, 32.820607 ], [ -96.813903, 32.820665 ], [ -96.813956, 32.820707 ], [ -96.8139, 32.820763 ], [ -96.813536, 32.821035 ], [ -96.813368, 32.82132 ], [ -96.813491, 32.821445 ], [ -96.813312, 32.821655 ], [ -96.813277, 32.821697 ], [ -96.813166, 32.821761 ], [ -96.813068, 32.821855 ], [ -96.812943, 32.821948 ], [ -96.812816, 32.822063 ], [ -96.812858, 32.822307 ], [ -96.812876, 32.82242 ], [ -96.812669, 32.822603 ], [ -96.812518, 32.822738 ], [ -96.812457, 32.822804 ], [ -96.812397, 32.822871 ], [ -96.812309, 32.822951 ], [ -96.812034, 32.823195 ], [ -96.810596, 32.823182 ], [ -96.810523, 32.823192 ], [ -96.809334, 32.823189 ], [ -96.807089, 32.823185 ], [ -96.80696, 32.823171 ], [ -96.806866, 32.823162 ], [ -96.806707, 32.823166 ], [ -96.806543, 32.823166 ], [ -96.806384, 32.823165 ], [ -96.806223, 32.823165 ], [ -96.806056, 32.823166 ], [ -96.805898, 32.823165 ], [ -96.80573, 32.823164 ], [ -96.805565, 32.823164 ], [ -96.805401, 32.823164 ], [ -96.805244, 32.823165 ], [ -96.80508, 32.823163 ], [ -96.804919, 32.823163 ], [ -96.804758, 32.823163 ], [ -96.804599, 32.823168 ], [ -96.804513, 32.823175 ], [ -96.80439, 32.823173 ], [ -96.804383, 32.822774 ], [ -96.804393, 32.822688 ], [ -96.80344, 32.822693 ], [ -96.802643, 32.822688 ], [ -96.802347, 32.822671 ], [ -96.802354, 32.821672 ], [ -96.802355, 32.821587 ], [ -96.802351, 32.82068 ], [ -96.802372, 32.81985 ], [ -96.802381, 32.819679 ], [ -96.802049, 32.819694 ], [ -96.80101, 32.819688 ], [ -96.800929, 32.819688 ], [ -96.800209, 32.819693 ], [ -96.800073, 32.819375 ], [ -96.80004, 32.819273 ], [ -96.800029, 32.81924 ], [ -96.799995, 32.819114 ], [ -96.799987, 32.81897 ], [ -96.799744, 32.818944 ], [ -96.799431, 32.818944 ], [ -96.799205, 32.818945 ], [ -96.799176, 32.819055 ], [ -96.799111, 32.819312 ], [ -96.798978, 32.819287 ], [ -96.798861, 32.819265 ], [ -96.798732, 32.819382 ], [ -96.79843, 32.819659 ], [ -96.798378, 32.81974 ], [ -96.798188, 32.820032 ], [ -96.797312, 32.820843 ], [ -96.797812, 32.822167 ], [ -96.798177, 32.82313 ], [ -96.798209, 32.823208 ], [ -96.798094, 32.823208 ], [ -96.797906, 32.82321 ], [ -96.797543, 32.823213 ], [ -96.796572, 32.823224 ], [ -96.79621, 32.823195 ], [ -96.795694, 32.823189 ], [ -96.79538, 32.823096 ], [ -96.794199, 32.822711 ], [ -96.793513, 32.822431 ], [ -96.792992, 32.822173 ], [ -96.79269, 32.82266 ], [ -96.79162, 32.823679 ], [ -96.791191, 32.824042 ], [ -96.79117, 32.824084 ], [ -96.790493, 32.824646 ], [ -96.789387, 32.825567 ], [ -96.788709, 32.826161 ], [ -96.788467, 32.826346 ], [ -96.787934, 32.826821 ], [ -96.787713, 32.827005 ], [ -96.787065, 32.827545 ], [ -96.786143, 32.828333 ], [ -96.783982, 32.830204 ], [ -96.783491, 32.830636 ], [ -96.782718, 32.831274 ], [ -96.78157, 32.832231 ], [ -96.7814, 32.832365 ], [ -96.781148, 32.832591 ], [ -96.780948, 32.832754 ], [ -96.780951, 32.832837 ], [ -96.780934, 32.833653 ], [ -96.781068, 32.836582 ], [ -96.779755, 32.836588 ], [ -96.779384, 32.83659 ], [ -96.779207, 32.836593 ], [ -96.779058, 32.83676 ], [ -96.77883, 32.83702 ], [ -96.7787, 32.837193 ], [ -96.778517, 32.837429 ], [ -96.778359, 32.837646 ], [ -96.77789, 32.83824 ], [ -96.777702, 32.838473 ], [ -96.777521, 32.838687 ], [ -96.777357, 32.83896 ], [ -96.777256, 32.839128 ], [ -96.777002, 32.839695 ], [ -96.776833, 32.840125 ], [ -96.776729, 32.840387 ], [ -96.776624, 32.840622 ], [ -96.776507, 32.840862 ], [ -96.77608, 32.841695 ], [ -96.775915, 32.841969 ], [ -96.775765, 32.842222 ], [ -96.775589, 32.842495 ], [ -96.775427, 32.842767 ], [ -96.775179, 32.843159 ], [ -96.774939, 32.843517 ], [ -96.774763, 32.843778 ], [ -96.774648, 32.843779 ], [ -96.774581, 32.84378 ], [ -96.77429, 32.843787 ], [ -96.774256, 32.843788 ], [ -96.774122, 32.843785 ], [ -96.77262, 32.84377 ], [ -96.771052, 32.843749 ], [ -96.771038, 32.844691 ], [ -96.771037, 32.844771 ], [ -96.771485, 32.84477 ], [ -96.77149, 32.845461 ], [ -96.772094, 32.84547 ], [ -96.772086, 32.845568 ], [ -96.772458, 32.84558 ], [ -96.772788, 32.845574 ], [ -96.773112, 32.845591 ], [ -96.773346, 32.845584 ], [ -96.7736, 32.845578 ], [ -96.773814, 32.845573 ], [ -96.773338, 32.846657 ], [ -96.772919, 32.847893 ], [ -96.772802, 32.848255 ], [ -96.772702, 32.848612 ], [ -96.77264, 32.848836 ], [ -96.772454, 32.84933 ], [ -96.772401, 32.849472 ], [ -96.772253, 32.849867 ], [ -96.772099, 32.850232 ], [ -96.772016, 32.850427 ], [ -96.771998, 32.850467 ], [ -96.772099, 32.850467 ], [ -96.772671, 32.850481 ], [ -96.772774, 32.850484 ], [ -96.772777, 32.851024 ], [ -96.773366, 32.851044 ], [ -96.773434, 32.851073 ], [ -96.775214, 32.851084 ], [ -96.777006, 32.85109 ], [ -96.776999, 32.851585 ], [ -96.776999, 32.851655 ], [ -96.77343, 32.851607 ], [ -96.773429, 32.851837 ], [ -96.77343, 32.852049 ], [ -96.773426, 32.852808 ], [ -96.77341, 32.852983 ], [ -96.773384, 32.853302 ], [ -96.77327, 32.853915 ], [ -96.773144, 32.854649 ], [ -96.773118, 32.854974 ], [ -96.773104, 32.855514 ], [ -96.776974, 32.85549 ], [ -96.776974, 32.855514 ], [ -96.776965, 32.855584 ], [ -96.776946, 32.855724 ], [ -96.776794, 32.856023 ], [ -96.77674, 32.856187 ], [ -96.77669, 32.856374 ], [ -96.77669, 32.857081 ], [ -96.776693, 32.857577 ], [ -96.777977, 32.857586 ], [ -96.778196, 32.857588 ], [ -96.780267, 32.857608 ], [ -96.78028, 32.858127 ], [ -96.780294, 32.859259 ], [ -96.780298, 32.859896 ], [ -96.782991, 32.859912 ], [ -96.783003, 32.86038 ], [ -96.783012, 32.861342 ], [ -96.783, 32.86231 ], [ -96.783031, 32.863338 ], [ -96.783047, 32.8643 ], [ -96.783068, 32.865375 ], [ -96.786747, 32.865389 ], [ -96.788632, 32.865405 ], [ -96.789658, 32.865401 ], [ -96.792107, 32.865392 ], [ -96.795451, 32.865399 ], [ -96.7958, 32.8654 ], [ -96.798545, 32.865408 ], [ -96.798541, 32.865479 ], [ -96.798653, 32.865477 ], [ -96.799339, 32.865477 ], [ -96.799616, 32.865478 ], [ -96.800557, 32.865479 ], [ -96.801804, 32.865482 ], [ -96.802768, 32.865488 ], [ -96.804013, 32.865491 ], [ -96.804172, 32.865495 ], [ -96.804203, 32.864441 ], [ -96.804205, 32.863653 ], [ -96.804213, 32.862744 ], [ -96.804197, 32.862181 ], [ -96.804207, 32.861787 ], [ -96.804214, 32.861357 ], [ -96.804239, 32.860672 ], [ -96.804258, 32.859817 ], [ -96.806387, 32.859842 ], [ -96.806372, 32.860394 ], [ -96.808584, 32.860422 ], [ -96.808597, 32.859828 ], [ -96.80861, 32.858865 ], [ -96.808618, 32.857912 ], [ -96.812154, 32.857933 ], [ -96.812324, 32.857922 ], [ -96.812419, 32.857048 ], [ -96.81251, 32.856341 ], [ -96.812872, 32.853343 ], [ -96.813135, 32.85141 ], [ -96.813168, 32.851174 ], [ -96.812996, 32.851166 ], [ -96.812226, 32.851177 ], [ -96.812086, 32.851177 ], [ -96.812098, 32.85022 ], [ -96.812099, 32.849263 ], [ -96.812104, 32.848301 ], [ -96.812125, 32.847327 ], [ -96.81301, 32.847327 ], [ -96.813012, 32.846883 ], [ -96.813667, 32.846884 ], [ -96.813721, 32.846381 ], [ -96.813831, 32.845356 ], [ -96.814164, 32.842775 ], [ -96.814302, 32.841617 ], [ -96.814413, 32.840696 ], [ -96.814509, 32.839906 ], [ -96.814627, 32.838904 ], [ -96.814739, 32.83796 ], [ -96.814774, 32.837558 ], [ -96.814853, 32.836834 ], [ -96.814879, 32.836627 ], [ -96.814954, 32.836624 ], [ -96.815022, 32.836627 ], [ -96.815142, 32.836624 ], [ -96.815219, 32.836624 ], [ -96.815591, 32.836627 ], [ -96.816248, 32.836627 ], [ -96.816974, 32.83663 ], [ -96.817351, 32.836638 ], [ -96.818592, 32.836647 ], [ -96.819237, 32.836655 ], [ -96.819216, 32.836447 ], [ -96.819198, 32.836153 ], [ -96.819191, 32.835921 ], [ -96.819191, 32.835754 ], [ -96.819201, 32.83488 ], [ -96.819183, 32.834059 ], [ -96.819173, 32.833229 ], [ -96.819169, 32.832262 ] ], [ [ -96.966346, 32.64586 ], [ -96.96637, 32.645904 ], [ -96.96641, 32.646 ], [ -96.9665, 32.646175 ], [ -96.966547, 32.646245 ], [ -96.966609, 32.64632 ], [ -96.966681, 32.646369 ], [ -96.966737, 32.646392 ], [ -96.966771, 32.646396 ], [ -96.966809, 32.646393 ], [ -96.966841, 32.646383 ], [ -96.96687, 32.646371 ], [ -96.966891, 32.646352 ], [ -96.966904, 32.64633 ], [ -96.966912, 32.646287 ], [ -96.966905, 32.64624 ], [ -96.966876, 32.646147 ], [ -96.966842, 32.646084 ], [ -96.966773, 32.646003 ], [ -96.96675, 32.645967 ], [ -96.966713, 32.645922 ], [ -96.966696, 32.645903 ], [ -96.966587, 32.645786 ], [ -96.966523, 32.645744 ], [ -96.966464, 32.645697 ], [ -96.966444, 32.645668 ], [ -96.966417, 32.645648 ], [ -96.966393, 32.645643 ], [ -96.966354, 32.645657 ], [ -96.966329, 32.645685 ], [ -96.966322, 32.645727 ], [ -96.966346, 32.64586 ] ], [ [ -96.967866, 32.64701 ], [ -96.967897, 32.64698 ], [ -96.967921, 32.646949 ], [ -96.967937, 32.646918 ], [ -96.96794, 32.646889 ], [ -96.967962, 32.646827 ], [ -96.967982, 32.6468 ], [ -96.968005, 32.646783 ], [ -96.968031, 32.646772 ], [ -96.968105, 32.646769 ], [ -96.968168, 32.646779 ], [ -96.968268, 32.646783 ], [ -96.968304, 32.646774 ], [ -96.968321, 32.64674 ], [ -96.968358, 32.646543 ], [ -96.968355, 32.646524 ], [ -96.968339, 32.64651 ], [ -96.968311, 32.646507 ], [ -96.968278, 32.646516 ], [ -96.968251, 32.646535 ], [ -96.96821, 32.646589 ], [ -96.96818, 32.646611 ], [ -96.96815, 32.646616 ], [ -96.968128, 32.646614 ], [ -96.968089, 32.6466 ], [ -96.968068, 32.646605 ], [ -96.968041, 32.646637 ], [ -96.96802, 32.646645 ], [ -96.967984, 32.646648 ], [ -96.96784, 32.646639 ], [ -96.96765, 32.646642 ], [ -96.967623, 32.646652 ], [ -96.967609, 32.646667 ], [ -96.967605, 32.646701 ], [ -96.967616, 32.646729 ], [ -96.967631, 32.646752 ], [ -96.967641, 32.64678 ], [ -96.967638, 32.646811 ], [ -96.967609, 32.646858 ], [ -96.967583, 32.646886 ], [ -96.967547, 32.64691 ], [ -96.967511, 32.646942 ], [ -96.967458, 32.647017 ], [ -96.967438, 32.647039 ], [ -96.967403, 32.647067 ], [ -96.967372, 32.647086 ], [ -96.967227, 32.647131 ], [ -96.967153, 32.647139 ], [ -96.967147, 32.647167 ], [ -96.967161, 32.647182 ], [ -96.967228, 32.647182 ], [ -96.96754, 32.647146 ], [ -96.967591, 32.647137 ], [ -96.967642, 32.647122 ], [ -96.967795, 32.64705 ], [ -96.967866, 32.64701 ] ], [ [ -96.964433, 32.653562 ], [ -96.96448, 32.65357 ], [ -96.964545, 32.653593 ], [ -96.964648, 32.653664 ], [ -96.964722, 32.653688 ], [ -96.964797, 32.653688 ], [ -96.964863, 32.65368 ], [ -96.964938, 32.653655 ], [ -96.964985, 32.653633 ], [ -96.965107, 32.653562 ], [ -96.965435, 32.653317 ], [ -96.965838, 32.653025 ], [ -96.966082, 32.652875 ], [ -96.966128, 32.652851 ], [ -96.966147, 32.652828 ], [ -96.966138, 32.652796 ], [ -96.9661, 32.652763 ], [ -96.965903, 32.652535 ], [ -96.965872, 32.652448 ], [ -96.965772, 32.652264 ], [ -96.96569, 32.652059 ], [ -96.965627, 32.651929 ], [ -96.965581, 32.651876 ], [ -96.965527, 32.651829 ], [ -96.965454, 32.651798 ], [ -96.965364, 32.651746 ], [ -96.965309, 32.651722 ], [ -96.965264, 32.651738 ], [ -96.965237, 32.651777 ], [ -96.965246, 32.651829 ], [ -96.965246, 32.65186 ], [ -96.965237, 32.651882 ], [ -96.965055, 32.651905 ], [ -96.964801, 32.651929 ], [ -96.964774, 32.651913 ], [ -96.964756, 32.651837 ], [ -96.964701, 32.651738 ], [ -96.964656, 32.6517 ], [ -96.964602, 32.65167 ], [ -96.964511, 32.651646 ], [ -96.96442, 32.651646 ], [ -96.964357, 32.651654 ], [ -96.964284, 32.651715 ], [ -96.96423, 32.651769 ], [ -96.964212, 32.651823 ], [ -96.964161, 32.651888 ], [ -96.964048, 32.652006 ], [ -96.96403, 32.652054 ], [ -96.964076, 32.652133 ], [ -96.964151, 32.652188 ], [ -96.964217, 32.652259 ], [ -96.964273, 32.652307 ], [ -96.964301, 32.652369 ], [ -96.96432, 32.652448 ], [ -96.96432, 32.65252 ], [ -96.964301, 32.652551 ], [ -96.964245, 32.652591 ], [ -96.964105, 32.652763 ], [ -96.964058, 32.652851 ], [ -96.963955, 32.653064 ], [ -96.963898, 32.653112 ], [ -96.963868, 32.653133 ], [ -96.963786, 32.653191 ], [ -96.963608, 32.653325 ], [ -96.963542, 32.653396 ], [ -96.963523, 32.653443 ], [ -96.963523, 32.653483 ], [ -96.963533, 32.653537 ], [ -96.963608, 32.653655 ], [ -96.963655, 32.653688 ], [ -96.96372, 32.653712 ], [ -96.963795, 32.653728 ], [ -96.96388, 32.653712 ], [ -96.963964, 32.65368 ], [ -96.964039, 32.653633 ], [ -96.964086, 32.653609 ], [ -96.96418, 32.653578 ], [ -96.964236, 32.653554 ], [ -96.96433, 32.653554 ], [ -96.964433, 32.653562 ] ], [ [ -96.953037, 32.656031 ], [ -96.953049, 32.655994 ], [ -96.953084, 32.655988 ], [ -96.953119, 32.655974 ], [ -96.953143, 32.655943 ], [ -96.953148, 32.655907 ], [ -96.953133, 32.65587 ], [ -96.953112, 32.655847 ], [ -96.953108, 32.655825 ], [ -96.953115, 32.6558 ], [ -96.95314, 32.655772 ], [ -96.953177, 32.655751 ], [ -96.953241, 32.655728 ], [ -96.953283, 32.655706 ], [ -96.953309, 32.655675 ], [ -96.953311, 32.65564 ], [ -96.953301, 32.655608 ], [ -96.953275, 32.65558 ], [ -96.953228, 32.655561 ], [ -96.953111, 32.655557 ], [ -96.953002, 32.655565 ], [ -96.952887, 32.655593 ], [ -96.952825, 32.655624 ], [ -96.952796, 32.65565 ], [ -96.952762, 32.65569 ], [ -96.952757, 32.655723 ], [ -96.952776, 32.655765 ], [ -96.952774, 32.655785 ], [ -96.952753, 32.655802 ], [ -96.952691, 32.655839 ], [ -96.952662, 32.655862 ], [ -96.952634, 32.655901 ], [ -96.952613, 32.655942 ], [ -96.952606, 32.656022 ], [ -96.952615, 32.656053 ], [ -96.952662, 32.656101 ], [ -96.952681, 32.656135 ], [ -96.952714, 32.656222 ], [ -96.952721, 32.65625 ], [ -96.952744, 32.6563 ], [ -96.952772, 32.656335 ], [ -96.952812, 32.656346 ], [ -96.952883, 32.65634 ], [ -96.952953, 32.656309 ], [ -96.953004, 32.656266 ], [ -96.953035, 32.656221 ], [ -96.953044, 32.656171 ], [ -96.953044, 32.6561 ], [ -96.953037, 32.656063 ], [ -96.953037, 32.656031 ] ], [ [ -96.957346, 32.657505 ], [ -96.957383, 32.657542 ], [ -96.957423, 32.657576 ], [ -96.957444, 32.657581 ], [ -96.957465, 32.657578 ], [ -96.957496, 32.657542 ], [ -96.957575, 32.657472 ], [ -96.957641, 32.657403 ], [ -96.957683, 32.657366 ], [ -96.957723, 32.657339 ], [ -96.957741, 32.657319 ], [ -96.957759, 32.657306 ], [ -96.957773, 32.65729 ], [ -96.957773, 32.657266 ], [ -96.957786, 32.657226 ], [ -96.957783, 32.657204 ], [ -96.957762, 32.657179 ], [ -96.957728, 32.657165 ], [ -96.957688, 32.657164 ], [ -96.957644, 32.657176 ], [ -96.957575, 32.657221 ], [ -96.957433, 32.657235 ], [ -96.957412, 32.657241 ], [ -96.957391, 32.657259 ], [ -96.957394, 32.657283 ], [ -96.957388, 32.657325 ], [ -96.95738, 32.657344 ], [ -96.957336, 32.657454 ], [ -96.957333, 32.657477 ], [ -96.957346, 32.657505 ] ], [ [ -96.966224, 32.673978 ], [ -96.966206, 32.673988 ], [ -96.96615, 32.673986 ], [ -96.966106, 32.673991 ], [ -96.966113, 32.674013 ], [ -96.966144, 32.674025 ], [ -96.966175, 32.674059 ], [ -96.966185, 32.674081 ], [ -96.966192, 32.674128 ], [ -96.966204, 32.67416 ], [ -96.966217, 32.674175 ], [ -96.966246, 32.674175 ], [ -96.966265, 32.674165 ], [ -96.966315, 32.674111 ], [ -96.966343, 32.67405 ], [ -96.966345, 32.674028 ], [ -96.966341, 32.674006 ], [ -96.966319, 32.673969 ], [ -96.9663, 32.673959 ], [ -96.966287, 32.673957 ], [ -96.966272, 32.673955 ], [ -96.966237, 32.673962 ], [ -96.966224, 32.673978 ] ], [ [ -96.966316, 32.674825 ], [ -96.966311, 32.67479 ], [ -96.966288, 32.674751 ], [ -96.96626, 32.674717 ], [ -96.96625, 32.674698 ], [ -96.966253, 32.674618 ], [ -96.966271, 32.674601 ], [ -96.966297, 32.674594 ], [ -96.966395, 32.674594 ], [ -96.96645, 32.674594 ], [ -96.966472, 32.674585 ], [ -96.966489, 32.674569 ], [ -96.9665, 32.674546 ], [ -96.9665, 32.674503 ], [ -96.966488, 32.674478 ], [ -96.966455, 32.67446 ], [ -96.966338, 32.674433 ], [ -96.966299, 32.674414 ], [ -96.966288, 32.674396 ], [ -96.966288, 32.674377 ], [ -96.966299, 32.674357 ], [ -96.966293, 32.674328 ], [ -96.966273, 32.67432 ], [ -96.966207, 32.674312 ], [ -96.96613, 32.674314 ], [ -96.966109, 32.67432 ], [ -96.966109, 32.674359 ], [ -96.966078, 32.674371 ], [ -96.966036, 32.674368 ], [ -96.966008, 32.674379 ], [ -96.966023, 32.674396 ], [ -96.966047, 32.6744 ], [ -96.966056, 32.674425 ], [ -96.966042, 32.674444 ], [ -96.96604, 32.674462 ], [ -96.966053, 32.674521 ], [ -96.966056, 32.674556 ], [ -96.966042, 32.674616 ], [ -96.966028, 32.674653 ], [ -96.966001, 32.674687 ], [ -96.965989, 32.674735 ], [ -96.965998, 32.674818 ], [ -96.966016, 32.674861 ], [ -96.966044, 32.674885 ], [ -96.966089, 32.674903 ], [ -96.966126, 32.674911 ], [ -96.966153, 32.674905 ], [ -96.9663, 32.674846 ], [ -96.966316, 32.674825 ] ], [ [ -96.947726, 32.675154 ], [ -96.947715, 32.675179 ], [ -96.94771, 32.67521 ], [ -96.947715, 32.675235 ], [ -96.947735, 32.675257 ], [ -96.947773, 32.675248 ], [ -96.94779, 32.675229 ], [ -96.947837, 32.675205 ], [ -96.947868, 32.675184 ], [ -96.947874, 32.67516 ], [ -96.947886, 32.675144 ], [ -96.947898, 32.675101 ], [ -96.9479, 32.675092 ], [ -96.947948, 32.675069 ], [ -96.947976, 32.675063 ], [ -96.947994, 32.675047 ], [ -96.947973, 32.675032 ], [ -96.947889, 32.675001 ], [ -96.947845, 32.675002 ], [ -96.947826, 32.675012 ], [ -96.94776, 32.675109 ], [ -96.947726, 32.675154 ] ], [ [ -96.931455, 32.689169 ], [ -96.931448, 32.68922 ], [ -96.931467, 32.689299 ], [ -96.931523, 32.689397 ], [ -96.931538, 32.689411 ], [ -96.931566, 32.689419 ], [ -96.931618, 32.689419 ], [ -96.931671, 32.689411 ], [ -96.931723, 32.689391 ], [ -96.931772, 32.689343 ], [ -96.931817, 32.689329 ], [ -96.931892, 32.68932 ], [ -96.932045, 32.689247 ], [ -96.932107, 32.689186 ], [ -96.93214, 32.68916 ], [ -96.932137, 32.689126 ], [ -96.932114, 32.689098 ], [ -96.93208, 32.689079 ], [ -96.93199, 32.689078 ], [ -96.931667, 32.689103 ], [ -96.931642, 32.68911 ], [ -96.931564, 32.689132 ], [ -96.931526, 32.689134 ], [ -96.931486, 32.689146 ], [ -96.931455, 32.689169 ] ], [ [ -96.982525, 32.69504 ], [ -96.982484, 32.695095 ], [ -96.982476, 32.69515 ], [ -96.982492, 32.695205 ], [ -96.982517, 32.695259 ], [ -96.9825, 32.695335 ], [ -96.9825, 32.695377 ], [ -96.982566, 32.695377 ], [ -96.982737, 32.695431 ], [ -96.982794, 32.695466 ], [ -96.98282, 32.695453 ], [ -96.982876, 32.695425 ], [ -96.982876, 32.695321 ], [ -96.982867, 32.695225 ], [ -96.982973, 32.694999 ], [ -96.982957, 32.694924 ], [ -96.98268, 32.694972 ], [ -96.982525, 32.69504 ] ], [ [ -96.982861, 32.695757 ], [ -96.9829, 32.69578 ], [ -96.982929, 32.695779 ], [ -96.982977, 32.695777 ], [ -96.983001, 32.695763 ], [ -96.98301, 32.695746 ], [ -96.983007, 32.695726 ], [ -96.982998, 32.695709 ], [ -96.982965, 32.695704 ], [ -96.982946, 32.695693 ], [ -96.982938, 32.695675 ], [ -96.982942, 32.695656 ], [ -96.982981, 32.695639 ], [ -96.983013, 32.695631 ], [ -96.983039, 32.695617 ], [ -96.983047, 32.695573 ], [ -96.983035, 32.695537 ], [ -96.983019, 32.695515 ], [ -96.982991, 32.695507 ], [ -96.982945, 32.695451 ], [ -96.982925, 32.695442 ], [ -96.982916, 32.695462 ], [ -96.982924, 32.695532 ], [ -96.982908, 32.695552 ], [ -96.982873, 32.69556 ], [ -96.982773, 32.695563 ], [ -96.982754, 32.695572 ], [ -96.982764, 32.695588 ], [ -96.982793, 32.695607 ], [ -96.982811, 32.695633 ], [ -96.982828, 32.695695 ], [ -96.982861, 32.695757 ] ], [ [ -96.980776, 32.702531 ], [ -96.980844, 32.702517 ], [ -96.980904, 32.702509 ], [ -96.980989, 32.702467 ], [ -96.981074, 32.70241 ], [ -96.981142, 32.702353 ], [ -96.981227, 32.702274 ], [ -96.981303, 32.702181 ], [ -96.981522, 32.702061 ], [ -96.982, 32.701817 ], [ -96.982119, 32.701724 ], [ -96.982238, 32.701624 ], [ -96.982297, 32.701566 ], [ -96.982323, 32.701495 ], [ -96.982314, 32.701394 ], [ -96.982229, 32.701323 ], [ -96.982195, 32.701287 ], [ -96.982085, 32.701279 ], [ -96.981941, 32.701287 ], [ -96.981779, 32.70123 ], [ -96.981754, 32.701152 ], [ -96.981737, 32.701073 ], [ -96.981703, 32.701016 ], [ -96.981635, 32.700966 ], [ -96.981499, 32.701002 ], [ -96.981397, 32.701059 ], [ -96.981329, 32.701172 ], [ -96.981261, 32.701186 ], [ -96.981184, 32.701223 ], [ -96.981046, 32.701277 ], [ -96.98087, 32.701409 ], [ -96.980613, 32.701555 ], [ -96.980496, 32.701666 ], [ -96.980462, 32.701759 ], [ -96.980496, 32.701884 ], [ -96.980513, 32.701994 ], [ -96.980453, 32.702095 ], [ -96.980436, 32.702181 ], [ -96.980428, 32.702281 ], [ -96.980453, 32.702353 ], [ -96.980555, 32.702474 ], [ -96.980615, 32.702517 ], [ -96.9807, 32.702531 ], [ -96.980776, 32.702531 ] ], [ [ -96.982938, 32.701794 ], [ -96.982887, 32.701723 ], [ -96.982832, 32.701697 ], [ -96.982768, 32.701666 ], [ -96.982649, 32.701666 ], [ -96.98253, 32.701695 ], [ -96.982488, 32.701745 ], [ -96.982496, 32.701788 ], [ -96.982666, 32.701923 ], [ -96.982751, 32.701966 ], [ -96.982811, 32.701988 ], [ -96.982845, 32.701981 ], [ -96.982904, 32.701945 ], [ -96.982972, 32.701945 ], [ -96.982981, 32.701887 ], [ -96.982938, 32.701794 ] ], [ [ -96.978062, 32.703403 ], [ -96.978135, 32.703422 ], [ -96.978257, 32.703252 ], [ -96.978294, 32.702965 ], [ -96.978327, 32.702923 ], [ -96.978376, 32.702896 ], [ -96.978361, 32.70286 ], [ -96.978344, 32.702769 ], [ -96.978351, 32.702689 ], [ -96.9783, 32.702652 ], [ -96.978236, 32.702565 ], [ -96.978277, 32.702488 ], [ -96.978394, 32.702236 ], [ -96.978394, 32.702129 ], [ -96.97841, 32.702038 ], [ -96.978402, 32.701974 ], [ -96.978302, 32.701757 ], [ -96.978252, 32.701737 ], [ -96.977997, 32.70175 ], [ -96.977985, 32.701751 ], [ -96.977927, 32.701743 ], [ -96.977777, 32.701709 ], [ -96.97751, 32.701659 ], [ -96.97736, 32.701667 ], [ -96.97716, 32.701701 ], [ -96.977035, 32.701751 ], [ -96.976901, 32.70185 ], [ -96.976751, 32.701997 ], [ -96.976759, 32.702032 ], [ -96.976776, 32.702074 ], [ -96.976768, 32.702129 ], [ -96.976693, 32.70225 ], [ -96.976701, 32.702326 ], [ -96.977, 32.702588 ], [ -96.977068, 32.702685 ], [ -96.977126, 32.702741 ], [ -96.977226, 32.702824 ], [ -96.977293, 32.702909 ], [ -96.977335, 32.702937 ], [ -96.977376, 32.702944 ], [ -96.977418, 32.702958 ], [ -96.977577, 32.703057 ], [ -96.977877, 32.703239 ], [ -96.97791, 32.70328 ], [ -96.977951, 32.703389 ], [ -96.978062, 32.703403 ] ], [ [ -96.980122, 32.702553 ], [ -96.98002, 32.702439 ], [ -96.979841, 32.702439 ], [ -96.979782, 32.702439 ], [ -96.97951, 32.702495 ], [ -96.979493, 32.702545 ], [ -96.979519, 32.702603 ], [ -96.979527, 32.702652 ], [ -96.979604, 32.702675 ], [ -96.97968, 32.702667 ], [ -96.979765, 32.702696 ], [ -96.979842, 32.70271 ], [ -96.979969, 32.702745 ], [ -96.980071, 32.702753 ], [ -96.98013, 32.702717 ], [ -96.980173, 32.702682 ], [ -96.980122, 32.702553 ] ], [ [ -96.978904, 32.702548 ], [ -96.978866, 32.702547 ], [ -96.978842, 32.70254 ], [ -96.978822, 32.702517 ], [ -96.978802, 32.702509 ], [ -96.978787, 32.702523 ], [ -96.978794, 32.702571 ], [ -96.978885, 32.702669 ], [ -96.978886, 32.702695 ], [ -96.978853, 32.702717 ], [ -96.978849, 32.70286 ], [ -96.978873, 32.702908 ], [ -96.978881, 32.702924 ], [ -96.979051, 32.702973 ], [ -96.97951, 32.702925 ], [ -96.97951, 32.702868 ], [ -96.979459, 32.702846 ], [ -96.979442, 32.702759 ], [ -96.979451, 32.70266 ], [ -96.979425, 32.702596 ], [ -96.979354, 32.70248 ], [ -96.979319, 32.702455 ], [ -96.979284, 32.702447 ], [ -96.979121, 32.702433 ], [ -96.979, 32.702432 ], [ -96.97898, 32.70244 ], [ -96.978963, 32.70246 ], [ -96.978953, 32.702513 ], [ -96.978934, 32.702544 ], [ -96.978904, 32.702548 ] ], [ [ -96.98331, 32.702629 ], [ -96.983295, 32.702616 ], [ -96.983167, 32.70261 ], [ -96.982981, 32.702703 ], [ -96.982896, 32.702753 ], [ -96.982887, 32.702803 ], [ -96.982896, 32.702882 ], [ -96.982938, 32.702931 ], [ -96.983108, 32.703075 ], [ -96.983295, 32.703196 ], [ -96.983329, 32.703175 ], [ -96.983227, 32.702875 ], [ -96.983261, 32.702796 ], [ -96.98332, 32.702717 ], [ -96.983346, 32.702674 ], [ -96.983329, 32.702646 ], [ -96.98331, 32.702629 ] ], [ [ -96.983702, 32.703097 ], [ -96.983646, 32.703096 ], [ -96.9836, 32.703114 ], [ -96.983405, 32.703254 ], [ -96.983259, 32.703321 ], [ -96.983227, 32.703345 ], [ -96.983225, 32.703366 ], [ -96.983244, 32.703395 ], [ -96.983283, 32.703412 ], [ -96.983485, 32.703555 ], [ -96.983549, 32.703584 ], [ -96.983591, 32.703594 ], [ -96.983629, 32.703612 ], [ -96.983667, 32.703606 ], [ -96.98372, 32.703609 ], [ -96.983753, 32.703606 ], [ -96.983708, 32.703567 ], [ -96.983695, 32.703552 ], [ -96.983686, 32.703542 ], [ -96.983661, 32.703528 ], [ -96.9836, 32.703448 ], [ -96.983585, 32.703408 ], [ -96.983593, 32.703386 ], [ -96.983595, 32.70335 ], [ -96.983674, 32.703218 ], [ -96.983727, 32.703139 ], [ -96.983736, 32.703111 ], [ -96.983702, 32.703097 ] ], [ [ -96.984331, 32.703826 ], [ -96.984289, 32.703826 ], [ -96.984162, 32.703926 ], [ -96.984, 32.704026 ], [ -96.983983, 32.704062 ], [ -96.984, 32.704112 ], [ -96.984204, 32.704155 ], [ -96.984289, 32.704147 ], [ -96.984493, 32.704133 ], [ -96.984569, 32.704161 ], [ -96.984586, 32.70424 ], [ -96.98462, 32.704326 ], [ -96.98468, 32.704391 ], [ -96.984773, 32.704419 ], [ -96.984824, 32.704355 ], [ -96.98485, 32.704212 ], [ -96.984807, 32.70414 ], [ -96.984756, 32.704012 ], [ -96.98468, 32.703961 ], [ -96.984657, 32.703974 ], [ -96.984578, 32.704019 ], [ -96.984493, 32.704019 ], [ -96.984442, 32.703975 ], [ -96.984374, 32.703896 ], [ -96.984331, 32.703826 ] ], [ [ -96.943102, 32.707194 ], [ -96.94315, 32.7072 ], [ -96.943263, 32.707186 ], [ -96.943351, 32.707181 ], [ -96.943399, 32.707174 ], [ -96.943464, 32.707147 ], [ -96.943544, 32.707079 ], [ -96.943568, 32.707039 ], [ -96.943568, 32.706985 ], [ -96.94352, 32.706728 ], [ -96.943528, 32.706708 ], [ -96.943552, 32.706694 ], [ -96.943584, 32.706687 ], [ -96.943608, 32.706674 ], [ -96.943616, 32.706632 ], [ -96.943595, 32.706592 ], [ -96.943512, 32.706106 ], [ -96.94348, 32.706059 ], [ -96.943439, 32.706038 ], [ -96.943399, 32.706032 ], [ -96.943295, 32.706032 ], [ -96.943239, 32.706059 ], [ -96.943215, 32.706086 ], [ -96.943199, 32.706255 ], [ -96.943231, 32.706485 ], [ -96.943199, 32.706525 ], [ -96.943166, 32.706532 ], [ -96.94311, 32.706573 ], [ -96.943038, 32.706646 ], [ -96.943014, 32.706713 ], [ -96.943006, 32.706775 ], [ -96.943022, 32.70685 ], [ -96.943046, 32.70691 ], [ -96.943054, 32.706944 ], [ -96.94303, 32.706991 ], [ -96.943022, 32.707039 ], [ -96.94303, 32.707106 ], [ -96.943038, 32.707133 ], [ -96.943062, 32.707174 ], [ -96.943102, 32.707194 ] ], [ [ -96.935975, 32.716547 ], [ -96.935962, 32.716603 ], [ -96.935993, 32.716678 ], [ -96.936002, 32.716772 ], [ -96.93606, 32.71685 ], [ -96.936273, 32.717007 ], [ -96.936491, 32.71707 ], [ -96.936588, 32.71707 ], [ -96.93678, 32.717025 ], [ -96.936842, 32.717004 ], [ -96.936881, 32.716954 ], [ -96.937002, 32.716932 ], [ -96.937091, 32.716887 ], [ -96.937219, 32.71676 ], [ -96.937242, 32.716678 ], [ -96.937251, 32.716409 ], [ -96.937232, 32.716296 ], [ -96.937192, 32.716195 ], [ -96.937019, 32.716061 ], [ -96.936953, 32.716026 ], [ -96.9369, 32.715978 ], [ -96.936837, 32.715763 ], [ -96.936819, 32.715702 ], [ -96.936837, 32.715578 ], [ -96.936851, 32.715522 ], [ -96.936846, 32.715429 ], [ -96.936815, 32.715384 ], [ -96.936748, 32.715339 ], [ -96.936686, 32.71532 ], [ -96.936553, 32.715242 ], [ -96.936508, 32.715198 ], [ -96.936402, 32.715182 ], [ -96.936317, 32.715152 ], [ -96.936264, 32.715122 ], [ -96.936206, 32.715069 ], [ -96.936113, 32.715032 ], [ -96.935997, 32.715029 ], [ -96.935962, 32.715055 ], [ -96.935917, 32.715114 ], [ -96.935895, 32.715156 ], [ -96.935917, 32.715178 ], [ -96.935975, 32.715189 ], [ -96.935993, 32.715204 ], [ -96.935993, 32.715252 ], [ -96.935962, 32.715335 ], [ -96.935953, 32.715421 ], [ -96.93598, 32.715533 ], [ -96.936055, 32.71562 ], [ -96.936175, 32.715743 ], [ -96.936273, 32.715859 ], [ -96.936308, 32.715975 ], [ -96.936308, 32.716082 ], [ -96.936273, 32.716203 ], [ -96.936206, 32.716334 ], [ -96.935975, 32.716547 ] ], [ [ -96.936624, 32.72083 ], [ -96.936575, 32.720841 ], [ -96.936553, 32.720857 ], [ -96.936517, 32.720889 ], [ -96.936566, 32.720936 ], [ -96.936763, 32.721018 ], [ -96.936901, 32.721054 ], [ -96.936996, 32.721079 ], [ -96.937192, 32.721124 ], [ -96.937251, 32.721131 ], [ -96.937421, 32.721111 ], [ -96.937613, 32.721111 ], [ -96.937962, 32.721097 ], [ -96.938172, 32.721094 ], [ -96.938221, 32.721071 ], [ -96.938248, 32.721026 ], [ -96.938204, 32.720894 ], [ -96.938145, 32.720804 ], [ -96.93811, 32.720789 ], [ -96.938065, 32.720778 ], [ -96.937929, 32.720761 ], [ -96.937166, 32.720796 ], [ -96.937112, 32.720807 ], [ -96.936767, 32.720826 ], [ -96.936624, 32.72083 ] ], [ [ -96.977574, 32.738411 ], [ -96.977556, 32.738476 ], [ -96.977565, 32.738522 ], [ -96.977588, 32.738567 ], [ -96.977641, 32.73863 ], [ -96.977767, 32.738706 ], [ -96.977857, 32.738737 ], [ -96.977951, 32.73876 ], [ -96.978128, 32.738811 ], [ -96.978224, 32.738906 ], [ -96.978261, 32.738928 ], [ -96.978315, 32.739053 ], [ -96.978371, 32.739098 ], [ -96.978439, 32.739105 ], [ -96.978482, 32.739084 ], [ -96.978476, 32.739033 ], [ -96.978452, 32.738988 ], [ -96.978339, 32.738947 ], [ -96.97825, 32.738811 ], [ -96.978224, 32.738785 ], [ -96.978128, 32.738732 ], [ -96.978017, 32.738675 ], [ -96.977945, 32.738653 ], [ -96.977873, 32.738657 ], [ -96.977801, 32.738619 ], [ -96.977729, 32.738569 ], [ -96.977646, 32.738448 ], [ -96.977652, 32.738377 ], [ -96.977664, 32.738356 ], [ -96.977668, 32.738318 ], [ -96.977664, 32.738287 ], [ -96.977652, 32.738247 ], [ -96.977602, 32.738154 ], [ -96.977574, 32.738014 ], [ -96.977574, 32.737941 ], [ -96.97758, 32.737912 ], [ -96.977635, 32.737865 ], [ -96.977655, 32.737831 ], [ -96.97769, 32.737664 ], [ -96.977704, 32.737617 ], [ -96.9777, 32.737555 ], [ -96.977679, 32.737539 ], [ -96.977673, 32.737499 ], [ -96.977679, 32.737459 ], [ -96.977695, 32.737412 ], [ -96.977713, 32.737319 ], [ -96.977663, 32.737291 ], [ -96.977624, 32.737299 ], [ -96.977605, 32.737308 ], [ -96.977556, 32.737333 ], [ -96.977534, 32.737364 ], [ -96.977529, 32.737468 ], [ -96.977476, 32.737544 ], [ -96.977467, 32.737589 ], [ -96.977444, 32.737634 ], [ -96.977424, 32.737688 ], [ -96.977426, 32.737764 ], [ -96.977452, 32.737828 ], [ -96.977452, 32.737902 ], [ -96.977424, 32.738089 ], [ -96.977417, 32.738245 ], [ -96.97744, 32.73828 ], [ -96.977529, 32.738307 ], [ -96.977556, 32.738329 ], [ -96.97757, 32.738366 ], [ -96.977574, 32.738411 ] ], [ [ -96.909694, 32.741996 ], [ -96.909757, 32.742021 ], [ -96.909905, 32.742046 ], [ -96.910133, 32.742033 ], [ -96.910254, 32.742024 ], [ -96.910414, 32.742025 ], [ -96.910524, 32.742005 ], [ -96.910587, 32.741979 ], [ -96.91065, 32.741949 ], [ -96.910765, 32.741884 ], [ -96.910869, 32.741833 ], [ -96.910939, 32.741818 ], [ -96.910965, 32.741799 ], [ -96.91098, 32.741774 ], [ -96.910984, 32.741753 ], [ -96.910972, 32.741719 ], [ -96.910887, 32.741585 ], [ -96.91082, 32.741466 ], [ -96.910695, 32.741298 ], [ -96.910532, 32.741138 ], [ -96.910506, 32.741099 ], [ -96.910498, 32.741067 ], [ -96.910483, 32.741036 ], [ -96.910461, 32.741014 ], [ -96.910356, 32.740985 ], [ -96.910194, 32.740955 ], [ -96.910117, 32.740927 ], [ -96.910031, 32.740879 ], [ -96.909998, 32.74084 ], [ -96.909991, 32.740812 ], [ -96.909998, 32.740755 ], [ -96.909987, 32.74073 ], [ -96.909883, 32.740653 ], [ -96.909824, 32.740631 ], [ -96.909746, 32.740609 ], [ -96.909716, 32.740612 ], [ -96.909694, 32.740622 ], [ -96.909676, 32.740647 ], [ -96.909646, 32.74065 ], [ -96.909602, 32.740637 ], [ -96.909565, 32.74064 ], [ -96.909539, 32.740631 ], [ -96.909502, 32.740597 ], [ -96.909472, 32.740597 ], [ -96.909446, 32.740612 ], [ -96.909439, 32.74065 ], [ -96.909439, 32.74069 ], [ -96.909413, 32.740771 ], [ -96.909382, 32.740803 ], [ -96.909376, 32.74082 ], [ -96.909379, 32.740845 ], [ -96.909394, 32.740871 ], [ -96.909465, 32.740893 ], [ -96.909498, 32.740912 ], [ -96.909545, 32.740969 ], [ -96.909553, 32.740986 ], [ -96.90955, 32.741005 ], [ -96.909524, 32.74103 ], [ -96.90949, 32.741117 ], [ -96.909435, 32.741183 ], [ -96.909398, 32.741211 ], [ -96.909379, 32.741233 ], [ -96.909357, 32.741373 ], [ -96.909313, 32.741473 ], [ -96.909287, 32.741504 ], [ -96.909279, 32.741532 ], [ -96.909287, 32.74156 ], [ -96.909331, 32.741591 ], [ -96.909394, 32.74175 ], [ -96.909439, 32.741833 ], [ -96.909487, 32.741903 ], [ -96.909553, 32.74194 ], [ -96.909613, 32.741951 ], [ -96.909694, 32.741996 ] ], [ [ -96.924738, 32.758837 ], [ -96.924806, 32.758837 ], [ -96.924842, 32.758834 ], [ -96.925003, 32.758747 ], [ -96.925027, 32.758727 ], [ -96.925044, 32.758699 ], [ -96.92506, 32.758625 ], [ -96.925055, 32.758491 ], [ -96.925104, 32.758163 ], [ -96.925161, 32.757779 ], [ -96.925283, 32.757465 ], [ -96.925381, 32.757173 ], [ -96.925485, 32.75689 ], [ -96.925542, 32.756689 ], [ -96.925547, 32.756636 ], [ -96.925542, 32.756605 ], [ -96.925516, 32.756563 ], [ -96.925449, 32.756518 ], [ -96.925355, 32.756489 ], [ -96.925241, 32.756484 ], [ -96.925159, 32.756486 ], [ -96.924827, 32.756493 ], [ -96.92473, 32.756515 ], [ -96.924707, 32.756532 ], [ -96.924697, 32.756585 ], [ -96.924697, 32.75665 ], [ -96.924719, 32.75697 ], [ -96.924728, 32.757103 ], [ -96.924712, 32.757552 ], [ -96.924707, 32.757705 ], [ -96.924721, 32.758079 ], [ -96.924723, 32.758136 ], [ -96.924666, 32.758502 ], [ -96.924635, 32.758634 ], [ -96.924635, 32.758721 ], [ -96.924661, 32.758786 ], [ -96.924687, 32.758812 ], [ -96.924738, 32.758837 ] ], [ [ -96.91797, 32.762977 ], [ -96.918004, 32.763045 ], [ -96.918047, 32.763106 ], [ -96.918111, 32.763146 ], [ -96.918167, 32.763218 ], [ -96.918274, 32.7633 ], [ -96.918458, 32.763458 ], [ -96.918513, 32.763491 ], [ -96.918663, 32.763638 ], [ -96.91877, 32.763728 ], [ -96.9188, 32.763742 ], [ -96.918825, 32.763739 ], [ -96.918902, 32.763692 ], [ -96.918962, 32.763638 ], [ -96.918996, 32.763584 ], [ -96.918971, 32.763545 ], [ -96.91871, 32.763329 ], [ -96.918676, 32.763315 ], [ -96.91865, 32.763311 ], [ -96.918573, 32.763257 ], [ -96.918376, 32.763056 ], [ -96.91803, 32.762804 ], [ -96.917748, 32.762574 ], [ -96.917389, 32.762272 ], [ -96.917342, 32.762222 ], [ -96.917303, 32.762171 ], [ -96.917265, 32.76215 ], [ -96.917209, 32.762186 ], [ -96.917188, 32.762214 ], [ -96.917179, 32.762242 ], [ -96.917175, 32.762304 ], [ -96.917188, 32.762355 ], [ -96.917354, 32.762513 ], [ -96.917919, 32.762926 ], [ -96.91797, 32.762977 ] ], [ [ -96.923185, 32.763346 ], [ -96.923238, 32.763257 ], [ -96.923218, 32.763213 ], [ -96.923165, 32.763174 ], [ -96.923133, 32.763129 ], [ -96.923113, 32.763047 ], [ -96.923119, 32.762963 ], [ -96.923185, 32.762836 ], [ -96.923288, 32.762738 ], [ -96.92343, 32.762638 ], [ -96.923526, 32.762597 ], [ -96.92356, 32.762591 ], [ -96.923616, 32.762586 ], [ -96.923643, 32.762571 ], [ -96.923654, 32.762546 ], [ -96.923654, 32.762532 ], [ -96.923639, 32.76251 ], [ -96.923605, 32.762496 ], [ -96.923569, 32.762493 ], [ -96.923366, 32.762552 ], [ -96.923241, 32.76263 ], [ -96.923149, 32.762696 ], [ -96.923024, 32.762846 ], [ -96.922919, 32.763056 ], [ -96.922906, 32.76316 ], [ -96.922879, 32.763227 ], [ -96.922794, 32.763254 ], [ -96.922781, 32.763343 ], [ -96.922781, 32.763464 ], [ -96.922748, 32.763603 ], [ -96.922695, 32.763647 ], [ -96.922505, 32.763564 ], [ -96.922354, 32.763458 ], [ -96.922144, 32.763348 ], [ -96.922058, 32.763332 ], [ -96.921841, 32.76332 ], [ -96.921795, 32.763315 ], [ -96.921723, 32.763315 ], [ -96.921621, 32.763278 ], [ -96.921312, 32.763289 ], [ -96.921188, 32.763312 ], [ -96.921063, 32.76334 ], [ -96.920905, 32.763362 ], [ -96.920826, 32.763401 ], [ -96.92076, 32.763444 ], [ -96.920616, 32.763522 ], [ -96.920498, 32.763539 ], [ -96.920432, 32.763554 ], [ -96.92036, 32.763623 ], [ -96.920366, 32.763694 ], [ -96.920419, 32.763739 ], [ -96.920491, 32.763755 ], [ -96.92055, 32.763821 ], [ -96.92057, 32.763866 ], [ -96.920655, 32.763931 ], [ -96.920728, 32.763965 ], [ -96.920807, 32.764042 ], [ -96.920958, 32.76402 ], [ -96.921023, 32.763914 ], [ -96.921004, 32.763844 ], [ -96.920958, 32.763821 ], [ -96.920925, 32.763739 ], [ -96.920971, 32.763683 ], [ -96.921023, 32.7637 ], [ -96.921181, 32.7637 ], [ -96.92126, 32.763804 ], [ -96.921299, 32.763877 ], [ -96.921339, 32.763903 ], [ -96.921352, 32.763998 ], [ -96.921293, 32.764069 ], [ -96.921267, 32.764114 ], [ -96.92128, 32.764175 ], [ -96.92126, 32.764229 ], [ -96.921161, 32.764241 ], [ -96.921109, 32.764269 ], [ -96.921115, 32.764356 ], [ -96.921142, 32.764356 ], [ -96.921207, 32.764313 ], [ -96.921267, 32.764363 ], [ -96.921352, 32.764341 ], [ -96.921457, 32.764269 ], [ -96.921523, 32.764197 ], [ -96.921589, 32.764192 ], [ -96.921661, 32.764229 ], [ -96.9217, 32.764302 ], [ -96.921838, 32.764407 ], [ -96.921917, 32.764429 ], [ -96.922042, 32.764401 ], [ -96.922062, 32.764308 ], [ -96.922035, 32.764214 ], [ -96.921957, 32.764181 ], [ -96.921943, 32.76412 ], [ -96.921937, 32.764054 ], [ -96.921891, 32.76397 ], [ -96.921832, 32.76391 ], [ -96.921812, 32.76381 ], [ -96.921713, 32.763716 ], [ -96.921713, 32.763683 ], [ -96.921746, 32.763672 ], [ -96.921845, 32.763705 ], [ -96.922059, 32.763741 ], [ -96.92238, 32.763851 ], [ -96.922446, 32.763865 ], [ -96.922591, 32.763896 ], [ -96.922676, 32.76389 ], [ -96.922748, 32.763868 ], [ -96.922821, 32.763907 ], [ -96.922919, 32.764017 ], [ -96.923083, 32.764117 ], [ -96.923281, 32.764194 ], [ -96.923471, 32.764183 ], [ -96.923511, 32.764139 ], [ -96.923465, 32.764055 ], [ -96.923425, 32.764017 ], [ -96.923353, 32.763978 ], [ -96.923182, 32.763857 ], [ -96.923123, 32.763824 ], [ -96.923054, 32.763748 ], [ -96.923011, 32.763702 ], [ -96.923027, 32.763561 ], [ -96.923067, 32.763467 ], [ -96.923106, 32.763423 ], [ -96.923185, 32.763346 ] ], [ [ -96.908068, 32.764502 ], [ -96.908044, 32.764533 ], [ -96.908041, 32.76457 ], [ -96.908032, 32.764609 ], [ -96.908044, 32.76464 ], [ -96.908068, 32.76465 ], [ -96.908116, 32.76466 ], [ -96.90817, 32.76466 ], [ -96.908477, 32.764584 ], [ -96.908508, 32.764569 ], [ -96.908526, 32.764533 ], [ -96.908544, 32.764502 ], [ -96.908604, 32.764473 ], [ -96.908646, 32.764426 ], [ -96.9087, 32.76435 ], [ -96.908706, 32.764325 ], [ -96.908652, 32.7643 ], [ -96.908574, 32.764285 ], [ -96.908538, 32.764305 ], [ -96.908393, 32.764412 ], [ -96.908339, 32.764442 ], [ -96.908291, 32.764457 ], [ -96.90822, 32.764466 ], [ -96.908134, 32.764477 ], [ -96.908068, 32.764502 ] ], [ [ -96.919361, 32.765174 ], [ -96.919355, 32.765068 ], [ -96.919433, 32.764981 ], [ -96.919506, 32.764953 ], [ -96.919558, 32.764871 ], [ -96.919637, 32.764832 ], [ -96.919709, 32.764843 ], [ -96.919788, 32.764876 ], [ -96.919867, 32.764898 ], [ -96.919992, 32.765003 ], [ -96.920052, 32.764992 ], [ -96.920078, 32.764981 ], [ -96.920098, 32.764815 ], [ -96.920098, 32.764743 ], [ -96.92017, 32.76471 ], [ -96.92017, 32.764654 ], [ -96.920098, 32.764572 ], [ -96.919992, 32.764533 ], [ -96.919953, 32.7645 ], [ -96.919885, 32.764434 ], [ -96.919828, 32.764378 ], [ -96.919716, 32.764328 ], [ -96.919657, 32.764235 ], [ -96.919632, 32.764211 ], [ -96.919546, 32.76413 ], [ -96.9195, 32.76408 ], [ -96.919467, 32.764058 ], [ -96.919362, 32.764058 ], [ -96.919276, 32.764097 ], [ -96.919105, 32.764184 ], [ -96.919079, 32.764184 ], [ -96.918987, 32.764268 ], [ -96.919046, 32.764339 ], [ -96.919064, 32.764349 ], [ -96.919329, 32.764505 ], [ -96.919362, 32.764555 ], [ -96.919319, 32.764591 ], [ -96.91918, 32.764686 ], [ -96.919096, 32.764746 ], [ -96.918918, 32.764901 ], [ -96.918609, 32.765293 ], [ -96.91858, 32.765338 ], [ -96.918578, 32.765355 ], [ -96.918547, 32.765445 ], [ -96.918599, 32.765462 ], [ -96.918796, 32.765506 ], [ -96.919006, 32.765489 ], [ -96.919013, 32.765417 ], [ -96.919026, 32.765383 ], [ -96.919072, 32.765335 ], [ -96.919125, 32.765313 ], [ -96.919171, 32.765357 ], [ -96.91923, 32.765362 ], [ -96.919289, 32.765296 ], [ -96.919355, 32.765257 ], [ -96.919355, 32.765202 ], [ -96.919361, 32.765174 ] ], [ [ -96.920436, 32.767624 ], [ -96.922736, 32.768825 ], [ -96.923736, 32.769124 ], [ -96.923736, 32.768325 ], [ -96.922736, 32.766625 ], [ -96.919382, 32.766849 ], [ -96.918734, 32.766892 ], [ -96.918236, 32.766925 ], [ -96.918878, 32.767246 ], [ -96.919236, 32.767425 ], [ -96.919751, 32.76751 ], [ -96.920436, 32.767624 ] ], [ [ -96.923966, 32.772579 ], [ -96.923797, 32.770726 ], [ -96.923486, 32.770457 ], [ -96.923255, 32.770238 ], [ -96.922756, 32.771347 ], [ -96.922945, 32.772242 ], [ -96.923675, 32.773063 ], [ -96.923966, 32.772579 ] ], [ [ -96.920379, 32.772979 ], [ -96.920388, 32.773116 ], [ -96.920399, 32.773152 ], [ -96.920463, 32.773296 ], [ -96.920506, 32.77335 ], [ -96.920549, 32.773395 ], [ -96.920613, 32.773511 ], [ -96.920707, 32.773595 ], [ -96.920739, 32.773612 ], [ -96.920828, 32.773688 ], [ -96.920869, 32.773701 ], [ -96.921075, 32.773795 ], [ -96.921174, 32.773826 ], [ -96.921224, 32.773835 ], [ -96.921258, 32.773831 ], [ -96.921283, 32.773763 ], [ -96.921228, 32.773593 ], [ -96.921174, 32.773518 ], [ -96.920688, 32.773338 ], [ -96.920478, 32.773138 ], [ -96.920379, 32.772979 ] ], [ [ -96.923786, 32.773575 ], [ -96.923818, 32.773457 ], [ -96.923764, 32.773314 ], [ -96.923578, 32.773122 ], [ -96.923369, 32.773249 ], [ -96.922977, 32.773508 ], [ -96.922491, 32.773716 ], [ -96.92259, 32.773801 ], [ -96.922662, 32.773836 ], [ -96.922922, 32.773888 ], [ -96.922941, 32.773896 ], [ -96.923146, 32.773899 ], [ -96.92332, 32.773888 ], [ -96.923604, 32.773719 ], [ -96.923786, 32.773575 ] ], [ [ -96.922024, 32.782946 ], [ -96.92217, 32.782989 ], [ -96.922243, 32.782992 ], [ -96.922336, 32.782953 ], [ -96.922395, 32.782959 ], [ -96.922435, 32.78294 ], [ -96.922497, 32.782919 ], [ -96.922544, 32.782897 ], [ -96.922638, 32.782815 ], [ -96.922697, 32.782787 ], [ -96.922853, 32.782795 ], [ -96.9229, 32.782778 ], [ -96.922943, 32.782749 ], [ -96.922975, 32.782716 ], [ -96.922994, 32.782657 ], [ -96.92299, 32.782611 ], [ -96.922975, 32.782567 ], [ -96.922932, 32.782525 ], [ -96.9229, 32.782499 ], [ -96.922846, 32.782482 ], [ -96.922771, 32.782491 ], [ -96.922728, 32.782518 ], [ -96.922626, 32.78259 ], [ -96.922497, 32.782653 ], [ -96.922423, 32.782657 ], [ -96.922364, 32.782607 ], [ -96.922317, 32.78259 ], [ -96.922255, 32.78259 ], [ -96.922066, 32.782623 ], [ -96.921768, 32.782673 ], [ -96.921577, 32.782742 ], [ -96.921519, 32.782775 ], [ -96.921465, 32.782798 ], [ -96.921221, 32.782851 ], [ -96.921096, 32.782897 ], [ -96.921073, 32.782916 ], [ -96.921069, 32.782995 ], [ -96.921134, 32.783123 ], [ -96.921116, 32.783167 ], [ -96.921139, 32.783203 ], [ -96.92117, 32.783226 ], [ -96.921206, 32.783232 ], [ -96.921284, 32.783219 ], [ -96.921358, 32.783189 ], [ -96.921448, 32.783147 ], [ -96.921585, 32.783071 ], [ -96.921708, 32.783012 ], [ -96.921934, 32.782949 ], [ -96.922024, 32.782946 ] ], [ [ -96.906714, 32.858885 ], [ -96.906745, 32.858882 ], [ -96.906804, 32.858885 ], [ -96.906969, 32.858961 ], [ -96.907085, 32.858987 ], [ -96.907245, 32.859046 ], [ -96.907308, 32.859054 ], [ -96.907367, 32.85905 ], [ -96.907563, 32.858992 ], [ -96.907648, 32.858942 ], [ -96.907669, 32.858925 ], [ -96.907695, 32.858885 ], [ -96.907717, 32.858759 ], [ -96.907743, 32.858466 ], [ -96.907743, 32.858328 ], [ -96.907754, 32.858221 ], [ -96.907743, 32.857269 ], [ -96.907702, 32.856755 ], [ -96.907655, 32.856409 ], [ -96.907633, 32.856355 ], [ -96.90741, 32.856048 ], [ -96.907246, 32.855852 ], [ -96.907198, 32.85582 ], [ -96.906938, 32.855762 ], [ -96.906901, 32.855736 ], [ -96.906874, 32.8557 ], [ -96.906811, 32.855446 ], [ -96.906572, 32.854956 ], [ -96.90646, 32.854826 ], [ -96.90628, 32.854692 ], [ -96.906228, 32.854659 ], [ -96.906147, 32.854608 ], [ -96.906089, 32.854581 ], [ -96.90602, 32.854595 ], [ -96.905977, 32.854616 ], [ -96.905834, 32.854706 ], [ -96.905723, 32.854816 ], [ -96.905457, 32.855244 ], [ -96.905479, 32.855268 ], [ -96.905532, 32.855294 ], [ -96.905542, 32.855321 ], [ -96.905548, 32.855406 ], [ -96.905526, 32.855562 ], [ -96.905548, 32.855825 ], [ -96.905532, 32.855869 ], [ -96.905367, 32.856088 ], [ -96.905346, 32.856177 ], [ -96.905171, 32.856355 ], [ -96.905144, 32.856409 ], [ -96.905144, 32.856458 ], [ -96.905171, 32.85651 ], [ -96.905374, 32.856659 ], [ -96.905471, 32.856848 ], [ -96.905802, 32.857202 ], [ -96.905836, 32.857253 ], [ -96.905861, 32.85729 ], [ -96.905881, 32.857397 ], [ -96.905929, 32.857999 ], [ -96.905969, 32.858322 ], [ -96.906003, 32.858497 ], [ -96.906051, 32.85864 ], [ -96.906072, 32.858671 ], [ -96.906136, 32.858728 ], [ -96.906343, 32.858835 ], [ -96.906502, 32.858902 ], [ -96.906566, 32.858916 ], [ -96.906619, 32.858911 ], [ -96.906714, 32.858885 ] ], [ [ -96.904576, 32.860142 ], [ -96.904594, 32.86005 ], [ -96.904608, 32.860024 ], [ -96.904629, 32.860006 ], [ -96.904661, 32.860003 ], [ -96.904721, 32.860024 ], [ -96.904781, 32.860027 ], [ -96.904852, 32.86 ], [ -96.904873, 32.859982 ], [ -96.904901, 32.859923 ], [ -96.904905, 32.859896 ], [ -96.904884, 32.859771 ], [ -96.904894, 32.859727 ], [ -96.904947, 32.85965 ], [ -96.904951, 32.859631 ], [ -96.904949, 32.859603 ], [ -96.904862, 32.859202 ], [ -96.904845, 32.859142 ], [ -96.904668, 32.85877 ], [ -96.904622, 32.8587 ], [ -96.90459, 32.858682 ], [ -96.904534, 32.858676 ], [ -96.904251, 32.858662 ], [ -96.904071, 32.858623 ], [ -96.90393, 32.858614 ], [ -96.90387, 32.858623 ], [ -96.903813, 32.858641 ], [ -96.903764, 32.858685 ], [ -96.903584, 32.858935 ], [ -96.903548, 32.859043 ], [ -96.903527, 32.85913 ], [ -96.903504, 32.859564 ], [ -96.903481, 32.859744 ], [ -96.903502, 32.859914 ], [ -96.903516, 32.859952 ], [ -96.903562, 32.860006 ], [ -96.903622, 32.860044 ], [ -96.903672, 32.860062 ], [ -96.903827, 32.860089 ], [ -96.903884, 32.860107 ], [ -96.903912, 32.860124 ], [ -96.904025, 32.860208 ], [ -96.904054, 32.860221 ], [ -96.904075, 32.860225 ], [ -96.904176, 32.860226 ], [ -96.904308, 32.860228 ], [ -96.904467, 32.860216 ], [ -96.904513, 32.860205 ], [ -96.904555, 32.860177 ], [ -96.904576, 32.860142 ] ], [ [ -96.922332, 32.865257 ], [ -96.922062, 32.865054 ], [ -96.921919, 32.864919 ], [ -96.921883, 32.864873 ], [ -96.921883, 32.864828 ], [ -96.921901, 32.864798 ], [ -96.921955, 32.864783 ], [ -96.922323, 32.864857 ], [ -96.922377, 32.864851 ], [ -96.922408, 32.8648 ], [ -96.922422, 32.864707 ], [ -96.922426, 32.86464 ], [ -96.922431, 32.864541 ], [ -96.92244, 32.863809 ], [ -96.922421, 32.863742 ], [ -96.922395, 32.863692 ], [ -96.922356, 32.863664 ], [ -96.920552, 32.863273 ], [ -96.920445, 32.863273 ], [ -96.920103, 32.863311 ], [ -96.919412, 32.863258 ], [ -96.919034, 32.863242 ], [ -96.918459, 32.863235 ], [ -96.918396, 32.863251 ], [ -96.918342, 32.863296 ], [ -96.918243, 32.863545 ], [ -96.918171, 32.863802 ], [ -96.918046, 32.864375 ], [ -96.917929, 32.864873 ], [ -96.917911, 32.86497 ], [ -96.917908, 32.865026 ], [ -96.917929, 32.865085 ], [ -96.91798, 32.865147 ], [ -96.918037, 32.865198 ], [ -96.918225, 32.865304 ], [ -96.918925, 32.86562 ], [ -96.918971, 32.865665 ], [ -96.919036, 32.865769 ], [ -96.919187, 32.865951 ], [ -96.919233, 32.866011 ], [ -96.919286, 32.866065 ], [ -96.919325, 32.866089 ], [ -96.919385, 32.866104 ], [ -96.919465, 32.86611 ], [ -96.919705, 32.86611 ], [ -96.919751, 32.866117 ], [ -96.919784, 32.866144 ], [ -96.919852, 32.866352 ], [ -96.919897, 32.866383 ], [ -96.920247, 32.86639 ], [ -96.920301, 32.866421 ], [ -96.920382, 32.866579 ], [ -96.920473, 32.866635 ], [ -96.920526, 32.866647 ], [ -96.92146, 32.866661 ], [ -96.921542, 32.86665 ], [ -96.921792, 32.866552 ], [ -96.92189, 32.866535 ], [ -96.922152, 32.86654 ], [ -96.922251, 32.866526 ], [ -96.922287, 32.866481 ], [ -96.922323, 32.866262 ], [ -96.922369, 32.865417 ], [ -96.922368, 32.865311 ], [ -96.922332, 32.865257 ] ], [ [ -96.922236, 32.870379 ], [ -96.922272, 32.870401 ], [ -96.922343, 32.870538 ], [ -96.922359, 32.87055 ], [ -96.922403, 32.870565 ], [ -96.922487, 32.870567 ], [ -96.922526, 32.870559 ], [ -96.922544, 32.870545 ], [ -96.922631, 32.870435 ], [ -96.922679, 32.870424 ], [ -96.922808, 32.870444 ], [ -96.922978, 32.870438 ], [ -96.922999, 32.870431 ], [ -96.923026, 32.870413 ], [ -96.923035, 32.870389 ], [ -96.923038, 32.870348 ], [ -96.923011, 32.870182 ], [ -96.922954, 32.869726 ], [ -96.922933, 32.869528 ], [ -96.922876, 32.869249 ], [ -96.922852, 32.869207 ], [ -96.922828, 32.869191 ], [ -96.922778, 32.869183 ], [ -96.922125, 32.869163 ], [ -96.921688, 32.869171 ], [ -96.921431, 32.869169 ], [ -96.921392, 32.869186 ], [ -96.921377, 32.869202 ], [ -96.921374, 32.869228 ], [ -96.921376, 32.869434 ], [ -96.921377, 32.869549 ], [ -96.92141, 32.869843 ], [ -96.921443, 32.86994 ], [ -96.921482, 32.870005 ], [ -96.921524, 32.870057 ], [ -96.921673, 32.870175 ], [ -96.921739, 32.870195 ], [ -96.921763, 32.870196 ], [ -96.921898, 32.870177 ], [ -96.921928, 32.870182 ], [ -96.92194, 32.870196 ], [ -96.921966, 32.870303 ], [ -96.921975, 32.870323 ], [ -96.922005, 32.870341 ], [ -96.922236, 32.870379 ] ], [ [ -96.920818, 32.876573 ], [ -96.920879, 32.876576 ], [ -96.920952, 32.876561 ], [ -96.92101, 32.876527 ], [ -96.921042, 32.876496 ], [ -96.921139, 32.876348 ], [ -96.921203, 32.87623 ], [ -96.921404, 32.875923 ], [ -96.92152, 32.875732 ], [ -96.921661, 32.875562 ], [ -96.921767, 32.875383 ], [ -96.921851, 32.875155 ], [ -96.921845, 32.875098 ], [ -96.921946, 32.874975 ], [ -96.921991, 32.874902 ], [ -96.921996, 32.874848 ], [ -96.921961, 32.874784 ], [ -96.921757, 32.874572 ], [ -96.921457, 32.874327 ], [ -96.921394, 32.874305 ], [ -96.920846, 32.874291 ], [ -96.920149, 32.874293 ], [ -96.920042, 32.874325 ], [ -96.919973, 32.874356 ], [ -96.919909, 32.874392 ], [ -96.919853, 32.87444 ], [ -96.919834, 32.874499 ], [ -96.919817, 32.874914 ], [ -96.919816, 32.874947 ], [ -96.919821, 32.874971 ], [ -96.919836, 32.875 ], [ -96.919916, 32.87505 ], [ -96.920111, 32.875103 ], [ -96.920143, 32.875118 ], [ -96.920167, 32.875138 ], [ -96.920174, 32.875155 ], [ -96.920168, 32.875182 ], [ -96.920103, 32.875203 ], [ -96.920035, 32.875199 ], [ -96.919933, 32.875183 ], [ -96.919904, 32.875186 ], [ -96.919879, 32.875203 ], [ -96.91986, 32.875228 ], [ -96.919846, 32.875313 ], [ -96.919846, 32.875405 ], [ -96.919821, 32.875453 ], [ -96.919802, 32.875521 ], [ -96.919802, 32.875917 ], [ -96.919821, 32.87594 ], [ -96.919865, 32.875966 ], [ -96.919973, 32.875998 ], [ -96.920065, 32.876041 ], [ -96.920101, 32.876078 ], [ -96.920168, 32.876131 ], [ -96.920475, 32.876407 ], [ -96.920557, 32.876458 ], [ -96.920667, 32.876514 ], [ -96.920739, 32.876545 ], [ -96.920818, 32.876573 ] ], [ [ -96.925163, 32.878642 ], [ -96.925138, 32.878679 ], [ -96.925128, 32.878714 ], [ -96.925125, 32.878755 ], [ -96.925149, 32.878816 ], [ -96.925188, 32.878843 ], [ -96.925254, 32.878866 ], [ -96.925299, 32.878872 ], [ -96.925338, 32.878869 ], [ -96.925388, 32.878856 ], [ -96.925673, 32.878746 ], [ -96.925963, 32.878715 ], [ -96.926018, 32.878704 ], [ -96.92605, 32.878681 ], [ -96.926057, 32.878661 ], [ -96.926057, 32.878638 ], [ -96.925953, 32.878504 ], [ -96.925882, 32.878374 ], [ -96.925819, 32.878303 ], [ -96.925764, 32.878233 ], [ -96.925727, 32.878141 ], [ -96.925683, 32.878101 ], [ -96.925634, 32.878085 ], [ -96.925485, 32.878055 ], [ -96.925435, 32.878037 ], [ -96.925402, 32.878019 ], [ -96.92536, 32.87801 ], [ -96.92532, 32.878006 ], [ -96.92525, 32.878014 ], [ -96.925229, 32.87801 ], [ -96.925219, 32.877992 ], [ -96.925219, 32.877916 ], [ -96.925206, 32.87787 ], [ -96.925178, 32.877837 ], [ -96.925142, 32.877825 ], [ -96.925117, 32.877828 ], [ -96.925092, 32.877845 ], [ -96.92506, 32.877918 ], [ -96.925028, 32.877963 ], [ -96.924933, 32.878069 ], [ -96.924933, 32.878092 ], [ -96.924954, 32.878104 ], [ -96.92501, 32.878118 ], [ -96.92527, 32.878163 ], [ -96.92532, 32.878189 ], [ -96.925342, 32.878211 ], [ -96.925356, 32.878234 ], [ -96.925363, 32.878268 ], [ -96.925363, 32.87831 ], [ -96.925341, 32.878411 ], [ -96.925324, 32.878456 ], [ -96.925292, 32.878501 ], [ -96.925163, 32.878642 ] ], [ [ -96.925698, 32.883146 ], [ -96.925757, 32.883177 ], [ -96.925855, 32.883218 ], [ -96.926024, 32.88328 ], [ -96.926424, 32.883412 ], [ -96.926491, 32.883426 ], [ -96.92718, 32.883699 ], [ -96.927236, 32.883716 ], [ -96.927305, 32.883723 ], [ -96.927381, 32.883713 ], [ -96.927431, 32.88369 ], [ -96.927481, 32.883651 ], [ -96.927531, 32.883602 ], [ -96.927567, 32.883542 ], [ -96.927576, 32.883477 ], [ -96.927571, 32.883439 ], [ -96.927549, 32.88337 ], [ -96.927499, 32.883298 ], [ -96.927463, 32.883253 ], [ -96.927395, 32.883187 ], [ -96.927336, 32.883146 ], [ -96.927236, 32.883111 ], [ -96.927148, 32.883049 ], [ -96.926919, 32.882398 ], [ -96.926879, 32.882295 ], [ -96.926811, 32.882174 ], [ -96.926313, 32.881335 ], [ -96.92629, 32.881251 ], [ -96.92629, 32.88116 ], [ -96.926345, 32.88078 ], [ -96.926367, 32.880594 ], [ -96.926354, 32.88046 ], [ -96.926322, 32.8804 ], [ -96.926277, 32.880347 ], [ -96.926213, 32.880312 ], [ -96.926159, 32.880302 ], [ -96.925799, 32.880277 ], [ -96.925638, 32.880285 ], [ -96.925558, 32.880297 ], [ -96.925494, 32.880322 ], [ -96.925449, 32.880361 ], [ -96.925408, 32.880419 ], [ -96.925399, 32.880505 ], [ -96.925404, 32.880632 ], [ -96.925449, 32.880871 ], [ -96.925458, 32.880957 ], [ -96.925467, 32.881318 ], [ -96.925422, 32.881673 ], [ -96.925396, 32.882336 ], [ -96.925404, 32.882517 ], [ -96.925395, 32.882683 ], [ -96.92541, 32.882832 ], [ -96.925422, 32.882879 ], [ -96.925467, 32.882964 ], [ -96.925557, 32.883049 ], [ -96.925698, 32.883146 ] ], [ [ -96.923812, 32.881881 ], [ -96.923775, 32.881908 ], [ -96.923748, 32.881943 ], [ -96.923592, 32.882269 ], [ -96.923577, 32.882337 ], [ -96.923581, 32.882364 ], [ -96.923595, 32.882385 ], [ -96.92366, 32.882438 ], [ -96.923714, 32.882457 ], [ -96.923796, 32.882469 ], [ -96.923857, 32.882466 ], [ -96.923934, 32.882447 ], [ -96.923966, 32.882435 ], [ -96.924015, 32.882406 ], [ -96.924047, 32.882374 ], [ -96.924064, 32.882311 ], [ -96.92404, 32.882243 ], [ -96.923994, 32.88219 ], [ -96.923958, 32.882092 ], [ -96.923958, 32.881983 ], [ -96.923951, 32.881929 ], [ -96.923919, 32.881894 ], [ -96.923887, 32.881872 ], [ -96.923844, 32.881867 ], [ -96.923812, 32.881881 ] ], [ [ -96.923298, 32.882717 ], [ -96.923276, 32.882742 ], [ -96.923254, 32.882779 ], [ -96.923241, 32.882824 ], [ -96.923245, 32.882888 ], [ -96.923276, 32.882933 ], [ -96.923343, 32.882973 ], [ -96.923387, 32.882984 ], [ -96.923436, 32.882992 ], [ -96.923493, 32.882984 ], [ -96.923525, 32.882966 ], [ -96.923542, 32.882933 ], [ -96.923631, 32.882717 ], [ -96.923658, 32.882638 ], [ -96.923662, 32.882598 ], [ -96.923658, 32.882557 ], [ -96.923635, 32.882527 ], [ -96.923595, 32.8825 ], [ -96.92356, 32.882489 ], [ -96.923507, 32.882486 ], [ -96.923454, 32.882489 ], [ -96.923369, 32.882508 ], [ -96.923329, 32.882523 ], [ -96.923307, 32.882548 ], [ -96.923298, 32.882572 ], [ -96.923298, 32.88262 ], [ -96.923307, 32.88268 ], [ -96.923298, 32.882717 ] ], [ [ -96.924784, 32.882758 ], [ -96.924718, 32.882779 ], [ -96.924687, 32.882814 ], [ -96.924624, 32.882937 ], [ -96.924611, 32.882976 ], [ -96.924607, 32.883021 ], [ -96.92462, 32.883063 ], [ -96.924651, 32.883089 ], [ -96.924704, 32.883104 ], [ -96.92486, 32.883122 ], [ -96.924926, 32.883122 ], [ -96.92497, 32.883119 ], [ -96.925006, 32.883108 ], [ -96.925037, 32.883085 ], [ -96.925059, 32.883056 ], [ -96.925068, 32.883018 ], [ -96.925059, 32.882872 ], [ -96.925059, 32.882801 ], [ -96.92505, 32.882776 ], [ -96.925032, 32.882758 ], [ -96.925006, 32.88275 ], [ -96.924837, 32.88275 ], [ -96.924784, 32.882758 ] ], [ [ -96.921797, 32.885944 ], [ -96.921784, 32.885984 ], [ -96.921784, 32.886023 ], [ -96.921804, 32.886043 ], [ -96.921833, 32.88606 ], [ -96.921971, 32.886094 ], [ -96.92201, 32.886116 ], [ -96.922105, 32.886184 ], [ -96.922154, 32.886201 ], [ -96.922203, 32.886204 ], [ -96.922252, 32.8862 ], [ -96.922319, 32.886181 ], [ -96.922343, 32.886153 ], [ -96.922356, 32.886116 ], [ -96.922364, 32.886063 ], [ -96.922361, 32.886038 ], [ -96.922353, 32.885976 ], [ -96.922334, 32.885939 ], [ -96.922266, 32.885859 ], [ -96.922237, 32.88579 ], [ -96.92222, 32.885728 ], [ -96.922208, 32.885531 ], [ -96.922212, 32.885396 ], [ -96.922224, 32.885328 ], [ -96.922306, 32.885135 ], [ -96.922311, 32.885055 ], [ -96.922298, 32.885007 ], [ -96.922208, 32.884779 ], [ -96.922121, 32.884624 ], [ -96.92206, 32.884489 ], [ -96.92206, 32.884453 ], [ -96.922101, 32.88418 ], [ -96.922138, 32.883991 ], [ -96.92216, 32.883815 ], [ -96.922154, 32.883712 ], [ -96.92213, 32.883605 ], [ -96.922111, 32.883567 ], [ -96.922072, 32.88354 ], [ -96.922005, 32.883505 ], [ -96.921923, 32.883502 ], [ -96.921829, 32.883512 ], [ -96.921758, 32.883535 ], [ -96.921705, 32.883571 ], [ -96.921676, 32.8836 ], [ -96.921656, 32.883648 ], [ -96.921652, 32.883792 ], [ -96.921666, 32.883921 ], [ -96.921666, 32.883972 ], [ -96.921644, 32.884209 ], [ -96.921628, 32.884254 ], [ -96.921584, 32.884343 ], [ -96.921516, 32.884416 ], [ -96.921401, 32.884506 ], [ -96.921376, 32.884541 ], [ -96.921376, 32.884583 ], [ -96.921386, 32.884627 ], [ -96.921456, 32.884759 ], [ -96.921497, 32.884815 ], [ -96.921526, 32.884867 ], [ -96.921574, 32.884973 ], [ -96.921626, 32.885137 ], [ -96.921632, 32.885184 ], [ -96.921661, 32.885239 ], [ -96.921685, 32.885256 ], [ -96.921763, 32.885289 ], [ -96.921805, 32.885317 ], [ -96.921928, 32.885441 ], [ -96.921944, 32.885498 ], [ -96.92192, 32.885663 ], [ -96.921874, 32.885802 ], [ -96.921837, 32.885883 ], [ -96.921797, 32.885944 ] ], [ [ -96.925495, 32.886622 ], [ -96.925564, 32.886606 ], [ -96.925681, 32.886561 ], [ -96.92574, 32.886522 ], [ -96.925772, 32.886485 ], [ -96.925928, 32.88626 ], [ -96.925985, 32.886221 ], [ -96.926041, 32.8862 ], [ -96.926085, 32.88619 ], [ -96.926263, 32.88606 ], [ -96.926413, 32.885951 ], [ -96.926457, 32.885897 ], [ -96.926507, 32.885821 ], [ -96.926568, 32.885691 ], [ -96.926739, 32.885213 ], [ -96.926745, 32.885137 ], [ -96.926734, 32.885066 ], [ -96.926705, 32.884982 ], [ -96.926639, 32.884906 ], [ -96.926536, 32.884833 ], [ -96.92648, 32.884802 ], [ -96.926394, 32.884769 ], [ -96.926319, 32.884779 ], [ -96.926273, 32.884794 ], [ -96.926212, 32.884827 ], [ -96.926181, 32.884856 ], [ -96.926141, 32.884938 ], [ -96.926128, 32.88501 ], [ -96.926129, 32.885117 ], [ -96.926152, 32.885224 ], [ -96.926172, 32.885266 ], [ -96.926212, 32.885315 ], [ -96.926372, 32.885392 ], [ -96.92639, 32.885435 ], [ -96.926394, 32.885466 ], [ -96.926362, 32.885638 ], [ -96.926334, 32.8857 ], [ -96.926296, 32.885756 ], [ -96.926227, 32.885818 ], [ -96.926123, 32.885872 ], [ -96.925812, 32.885973 ], [ -96.925772, 32.885997 ], [ -96.925686, 32.886057 ], [ -96.925655, 32.886079 ], [ -96.925513, 32.886186 ], [ -96.925455, 32.886254 ], [ -96.925444, 32.886277 ], [ -96.925426, 32.886384 ], [ -96.92542, 32.886543 ], [ -96.925429, 32.886583 ], [ -96.925444, 32.886609 ], [ -96.925462, 32.886622 ], [ -96.925495, 32.886622 ] ], [ [ -96.919607, 32.886054 ], [ -96.919623, 32.886107 ], [ -96.919639, 32.886128 ], [ -96.919689, 32.886175 ], [ -96.919758, 32.886212 ], [ -96.919818, 32.886237 ], [ -96.919984, 32.886268 ], [ -96.920075, 32.886268 ], [ -96.920179, 32.886252 ], [ -96.920261, 32.886215 ], [ -96.92033, 32.886178 ], [ -96.920364, 32.886149 ], [ -96.920408, 32.886091 ], [ -96.920443, 32.886024 ], [ -96.920458, 32.885941 ], [ -96.920455, 32.885911 ], [ -96.920443, 32.88588 ], [ -96.920339, 32.885759 ], [ -96.920113, 32.885286 ], [ -96.920074, 32.885244 ], [ -96.920021, 32.885236 ], [ -96.919973, 32.885244 ], [ -96.919944, 32.885261 ], [ -96.91992, 32.885302 ], [ -96.919803, 32.885558 ], [ -96.919667, 32.885824 ], [ -96.91961, 32.885976 ], [ -96.919608, 32.886021 ], [ -96.919607, 32.886054 ] ], [ [ -96.924889, 32.886291 ], [ -96.924832, 32.886301 ], [ -96.924728, 32.886345 ], [ -96.924692, 32.886353 ], [ -96.92465, 32.886349 ], [ -96.924624, 32.886327 ], [ -96.924614, 32.886283 ], [ -96.924629, 32.886231 ], [ -96.924697, 32.886156 ], [ -96.924813, 32.886052 ], [ -96.924837, 32.886029 ], [ -96.924988, 32.885934 ], [ -96.92504, 32.885872 ], [ -96.925051, 32.885824 ], [ -96.925092, 32.885322 ], [ -96.925092, 32.885243 ], [ -96.925082, 32.885195 ], [ -96.925056, 32.88516 ], [ -96.924978, 32.88512 ], [ -96.924879, 32.885108 ], [ -96.924676, 32.88512 ], [ -96.924567, 32.885139 ], [ -96.924411, 32.885187 ], [ -96.924348, 32.885191 ], [ -96.92427, 32.885178 ], [ -96.924213, 32.885125 ], [ -96.924067, 32.884971 ], [ -96.923932, 32.884872 ], [ -96.923844, 32.884776 ], [ -96.923755, 32.884658 ], [ -96.923724, 32.884591 ], [ -96.923724, 32.884552 ], [ -96.923745, 32.884501 ], [ -96.923823, 32.884408 ], [ -96.923849, 32.884355 ], [ -96.923903, 32.884214 ], [ -96.923891, 32.884081 ], [ -96.92377, 32.883561 ], [ -96.923751, 32.883446 ], [ -96.923714, 32.883304 ], [ -96.923688, 32.883238 ], [ -96.923663, 32.883212 ], [ -96.923619, 32.883186 ], [ -96.92355, 32.883176 ], [ -96.92348, 32.883176 ], [ -96.923392, 32.883186 ], [ -96.923329, 32.883201 ], [ -96.923285, 32.883234 ], [ -96.923233, 32.88328 ], [ -96.923219, 32.883305 ], [ -96.923188, 32.8834 ], [ -96.923188, 32.883452 ], [ -96.923204, 32.883544 ], [ -96.923235, 32.883649 ], [ -96.923277, 32.883819 ], [ -96.923272, 32.883902 ], [ -96.923203, 32.884081 ], [ -96.923142, 32.884355 ], [ -96.923093, 32.884541 ], [ -96.92309, 32.884706 ], [ -96.9231, 32.884846 ], [ -96.923121, 32.884942 ], [ -96.923168, 32.885047 ], [ -96.923339, 32.885168 ], [ -96.923376, 32.885208 ], [ -96.92337, 32.885261 ], [ -96.9233, 32.885359 ], [ -96.923277, 32.885405 ], [ -96.923266, 32.885469 ], [ -96.923271, 32.885694 ], [ -96.923256, 32.885762 ], [ -96.92323, 32.885812 ], [ -96.923188, 32.885841 ], [ -96.923042, 32.885855 ], [ -96.922996, 32.88588 ], [ -96.922985, 32.885908 ], [ -96.922985, 32.885934 ], [ -96.922996, 32.886013 ], [ -96.922994, 32.886042 ], [ -96.92299, 32.886087 ], [ -96.922912, 32.886457 ], [ -96.922881, 32.886493 ], [ -96.922834, 32.886498 ], [ -96.922787, 32.886524 ], [ -96.922761, 32.886559 ], [ -96.922756, 32.886606 ], [ -96.922777, 32.886654 ], [ -96.922834, 32.886712 ], [ -96.9231, 32.886955 ], [ -96.923334, 32.887152 ], [ -96.923365, 32.887183 ], [ -96.923407, 32.887245 ], [ -96.923438, 32.887345 ], [ -96.923467, 32.887389 ], [ -96.9235, 32.88742 ], [ -96.923833, 32.887638 ], [ -96.923977, 32.88777 ], [ -96.92406, 32.88787 ], [ -96.924117, 32.887974 ], [ -96.924185, 32.888143 ], [ -96.924268, 32.888424 ], [ -96.924346, 32.888626 ], [ -96.924383, 32.8887 ], [ -96.924424, 32.888765 ], [ -96.924471, 32.888814 ], [ -96.924529, 32.888845 ], [ -96.924601, 32.888852 ], [ -96.924705, 32.888849 ], [ -96.924789, 32.888835 ], [ -96.92494, 32.888823 ], [ -96.924987, 32.888792 ], [ -96.925007, 32.88874 ], [ -96.925018, 32.887835 ], [ -96.925014, 32.886671 ], [ -96.925009, 32.886445 ], [ -96.924999, 32.886375 ], [ -96.924973, 32.886327 ], [ -96.924931, 32.886301 ], [ -96.924889, 32.886291 ] ], [ [ -96.929288, 32.890172 ], [ -96.929291, 32.890209 ], [ -96.9293, 32.890237 ], [ -96.929326, 32.890267 ], [ -96.929387, 32.890315 ], [ -96.929422, 32.890333 ], [ -96.929465, 32.890344 ], [ -96.929513, 32.890351 ], [ -96.92953, 32.89035 ], [ -96.929553, 32.890348 ], [ -96.929602, 32.890338 ], [ -96.92964, 32.89031 ], [ -96.929683, 32.890256 ], [ -96.929705, 32.890216 ], [ -96.929714, 32.890183 ], [ -96.929709, 32.890158 ], [ -96.92967, 32.89007 ], [ -96.929688, 32.889894 ], [ -96.929675, 32.889871 ], [ -96.929627, 32.889839 ], [ -96.929548, 32.889809 ], [ -96.929513, 32.889809 ], [ -96.929474, 32.889832 ], [ -96.929439, 32.889865 ], [ -96.929418, 32.889909 ], [ -96.929365, 32.890054 ], [ -96.9293, 32.890136 ], [ -96.929288, 32.890172 ] ], [ [ -96.92138, 32.891187 ], [ -96.921584, 32.891146 ], [ -96.921798, 32.891132 ], [ -96.921914, 32.891143 ], [ -96.921973, 32.89116 ], [ -96.922127, 32.89125 ], [ -96.922192, 32.89128 ], [ -96.922261, 32.891289 ], [ -96.92232, 32.891284 ], [ -96.92238, 32.891267 ], [ -96.922449, 32.891218 ], [ -96.922484, 32.891154 ], [ -96.922514, 32.89105 ], [ -96.922548, 32.89086 ], [ -96.922558, 32.890763 ], [ -96.922553, 32.89071 ], [ -96.922529, 32.890606 ], [ -96.922489, 32.890493 ], [ -96.922454, 32.89041 ], [ -96.92242, 32.890361 ], [ -96.922395, 32.890335 ], [ -96.92236, 32.890318 ], [ -96.92232, 32.890318 ], [ -96.922276, 32.89034 ], [ -96.922256, 32.890365 ], [ -96.922172, 32.890523 ], [ -96.922117, 32.890602 ], [ -96.922048, 32.890673 ], [ -96.921904, 32.89078 ], [ -96.92181, 32.890835 ], [ -96.921735, 32.89087 ], [ -96.921635, 32.890903 ], [ -96.921507, 32.890937 ], [ -96.921362, 32.890963 ], [ -96.921017, 32.891001 ], [ -96.920952, 32.891013 ], [ -96.920919, 32.89103 ], [ -96.920908, 32.891053 ], [ -96.920916, 32.891143 ], [ -96.920908, 32.891179 ], [ -96.920833, 32.89127 ], [ -96.920829, 32.891312 ], [ -96.920839, 32.891345 ], [ -96.920868, 32.891385 ], [ -96.920948, 32.89144 ], [ -96.92101, 32.891452 ], [ -96.921065, 32.891446 ], [ -96.921126, 32.891421 ], [ -96.921165, 32.891382 ], [ -96.921188, 32.891336 ], [ -96.92126, 32.891239 ], [ -96.921299, 32.891212 ], [ -96.92138, 32.891187 ] ], [ [ -96.92071, 32.892331 ], [ -96.920877, 32.892598 ], [ -96.921053, 32.892817 ], [ -96.921178, 32.892907 ], [ -96.92122, 32.892919 ], [ -96.921266, 32.892916 ], [ -96.921303, 32.892888 ], [ -96.921387, 32.8928 ], [ -96.921422, 32.892763 ], [ -96.921434, 32.892733 ], [ -96.921468, 32.892688 ], [ -96.921712, 32.892542 ], [ -96.921735, 32.892507 ], [ -96.921735, 32.892474 ], [ -96.92172, 32.892435 ], [ -96.921659, 32.892375 ], [ -96.921506, 32.891962 ], [ -96.921331, 32.891728 ], [ -96.921293, 32.891697 ], [ -96.921262, 32.891681 ], [ -96.921232, 32.891671 ], [ -96.921167, 32.891674 ], [ -96.920839, 32.89171 ], [ -96.920717, 32.891722 ], [ -96.920656, 32.891742 ], [ -96.920622, 32.891761 ], [ -96.920565, 32.891806 ], [ -96.920542, 32.891844 ], [ -96.920538, 32.891899 ], [ -96.920557, 32.891962 ], [ -96.92071, 32.892331 ] ], [ [ -96.925788, 32.894634 ], [ -96.925868, 32.894654 ], [ -96.92601, 32.89466 ], [ -96.926102, 32.89465 ], [ -96.926154, 32.894632 ], [ -96.926208, 32.894602 ], [ -96.926236, 32.894573 ], [ -96.92626, 32.894539 ], [ -96.926314, 32.894441 ], [ -96.926357, 32.894387 ], [ -96.926406, 32.89434 ], [ -96.926422, 32.894328 ], [ -96.92647, 32.894291 ], [ -96.926548, 32.894219 ], [ -96.926562, 32.894185 ], [ -96.926555, 32.894157 ], [ -96.926496, 32.894101 ], [ -96.926463, 32.894089 ], [ -96.926385, 32.894091 ], [ -96.926338, 32.894109 ], [ -96.926264, 32.894163 ], [ -96.926205, 32.894226 ], [ -96.926165, 32.894283 ], [ -96.926116, 32.894334 ], [ -96.926095, 32.894347 ], [ -96.926066, 32.894357 ], [ -96.92604, 32.894359 ], [ -96.926017, 32.894354 ], [ -96.925993, 32.894343 ], [ -96.925965, 32.894312 ], [ -96.925873, 32.894184 ], [ -96.925807, 32.894119 ], [ -96.925722, 32.894063 ], [ -96.925606, 32.894038 ], [ -96.925552, 32.894033 ], [ -96.925495, 32.894042 ], [ -96.925474, 32.894052 ], [ -96.925447, 32.89407 ], [ -96.925423, 32.894098 ], [ -96.925395, 32.894152 ], [ -96.925391, 32.89417 ], [ -96.925397, 32.894212 ], [ -96.925412, 32.894257 ], [ -96.925475, 32.894385 ], [ -96.925562, 32.8945 ], [ -96.925598, 32.89454 ], [ -96.925708, 32.894605 ], [ -96.925788, 32.894634 ] ], [ [ -96.922279, 32.894302 ], [ -96.92225, 32.894318 ], [ -96.922235, 32.894339 ], [ -96.922235, 32.894381 ], [ -96.922253, 32.894433 ], [ -96.922279, 32.894475 ], [ -96.922323, 32.894506 ], [ -96.922362, 32.89452 ], [ -96.922405, 32.894528 ], [ -96.922462, 32.894523 ], [ -96.922684, 32.894495 ], [ -96.922888, 32.894483 ], [ -96.92302, 32.894461 ], [ -96.923064, 32.894433 ], [ -96.923086, 32.894384 ], [ -96.923084, 32.894326 ], [ -96.923079, 32.894314 ], [ -96.923068, 32.894289 ], [ -96.923042, 32.894272 ], [ -96.922991, 32.894252 ], [ -96.922839, 32.894247 ], [ -96.922692, 32.894264 ], [ -96.922338, 32.894292 ], [ -96.922279, 32.894302 ] ], [ [ -96.923761, 32.894475 ], [ -96.923761, 32.894512 ], [ -96.923732, 32.894615 ], [ -96.923732, 32.894652 ], [ -96.923744, 32.894706 ], [ -96.923781, 32.894751 ], [ -96.92384, 32.894784 ], [ -96.923869, 32.894796 ], [ -96.92391, 32.894806 ], [ -96.923987, 32.894813 ], [ -96.924307, 32.894827 ], [ -96.924634, 32.894835 ], [ -96.924804, 32.894827 ], [ -96.92483, 32.894813 ], [ -96.924847, 32.894784 ], [ -96.924841, 32.894717 ], [ -96.924813, 32.894685 ], [ -96.924782, 32.894667 ], [ -96.92473, 32.894652 ], [ -96.924664, 32.894644 ], [ -96.924355, 32.894627 ], [ -96.924281, 32.894619 ], [ -96.924252, 32.89461 ], [ -96.924222, 32.894593 ], [ -96.924168, 32.894523 ], [ -96.924041, 32.894429 ], [ -96.923918, 32.894354 ], [ -96.92384, 32.894329 ], [ -96.923663, 32.894314 ], [ -96.92356, 32.894309 ], [ -96.923526, 32.894322 ], [ -96.923521, 32.894351 ], [ -96.923535, 32.89438 ], [ -96.923574, 32.894402 ], [ -96.923634, 32.894419 ], [ -96.923744, 32.89445 ], [ -96.923761, 32.894475 ] ], [ [ -96.828343, 32.638603 ], [ -96.828137, 32.638142 ], [ -96.828317, 32.639158 ], [ -96.828343, 32.638603 ] ], [ [ -96.847852, 32.665861 ], [ -96.847861, 32.665813 ], [ -96.847912, 32.665734 ], [ -96.847964, 32.665698 ], [ -96.848028, 32.665636 ], [ -96.848088, 32.665587 ], [ -96.848114, 32.665546 ], [ -96.848173, 32.665385 ], [ -96.848203, 32.665345 ], [ -96.848233, 32.66532 ], [ -96.848456, 32.665197 ], [ -96.848512, 32.665176 ], [ -96.848572, 32.665176 ], [ -96.84861, 32.665169 ], [ -96.848696, 32.665045 ], [ -96.848726, 32.664991 ], [ -96.848692, 32.66498 ], [ -96.848512, 32.66498 ], [ -96.84846, 32.664988 ], [ -96.848396, 32.665003 ], [ -96.848259, 32.665086 ], [ -96.848058, 32.665241 ], [ -96.848002, 32.66532 ], [ -96.847964, 32.665388 ], [ -96.847938, 32.665421 ], [ -96.847874, 32.665481 ], [ -96.847835, 32.665508 ], [ -96.847788, 32.665518 ], [ -96.847702, 32.665526 ], [ -96.847647, 32.665536 ], [ -96.847488, 32.665598 ], [ -96.84745, 32.665609 ], [ -96.847296, 32.665681 ], [ -96.847236, 32.665737 ], [ -96.847103, 32.6659 ], [ -96.847056, 32.665897 ], [ -96.847004, 32.665878 ], [ -96.84697, 32.665892 ], [ -96.84694, 32.665933 ], [ -96.846932, 32.665962 ], [ -96.846932, 32.665993 ], [ -96.846944, 32.66602 ], [ -96.846987, 32.666034 ], [ -96.847004, 32.666067 ], [ -96.846991, 32.666095 ], [ -96.846777, 32.666314 ], [ -96.846743, 32.666364 ], [ -96.846743, 32.666483 ], [ -96.846756, 32.666505 ], [ -96.846794, 32.666502 ], [ -96.846829, 32.666476 ], [ -96.846863, 32.666441 ], [ -96.846897, 32.666414 ], [ -96.846949, 32.6664 ], [ -96.84703, 32.666397 ], [ -96.847146, 32.666354 ], [ -96.84718, 32.666332 ], [ -96.84733, 32.66626 ], [ -96.847437, 32.666174 ], [ -96.847515, 32.666144 ], [ -96.847592, 32.666123 ], [ -96.847634, 32.66612 ], [ -96.84769, 32.66612 ], [ -96.848306, 32.6662 ], [ -96.848388, 32.666193 ], [ -96.84843, 32.666153 ], [ -96.848413, 32.666113 ], [ -96.84837, 32.666074 ], [ -96.848328, 32.666052 ], [ -96.848259, 32.666041 ], [ -96.848126, 32.666034 ], [ -96.848032, 32.666038 ], [ -96.847981, 32.66603 ], [ -96.847951, 32.666012 ], [ -96.847904, 32.666002 ], [ -96.847865, 32.665962 ], [ -96.847852, 32.665861 ] ], [ [ -96.888053, 32.69457 ], [ -96.888049, 32.694615 ], [ -96.888065, 32.694679 ], [ -96.888097, 32.694741 ], [ -96.888146, 32.694778 ], [ -96.888174, 32.694788 ], [ -96.888227, 32.694792 ], [ -96.888417, 32.694781 ], [ -96.888457, 32.694771 ], [ -96.888486, 32.694744 ], [ -96.888526, 32.694649 ], [ -96.888563, 32.694594 ], [ -96.888656, 32.694488 ], [ -96.888684, 32.694426 ], [ -96.888757, 32.694026 ], [ -96.888753, 32.693944 ], [ -96.888736, 32.693893 ], [ -96.888708, 32.693841 ], [ -96.888668, 32.693807 ], [ -96.888623, 32.69379 ], [ -96.888534, 32.693776 ], [ -96.888328, 32.693773 ], [ -96.888223, 32.693784 ], [ -96.888158, 32.693801 ], [ -96.888122, 32.693824 ], [ -96.888097, 32.693855 ], [ -96.888081, 32.693883 ], [ -96.888065, 32.693937 ], [ -96.888045, 32.693968 ], [ -96.888029, 32.693984 ], [ -96.887988, 32.694001 ], [ -96.887952, 32.694026 ], [ -96.88794, 32.694056 ], [ -96.887948, 32.694114 ], [ -96.888049, 32.694352 ], [ -96.888093, 32.694426 ], [ -96.888118, 32.694457 ], [ -96.888126, 32.694502 ], [ -96.88811, 32.694526 ], [ -96.888069, 32.694547 ], [ -96.888053, 32.69457 ] ], [ [ -96.829168, 32.694671 ], [ -96.829228, 32.69475 ], [ -96.82928, 32.694802 ], [ -96.82934, 32.694809 ], [ -96.829358, 32.694788 ], [ -96.829366, 32.69475 ], [ -96.82934, 32.694671 ], [ -96.82934, 32.694577 ], [ -96.829366, 32.694526 ], [ -96.829436, 32.694439 ], [ -96.829487, 32.6943 ], [ -96.82966, 32.694082 ], [ -96.829704, 32.693973 ], [ -96.829695, 32.693863 ], [ -96.829747, 32.69379 ], [ -96.829738, 32.69374 ], [ -96.829643, 32.693725 ], [ -96.829479, 32.693682 ], [ -96.829237, 32.693733 ], [ -96.829107, 32.693784 ], [ -96.829064, 32.693835 ], [ -96.829038, 32.693958 ], [ -96.828995, 32.694017 ], [ -96.829016, 32.694052 ], [ -96.829021, 32.69406 ], [ -96.829073, 32.694074 ], [ -96.829159, 32.694068 ], [ -96.829176, 32.694111 ], [ -96.82915, 32.694212 ], [ -96.829159, 32.694336 ], [ -96.82909, 32.69438 ], [ -96.829107, 32.694423 ], [ -96.829116, 32.69454 ], [ -96.829168, 32.694671 ] ], [ [ -96.887551, 32.695697 ], [ -96.887509, 32.69572 ], [ -96.887493, 32.695771 ], [ -96.887493, 32.695849 ], [ -96.88752, 32.695951 ], [ -96.887542, 32.696071 ], [ -96.887537, 32.696157 ], [ -96.887559, 32.696185 ], [ -96.887592, 32.696181 ], [ -96.887635, 32.696157 ], [ -96.887681, 32.696125 ], [ -96.887701, 32.696098 ], [ -96.887712, 32.696033 ], [ -96.887728, 32.695853 ], [ -96.887761, 32.695753 ], [ -96.887767, 32.695711 ], [ -96.88775, 32.695679 ], [ -96.887696, 32.69567 ], [ -96.887635, 32.695673 ], [ -96.887551, 32.695697 ] ], [ [ -96.827, 32.698039 ], [ -96.827043, 32.698039 ], [ -96.827095, 32.698003 ], [ -96.827155, 32.697923 ], [ -96.827181, 32.69782 ], [ -96.827242, 32.69766 ], [ -96.827311, 32.697609 ], [ -96.827795, 32.697493 ], [ -96.827951, 32.697391 ], [ -96.828348, 32.697246 ], [ -96.828478, 32.697195 ], [ -96.828521, 32.69715 ], [ -96.82853, 32.6971 ], [ -96.828521, 32.696969 ], [ -96.828504, 32.696889 ], [ -96.828478, 32.696824 ], [ -96.828193, 32.696737 ], [ -96.827977, 32.696765 ], [ -96.827492, 32.696686 ], [ -96.827311, 32.69662 ], [ -96.827216, 32.696598 ], [ -96.82711, 32.696638 ], [ -96.826956, 32.696722 ], [ -96.82687, 32.696728 ], [ -96.826706, 32.696678 ], [ -96.826645, 32.696671 ], [ -96.826611, 32.696678 ], [ -96.826585, 32.696714 ], [ -96.826585, 32.697049 ], [ -96.826593, 32.69718 ], [ -96.826637, 32.697325 ], [ -96.826663, 32.697435 ], [ -96.826697, 32.69753 ], [ -96.826749, 32.697573 ], [ -96.826835, 32.697632 ], [ -96.826887, 32.697696 ], [ -96.826939, 32.69782 ], [ -96.826948, 32.697879 ], [ -96.826922, 32.697966 ], [ -96.826948, 32.698017 ], [ -96.827, 32.698039 ] ], [ [ -96.903506, 32.72356 ], [ -96.903483, 32.72356 ], [ -96.90341, 32.723599 ], [ -96.903399, 32.723632 ], [ -96.903422, 32.723698 ], [ -96.903416, 32.723802 ], [ -96.903422, 32.723886 ], [ -96.903394, 32.724041 ], [ -96.903394, 32.724082 ], [ -96.90341, 32.724097 ], [ -96.903466, 32.724111 ], [ -96.903517, 32.724111 ], [ -96.903584, 32.724111 ], [ -96.903657, 32.724097 ], [ -96.903662, 32.724075 ], [ -96.903668, 32.723905 ], [ -96.903651, 32.723745 ], [ -96.903556, 32.723636 ], [ -96.903534, 32.723576 ], [ -96.903506, 32.72356 ] ], [ [ -96.904071, 32.724238 ], [ -96.904032, 32.724413 ], [ -96.904062, 32.724534 ], [ -96.90406, 32.724578 ], [ -96.904079, 32.724606 ], [ -96.90411, 32.724639 ], [ -96.904155, 32.724668 ], [ -96.904295, 32.72471 ], [ -96.904329, 32.724713 ], [ -96.904366, 32.72471 ], [ -96.904462, 32.724686 ], [ -96.904541, 32.724629 ], [ -96.904725, 32.724564 ], [ -96.904768, 32.724541 ], [ -96.904793, 32.724508 ], [ -96.904787, 32.724469 ], [ -96.904776, 32.724444 ], [ -96.904753, 32.724423 ], [ -96.904513, 32.724342 ], [ -96.90444, 32.724299 ], [ -96.904339, 32.724216 ], [ -96.904272, 32.724075 ], [ -96.904239, 32.724046 ], [ -96.904199, 32.724037 ], [ -96.904155, 32.724041 ], [ -96.904132, 32.724065 ], [ -96.904079, 32.724179 ], [ -96.904071, 32.724238 ] ], [ [ -96.90345, 32.724324 ], [ -96.903416, 32.724328 ], [ -96.903259, 32.724442 ], [ -96.903103, 32.724564 ], [ -96.90308, 32.724592 ], [ -96.903086, 32.724621 ], [ -96.90312, 32.724668 ], [ -96.903159, 32.72471 ], [ -96.90322, 32.724752 ], [ -96.903271, 32.724795 ], [ -96.903315, 32.724823 ], [ -96.903349, 32.724823 ], [ -96.903466, 32.724701 ], [ -96.903581, 32.724626 ], [ -96.903634, 32.724601 ], [ -96.903646, 32.724569 ], [ -96.903623, 32.724541 ], [ -96.903584, 32.724531 ], [ -96.903534, 32.724469 ], [ -96.903522, 32.724413 ], [ -96.903489, 32.724333 ], [ -96.90345, 32.724324 ] ], [ [ -96.833929, 32.727504 ], [ -96.833998, 32.727482 ], [ -96.834074, 32.727469 ], [ -96.834133, 32.727469 ], [ -96.834277, 32.727493 ], [ -96.834342, 32.727499 ], [ -96.834443, 32.72746 ], [ -96.834482, 32.727452 ], [ -96.834534, 32.727446 ], [ -96.834573, 32.727449 ], [ -96.834612, 32.727466 ], [ -96.834638, 32.727482 ], [ -96.834672, 32.727479 ], [ -96.834694, 32.727463 ], [ -96.834707, 32.727438 ], [ -96.834707, 32.727407 ], [ -96.834692, 32.727372 ], [ -96.834664, 32.727348 ], [ -96.834605, 32.727328 ], [ -96.83442, 32.727313 ], [ -96.834358, 32.727313 ], [ -96.834276, 32.727319 ], [ -96.834189, 32.727309 ], [ -96.834098, 32.727276 ], [ -96.834017, 32.727257 ], [ -96.833931, 32.727247 ], [ -96.833882, 32.727249 ], [ -96.833776, 32.727283 ], [ -96.833732, 32.727286 ], [ -96.833701, 32.727283 ], [ -96.833506, 32.72723 ], [ -96.83344, 32.727227 ], [ -96.833385, 32.72724 ], [ -96.833334, 32.72726 ], [ -96.833259, 32.727283 ], [ -96.833208, 32.72729 ], [ -96.833161, 32.727286 ], [ -96.833106, 32.727263 ], [ -96.833063, 32.727249 ], [ -96.832964, 32.727252 ], [ -96.832866, 32.72729 ], [ -96.832831, 32.727319 ], [ -96.832807, 32.727351 ], [ -96.832799, 32.727395 ], [ -96.832799, 32.727424 ], [ -96.832811, 32.727458 ], [ -96.832862, 32.727528 ], [ -96.832872, 32.72757 ], [ -96.832866, 32.727611 ], [ -96.832849, 32.727652 ], [ -96.832796, 32.727752 ], [ -96.832776, 32.727801 ], [ -96.832763, 32.727846 ], [ -96.832737, 32.727891 ], [ -96.832704, 32.727935 ], [ -96.832681, 32.727989 ], [ -96.832688, 32.728088 ], [ -96.832717, 32.72815 ], [ -96.832794, 32.728226 ], [ -96.83284, 32.728236 ], [ -96.832884, 32.728233 ], [ -96.832926, 32.728209 ], [ -96.832964, 32.72817 ], [ -96.833056, 32.728093 ], [ -96.833169, 32.727891 ], [ -96.833427, 32.727643 ], [ -96.833468, 32.727624 ], [ -96.833516, 32.727594 ], [ -96.833527, 32.727559 ], [ -96.83354, 32.727539 ], [ -96.833571, 32.727531 ], [ -96.833625, 32.727556 ], [ -96.833679, 32.727556 ], [ -96.833929, 32.727504 ] ], [ [ -96.862073, 32.742879 ], [ -96.862077, 32.743426 ], [ -96.863355, 32.743529 ], [ -96.863359, 32.74236 ], [ -96.862759, 32.742401 ], [ -96.862754, 32.742839 ], [ -96.862073, 32.742879 ] ], [ [ -96.837888, 32.74933 ], [ -96.837885, 32.749312 ], [ -96.837864, 32.749298 ], [ -96.837816, 32.749294 ], [ -96.837781, 32.74928 ], [ -96.83776, 32.749263 ], [ -96.83774, 32.749246 ], [ -96.837709, 32.749248 ], [ -96.837681, 32.749294 ], [ -96.837685, 32.749318 ], [ -96.837705, 32.749341 ], [ -96.83773, 32.749353 ], [ -96.837792, 32.749353 ], [ -96.837856, 32.749344 ], [ -96.837888, 32.74933 ] ], [ [ -96.856061, 32.754101 ], [ -96.85605, 32.754064 ], [ -96.856028, 32.754041 ], [ -96.855973, 32.75403 ], [ -96.855958, 32.754029 ], [ -96.855929, 32.754027 ], [ -96.855908, 32.75405 ], [ -96.85588, 32.754109 ], [ -96.855885, 32.754182 ], [ -96.85588, 32.754225 ], [ -96.855886, 32.754257 ], [ -96.855913, 32.754285 ], [ -96.855994, 32.754309 ], [ -96.85605, 32.754294 ], [ -96.856066, 32.754266 ], [ -96.85605, 32.75417 ], [ -96.856061, 32.754101 ] ], [ [ -96.834127, 32.75462 ], [ -96.834176, 32.754607 ], [ -96.834211, 32.75459 ], [ -96.834281, 32.75452 ], [ -96.834319, 32.754469 ], [ -96.834379, 32.754402 ], [ -96.8344, 32.754347 ], [ -96.834424, 32.754205 ], [ -96.834477, 32.754164 ], [ -96.834487, 32.754061 ], [ -96.834515, 32.753946 ], [ -96.834575, 32.753914 ], [ -96.834634, 32.753763 ], [ -96.834634, 32.753729 ], [ -96.834701, 32.753679 ], [ -96.834701, 32.753646 ], [ -96.834683, 32.753614 ], [ -96.834631, 32.753608 ], [ -96.83461, 32.753583 ], [ -96.834638, 32.753549 ], [ -96.834645, 32.753511 ], [ -96.834669, 32.753442 ], [ -96.834663, 32.753349 ], [ -96.834624, 32.753301 ], [ -96.834561, 32.753264 ], [ -96.834505, 32.753264 ], [ -96.834428, 32.75329 ], [ -96.834365, 32.753379 ], [ -96.834298, 32.753402 ], [ -96.834218, 32.753422 ], [ -96.834141, 32.753464 ], [ -96.833984, 32.753514 ], [ -96.833847, 32.753517 ], [ -96.833774, 32.753487 ], [ -96.833693, 32.753476 ], [ -96.833581, 32.753479 ], [ -96.833536, 32.753449 ], [ -96.833511, 32.753408 ], [ -96.83348, 32.753379 ], [ -96.833445, 32.753363 ], [ -96.833396, 32.753396 ], [ -96.833508, 32.753496 ], [ -96.833553, 32.753552 ], [ -96.833627, 32.753582 ], [ -96.83369, 32.753602 ], [ -96.833718, 32.753639 ], [ -96.83376, 32.753658 ], [ -96.833763, 32.753698 ], [ -96.833805, 32.753757 ], [ -96.833805, 32.753829 ], [ -96.833833, 32.75392 ], [ -96.833879, 32.753932 ], [ -96.833893, 32.753976 ], [ -96.833928, 32.753996 ], [ -96.83397, 32.754005 ], [ -96.833963, 32.754038 ], [ -96.833875, 32.754105 ], [ -96.833868, 32.754143 ], [ -96.833826, 32.754179 ], [ -96.833791, 32.754199 ], [ -96.833753, 32.754196 ], [ -96.833714, 32.754179 ], [ -96.833676, 32.754196 ], [ -96.833651, 32.754223 ], [ -96.833651, 32.754252 ], [ -96.833613, 32.754264 ], [ -96.833574, 32.754255 ], [ -96.833567, 32.754226 ], [ -96.833532, 32.754238 ], [ -96.83349, 32.754272 ], [ -96.833462, 32.754326 ], [ -96.833448, 32.754385 ], [ -96.833718, 32.754492 ], [ -96.834039, 32.75462 ], [ -96.834127, 32.75462 ] ], [ [ -96.856066, 32.755204 ], [ -96.85612, 32.755203 ], [ -96.856165, 32.755191 ], [ -96.856176, 32.755153 ], [ -96.856159, 32.755057 ], [ -96.856126, 32.755028 ], [ -96.856039, 32.755031 ], [ -96.856006, 32.755043 ], [ -96.855979, 32.755085 ], [ -96.855973, 32.755122 ], [ -96.855984, 32.755163 ], [ -96.856017, 32.755195 ], [ -96.856066, 32.755204 ] ], [ [ -96.854453, 32.755254 ], [ -96.854435, 32.755198 ], [ -96.854401, 32.755189 ], [ -96.854306, 32.755197 ], [ -96.854256, 32.755208 ], [ -96.854217, 32.755221 ], [ -96.854197, 32.755239 ], [ -96.854189, 32.755262 ], [ -96.854195, 32.755282 ], [ -96.854213, 32.755298 ], [ -96.854227, 32.755316 ], [ -96.854261, 32.755324 ], [ -96.854293, 32.755322 ], [ -96.854353, 32.755318 ], [ -96.854444, 32.755271 ], [ -96.854453, 32.755254 ] ], [ [ -96.855929, 32.755819 ], [ -96.855946, 32.755853 ], [ -96.855973, 32.755858 ], [ -96.856345, 32.755715 ], [ -96.856362, 32.755696 ], [ -96.856344, 32.755678 ], [ -96.856268, 32.755676 ], [ -96.856038, 32.755695 ], [ -96.855973, 32.75571 ], [ -96.855929, 32.755729 ], [ -96.855913, 32.75577 ], [ -96.855929, 32.755819 ] ], [ [ -96.854856, 32.755882 ], [ -96.854912, 32.755871 ], [ -96.854944, 32.755842 ], [ -96.854939, 32.755789 ], [ -96.854928, 32.755757 ], [ -96.85489, 32.755738 ], [ -96.854829, 32.755732 ], [ -96.854775, 32.755738 ], [ -96.854748, 32.75577 ], [ -96.854742, 32.755812 ], [ -96.854764, 32.755856 ], [ -96.854801, 32.755875 ], [ -96.854856, 32.755882 ] ], [ [ -96.851378, 32.755926 ], [ -96.851398, 32.755896 ], [ -96.851397, 32.755857 ], [ -96.851382, 32.755831 ], [ -96.851362, 32.755823 ], [ -96.851274, 32.755826 ], [ -96.851231, 32.755837 ], [ -96.85121, 32.755853 ], [ -96.851204, 32.755903 ], [ -96.85121, 32.755927 ], [ -96.851224, 32.755941 ], [ -96.8513, 32.755954 ], [ -96.851354, 32.755938 ], [ -96.851378, 32.755926 ] ], [ [ -96.889158, 32.759665 ], [ -96.889245, 32.759802 ], [ -96.889349, 32.759894 ], [ -96.889452, 32.759917 ], [ -96.889578, 32.759917 ], [ -96.889731, 32.759908 ], [ -96.889884, 32.759856 ], [ -96.890391, 32.759645 ], [ -96.890707, 32.759544 ], [ -96.890876, 32.75942 ], [ -96.890958, 32.759351 ], [ -96.891002, 32.759301 ], [ -96.891067, 32.759203 ], [ -96.891122, 32.75909 ], [ -96.891138, 32.758929 ], [ -96.891111, 32.758837 ], [ -96.891029, 32.758746 ], [ -96.890816, 32.758584 ], [ -96.890244, 32.75797 ], [ -96.889856, 32.757654 ], [ -96.889709, 32.757582 ], [ -96.889572, 32.757496 ], [ -96.88936, 32.757253 ], [ -96.889316, 32.757074 ], [ -96.889229, 32.756867 ], [ -96.889065, 32.756725 ], [ -96.888672, 32.756394 ], [ -96.888231, 32.756 ], [ -96.888171, 32.755923 ], [ -96.888084, 32.755629 ], [ -96.888002, 32.755418 ], [ -96.887887, 32.755161 ], [ -96.887734, 32.754941 ], [ -96.887554, 32.754797 ], [ -96.887489, 32.754793 ], [ -96.887374, 32.754838 ], [ -96.887112, 32.754962 ], [ -96.886981, 32.755031 ], [ -96.886627, 32.75529 ], [ -96.886125, 32.755598 ], [ -96.885994, 32.755716 ], [ -96.885956, 32.755781 ], [ -96.885928, 32.755847 ], [ -96.885934, 32.75603 ], [ -96.886005, 32.756255 ], [ -96.886038, 32.756386 ], [ -96.886087, 32.756442 ], [ -96.886327, 32.756526 ], [ -96.886387, 32.75656 ], [ -96.886414, 32.756599 ], [ -96.886425, 32.756782 ], [ -96.886512, 32.756915 ], [ -96.886659, 32.757035 ], [ -96.886834, 32.757154 ], [ -96.887063, 32.757303 ], [ -96.88732, 32.75739 ], [ -96.887489, 32.757472 ], [ -96.887762, 32.757776 ], [ -96.888017, 32.758091 ], [ -96.888263, 32.758508 ], [ -96.888754, 32.759225 ], [ -96.88894, 32.759445 ], [ -96.889098, 32.759619 ], [ -96.889158, 32.759665 ] ], [ [ -96.850186, 32.759577 ], [ -96.850159, 32.759558 ], [ -96.850101, 32.75955 ], [ -96.850068, 32.759552 ], [ -96.850032, 32.75956 ], [ -96.850001, 32.759573 ], [ -96.849989, 32.759589 ], [ -96.849989, 32.75963 ], [ -96.849994, 32.759648 ], [ -96.850035, 32.75967 ], [ -96.850078, 32.759666 ], [ -96.850119, 32.75967 ], [ -96.850171, 32.759653 ], [ -96.850191, 32.759633 ], [ -96.850195, 32.759601 ], [ -96.850186, 32.759577 ] ], [ [ -96.880953, 32.760123 ], [ -96.880948, 32.760306 ], [ -96.880938, 32.760347 ], [ -96.880928, 32.760496 ], [ -96.880963, 32.760565 ], [ -96.880997, 32.760595 ], [ -96.881056, 32.76062 ], [ -96.881069, 32.760622 ], [ -96.881115, 32.760627 ], [ -96.881179, 32.76062 ], [ -96.881233, 32.760607 ], [ -96.881268, 32.760587 ], [ -96.881287, 32.760558 ], [ -96.881287, 32.760488 ], [ -96.881317, 32.760078 ], [ -96.881307, 32.76005 ], [ -96.881233, 32.760004 ], [ -96.881145, 32.759959 ], [ -96.881105, 32.759929 ], [ -96.881071, 32.759921 ], [ -96.881037, 32.759917 ], [ -96.881002, 32.759921 ], [ -96.880983, 32.75995 ], [ -96.880953, 32.760123 ] ], [ [ -96.849221, 32.760035 ], [ -96.849223, 32.760005 ], [ -96.849213, 32.759981 ], [ -96.849163, 32.759948 ], [ -96.849127, 32.759936 ], [ -96.849069, 32.759942 ], [ -96.849024, 32.759967 ], [ -96.849019, 32.759993 ], [ -96.849035, 32.760021 ], [ -96.849069, 32.760047 ], [ -96.849113, 32.760055 ], [ -96.849144, 32.760053 ], [ -96.849175, 32.76006 ], [ -96.849201, 32.760055 ], [ -96.849221, 32.760035 ] ], [ [ -96.847026, 32.760787 ], [ -96.847026, 32.760756 ], [ -96.847007, 32.760742 ], [ -96.846959, 32.760733 ], [ -96.846894, 32.760736 ], [ -96.846871, 32.760742 ], [ -96.846854, 32.760759 ], [ -96.846841, 32.760799 ], [ -96.846847, 32.760829 ], [ -96.84686, 32.760844 ], [ -96.846907, 32.760849 ], [ -96.846949, 32.760849 ], [ -96.846997, 32.760832 ], [ -96.847018, 32.760813 ], [ -96.847026, 32.760787 ] ], [ [ -96.848808, 32.760807 ], [ -96.84879, 32.760796 ], [ -96.848669, 32.760804 ], [ -96.848639, 32.760812 ], [ -96.848632, 32.760829 ], [ -96.848632, 32.760849 ], [ -96.848638, 32.760877 ], [ -96.848659, 32.760889 ], [ -96.848685, 32.760894 ], [ -96.848715, 32.760894 ], [ -96.84875, 32.760886 ], [ -96.848786, 32.76089 ], [ -96.848808, 32.760883 ], [ -96.84882, 32.760861 ], [ -96.84882, 32.76084 ], [ -96.84882, 32.760824 ], [ -96.848808, 32.760807 ] ], [ [ -96.848735, 32.762003 ], [ -96.848691, 32.761977 ], [ -96.848668, 32.761975 ], [ -96.848642, 32.761972 ], [ -96.848588, 32.761986 ], [ -96.848552, 32.762014 ], [ -96.848524, 32.762054 ], [ -96.848527, 32.762085 ], [ -96.848552, 32.762118 ], [ -96.848582, 32.762144 ], [ -96.848612, 32.762155 ], [ -96.848657, 32.762155 ], [ -96.848701, 32.762138 ], [ -96.848733, 32.762109 ], [ -96.84875, 32.762073 ], [ -96.848748, 32.762044 ], [ -96.848735, 32.762003 ] ], [ [ -96.845544, 32.762503 ], [ -96.84557, 32.762544 ], [ -96.845608, 32.762559 ], [ -96.845661, 32.762545 ], [ -96.84572, 32.762508 ], [ -96.845726, 32.762467 ], [ -96.845682, 32.762429 ], [ -96.845609, 32.762444 ], [ -96.845552, 32.762469 ], [ -96.845544, 32.762503 ] ], [ [ -96.906548, 32.765473 ], [ -96.906623, 32.765416 ], [ -96.90669, 32.765349 ], [ -96.906833, 32.765293 ], [ -96.906976, 32.765298 ], [ -96.907073, 32.765278 ], [ -96.907176, 32.765262 ], [ -96.907261, 32.765257 ], [ -96.907322, 32.765247 ], [ -96.907383, 32.765186 ], [ -96.907437, 32.765079 ], [ -96.907456, 32.764971 ], [ -96.907486, 32.764848 ], [ -96.90751, 32.764634 ], [ -96.907529, 32.764536 ], [ -96.907523, 32.764449 ], [ -96.907474, 32.764398 ], [ -96.90745, 32.764363 ], [ -96.90745, 32.764317 ], [ -96.907498, 32.764291 ], [ -96.90751, 32.76426 ], [ -96.907498, 32.764195 ], [ -96.907468, 32.764128 ], [ -96.907419, 32.764077 ], [ -96.907316, 32.764021 ], [ -96.907188, 32.763996 ], [ -96.907073, 32.763979 ], [ -96.907, 32.764001 ], [ -96.906945, 32.764001 ], [ -96.906927, 32.763934 ], [ -96.906939, 32.763868 ], [ -96.906939, 32.763796 ], [ -96.90697, 32.763745 ], [ -96.906982, 32.763679 ], [ -96.907, 32.763617 ], [ -96.907061, 32.763469 ], [ -96.907103, 32.763413 ], [ -96.907128, 32.763342 ], [ -96.907121, 32.763301 ], [ -96.907097, 32.76327 ], [ -96.907024, 32.76325 ], [ -96.90697, 32.76325 ], [ -96.906915, 32.763224 ], [ -96.906836, 32.763153 ], [ -96.906763, 32.76307 ], [ -96.906739, 32.76301 ], [ -96.906739, 32.762907 ], [ -96.906702, 32.76281 ], [ -96.906654, 32.762718 ], [ -96.906575, 32.762625 ], [ -96.90652, 32.762575 ], [ -96.906483, 32.762478 ], [ -96.906459, 32.762431 ], [ -96.906423, 32.762442 ], [ -96.906411, 32.762504 ], [ -96.906404, 32.762611 ], [ -96.90635, 32.762647 ], [ -96.906277, 32.762647 ], [ -96.906132, 32.762625 ], [ -96.906028, 32.762647 ], [ -96.905906, 32.762656 ], [ -96.905803, 32.762676 ], [ -96.905708, 32.762725 ], [ -96.905645, 32.762805 ], [ -96.905542, 32.763039 ], [ -96.905505, 32.763153 ], [ -96.905426, 32.763357 ], [ -96.905396, 32.763458 ], [ -96.905396, 32.763551 ], [ -96.905402, 32.763627 ], [ -96.905378, 32.763683 ], [ -96.905214, 32.763703 ], [ -96.905062, 32.763765 ], [ -96.904995, 32.763771 ], [ -96.904934, 32.763807 ], [ -96.904898, 32.763868 ], [ -96.90486, 32.763872 ], [ -96.904823, 32.763882 ], [ -96.904848, 32.764089 ], [ -96.904873, 32.764161 ], [ -96.904928, 32.764229 ], [ -96.904965, 32.764285 ], [ -96.904952, 32.764353 ], [ -96.904909, 32.764456 ], [ -96.904952, 32.764487 ], [ -96.904989, 32.764573 ], [ -96.904964, 32.764665 ], [ -96.90497, 32.764741 ], [ -96.905019, 32.764812 ], [ -96.905074, 32.764879 ], [ -96.905164, 32.765231 ], [ -96.905278, 32.765442 ], [ -96.905353, 32.765492 ], [ -96.90539, 32.765569 ], [ -96.905475, 32.765614 ], [ -96.905536, 32.765636 ], [ -96.905706, 32.765645 ], [ -96.905779, 32.765636 ], [ -96.905845, 32.765614 ], [ -96.905912, 32.7656 ], [ -96.905947, 32.765597 ], [ -96.905991, 32.765611 ], [ -96.906055, 32.765607 ], [ -96.906098, 32.765586 ], [ -96.906193, 32.765462 ], [ -96.906243, 32.765445 ], [ -96.906289, 32.765445 ], [ -96.906372, 32.765481 ], [ -96.906459, 32.765495 ], [ -96.906504, 32.765495 ], [ -96.906548, 32.765473 ] ], [ [ -96.888182, 32.768929 ], [ -96.888182, 32.77003 ], [ -96.888582, 32.76983 ], [ -96.888682, 32.768929 ], [ -96.888182, 32.768929 ] ], [ [ -96.889709, 32.774582 ], [ -96.889691, 32.774614 ], [ -96.88968, 32.774678 ], [ -96.889658, 32.774714 ], [ -96.88965, 32.774759 ], [ -96.889657, 32.774797 ], [ -96.889689, 32.774836 ], [ -96.889757, 32.774873 ], [ -96.889892, 32.774898 ], [ -96.889972, 32.774923 ], [ -96.890198, 32.774897 ], [ -96.890253, 32.774881 ], [ -96.890301, 32.774853 ], [ -96.890324, 32.774811 ], [ -96.890344, 32.774744 ], [ -96.890351, 32.77467 ], [ -96.890342, 32.774498 ], [ -96.890342, 32.7744 ], [ -96.890328, 32.774362 ], [ -96.890308, 32.774338 ], [ -96.890278, 32.774338 ], [ -96.890257, 32.774346 ], [ -96.890237, 32.774383 ], [ -96.890212, 32.774408 ], [ -96.890186, 32.774423 ], [ -96.890063, 32.774467 ], [ -96.889963, 32.774533 ], [ -96.889769, 32.774546 ], [ -96.889734, 32.774561 ], [ -96.889709, 32.774582 ] ], [ [ -96.860147, 32.782021 ], [ -96.860068, 32.782199 ], [ -96.860024, 32.782356 ], [ -96.860024, 32.782576 ], [ -96.860003, 32.782837 ], [ -96.860039, 32.782947 ], [ -96.86022, 32.782983 ], [ -96.862052, 32.782981 ], [ -96.862448, 32.783046 ], [ -96.862636, 32.783032 ], [ -96.863044, 32.783009 ], [ -96.863065, 32.783005 ], [ -96.863097, 32.782987 ], [ -96.863306, 32.782826 ], [ -96.863326, 32.782798 ], [ -96.863332, 32.782746 ], [ -96.863186, 32.781905 ], [ -96.863242, 32.781813 ], [ -96.863213, 32.781087 ], [ -96.863213, 32.779657 ], [ -96.863219, 32.77953 ], [ -96.86318, 32.779452 ], [ -96.863092, 32.779393 ], [ -96.863011, 32.779366 ], [ -96.862496, 32.779294 ], [ -96.861926, 32.77922 ], [ -96.861656, 32.779198 ], [ -96.861474, 32.779201 ], [ -96.861326, 32.779229 ], [ -96.861232, 32.779258 ], [ -96.861137, 32.7793 ], [ -96.861062, 32.77935 ], [ -96.861028, 32.7794 ], [ -96.861023, 32.779451 ], [ -96.861059, 32.779714 ], [ -96.861073, 32.779995 ], [ -96.86107, 32.780405 ], [ -96.861017, 32.780786 ], [ -96.861, 32.780976 ], [ -96.860943, 32.781122 ], [ -96.860891, 32.781225 ], [ -96.86082, 32.781323 ], [ -96.860704, 32.781469 ], [ -96.860147, 32.782021 ] ], [ [ -96.833349, 32.791491 ], [ -96.833437, 32.791576 ], [ -96.83357, 32.791624 ], [ -96.833691, 32.791613 ], [ -96.833841, 32.791549 ], [ -96.833854, 32.791411 ], [ -96.833787, 32.791246 ], [ -96.833728, 32.79114 ], [ -96.833732, 32.791084 ], [ -96.833754, 32.791022 ], [ -96.833813, 32.790971 ], [ -96.83388, 32.790945 ], [ -96.834049, 32.790908 ], [ -96.83412, 32.790857 ], [ -96.83415, 32.790807 ], [ -96.834152, 32.790748 ], [ -96.834101, 32.790621 ], [ -96.83408, 32.790583 ], [ -96.834019, 32.790541 ], [ -96.833954, 32.790507 ], [ -96.833868, 32.790491 ], [ -96.833729, 32.790494 ], [ -96.833652, 32.79049 ], [ -96.833571, 32.79044 ], [ -96.833542, 32.790406 ], [ -96.833526, 32.790376 ], [ -96.83352, 32.790334 ], [ -96.833506, 32.790288 ], [ -96.833527, 32.790137 ], [ -96.833533, 32.79 ], [ -96.833513, 32.789963 ], [ -96.833463, 32.789917 ], [ -96.833307, 32.789844 ], [ -96.83291, 32.789754 ], [ -96.832814, 32.789695 ], [ -96.832669, 32.789568 ], [ -96.832514, 32.789467 ], [ -96.832448, 32.789446 ], [ -96.832418, 32.789425 ], [ -96.832196, 32.789399 ], [ -96.832071, 32.789432 ], [ -96.831747, 32.789567 ], [ -96.831518, 32.789694 ], [ -96.831438, 32.789758 ], [ -96.831392, 32.789943 ], [ -96.831401, 32.790056 ], [ -96.831487, 32.790149 ], [ -96.831572, 32.790184 ], [ -96.831693, 32.790188 ], [ -96.831873, 32.790171 ], [ -96.832126, 32.790115 ], [ -96.832562, 32.790416 ], [ -96.832656, 32.790502 ], [ -96.832682, 32.790527 ], [ -96.832782, 32.790662 ], [ -96.832792, 32.790743 ], [ -96.832774, 32.790783 ], [ -96.832732, 32.790844 ], [ -96.832705, 32.79092 ], [ -96.832717, 32.790965 ], [ -96.832755, 32.791021 ], [ -96.832831, 32.791044 ], [ -96.832958, 32.791045 ], [ -96.833059, 32.791052 ], [ -96.833223, 32.791045 ], [ -96.833265, 32.791073 ], [ -96.83329, 32.791135 ], [ -96.833305, 32.791187 ], [ -96.833317, 32.791309 ], [ -96.833349, 32.791491 ] ], [ [ -96.870268, 32.793393 ], [ -96.866778, 32.793393 ], [ -96.866767, 32.793393 ], [ -96.866067, 32.792993 ], [ -96.862367, 32.792893 ], [ -96.861767, 32.793093 ], [ -96.861667, 32.792893 ], [ -96.860924, 32.79319 ], [ -96.860667, 32.793293 ], [ -96.860923, 32.793313 ], [ -96.863167, 32.793493 ], [ -96.865767, 32.793793 ], [ -96.866365, 32.793853 ], [ -96.866767, 32.793893 ], [ -96.870268, 32.793393 ] ], [ [ -96.894953, 32.797162 ], [ -96.895057, 32.797272 ], [ -96.895084, 32.797359 ], [ -96.895138, 32.797427 ], [ -96.895234, 32.797486 ], [ -96.895304, 32.797508 ], [ -96.895335, 32.797528 ], [ -96.895385, 32.797584 ], [ -96.895431, 32.797646 ], [ -96.89547, 32.797672 ], [ -96.895516, 32.797674 ], [ -96.895539, 32.797672 ], [ -96.89557, 32.797659 ], [ -96.895578, 32.79762 ], [ -96.89557, 32.797576 ], [ -96.895516, 32.797528 ], [ -96.895446, 32.797496 ], [ -96.895336, 32.797418 ], [ -96.895335, 32.797386 ], [ -96.895203, 32.797269 ], [ -96.895157, 32.797179 ], [ -96.895099, 32.797133 ], [ -96.895053, 32.797106 ], [ -96.894872, 32.797075 ], [ -96.894783, 32.797023 ], [ -96.89469, 32.797007 ], [ -96.8943, 32.797026 ], [ -96.894177, 32.797036 ], [ -96.894135, 32.797055 ], [ -96.894116, 32.797072 ], [ -96.894108, 32.797098 ], [ -96.894123, 32.79714 ], [ -96.894204, 32.797182 ], [ -96.894366, 32.79723 ], [ -96.894536, 32.797275 ], [ -96.894622, 32.797317 ], [ -96.894702, 32.797314 ], [ -96.894731, 32.797288 ], [ -96.894743, 32.797255 ], [ -96.894731, 32.797187 ], [ -96.894737, 32.797165 ], [ -96.894783, 32.797145 ], [ -96.894856, 32.797143 ], [ -96.894918, 32.797153 ], [ -96.894953, 32.797162 ] ], [ [ -96.895985, 32.801539 ], [ -96.896071, 32.801569 ], [ -96.896161, 32.801597 ], [ -96.896226, 32.801656 ], [ -96.896328, 32.801766 ], [ -96.896398, 32.801817 ], [ -96.896463, 32.801879 ], [ -96.896557, 32.80193 ], [ -96.896651, 32.801951 ], [ -96.896774, 32.801965 ], [ -96.89688, 32.801955 ], [ -96.896966, 32.801927 ], [ -96.897013, 32.801872 ], [ -96.897041, 32.80181 ], [ -96.897037, 32.801748 ], [ -96.897021, 32.801673 ], [ -96.89698, 32.801606 ], [ -96.896923, 32.801552 ], [ -96.896857, 32.801521 ], [ -96.89678, 32.801508 ], [ -96.896706, 32.801501 ], [ -96.896657, 32.801487 ], [ -96.896616, 32.801463 ], [ -96.896579, 32.801425 ], [ -96.896555, 32.801384 ], [ -96.89651, 32.80136 ], [ -96.896456, 32.801346 ], [ -96.896399, 32.801339 ], [ -96.896367, 32.801308 ], [ -96.89633, 32.801184 ], [ -96.896297, 32.801143 ], [ -96.896223, 32.801102 ], [ -96.896142, 32.801068 ], [ -96.896048, 32.801046 ], [ -96.895945, 32.80104 ], [ -96.895859, 32.801029 ], [ -96.895741, 32.801006 ], [ -96.895655, 32.800967 ], [ -96.895628, 32.800913 ], [ -96.895616, 32.80081 ], [ -96.8956, 32.800759 ], [ -96.895547, 32.800718 ], [ -96.895477, 32.80068 ], [ -96.895281, 32.800635 ], [ -96.89524, 32.800611 ], [ -96.895228, 32.800579 ], [ -96.895224, 32.800483 ], [ -96.895211, 32.800435 ], [ -96.895191, 32.800402 ], [ -96.895134, 32.800371 ], [ -96.894986, 32.800322 ], [ -96.894921, 32.800309 ], [ -96.894815, 32.800297 ], [ -96.894774, 32.800288 ], [ -96.894753, 32.800264 ], [ -96.894745, 32.800233 ], [ -96.894741, 32.800144 ], [ -96.894733, 32.800099 ], [ -96.894712, 32.800072 ], [ -96.894659, 32.800047 ], [ -96.89461, 32.800033 ], [ -96.894549, 32.80001 ], [ -96.894496, 32.799975 ], [ -96.894414, 32.799948 ], [ -96.894308, 32.799959 ], [ -96.89423, 32.799953 ], [ -96.89405, 32.799953 ], [ -96.893981, 32.799965 ], [ -96.893944, 32.799993 ], [ -96.893915, 32.800035 ], [ -96.893903, 32.800075 ], [ -96.893866, 32.800114 ], [ -96.893825, 32.800137 ], [ -96.893743, 32.800145 ], [ -96.893649, 32.800142 ], [ -96.893576, 32.800114 ], [ -96.893514, 32.800114 ], [ -96.89347, 32.800131 ], [ -96.893425, 32.800162 ], [ -96.893355, 32.800173 ], [ -96.893294, 32.800162 ], [ -96.89322, 32.800137 ], [ -96.893044, 32.8001 ], [ -96.892971, 32.8001 ], [ -96.892905, 32.800128 ], [ -96.89286, 32.800168 ], [ -96.892803, 32.800207 ], [ -96.892733, 32.800234 ], [ -96.892652, 32.800258 ], [ -96.892586, 32.800289 ], [ -96.892402, 32.800362 ], [ -96.892337, 32.800403 ], [ -96.892304, 32.800465 ], [ -96.8923, 32.80053 ], [ -96.89232, 32.800595 ], [ -96.892345, 32.80063 ], [ -96.892419, 32.800674 ], [ -96.892447, 32.800716 ], [ -96.892495, 32.800826 ], [ -96.892536, 32.800905 ], [ -96.892585, 32.800967 ], [ -96.892626, 32.801008 ], [ -96.89272, 32.801118 ], [ -96.892744, 32.80117 ], [ -96.892748, 32.801245 ], [ -96.892732, 32.801307 ], [ -96.892662, 32.801496 ], [ -96.89263, 32.801544 ], [ -96.892556, 32.801603 ], [ -96.892433, 32.801675 ], [ -96.892364, 32.801726 ], [ -96.892311, 32.801785 ], [ -96.892262, 32.801826 ], [ -96.892204, 32.801842 ], [ -96.892174, 32.801823 ], [ -96.892161, 32.801775 ], [ -96.892161, 32.80173 ], [ -96.892149, 32.801675 ], [ -96.892116, 32.801634 ], [ -96.892088, 32.801582 ], [ -96.892067, 32.80153 ], [ -96.892079, 32.801406 ], [ -96.892112, 32.801366 ], [ -96.892157, 32.801297 ], [ -96.892161, 32.801194 ], [ -96.892141, 32.801108 ], [ -96.892133, 32.80104 ], [ -96.892153, 32.800922 ], [ -96.892149, 32.800812 ], [ -96.892133, 32.80073 ], [ -96.892108, 32.800675 ], [ -96.892059, 32.800637 ], [ -96.891998, 32.800624 ], [ -96.891928, 32.800617 ], [ -96.891851, 32.800624 ], [ -96.891797, 32.800658 ], [ -96.891756, 32.800703 ], [ -96.891728, 32.800753 ], [ -96.891711, 32.800826 ], [ -96.891703, 32.800902 ], [ -96.891687, 32.800984 ], [ -96.891654, 32.80106 ], [ -96.891589, 32.801149 ], [ -96.891548, 32.801191 ], [ -96.891405, 32.80128 ], [ -96.891315, 32.801318 ], [ -96.890992, 32.801325 ], [ -96.890123, 32.801284 ], [ -96.889867, 32.801256 ], [ -96.889608, 32.801267 ], [ -96.889231, 32.801253 ], [ -96.888835, 32.801267 ], [ -96.888718, 32.801277 ], [ -96.888636, 32.801297 ], [ -96.888579, 32.801335 ], [ -96.888555, 32.801394 ], [ -96.888538, 32.801454 ], [ -96.88855, 32.801513 ], [ -96.888591, 32.801564 ], [ -96.888665, 32.801609 ], [ -96.888743, 32.801634 ], [ -96.88888, 32.801662 ], [ -96.889362, 32.801668 ], [ -96.889644, 32.801696 ], [ -96.890115, 32.801748 ], [ -96.890307, 32.801758 ], [ -96.89052, 32.801758 ], [ -96.890953, 32.801765 ], [ -96.89129, 32.801754 ], [ -96.891429, 32.801778 ], [ -96.891511, 32.801799 ], [ -96.891572, 32.801819 ], [ -96.891638, 32.80183 ], [ -96.891744, 32.801833 ], [ -96.891818, 32.80184 ], [ -96.891857, 32.801859 ], [ -96.891904, 32.80194 ], [ -96.891932, 32.801978 ], [ -96.891969, 32.802019 ], [ -96.891994, 32.802056 ], [ -96.89203, 32.802155 ], [ -96.892067, 32.802204 ], [ -96.892108, 32.802231 ], [ -96.892161, 32.802249 ], [ -96.892288, 32.802249 ], [ -96.892452, 32.802266 ], [ -96.892525, 32.802256 ], [ -96.892574, 32.802221 ], [ -96.892599, 32.802191 ], [ -96.892603, 32.802138 ], [ -96.892589, 32.802104 ], [ -96.892572, 32.802039 ], [ -96.892576, 32.801974 ], [ -96.892605, 32.801929 ], [ -96.892634, 32.801895 ], [ -96.892679, 32.801857 ], [ -96.892736, 32.801766 ], [ -96.892748, 32.801719 ], [ -96.892769, 32.801661 ], [ -96.892805, 32.801606 ], [ -96.892916, 32.801496 ], [ -96.893022, 32.801347 ], [ -96.893079, 32.80128 ], [ -96.893145, 32.801211 ], [ -96.893194, 32.801132 ], [ -96.893239, 32.80107 ], [ -96.893259, 32.801018 ], [ -96.893259, 32.80096 ], [ -96.893253, 32.800891 ], [ -96.893277, 32.800839 ], [ -96.893367, 32.800767 ], [ -96.893429, 32.800753 ], [ -96.893474, 32.800747 ], [ -96.893547, 32.800753 ], [ -96.893694, 32.800776 ], [ -96.893817, 32.800808 ], [ -96.893866, 32.800829 ], [ -96.893928, 32.800886 ], [ -96.893994, 32.800919 ], [ -96.894038, 32.800962 ], [ -96.894116, 32.800986 ], [ -96.89419, 32.800978 ], [ -96.894251, 32.800955 ], [ -96.894296, 32.800919 ], [ -96.894329, 32.800857 ], [ -96.894365, 32.800807 ], [ -96.894423, 32.800762 ], [ -96.8945, 32.800738 ], [ -96.894598, 32.800728 ], [ -96.894697, 32.800731 ], [ -96.894774, 32.800755 ], [ -96.894848, 32.80079 ], [ -96.894962, 32.800888 ], [ -96.895171, 32.80102 ], [ -96.895322, 32.801108 ], [ -96.895392, 32.801161 ], [ -96.89549, 32.80126 ], [ -96.895531, 32.801312 ], [ -96.895608, 32.801367 ], [ -96.895694, 32.801419 ], [ -96.895792, 32.80147 ], [ -96.895895, 32.801515 ], [ -96.895985, 32.801539 ] ], [ [ -96.859065, 32.802064 ], [ -96.859037, 32.802124 ], [ -96.859036, 32.802314 ], [ -96.859049, 32.802377 ], [ -96.859101, 32.802642 ], [ -96.859152, 32.802721 ], [ -96.859203, 32.802739 ], [ -96.859393, 32.802743 ], [ -96.859439, 32.802599 ], [ -96.859455, 32.80256 ], [ -96.859469, 32.80254 ], [ -96.859691, 32.80237 ], [ -96.860058, 32.802191 ], [ -96.860088, 32.802171 ], [ -96.860119, 32.802117 ], [ -96.860092, 32.80153 ], [ -96.860019, 32.801285 ], [ -96.859978, 32.801132 ], [ -96.859958, 32.801014 ], [ -96.859896, 32.800845 ], [ -96.859589, 32.800213 ], [ -96.859395, 32.800417 ], [ -96.859379, 32.800493 ], [ -96.859262, 32.800658 ], [ -96.859108, 32.800913 ], [ -96.859044, 32.801101 ], [ -96.859012, 32.801212 ], [ -96.859012, 32.801293 ], [ -96.859039, 32.801628 ], [ -96.859055, 32.801761 ], [ -96.859082, 32.801927 ], [ -96.859065, 32.802064 ] ], [ [ -96.869102, 32.829236 ], [ -96.869925, 32.82994 ], [ -96.870002, 32.829969 ], [ -96.870071, 32.829974 ], [ -96.870113, 32.829957 ], [ -96.870162, 32.829928 ], [ -96.87019, 32.829887 ], [ -96.870232, 32.829787 ], [ -96.870274, 32.829763 ], [ -96.870357, 32.82977 ], [ -96.870532, 32.829881 ], [ -96.870608, 32.829898 ], [ -96.870664, 32.829887 ], [ -96.870755, 32.829846 ], [ -96.87079, 32.829799 ], [ -96.87079, 32.82974 ], [ -96.870776, 32.829676 ], [ -96.870713, 32.829635 ], [ -96.870392, 32.829594 ], [ -96.870085, 32.829571 ], [ -96.870002, 32.829541 ], [ -96.869361, 32.828998 ], [ -96.869283, 32.828932 ], [ -96.869248, 32.828896 ], [ -96.869234, 32.828814 ], [ -96.869234, 32.828767 ], [ -96.869241, 32.828697 ], [ -96.869276, 32.828626 ], [ -96.86943, 32.828491 ], [ -96.869437, 32.828445 ], [ -96.869402, 32.828356 ], [ -96.869339, 32.828293 ], [ -96.868976, 32.828152 ], [ -96.868648, 32.827965 ], [ -96.86846, 32.827924 ], [ -96.868376, 32.82793 ], [ -96.868279, 32.827959 ], [ -96.868311, 32.828015 ], [ -96.868293, 32.828135 ], [ -96.868272, 32.828228 ], [ -96.868111, 32.828404 ], [ -96.868097, 32.828498 ], [ -96.868609, 32.828767 ], [ -96.869102, 32.829236 ] ], [ [ -96.872141, 32.84158 ], [ -96.872158, 32.841789 ], [ -96.872124, 32.841946 ], [ -96.872133, 32.842004 ], [ -96.872175, 32.842039 ], [ -96.87226, 32.842081 ], [ -96.872371, 32.841997 ], [ -96.872405, 32.841903 ], [ -96.872482, 32.841853 ], [ -96.872508, 32.841803 ], [ -96.872661, 32.841681 ], [ -96.872814, 32.841659 ], [ -96.87394, 32.841946 ], [ -96.874272, 32.842053 ], [ -96.874383, 32.842053 ], [ -96.8744, 32.841896 ], [ -96.874357, 32.841839 ], [ -96.874289, 32.841796 ], [ -96.87288, 32.841303 ], [ -96.872772, 32.841265 ], [ -96.871877, 32.84088 ], [ -96.871775, 32.840922 ], [ -96.871647, 32.841023 ], [ -96.871587, 32.841059 ], [ -96.871596, 32.841109 ], [ -96.871706, 32.841237 ], [ -96.871749, 32.841295 ], [ -96.871766, 32.841338 ], [ -96.871715, 32.841459 ], [ -96.871724, 32.841495 ], [ -96.871783, 32.841502 ], [ -96.87192, 32.841445 ], [ -96.871979, 32.841459 ], [ -96.87201, 32.841459 ], [ -96.87203, 32.841467 ], [ -96.872141, 32.84158 ] ], [ [ -96.875154, 32.841549 ], [ -96.875093, 32.841599 ], [ -96.875057, 32.841656 ], [ -96.875045, 32.841707 ], [ -96.875063, 32.841831 ], [ -96.875135, 32.841966 ], [ -96.875293, 32.842241 ], [ -96.875314, 32.842256 ], [ -96.875342, 32.842264 ], [ -96.875368, 32.842259 ], [ -96.875701, 32.842138 ], [ -96.875822, 32.842067 ], [ -96.87587, 32.842024 ], [ -96.875905, 32.841974 ], [ -96.875928, 32.841904 ], [ -96.875928, 32.841866 ], [ -96.875901, 32.8418 ], [ -96.875638, 32.841302 ], [ -96.875623, 32.841287 ], [ -96.875599, 32.841271 ], [ -96.875575, 32.841267 ], [ -96.875545, 32.841274 ], [ -96.875515, 32.841292 ], [ -96.875154, 32.841549 ] ], [ [ -96.881512, 32.845278 ], [ -96.881591, 32.845238 ], [ -96.881733, 32.845262 ], [ -96.881765, 32.845258 ], [ -96.881778, 32.845231 ], [ -96.88186, 32.845194 ], [ -96.881886, 32.845198 ], [ -96.881904, 32.845185 ], [ -96.881911, 32.845135 ], [ -96.882008, 32.845121 ], [ -96.882196, 32.845238 ], [ -96.882438, 32.844872 ], [ -96.882674, 32.844658 ], [ -96.882771, 32.844551 ], [ -96.882941, 32.84422 ], [ -96.882923, 32.844094 ], [ -96.882887, 32.844076 ], [ -96.882759, 32.844053 ], [ -96.882596, 32.844414 ], [ -96.882281, 32.844755 ], [ -96.881996, 32.844932 ], [ -96.881657, 32.84507 ], [ -96.88156, 32.84505 ], [ -96.880677, 32.845405 ], [ -96.880566, 32.84543 ], [ -96.880538, 32.845416 ], [ -96.880523, 32.84539 ], [ -96.880537, 32.845354 ], [ -96.880579, 32.845325 ], [ -96.880628, 32.845345 ], [ -96.880662, 32.845336 ], [ -96.880676, 32.845289 ], [ -96.880652, 32.845253 ], [ -96.880646, 32.845222 ], [ -96.880694, 32.845197 ], [ -96.880791, 32.845208 ], [ -96.8809, 32.845166 ], [ -96.881027, 32.84508 ], [ -96.882002, 32.844831 ], [ -96.882346, 32.844569 ], [ -96.882357, 32.844541 ], [ -96.882353, 32.84451 ], [ -96.882339, 32.844486 ], [ -96.882312, 32.844475 ], [ -96.882279, 32.844468 ], [ -96.88216, 32.84451 ], [ -96.881875, 32.844638 ], [ -96.881409, 32.84478 ], [ -96.881161, 32.844851 ], [ -96.881015, 32.844862 ], [ -96.881003, 32.844841 ], [ -96.880937, 32.844811 ], [ -96.880846, 32.844872 ], [ -96.88072, 32.844895 ], [ -96.880691, 32.844897 ], [ -96.880632, 32.844892 ], [ -96.880582, 32.844851 ], [ -96.880563, 32.844828 ], [ -96.880551, 32.844802 ], [ -96.880548, 32.844775 ], [ -96.880557, 32.844728 ], [ -96.880572, 32.84471 ], [ -96.880592, 32.844699 ], [ -96.88067, 32.844671 ], [ -96.880712, 32.844707 ], [ -96.880803, 32.844845 ], [ -96.881009, 32.844699 ], [ -96.881258, 32.844592 ], [ -96.881403, 32.844439 ], [ -96.881524, 32.844572 ], [ -96.881766, 32.844577 ], [ -96.881978, 32.84447 ], [ -96.882087, 32.844378 ], [ -96.882099, 32.844327 ], [ -96.882281, 32.844312 ], [ -96.882559, 32.844246 ], [ -96.882814, 32.843778 ], [ -96.882705, 32.843753 ], [ -96.882553, 32.84357 ], [ -96.882402, 32.843676 ], [ -96.882238, 32.843697 ], [ -96.882184, 32.843747 ], [ -96.882196, 32.843834 ], [ -96.881954, 32.844048 ], [ -96.881821, 32.844017 ], [ -96.881687, 32.844037 ], [ -96.881675, 32.844119 ], [ -96.881209, 32.844211 ], [ -96.880894, 32.844352 ], [ -96.880658, 32.844526 ], [ -96.880658, 32.844582 ], [ -96.880628, 32.844617 ], [ -96.880531, 32.844633 ], [ -96.880422, 32.84478 ], [ -96.879707, 32.84537 ], [ -96.879726, 32.845405 ], [ -96.880323, 32.845411 ], [ -96.880353, 32.845422 ], [ -96.880357, 32.84545 ], [ -96.880327, 32.845466 ], [ -96.879823, 32.84543 ], [ -96.87958, 32.845472 ], [ -96.879326, 32.845523 ], [ -96.878811, 32.845564 ], [ -96.878812, 32.845692 ], [ -96.878839, 32.845692 ], [ -96.878836, 32.845807 ], [ -96.879029, 32.845878 ], [ -96.879163, 32.845864 ], [ -96.879605, 32.845777 ], [ -96.880018, 32.845725 ], [ -96.880089, 32.845699 ], [ -96.88017, 32.845686 ], [ -96.880205, 32.845695 ], [ -96.880246, 32.845697 ], [ -96.880281, 32.845688 ], [ -96.880319, 32.84567 ], [ -96.880361, 32.84564 ], [ -96.88041, 32.845644 ], [ -96.880543, 32.845681 ], [ -96.880707, 32.845706 ], [ -96.880755, 32.845691 ], [ -96.880885, 32.845588 ], [ -96.880967, 32.845553 ], [ -96.881403, 32.845442 ], [ -96.881433, 32.845391 ], [ -96.881397, 32.84536 ], [ -96.881397, 32.845335 ], [ -96.881439, 32.845309 ], [ -96.881512, 32.845278 ] ], [ [ -96.876187, 32.845999 ], [ -96.876213, 32.846016 ], [ -96.87625, 32.846027 ], [ -96.876311, 32.846016 ], [ -96.876361, 32.846027 ], [ -96.876372, 32.846064 ], [ -96.876385, 32.846079 ], [ -96.876422, 32.846099 ], [ -96.876507, 32.846103 ], [ -96.876571, 32.846099 ], [ -96.876679, 32.846083 ], [ -96.87678, 32.846058 ], [ -96.876871, 32.846006 ], [ -96.877047, 32.845885 ], [ -96.877064, 32.845854 ], [ -96.877072, 32.845823 ], [ -96.87706, 32.845791 ], [ -96.876982, 32.845705 ], [ -96.87694, 32.845698 ], [ -96.876636, 32.845726 ], [ -96.876562, 32.845726 ], [ -96.876522, 32.845714 ], [ -96.876488, 32.845694 ], [ -96.876459, 32.845653 ], [ -96.876417, 32.84557 ], [ -96.876331, 32.845356 ], [ -96.876323, 32.845294 ], [ -96.876319, 32.844989 ], [ -96.876364, 32.844679 ], [ -96.876385, 32.844571 ], [ -96.876397, 32.844531 ], [ -96.87641, 32.844504 ], [ -96.87643, 32.844481 ], [ -96.876529, 32.844405 ], [ -96.876537, 32.844378 ], [ -96.876525, 32.84434 ], [ -96.876467, 32.844305 ], [ -96.876459, 32.844274 ], [ -96.876484, 32.844212 ], [ -96.876508, 32.844053 ], [ -96.8765, 32.84402 ], [ -96.876471, 32.844001 ], [ -96.876253, 32.843989 ], [ -96.876216, 32.84398 ], [ -96.876204, 32.843977 ], [ -96.876173, 32.843973 ], [ -96.876146, 32.843977 ], [ -96.876122, 32.843989 ], [ -96.876093, 32.84402 ], [ -96.876085, 32.844056 ], [ -96.876085, 32.844129 ], [ -96.876073, 32.844161 ], [ -96.876052, 32.844177 ], [ -96.876018, 32.844181 ], [ -96.875929, 32.844209 ], [ -96.875805, 32.844262 ], [ -96.875768, 32.844293 ], [ -96.875743, 32.844336 ], [ -96.875731, 32.844408 ], [ -96.875743, 32.844471 ], [ -96.875817, 32.844574 ], [ -96.875872, 32.844667 ], [ -96.875891, 32.844724 ], [ -96.875901, 32.844804 ], [ -96.875892, 32.844875 ], [ -96.875842, 32.845 ], [ -96.875831, 32.845081 ], [ -96.875842, 32.845124 ], [ -96.875886, 32.845177 ], [ -96.875908, 32.845229 ], [ -96.875904, 32.84528 ], [ -96.875875, 32.845329 ], [ -96.875882, 32.845381 ], [ -96.875916, 32.845518 ], [ -96.875929, 32.845601 ], [ -96.875966, 32.845674 ], [ -96.87599, 32.845705 ], [ -96.876052, 32.845767 ], [ -96.876114, 32.845871 ], [ -96.876163, 32.845975 ], [ -96.876187, 32.845999 ] ], [ [ -96.874444, 32.845557 ], [ -96.87415, 32.845283 ], [ -96.873359, 32.844611 ], [ -96.873322, 32.84458 ], [ -96.873255, 32.844547 ], [ -96.873215, 32.844558 ], [ -96.873195, 32.844592 ], [ -96.872614, 32.845322 ], [ -96.87258, 32.845384 ], [ -96.873168, 32.845765 ], [ -96.873883, 32.846276 ], [ -96.87399, 32.846241 ], [ -96.874211, 32.846147 ], [ -96.874658, 32.845934 ], [ -96.874712, 32.845889 ], [ -96.874692, 32.845833 ], [ -96.874444, 32.845557 ] ], [ [ -96.888187, 32.85061 ], [ -96.888394, 32.850634 ], [ -96.888475, 32.85062 ], [ -96.888516, 32.8506 ], [ -96.888658, 32.850541 ], [ -96.888704, 32.850501 ], [ -96.888785, 32.850398 ], [ -96.888813, 32.850378 ], [ -96.889326, 32.850091 ], [ -96.889543, 32.84995 ], [ -96.889959, 32.849741 ], [ -96.890285, 32.849539 ], [ -96.89031, 32.849528 ], [ -96.890358, 32.849482 ], [ -96.890371, 32.849443 ], [ -96.890363, 32.849406 ], [ -96.890277, 32.849327 ], [ -96.890167, 32.849252 ], [ -96.890146, 32.849224 ], [ -96.890089, 32.849066 ], [ -96.890069, 32.849026 ], [ -96.890049, 32.849002 ], [ -96.889954, 32.84894 ], [ -96.889205, 32.848536 ], [ -96.888593, 32.848067 ], [ -96.888552, 32.848059 ], [ -96.888504, 32.84807 ], [ -96.888345, 32.848132 ], [ -96.888239, 32.848139 ], [ -96.888194, 32.848125 ], [ -96.888075, 32.84805 ], [ -96.888049, 32.848024 ], [ -96.888034, 32.847997 ], [ -96.888035, 32.847974 ], [ -96.888071, 32.847923 ], [ -96.88823, 32.847769 ], [ -96.888308, 32.847717 ], [ -96.888361, 32.847665 ], [ -96.888499, 32.847495 ], [ -96.888516, 32.847461 ], [ -96.888544, 32.847289 ], [ -96.88863, 32.846663 ], [ -96.888963, 32.845702 ], [ -96.889212, 32.84514 ], [ -96.889233, 32.845101 ], [ -96.88925, 32.845028 ], [ -96.889242, 32.844996 ], [ -96.889227, 32.844966 ], [ -96.889193, 32.844921 ], [ -96.889149, 32.844889 ], [ -96.889083, 32.844867 ], [ -96.889017, 32.844859 ], [ -96.887456, 32.8449 ], [ -96.887338, 32.844876 ], [ -96.887293, 32.844849 ], [ -96.887268, 32.844806 ], [ -96.887256, 32.844642 ], [ -96.887192, 32.84442 ], [ -96.887138, 32.844313 ], [ -96.887118, 32.844293 ], [ -96.887057, 32.844253 ], [ -96.886954, 32.844212 ], [ -96.886831, 32.844192 ], [ -96.886738, 32.844188 ], [ -96.886571, 32.844174 ], [ -96.886513, 32.844178 ], [ -96.886445, 32.844201 ], [ -96.886408, 32.844229 ], [ -96.885679, 32.844861 ], [ -96.885603, 32.844932 ], [ -96.885525, 32.84498 ], [ -96.885154, 32.845073 ], [ -96.885086, 32.845098 ], [ -96.885013, 32.845134 ], [ -96.884881, 32.845221 ], [ -96.8845, 32.845522 ], [ -96.883933, 32.845951 ], [ -96.883592, 32.846241 ], [ -96.883584, 32.846269 ], [ -96.883592, 32.846321 ], [ -96.88358, 32.846355 ], [ -96.883397, 32.84659 ], [ -96.883381, 32.846621 ], [ -96.883345, 32.846657 ], [ -96.883255, 32.846708 ], [ -96.883239, 32.846725 ], [ -96.883016, 32.847152 ], [ -96.882818, 32.847496 ], [ -96.882789, 32.847561 ], [ -96.882781, 32.84762 ], [ -96.882781, 32.847676 ], [ -96.882805, 32.847758 ], [ -96.882825, 32.847792 ], [ -96.882915, 32.847912 ], [ -96.882949, 32.847966 ], [ -96.882967, 32.848011 ], [ -96.88302, 32.848242 ], [ -96.883057, 32.848294 ], [ -96.883109, 32.848348 ], [ -96.883154, 32.848385 ], [ -96.883247, 32.848444 ], [ -96.883669, 32.848669 ], [ -96.884481, 32.849074 ], [ -96.884923, 32.849276 ], [ -96.885867, 32.849731 ], [ -96.886128, 32.84979 ], [ -96.886237, 32.849807 ], [ -96.886311, 32.849795 ], [ -96.886482, 32.849755 ], [ -96.886575, 32.849728 ], [ -96.8866, 32.849708 ], [ -96.886632, 32.849694 ], [ -96.886661, 32.849656 ], [ -96.886701, 32.849539 ], [ -96.886701, 32.849491 ], [ -96.886693, 32.84942 ], [ -96.886705, 32.8494 ], [ -96.886868, 32.849218 ], [ -96.886962, 32.849136 ], [ -96.88699, 32.849119 ], [ -96.887023, 32.849113 ], [ -96.887086, 32.84912 ], [ -96.887143, 32.849133 ], [ -96.887201, 32.849155 ], [ -96.887239, 32.849198 ], [ -96.887234, 32.849238 ], [ -96.88721, 32.849286 ], [ -96.886974, 32.849536 ], [ -96.88695, 32.84957 ], [ -96.886921, 32.849598 ], [ -96.886893, 32.849615 ], [ -96.886725, 32.84969 ], [ -96.886694, 32.84973 ], [ -96.886689, 32.849764 ], [ -96.886697, 32.849831 ], [ -96.886722, 32.849874 ], [ -96.886823, 32.849922 ], [ -96.886856, 32.84995 ], [ -96.886864, 32.850008 ], [ -96.886913, 32.850056 ], [ -96.886986, 32.85007 ], [ -96.887088, 32.850108 ], [ -96.887157, 32.850158 ], [ -96.88719, 32.850169 ], [ -96.887226, 32.850169 ], [ -96.887275, 32.850183 ], [ -96.887291, 32.8502 ], [ -96.887324, 32.850257 ], [ -96.887446, 32.85035 ], [ -96.887584, 32.850405 ], [ -96.887841, 32.850467 ], [ -96.888036, 32.850558 ], [ -96.888187, 32.85061 ] ], [ [ -96.899489, 32.856355 ], [ -96.899526, 32.856355 ], [ -96.899564, 32.85635 ], [ -96.899639, 32.85635 ], [ -96.899782, 32.856392 ], [ -96.90022, 32.856538 ], [ -96.9009, 32.856822 ], [ -96.901032, 32.856869 ], [ -96.901169, 32.85691 ], [ -96.901362, 32.856941 ], [ -96.901437, 32.856932 ], [ -96.901481, 32.856906 ], [ -96.901587, 32.856785 ], [ -96.901631, 32.856712 ], [ -96.901712, 32.85636 ], [ -96.901675, 32.855773 ], [ -96.901612, 32.855154 ], [ -96.901637, 32.855065 ], [ -96.901656, 32.854939 ], [ -96.901637, 32.854765 ], [ -96.901519, 32.854566 ], [ -96.901419, 32.85445 ], [ -96.90135, 32.854383 ], [ -96.901325, 32.854325 ], [ -96.901287, 32.854262 ], [ -96.901238, 32.854225 ], [ -96.901194, 32.854204 ], [ -96.901106, 32.854188 ], [ -96.90075, 32.854141 ], [ -96.900369, 32.854157 ], [ -96.899907, 32.854131 ], [ -96.899595, 32.854141 ], [ -96.899327, 32.854115 ], [ -96.899121, 32.854089 ], [ -96.898783, 32.854 ], [ -96.898665, 32.853952 ], [ -96.898415, 32.853873 ], [ -96.898302, 32.853827 ], [ -96.898159, 32.853758 ], [ -96.89799, 32.853696 ], [ -96.897909, 32.853655 ], [ -96.897836, 32.853603 ], [ -96.897677, 32.853431 ], [ -96.897419, 32.853098 ], [ -96.897353, 32.852978 ], [ -96.897322, 32.852905 ], [ -96.897293, 32.852814 ], [ -96.897226, 32.852511 ], [ -96.897216, 32.852337 ], [ -96.89722, 32.852192 ], [ -96.897278, 32.851768 ], [ -96.897309, 32.851703 ], [ -96.89733, 32.851674 ], [ -96.898074, 32.850986 ], [ -96.8981, 32.850901 ], [ -96.898087, 32.850852 ], [ -96.898054, 32.850808 ], [ -96.898001, 32.850779 ], [ -96.897934, 32.850766 ], [ -96.897622, 32.850727 ], [ -96.897436, 32.850716 ], [ -96.897187, 32.850718 ], [ -96.897066, 32.850735 ], [ -96.896756, 32.850834 ], [ -96.8961, 32.851096 ], [ -96.895945, 32.851183 ], [ -96.895204, 32.851638 ], [ -96.89474, 32.851948 ], [ -96.894283, 32.852272 ], [ -96.893441, 32.852859 ], [ -96.893369, 32.852913 ], [ -96.893325, 32.852969 ], [ -96.893309, 32.853003 ], [ -96.893304, 32.853034 ], [ -96.893308, 32.853065 ], [ -96.893341, 32.85313 ], [ -96.893374, 32.853215 ], [ -96.893376, 32.853254 ], [ -96.893369, 32.853292 ], [ -96.893329, 32.853381 ], [ -96.89333, 32.853406 ], [ -96.893351, 32.853454 ], [ -96.893433, 32.853589 ], [ -96.893454, 32.853667 ], [ -96.893481, 32.8537 ], [ -96.893606, 32.853764 ], [ -96.8941, 32.853952 ], [ -96.894543, 32.854283 ], [ -96.894743, 32.854398 ], [ -96.894887, 32.85454 ], [ -96.894943, 32.854566 ], [ -96.895011, 32.854587 ], [ -96.895143, 32.854613 ], [ -96.895255, 32.854655 ], [ -96.895292, 32.854692 ], [ -96.89533, 32.854754 ], [ -96.895336, 32.854792 ], [ -96.895336, 32.854849 ], [ -96.89533, 32.854886 ], [ -96.895255, 32.855033 ], [ -96.89523, 32.8551 ], [ -96.89523, 32.855154 ], [ -96.895268, 32.855264 ], [ -96.895324, 32.855358 ], [ -96.895405, 32.855452 ], [ -96.895461, 32.855505 ], [ -96.895692, 32.855646 ], [ -96.895748, 32.855668 ], [ -96.895817, 32.855677 ], [ -96.895917, 32.855683 ], [ -96.895992, 32.855668 ], [ -96.896092, 32.855641 ], [ -96.89626, 32.855537 ], [ -96.896298, 32.855494 ], [ -96.896329, 32.855395 ], [ -96.896323, 32.855295 ], [ -96.896304, 32.855196 ], [ -96.896273, 32.855122 ], [ -96.896235, 32.854981 ], [ -96.896235, 32.854944 ], [ -96.896254, 32.854917 ], [ -96.896304, 32.854902 ], [ -96.89636, 32.854902 ], [ -96.896498, 32.854975 ], [ -96.897103, 32.855348 ], [ -96.897285, 32.855421 ], [ -96.897416, 32.855452 ], [ -96.897828, 32.855531 ], [ -96.897903, 32.855558 ], [ -96.898221, 32.855694 ], [ -96.898309, 32.855746 ], [ -96.898696, 32.856082 ], [ -96.898765, 32.856156 ], [ -96.898827, 32.856187 ], [ -96.898865, 32.856229 ], [ -96.898927, 32.856271 ], [ -96.899002, 32.856302 ], [ -96.899208, 32.856355 ], [ -96.899302, 32.856364 ], [ -96.899445, 32.85636 ], [ -96.899489, 32.856355 ] ], [ [ -96.871433, 32.852899 ], [ -96.872167, 32.852809 ], [ -96.87246, 32.852755 ], [ -96.872629, 32.852704 ], [ -96.872884, 32.852659 ], [ -96.87302, 32.852627 ], [ -96.873128, 32.852586 ], [ -96.873191, 32.852552 ], [ -96.873263, 32.852499 ], [ -96.873675, 32.852151 ], [ -96.873764, 32.852063 ], [ -96.873805, 32.852016 ], [ -96.873873, 32.85193 ], [ -96.873904, 32.851839 ], [ -96.873918, 32.851778 ], [ -96.873913, 32.851722 ], [ -96.873895, 32.851627 ], [ -96.873787, 32.851369 ], [ -96.873266, 32.85032 ], [ -96.87313, 32.850028 ], [ -96.87268, 32.849185 ], [ -96.87256, 32.84897 ], [ -96.872478, 32.848888 ], [ -96.872416, 32.848835 ], [ -96.872267, 32.848796 ], [ -96.872072, 32.848767 ], [ -96.871872, 32.84875 ], [ -96.8717, 32.848711 ], [ -96.871591, 32.848694 ], [ -96.871564, 32.848698 ], [ -96.871333, 32.848836 ], [ -96.871078, 32.84901 ], [ -96.871037, 32.849034 ], [ -96.870879, 32.849049 ], [ -96.870843, 32.849064 ], [ -96.870798, 32.849091 ], [ -96.870749, 32.849128 ], [ -96.87046, 32.849398 ], [ -96.870437, 32.849428 ], [ -96.870421, 32.849462 ], [ -96.870415, 32.849527 ], [ -96.870433, 32.849701 ], [ -96.87041, 32.849747 ], [ -96.870379, 32.849762 ], [ -96.870036, 32.849787 ], [ -96.869929, 32.849801 ], [ -96.869886, 32.8498 ], [ -96.869557, 32.849846 ], [ -96.869332, 32.849899 ], [ -96.86898, 32.850025 ], [ -96.868935, 32.850033 ], [ -96.868885, 32.850037 ], [ -96.868303, 32.850054 ], [ -96.86819, 32.850051 ], [ -96.867883, 32.850021 ], [ -96.867721, 32.849998 ], [ -96.867617, 32.849977 ], [ -96.866903, 32.849764 ], [ -96.866804, 32.849725 ], [ -96.866705, 32.849672 ], [ -96.866628, 32.849615 ], [ -96.866286, 32.849311 ], [ -96.86624, 32.849277 ], [ -96.8662, 32.849262 ], [ -96.86615, 32.849259 ], [ -96.866105, 32.849269 ], [ -96.866015, 32.849334 ], [ -96.865898, 32.849452 ], [ -96.865871, 32.849497 ], [ -96.865817, 32.849634 ], [ -96.865771, 32.84971 ], [ -96.865731, 32.849763 ], [ -96.865609, 32.849884 ], [ -96.86555, 32.849956 ], [ -96.86546, 32.850099 ], [ -96.865438, 32.850123 ], [ -96.865411, 32.850142 ], [ -96.865194, 32.850206 ], [ -96.865167, 32.850225 ], [ -96.865149, 32.850248 ], [ -96.865133, 32.850287 ], [ -96.865122, 32.85033 ], [ -96.865095, 32.850769 ], [ -96.865008, 32.851298 ], [ -96.864981, 32.851398 ], [ -96.864933, 32.851498 ], [ -96.864753, 32.851748 ], [ -96.864467, 32.852061 ], [ -96.86419, 32.852307 ], [ -96.864142, 32.852339 ], [ -96.863868, 32.852466 ], [ -96.863822, 32.852497 ], [ -96.863795, 32.852539 ], [ -96.863714, 32.852702 ], [ -96.863642, 32.852789 ], [ -96.863624, 32.852823 ], [ -96.863592, 32.852941 ], [ -96.863574, 32.852978 ], [ -96.863493, 32.853109 ], [ -96.863218, 32.853372 ], [ -96.86293, 32.853572 ], [ -96.862839, 32.853627 ], [ -96.862736, 32.853678 ], [ -96.862336, 32.853825 ], [ -96.861774, 32.854067 ], [ -96.86146, 32.854218 ], [ -96.861175, 32.854388 ], [ -96.861022, 32.854498 ], [ -96.860841, 32.854619 ], [ -96.860751, 32.854698 ], [ -96.860368, 32.855063 ], [ -96.860327, 32.855116 ], [ -96.860288, 32.855195 ], [ -96.860153, 32.855539 ], [ -96.860066, 32.855808 ], [ -96.859966, 32.855992 ], [ -96.859777, 32.856299 ], [ -96.859194, 32.857148 ], [ -96.859151, 32.857204 ], [ -96.858988, 32.857387 ], [ -96.858808, 32.857571 ], [ -96.858656, 32.857698 ], [ -96.858539, 32.857785 ], [ -96.858238, 32.858018 ], [ -96.858195, 32.858065 ], [ -96.858169, 32.858103 ], [ -96.858152, 32.858159 ], [ -96.858185, 32.858386 ], [ -96.85818, 32.85843 ], [ -96.85815, 32.858448 ], [ -96.858126, 32.858447 ], [ -96.858043, 32.858409 ], [ -96.857976, 32.858401 ], [ -96.857832, 32.858416 ], [ -96.857655, 32.858454 ], [ -96.857606, 32.858472 ], [ -96.85725, 32.858666 ], [ -96.856857, 32.858874 ], [ -96.856559, 32.859019 ], [ -96.856352, 32.859095 ], [ -96.856163, 32.859153 ], [ -96.856042, 32.859189 ], [ -96.855978, 32.859228 ], [ -96.855911, 32.859267 ], [ -96.855835, 32.859302 ], [ -96.855524, 32.859381 ], [ -96.855235, 32.859422 ], [ -96.85452, 32.859468 ], [ -96.854332, 32.859489 ], [ -96.854208, 32.859527 ], [ -96.854053, 32.859616 ], [ -96.853993, 32.859641 ], [ -96.853884, 32.859667 ], [ -96.853708, 32.859718 ], [ -96.853551, 32.859758 ], [ -96.85332, 32.859789 ], [ -96.853193, 32.859789 ], [ -96.853066, 32.859779 ], [ -96.852618, 32.859712 ], [ -96.852466, 32.859682 ], [ -96.852387, 32.859662 ], [ -96.852206, 32.859606 ], [ -96.852131, 32.859589 ], [ -96.852001, 32.859586 ], [ -96.851551, 32.85962 ], [ -96.851254, 32.859656 ], [ -96.851012, 32.859692 ], [ -96.85094, 32.859718 ], [ -96.850765, 32.859819 ], [ -96.85068, 32.859845 ], [ -96.850607, 32.85985 ], [ -96.850534, 32.859845 ], [ -96.850462, 32.859828 ], [ -96.8504, 32.859803 ], [ -96.850322, 32.859763 ], [ -96.850267, 32.859723 ], [ -96.850189, 32.859676 ], [ -96.850092, 32.859656 ], [ -96.849977, 32.859656 ], [ -96.849898, 32.859667 ], [ -96.849868, 32.859687 ], [ -96.849862, 32.859718 ], [ -96.84988, 32.859761 ], [ -96.849922, 32.859779 ], [ -96.849977, 32.859789 ], [ -96.850044, 32.859789 ], [ -96.850104, 32.859803 ], [ -96.850153, 32.859828 ], [ -96.850231, 32.859921 ], [ -96.85028, 32.859957 ], [ -96.850389, 32.860008 ], [ -96.850443, 32.860023 ], [ -96.850516, 32.860033 ], [ -96.850583, 32.860028 ], [ -96.850674, 32.860013 ], [ -96.850874, 32.859962 ], [ -96.850952, 32.859952 ], [ -96.851013, 32.859952 ], [ -96.851505, 32.859997 ], [ -96.851902, 32.860028 ], [ -96.852073, 32.860047 ], [ -96.852231, 32.860073 ], [ -96.852618, 32.860165 ], [ -96.852805, 32.860205 ], [ -96.85292, 32.860221 ], [ -96.853114, 32.860236 ], [ -96.853229, 32.860242 ], [ -96.853387, 32.860236 ], [ -96.85366, 32.860211 ], [ -96.85375, 32.860196 ], [ -96.853908, 32.86016 ], [ -96.854, 32.860127 ], [ -96.854108, 32.860089 ], [ -96.854405, 32.859992 ], [ -96.854465, 32.859972 ], [ -96.854524, 32.859963 ], [ -96.854708, 32.859952 ], [ -96.855313, 32.859895 ], [ -96.855696, 32.859833 ], [ -96.856071, 32.859716 ], [ -96.856247, 32.85963 ], [ -96.856309, 32.859616 ], [ -96.85639, 32.859592 ], [ -96.856454, 32.859572 ], [ -96.856609, 32.859543 ], [ -96.856793, 32.859518 ], [ -96.856986, 32.859496 ], [ -96.857272, 32.859465 ], [ -96.857416, 32.859439 ], [ -96.857511, 32.859432 ], [ -96.857908, 32.859428 ], [ -96.857986, 32.859416 ], [ -96.858038, 32.859388 ], [ -96.858079, 32.859355 ], [ -96.858141, 32.859226 ], [ -96.858193, 32.859181 ], [ -96.858341, 32.85911 ], [ -96.858523, 32.859082 ], [ -96.858608, 32.859076 ], [ -96.858771, 32.859015 ], [ -96.859372, 32.858547 ], [ -96.859437, 32.858514 ], [ -96.859502, 32.858506 ], [ -96.859773, 32.858506 ], [ -96.859892, 32.858483 ], [ -96.859973, 32.85846 ], [ -96.860249, 32.858401 ], [ -96.860303, 32.858383 ], [ -96.860401, 32.858342 ], [ -96.860498, 32.858324 ], [ -96.860709, 32.858219 ], [ -96.860736, 32.858201 ], [ -96.860778, 32.858165 ], [ -96.860948, 32.858024 ], [ -96.861023, 32.857937 ], [ -96.861088, 32.85785 ], [ -96.86111, 32.857778 ], [ -96.861175, 32.857719 ], [ -96.861251, 32.857674 ], [ -96.861305, 32.857636 ], [ -96.861364, 32.857574 ], [ -96.861511, 32.857401 ], [ -96.861603, 32.857278 ], [ -96.86176, 32.857123 ], [ -96.861803, 32.857073 ], [ -96.861879, 32.856973 ], [ -96.861933, 32.856887 ], [ -96.861976, 32.856828 ], [ -96.861987, 32.856805 ], [ -96.862014, 32.856673 ], [ -96.862014, 32.856555 ], [ -96.862057, 32.856268 ], [ -96.862133, 32.855891 ], [ -96.862149, 32.855868 ], [ -96.862176, 32.85584 ], [ -96.862285, 32.855773 ], [ -96.862539, 32.855649 ], [ -96.86268, 32.855586 ], [ -96.862799, 32.855514 ], [ -96.863129, 32.855254 ], [ -96.863238, 32.85519 ], [ -96.863416, 32.855109 ], [ -96.863925, 32.854936 ], [ -96.86451, 32.854689 ], [ -96.864694, 32.854609 ], [ -96.864813, 32.854526 ], [ -96.865024, 32.854367 ], [ -96.865241, 32.854098 ], [ -96.865329, 32.853983 ], [ -96.865441, 32.853872 ], [ -96.86556, 32.85378 ], [ -96.865668, 32.853713 ], [ -96.865853, 32.853544 ], [ -96.865923, 32.853434 ], [ -96.86601, 32.853326 ], [ -96.866112, 32.853208 ], [ -96.866167, 32.853161 ], [ -96.866213, 32.853142 ], [ -96.866299, 32.853122 ], [ -96.866399, 32.853126 ], [ -96.866852, 32.853222 ], [ -96.866956, 32.853251 ], [ -96.867179, 32.85334 ], [ -96.867438, 32.853422 ], [ -96.867535, 32.853444 ], [ -96.867595, 32.853444 ], [ -96.867671, 32.853434 ], [ -96.86773, 32.853417 ], [ -96.867828, 32.853408 ], [ -96.867947, 32.853375 ], [ -96.868315, 32.85334 ], [ -96.868418, 32.853326 ], [ -96.868558, 32.853335 ], [ -96.86878, 32.853321 ], [ -96.868862, 32.853326 ], [ -96.869013, 32.853302 ], [ -96.869122, 32.853281 ], [ -96.869425, 32.853194 ], [ -96.869468, 32.853185 ], [ -96.869541, 32.853188 ], [ -96.86959, 32.853206 ], [ -96.869706, 32.853217 ], [ -96.869847, 32.853212 ], [ -96.869937, 32.853201 ], [ -96.870042, 32.853181 ], [ -96.870399, 32.85309 ], [ -96.870502, 32.85304 ], [ -96.870708, 32.853017 ], [ -96.871116, 32.852946 ], [ -96.871433, 32.852899 ] ], [ [ -96.895277, 32.860647 ], [ -96.89529, 32.860751 ], [ -96.895332, 32.860827 ], [ -96.895418, 32.86092 ], [ -96.89551, 32.860982 ], [ -96.895626, 32.861049 ], [ -96.895698, 32.861072 ], [ -96.895834, 32.861116 ], [ -96.895907, 32.861167 ], [ -96.89595, 32.861238 ], [ -96.895999, 32.8613 ], [ -96.89609, 32.861351 ], [ -96.89617, 32.861382 ], [ -96.896219, 32.861362 ], [ -96.896207, 32.8613 ], [ -96.896158, 32.861264 ], [ -96.896097, 32.861193 ], [ -96.896066, 32.861136 ], [ -96.896005, 32.861095 ], [ -96.895944, 32.861038 ], [ -96.895907, 32.860967 ], [ -96.895846, 32.860905 ], [ -96.895748, 32.860843 ], [ -96.895626, 32.860808 ], [ -96.895552, 32.860731 ], [ -96.895516, 32.860659 ], [ -96.895485, 32.860556 ], [ -96.895467, 32.860433 ], [ -96.895479, 32.860294 ], [ -96.895516, 32.860176 ], [ -96.89554, 32.860048 ], [ -96.895528, 32.859945 ], [ -96.895491, 32.859862 ], [ -96.895461, 32.85978 ], [ -96.895381, 32.859734 ], [ -96.895302, 32.859709 ], [ -96.895228, 32.859673 ], [ -96.895149, 32.859662 ], [ -96.8951, 32.859693 ], [ -96.895027, 32.859837 ], [ -96.894984, 32.859893 ], [ -96.894917, 32.85993 ], [ -96.894892, 32.859991 ], [ -96.894892, 32.860068 ], [ -96.894929, 32.860145 ], [ -96.894996, 32.860202 ], [ -96.895149, 32.860294 ], [ -96.895216, 32.860376 ], [ -96.895277, 32.86054 ], [ -96.895277, 32.860647 ] ], [ [ -96.870628, 32.870513 ], [ -96.870632, 32.87054 ], [ -96.870651, 32.870564 ], [ -96.870679, 32.870585 ], [ -96.870812, 32.870647 ], [ -96.870953, 32.870735 ], [ -96.870986, 32.870745 ], [ -96.87101, 32.870742 ], [ -96.871058, 32.870714 ], [ -96.871152, 32.870691 ], [ -96.871178, 32.870671 ], [ -96.871182, 32.870656 ], [ -96.871185, 32.870647 ], [ -96.87118, 32.870612 ], [ -96.871222, 32.870559 ], [ -96.871222, 32.870536 ], [ -96.871205, 32.870519 ], [ -96.870934, 32.870429 ], [ -96.870812, 32.870398 ], [ -96.870774, 32.870399 ], [ -96.87074, 32.870407 ], [ -96.870717, 32.870421 ], [ -96.870642, 32.870485 ], [ -96.870628, 32.870513 ] ], [ [ -96.817167, 32.924357 ], [ -96.817139, 32.924408 ], [ -96.817145, 32.924491 ], [ -96.817137, 32.924695 ], [ -96.817178, 32.924759 ], [ -96.817238, 32.924782 ], [ -96.817336, 32.92476 ], [ -96.817642, 32.924708 ], [ -96.817765, 32.924661 ], [ -96.818101, 32.924413 ], [ -96.818269, 32.924245 ], [ -96.818422, 32.924014 ], [ -96.818422, 32.923823 ], [ -96.818446, 32.92374 ], [ -96.818437, 32.923693 ], [ -96.818232, 32.923676 ], [ -96.818215, 32.923648 ], [ -96.818221, 32.923578 ], [ -96.818147, 32.923476 ], [ -96.81788, 32.923426 ], [ -96.817842, 32.923381 ], [ -96.817776, 32.923265 ], [ -96.817765, 32.923229 ], [ -96.817716, 32.923206 ], [ -96.817655, 32.923195 ], [ -96.817606, 32.923274 ], [ -96.817567, 32.923358 ], [ -96.817556, 32.923412 ], [ -96.817502, 32.923473 ], [ -96.817459, 32.923617 ], [ -96.817474, 32.923797 ], [ -96.817491, 32.923934 ], [ -96.817474, 32.924058 ], [ -96.817381, 32.924214 ], [ -96.817265, 32.924298 ], [ -96.817167, 32.924357 ] ], [ [ -96.820421, 32.976201 ], [ -96.820442, 32.976233 ], [ -96.820493, 32.976359 ], [ -96.820511, 32.976427 ], [ -96.820523, 32.976452 ], [ -96.820562, 32.976467 ], [ -96.820631, 32.976529 ], [ -96.820646, 32.976568 ], [ -96.820664, 32.976647 ], [ -96.820715, 32.976726 ], [ -96.82076, 32.976743 ], [ -96.820796, 32.976748 ], [ -96.82082, 32.976743 ], [ -96.820844, 32.976726 ], [ -96.820895, 32.976754 ], [ -96.820901, 32.976736 ], [ -96.820877, 32.976671 ], [ -96.82088, 32.976573 ], [ -96.820871, 32.976526 ], [ -96.820874, 32.976464 ], [ -96.820739, 32.976248 ], [ -96.820496, 32.975909 ], [ -96.820379, 32.975758 ], [ -96.820263, 32.975563 ], [ -96.820215, 32.975454 ], [ -96.820176, 32.975354 ], [ -96.820098, 32.975175 ], [ -96.820038, 32.975082 ], [ -96.820008, 32.975049 ], [ -96.819895, 32.974943 ], [ -96.819864, 32.974914 ], [ -96.819771, 32.974846 ], [ -96.819699, 32.974801 ], [ -96.819583, 32.974641 ], [ -96.819544, 32.974566 ], [ -96.819484, 32.97448 ], [ -96.819437, 32.974387 ], [ -96.819389, 32.974305 ], [ -96.819329, 32.974234 ], [ -96.819266, 32.974187 ], [ -96.8192, 32.974148 ], [ -96.819158, 32.974106 ], [ -96.819125, 32.974083 ], [ -96.819098, 32.974081 ], [ -96.819071, 32.974086 ], [ -96.819053, 32.974111 ], [ -96.819062, 32.974148 ], [ -96.819065, 32.974193 ], [ -96.819122, 32.97435 ], [ -96.819167, 32.97439 ], [ -96.819194, 32.974452 ], [ -96.81923, 32.974558 ], [ -96.819242, 32.974697 ], [ -96.819224, 32.974801 ], [ -96.819227, 32.974918 ], [ -96.819272, 32.974963 ], [ -96.819451, 32.975115 ], [ -96.819526, 32.975186 ], [ -96.819568, 32.975256 ], [ -96.819681, 32.975487 ], [ -96.819726, 32.975608 ], [ -96.819771, 32.975706 ], [ -96.81981, 32.975809 ], [ -96.819837, 32.975867 ], [ -96.819879, 32.975912 ], [ -96.819975, 32.975979 ], [ -96.820158, 32.976027 ], [ -96.820265, 32.976076 ], [ -96.820352, 32.97614 ], [ -96.820421, 32.976201 ] ], [ [ -96.819071, 32.980753 ], [ -96.819119, 32.980746 ], [ -96.819156, 32.980753 ], [ -96.81919, 32.980746 ], [ -96.819223, 32.980722 ], [ -96.819256, 32.980687 ], [ -96.819303, 32.980567 ], [ -96.819349, 32.980483 ], [ -96.819433, 32.980395 ], [ -96.819489, 32.980352 ], [ -96.81959, 32.980286 ], [ -96.819697, 32.980258 ], [ -96.819725, 32.980254 ], [ -96.819759, 32.980235 ], [ -96.819781, 32.980196 ], [ -96.819775, 32.980173 ], [ -96.819753, 32.980126 ], [ -96.819731, 32.980108 ], [ -96.819678, 32.980089 ], [ -96.819645, 32.980061 ], [ -96.819612, 32.980054 ], [ -96.819583, 32.980054 ], [ -96.819545, 32.980066 ], [ -96.819531, 32.980086 ], [ -96.819503, 32.980106 ], [ -96.819446, 32.980126 ], [ -96.819408, 32.980122 ], [ -96.819322, 32.980054 ], [ -96.819285, 32.980038 ], [ -96.819251, 32.980058 ], [ -96.819247, 32.980089 ], [ -96.819294, 32.980126 ], [ -96.819346, 32.980153 ], [ -96.819351, 32.980176 ], [ -96.819322, 32.980193 ], [ -96.81927, 32.980148 ], [ -96.819232, 32.980137 ], [ -96.819185, 32.980145 ], [ -96.81918, 32.980207 ], [ -96.819171, 32.980224 ], [ -96.819081, 32.980224 ], [ -96.819038, 32.980193 ], [ -96.819009, 32.980189 ], [ -96.818976, 32.980193 ], [ -96.818971, 32.980217 ], [ -96.819014, 32.980244 ], [ -96.819028, 32.980272 ], [ -96.819005, 32.980297 ], [ -96.818976, 32.9803 ], [ -96.818929, 32.980324 ], [ -96.818858, 32.980305 ], [ -96.818805, 32.980313 ], [ -96.818768, 32.980348 ], [ -96.818753, 32.980355 ], [ -96.818677, 32.980321 ], [ -96.818635, 32.980313 ], [ -96.818578, 32.980352 ], [ -96.818564, 32.9804 ], [ -96.818535, 32.980412 ], [ -96.818492, 32.9804 ], [ -96.818464, 32.980387 ], [ -96.818398, 32.980372 ], [ -96.818374, 32.9804 ], [ -96.818374, 32.98044 ], [ -96.818407, 32.980476 ], [ -96.818454, 32.980492 ], [ -96.818492, 32.980511 ], [ -96.818521, 32.980519 ], [ -96.818592, 32.9805 ], [ -96.818611, 32.980527 ], [ -96.818573, 32.980562 ], [ -96.81854, 32.980618 ], [ -96.818459, 32.980738 ], [ -96.818445, 32.98077 ], [ -96.818459, 32.980814 ], [ -96.818497, 32.980842 ], [ -96.81854, 32.980846 ], [ -96.818635, 32.980822 ], [ -96.818649, 32.980801 ], [ -96.818692, 32.980798 ], [ -96.818725, 32.980814 ], [ -96.818796, 32.980874 ], [ -96.818839, 32.980877 ], [ -96.818905, 32.98087 ], [ -96.818943, 32.980849 ], [ -96.819071, 32.980753 ] ], [ [ -96.817336, 32.981097 ], [ -96.817373, 32.981091 ], [ -96.817426, 32.981097 ], [ -96.817466, 32.981116 ], [ -96.817512, 32.981122 ], [ -96.817568, 32.981102 ], [ -96.817605, 32.98106 ], [ -96.817628, 32.981005 ], [ -96.817671, 32.980925 ], [ -96.817817, 32.98086 ], [ -96.81795, 32.980794 ], [ -96.817989, 32.980763 ], [ -96.818016, 32.980733 ], [ -96.818046, 32.980708 ], [ -96.818056, 32.980666 ], [ -96.818059, 32.980629 ], [ -96.818056, 32.980576 ], [ -96.818029, 32.980541 ], [ -96.817993, 32.980505 ], [ -96.81794, 32.98048 ], [ -96.817783, 32.980508 ], [ -96.817684, 32.98053 ], [ -96.817515, 32.98059 ], [ -96.817413, 32.980618 ], [ -96.817207, 32.980601 ], [ -96.817088, 32.980584 ], [ -96.817048, 32.980596 ], [ -96.817018, 32.980632 ], [ -96.816972, 32.980663 ], [ -96.816803, 32.980829 ], [ -96.81671, 32.980944 ], [ -96.816693, 32.980986 ], [ -96.81669, 32.981011 ], [ -96.816726, 32.981029 ], [ -96.816822, 32.981057 ], [ -96.816875, 32.981066 ], [ -96.816912, 32.981064 ], [ -96.816962, 32.981026 ], [ -96.816998, 32.980991 ], [ -96.817025, 32.981 ], [ -96.817054, 32.981001 ], [ -96.817071, 32.981039 ], [ -96.817094, 32.98106 ], [ -96.817174, 32.981094 ], [ -96.8172, 32.981091 ], [ -96.817227, 32.981083 ], [ -96.817287, 32.981094 ], [ -96.817336, 32.981097 ] ], [ [ -96.82279, 32.98155 ], [ -96.822769, 32.981508 ], [ -96.822755, 32.98147 ], [ -96.82275, 32.981409 ], [ -96.822762, 32.98136 ], [ -96.822806, 32.981305 ], [ -96.822835, 32.98128 ], [ -96.822851, 32.981265 ], [ -96.822886, 32.981247 ], [ -96.822924, 32.981235 ], [ -96.822948, 32.98123 ], [ -96.822973, 32.98123 ], [ -96.823013, 32.981223 ], [ -96.823042, 32.981204 ], [ -96.823053, 32.981174 ], [ -96.823044, 32.981134 ], [ -96.823021, 32.981101 ], [ -96.822973, 32.981061 ], [ -96.822912, 32.981028 ], [ -96.822872, 32.981028 ], [ -96.822835, 32.98104 ], [ -96.822806, 32.981068 ], [ -96.822766, 32.981134 ], [ -96.822743, 32.981162 ], [ -96.8227, 32.981207 ], [ -96.822646, 32.981244 ], [ -96.822564, 32.981277 ], [ -96.822503, 32.981289 ], [ -96.822458, 32.981289 ], [ -96.822409, 32.98128 ], [ -96.82235, 32.981261 ], [ -96.822305, 32.981233 ], [ -96.822267, 32.981202 ], [ -96.82222, 32.981129 ], [ -96.822178, 32.981063 ], [ -96.822114, 32.980995 ], [ -96.822086, 32.980976 ], [ -96.822053, 32.980981 ], [ -96.822027, 32.981016 ], [ -96.82202, 32.981228 ], [ -96.822018, 32.981277 ], [ -96.822011, 32.981313 ], [ -96.821985, 32.981371 ], [ -96.821933, 32.981418 ], [ -96.821891, 32.981475 ], [ -96.821877, 32.981529 ], [ -96.821891, 32.981574 ], [ -96.821936, 32.981618 ], [ -96.822001, 32.981618 ], [ -96.822058, 32.981583 ], [ -96.8221, 32.981538 ], [ -96.822138, 32.981491 ], [ -96.822187, 32.981425 ], [ -96.822239, 32.981393 ], [ -96.822338, 32.981374 ], [ -96.822425, 32.981383 ], [ -96.82247, 32.981407 ], [ -96.822526, 32.981454 ], [ -96.822559, 32.981506 ], [ -96.822578, 32.981534 ], [ -96.822646, 32.981611 ], [ -96.822696, 32.981635 ], [ -96.82275, 32.98163 ], [ -96.82279, 32.981611 ], [ -96.822797, 32.981574 ], [ -96.82279, 32.98155 ] ], [ [ -96.821683, 32.98501 ], [ -96.821657, 32.98488 ], [ -96.821612, 32.98475 ], [ -96.821599, 32.984582 ], [ -96.821586, 32.984433 ], [ -96.821573, 32.984297 ], [ -96.821612, 32.984173 ], [ -96.821631, 32.984128 ], [ -96.821683, 32.983998 ], [ -96.82167, 32.983908 ], [ -96.821631, 32.983843 ], [ -96.821612, 32.983785 ], [ -96.821631, 32.983713 ], [ -96.821715, 32.983603 ], [ -96.821754, 32.983571 ], [ -96.821722, 32.983473 ], [ -96.821631, 32.983415 ], [ -96.821573, 32.983396 ], [ -96.821508, 32.983396 ], [ -96.82143, 32.98346 ], [ -96.821411, 32.983519 ], [ -96.821378, 32.98359 ], [ -96.821346, 32.983642 ], [ -96.8213, 32.983674 ], [ -96.821229, 32.983707 ], [ -96.821164, 32.983791 ], [ -96.821067, 32.984024 ], [ -96.82106, 32.984031 ], [ -96.821054, 32.984135 ], [ -96.821086, 32.984258 ], [ -96.821138, 32.984361 ], [ -96.82119, 32.984426 ], [ -96.821281, 32.984478 ], [ -96.82143, 32.984575 ], [ -96.82154, 32.984744 ], [ -96.821553, 32.984809 ], [ -96.82156, 32.984951 ], [ -96.821521, 32.985133 ], [ -96.821495, 32.985334 ], [ -96.821488, 32.985548 ], [ -96.821462, 32.985742 ], [ -96.821495, 32.98584 ], [ -96.821501, 32.985956 ], [ -96.821469, 32.986008 ], [ -96.821482, 32.986157 ], [ -96.821488, 32.986261 ], [ -96.82154, 32.986443 ], [ -96.821599, 32.986527 ], [ -96.821676, 32.986501 ], [ -96.821722, 32.986384 ], [ -96.821728, 32.986267 ], [ -96.821702, 32.986112 ], [ -96.821663, 32.98595 ], [ -96.821624, 32.985703 ], [ -96.821624, 32.985567 ], [ -96.82165, 32.985399 ], [ -96.82167, 32.985269 ], [ -96.821683, 32.985146 ], [ -96.821683, 32.98501 ] ], [ [ -96.824395, 32.985795 ], [ -96.824502, 32.985795 ], [ -96.824558, 32.985792 ], [ -96.824629, 32.985779 ], [ -96.824729, 32.985776 ], [ -96.824846, 32.985782 ], [ -96.824947, 32.985795 ], [ -96.825028, 32.985834 ], [ -96.825138, 32.985906 ], [ -96.825225, 32.985951 ], [ -96.825323, 32.985961 ], [ -96.825365, 32.985957 ], [ -96.825439, 32.985944 ], [ -96.825517, 32.98588 ], [ -96.825523, 32.985825 ], [ -96.825491, 32.985743 ], [ -96.825426, 32.985601 ], [ -96.825387, 32.985533 ], [ -96.825355, 32.985491 ], [ -96.825342, 32.985478 ], [ -96.825274, 32.985461 ], [ -96.825167, 32.985455 ], [ -96.825066, 32.985442 ], [ -96.824985, 32.985423 ], [ -96.824859, 32.985374 ], [ -96.824729, 32.985303 ], [ -96.824642, 32.985264 ], [ -96.824587, 32.985248 ], [ -96.824538, 32.985251 ], [ -96.82446, 32.985264 ], [ -96.82436, 32.98529 ], [ -96.824269, 32.985309 ], [ -96.824165, 32.985319 ], [ -96.824042, 32.985312 ], [ -96.82389, 32.985286 ], [ -96.823786, 32.98528 ], [ -96.823689, 32.985277 ], [ -96.823582, 32.985286 ], [ -96.823501, 32.985306 ], [ -96.823397, 32.985335 ], [ -96.823342, 32.985351 ], [ -96.823219, 32.98538 ], [ -96.823092, 32.985426 ], [ -96.823031, 32.985461 ], [ -96.822956, 32.98551 ], [ -96.822862, 32.985594 ], [ -96.822788, 32.985666 ], [ -96.822749, 32.985727 ], [ -96.822746, 32.985782 ], [ -96.822778, 32.985825 ], [ -96.822849, 32.985854 ], [ -96.822934, 32.985857 ], [ -96.82305, 32.985841 ], [ -96.823177, 32.985808 ], [ -96.823319, 32.985773 ], [ -96.823498, 32.985727 ], [ -96.823634, 32.985708 ], [ -96.82376, 32.985708 ], [ -96.823861, 32.985734 ], [ -96.823958, 32.985756 ], [ -96.824094, 32.985776 ], [ -96.824162, 32.985779 ], [ -96.824279, 32.985786 ], [ -96.824395, 32.985795 ] ], [ [ -96.820743, 32.985232 ], [ -96.820705, 32.985273 ], [ -96.820679, 32.985435 ], [ -96.820778, 32.985643 ], [ -96.820861, 32.985795 ], [ -96.820896, 32.985872 ], [ -96.820952, 32.98594 ], [ -96.820979, 32.985957 ], [ -96.820998, 32.985977 ], [ -96.821027, 32.98599 ], [ -96.821094, 32.986006 ], [ -96.821138, 32.986001 ], [ -96.82117, 32.985982 ], [ -96.821186, 32.985953 ], [ -96.821176, 32.985886 ], [ -96.821157, 32.985857 ], [ -96.821132, 32.98583 ], [ -96.821071, 32.985747 ], [ -96.821052, 32.985697 ], [ -96.821049, 32.985571 ], [ -96.821068, 32.985432 ], [ -96.821065, 32.985394 ], [ -96.821033, 32.985325 ], [ -96.821011, 32.985293 ], [ -96.820972, 32.985256 ], [ -96.82096, 32.985245 ], [ -96.820883, 32.98521 ], [ -96.820845, 32.985205 ], [ -96.820794, 32.98521 ], [ -96.820743, 32.985232 ] ], [ [ -96.825887, 32.985857 ], [ -96.825971, 32.985883 ], [ -96.826104, 32.985935 ], [ -96.826172, 32.98598 ], [ -96.826272, 32.986058 ], [ -96.826408, 32.986145 ], [ -96.826538, 32.986194 ], [ -96.826583, 32.986217 ], [ -96.8266, 32.986239 ], [ -96.826609, 32.986278 ], [ -96.826626, 32.986301 ], [ -96.826655, 32.986304 ], [ -96.826797, 32.986317 ], [ -96.826852, 32.986298 ], [ -96.826872, 32.986269 ], [ -96.826872, 32.98621 ], [ -96.826846, 32.986175 ], [ -96.826814, 32.986171 ], [ -96.826784, 32.986188 ], [ -96.826758, 32.986197 ], [ -96.82672, 32.986188 ], [ -96.82669, 32.986155 ], [ -96.826652, 32.9861 ], [ -96.826632, 32.986077 ], [ -96.826609, 32.986058 ], [ -96.82657, 32.986042 ], [ -96.826512, 32.986025 ], [ -96.82647, 32.985996 ], [ -96.826421, 32.985938 ], [ -96.826389, 32.985899 ], [ -96.826363, 32.985857 ], [ -96.826353, 32.98585 ], [ -96.826282, 32.985825 ], [ -96.826214, 32.985802 ], [ -96.826162, 32.985756 ], [ -96.826126, 32.985708 ], [ -96.826081, 32.985643 ], [ -96.826026, 32.985601 ], [ -96.825958, 32.985562 ], [ -96.825867, 32.985533 ], [ -96.82578, 32.985517 ], [ -96.825689, 32.98552 ], [ -96.82565, 32.98553 ], [ -96.825601, 32.985568 ], [ -96.825582, 32.985611 ], [ -96.825588, 32.985662 ], [ -96.825608, 32.985731 ], [ -96.825624, 32.985795 ], [ -96.825637, 32.985837 ], [ -96.825689, 32.985906 ], [ -96.825728, 32.985909 ], [ -96.825776, 32.985883 ], [ -96.825812, 32.98586 ], [ -96.825887, 32.985857 ] ], [ [ -96.824703, 32.986803 ], [ -96.825057, 32.986962 ], [ -96.825079, 32.986969 ], [ -96.825125, 32.986966 ], [ -96.825209, 32.987008 ], [ -96.8254, 32.987085 ], [ -96.82552, 32.987095 ], [ -96.825575, 32.987085 ], [ -96.82564, 32.987027 ], [ -96.825663, 32.986953 ], [ -96.825718, 32.986907 ], [ -96.82575, 32.986855 ], [ -96.825793, 32.986781 ], [ -96.825848, 32.986726 ], [ -96.825867, 32.986651 ], [ -96.825867, 32.986564 ], [ -96.825835, 32.986499 ], [ -96.82578, 32.986479 ], [ -96.825689, 32.986486 ], [ -96.825621, 32.986505 ], [ -96.825504, 32.986554 ], [ -96.825459, 32.98656 ], [ -96.825358, 32.986557 ], [ -96.8253, 32.986554 ], [ -96.825177, 32.986547 ], [ -96.825034, 32.986547 ], [ -96.824972, 32.986551 ], [ -96.824878, 32.986547 ], [ -96.824827, 32.986534 ], [ -96.824674, 32.986505 ], [ -96.824593, 32.986496 ], [ -96.824447, 32.986463 ], [ -96.824379, 32.986431 ], [ -96.824288, 32.986379 ], [ -96.824237, 32.986353 ], [ -96.824136, 32.98632 ], [ -96.824032, 32.986311 ], [ -96.823912, 32.986324 ], [ -96.823809, 32.986359 ], [ -96.823676, 32.986398 ], [ -96.823569, 32.986434 ], [ -96.823491, 32.98646 ], [ -96.823404, 32.986457 ], [ -96.823323, 32.986427 ], [ -96.823248, 32.986402 ], [ -96.823154, 32.986402 ], [ -96.823076, 32.986437 ], [ -96.822998, 32.986476 ], [ -96.822921, 32.986499 ], [ -96.82282, 32.986489 ], [ -96.822729, 32.986473 ], [ -96.822661, 32.986486 ], [ -96.822619, 32.986551 ], [ -96.822613, 32.986619 ], [ -96.822632, 32.986706 ], [ -96.822674, 32.986781 ], [ -96.822736, 32.986833 ], [ -96.822823, 32.986855 ], [ -96.822904, 32.986859 ], [ -96.823063, 32.986839 ], [ -96.823193, 32.98682 ], [ -96.823358, 32.986787 ], [ -96.823459, 32.986784 ], [ -96.823579, 32.986823 ], [ -96.823757, 32.986907 ], [ -96.823899, 32.986959 ], [ -96.823968, 32.986969 ], [ -96.824049, 32.986985 ], [ -96.824133, 32.986988 ], [ -96.824191, 32.986972 ], [ -96.824285, 32.986933 ], [ -96.824405, 32.986884 ], [ -96.824541, 32.986839 ], [ -96.824703, 32.986803 ] ], [ [ -96.826003, 32.986849 ], [ -96.826084, 32.986875 ], [ -96.826152, 32.986894 ], [ -96.826246, 32.986901 ], [ -96.826363, 32.986923 ], [ -96.826483, 32.986969 ], [ -96.826587, 32.987011 ], [ -96.8267, 32.987053 ], [ -96.826791, 32.98705 ], [ -96.826859, 32.987021 ], [ -96.826982, 32.986956 ], [ -96.827028, 32.986888 ], [ -96.827063, 32.9868 ], [ -96.827086, 32.986726 ], [ -96.827092, 32.986674 ], [ -96.827089, 32.986651 ], [ -96.827073, 32.986628 ], [ -96.827041, 32.986635 ], [ -96.826992, 32.986619 ], [ -96.826963, 32.986625 ], [ -96.826908, 32.986632 ], [ -96.826852, 32.986638 ], [ -96.826823, 32.98669 ], [ -96.826794, 32.986732 ], [ -96.826762, 32.986761 ], [ -96.826707, 32.986784 ], [ -96.826613, 32.986758 ], [ -96.826525, 32.986703 ], [ -96.826444, 32.986628 ], [ -96.82634, 32.986564 ], [ -96.826288, 32.986541 ], [ -96.826188, 32.986486 ], [ -96.8261, 32.986463 ], [ -96.826003, 32.98647 ], [ -96.825971, 32.986499 ], [ -96.825961, 32.986551 ], [ -96.825955, 32.98669 ], [ -96.825955, 32.986748 ], [ -96.825964, 32.9868 ], [ -96.826003, 32.986849 ] ], [ [ -96.815623, 32.988016 ], [ -96.815723, 32.988064 ], [ -96.815756, 32.988072 ], [ -96.815832, 32.988124 ], [ -96.816008, 32.988131 ], [ -96.816109, 32.988149 ], [ -96.816159, 32.988143 ], [ -96.81625, 32.988073 ], [ -96.816276, 32.988059 ], [ -96.816308, 32.98805 ], [ -96.816335, 32.98805 ], [ -96.816491, 32.988109 ], [ -96.816514, 32.988113 ], [ -96.816538, 32.988104 ], [ -96.816552, 32.988089 ], [ -96.816551, 32.988061 ], [ -96.81655, 32.988042 ], [ -96.816522, 32.987997 ], [ -96.816463, 32.987969 ], [ -96.816391, 32.987941 ], [ -96.816302, 32.987896 ], [ -96.816167, 32.987845 ], [ -96.816099, 32.98783 ], [ -96.816038, 32.987825 ], [ -96.815849, 32.987834 ], [ -96.81578, 32.98783 ], [ -96.815628, 32.987803 ], [ -96.815396, 32.9878 ], [ -96.815288, 32.98781 ], [ -96.81524, 32.987825 ], [ -96.815221, 32.987842 ], [ -96.815213, 32.987868 ], [ -96.815214, 32.987895 ], [ -96.815215, 32.987915 ], [ -96.815232, 32.988005 ], [ -96.815246, 32.98802 ], [ -96.81527, 32.988025 ], [ -96.815407, 32.988016 ], [ -96.815477, 32.988003 ], [ -96.815512, 32.988 ], [ -96.815623, 32.988016 ] ], [ [ -96.817011, 32.995967 ], [ -96.817052, 32.995972 ], [ -96.8171, 32.99595 ], [ -96.817122, 32.995914 ], [ -96.81713, 32.995849 ], [ -96.817149, 32.99541 ], [ -96.817171, 32.995288 ], [ -96.817193, 32.995216 ], [ -96.817238, 32.995144 ], [ -96.817257, 32.995094 ], [ -96.817227, 32.994963 ], [ -96.817227, 32.994584 ], [ -96.817275, 32.994301 ], [ -96.817312, 32.994259 ], [ -96.817327, 32.9942 ], [ -96.817312, 32.994135 ], [ -96.817298, 32.994107 ], [ -96.817268, 32.994087 ], [ -96.817153, 32.994079 ], [ -96.816958, 32.994076 ], [ -96.816907, 32.994059 ], [ -96.816822, 32.994014 ], [ -96.816629, 32.993892 ], [ -96.816476, 32.993774 ], [ -96.81635, 32.993664 ], [ -96.816205, 32.993512 ], [ -96.816086, 32.993361 ], [ -96.816019, 32.993288 ], [ -96.815978, 32.993257 ], [ -96.815919, 32.993257 ], [ -96.815867, 32.993279 ], [ -96.8158, 32.993367 ], [ -96.815566, 32.993646 ], [ -96.81543, 32.99384 ], [ -96.81543, 32.99392 ], [ -96.815443, 32.994017 ], [ -96.815462, 32.994059 ], [ -96.815488, 32.994081 ], [ -96.815603, 32.994131 ], [ -96.815752, 32.994175 ], [ -96.816054, 32.994306 ], [ -96.816408, 32.99448 ], [ -96.816538, 32.994534 ], [ -96.816828, 32.994745 ], [ -96.816947, 32.994857 ], [ -96.817, 32.994929 ], [ -96.817063, 32.995085 ], [ -96.817067, 32.995171 ], [ -96.817059, 32.995201 ], [ -96.816985, 32.995778 ], [ -96.816981, 32.995936 ], [ -96.817011, 32.995967 ] ], [ [ -96.817173, 32.998099 ], [ -96.81718, 32.998049 ], [ -96.817206, 32.998011 ], [ -96.817212, 32.997971 ], [ -96.817186, 32.997939 ], [ -96.817101, 32.997917 ], [ -96.816971, 32.99795 ], [ -96.816912, 32.997956 ], [ -96.816899, 32.998011 ], [ -96.817043, 32.998126 ], [ -96.817101, 32.998143 ], [ -96.81714, 32.998126 ], [ -96.817173, 32.998099 ] ], [ [ -96.817486, 32.998213 ], [ -96.817408, 32.998143 ], [ -96.817362, 32.99817 ], [ -96.817323, 32.998224 ], [ -96.817304, 32.998302 ], [ -96.817316, 32.998374 ], [ -96.817395, 32.99839 ], [ -96.817473, 32.99844 ], [ -96.817519, 32.998494 ], [ -96.817551, 32.998582 ], [ -96.817584, 32.998621 ], [ -96.817636, 32.998659 ], [ -96.817682, 32.998659 ], [ -96.817682, 32.998587 ], [ -96.817678, 32.99857 ], [ -96.817669, 32.998522 ], [ -96.817616, 32.998423 ], [ -96.817571, 32.99839 ], [ -96.817538, 32.998345 ], [ -96.817486, 32.998213 ] ], [ [ -96.83408, 32.999212 ], [ -96.834145, 32.999267 ], [ -96.834262, 32.999321 ], [ -96.834361, 32.999419 ], [ -96.834483, 32.999501 ], [ -96.834673, 32.999578 ], [ -96.834794, 32.999653 ], [ -96.834911, 32.999772 ], [ -96.835019, 32.999985 ], [ -96.835528, 33.0006 ], [ -96.835703, 33.000757 ], [ -96.835948, 33.000888 ], [ -96.836697, 33.001188 ], [ -96.837391, 33.001385 ], [ -96.837463, 33.001379 ], [ -96.837474, 33.001317 ], [ -96.837456, 33.001243 ], [ -96.836807, 33.000965 ], [ -96.836138, 33.000639 ], [ -96.836047, 33.000568 ], [ -96.836002, 33.000492 ], [ -96.835846, 33.000104 ], [ -96.835794, 33.000034 ], [ -96.835736, 32.999969 ], [ -96.835197, 32.999512 ], [ -96.834444, 32.998885 ], [ -96.834353, 32.998793 ], [ -96.834126, 32.99852 ], [ -96.833937, 32.998427 ], [ -96.833788, 32.998395 ], [ -96.833717, 32.998427 ], [ -96.83367, 32.998516 ], [ -96.833645, 32.998733 ], [ -96.833662, 32.99888 ], [ -96.833814, 32.999 ], [ -96.834002, 32.99908 ], [ -96.834065, 32.99913 ], [ -96.83408, 32.999212 ] ], [ [ -96.820178, 33.011453 ], [ -96.820105, 33.011429 ], [ -96.820073, 33.011425 ], [ -96.819995, 33.011446 ], [ -96.819969, 33.011463 ], [ -96.819961, 33.011508 ], [ -96.819964, 33.011543 ], [ -96.819985, 33.011628 ], [ -96.82, 33.011677 ], [ -96.820021, 33.011702 ], [ -96.820058, 33.011713 ], [ -96.820092, 33.011712 ], [ -96.820152, 33.011696 ], [ -96.820212, 33.01167 ], [ -96.820227, 33.011635 ], [ -96.82023, 33.011598 ], [ -96.820225, 33.011513 ], [ -96.820204, 33.011471 ], [ -96.820178, 33.011453 ] ], [ [ -96.841405, 33.014508 ], [ -96.841416, 33.014479 ], [ -96.841421, 33.014217 ], [ -96.841431, 33.014184 ], [ -96.84149, 33.01411 ], [ -96.8415, 33.014091 ], [ -96.841504, 33.014073 ], [ -96.84149, 33.014034 ], [ -96.841432, 33.013982 ], [ -96.841425, 33.013961 ], [ -96.841425, 33.013927 ], [ -96.841433, 33.013879 ], [ -96.841467, 33.013761 ], [ -96.841496, 33.013703 ], [ -96.841506, 33.013666 ], [ -96.841507, 33.013613 ], [ -96.841479, 33.013597 ], [ -96.841442, 33.013588 ], [ -96.841384, 33.013585 ], [ -96.841355, 33.013593 ], [ -96.841241, 33.013636 ], [ -96.841171, 33.013644 ], [ -96.841127, 33.013646 ], [ -96.84109, 33.01364 ], [ -96.841002, 33.013607 ], [ -96.84098, 33.01361 ], [ -96.840961, 33.013619 ], [ -96.840933, 33.013649 ], [ -96.840924, 33.01368 ], [ -96.840899, 33.013824 ], [ -96.840939, 33.013983 ], [ -96.840961, 33.014027 ], [ -96.84098, 33.014052 ], [ -96.841005, 33.01411 ], [ -96.841003, 33.014131 ], [ -96.840986, 33.014149 ], [ -96.840953, 33.014165 ], [ -96.840928, 33.014184 ], [ -96.840918, 33.014204 ], [ -96.84092, 33.014227 ], [ -96.840959, 33.014311 ], [ -96.840978, 33.014366 ], [ -96.841014, 33.014429 ], [ -96.841049, 33.014485 ], [ -96.841065, 33.014502 ], [ -96.841086, 33.014514 ], [ -96.841134, 33.014529 ], [ -96.841242, 33.014555 ], [ -96.84128, 33.014558 ], [ -96.841324, 33.01455 ], [ -96.841363, 33.014538 ], [ -96.841391, 33.014522 ], [ -96.841405, 33.014508 ] ], [ [ -96.764464, 32.627607 ], [ -96.764489, 32.627598 ], [ -96.764509, 32.627584 ], [ -96.764838, 32.627196 ], [ -96.764908, 32.627095 ], [ -96.764969, 32.626892 ], [ -96.765005, 32.626831 ], [ -96.765038, 32.626684 ], [ -96.76505, 32.626591 ], [ -96.765058, 32.626341 ], [ -96.765026, 32.626304 ], [ -96.765034, 32.626248 ], [ -96.765054, 32.6262 ], [ -96.765082, 32.626177 ], [ -96.765115, 32.626129 ], [ -96.765119, 32.626111 ], [ -96.765074, 32.626077 ], [ -96.765066, 32.626001 ], [ -96.765034, 32.626001 ], [ -96.764901, 32.626018 ], [ -96.764407, 32.626025 ], [ -96.764351, 32.626036 ], [ -96.764342, 32.626337 ], [ -96.763885, 32.626337 ], [ -96.763863, 32.62634 ], [ -96.763833, 32.626337 ], [ -96.763765, 32.62645 ], [ -96.76344, 32.62645 ], [ -96.763411, 32.626469 ], [ -96.763455, 32.626517 ], [ -96.763472, 32.626528 ], [ -96.76346, 32.626545 ], [ -96.763391, 32.62659 ], [ -96.763216, 32.626596 ], [ -96.76322, 32.626512 ], [ -96.762846, 32.626514 ], [ -96.762769, 32.626512 ], [ -96.762728, 32.626517 ], [ -96.762614, 32.626553 ], [ -96.762598, 32.626565 ], [ -96.762561, 32.626565 ], [ -96.762545, 32.626582 ], [ -96.762538, 32.6266 ], [ -96.762496, 32.626627 ], [ -96.762553, 32.626662 ], [ -96.76257, 32.626686 ], [ -96.762565, 32.626724 ], [ -96.762578, 32.626748 ], [ -96.76261, 32.626755 ], [ -96.762606, 32.626773 ], [ -96.762586, 32.626796 ], [ -96.762563, 32.626796 ], [ -96.762545, 32.626824 ], [ -96.762583, 32.626833 ], [ -96.762606, 32.626845 ], [ -96.762614, 32.626864 ], [ -96.76261, 32.626889 ], [ -96.762598, 32.626906 ], [ -96.762578, 32.62692 ], [ -96.76257, 32.626937 ], [ -96.762578, 32.626954 ], [ -96.762594, 32.626971 ], [ -96.762616, 32.626968 ], [ -96.762643, 32.626974 ], [ -96.762667, 32.62704 ], [ -96.762687, 32.627047 ], [ -96.762696, 32.627064 ], [ -96.762684, 32.62708 ], [ -96.762659, 32.627091 ], [ -96.762606, 32.627071 ], [ -96.762582, 32.627084 ], [ -96.762586, 32.627115 ], [ -96.762602, 32.627132 ], [ -96.762675, 32.627139 ], [ -96.762732, 32.62718 ], [ -96.762822, 32.627289 ], [ -96.762919, 32.627385 ], [ -96.762996, 32.627441 ], [ -96.763045, 32.627447 ], [ -96.76307, 32.627458 ], [ -96.763086, 32.627475 ], [ -96.763127, 32.627482 ], [ -96.763167, 32.627482 ], [ -96.763188, 32.627488 ], [ -96.763202, 32.627503 ], [ -96.763224, 32.627512 ], [ -96.763284, 32.627503 ], [ -96.763306, 32.627506 ], [ -96.76333, 32.62754 ], [ -96.763358, 32.627557 ], [ -96.763407, 32.627574 ], [ -96.763484, 32.62759 ], [ -96.763749, 32.627598 ], [ -96.763769, 32.627612 ], [ -96.764008, 32.627621 ], [ -96.764334, 32.627621 ], [ -96.764432, 32.627615 ], [ -96.764464, 32.627607 ] ], [ [ -96.758593, 32.685608 ], [ -96.758385, 32.685541 ], [ -96.758214, 32.685445 ], [ -96.758039, 32.685285 ], [ -96.757921, 32.685198 ], [ -96.757535, 32.685034 ], [ -96.757928, 32.685443 ], [ -96.758593, 32.685608 ] ], [ [ -96.767189, 32.686335 ], [ -96.766347, 32.686628 ], [ -96.767376, 32.686608 ], [ -96.768391, 32.686591 ], [ -96.767189, 32.686335 ] ], [ [ -96.774662, 32.726315 ], [ -96.774628, 32.726349 ], [ -96.774624, 32.726429 ], [ -96.774641, 32.726546 ], [ -96.774713, 32.726771 ], [ -96.774781, 32.726819 ], [ -96.774938, 32.726933 ], [ -96.775023, 32.726972 ], [ -96.775049, 32.726993 ], [ -96.77507, 32.727061 ], [ -96.775138, 32.727133 ], [ -96.775163, 32.72714 ], [ -96.77518, 32.727122 ], [ -96.775185, 32.727065 ], [ -96.775189, 32.726987 ], [ -96.77518, 32.726954 ], [ -96.775112, 32.726826 ], [ -96.775083, 32.726779 ], [ -96.775074, 32.726672 ], [ -96.775057, 32.726636 ], [ -96.775002, 32.726582 ], [ -96.774972, 32.726515 ], [ -96.774811, 32.726379 ], [ -96.774713, 32.726322 ], [ -96.774662, 32.726315 ] ], [ [ -96.775218, 32.729582 ], [ -96.775239, 32.729594 ], [ -96.775269, 32.729601 ], [ -96.775346, 32.729672 ], [ -96.775401, 32.729751 ], [ -96.775452, 32.729808 ], [ -96.775524, 32.72985 ], [ -96.775638, 32.72989 ], [ -96.775762, 32.729933 ], [ -96.775817, 32.729929 ], [ -96.775847, 32.729968 ], [ -96.775881, 32.729982 ], [ -96.775949, 32.729979 ], [ -96.775995, 32.729951 ], [ -96.776034, 32.729903 ], [ -96.776042, 32.729864 ], [ -96.776029, 32.729826 ], [ -96.775949, 32.729726 ], [ -96.77583, 32.729565 ], [ -96.775779, 32.729476 ], [ -96.775766, 32.729422 ], [ -96.775783, 32.729369 ], [ -96.775826, 32.729312 ], [ -96.775838, 32.729269 ], [ -96.775804, 32.729011 ], [ -96.775783, 32.728932 ], [ -96.775711, 32.728808 ], [ -96.77569, 32.728758 ], [ -96.77569, 32.72871 ], [ -96.775775, 32.728529 ], [ -96.775787, 32.728485 ], [ -96.775779, 32.728443 ], [ -96.775741, 32.728358 ], [ -96.775732, 32.728265 ], [ -96.775617, 32.728071 ], [ -96.7756, 32.728008 ], [ -96.775583, 32.727978 ], [ -96.775524, 32.727911 ], [ -96.77549, 32.727822 ], [ -96.775477, 32.727736 ], [ -96.77546, 32.727693 ], [ -96.77538, 32.727547 ], [ -96.775363, 32.727493 ], [ -96.775333, 32.727483 ], [ -96.775297, 32.727502 ], [ -96.775273, 32.727536 ], [ -96.775278, 32.727586 ], [ -96.775324, 32.727704 ], [ -96.77535, 32.727808 ], [ -96.775354, 32.727911 ], [ -96.775316, 32.728271 ], [ -96.775337, 32.728318 ], [ -96.775452, 32.728378 ], [ -96.775473, 32.728411 ], [ -96.775482, 32.728454 ], [ -96.775486, 32.728518 ], [ -96.775452, 32.728644 ], [ -96.775371, 32.728779 ], [ -96.775341, 32.728844 ], [ -96.775329, 32.72894 ], [ -96.775269, 32.729011 ], [ -96.77513, 32.729096 ], [ -96.774955, 32.729118 ], [ -96.774925, 32.729154 ], [ -96.774908, 32.729326 ], [ -96.774925, 32.729365 ], [ -96.775002, 32.729379 ], [ -96.775031, 32.729404 ], [ -96.77507, 32.729453 ], [ -96.775146, 32.729478 ], [ -96.775197, 32.729529 ], [ -96.775218, 32.729582 ] ], [ [ -96.765577, 32.733483 ], [ -96.765664, 32.733689 ], [ -96.7658, 32.734136 ], [ -96.765837, 32.734323 ], [ -96.765926, 32.734499 ], [ -96.76598, 32.734641 ], [ -96.766056, 32.734765 ], [ -96.766132, 32.734865 ], [ -96.76641, 32.735025 ], [ -96.767171, 32.735397 ], [ -96.767247, 32.735451 ], [ -96.767503, 32.735547 ], [ -96.767708, 32.735714 ], [ -96.767758, 32.735718 ], [ -96.767802, 32.735703 ], [ -96.767812, 32.735668 ], [ -96.767771, 32.735606 ], [ -96.767552, 32.735397 ], [ -96.767367, 32.735205 ], [ -96.767266, 32.735093 ], [ -96.766428, 32.73421 ], [ -96.766312, 32.734125 ], [ -96.766225, 32.734027 ], [ -96.765817, 32.733538 ], [ -96.765703, 32.733309 ], [ -96.765551, 32.73336 ], [ -96.765577, 32.733483 ] ], [ [ -96.768448, 32.738892 ], [ -96.768658, 32.738877 ], [ -96.768849, 32.738829 ], [ -96.76904, 32.738733 ], [ -96.769154, 32.738557 ], [ -96.769268, 32.738492 ], [ -96.76945, 32.738518 ], [ -96.769592, 32.73854 ], [ -96.769706, 32.738493 ], [ -96.769954, 32.738429 ], [ -96.770144, 32.738412 ], [ -96.770434, 32.73851 ], [ -96.770504, 32.738518 ], [ -96.770566, 32.738518 ], [ -96.770602, 32.738477 ], [ -96.770595, 32.738412 ], [ -96.770484, 32.738311 ], [ -96.770011, 32.737964 ], [ -96.769917, 32.737772 ], [ -96.76986, 32.73761 ], [ -96.769821, 32.737371 ], [ -96.769821, 32.737226 ], [ -96.769783, 32.737146 ], [ -96.76966, 32.737112 ], [ -96.769497, 32.73713 ], [ -96.769384, 32.737306 ], [ -96.769327, 32.737531 ], [ -96.769157, 32.738001 ], [ -96.769098, 32.738043 ], [ -96.769026, 32.738023 ], [ -96.768907, 32.737932 ], [ -96.768698, 32.737868 ], [ -96.768507, 32.737803 ], [ -96.768354, 32.737595 ], [ -96.767973, 32.73745 ], [ -96.767744, 32.737161 ], [ -96.767039, 32.73668 ], [ -96.766886, 32.736552 ], [ -96.766715, 32.736342 ], [ -96.766581, 32.736471 ], [ -96.766619, 32.736647 ], [ -96.766751, 32.737176 ], [ -96.767038, 32.737802 ], [ -96.767324, 32.738171 ], [ -96.76761, 32.738475 ], [ -96.767839, 32.738732 ], [ -96.768124, 32.738908 ], [ -96.768448, 32.738892 ] ], [ [ -96.797268, 32.747588 ], [ -96.797307, 32.747641 ], [ -96.79734, 32.74767 ], [ -96.797391, 32.747678 ], [ -96.797516, 32.747667 ], [ -96.797573, 32.747653 ], [ -96.7977, 32.747633 ], [ -96.797762, 32.747608 ], [ -96.7978, 32.74758 ], [ -96.797836, 32.747542 ], [ -96.797872, 32.747486 ], [ -96.79793, 32.747369 ], [ -96.797959, 32.747335 ], [ -96.798058, 32.747262 ], [ -96.798091, 32.747205 ], [ -96.79812, 32.74709 ], [ -96.798072, 32.747135 ], [ -96.79802, 32.747153 ], [ -96.797944, 32.747205 ], [ -96.797891, 32.747252 ], [ -96.797839, 32.747328 ], [ -96.79778, 32.747392 ], [ -96.797739, 32.747427 ], [ -96.797603, 32.747459 ], [ -96.797583, 32.747467 ], [ -96.79757, 32.747473 ], [ -96.797552, 32.747521 ], [ -96.797459, 32.747544 ], [ -96.79737, 32.747549 ], [ -96.797336, 32.747555 ], [ -96.797304, 32.747549 ], [ -96.797217, 32.747512 ], [ -96.797163, 32.747494 ], [ -96.797087, 32.747479 ], [ -96.796933, 32.747469 ], [ -96.79687, 32.747473 ], [ -96.797022, 32.747507 ], [ -96.797211, 32.747557 ], [ -96.797243, 32.747571 ], [ -96.797268, 32.747588 ] ], [ [ -96.820838, 32.75717 ], [ -96.820858, 32.75715 ], [ -96.820883, 32.757113 ], [ -96.820895, 32.757072 ], [ -96.820899, 32.757027 ], [ -96.820917, 32.756994 ], [ -96.82098, 32.75692 ], [ -96.821132, 32.756801 ], [ -96.821152, 32.756765 ], [ -96.821143, 32.756719 ], [ -96.821156, 32.756674 ], [ -96.821178, 32.756645 ], [ -96.821213, 32.756613 ], [ -96.821251, 32.756551 ], [ -96.821266, 32.756506 ], [ -96.821274, 32.756451 ], [ -96.821262, 32.756423 ], [ -96.821237, 32.75641 ], [ -96.82121, 32.756409 ], [ -96.821189, 32.756413 ], [ -96.821164, 32.756426 ], [ -96.821152, 32.756448 ], [ -96.821125, 32.756482 ], [ -96.821103, 32.756578 ], [ -96.821081, 32.756621 ], [ -96.820943, 32.756731 ], [ -96.820888, 32.756789 ], [ -96.820807, 32.756886 ], [ -96.820764, 32.756917 ], [ -96.820699, 32.756945 ], [ -96.820565, 32.756969 ], [ -96.820491, 32.757 ], [ -96.820406, 32.757048 ], [ -96.820363, 32.757066 ], [ -96.820265, 32.757071 ], [ -96.820232, 32.757063 ], [ -96.820202, 32.757035 ], [ -96.820181, 32.756997 ], [ -96.820171, 32.756935 ], [ -96.82018, 32.756828 ], [ -96.820178, 32.756739 ], [ -96.820164, 32.756581 ], [ -96.820171, 32.756494 ], [ -96.820184, 32.75642 ], [ -96.820196, 32.756381 ], [ -96.820198, 32.756334 ], [ -96.82018, 32.756278 ], [ -96.820116, 32.756215 ], [ -96.820059, 32.756179 ], [ -96.819894, 32.756036 ], [ -96.819846, 32.756011 ], [ -96.8198, 32.755996 ], [ -96.819773, 32.755994 ], [ -96.81974, 32.756002 ], [ -96.819622, 32.756123 ], [ -96.819573, 32.756209 ], [ -96.819552, 32.756283 ], [ -96.819547, 32.756342 ], [ -96.819554, 32.756396 ], [ -96.819551, 32.756451 ], [ -96.819536, 32.756497 ], [ -96.819495, 32.756575 ], [ -96.819453, 32.75661 ], [ -96.819378, 32.756634 ], [ -96.819275, 32.756629 ], [ -96.819233, 32.75662 ], [ -96.819193, 32.756596 ], [ -96.819132, 32.756528 ], [ -96.819088, 32.756452 ], [ -96.819055, 32.756344 ], [ -96.819029, 32.756306 ], [ -96.818943, 32.756246 ], [ -96.818901, 32.756227 ], [ -96.818872, 32.756227 ], [ -96.818842, 32.756233 ], [ -96.818811, 32.756222 ], [ -96.81878, 32.756187 ], [ -96.818763, 32.756139 ], [ -96.818767, 32.756095 ], [ -96.818756, 32.756064 ], [ -96.818732, 32.756044 ], [ -96.818699, 32.756033 ], [ -96.818668, 32.756015 ], [ -96.818642, 32.755987 ], [ -96.818611, 32.75594 ], [ -96.818533, 32.755785 ], [ -96.818472, 32.755723 ], [ -96.818395, 32.75568 ], [ -96.818318, 32.755664 ], [ -96.818266, 32.75566 ], [ -96.818211, 32.755666 ], [ -96.818174, 32.755691 ], [ -96.81816, 32.755736 ], [ -96.818159, 32.75577 ], [ -96.818167, 32.755815 ], [ -96.818163, 32.755861 ], [ -96.818144, 32.7559 ], [ -96.818106, 32.755912 ], [ -96.81807, 32.755909 ], [ -96.818046, 32.755903 ], [ -96.818013, 32.755884 ], [ -96.81794, 32.75583 ], [ -96.817847, 32.755694 ], [ -96.817806, 32.755552 ], [ -96.817783, 32.755514 ], [ -96.81776, 32.755484 ], [ -96.817643, 32.755408 ], [ -96.817571, 32.75538 ], [ -96.817488, 32.755363 ], [ -96.817463, 32.755368 ], [ -96.817437, 32.755393 ], [ -96.817398, 32.755456 ], [ -96.817378, 32.755465 ], [ -96.817352, 32.755466 ], [ -96.817327, 32.755484 ], [ -96.817272, 32.755498 ], [ -96.817241, 32.755515 ], [ -96.817233, 32.755549 ], [ -96.817235, 32.755582 ], [ -96.817274, 32.755635 ], [ -96.817285, 32.755698 ], [ -96.817312, 32.755767 ], [ -96.817345, 32.755875 ], [ -96.817364, 32.755917 ], [ -96.817433, 32.756011 ], [ -96.817448, 32.756058 ], [ -96.817456, 32.7561 ], [ -96.817456, 32.756243 ], [ -96.817467, 32.75632 ], [ -96.817485, 32.756381 ], [ -96.817525, 32.75644 ], [ -96.817663, 32.756527 ], [ -96.817692, 32.756557 ], [ -96.817703, 32.756599 ], [ -96.817722, 32.756723 ], [ -96.817738, 32.756764 ], [ -96.817775, 32.75681 ], [ -96.81785, 32.756883 ], [ -96.81788, 32.756927 ], [ -96.817896, 32.756973 ], [ -96.817896, 32.757035 ], [ -96.817872, 32.757162 ], [ -96.817848, 32.757211 ], [ -96.817817, 32.757243 ], [ -96.817771, 32.75728 ], [ -96.817725, 32.757301 ], [ -96.81768, 32.757316 ], [ -96.817639, 32.757329 ], [ -96.817602, 32.757333 ], [ -96.81756, 32.757325 ], [ -96.817463, 32.757251 ], [ -96.817426, 32.757246 ], [ -96.817399, 32.75726 ], [ -96.817383, 32.75728 ], [ -96.817374, 32.757302 ], [ -96.817368, 32.75735 ], [ -96.817375, 32.757412 ], [ -96.817389, 32.75747 ], [ -96.817389, 32.757521 ], [ -96.817371, 32.757571 ], [ -96.817305, 32.757643 ], [ -96.817299, 32.757674 ], [ -96.817308, 32.757774 ], [ -96.817323, 32.757829 ], [ -96.817374, 32.757949 ], [ -96.817392, 32.758013 ], [ -96.817392, 32.758084 ], [ -96.817356, 32.75827 ], [ -96.817353, 32.758326 ], [ -96.817358, 32.758368 ], [ -96.817371, 32.758411 ], [ -96.817398, 32.75847 ], [ -96.81742, 32.758501 ], [ -96.817455, 32.758531 ], [ -96.817498, 32.758552 ], [ -96.817534, 32.758566 ], [ -96.817574, 32.758568 ], [ -96.817646, 32.758562 ], [ -96.817943, 32.758521 ], [ -96.818439, 32.758439 ], [ -96.818563, 32.758406 ], [ -96.818629, 32.75838 ], [ -96.818692, 32.758343 ], [ -96.818738, 32.758297 ], [ -96.818772, 32.758236 ], [ -96.818813, 32.75818 ], [ -96.818852, 32.758157 ], [ -96.818916, 32.758152 ], [ -96.819054, 32.758149 ], [ -96.819191, 32.758155 ], [ -96.819299, 32.758137 ], [ -96.819374, 32.75811 ], [ -96.819474, 32.758065 ], [ -96.819517, 32.758031 ], [ -96.819562, 32.758005 ], [ -96.819628, 32.757912 ], [ -96.819652, 32.757861 ], [ -96.819676, 32.757795 ], [ -96.819683, 32.757746 ], [ -96.8197, 32.757688 ], [ -96.819734, 32.757608 ], [ -96.819755, 32.757571 ], [ -96.81976, 32.757532 ], [ -96.819745, 32.757499 ], [ -96.819725, 32.757468 ], [ -96.819718, 32.757436 ], [ -96.819733, 32.757363 ], [ -96.819757, 32.757333 ], [ -96.819798, 32.757305 ], [ -96.819881, 32.757257 ], [ -96.819927, 32.757242 ], [ -96.820088, 32.757229 ], [ -96.82016, 32.757229 ], [ -96.820312, 32.757246 ], [ -96.820377, 32.757263 ], [ -96.820462, 32.757298 ], [ -96.820524, 32.757305 ], [ -96.820581, 32.757298 ], [ -96.820638, 32.757267 ], [ -96.820687, 32.757223 ], [ -96.820745, 32.757192 ], [ -96.820838, 32.75717 ] ], [ [ -96.79018, 32.757444 ], [ -96.790079, 32.757557 ], [ -96.79009, 32.757681 ], [ -96.79017, 32.757775 ], [ -96.790304, 32.757843 ], [ -96.790622, 32.757949 ], [ -96.791032, 32.758054 ], [ -96.791543, 32.758082 ], [ -96.792851, 32.758034 ], [ -96.793624, 32.758062 ], [ -96.79384, 32.758054 ], [ -96.794226, 32.757996 ], [ -96.794431, 32.758025 ], [ -96.794555, 32.75791 ], [ -96.794635, 32.757757 ], [ -96.794691, 32.757614 ], [ -96.79455, 32.7575 ], [ -96.79018, 32.757444 ] ], [ [ -96.797383, 32.75828 ], [ -96.796876, 32.758136 ], [ -96.796407, 32.757979 ], [ -96.79579, 32.757828 ], [ -96.795353, 32.758063 ], [ -96.795331, 32.758132 ], [ -96.795359, 32.758198 ], [ -96.795447, 32.758253 ], [ -96.796216, 32.758307 ], [ -96.797444, 32.758785 ], [ -96.798899, 32.759836 ], [ -96.799088, 32.759903 ], [ -96.799275, 32.75989 ], [ -96.799408, 32.759831 ], [ -96.799338, 32.759752 ], [ -96.799283, 32.759659 ], [ -96.799127, 32.759444 ], [ -96.798877, 32.75924 ], [ -96.798111, 32.758716 ], [ -96.797742, 32.758465 ], [ -96.797383, 32.75828 ] ], [ [ -96.79127, 32.758803 ], [ -96.791202, 32.758698 ], [ -96.791031, 32.758584 ], [ -96.790849, 32.758526 ], [ -96.790692, 32.758587 ], [ -96.790679, 32.758592 ], [ -96.790656, 32.758803 ], [ -96.790724, 32.759051 ], [ -96.790883, 32.759358 ], [ -96.791224, 32.759769 ], [ -96.7916, 32.760132 ], [ -96.792236, 32.760638 ], [ -96.792395, 32.760514 ], [ -96.792441, 32.760323 ], [ -96.792429, 32.76019 ], [ -96.792338, 32.760094 ], [ -96.791941, 32.759846 ], [ -96.7916, 32.759501 ], [ -96.791429, 32.75929 ], [ -96.79127, 32.758975 ], [ -96.79127, 32.758803 ] ], [ [ -96.796648, 32.76081 ], [ -96.796603, 32.760925 ], [ -96.79666, 32.761049 ], [ -96.796807, 32.761107 ], [ -96.796978, 32.761088 ], [ -96.797569, 32.760916 ], [ -96.798205, 32.76081 ], [ -96.798785, 32.761012 ], [ -96.799171, 32.761288 ], [ -96.799353, 32.76126 ], [ -96.799387, 32.761117 ], [ -96.79949, 32.761001 ], [ -96.799478, 32.760868 ], [ -96.799762, 32.760897 ], [ -96.799922, 32.760773 ], [ -96.799967, 32.76059 ], [ -96.799865, 32.760496 ], [ -96.799717, 32.760399 ], [ -96.799558, 32.760323 ], [ -96.799331, 32.760303 ], [ -96.79908, 32.760295 ], [ -96.798887, 32.760227 ], [ -96.798671, 32.76018 ], [ -96.798501, 32.760275 ], [ -96.798251, 32.760371 ], [ -96.797364, 32.760725 ], [ -96.796967, 32.760749 ], [ -96.796762, 32.760762 ], [ -96.796648, 32.76081 ] ], [ [ -96.793898, 32.761203 ], [ -96.793846, 32.761203 ], [ -96.793738, 32.761203 ], [ -96.793647, 32.761336 ], [ -96.793693, 32.761442 ], [ -96.793829, 32.761471 ], [ -96.79442, 32.761575 ], [ -96.794591, 32.761575 ], [ -96.79475, 32.761528 ], [ -96.794875, 32.761499 ], [ -96.795034, 32.761508 ], [ -96.79525, 32.761557 ], [ -96.795455, 32.761557 ], [ -96.795932, 32.761518 ], [ -96.796137, 32.761394 ], [ -96.796091, 32.761279 ], [ -96.795978, 32.761212 ], [ -96.79583, 32.761241 ], [ -96.795, 32.761336 ], [ -96.794761, 32.761356 ], [ -96.794591, 32.761364 ], [ -96.794443, 32.761336 ], [ -96.793898, 32.761203 ] ], [ [ -96.762368, 32.778487 ], [ -96.762439, 32.778509 ], [ -96.762499, 32.778517 ], [ -96.762533, 32.778511 ], [ -96.762562, 32.778498 ], [ -96.762586, 32.778452 ], [ -96.762589, 32.778427 ], [ -96.762579, 32.778405 ], [ -96.762553, 32.77838 ], [ -96.76248, 32.778349 ], [ -96.762433, 32.778312 ], [ -96.76242, 32.778292 ], [ -96.76243, 32.77827 ], [ -96.762569, 32.778258 ], [ -96.762586, 32.778243 ], [ -96.762593, 32.778219 ], [ -96.762582, 32.778183 ], [ -96.762548, 32.778155 ], [ -96.762453, 32.778115 ], [ -96.762402, 32.778103 ], [ -96.762269, 32.778052 ], [ -96.762255, 32.778011 ], [ -96.762253, 32.777991 ], [ -96.762265, 32.777969 ], [ -96.762306, 32.777928 ], [ -96.762378, 32.777883 ], [ -96.76247, 32.777785 ], [ -96.762467, 32.777762 ], [ -96.76245, 32.777742 ], [ -96.762333, 32.777638 ], [ -96.7623, 32.777627 ], [ -96.762273, 32.777636 ], [ -96.762235, 32.777656 ], [ -96.762211, 32.777675 ], [ -96.762203, 32.777692 ], [ -96.762204, 32.777714 ], [ -96.76217, 32.777754 ], [ -96.762134, 32.777752 ], [ -96.762107, 32.777745 ], [ -96.762092, 32.777728 ], [ -96.762092, 32.777707 ], [ -96.762107, 32.777689 ], [ -96.762132, 32.777676 ], [ -96.762213, 32.777605 ], [ -96.76223, 32.777582 ], [ -96.762223, 32.777557 ], [ -96.762197, 32.777563 ], [ -96.762173, 32.777579 ], [ -96.762139, 32.777576 ], [ -96.762095, 32.777541 ], [ -96.762057, 32.777547 ], [ -96.761994, 32.777616 ], [ -96.761972, 32.77763 ], [ -96.761948, 32.777619 ], [ -96.761945, 32.777589 ], [ -96.761999, 32.777549 ], [ -96.76202, 32.777504 ], [ -96.762017, 32.777457 ], [ -96.761997, 32.777431 ], [ -96.761979, 32.77742 ], [ -96.761945, 32.777424 ], [ -96.761904, 32.777459 ], [ -96.761849, 32.777487 ], [ -96.761798, 32.77749 ], [ -96.761723, 32.777467 ], [ -96.761696, 32.777427 ], [ -96.761675, 32.777381 ], [ -96.761601, 32.777267 ], [ -96.76158, 32.777217 ], [ -96.761553, 32.777175 ], [ -96.761522, 32.777149 ], [ -96.761475, 32.777143 ], [ -96.761457, 32.777155 ], [ -96.761455, 32.77718 ], [ -96.761465, 32.777254 ], [ -96.761462, 32.777275 ], [ -96.761445, 32.777285 ], [ -96.761423, 32.777289 ], [ -96.76141, 32.777304 ], [ -96.761416, 32.777324 ], [ -96.761406, 32.777355 ], [ -96.761392, 32.777381 ], [ -96.761375, 32.777397 ], [ -96.761349, 32.7774 ], [ -96.761335, 32.777381 ], [ -96.761349, 32.777358 ], [ -96.761362, 32.777318 ], [ -96.761345, 32.777282 ], [ -96.761326, 32.777268 ], [ -96.761301, 32.777267 ], [ -96.761277, 32.777254 ], [ -96.761266, 32.777234 ], [ -96.761266, 32.777213 ], [ -96.761256, 32.777188 ], [ -96.761231, 32.777187 ], [ -96.761189, 32.777191 ], [ -96.761176, 32.777213 ], [ -96.761181, 32.777251 ], [ -96.761202, 32.777292 ], [ -96.761212, 32.777321 ], [ -96.761222, 32.777436 ], [ -96.761246, 32.777516 ], [ -96.761287, 32.777696 ], [ -96.761304, 32.777734 ], [ -96.761392, 32.777794 ], [ -96.761577, 32.777937 ], [ -96.761638, 32.777988 ], [ -96.761741, 32.778111 ], [ -96.761751, 32.778143 ], [ -96.761771, 32.778183 ], [ -96.761802, 32.778212 ], [ -96.761836, 32.778235 ], [ -96.761891, 32.778259 ], [ -96.761945, 32.778275 ], [ -96.762027, 32.778309 ], [ -96.762132, 32.778343 ], [ -96.76222, 32.77836 ], [ -96.762245, 32.77837 ], [ -96.762263, 32.778388 ], [ -96.762279, 32.778416 ], [ -96.762317, 32.778458 ], [ -96.762368, 32.778487 ] ], [ [ -96.776099, 32.78766 ], [ -96.776147, 32.787691 ], [ -96.776207, 32.787716 ], [ -96.776248, 32.78774 ], [ -96.7763, 32.787757 ], [ -96.776352, 32.787763 ], [ -96.776461, 32.787757 ], [ -96.776513, 32.787744 ], [ -96.776599, 32.787703 ], [ -96.776651, 32.787663 ], [ -96.776752, 32.787565 ], [ -96.776778, 32.78754 ], [ -96.776923, 32.78749 ], [ -96.776953, 32.787467 ], [ -96.77696, 32.787443 ], [ -96.77696, 32.787421 ], [ -96.776945, 32.78739 ], [ -96.776919, 32.787365 ], [ -96.776863, 32.787329 ], [ -96.776804, 32.787305 ], [ -96.776753, 32.787298 ], [ -96.776681, 32.787318 ], [ -96.776628, 32.78734 ], [ -96.776591, 32.787365 ], [ -96.776427, 32.787519 ], [ -96.776405, 32.787534 ], [ -96.776379, 32.787543 ], [ -96.776338, 32.787543 ], [ -96.776274, 32.787529 ], [ -96.776155, 32.787515 ], [ -96.776091, 32.787528 ], [ -96.776065, 32.787547 ], [ -96.776054, 32.787566 ], [ -96.77605, 32.787588 ], [ -96.776058, 32.787609 ], [ -96.776099, 32.78766 ] ], [ [ -96.768079, 32.836928 ], [ -96.768079, 32.837828 ], [ -96.76948, 32.837828 ], [ -96.76948, 32.836928 ], [ -96.768079, 32.836928 ] ], [ [ -96.767808, 32.838406 ], [ -96.767786, 32.838413 ], [ -96.767769, 32.838431 ], [ -96.767765, 32.838456 ], [ -96.767765, 32.838543 ], [ -96.767798, 32.838794 ], [ -96.767802, 32.838954 ], [ -96.767812, 32.839388 ], [ -96.767812, 32.840198 ], [ -96.768477, 32.840106 ], [ -96.768878, 32.840027 ], [ -96.769097, 32.839971 ], [ -96.769243, 32.839928 ], [ -96.769346, 32.839872 ], [ -96.769316, 32.839793 ], [ -96.769061, 32.839487 ], [ -96.768783, 32.839211 ], [ -96.768499, 32.83888 ], [ -96.768221, 32.838572 ], [ -96.768053, 32.838358 ], [ -96.767864, 32.8384 ], [ -96.767808, 32.838406 ] ], [ [ -96.759767, 32.857249 ], [ -96.759821, 32.857261 ], [ -96.75993, 32.857331 ], [ -96.759957, 32.857343 ], [ -96.759984, 32.857349 ], [ -96.760139, 32.857374 ], [ -96.760182, 32.857386 ], [ -96.760316, 32.857407 ], [ -96.760533, 32.857454 ], [ -96.760573, 32.857474 ], [ -96.760605, 32.857484 ], [ -96.760641, 32.857484 ], [ -96.760677, 32.857475 ], [ -96.760699, 32.85746 ], [ -96.760712, 32.857437 ], [ -96.760713, 32.85742 ], [ -96.760681, 32.857402 ], [ -96.760641, 32.857366 ], [ -96.760627, 32.857332 ], [ -96.760601, 32.857299 ], [ -96.760552, 32.857259 ], [ -96.760475, 32.857227 ], [ -96.760425, 32.857221 ], [ -96.760357, 32.857223 ], [ -96.760253, 32.85722 ], [ -96.760186, 32.857212 ], [ -96.760007, 32.857129 ], [ -96.759964, 32.857096 ], [ -96.75991, 32.857074 ], [ -96.759783, 32.857043 ], [ -96.75969, 32.857032 ], [ -96.759655, 32.857011 ], [ -96.759617, 32.85698 ], [ -96.759607, 32.856936 ], [ -96.759615, 32.856908 ], [ -96.759661, 32.856812 ], [ -96.759704, 32.856756 ], [ -96.759765, 32.856656 ], [ -96.759761, 32.856623 ], [ -96.75974, 32.856601 ], [ -96.759581, 32.856476 ], [ -96.759531, 32.856449 ], [ -96.759481, 32.856443 ], [ -96.759433, 32.856455 ], [ -96.759386, 32.856476 ], [ -96.759271, 32.856555 ], [ -96.759222, 32.856579 ], [ -96.759162, 32.856601 ], [ -96.759092, 32.856673 ], [ -96.759025, 32.856718 ], [ -96.758959, 32.856748 ], [ -96.758925, 32.856768 ], [ -96.758917, 32.856791 ], [ -96.758947, 32.856938 ], [ -96.758978, 32.85701 ], [ -96.759022, 32.857079 ], [ -96.759097, 32.857227 ], [ -96.759118, 32.857258 ], [ -96.759154, 32.857247 ], [ -96.759179, 32.857226 ], [ -96.759234, 32.857192 ], [ -96.759253, 32.857174 ], [ -96.759286, 32.857171 ], [ -96.759318, 32.857174 ], [ -96.759367, 32.857188 ], [ -96.759402, 32.857209 ], [ -96.759436, 32.857239 ], [ -96.759451, 32.857262 ], [ -96.759476, 32.857275 ], [ -96.759521, 32.85728 ], [ -96.759601, 32.857273 ], [ -96.759726, 32.857246 ], [ -96.759767, 32.857249 ] ], [ [ -96.761596, 32.85737 ], [ -96.761673, 32.857405 ], [ -96.761702, 32.857414 ], [ -96.761735, 32.857418 ], [ -96.761784, 32.857418 ], [ -96.761957, 32.857402 ], [ -96.762164, 32.857425 ], [ -96.762252, 32.857473 ], [ -96.762304, 32.857507 ], [ -96.762421, 32.857571 ], [ -96.762487, 32.857604 ], [ -96.762526, 32.857613 ], [ -96.762554, 32.857608 ], [ -96.762609, 32.857574 ], [ -96.762629, 32.857556 ], [ -96.762632, 32.857498 ], [ -96.762618, 32.857467 ], [ -96.762574, 32.857442 ], [ -96.762401, 32.857325 ], [ -96.762319, 32.857281 ], [ -96.762184, 32.857135 ], [ -96.76215, 32.857082 ], [ -96.762145, 32.857053 ], [ -96.762145, 32.857 ], [ -96.762164, 32.856944 ], [ -96.762232, 32.856834 ], [ -96.762261, 32.856799 ], [ -96.762275, 32.856766 ], [ -96.76228, 32.856734 ], [ -96.762261, 32.856698 ], [ -96.762227, 32.856681 ], [ -96.762174, 32.856681 ], [ -96.762116, 32.856693 ], [ -96.76203, 32.856721 ], [ -96.761976, 32.856718 ], [ -96.761957, 32.856738 ], [ -96.761923, 32.856811 ], [ -96.761899, 32.856834 ], [ -96.761678, 32.85698 ], [ -96.761639, 32.857 ], [ -96.76161, 32.857025 ], [ -96.761591, 32.85707 ], [ -96.761576, 32.857123 ], [ -96.761558, 32.857244 ], [ -96.761552, 32.857284 ], [ -96.761557, 32.857325 ], [ -96.761567, 32.857345 ], [ -96.761596, 32.85737 ] ], [ [ -96.757829, 32.85751 ], [ -96.757833, 32.857547 ], [ -96.757802, 32.857605 ], [ -96.757784, 32.857688 ], [ -96.757793, 32.857725 ], [ -96.757819, 32.857745 ], [ -96.757842, 32.857756 ], [ -96.757914, 32.85778 ], [ -96.757954, 32.857777 ], [ -96.757978, 32.85775 ], [ -96.757989, 32.857731 ], [ -96.758006, 32.857682 ], [ -96.758019, 32.857618 ], [ -96.758006, 32.857559 ], [ -96.758025, 32.857524 ], [ -96.758025, 32.857487 ], [ -96.758006, 32.857454 ], [ -96.75792, 32.857405 ], [ -96.757854, 32.857398 ], [ -96.757833, 32.857403 ], [ -96.757802, 32.857467 ], [ -96.757805, 32.857495 ], [ -96.757829, 32.85751 ] ], [ [ -96.817336, 32.862811 ], [ -96.817408, 32.862817 ], [ -96.817469, 32.862811 ], [ -96.817547, 32.862786 ], [ -96.817638, 32.862771 ], [ -96.817723, 32.862771 ], [ -96.81791, 32.862797 ], [ -96.81797, 32.862791 ], [ -96.818031, 32.862771 ], [ -96.818055, 32.862741 ], [ -96.818073, 32.862685 ], [ -96.818085, 32.862527 ], [ -96.818097, 32.862467 ], [ -96.818134, 32.86236 ], [ -96.81814, 32.862324 ], [ -96.81814, 32.862279 ], [ -96.818115, 32.862248 ], [ -96.818061, 32.862212 ], [ -96.818001, 32.862187 ], [ -96.81771, 32.862111 ], [ -96.817638, 32.862065 ], [ -96.817547, 32.86204 ], [ -96.817408, 32.862015 ], [ -96.817378, 32.861994 ], [ -96.817312, 32.861933 ], [ -96.817263, 32.861902 ], [ -96.817197, 32.861888 ], [ -96.81704, 32.861866 ], [ -96.816967, 32.861852 ], [ -96.816811, 32.861805 ], [ -96.816496, 32.86171 ], [ -96.816453, 32.861705 ], [ -96.816429, 32.86172 ], [ -96.816429, 32.861745 ], [ -96.816466, 32.861786 ], [ -96.816532, 32.861821 ], [ -96.816973, 32.862015 ], [ -96.817076, 32.862071 ], [ -96.817263, 32.862187 ], [ -96.817306, 32.862223 ], [ -96.817324, 32.862248 ], [ -96.817318, 32.862288 ], [ -96.817293, 32.862313 ], [ -96.817191, 32.862355 ], [ -96.817136, 32.862406 ], [ -96.817118, 32.862446 ], [ -96.817112, 32.862492 ], [ -96.817124, 32.862553 ], [ -96.817197, 32.862705 ], [ -96.817233, 32.862755 ], [ -96.817287, 32.862797 ], [ -96.817336, 32.862811 ] ], [ [ -96.780919, 32.866841 ], [ -96.78096, 32.866793 ], [ -96.780991, 32.866733 ], [ -96.781001, 32.866673 ], [ -96.780991, 32.866605 ], [ -96.78096, 32.866549 ], [ -96.780935, 32.866514 ], [ -96.780914, 32.866467 ], [ -96.780868, 32.866407 ], [ -96.780843, 32.866321 ], [ -96.780858, 32.866244 ], [ -96.780879, 32.8662 ], [ -96.780904, 32.866174 ], [ -96.780991, 32.866055 ], [ -96.781011, 32.866008 ], [ -96.781004, 32.865958 ], [ -96.780981, 32.865901 ], [ -96.780955, 32.865862 ], [ -96.780909, 32.865831 ], [ -96.780848, 32.865814 ], [ -96.780788, 32.865826 ], [ -96.78075, 32.865834 ], [ -96.78066, 32.865873 ], [ -96.780612, 32.865904 ], [ -96.780517, 32.866003 ], [ -96.780501, 32.866061 ], [ -96.780506, 32.866128 ], [ -96.780533, 32.866213 ], [ -96.780544, 32.866266 ], [ -96.78057, 32.866328 ], [ -96.780602, 32.866386 ], [ -96.78065, 32.866425 ], [ -96.780724, 32.866498 ], [ -96.780756, 32.866546 ], [ -96.780761, 32.866591 ], [ -96.780756, 32.866631 ], [ -96.780756, 32.866715 ], [ -96.780766, 32.866756 ], [ -96.780798, 32.866827 ], [ -96.780835, 32.866849 ], [ -96.780874, 32.866858 ], [ -96.780919, 32.866841 ] ], [ [ -96.750621, 32.872205 ], [ -96.750623, 32.872234 ], [ -96.750619, 32.87228 ], [ -96.750579, 32.872376 ], [ -96.750577, 32.872401 ], [ -96.750583, 32.87242 ], [ -96.750596, 32.872439 ], [ -96.750615, 32.872453 ], [ -96.750642, 32.872459 ], [ -96.750668, 32.872456 ], [ -96.750708, 32.872434 ], [ -96.750744, 32.872385 ], [ -96.75075, 32.872365 ], [ -96.75075, 32.872303 ], [ -96.750773, 32.872189 ], [ -96.750769, 32.872131 ], [ -96.750761, 32.87211 ], [ -96.750733, 32.872067 ], [ -96.750733, 32.872048 ], [ -96.75074, 32.872025 ], [ -96.750737, 32.872007 ], [ -96.750714, 32.871977 ], [ -96.750706, 32.871923 ], [ -96.750683, 32.871862 ], [ -96.750636, 32.871806 ], [ -96.750605, 32.871785 ], [ -96.750562, 32.871766 ], [ -96.750469, 32.871747 ], [ -96.75045, 32.871735 ], [ -96.750425, 32.871726 ], [ -96.7504, 32.871726 ], [ -96.750374, 32.871735 ], [ -96.750358, 32.871755 ], [ -96.750349, 32.871786 ], [ -96.750349, 32.871812 ], [ -96.750355, 32.871842 ], [ -96.750412, 32.871943 ], [ -96.750452, 32.871986 ], [ -96.750524, 32.872056 ], [ -96.750564, 32.872106 ], [ -96.750594, 32.872152 ], [ -96.750621, 32.872205 ] ], [ [ -96.780108, 32.875217 ], [ -96.780139, 32.875197 ], [ -96.78023, 32.875061 ], [ -96.78031, 32.874966 ], [ -96.780391, 32.874929 ], [ -96.780473, 32.874929 ], [ -96.780529, 32.874937 ], [ -96.78058, 32.87495 ], [ -96.780722, 32.874997 ], [ -96.780788, 32.875009 ], [ -96.780925, 32.875022 ], [ -96.781006, 32.875026 ], [ -96.781179, 32.875022 ], [ -96.78125, 32.874992 ], [ -96.78126, 32.874958 ], [ -96.781237, 32.874936 ], [ -96.781214, 32.874924 ], [ -96.781168, 32.87492 ], [ -96.781082, 32.874924 ], [ -96.780991, 32.874893 ], [ -96.78096, 32.874873 ], [ -96.780945, 32.874831 ], [ -96.78092, 32.874784 ], [ -96.780889, 32.87475 ], [ -96.780859, 32.87469 ], [ -96.780765, 32.874623 ], [ -96.780674, 32.874595 ], [ -96.780624, 32.874589 ], [ -96.780539, 32.874609 ], [ -96.780372, 32.87463 ], [ -96.780306, 32.874651 ], [ -96.780163, 32.874722 ], [ -96.77991, 32.874794 ], [ -96.779849, 32.874799 ], [ -96.779793, 32.874811 ], [ -96.779733, 32.874837 ], [ -96.779616, 32.874871 ], [ -96.779571, 32.874888 ], [ -96.779515, 32.874943 ], [ -96.779474, 32.874969 ], [ -96.779436, 32.875031 ], [ -96.779401, 32.875062 ], [ -96.779396, 32.875109 ], [ -96.779386, 32.875143 ], [ -96.779365, 32.875177 ], [ -96.779342, 32.875197 ], [ -96.779322, 32.875256 ], [ -96.779297, 32.875293 ], [ -96.7792, 32.875383 ], [ -96.77922, 32.875408 ], [ -96.779229, 32.875432 ], [ -96.779175, 32.875469 ], [ -96.779147, 32.875493 ], [ -96.779137, 32.875521 ], [ -96.779112, 32.87554 ], [ -96.779054, 32.875557 ], [ -96.779049, 32.875516 ], [ -96.779013, 32.875504 ], [ -96.779016, 32.875473 ], [ -96.778992, 32.875471 ], [ -96.778983, 32.875511 ], [ -96.778967, 32.875514 ], [ -96.778921, 32.875529 ], [ -96.778914, 32.87555 ], [ -96.778914, 32.875585 ], [ -96.778899, 32.875609 ], [ -96.778876, 32.875616 ], [ -96.77886, 32.875631 ], [ -96.778819, 32.87565 ], [ -96.778768, 32.875652 ], [ -96.778769, 32.875692 ], [ -96.778757, 32.875698 ], [ -96.778747, 32.875709 ], [ -96.778719, 32.875706 ], [ -96.778683, 32.875721 ], [ -96.778687, 32.875762 ], [ -96.778671, 32.875799 ], [ -96.778661, 32.87585 ], [ -96.778671, 32.875915 ], [ -96.778671, 32.875966 ], [ -96.778666, 32.876008 ], [ -96.778672, 32.876058 ], [ -96.778703, 32.876098 ], [ -96.778738, 32.876221 ], [ -96.778809, 32.876323 ], [ -96.77887, 32.876365 ], [ -96.7789, 32.876374 ], [ -96.778941, 32.876374 ], [ -96.779011, 32.876344 ], [ -96.779047, 32.876323 ], [ -96.779103, 32.876272 ], [ -96.779168, 32.876238 ], [ -96.779214, 32.876208 ], [ -96.779255, 32.876195 ], [ -96.77931, 32.876187 ], [ -96.779375, 32.876153 ], [ -96.779422, 32.87614 ], [ -96.779558, 32.876143 ], [ -96.779599, 32.876178 ], [ -96.779633, 32.876196 ], [ -96.779715, 32.876221 ], [ -96.779837, 32.87634 ], [ -96.779933, 32.876451 ], [ -96.779999, 32.876519 ], [ -96.780055, 32.876595 ], [ -96.780075, 32.876629 ], [ -96.780131, 32.87668 ], [ -96.780146, 32.876714 ], [ -96.780181, 32.876756 ], [ -96.780191, 32.876787 ], [ -96.780212, 32.876829 ], [ -96.780353, 32.876944 ], [ -96.780379, 32.87697 ], [ -96.780444, 32.876982 ], [ -96.78046, 32.876936 ], [ -96.780455, 32.876902 ], [ -96.780429, 32.876842 ], [ -96.780363, 32.876739 ], [ -96.780333, 32.876655 ], [ -96.780282, 32.87659 ], [ -96.780252, 32.876573 ], [ -96.780217, 32.876536 ], [ -96.780186, 32.876493 ], [ -96.780166, 32.876446 ], [ -96.780141, 32.876407 ], [ -96.78011, 32.876391 ], [ -96.780034, 32.876323 ], [ -96.779968, 32.876221 ], [ -96.779943, 32.876174 ], [ -96.779903, 32.876126 ], [ -96.779857, 32.876085 ], [ -96.779837, 32.876058 ], [ -96.779832, 32.876016 ], [ -96.779842, 32.87597 ], [ -96.779885, 32.875925 ], [ -96.779905, 32.875887 ], [ -96.779898, 32.875847 ], [ -96.779872, 32.875816 ], [ -96.779837, 32.875799 ], [ -96.779799, 32.875802 ], [ -96.779758, 32.875788 ], [ -96.779736, 32.875753 ], [ -96.779731, 32.875715 ], [ -96.779741, 32.875655 ], [ -96.779822, 32.875391 ], [ -96.779857, 32.875357 ], [ -96.779887, 32.875335 ], [ -96.779938, 32.875332 ], [ -96.779979, 32.875311 ], [ -96.780078, 32.875231 ], [ -96.780108, 32.875217 ] ], [ [ -96.771495, 32.879373 ], [ -96.771582, 32.879437 ], [ -96.771664, 32.879452 ], [ -96.77175, 32.879452 ], [ -96.771933, 32.879424 ], [ -96.772342, 32.879409 ], [ -96.772492, 32.879396 ], [ -96.772765, 32.879391 ], [ -96.773004, 32.879343 ], [ -96.773434, 32.879199 ], [ -96.773517, 32.879145 ], [ -96.773544, 32.879123 ], [ -96.773573, 32.879098 ], [ -96.773627, 32.879036 ], [ -96.773658, 32.87898 ], [ -96.773656, 32.878932 ], [ -96.773633, 32.878881 ], [ -96.773597, 32.878845 ], [ -96.773536, 32.87883 ], [ -96.773466, 32.878842 ], [ -96.773396, 32.878867 ], [ -96.77332, 32.878914 ], [ -96.773255, 32.879012 ], [ -96.773211, 32.879042 ], [ -96.773163, 32.879052 ], [ -96.773132, 32.879042 ], [ -96.773094, 32.879002 ], [ -96.773084, 32.878968 ], [ -96.773089, 32.878918 ], [ -96.773168, 32.878777 ], [ -96.773257, 32.878635 ], [ -96.773468, 32.878377 ], [ -96.773485, 32.878338 ], [ -96.773484, 32.878293 ], [ -96.77347, 32.878258 ], [ -96.773447, 32.878228 ], [ -96.773414, 32.878207 ], [ -96.773353, 32.878186 ], [ -96.773241, 32.87821 ], [ -96.773168, 32.878254 ], [ -96.773112, 32.878321 ], [ -96.773031, 32.878479 ], [ -96.772973, 32.87856 ], [ -96.772899, 32.878622 ], [ -96.772762, 32.878701 ], [ -96.772683, 32.878771 ], [ -96.772525, 32.878878 ], [ -96.77243, 32.878914 ], [ -96.772328, 32.87894 ], [ -96.772102, 32.87896 ], [ -96.77189, 32.878968 ], [ -96.771794, 32.87896 ], [ -96.771587, 32.878932 ], [ -96.771481, 32.878943 ], [ -96.771423, 32.878984 ], [ -96.771389, 32.879033 ], [ -96.771388, 32.879106 ], [ -96.771409, 32.879235 ], [ -96.771452, 32.879316 ], [ -96.771495, 32.879373 ] ], [ [ -96.766934, 32.879402 ], [ -96.766997, 32.879444 ], [ -96.767125, 32.879503 ], [ -96.767262, 32.879534 ], [ -96.767467, 32.879567 ], [ -96.76767, 32.879624 ], [ -96.767727, 32.879646 ], [ -96.767789, 32.879677 ], [ -96.767843, 32.879716 ], [ -96.767914, 32.879775 ], [ -96.768122, 32.879889 ], [ -96.768179, 32.879914 ], [ -96.768225, 32.879921 ], [ -96.768275, 32.879907 ], [ -96.768304, 32.879886 ], [ -96.768347, 32.879838 ], [ -96.768291, 32.879803 ], [ -96.768262, 32.879775 ], [ -96.768233, 32.879725 ], [ -96.768154, 32.879548 ], [ -96.768125, 32.879447 ], [ -96.768105, 32.879316 ], [ -96.7681, 32.87921 ], [ -96.768084, 32.879134 ], [ -96.768047, 32.879081 ], [ -96.767984, 32.879046 ], [ -96.767536, 32.878942 ], [ -96.767403, 32.878892 ], [ -96.767345, 32.878864 ], [ -96.767279, 32.878822 ], [ -96.767186, 32.878746 ], [ -96.767013, 32.878586 ], [ -96.766955, 32.878527 ], [ -96.766864, 32.878462 ], [ -96.766822, 32.878439 ], [ -96.766565, 32.878332 ], [ -96.766478, 32.87829 ], [ -96.766354, 32.878217 ], [ -96.765976, 32.877924 ], [ -96.765889, 32.877875 ], [ -96.765802, 32.877837 ], [ -96.765785, 32.877921 ], [ -96.76571, 32.878736 ], [ -96.76571, 32.878886 ], [ -96.765722, 32.878946 ], [ -96.765752, 32.878973 ], [ -96.765792, 32.878994 ], [ -96.765849, 32.879005 ], [ -96.765997, 32.879019 ], [ -96.766067, 32.879011 ], [ -96.766149, 32.879018 ], [ -96.766281, 32.879041 ], [ -96.766354, 32.879043 ], [ -96.766437, 32.879039 ], [ -96.766486, 32.879043 ], [ -96.766536, 32.879053 ], [ -96.766586, 32.879081 ], [ -96.766934, 32.879402 ] ], [ [ -96.785079, 32.881425 ], [ -96.786279, 32.881425 ], [ -96.786279, 32.880426 ], [ -96.785079, 32.880426 ], [ -96.785079, 32.881425 ] ], [ [ -96.804313, 32.882692 ], [ -96.804372, 32.882796 ], [ -96.804417, 32.882821 ], [ -96.804507, 32.882817 ], [ -96.804646, 32.882787 ], [ -96.804859, 32.882796 ], [ -96.805291, 32.882835 ], [ -96.805391, 32.882804 ], [ -96.805416, 32.882817 ], [ -96.805619, 32.882809 ], [ -96.805739, 32.882784 ], [ -96.805853, 32.882738 ], [ -96.805937, 32.882711 ], [ -96.806032, 32.882696 ], [ -96.806067, 32.882675 ], [ -96.806067, 32.88263 ], [ -96.806047, 32.882588 ], [ -96.805942, 32.88248 ], [ -96.805873, 32.882471 ], [ -96.805076, 32.882571 ], [ -96.804929, 32.882579 ], [ -96.804656, 32.882559 ], [ -96.804417, 32.882559 ], [ -96.804313, 32.882601 ], [ -96.804293, 32.882638 ], [ -96.804313, 32.882692 ] ], [ [ -96.80628, 32.882903 ], [ -96.806359, 32.882938 ], [ -96.806528, 32.883001 ], [ -96.806717, 32.883059 ], [ -96.806806, 32.883081 ], [ -96.806861, 32.883079 ], [ -96.806913, 32.883059 ], [ -96.806939, 32.883015 ], [ -96.806971, 32.882941 ], [ -96.806994, 32.882907 ], [ -96.807029, 32.88289 ], [ -96.807165, 32.882857 ], [ -96.807223, 32.88283 ], [ -96.807275, 32.882796 ], [ -96.807314, 32.882754 ], [ -96.80732, 32.882692 ], [ -96.807296, 32.882633 ], [ -96.807216, 32.88259 ], [ -96.807112, 32.882573 ], [ -96.806871, 32.882546 ], [ -96.806851, 32.882545 ], [ -96.806668, 32.882553 ], [ -96.806429, 32.882581 ], [ -96.80639, 32.882613 ], [ -96.80625, 32.882848 ], [ -96.80625, 32.882882 ], [ -96.80628, 32.882903 ] ], [ [ -96.815258, 32.883505 ], [ -96.81528, 32.883504 ], [ -96.815315, 32.883491 ], [ -96.815417, 32.883415 ], [ -96.815456, 32.883414 ], [ -96.81551, 32.883391 ], [ -96.815543, 32.883391 ], [ -96.815656, 32.883372 ], [ -96.815717, 32.883375 ], [ -96.815734, 32.883395 ], [ -96.815743, 32.883425 ], [ -96.815773, 32.883432 ], [ -96.815827, 32.883428 ], [ -96.815892, 32.8834 ], [ -96.815918, 32.883372 ], [ -96.81591, 32.883349 ], [ -96.815882, 32.883318 ], [ -96.815843, 32.883298 ], [ -96.815729, 32.883118 ], [ -96.815688, 32.883094 ], [ -96.815539, 32.8831 ], [ -96.815515, 32.883094 ], [ -96.815499, 32.883079 ], [ -96.815465, 32.882984 ], [ -96.815439, 32.882975 ], [ -96.815421, 32.882986 ], [ -96.815393, 32.883011 ], [ -96.815369, 32.883076 ], [ -96.815332, 32.883122 ], [ -96.815298, 32.883128 ], [ -96.815235, 32.883125 ], [ -96.815215, 32.8831 ], [ -96.815213, 32.883015 ], [ -96.815174, 32.882992 ], [ -96.815152, 32.883003 ], [ -96.815143, 32.883051 ], [ -96.815115, 32.883058 ], [ -96.815118, 32.88308 ], [ -96.815154, 32.883077 ], [ -96.815206, 32.883134 ], [ -96.8152, 32.883156 ], [ -96.815246, 32.883198 ], [ -96.815248, 32.883235 ], [ -96.815243, 32.883285 ], [ -96.815252, 32.883338 ], [ -96.815243, 32.883394 ], [ -96.815217, 32.883419 ], [ -96.815222, 32.883446 ], [ -96.815257, 32.883431 ], [ -96.815287, 32.883401 ], [ -96.815317, 32.883392 ], [ -96.815352, 32.883401 ], [ -96.815342, 32.883418 ], [ -96.81526, 32.883474 ], [ -96.815248, 32.883488 ], [ -96.815258, 32.883505 ] ], [ [ -96.782842, 32.893538 ], [ -96.782888, 32.893544 ], [ -96.782966, 32.893574 ], [ -96.783018, 32.893611 ], [ -96.783056, 32.893687 ], [ -96.783074, 32.893707 ], [ -96.783206, 32.893755 ], [ -96.783229, 32.893799 ], [ -96.783332, 32.893818 ], [ -96.783419, 32.893822 ], [ -96.783528, 32.893799 ], [ -96.783655, 32.893783 ], [ -96.783799, 32.893804 ], [ -96.783914, 32.893783 ], [ -96.783995, 32.893707 ], [ -96.783949, 32.893635 ], [ -96.783856, 32.893596 ], [ -96.783816, 32.893591 ], [ -96.783776, 32.893543 ], [ -96.783718, 32.893509 ], [ -96.783494, 32.893499 ], [ -96.783407, 32.893523 ], [ -96.783291, 32.89361 ], [ -96.783188, 32.893507 ], [ -96.783115, 32.893409 ], [ -96.783089, 32.893386 ], [ -96.783069, 32.893348 ], [ -96.783067, 32.89331 ], [ -96.783054, 32.893273 ], [ -96.783029, 32.893257 ], [ -96.782941, 32.893223 ], [ -96.782889, 32.893223 ], [ -96.78282, 32.893233 ], [ -96.782699, 32.893262 ], [ -96.782641, 32.893286 ], [ -96.782624, 32.893315 ], [ -96.782622, 32.89352 ], [ -96.782607, 32.893557 ], [ -96.782555, 32.893614 ], [ -96.782474, 32.893639 ], [ -96.782416, 32.893683 ], [ -96.782422, 32.893746 ], [ -96.782411, 32.893783 ], [ -96.782284, 32.893774 ], [ -96.782209, 32.893765 ], [ -96.782123, 32.893765 ], [ -96.782065, 32.893794 ], [ -96.781973, 32.893852 ], [ -96.781898, 32.893939 ], [ -96.781817, 32.894011 ], [ -96.781771, 32.89407 ], [ -96.781737, 32.894128 ], [ -96.781702, 32.894176 ], [ -96.78165, 32.894205 ], [ -96.781564, 32.89421 ], [ -96.781426, 32.894205 ], [ -96.781322, 32.894215 ], [ -96.781092, 32.894104 ], [ -96.780953, 32.894055 ], [ -96.780677, 32.893973 ], [ -96.780591, 32.893973 ], [ -96.780504, 32.893929 ], [ -96.780487, 32.893862 ], [ -96.780412, 32.893794 ], [ -96.780349, 32.893794 ], [ -96.780262, 32.893876 ], [ -96.780199, 32.893963 ], [ -96.780187, 32.89406 ], [ -96.78021, 32.894118 ], [ -96.780257, 32.894181 ], [ -96.780418, 32.894258 ], [ -96.780585, 32.894312 ], [ -96.780752, 32.89435 ], [ -96.780867, 32.894365 ], [ -96.781011, 32.894374 ], [ -96.781132, 32.894374 ], [ -96.781316, 32.894346 ], [ -96.781414, 32.894394 ], [ -96.781506, 32.894394 ], [ -96.78161, 32.894354 ], [ -96.782025, 32.894225 ], [ -96.782238, 32.894075 ], [ -96.782278, 32.894002 ], [ -96.782474, 32.89391 ], [ -96.782531, 32.893925 ], [ -96.782597, 32.893914 ], [ -96.78267, 32.893894 ], [ -96.782719, 32.893855 ], [ -96.782756, 32.893783 ], [ -96.782769, 32.893709 ], [ -96.782756, 32.893625 ], [ -96.782765, 32.893579 ], [ -96.782794, 32.893548 ], [ -96.782842, 32.893538 ] ], [ [ -96.790772, 32.898763 ], [ -96.79088, 32.898716 ], [ -96.790921, 32.898714 ], [ -96.790936, 32.898736 ], [ -96.790936, 32.898767 ], [ -96.790921, 32.89879 ], [ -96.790893, 32.898815 ], [ -96.790894, 32.898839 ], [ -96.790913, 32.898868 ], [ -96.790948, 32.898884 ], [ -96.790996, 32.898898 ], [ -96.791043, 32.898896 ], [ -96.791101, 32.898881 ], [ -96.791195, 32.898809 ], [ -96.791232, 32.898767 ], [ -96.791241, 32.898721 ], [ -96.791219, 32.898665 ], [ -96.791185, 32.898615 ], [ -96.791128, 32.898566 ], [ -96.791047, 32.898505 ], [ -96.790979, 32.898441 ], [ -96.790853, 32.898377 ], [ -96.790799, 32.898342 ], [ -96.790745, 32.898342 ], [ -96.790693, 32.898365 ], [ -96.79065, 32.898359 ], [ -96.790618, 32.89835 ], [ -96.7906, 32.898325 ], [ -96.790591, 32.898297 ], [ -96.790597, 32.898265 ], [ -96.790614, 32.898229 ], [ -96.7906, 32.898201 ], [ -96.790573, 32.898172 ], [ -96.790544, 32.898151 ], [ -96.790448, 32.898097 ], [ -96.790325, 32.898086 ], [ -96.790258, 32.898089 ], [ -96.790202, 32.89808 ], [ -96.790139, 32.898092 ], [ -96.790096, 32.898117 ], [ -96.790056, 32.898173 ], [ -96.790042, 32.898237 ], [ -96.790059, 32.898332 ], [ -96.790049, 32.898379 ], [ -96.790069, 32.898418 ], [ -96.790099, 32.898446 ], [ -96.790165, 32.898497 ], [ -96.790209, 32.898513 ], [ -96.790295, 32.898524 ], [ -96.790375, 32.89855 ], [ -96.790428, 32.89855 ], [ -96.790478, 32.898566 ], [ -96.790494, 32.898603 ], [ -96.790498, 32.898642 ], [ -96.790519, 32.898714 ], [ -96.790605, 32.898739 ], [ -96.79074, 32.898773 ], [ -96.790772, 32.898763 ] ], [ [ -96.796395, 32.910224 ], [ -96.796522, 32.9103 ], [ -96.796625, 32.91033 ], [ -96.796707, 32.910311 ], [ -96.796783, 32.910269 ], [ -96.796833, 32.910272 ], [ -96.796869, 32.910296 ], [ -96.796923, 32.910342 ], [ -96.796964, 32.910417 ], [ -96.797063, 32.910455 ], [ -96.797144, 32.910477 ], [ -96.797248, 32.910477 ], [ -96.797379, 32.910414 ], [ -96.797442, 32.91039 ], [ -96.797469, 32.910345 ], [ -96.797465, 32.9103 ], [ -96.797446, 32.910248 ], [ -96.797415, 32.910213 ], [ -96.797375, 32.910183 ], [ -96.797323, 32.910173 ], [ -96.797256, 32.910171 ], [ -96.797224, 32.910173 ], [ -96.797183, 32.910193 ], [ -96.797143, 32.91019 ], [ -96.797048, 32.910155 ], [ -96.796955, 32.910126 ], [ -96.796895, 32.910137 ], [ -96.79686, 32.910148 ], [ -96.796824, 32.910179 ], [ -96.796779, 32.91019 ], [ -96.79675, 32.91019 ], [ -96.796711, 32.910164 ], [ -96.796615, 32.909996 ], [ -96.796576, 32.909974 ], [ -96.796508, 32.909959 ], [ -96.796476, 32.909933 ], [ -96.796476, 32.909883 ], [ -96.796454, 32.909841 ], [ -96.796386, 32.90981 ], [ -96.796305, 32.909815 ], [ -96.796204, 32.909833 ], [ -96.796132, 32.909898 ], [ -96.796195, 32.910023 ], [ -96.796267, 32.91012 ], [ -96.796321, 32.910173 ], [ -96.796395, 32.910224 ] ], [ [ -96.798032, 32.910845 ], [ -96.798055, 32.910902 ], [ -96.798086, 32.910944 ], [ -96.798113, 32.910959 ], [ -96.798154, 32.911004 ], [ -96.798235, 32.911057 ], [ -96.798316, 32.911122 ], [ -96.798366, 32.911201 ], [ -96.798402, 32.911296 ], [ -96.798443, 32.911341 ], [ -96.798497, 32.911357 ], [ -96.798556, 32.91136 ], [ -96.798641, 32.911344 ], [ -96.798727, 32.911299 ], [ -96.798745, 32.911273 ], [ -96.798741, 32.911217 ], [ -96.798723, 32.911171 ], [ -96.798714, 32.911118 ], [ -96.798736, 32.911012 ], [ -96.798718, 32.910929 ], [ -96.798628, 32.910815 ], [ -96.798583, 32.910784 ], [ -96.798533, 32.910784 ], [ -96.798511, 32.910769 ], [ -96.798492, 32.910739 ], [ -96.798483, 32.910674 ], [ -96.798461, 32.910573 ], [ -96.798407, 32.910508 ], [ -96.798407, 32.910444 ], [ -96.79838, 32.910372 ], [ -96.798316, 32.910334 ], [ -96.798213, 32.910314 ], [ -96.798068, 32.910334 ], [ -96.798028, 32.910471 ], [ -96.797996, 32.910584 ], [ -96.798028, 32.910652 ], [ -96.798041, 32.910719 ], [ -96.797996, 32.910766 ], [ -96.798005, 32.910807 ], [ -96.798032, 32.910845 ] ], [ [ -96.799619, 32.9114 ], [ -96.799687, 32.911482 ], [ -96.799707, 32.911499 ], [ -96.799766, 32.91155 ], [ -96.799903, 32.911619 ], [ -96.799978, 32.911639 ], [ -96.800031, 32.911661 ], [ -96.800048, 32.911724 ], [ -96.800091, 32.911788 ], [ -96.800116, 32.911811 ], [ -96.800171, 32.911858 ], [ -96.8002, 32.911881 ], [ -96.800236, 32.911895 ], [ -96.800295, 32.911907 ], [ -96.800339, 32.911901 ], [ -96.800333, 32.911827 ], [ -96.800257, 32.911707 ], [ -96.80022, 32.911631 ], [ -96.800102, 32.911504 ], [ -96.800076, 32.911468 ], [ -96.800061, 32.911399 ], [ -96.800057, 32.911341 ], [ -96.800027, 32.911293 ], [ -96.799997, 32.911277 ], [ -96.799915, 32.91125 ], [ -96.799819, 32.911251 ], [ -96.799732, 32.911188 ], [ -96.799596, 32.911144 ], [ -96.79946, 32.911127 ], [ -96.799369, 32.911082 ], [ -96.799332, 32.91108 ], [ -96.799241, 32.911064 ], [ -96.799184, 32.911064 ], [ -96.799143, 32.91108 ], [ -96.799022, 32.911093 ], [ -96.79892, 32.911118 ], [ -96.798861, 32.911141 ], [ -96.798854, 32.911186 ], [ -96.798845, 32.911333 ], [ -96.798808, 32.911448 ], [ -96.798754, 32.911516 ], [ -96.798741, 32.911572 ], [ -96.79875, 32.911648 ], [ -96.798783, 32.911696 ], [ -96.79881, 32.911886 ], [ -96.798867, 32.911915 ], [ -96.799039, 32.911928 ], [ -96.799112, 32.911899 ], [ -96.799173, 32.911854 ], [ -96.799196, 32.911783 ], [ -96.799207, 32.911704 ], [ -96.799192, 32.911623 ], [ -96.799214, 32.911521 ], [ -96.799177, 32.911353 ], [ -96.799222, 32.91133 ], [ -96.799332, 32.911343 ], [ -96.799456, 32.9114 ], [ -96.799544, 32.911408 ], [ -96.799619, 32.9114 ] ], [ [ -96.800858, 32.911709 ], [ -96.800723, 32.911667 ], [ -96.800648, 32.911655 ], [ -96.800609, 32.911729 ], [ -96.800583, 32.911808 ], [ -96.800575, 32.911862 ], [ -96.800592, 32.911951 ], [ -96.800746, 32.912027 ], [ -96.800782, 32.912065 ], [ -96.800899, 32.912152 ], [ -96.800958, 32.912166 ], [ -96.801012, 32.912166 ], [ -96.801039, 32.912166 ], [ -96.801308, 32.912256 ], [ -96.801364, 32.912269 ], [ -96.801359, 32.912201 ], [ -96.801328, 32.912095 ], [ -96.801265, 32.912016 ], [ -96.801247, 32.91194 ], [ -96.801265, 32.91189 ], [ -96.801263, 32.91185 ], [ -96.801229, 32.911822 ], [ -96.801152, 32.911788 ], [ -96.801089, 32.911749 ], [ -96.801021, 32.91172 ], [ -96.800994, 32.911718 ], [ -96.800917, 32.911716 ], [ -96.800858, 32.911709 ] ], [ [ -96.798744, 32.912577 ], [ -96.798717, 32.912774 ], [ -96.798717, 32.912821 ], [ -96.798741, 32.912868 ], [ -96.798793, 32.912898 ], [ -96.798827, 32.912906 ], [ -96.798918, 32.912894 ], [ -96.799031, 32.912872 ], [ -96.799099, 32.912844 ], [ -96.799129, 32.912779 ], [ -96.799118, 32.91256 ], [ -96.79908, 32.912415 ], [ -96.799084, 32.912354 ], [ -96.799122, 32.912281 ], [ -96.799141, 32.9122 ], [ -96.799137, 32.912132 ], [ -96.799114, 32.912066 ], [ -96.799058, 32.912041 ], [ -96.798959, 32.912035 ], [ -96.798891, 32.912047 ], [ -96.798721, 32.912107 ], [ -96.798649, 32.912149 ], [ -96.798619, 32.912177 ], [ -96.798612, 32.912233 ], [ -96.798634, 32.912342 ], [ -96.798668, 32.91239 ], [ -96.798732, 32.912495 ], [ -96.798744, 32.912577 ] ], [ [ -96.801757, 32.912821 ], [ -96.801735, 32.912785 ], [ -96.801712, 32.91276 ], [ -96.801693, 32.912745 ], [ -96.80164, 32.912737 ], [ -96.80161, 32.912754 ], [ -96.801574, 32.912795 ], [ -96.801542, 32.912849 ], [ -96.801538, 32.912875 ], [ -96.801633, 32.913068 ], [ -96.801731, 32.913154 ], [ -96.801773, 32.913158 ], [ -96.801772, 32.913068 ], [ -96.801784, 32.91304 ], [ -96.801825, 32.913013 ], [ -96.801829, 32.912967 ], [ -96.801788, 32.912891 ], [ -96.801761, 32.912875 ], [ -96.801757, 32.912821 ] ], [ [ -96.801834, 32.913508 ], [ -96.80182, 32.913562 ], [ -96.801951, 32.913679 ], [ -96.802059, 32.913831 ], [ -96.802073, 32.913876 ], [ -96.802073, 32.913952 ], [ -96.8021, 32.914015 ], [ -96.802168, 32.914068 ], [ -96.802217, 32.914084 ], [ -96.802289, 32.914062 ], [ -96.80238, 32.914066 ], [ -96.802483, 32.913997 ], [ -96.802493, 32.913925 ], [ -96.80252, 32.913869 ], [ -96.802506, 32.913815 ], [ -96.802497, 32.913759 ], [ -96.802452, 32.913721 ], [ -96.802407, 32.913717 ], [ -96.802362, 32.913694 ], [ -96.802326, 32.913626 ], [ -96.802307, 32.913562 ], [ -96.802307, 32.913505 ], [ -96.802267, 32.913471 ], [ -96.80205, 32.913466 ], [ -96.801955, 32.91344 ], [ -96.801865, 32.913471 ], [ -96.801834, 32.913508 ] ], [ [ -96.798824, 32.913677 ], [ -96.798867, 32.91378 ], [ -96.799018, 32.914034 ], [ -96.799101, 32.91415 ], [ -96.799135, 32.914189 ], [ -96.799226, 32.91424 ], [ -96.799278, 32.914292 ], [ -96.799382, 32.914431 ], [ -96.799415, 32.914451 ], [ -96.799443, 32.914439 ], [ -96.799462, 32.914415 ], [ -96.799472, 32.914335 ], [ -96.799486, 32.914271 ], [ -96.799469, 32.914199 ], [ -96.799467, 32.914121 ], [ -96.799491, 32.914042 ], [ -96.799467, 32.913967 ], [ -96.79942, 32.913902 ], [ -96.799353, 32.913863 ], [ -96.799311, 32.913787 ], [ -96.799245, 32.913705 ], [ -96.799197, 32.913665 ], [ -96.799056, 32.913601 ], [ -96.798971, 32.91359 ], [ -96.798904, 32.91359 ], [ -96.798813, 32.913618 ], [ -96.798824, 32.913677 ] ], [ [ -96.802578, 32.914167 ], [ -96.802605, 32.914206 ], [ -96.802578, 32.914263 ], [ -96.802565, 32.914304 ], [ -96.802601, 32.914323 ], [ -96.802745, 32.91433 ], [ -96.802917, 32.914372 ], [ -96.802966, 32.914429 ], [ -96.803012, 32.914471 ], [ -96.803061, 32.914505 ], [ -96.803133, 32.914493 ], [ -96.803201, 32.914496 ], [ -96.803255, 32.914482 ], [ -96.8033, 32.914462 ], [ -96.803323, 32.91444 ], [ -96.803323, 32.914403 ], [ -96.803296, 32.914357 ], [ -96.803278, 32.914316 ], [ -96.803246, 32.914281 ], [ -96.803192, 32.914263 ], [ -96.803138, 32.91424 ], [ -96.80312, 32.914178 ], [ -96.803088, 32.914141 ], [ -96.802966, 32.914077 ], [ -96.802926, 32.914046 ], [ -96.802831, 32.914028 ], [ -96.802736, 32.914035 ], [ -96.80261, 32.914068 ], [ -96.802578, 32.914099 ], [ -96.802569, 32.914126 ], [ -96.802578, 32.914167 ] ], [ [ -96.774096, 32.917673 ], [ -96.774127, 32.917671 ], [ -96.774185, 32.917642 ], [ -96.774217, 32.917634 ], [ -96.774267, 32.917631 ], [ -96.774298, 32.917637 ], [ -96.77433, 32.917651 ], [ -96.774349, 32.917671 ], [ -96.774376, 32.917679 ], [ -96.774626, 32.91769 ], [ -96.774657, 32.917684 ], [ -96.774676, 32.917667 ], [ -96.774688, 32.917648 ], [ -96.774698, 32.917586 ], [ -96.774696, 32.917563 ], [ -96.774668, 32.91753 ], [ -96.774659, 32.91751 ], [ -96.774657, 32.917491 ], [ -96.774665, 32.917461 ], [ -96.774665, 32.917425 ], [ -96.774653, 32.917375 ], [ -96.774629, 32.917324 ], [ -96.774558, 32.917206 ], [ -96.774528, 32.91717 ], [ -96.774454, 32.917043 ], [ -96.774443, 32.917009 ], [ -96.774443, 32.916987 ], [ -96.774435, 32.91695 ], [ -96.774415, 32.916915 ], [ -96.774376, 32.916873 ], [ -96.774353, 32.91684 ], [ -96.77433, 32.916781 ], [ -96.77433, 32.916755 ], [ -96.774324, 32.916728 ], [ -96.774302, 32.916705 ], [ -96.774271, 32.91669 ], [ -96.77424, 32.916663 ], [ -96.774217, 32.916631 ], [ -96.774213, 32.916592 ], [ -96.774221, 32.916562 ], [ -96.774241, 32.916518 ], [ -96.774235, 32.916494 ], [ -96.774213, 32.916483 ], [ -96.774178, 32.916477 ], [ -96.774143, 32.916479 ], [ -96.774123, 32.91648 ], [ -96.774088, 32.91649 ], [ -96.774053, 32.916494 ], [ -96.774018, 32.91649 ], [ -96.77396, 32.916474 ], [ -96.773929, 32.916474 ], [ -96.773761, 32.91651 ], [ -96.773699, 32.916536 ], [ -96.773675, 32.916569 ], [ -96.773629, 32.916601 ], [ -96.773594, 32.916634 ], [ -96.77352, 32.916725 ], [ -96.773477, 32.916787 ], [ -96.77345, 32.916866 ], [ -96.773438, 32.916888 ], [ -96.773438, 32.916922 ], [ -96.77345, 32.916947 ], [ -96.773508, 32.917 ], [ -96.773524, 32.917036 ], [ -96.773531, 32.917068 ], [ -96.773527, 32.917108 ], [ -96.773504, 32.917212 ], [ -96.773508, 32.917265 ], [ -96.77352, 32.917285 ], [ -96.77359, 32.917301 ], [ -96.773601, 32.917321 ], [ -96.773601, 32.917347 ], [ -96.773578, 32.917389 ], [ -96.773551, 32.917392 ], [ -96.773544, 32.917409 ], [ -96.773559, 32.917454 ], [ -96.773562, 32.917488 ], [ -96.773559, 32.917524 ], [ -96.773547, 32.917579 ], [ -96.773547, 32.917602 ], [ -96.773559, 32.917625 ], [ -96.773578, 32.917637 ], [ -96.773605, 32.917641 ], [ -96.773738, 32.917625 ], [ -96.773866, 32.917631 ], [ -96.77396, 32.917641 ], [ -96.774096, 32.917673 ] ], [ [ -96.780774, 32.918141 ], [ -96.780832, 32.91819 ], [ -96.780898, 32.91821 ], [ -96.780956, 32.918203 ], [ -96.781023, 32.918183 ], [ -96.781116, 32.918166 ], [ -96.781181, 32.918141 ], [ -96.781239, 32.918092 ], [ -96.781239, 32.917952 ], [ -96.781255, 32.917876 ], [ -96.781314, 32.917659 ], [ -96.781395, 32.917473 ], [ -96.781411, 32.917394 ], [ -96.781405, 32.917276 ], [ -96.781417, 32.917094 ], [ -96.781413, 32.917018 ], [ -96.781363, 32.916976 ], [ -96.781305, 32.916933 ], [ -96.781264, 32.916871 ], [ -96.78123, 32.916773 ], [ -96.781222, 32.916704 ], [ -96.78125, 32.916663 ], [ -96.781264, 32.91662 ], [ -96.781261, 32.916565 ], [ -96.781239, 32.916522 ], [ -96.781197, 32.916466 ], [ -96.781127, 32.916462 ], [ -96.781006, 32.916466 ], [ -96.780893, 32.916494 ], [ -96.780787, 32.916584 ], [ -96.780675, 32.916645 ], [ -96.780569, 32.916645 ], [ -96.780474, 32.916663 ], [ -96.780357, 32.916776 ], [ -96.780307, 32.916851 ], [ -96.780302, 32.916879 ], [ -96.78029, 32.916949 ], [ -96.780273, 32.917113 ], [ -96.780317, 32.917296 ], [ -96.780357, 32.917333 ], [ -96.780425, 32.917367 ], [ -96.780469, 32.917417 ], [ -96.780491, 32.917471 ], [ -96.780557, 32.917557 ], [ -96.780616, 32.917665 ], [ -96.780641, 32.917749 ], [ -96.780649, 32.917806 ], [ -96.780682, 32.917883 ], [ -96.78074, 32.918056 ], [ -96.780774, 32.918141 ] ], [ [ -96.779004, 32.919375 ], [ -96.778998, 32.919427 ], [ -96.778982, 32.919562 ], [ -96.778943, 32.919665 ], [ -96.778926, 32.919735 ], [ -96.778948, 32.919824 ], [ -96.779004, 32.91988 ], [ -96.77911, 32.919941 ], [ -96.779183, 32.919978 ], [ -96.779266, 32.919997 ], [ -96.779372, 32.920006 ], [ -96.7795, 32.919987 ], [ -96.779606, 32.919955 ], [ -96.779662, 32.919927 ], [ -96.779724, 32.919857 ], [ -96.77969, 32.919721 ], [ -96.779673, 32.919534 ], [ -96.779606, 32.919192 ], [ -96.779618, 32.919131 ], [ -96.779651, 32.919037 ], [ -96.779651, 32.91892 ], [ -96.77964, 32.918846 ], [ -96.779606, 32.918723 ], [ -96.779517, 32.918677 ], [ -96.77945, 32.918672 ], [ -96.779372, 32.918686 ], [ -96.779222, 32.918747 ], [ -96.779183, 32.918774 ], [ -96.779132, 32.918822 ], [ -96.779099, 32.918897 ], [ -96.779088, 32.918999 ], [ -96.779054, 32.919047 ], [ -96.779021, 32.91908 ], [ -96.779004, 32.91914 ], [ -96.778976, 32.919215 ], [ -96.778976, 32.919286 ], [ -96.779004, 32.919375 ] ], [ [ -96.779216, 32.920119 ], [ -96.779183, 32.920152 ], [ -96.779183, 32.920203 ], [ -96.77921, 32.920231 ], [ -96.779322, 32.920231 ], [ -96.779406, 32.920245 ], [ -96.779512, 32.920296 ], [ -96.779573, 32.920367 ], [ -96.779579, 32.920442 ], [ -96.779595, 32.920502 ], [ -96.77966, 32.920519 ], [ -96.779735, 32.920519 ], [ -96.77981, 32.920505 ], [ -96.77986, 32.92047 ], [ -96.779885, 32.920428 ], [ -96.779876, 32.920344 ], [ -96.779826, 32.920254 ], [ -96.779785, 32.920152 ], [ -96.779757, 32.920108 ], [ -96.779685, 32.920043 ], [ -96.779606, 32.920035 ], [ -96.779517, 32.920057 ], [ -96.779439, 32.920057 ], [ -96.779425, 32.920058 ], [ -96.779367, 32.920063 ], [ -96.779294, 32.920081 ], [ -96.779216, 32.920119 ] ], [ [ -96.795248, 32.934441 ], [ -96.79527, 32.934438 ], [ -96.795336, 32.934351 ], [ -96.795357, 32.934345 ], [ -96.795387, 32.934356 ], [ -96.795416, 32.934387 ], [ -96.795433, 32.934416 ], [ -96.795453, 32.93443 ], [ -96.795497, 32.93443 ], [ -96.795541, 32.934409 ], [ -96.795563, 32.93439 ], [ -96.795579, 32.934362 ], [ -96.795624, 32.934212 ], [ -96.795641, 32.934117 ], [ -96.795643, 32.934046 ], [ -96.795639, 32.934013 ], [ -96.795622, 32.933965 ], [ -96.795602, 32.933931 ], [ -96.795542, 32.933881 ], [ -96.795508, 32.933866 ], [ -96.79547, 32.933859 ], [ -96.795412, 32.933866 ], [ -96.795354, 32.933886 ], [ -96.794805, 32.934111 ], [ -96.79471, 32.934131 ], [ -96.794619, 32.934174 ], [ -96.794575, 32.93421 ], [ -96.794556, 32.934424 ], [ -96.794519, 32.934514 ], [ -96.794463, 32.934606 ], [ -96.794456, 32.934645 ], [ -96.794456, 32.934734 ], [ -96.794465, 32.934804 ], [ -96.794531, 32.934917 ], [ -96.794635, 32.935011 ], [ -96.79466, 32.935039 ], [ -96.79468, 32.935098 ], [ -96.794686, 32.935138 ], [ -96.794673, 32.935192 ], [ -96.794648, 32.935246 ], [ -96.794643, 32.935271 ], [ -96.794656, 32.935321 ], [ -96.794675, 32.935356 ], [ -96.7947, 32.935419 ], [ -96.79471, 32.935502 ], [ -96.794754, 32.935527 ], [ -96.794844, 32.935522 ], [ -96.794943, 32.935476 ], [ -96.79498, 32.935419 ], [ -96.795024, 32.935293 ], [ -96.795063, 32.935232 ], [ -96.795081, 32.935184 ], [ -96.795104, 32.935048 ], [ -96.79513, 32.934959 ], [ -96.795167, 32.934901 ], [ -96.795204, 32.934854 ], [ -96.795214, 32.934824 ], [ -96.795219, 32.934778 ], [ -96.79521, 32.934739 ], [ -96.795193, 32.934699 ], [ -96.79513, 32.934613 ], [ -96.795049, 32.934488 ], [ -96.795015, 32.934406 ], [ -96.794992, 32.934337 ], [ -96.79498, 32.934268 ], [ -96.794984, 32.93424 ], [ -96.795011, 32.93421 ], [ -96.795055, 32.93419 ], [ -96.795104, 32.934187 ], [ -96.795156, 32.934206 ], [ -96.795193, 32.934255 ], [ -96.795223, 32.93432 ], [ -96.795248, 32.934393 ], [ -96.795248, 32.934441 ] ], [ [ -96.808859, 32.955596 ], [ -96.808821, 32.955593 ], [ -96.808789, 32.955604 ], [ -96.808775, 32.955618 ], [ -96.808762, 32.955657 ], [ -96.808762, 32.955679 ], [ -96.808783, 32.955734 ], [ -96.808796, 32.955834 ], [ -96.80883, 32.955866 ], [ -96.808851, 32.955872 ], [ -96.808899, 32.955865 ], [ -96.808973, 32.955855 ], [ -96.809036, 32.955834 ], [ -96.809083, 32.955813 ], [ -96.809125, 32.955756 ], [ -96.809129, 32.955728 ], [ -96.809121, 32.9557 ], [ -96.809057, 32.955686 ], [ -96.808982, 32.955689 ], [ -96.808944, 32.955675 ], [ -96.808931, 32.955654 ], [ -96.808889, 32.955604 ], [ -96.808859, 32.955596 ] ], [ [ -96.811475, 32.959995 ], [ -96.81151, 32.960036 ], [ -96.811617, 32.960032 ], [ -96.811773, 32.959891 ], [ -96.811837, 32.95988 ], [ -96.811992, 32.959999 ], [ -96.812074, 32.959985 ], [ -96.812161, 32.959927 ], [ -96.81226, 32.959833 ], [ -96.812337, 32.959739 ], [ -96.812379, 32.959666 ], [ -96.812402, 32.959569 ], [ -96.812453, 32.959418 ], [ -96.812476, 32.959291 ], [ -96.81246, 32.959111 ], [ -96.81245, 32.959057 ], [ -96.81242, 32.959035 ], [ -96.812384, 32.959001 ], [ -96.812282, 32.958958 ], [ -96.812167, 32.958942 ], [ -96.812102, 32.958962 ], [ -96.811955, 32.959051 ], [ -96.811927, 32.959082 ], [ -96.811926, 32.959111 ], [ -96.811863, 32.959142 ], [ -96.811773, 32.959196 ], [ -96.811678, 32.959316 ], [ -96.811423, 32.959868 ], [ -96.811436, 32.959938 ], [ -96.811475, 32.959995 ] ], [ [ -96.802153, 32.964346 ], [ -96.802159, 32.964368 ], [ -96.80223, 32.964438 ], [ -96.802278, 32.964458 ], [ -96.802316, 32.964469 ], [ -96.802376, 32.96446 ], [ -96.802528, 32.964382 ], [ -96.802561, 32.964355 ], [ -96.802572, 32.964345 ], [ -96.802629, 32.964284 ], [ -96.802654, 32.96427 ], [ -96.8027, 32.964259 ], [ -96.802976, 32.964153 ], [ -96.803017, 32.964126 ], [ -96.803044, 32.964081 ], [ -96.803049, 32.964031 ], [ -96.803031, 32.963986 ], [ -96.802985, 32.963956 ], [ -96.802954, 32.963929 ], [ -96.802841, 32.963929 ], [ -96.802637, 32.964015 ], [ -96.802249, 32.964221 ], [ -96.802194, 32.964247 ], [ -96.802153, 32.964301 ], [ -96.802153, 32.964346 ] ], [ [ -96.795095, 32.967064 ], [ -96.795184, 32.967087 ], [ -96.795208, 32.967087 ], [ -96.795245, 32.96708 ], [ -96.795329, 32.967028 ], [ -96.795371, 32.967013 ], [ -96.795399, 32.967017 ], [ -96.795516, 32.967056 ], [ -96.795549, 32.967076 ], [ -96.795563, 32.967146 ], [ -96.795586, 32.967162 ], [ -96.795652, 32.96717 ], [ -96.795778, 32.967194 ], [ -96.795857, 32.967198 ], [ -96.795885, 32.967182 ], [ -96.79589, 32.967157 ], [ -96.795871, 32.967123 ], [ -96.795834, 32.967087 ], [ -96.795726, 32.967036 ], [ -96.795628, 32.966977 ], [ -96.7956, 32.966946 ], [ -96.795572, 32.966943 ], [ -96.795535, 32.966946 ], [ -96.795455, 32.96697 ], [ -96.795385, 32.966966 ], [ -96.795338, 32.966946 ], [ -96.795259, 32.966864 ], [ -96.795222, 32.966777 ], [ -96.795184, 32.966703 ], [ -96.795147, 32.966664 ], [ -96.795091, 32.966645 ], [ -96.795025, 32.966609 ], [ -96.794955, 32.966605 ], [ -96.794885, 32.966628 ], [ -96.794857, 32.966656 ], [ -96.79482, 32.966735 ], [ -96.79482, 32.966808 ], [ -96.79481, 32.966884 ], [ -96.794838, 32.966946 ], [ -96.794848, 32.966956 ], [ -96.79488, 32.96699 ], [ -96.794932, 32.967028 ], [ -96.794965, 32.967036 ], [ -96.795039, 32.967045 ], [ -96.795095, 32.967064 ] ], [ [ -96.81506, 32.971058 ], [ -96.81507, 32.971092 ], [ -96.815105, 32.971159 ], [ -96.81516, 32.971231 ], [ -96.815285, 32.971331 ], [ -96.815521, 32.971454 ], [ -96.815721, 32.971504 ], [ -96.815862, 32.971511 ], [ -96.816022, 32.971508 ], [ -96.816062, 32.9715 ], [ -96.816096, 32.971479 ], [ -96.816117, 32.971474 ], [ -96.816157, 32.971474 ], [ -96.816559, 32.971323 ], [ -96.816686, 32.971277 ], [ -96.816693, 32.971227 ], [ -96.816668, 32.971196 ], [ -96.816658, 32.971176 ], [ -96.816638, 32.971164 ], [ -96.816613, 32.971155 ], [ -96.816573, 32.971159 ], [ -96.816508, 32.971147 ], [ -96.816393, 32.971147 ], [ -96.816247, 32.971138 ], [ -96.816167, 32.971117 ], [ -96.816017, 32.971126 ], [ -96.815952, 32.971109 ], [ -96.815922, 32.971096 ], [ -96.815902, 32.971079 ], [ -96.815887, 32.971012 ], [ -96.815869, 32.970964 ], [ -96.815857, 32.970948 ], [ -96.815831, 32.970937 ], [ -96.815766, 32.97092 ], [ -96.815736, 32.970903 ], [ -96.815711, 32.970869 ], [ -96.815721, 32.970844 ], [ -96.815736, 32.970827 ], [ -96.815781, 32.970806 ], [ -96.815841, 32.970802 ], [ -96.815907, 32.97081 ], [ -96.815977, 32.970793 ], [ -96.816012, 32.97076 ], [ -96.816022, 32.970717 ], [ -96.816022, 32.97068 ], [ -96.816012, 32.970641 ], [ -96.815957, 32.970616 ], [ -96.815897, 32.970599 ], [ -96.815701, 32.970604 ], [ -96.815616, 32.970613 ], [ -96.815516, 32.970658 ], [ -96.815496, 32.970689 ], [ -96.815476, 32.970802 ], [ -96.815456, 32.970847 ], [ -96.815411, 32.970903 ], [ -96.815235, 32.97092 ], [ -96.815175, 32.970906 ], [ -96.81508, 32.970906 ], [ -96.815054, 32.970954 ], [ -96.81506, 32.971058 ] ], [ [ -96.814785, 32.972385 ], [ -96.814816, 32.972467 ], [ -96.814867, 32.972496 ], [ -96.814899, 32.972524 ], [ -96.814924, 32.972562 ], [ -96.814978, 32.972743 ], [ -96.814969, 32.972921 ], [ -96.814983, 32.972977 ], [ -96.815025, 32.972996 ], [ -96.815084, 32.973002 ], [ -96.815197, 32.973025 ], [ -96.81526, 32.973047 ], [ -96.815282, 32.973047 ], [ -96.815306, 32.973039 ], [ -96.815322, 32.972977 ], [ -96.815322, 32.972929 ], [ -96.815308, 32.972859 ], [ -96.815285, 32.97279 ], [ -96.815127, 32.972595 ], [ -96.815099, 32.972496 ], [ -96.815079, 32.972324 ], [ -96.815063, 32.972268 ], [ -96.815058, 32.97222 ], [ -96.815038, 32.972164 ], [ -96.814976, 32.972082 ], [ -96.814913, 32.972018 ], [ -96.814853, 32.971964 ], [ -96.814836, 32.971899 ], [ -96.814816, 32.971874 ], [ -96.814779, 32.971866 ], [ -96.814714, 32.971905 ], [ -96.814662, 32.971952 ], [ -96.814658, 32.971975 ], [ -96.814666, 32.972009 ], [ -96.814754, 32.97206 ], [ -96.814802, 32.972104 ], [ -96.814816, 32.972189 ], [ -96.814816, 32.972234 ], [ -96.814795, 32.972277 ], [ -96.814785, 32.972385 ] ], [ [ -96.773231, 32.977235 ], [ -96.773285, 32.977503 ], [ -96.773369, 32.977795 ], [ -96.773378, 32.97786 ], [ -96.773408, 32.977894 ], [ -96.773452, 32.977918 ], [ -96.773501, 32.977922 ], [ -96.77356, 32.977939 ], [ -96.773619, 32.977939 ], [ -96.773717, 32.977922 ], [ -96.773825, 32.977894 ], [ -96.773874, 32.977869 ], [ -96.773909, 32.977791 ], [ -96.773928, 32.977708 ], [ -96.773918, 32.977601 ], [ -96.773911, 32.977558 ], [ -96.773869, 32.97728 ], [ -96.77384, 32.977124 ], [ -96.77382, 32.977091 ], [ -96.773805, 32.977054 ], [ -96.773815, 32.976951 ], [ -96.773815, 32.976684 ], [ -96.77382, 32.976633 ], [ -96.77385, 32.976461 ], [ -96.773869, 32.976412 ], [ -96.773874, 32.976363 ], [ -96.773869, 32.976317 ], [ -96.773835, 32.976297 ], [ -96.773776, 32.976276 ], [ -96.773732, 32.976267 ], [ -96.773658, 32.976301 ], [ -96.773639, 32.976346 ], [ -96.773531, 32.976481 ], [ -96.773447, 32.976622 ], [ -96.773339, 32.976745 ], [ -96.773256, 32.976894 ], [ -96.773197, 32.976954 ], [ -96.773182, 32.976996 ], [ -96.773177, 32.977046 ], [ -96.773231, 32.977235 ] ], [ [ -96.77329, 32.979127 ], [ -96.773349, 32.979211 ], [ -96.773362, 32.979315 ], [ -96.773362, 32.979379 ], [ -96.773408, 32.979677 ], [ -96.773408, 32.979776 ], [ -96.773434, 32.979854 ], [ -96.773434, 32.979892 ], [ -96.773408, 32.979917 ], [ -96.773408, 32.979939 ], [ -96.773442, 32.979946 ], [ -96.77365, 32.979943 ], [ -96.773848, 32.979929 ], [ -96.773924, 32.979906 ], [ -96.773967, 32.979882 ], [ -96.773984, 32.979847 ], [ -96.773933, 32.979049 ], [ -96.773933, 32.9789 ], [ -96.77392, 32.978761 ], [ -96.77392, 32.978693 ], [ -96.773912, 32.978623 ], [ -96.773874, 32.978566 ], [ -96.773836, 32.978538 ], [ -96.773806, 32.978524 ], [ -96.773747, 32.978506 ], [ -96.77362, 32.978499 ], [ -96.773598, 32.9785 ], [ -96.773527, 32.978502 ], [ -96.773434, 32.978534 ], [ -96.773366, 32.978563 ], [ -96.773324, 32.978591 ], [ -96.773294, 32.978634 ], [ -96.773281, 32.978704 ], [ -96.773303, 32.978864 ], [ -96.77332, 32.978932 ], [ -96.773332, 32.979017 ], [ -96.773332, 32.979062 ], [ -96.77332, 32.979084 ], [ -96.773298, 32.979104 ], [ -96.77329, 32.979127 ] ], [ [ -96.814213, 32.981731 ], [ -96.814088, 32.98193 ], [ -96.814046, 32.981944 ], [ -96.813992, 32.981944 ], [ -96.813971, 32.982087 ], [ -96.813992, 32.982129 ], [ -96.814017, 32.982157 ], [ -96.814054, 32.982168 ], [ -96.814113, 32.982163 ], [ -96.814204, 32.982182 ], [ -96.814343, 32.98219 ], [ -96.8145, 32.982196 ], [ -96.814612, 32.982177 ], [ -96.814675, 32.98216 ], [ -96.814696, 32.982129 ], [ -96.814667, 32.982052 ], [ -96.814612, 32.981965 ], [ -96.814529, 32.981859 ], [ -96.814525, 32.981797 ], [ -96.814533, 32.981752 ], [ -96.814533, 32.981685 ], [ -96.814542, 32.98164 ], [ -96.814521, 32.981602 ], [ -96.814463, 32.981588 ], [ -96.814417, 32.981569 ], [ -96.814367, 32.981574 ], [ -96.814321, 32.981595 ], [ -96.814292, 32.981626 ], [ -96.814213, 32.981731 ] ], [ [ -96.814021, 32.987506 ], [ -96.814087, 32.987518 ], [ -96.81424, 32.987537 ], [ -96.814556, 32.987537 ], [ -96.814706, 32.987513 ], [ -96.814763, 32.987491 ], [ -96.815039, 32.987315 ], [ -96.81518, 32.987233 ], [ -96.815249, 32.98718 ], [ -96.815288, 32.987161 ], [ -96.815436, 32.987117 ], [ -96.815519, 32.987092 ], [ -96.815569, 32.98707 ], [ -96.815647, 32.987036 ], [ -96.815686, 32.986984 ], [ -96.81568, 32.986964 ], [ -96.815582, 32.986932 ], [ -96.815485, 32.986913 ], [ -96.815453, 32.986906 ], [ -96.815317, 32.986841 ], [ -96.815239, 32.986802 ], [ -96.815154, 32.986712 ], [ -96.815096, 32.986627 ], [ -96.815038, 32.986556 ], [ -96.814934, 32.98653 ], [ -96.814597, 32.986491 ], [ -96.814221, 32.986472 ], [ -96.813903, 32.986504 ], [ -96.813702, 32.986601 ], [ -96.813631, 32.986763 ], [ -96.813696, 32.986906 ], [ -96.813793, 32.986913 ], [ -96.813851, 32.986887 ], [ -96.813949, 32.986841 ], [ -96.814052, 32.986848 ], [ -96.814201, 32.9869 ], [ -96.814325, 32.986958 ], [ -96.814538, 32.986964 ], [ -96.814559, 32.987057 ], [ -96.814581, 32.987152 ], [ -96.814574, 32.987187 ], [ -96.814562, 32.987211 ], [ -96.814476, 32.987308 ], [ -96.814415, 32.987327 ], [ -96.814384, 32.987327 ], [ -96.814159, 32.987226 ], [ -96.814119, 32.987223 ], [ -96.81409, 32.987231 ], [ -96.814036, 32.987276 ], [ -96.814001, 32.987281 ], [ -96.813926, 32.987262 ], [ -96.813892, 32.987262 ], [ -96.813863, 32.987271 ], [ -96.813837, 32.987293 ], [ -96.813834, 32.987324 ], [ -96.813837, 32.987342 ], [ -96.813854, 32.987372 ], [ -96.813895, 32.987423 ], [ -96.813967, 32.987479 ], [ -96.814021, 32.987506 ] ], [ [ -96.814269, 32.989193 ], [ -96.814204, 32.989182 ], [ -96.814152, 32.989191 ], [ -96.814087, 32.989229 ], [ -96.814032, 32.989269 ], [ -96.814003, 32.989302 ], [ -96.814, 32.98934 ], [ -96.814045, 32.98937 ], [ -96.814084, 32.989367 ], [ -96.814214, 32.989305 ], [ -96.814265, 32.989299 ], [ -96.814336, 32.989305 ], [ -96.814398, 32.98934 ], [ -96.814446, 32.989356 ], [ -96.814505, 32.989356 ], [ -96.814459, 32.989283 ], [ -96.814401, 32.989248 ], [ -96.814269, 32.989193 ] ], [ [ -96.810122, 32.989671 ], [ -96.810113, 32.98971 ], [ -96.810023, 32.989767 ], [ -96.809943, 32.989873 ], [ -96.809952, 32.989907 ], [ -96.810001, 32.98992 ], [ -96.810068, 32.98991 ], [ -96.810132, 32.98991 ], [ -96.810419, 32.989956 ], [ -96.810494, 32.989962 ], [ -96.810559, 32.989967 ], [ -96.810823, 32.990003 ], [ -96.810942, 32.990007 ], [ -96.811048, 32.989983 ], [ -96.811083, 32.989945 ], [ -96.811083, 32.989904 ], [ -96.811047, 32.989828 ], [ -96.811003, 32.989764 ], [ -96.810949, 32.989726 ], [ -96.810909, 32.98972 ], [ -96.810868, 32.98972 ], [ -96.810836, 32.989725 ], [ -96.810776, 32.989756 ], [ -96.810736, 32.989746 ], [ -96.810673, 32.989709 ], [ -96.810617, 32.989696 ], [ -96.810545, 32.989688 ], [ -96.810436, 32.989677 ], [ -96.810372, 32.989677 ], [ -96.810299, 32.98966 ], [ -96.810263, 32.989627 ], [ -96.810226, 32.989612 ], [ -96.81018, 32.989621 ], [ -96.810142, 32.989644 ], [ -96.810122, 32.989671 ] ], [ [ -96.811663, 32.990142 ], [ -96.811689, 32.990153 ], [ -96.81173, 32.990153 ], [ -96.8118, 32.990142 ], [ -96.811913, 32.99017 ], [ -96.811986, 32.990181 ], [ -96.81204, 32.990212 ], [ -96.812061, 32.990225 ], [ -96.812131, 32.990242 ], [ -96.812218, 32.990248 ], [ -96.812331, 32.990245 ], [ -96.812434, 32.990222 ], [ -96.812538, 32.990166 ], [ -96.812599, 32.990116 ], [ -96.812635, 32.990051 ], [ -96.812629, 32.990008 ], [ -96.81259, 32.989944 ], [ -96.812495, 32.989877 ], [ -96.812407, 32.989837 ], [ -96.812325, 32.989831 ], [ -96.812253, 32.989839 ], [ -96.812169, 32.989872 ], [ -96.812148, 32.989904 ], [ -96.812113, 32.989913 ], [ -96.812073, 32.989905 ], [ -96.811977, 32.989921 ], [ -96.81189, 32.98993 ], [ -96.811838, 32.989921 ], [ -96.811681, 32.989879 ], [ -96.811559, 32.989887 ], [ -96.811527, 32.989899 ], [ -96.811527, 32.989925 ], [ -96.8116, 32.990029 ], [ -96.811623, 32.990069 ], [ -96.81164, 32.990113 ], [ -96.811663, 32.990142 ] ], [ [ -96.80862, 32.993582 ], [ -96.808699, 32.993563 ], [ -96.808906, 32.993488 ], [ -96.809075, 32.993454 ], [ -96.809215, 32.99345 ], [ -96.809339, 32.993482 ], [ -96.809614, 32.993623 ], [ -96.809794, 32.993737 ], [ -96.809867, 32.993741 ], [ -96.809917, 32.993704 ], [ -96.809996, 32.993591 ], [ -96.810129, 32.993379 ], [ -96.810193, 32.993276 ], [ -96.810266, 32.993102 ], [ -96.810311, 32.992908 ], [ -96.810311, 32.992852 ], [ -96.810271, 32.99279 ], [ -96.81021, 32.992772 ], [ -96.810052, 32.992828 ], [ -96.809957, 32.992832 ], [ -96.809811, 32.992832 ], [ -96.809665, 32.992842 ], [ -96.809569, 32.99286 ], [ -96.809423, 32.992871 ], [ -96.809187, 32.992899 ], [ -96.809064, 32.992894 ], [ -96.809013, 32.992871 ], [ -96.808979, 32.99286 ], [ -96.808934, 32.992874 ], [ -96.808867, 32.992932 ], [ -96.808805, 32.993012 ], [ -96.808817, 32.993063 ], [ -96.80885, 32.993119 ], [ -96.80885, 32.993181 ], [ -96.808833, 32.993243 ], [ -96.808794, 32.993313 ], [ -96.808721, 32.993384 ], [ -96.808614, 32.99344 ], [ -96.808553, 32.993492 ], [ -96.808547, 32.99354 ], [ -96.808581, 32.993572 ], [ -96.80862, 32.993582 ] ], [ [ -96.807358, 32.993965 ], [ -96.807442, 32.993986 ], [ -96.807612, 32.993982 ], [ -96.807684, 32.993938 ], [ -96.807679, 32.99384 ], [ -96.807677, 32.993789 ], [ -96.807619, 32.993751 ], [ -96.807534, 32.993755 ], [ -96.807338, 32.993855 ], [ -96.807312, 32.993882 ], [ -96.807312, 32.993921 ], [ -96.807358, 32.993965 ] ], [ [ -96.769312, 32.994718 ], [ -96.769319, 32.994822 ], [ -96.769311, 32.994929 ], [ -96.769246, 32.995023 ], [ -96.769155, 32.995126 ], [ -96.768913, 32.995272 ], [ -96.768712, 32.995446 ], [ -96.768702, 32.995489 ], [ -96.768757, 32.995503 ], [ -96.768813, 32.995494 ], [ -96.769092, 32.995328 ], [ -96.769316, 32.995164 ], [ -96.769402, 32.995078 ], [ -96.769447, 32.995004 ], [ -96.769482, 32.994878 ], [ -96.769462, 32.994771 ], [ -96.769422, 32.994703 ], [ -96.769367, 32.994712 ], [ -96.769312, 32.994718 ] ], [ [ -96.76188, 32.995694 ], [ -96.761945, 32.995783 ], [ -96.762024, 32.995838 ], [ -96.762089, 32.995897 ], [ -96.762121, 32.995981 ], [ -96.762121, 32.99609 ], [ -96.762076, 32.996156 ], [ -96.761971, 32.996254 ], [ -96.761958, 32.996299 ], [ -96.761978, 32.996332 ], [ -96.762036, 32.996353 ], [ -96.762206, 32.996349 ], [ -96.762376, 32.996267 ], [ -96.762473, 32.996201 ], [ -96.762526, 32.996139 ], [ -96.762526, 32.995914 ], [ -96.762493, 32.995843 ], [ -96.762389, 32.995744 ], [ -96.762278, 32.995618 ], [ -96.76222, 32.99558 ], [ -96.762102, 32.995503 ], [ -96.762011, 32.995502 ], [ -96.761946, 32.995519 ], [ -96.761906, 32.995552 ], [ -96.761887, 32.995585 ], [ -96.761874, 32.995645 ], [ -96.76188, 32.995694 ] ], [ [ -96.803898, 33.002252 ], [ -96.803794, 33.002346 ], [ -96.803729, 33.002434 ], [ -96.80367, 33.002637 ], [ -96.80367, 33.002696 ], [ -96.803806, 33.002735 ], [ -96.803924, 33.002769 ], [ -96.804003, 33.002774 ], [ -96.804042, 33.002763 ], [ -96.804094, 33.002724 ], [ -96.804107, 33.002692 ], [ -96.804133, 33.002664 ], [ -96.804146, 33.002615 ], [ -96.804153, 33.002488 ], [ -96.804179, 33.002434 ], [ -96.804186, 33.002367 ], [ -96.804179, 33.00235 ], [ -96.80414, 33.002318 ], [ -96.804068, 33.00228 ], [ -96.803964, 33.002246 ], [ -96.803898, 33.002252 ] ], [ [ -96.803433, 33.003886 ], [ -96.803366, 33.003886 ], [ -96.803311, 33.003895 ], [ -96.803133, 33.003999 ], [ -96.803066, 33.004075 ], [ -96.80306, 33.004137 ], [ -96.803084, 33.004193 ], [ -96.803121, 33.004244 ], [ -96.803188, 33.004327 ], [ -96.803262, 33.004373 ], [ -96.803353, 33.004368 ], [ -96.803451, 33.004322 ], [ -96.803567, 33.004331 ], [ -96.803653, 33.004275 ], [ -96.803714, 33.004204 ], [ -96.80372, 33.004117 ], [ -96.803689, 33.004013 ], [ -96.80361, 33.003946 ], [ -96.803524, 33.003912 ], [ -96.803433, 33.003886 ] ], [ [ -96.730376, 32.676732 ], [ -96.731076, 32.677332 ], [ -96.732076, 32.676833 ], [ -96.731476, 32.676233 ], [ -96.730376, 32.676732 ] ], [ [ -96.733523, 32.678696 ], [ -96.733527, 32.67872 ], [ -96.733558, 32.678745 ], [ -96.733635, 32.678758 ], [ -96.733695, 32.678796 ], [ -96.73374, 32.678798 ], [ -96.733742, 32.67878 ], [ -96.733737, 32.678755 ], [ -96.7338, 32.678742 ], [ -96.733829, 32.678731 ], [ -96.73387, 32.678747 ], [ -96.733899, 32.678737 ], [ -96.733908, 32.67871 ], [ -96.733923, 32.678691 ], [ -96.733931, 32.678675 ], [ -96.733931, 32.678652 ], [ -96.733915, 32.678627 ], [ -96.733905, 32.678592 ], [ -96.733879, 32.678547 ], [ -96.733864, 32.678533 ], [ -96.733857, 32.678463 ], [ -96.733809, 32.678444 ], [ -96.733794, 32.678431 ], [ -96.733787, 32.67841 ], [ -96.733784, 32.678356 ], [ -96.733733, 32.67832 ], [ -96.733724, 32.678292 ], [ -96.733644, 32.678272 ], [ -96.733616, 32.678241 ], [ -96.733616, 32.678213 ], [ -96.733593, 32.678174 ], [ -96.733552, 32.678142 ], [ -96.733517, 32.678123 ], [ -96.733488, 32.678094 ], [ -96.733406, 32.678075 ], [ -96.733383, 32.678044 ], [ -96.733367, 32.678013 ], [ -96.733364, 32.677976 ], [ -96.733342, 32.677948 ], [ -96.733317, 32.677957 ], [ -96.733294, 32.677978 ], [ -96.733258, 32.678044 ], [ -96.733272, 32.678094 ], [ -96.733288, 32.678131 ], [ -96.733288, 32.67815 ], [ -96.733278, 32.678179 ], [ -96.733294, 32.678191 ], [ -96.733323, 32.678203 ], [ -96.733371, 32.678233 ], [ -96.733379, 32.678251 ], [ -96.733371, 32.678268 ], [ -96.73339, 32.678297 ], [ -96.733393, 32.678327 ], [ -96.733406, 32.678359 ], [ -96.733427, 32.678385 ], [ -96.733434, 32.678418 ], [ -96.733445, 32.678434 ], [ -96.733466, 32.678447 ], [ -96.733482, 32.678474 ], [ -96.733482, 32.678494 ], [ -96.733527, 32.67852 ], [ -96.733532, 32.678556 ], [ -96.733542, 32.678573 ], [ -96.733539, 32.678621 ], [ -96.733523, 32.678637 ], [ -96.733518, 32.678655 ], [ -96.733523, 32.678696 ] ], [ [ -96.731063, 32.678417 ], [ -96.730865, 32.678123 ], [ -96.730431, 32.678321 ], [ -96.730145, 32.678491 ], [ -96.730078, 32.678591 ], [ -96.730088, 32.678731 ], [ -96.730146, 32.678803 ], [ -96.73017, 32.678808 ], [ -96.730508, 32.678668 ], [ -96.730739, 32.678571 ], [ -96.730894, 32.678533 ], [ -96.730985, 32.678528 ], [ -96.731082, 32.678475 ], [ -96.731063, 32.678417 ] ], [ [ -96.730281, 32.685232 ], [ -96.730525, 32.685617 ], [ -96.730639, 32.685639 ], [ -96.732346, 32.685465 ], [ -96.732511, 32.685372 ], [ -96.73252, 32.685314 ], [ -96.732483, 32.685201 ], [ -96.731912, 32.68457 ], [ -96.731827, 32.684579 ], [ -96.730475, 32.685077 ], [ -96.730281, 32.685232 ] ], [ [ -96.733151, 32.686525 ], [ -96.733144, 32.686462 ], [ -96.733116, 32.686346 ], [ -96.732812, 32.685702 ], [ -96.732686, 32.685547 ], [ -96.732543, 32.685534 ], [ -96.730763, 32.685716 ], [ -96.730705, 32.68579 ], [ -96.730699, 32.685835 ], [ -96.730721, 32.68588 ], [ -96.730953, 32.686204 ], [ -96.732955, 32.686583 ], [ -96.733045, 32.686592 ], [ -96.73313, 32.686552 ], [ -96.733151, 32.686525 ] ], [ [ -96.747044, 32.690666 ], [ -96.747081, 32.690593 ], [ -96.747086, 32.690573 ], [ -96.747081, 32.690527 ], [ -96.7471, 32.690503 ], [ -96.747119, 32.690449 ], [ -96.74716, 32.690416 ], [ -96.747202, 32.690308 ], [ -96.747207, 32.690207 ], [ -96.747202, 32.690097 ], [ -96.747216, 32.69007 ], [ -96.747244, 32.69003 ], [ -96.747281, 32.689933 ], [ -96.747272, 32.689906 ], [ -96.74729, 32.689773 ], [ -96.747276, 32.689738 ], [ -96.747239, 32.689667 ], [ -96.747233, 32.68959 ], [ -96.747225, 32.689551 ], [ -96.747172, 32.689406 ], [ -96.747162, 32.689194 ], [ -96.747155, 32.689155 ], [ -96.747177, 32.689124 ], [ -96.747159, 32.689055 ], [ -96.747155, 32.688853 ], [ -96.747123, 32.688778 ], [ -96.747084, 32.688741 ], [ -96.747069, 32.688712 ], [ -96.747066, 32.688675 ], [ -96.747069, 32.688585 ], [ -96.747076, 32.688555 ], [ -96.747076, 32.688518 ], [ -96.747069, 32.688485 ], [ -96.747026, 32.688415 ], [ -96.746934, 32.688316 ], [ -96.74679, 32.688358 ], [ -96.746712, 32.688386 ], [ -96.746658, 32.688431 ], [ -96.746629, 32.688464 ], [ -96.746554, 32.688578 ], [ -96.74655, 32.688618 ], [ -96.746557, 32.688645 ], [ -96.746561, 32.68872 ], [ -96.746554, 32.688763 ], [ -96.746543, 32.688789 ], [ -96.746543, 32.68885 ], [ -96.74655, 32.688874 ], [ -96.746579, 32.688935 ], [ -96.746575, 32.68898 ], [ -96.746554, 32.689051 ], [ -96.746536, 32.689079 ], [ -96.746504, 32.689182 ], [ -96.746511, 32.689309 ], [ -96.746522, 32.689335 ], [ -96.746525, 32.6895 ], [ -96.746522, 32.689549 ], [ -96.746511, 32.689566 ], [ -96.746515, 32.689584 ], [ -96.746529, 32.689608 ], [ -96.74654, 32.689638 ], [ -96.746532, 32.68967 ], [ -96.746518, 32.689701 ], [ -96.746522, 32.68974 ], [ -96.746547, 32.689774 ], [ -96.746558, 32.689822 ], [ -96.746613, 32.689921 ], [ -96.746629, 32.689949 ], [ -96.746636, 32.689976 ], [ -96.746636, 32.689994 ], [ -96.746611, 32.690044 ], [ -96.746554, 32.690081 ], [ -96.746515, 32.690142 ], [ -96.746156, 32.69044 ], [ -96.746131, 32.690503 ], [ -96.746152, 32.690531 ], [ -96.746199, 32.690542 ], [ -96.746228, 32.690537 ], [ -96.746278, 32.69057 ], [ -96.746274, 32.690624 ], [ -96.746256, 32.690651 ], [ -96.746145, 32.690727 ], [ -96.746117, 32.690781 ], [ -96.746113, 32.690799 ], [ -96.746092, 32.690826 ], [ -96.746041, 32.690849 ], [ -96.745966, 32.690908 ], [ -96.745923, 32.690911 ], [ -96.745894, 32.69092 ], [ -96.745812, 32.690962 ], [ -96.745769, 32.690962 ], [ -96.74574, 32.690938 ], [ -96.745694, 32.690922 ], [ -96.745625, 32.690922 ], [ -96.745608, 32.690905 ], [ -96.745572, 32.690893 ], [ -96.745536, 32.690896 ], [ -96.745507, 32.690883 ], [ -96.745496, 32.690846 ], [ -96.7455, 32.690781 ], [ -96.745529, 32.690672 ], [ -96.745554, 32.690654 ], [ -96.745608, 32.69063 ], [ -96.745665, 32.690621 ], [ -96.745686, 32.690615 ], [ -96.745755, 32.690558 ], [ -96.745759, 32.690378 ], [ -96.745778, 32.690288 ], [ -96.745782, 32.69021 ], [ -96.745852, 32.690061 ], [ -96.745866, 32.690011 ], [ -96.745885, 32.689718 ], [ -96.745908, 32.689636 ], [ -96.745959, 32.689566 ], [ -96.745982, 32.689487 ], [ -96.745982, 32.689418 ], [ -96.745977, 32.689382 ], [ -96.746033, 32.689155 ], [ -96.746056, 32.689117 ], [ -96.746075, 32.689039 ], [ -96.746098, 32.688817 ], [ -96.746111, 32.688789 ], [ -96.746149, 32.68875 ], [ -96.746195, 32.688723 ], [ -96.746223, 32.68871 ], [ -96.746265, 32.688684 ], [ -96.746325, 32.688633 ], [ -96.746339, 32.688609 ], [ -96.746381, 32.688558 ], [ -96.746418, 32.688524 ], [ -96.746464, 32.68846 ], [ -96.746483, 32.688418 ], [ -96.746747, 32.688231 ], [ -96.746779, 32.6882 ], [ -96.746807, 32.688133 ], [ -96.746854, 32.688051 ], [ -96.746854, 32.688015 ], [ -96.746844, 32.687981 ], [ -96.746752, 32.687509 ], [ -96.746649, 32.687294 ], [ -96.74645, 32.686943 ], [ -96.74644, 32.686919 ], [ -96.746413, 32.686895 ], [ -96.746348, 32.68688 ], [ -96.746324, 32.686864 ], [ -96.746097, 32.68663 ], [ -96.746065, 32.686611 ], [ -96.746028, 32.686607 ], [ -96.745898, 32.68663 ], [ -96.745834, 32.68663 ], [ -96.745814, 32.686622 ], [ -96.745703, 32.686658 ], [ -96.745531, 32.686704 ], [ -96.745429, 32.68672 ], [ -96.745054, 32.686888 ], [ -96.745016, 32.686911 ], [ -96.744998, 32.686939 ], [ -96.744863, 32.686988 ], [ -96.744743, 32.68704 ], [ -96.744643, 32.687047 ], [ -96.744627, 32.68706 ], [ -96.744585, 32.687078 ], [ -96.744534, 32.687078 ], [ -96.744483, 32.687071 ], [ -96.744344, 32.687071 ], [ -96.744316, 32.687075 ], [ -96.744284, 32.687091 ], [ -96.744256, 32.687134 ], [ -96.7442, 32.687168 ], [ -96.744126, 32.687185 ], [ -96.743978, 32.687181 ], [ -96.743936, 32.687192 ], [ -96.743885, 32.687247 ], [ -96.74388, 32.687419 ], [ -96.743852, 32.687466 ], [ -96.743792, 32.687513 ], [ -96.743746, 32.687562 ], [ -96.743727, 32.687618 ], [ -96.743731, 32.687661 ], [ -96.74369, 32.687696 ], [ -96.743648, 32.687711 ], [ -96.743569, 32.687758 ], [ -96.743444, 32.687852 ], [ -96.742901, 32.688198 ], [ -96.742869, 32.688226 ], [ -96.74285, 32.688277 ], [ -96.742846, 32.688402 ], [ -96.742864, 32.688445 ], [ -96.742929, 32.688523 ], [ -96.743031, 32.688612 ], [ -96.743165, 32.688754 ], [ -96.743239, 32.688848 ], [ -96.743257, 32.688864 ], [ -96.743346, 32.689003 ], [ -96.743387, 32.689042 ], [ -96.74342, 32.689117 ], [ -96.743443, 32.689155 ], [ -96.743503, 32.689231 ], [ -96.743615, 32.689304 ], [ -96.743782, 32.689535 ], [ -96.743949, 32.689754 ], [ -96.744057, 32.689957 ], [ -96.744085, 32.690039 ], [ -96.744127, 32.690078 ], [ -96.744155, 32.690117 ], [ -96.744201, 32.690261 ], [ -96.744224, 32.690316 ], [ -96.744243, 32.690343 ], [ -96.744322, 32.690398 ], [ -96.744359, 32.690433 ], [ -96.744364, 32.690468 ], [ -96.744493, 32.690632 ], [ -96.744536, 32.690662 ], [ -96.744582, 32.690694 ], [ -96.744595, 32.690753 ], [ -96.744674, 32.690877 ], [ -96.744721, 32.690897 ], [ -96.744725, 32.690917 ], [ -96.744781, 32.691038 ], [ -96.744832, 32.69106 ], [ -96.744837, 32.691085 ], [ -96.744892, 32.691175 ], [ -96.744934, 32.691218 ], [ -96.744943, 32.69124 ], [ -96.74499, 32.6913 ], [ -96.745114, 32.691353 ], [ -96.745124, 32.69137 ], [ -96.745147, 32.691389 ], [ -96.745192, 32.691404 ], [ -96.745208, 32.691417 ], [ -96.745226, 32.691471 ], [ -96.745273, 32.691495 ], [ -96.745407, 32.691467 ], [ -96.745583, 32.691471 ], [ -96.745685, 32.691487 ], [ -96.745866, 32.69144 ], [ -96.745945, 32.691448 ], [ -96.745996, 32.69144 ], [ -96.746038, 32.691417 ], [ -96.746149, 32.691381 ], [ -96.746182, 32.691366 ], [ -96.746223, 32.691361 ], [ -96.746265, 32.691346 ], [ -96.746335, 32.691291 ], [ -96.746381, 32.69128 ], [ -96.746465, 32.691276 ], [ -96.746511, 32.69126 ], [ -96.746553, 32.691229 ], [ -96.746576, 32.691194 ], [ -96.746613, 32.691179 ], [ -96.746687, 32.691159 ], [ -96.74672, 32.691139 ], [ -96.746757, 32.691088 ], [ -96.746766, 32.69106 ], [ -96.746808, 32.691015 ], [ -96.746836, 32.690995 ], [ -96.746859, 32.690972 ], [ -96.746882, 32.690956 ], [ -96.74691, 32.690917 ], [ -96.74697, 32.690886 ], [ -96.746998, 32.690858 ], [ -96.746993, 32.690823 ], [ -96.746979, 32.6908 ], [ -96.74701, 32.69077 ], [ -96.747007, 32.690753 ], [ -96.747017, 32.690722 ], [ -96.747049, 32.69071 ], [ -96.747044, 32.690666 ] ], [ [ -96.72496, 32.691856 ], [ -96.724996, 32.691853 ], [ -96.725116, 32.691813 ], [ -96.725137, 32.691794 ], [ -96.725131, 32.691763 ], [ -96.725173, 32.691764 ], [ -96.725284, 32.691803 ], [ -96.725341, 32.691876 ], [ -96.725395, 32.691901 ], [ -96.726608, 32.691367 ], [ -96.726605, 32.691319 ], [ -96.726608, 32.691301 ], [ -96.726638, 32.691291 ], [ -96.726662, 32.691291 ], [ -96.726698, 32.691277 ], [ -96.726692, 32.691238 ], [ -96.726567, 32.691208 ], [ -96.726486, 32.69124 ], [ -96.726435, 32.691256 ], [ -96.726294, 32.691329 ], [ -96.726246, 32.691346 ], [ -96.726159, 32.691369 ], [ -96.725536, 32.691606 ], [ -96.725473, 32.691626 ], [ -96.725449, 32.691623 ], [ -96.725428, 32.691614 ], [ -96.725404, 32.691614 ], [ -96.725356, 32.691642 ], [ -96.725293, 32.691659 ], [ -96.725209, 32.691668 ], [ -96.725176, 32.691657 ], [ -96.725137, 32.69162 ], [ -96.725095, 32.69162 ], [ -96.72505, 32.691614 ], [ -96.724993, 32.691631 ], [ -96.724966, 32.691629 ], [ -96.724912, 32.691581 ], [ -96.724876, 32.691571 ], [ -96.724783, 32.691573 ], [ -96.724769, 32.691553 ], [ -96.724721, 32.691508 ], [ -96.724697, 32.691508 ], [ -96.724667, 32.691498 ], [ -96.72464, 32.691474 ], [ -96.724586, 32.691452 ], [ -96.724544, 32.691454 ], [ -96.724514, 32.691467 ], [ -96.724478, 32.691515 ], [ -96.724487, 32.691561 ], [ -96.72452, 32.691636 ], [ -96.724556, 32.691651 ], [ -96.724574, 32.691677 ], [ -96.724616, 32.691692 ], [ -96.724649, 32.691694 ], [ -96.724661, 32.691715 ], [ -96.724697, 32.69173 ], [ -96.724748, 32.691707 ], [ -96.724813, 32.691716 ], [ -96.724831, 32.691727 ], [ -96.72484, 32.691752 ], [ -96.724864, 32.691795 ], [ -96.724915, 32.691837 ], [ -96.72496, 32.691856 ] ], [ [ -96.735428, 32.694027 ], [ -96.735853, 32.693869 ], [ -96.735693, 32.693579 ], [ -96.735348, 32.693377 ], [ -96.735028, 32.692952 ], [ -96.735001, 32.692756 ], [ -96.735161, 32.69262 ], [ -96.735428, 32.692463 ], [ -96.735613, 32.692463 ], [ -96.735693, 32.692575 ], [ -96.735533, 32.69275 ], [ -96.735906, 32.692952 ], [ -96.736279, 32.69331 ], [ -96.736785, 32.693399 ], [ -96.736898, 32.693365 ], [ -96.73691, 32.69325 ], [ -96.736881, 32.693112 ], [ -96.736792, 32.693016 ], [ -96.73572, 32.691876 ], [ -96.735108, 32.692056 ], [ -96.734362, 32.692437 ], [ -96.735428, 32.694027 ] ], [ [ -96.722969, 32.693562 ], [ -96.722981, 32.693604 ], [ -96.723065, 32.693702 ], [ -96.723103, 32.693758 ], [ -96.72318, 32.693824 ], [ -96.723217, 32.693882 ], [ -96.723294, 32.693927 ], [ -96.723374, 32.693946 ], [ -96.723395, 32.69395 ], [ -96.723445, 32.693937 ], [ -96.723578, 32.693937 ], [ -96.723712, 32.693928 ], [ -96.72386, 32.693927 ], [ -96.723911, 32.693922 ], [ -96.724059, 32.693896 ], [ -96.724069, 32.693874 ], [ -96.724052, 32.693818 ], [ -96.724019, 32.693781 ], [ -96.724024, 32.693744 ], [ -96.724041, 32.693706 ], [ -96.724029, 32.693643 ], [ -96.724036, 32.693592 ], [ -96.724033, 32.693537 ], [ -96.724018, 32.69346 ], [ -96.723986, 32.693422 ], [ -96.723798, 32.693333 ], [ -96.723751, 32.693326 ], [ -96.723691, 32.693331 ], [ -96.723638, 32.693316 ], [ -96.723537, 32.693273 ], [ -96.723443, 32.693269 ], [ -96.723378, 32.693276 ], [ -96.723333, 32.693299 ], [ -96.723272, 32.693307 ], [ -96.723227, 32.693301 ], [ -96.723166, 32.693326 ], [ -96.723126, 32.693334 ], [ -96.72308, 32.693353 ], [ -96.723014, 32.693412 ], [ -96.722965, 32.693434 ], [ -96.722934, 32.693464 ], [ -96.722929, 32.693486 ], [ -96.722936, 32.693525 ], [ -96.722969, 32.693562 ] ], [ [ -96.736858, 32.700149 ], [ -96.736964, 32.700149 ], [ -96.737012, 32.700144 ], [ -96.737107, 32.700144 ], [ -96.737195, 32.700153 ], [ -96.73729, 32.700153 ], [ -96.737338, 32.700149 ], [ -96.737409, 32.700119 ], [ -96.737462, 32.700065 ], [ -96.737504, 32.700049 ], [ -96.737634, 32.70004 ], [ -96.737747, 32.70004 ], [ -96.737847, 32.70003 ], [ -96.737966, 32.699939 ], [ -96.73796, 32.69992 ], [ -96.737924, 32.699875 ], [ -96.737901, 32.699855 ], [ -96.737853, 32.6998 ], [ -96.737806, 32.69977 ], [ -96.737735, 32.699745 ], [ -96.737693, 32.699706 ], [ -96.73761, 32.699646 ], [ -96.737575, 32.699646 ], [ -96.737498, 32.699636 ], [ -96.737415, 32.69961 ], [ -96.737379, 32.699606 ], [ -96.737326, 32.699576 ], [ -96.737302, 32.69952 ], [ -96.737308, 32.699486 ], [ -96.737296, 32.699421 ], [ -96.737267, 32.699391 ], [ -96.737215, 32.699391 ], [ -96.737124, 32.699391 ], [ -96.737095, 32.699371 ], [ -96.737006, 32.699342 ], [ -96.736976, 32.699322 ], [ -96.736917, 32.699242 ], [ -96.736834, 32.699202 ], [ -96.736816, 32.699171 ], [ -96.73681, 32.699122 ], [ -96.736765, 32.699084 ], [ -96.736745, 32.699077 ], [ -96.736715, 32.699027 ], [ -96.736603, 32.698928 ], [ -96.736603, 32.698908 ], [ -96.736615, 32.698893 ], [ -96.736715, 32.698858 ], [ -96.736757, 32.698853 ], [ -96.736875, 32.698777 ], [ -96.736875, 32.698723 ], [ -96.736834, 32.698667 ], [ -96.736751, 32.698634 ], [ -96.736644, 32.698619 ], [ -96.736627, 32.698583 ], [ -96.736573, 32.698559 ], [ -96.736509, 32.698425 ], [ -96.736515, 32.698394 ], [ -96.736539, 32.698355 ], [ -96.736574, 32.69831 ], [ -96.736616, 32.698275 ], [ -96.736669, 32.698255 ], [ -96.736705, 32.69821 ], [ -96.736669, 32.698144 ], [ -96.736586, 32.698121 ], [ -96.736497, 32.698106 ], [ -96.736361, 32.698106 ], [ -96.736337, 32.698096 ], [ -96.736302, 32.698061 ], [ -96.736124, 32.698065 ], [ -96.736053, 32.698045 ], [ -96.736023, 32.697991 ], [ -96.736029, 32.697961 ], [ -96.736023, 32.69791 ], [ -96.736, 32.697881 ], [ -96.73594, 32.697836 ], [ -96.735929, 32.697815 ], [ -96.735911, 32.697781 ], [ -96.735804, 32.697696 ], [ -96.735792, 32.697662 ], [ -96.735757, 32.697622 ], [ -96.735709, 32.697612 ], [ -96.735561, 32.697626 ], [ -96.73549, 32.697662 ], [ -96.73536, 32.697752 ], [ -96.7353, 32.697807 ], [ -96.735289, 32.697821 ], [ -96.735268, 32.697832 ], [ -96.735253, 32.697816 ], [ -96.735265, 32.697781 ], [ -96.7353, 32.697732 ], [ -96.735377, 32.697602 ], [ -96.735431, 32.697552 ], [ -96.735454, 32.697516 ], [ -96.73546, 32.697432 ], [ -96.735514, 32.697353 ], [ -96.735526, 32.697288 ], [ -96.735532, 32.697208 ], [ -96.735561, 32.697113 ], [ -96.735561, 32.697077 ], [ -96.735537, 32.697029 ], [ -96.73552, 32.696969 ], [ -96.735472, 32.696924 ], [ -96.735372, 32.696924 ], [ -96.735312, 32.696959 ], [ -96.735253, 32.696984 ], [ -96.735057, 32.697038 ], [ -96.734969, 32.697043 ], [ -96.734962, 32.696908 ], [ -96.734808, 32.696804 ], [ -96.734755, 32.696764 ], [ -96.73469, 32.696734 ], [ -96.734678, 32.69671 ], [ -96.734648, 32.69668 ], [ -96.734607, 32.69666 ], [ -96.73456, 32.696644 ], [ -96.734488, 32.696635 ], [ -96.734311, 32.696554 ], [ -96.734097, 32.69645 ], [ -96.734044, 32.696365 ], [ -96.733997, 32.69634 ], [ -96.733854, 32.696301 ], [ -96.73376, 32.696281 ], [ -96.733659, 32.696286 ], [ -96.73354, 32.696256 ], [ -96.733401, 32.69621 ], [ -96.733295, 32.696091 ], [ -96.733223, 32.696061 ], [ -96.733141, 32.696041 ], [ -96.733075, 32.696016 ], [ -96.733022, 32.695976 ], [ -96.732998, 32.695946 ], [ -96.732933, 32.695912 ], [ -96.732821, 32.695892 ], [ -96.732749, 32.695862 ], [ -96.732714, 32.695811 ], [ -96.732708, 32.695752 ], [ -96.732696, 32.695717 ], [ -96.732672, 32.695672 ], [ -96.732631, 32.695627 ], [ -96.73256, 32.695577 ], [ -96.732447, 32.695548 ], [ -96.73237, 32.695523 ], [ -96.732329, 32.695453 ], [ -96.732293, 32.695403 ], [ -96.732258, 32.695393 ], [ -96.73221, 32.695372 ], [ -96.732157, 32.695338 ], [ -96.732115, 32.695332 ], [ -96.732044, 32.695318 ], [ -96.73189, 32.695242 ], [ -96.731855, 32.695194 ], [ -96.731658, 32.695141 ], [ -96.731623, 32.695099 ], [ -96.731566, 32.695051 ], [ -96.73149, 32.695022 ], [ -96.731423, 32.695003 ], [ -96.731372, 32.694983 ], [ -96.731239, 32.694918 ], [ -96.731163, 32.694875 ], [ -96.731091, 32.69485 ], [ -96.730595, 32.694708 ], [ -96.730365, 32.69466 ], [ -96.730207, 32.694639 ], [ -96.730089, 32.6946 ], [ -96.72988, 32.694561 ], [ -96.729624, 32.694474 ], [ -96.729522, 32.694423 ], [ -96.729349, 32.694338 ], [ -96.729267, 32.694311 ], [ -96.729165, 32.694286 ], [ -96.729032, 32.694239 ], [ -96.728956, 32.694204 ], [ -96.728828, 32.694166 ], [ -96.728685, 32.694139 ], [ -96.728562, 32.694149 ], [ -96.72845, 32.694136 ], [ -96.728281, 32.694093 ], [ -96.72802, 32.694088 ], [ -96.727836, 32.694054 ], [ -96.727647, 32.694007 ], [ -96.727514, 32.693994 ], [ -96.727315, 32.693968 ], [ -96.727131, 32.693928 ], [ -96.726937, 32.693908 ], [ -96.726794, 32.693904 ], [ -96.726753, 32.693899 ], [ -96.726579, 32.693813 ], [ -96.726482, 32.693779 ], [ -96.726441, 32.693748 ], [ -96.726329, 32.69371 ], [ -96.72614, 32.69368 ], [ -96.725991, 32.693676 ], [ -96.725925, 32.693641 ], [ -96.72569, 32.693576 ], [ -96.725501, 32.693564 ], [ -96.725388, 32.693576 ], [ -96.725245, 32.693576 ], [ -96.725077, 32.693551 ], [ -96.724703, 32.69353 ], [ -96.724514, 32.693534 ], [ -96.724427, 32.693525 ], [ -96.724379, 32.693491 ], [ -96.724328, 32.693478 ], [ -96.724302, 32.693491 ], [ -96.724251, 32.693526 ], [ -96.724231, 32.693559 ], [ -96.72418, 32.693697 ], [ -96.724185, 32.693771 ], [ -96.724205, 32.693821 ], [ -96.72421, 32.693852 ], [ -96.724205, 32.69393 ], [ -96.72418, 32.694003 ], [ -96.724175, 32.694032 ], [ -96.72418, 32.694105 ], [ -96.724215, 32.694204 ], [ -96.724221, 32.694235 ], [ -96.724221, 32.694282 ], [ -96.724231, 32.69436 ], [ -96.724241, 32.694398 ], [ -96.724241, 32.694505 ], [ -96.724249, 32.694605 ], [ -96.724249, 32.694789 ], [ -96.724228, 32.694825 ], [ -96.724249, 32.694871 ], [ -96.724269, 32.694902 ], [ -96.724269, 32.695031 ], [ -96.724284, 32.695099 ], [ -96.72431, 32.695147 ], [ -96.72431, 32.695345 ], [ -96.724295, 32.695392 ], [ -96.724274, 32.695422 ], [ -96.724274, 32.695504 ], [ -96.724284, 32.695556 ], [ -96.7243, 32.695603 ], [ -96.724246, 32.69578 ], [ -96.724251, 32.695887 ], [ -96.724267, 32.695943 ], [ -96.724272, 32.696007 ], [ -96.724282, 32.696042 ], [ -96.724354, 32.696188 ], [ -96.724369, 32.696235 ], [ -96.724374, 32.696274 ], [ -96.7244, 32.696377 ], [ -96.724451, 32.696455 ], [ -96.724481, 32.696489 ], [ -96.724502, 32.696548 ], [ -96.724574, 32.696691 ], [ -96.724627, 32.696779 ], [ -96.724652, 32.696807 ], [ -96.724674, 32.696852 ], [ -96.72468, 32.696876 ], [ -96.724698, 32.696902 ], [ -96.724767, 32.69697 ], [ -96.724808, 32.697094 ], [ -96.725915, 32.697971 ], [ -96.726003, 32.698059 ], [ -96.726074, 32.698095 ], [ -96.726163, 32.698144 ], [ -96.726258, 32.69818 ], [ -96.726317, 32.69818 ], [ -96.726358, 32.698205 ], [ -96.726441, 32.69823 ], [ -96.726565, 32.698254 ], [ -96.727358, 32.698225 ], [ -96.727477, 32.698189 ], [ -96.727548, 32.698155 ], [ -96.727714, 32.698005 ], [ -96.727702, 32.697961 ], [ -96.727719, 32.697946 ], [ -96.727731, 32.697926 ], [ -96.727814, 32.697885 ], [ -96.727808, 32.697851 ], [ -96.727749, 32.697865 ], [ -96.727708, 32.697885 ], [ -96.72753, 32.697936 ], [ -96.727459, 32.69793 ], [ -96.727406, 32.697885 ], [ -96.7274, 32.697846 ], [ -96.727412, 32.697791 ], [ -96.727441, 32.697741 ], [ -96.727595, 32.697657 ], [ -96.727666, 32.697647 ], [ -96.727773, 32.697622 ], [ -96.727856, 32.697622 ], [ -96.72798, 32.697597 ], [ -96.728009, 32.697567 ], [ -96.728057, 32.697567 ], [ -96.728228, 32.697542 ], [ -96.728288, 32.697513 ], [ -96.728294, 32.697488 ], [ -96.728317, 32.697453 ], [ -96.728436, 32.697408 ], [ -96.728589, 32.697308 ], [ -96.728791, 32.697259 ], [ -96.728879, 32.697249 ], [ -96.728933, 32.697229 ], [ -96.72901, 32.697218 ], [ -96.729087, 32.697214 ], [ -96.729146, 32.697184 ], [ -96.729193, 32.697128 ], [ -96.729217, 32.697083 ], [ -96.729234, 32.697038 ], [ -96.729264, 32.69699 ], [ -96.729276, 32.69695 ], [ -96.729264, 32.696845 ], [ -96.729217, 32.696765 ], [ -96.729193, 32.696765 ], [ -96.729128, 32.696745 ], [ -96.728779, 32.696616 ], [ -96.728447, 32.696506 ], [ -96.728217, 32.696461 ], [ -96.728122, 32.696447 ], [ -96.727986, 32.696412 ], [ -96.727761, 32.696377 ], [ -96.727021, 32.696223 ], [ -96.726968, 32.696188 ], [ -96.726926, 32.696182 ], [ -96.726216, 32.696227 ], [ -96.726163, 32.696188 ], [ -96.726128, 32.696182 ], [ -96.726062, 32.696188 ], [ -96.725986, 32.696283 ], [ -96.725986, 32.696312 ], [ -96.725997, 32.696337 ], [ -96.725956, 32.696387 ], [ -96.725909, 32.696371 ], [ -96.725796, 32.696351 ], [ -96.725654, 32.696303 ], [ -96.725494, 32.696283 ], [ -96.72537, 32.696303 ], [ -96.72534, 32.696312 ], [ -96.725275, 32.696382 ], [ -96.725198, 32.696396 ], [ -96.725157, 32.696367 ], [ -96.725092, 32.696351 ], [ -96.725039, 32.696367 ], [ -96.724991, 32.696387 ], [ -96.724961, 32.696378 ], [ -96.724944, 32.696367 ], [ -96.724885, 32.696332 ], [ -96.724843, 32.696322 ], [ -96.724814, 32.696322 ], [ -96.72466, 32.696263 ], [ -96.724636, 32.696223 ], [ -96.724636, 32.696182 ], [ -96.724678, 32.696133 ], [ -96.724713, 32.696059 ], [ -96.724743, 32.696039 ], [ -96.724778, 32.696024 ], [ -96.724814, 32.695994 ], [ -96.724814, 32.695949 ], [ -96.72482, 32.695909 ], [ -96.72488, 32.695815 ], [ -96.724885, 32.695796 ], [ -96.724903, 32.695766 ], [ -96.724933, 32.695735 ], [ -96.724927, 32.695706 ], [ -96.724944, 32.695686 ], [ -96.724998, 32.69567 ], [ -96.725063, 32.695631 ], [ -96.725086, 32.695591 ], [ -96.725189, 32.695544 ], [ -96.725205, 32.695532 ], [ -96.725305, 32.695517 ], [ -96.725732, 32.695527 ], [ -96.725809, 32.695537 ], [ -96.725856, 32.695546 ], [ -96.725915, 32.695566 ], [ -96.726058, 32.695591 ], [ -96.72611, 32.695601 ], [ -96.726158, 32.695601 ], [ -96.726501, 32.695576 ], [ -96.726542, 32.69558 ], [ -96.726679, 32.69558 ], [ -96.72693, 32.695566 ], [ -96.726951, 32.695562 ], [ -96.727034, 32.695557 ], [ -96.727176, 32.695557 ], [ -96.727691, 32.695586 ], [ -96.727732, 32.695601 ], [ -96.727815, 32.695641 ], [ -96.727862, 32.695676 ], [ -96.727928, 32.695701 ], [ -96.727981, 32.695715 ], [ -96.728087, 32.695756 ], [ -96.72817, 32.695796 ], [ -96.728437, 32.695881 ], [ -96.728491, 32.695921 ], [ -96.728597, 32.695976 ], [ -96.728662, 32.695999 ], [ -96.729628, 32.696305 ], [ -96.729675, 32.696309 ], [ -96.729735, 32.69634 ], [ -96.729764, 32.696359 ], [ -96.730481, 32.696654 ], [ -96.730594, 32.696728 ], [ -96.7307, 32.696787 ], [ -96.730718, 32.696803 ], [ -96.731352, 32.697082 ], [ -96.731506, 32.697172 ], [ -96.731873, 32.697372 ], [ -96.732196, 32.697566 ], [ -96.732244, 32.697601 ], [ -96.732704, 32.697843 ], [ -96.733145, 32.698075 ], [ -96.733435, 32.69818 ], [ -96.73363, 32.698279 ], [ -96.73379, 32.698338 ], [ -96.733885, 32.698389 ], [ -96.733921, 32.698414 ], [ -96.734087, 32.698504 ], [ -96.734134, 32.698577 ], [ -96.734134, 32.698622 ], [ -96.734098, 32.698667 ], [ -96.734122, 32.698723 ], [ -96.734199, 32.698718 ], [ -96.734241, 32.698693 ], [ -96.734336, 32.698683 ], [ -96.734347, 32.698613 ], [ -96.734424, 32.698608 ], [ -96.734436, 32.698653 ], [ -96.73446, 32.698687 ], [ -96.734407, 32.698743 ], [ -96.734413, 32.698768 ], [ -96.73446, 32.698802 ], [ -96.734596, 32.698853 ], [ -96.734608, 32.698873 ], [ -96.734614, 32.698903 ], [ -96.734614, 32.698932 ], [ -96.734685, 32.698991 ], [ -96.734703, 32.699022 ], [ -96.734738, 32.699057 ], [ -96.734798, 32.699081 ], [ -96.734815, 32.699137 ], [ -96.734851, 32.699187 ], [ -96.734904, 32.699292 ], [ -96.734928, 32.699316 ], [ -96.734946, 32.699326 ], [ -96.73497, 32.699356 ], [ -96.735028, 32.699401 ], [ -96.735041, 32.699416 ], [ -96.735088, 32.699436 ], [ -96.735135, 32.699471 ], [ -96.735147, 32.699491 ], [ -96.735189, 32.699541 ], [ -96.735412, 32.699671 ], [ -96.735477, 32.6997 ], [ -96.735542, 32.69975 ], [ -96.735578, 32.699804 ], [ -96.735868, 32.699939 ], [ -96.735939, 32.699995 ], [ -96.735969, 32.7 ], [ -96.736123, 32.700065 ], [ -96.736236, 32.700105 ], [ -96.736301, 32.700119 ], [ -96.736502, 32.700134 ], [ -96.736816, 32.700144 ], [ -96.736858, 32.700149 ] ], [ [ -96.739335, 32.699945 ], [ -96.739391, 32.700001 ], [ -96.739468, 32.700015 ], [ -96.739541, 32.700063 ], [ -96.7396, 32.700108 ], [ -96.73969, 32.700249 ], [ -96.73978, 32.700352 ], [ -96.739847, 32.700387 ], [ -96.739911, 32.700383 ], [ -96.740096, 32.700274 ], [ -96.740181, 32.700181 ], [ -96.740221, 32.700088 ], [ -96.740296, 32.699954 ], [ -96.740396, 32.699844 ], [ -96.740436, 32.699747 ], [ -96.740442, 32.699688 ], [ -96.740126, 32.699225 ], [ -96.739901, 32.698976 ], [ -96.73975, 32.6989 ], [ -96.73964, 32.698866 ], [ -96.73945, 32.698904 ], [ -96.739315, 32.698912 ], [ -96.739194, 32.698904 ], [ -96.738994, 32.698853 ], [ -96.738934, 32.698802 ], [ -96.738869, 32.698682 ], [ -96.738859, 32.698664 ], [ -96.738809, 32.698588 ], [ -96.738683, 32.698504 ], [ -96.738608, 32.6985 ], [ -96.738533, 32.698534 ], [ -96.738435, 32.698591 ], [ -96.738337, 32.698666 ], [ -96.738323, 32.698726 ], [ -96.738353, 32.698794 ], [ -96.738378, 32.698875 ], [ -96.738498, 32.699039 ], [ -96.738598, 32.699128 ], [ -96.738764, 32.699263 ], [ -96.738794, 32.699334 ], [ -96.738874, 32.699427 ], [ -96.738999, 32.699604 ], [ -96.739144, 32.699722 ], [ -96.739269, 32.699848 ], [ -96.739335, 32.699945 ] ], [ [ -96.739249, 32.702899 ], [ -96.739171, 32.70281 ], [ -96.739073, 32.70281 ], [ -96.737572, 32.70335 ], [ -96.737495, 32.703398 ], [ -96.737447, 32.703459 ], [ -96.737447, 32.703516 ], [ -96.73774, 32.704403 ], [ -96.737915, 32.704892 ], [ -96.737998, 32.70525 ], [ -96.737977, 32.705596 ], [ -96.738026, 32.705661 ], [ -96.73811, 32.705668 ], [ -96.740611, 32.704839 ], [ -96.74073, 32.704769 ], [ -96.740751, 32.704662 ], [ -96.740709, 32.704281 ], [ -96.740646, 32.704016 ], [ -96.740596, 32.703922 ], [ -96.7405, 32.703863 ], [ -96.740367, 32.703822 ], [ -96.740199, 32.703834 ], [ -96.740125, 32.703814 ], [ -96.740052, 32.70374 ], [ -96.739969, 32.703609 ], [ -96.739766, 32.703333 ], [ -96.739714, 32.703308 ], [ -96.739619, 32.703316 ], [ -96.739494, 32.703234 ], [ -96.739249, 32.702899 ] ], [ [ -96.726523, 32.704582 ], [ -96.726481, 32.704593 ], [ -96.726411, 32.704656 ], [ -96.726388, 32.704684 ], [ -96.726392, 32.704707 ], [ -96.72642, 32.704731 ], [ -96.726733, 32.704746 ], [ -96.726789, 32.704754 ], [ -96.726845, 32.70477 ], [ -96.727377, 32.704959 ], [ -96.728161, 32.704998 ], [ -96.728203, 32.704994 ], [ -96.72825, 32.70497 ], [ -96.728283, 32.704918 ], [ -96.728306, 32.704777 ], [ -96.728292, 32.704687 ], [ -96.728255, 32.704644 ], [ -96.728203, 32.704625 ], [ -96.728115, 32.704617 ], [ -96.727933, 32.704554 ], [ -96.727398, 32.704561 ], [ -96.726724, 32.704569 ], [ -96.726523, 32.704582 ] ], [ [ -96.72707, 32.709372 ], [ -96.726997, 32.709268 ], [ -96.726979, 32.709231 ], [ -96.726912, 32.708874 ], [ -96.726916, 32.708833 ], [ -96.72693, 32.708814 ], [ -96.727133, 32.708747 ], [ -96.727183, 32.708744 ], [ -96.727235, 32.708733 ], [ -96.727278, 32.708716 ], [ -96.72744, 32.708622 ], [ -96.727567, 32.708577 ], [ -96.727657, 32.708519 ], [ -96.727675, 32.70849 ], [ -96.727693, 32.708448 ], [ -96.727697, 32.708353 ], [ -96.727688, 32.708319 ], [ -96.727666, 32.708304 ], [ -96.727567, 32.708296 ], [ -96.727456, 32.708268 ], [ -96.727057, 32.708076 ], [ -96.726789, 32.707994 ], [ -96.726745, 32.70799 ], [ -96.726689, 32.708002 ], [ -96.726653, 32.708028 ], [ -96.726649, 32.708052 ], [ -96.726679, 32.708171 ], [ -96.726793, 32.708466 ], [ -96.726808, 32.708545 ], [ -96.726794, 32.708599 ], [ -96.726758, 32.708621 ], [ -96.726709, 32.708633 ], [ -96.72665, 32.708621 ], [ -96.726582, 32.708593 ], [ -96.726147, 32.708295 ], [ -96.725825, 32.707869 ], [ -96.725543, 32.707636 ], [ -96.725533, 32.70758 ], [ -96.725518, 32.70724 ], [ -96.725564, 32.707203 ], [ -96.725578, 32.707169 ], [ -96.725578, 32.707135 ], [ -96.725532, 32.707078 ], [ -96.725465, 32.707056 ], [ -96.725366, 32.707056 ], [ -96.725334, 32.707062 ], [ -96.725311, 32.707082 ], [ -96.725266, 32.707154 ], [ -96.725239, 32.707172 ], [ -96.725194, 32.707181 ], [ -96.725144, 32.707177 ], [ -96.725099, 32.707154 ], [ -96.725072, 32.707135 ], [ -96.725045, 32.707101 ], [ -96.725023, 32.707059 ], [ -96.724968, 32.70693 ], [ -96.724937, 32.706778 ], [ -96.724905, 32.706744 ], [ -96.724856, 32.706736 ], [ -96.724756, 32.70674 ], [ -96.724594, 32.706759 ], [ -96.72454, 32.706756 ], [ -96.72435, 32.706718 ], [ -96.724246, 32.706687 ], [ -96.724183, 32.706653 ], [ -96.723998, 32.706494 ], [ -96.723958, 32.706437 ], [ -96.723944, 32.706387 ], [ -96.723916, 32.706231 ], [ -96.723902, 32.706186 ], [ -96.723884, 32.706159 ], [ -96.723826, 32.706144 ], [ -96.72374, 32.706144 ], [ -96.723699, 32.706136 ], [ -96.72365, 32.706121 ], [ -96.723596, 32.706091 ], [ -96.723577, 32.706068 ], [ -96.723565, 32.706035 ], [ -96.723501, 32.705962 ], [ -96.723492, 32.705928 ], [ -96.723501, 32.705905 ], [ -96.723528, 32.705874 ], [ -96.723564, 32.705848 ], [ -96.723574, 32.705769 ], [ -96.723529, 32.705518 ], [ -96.72335, 32.705118 ], [ -96.723217, 32.704808 ], [ -96.723176, 32.704408 ], [ -96.723135, 32.704322 ], [ -96.723094, 32.704269 ], [ -96.723023, 32.704223 ], [ -96.722849, 32.704174 ], [ -96.722827, 32.704121 ], [ -96.722826, 32.704103 ], [ -96.722835, 32.704084 ], [ -96.722871, 32.704064 ], [ -96.723074, 32.704004 ], [ -96.723318, 32.703977 ], [ -96.723732, 32.703976 ], [ -96.724593, 32.704108 ], [ -96.724629, 32.704117 ], [ -96.724664, 32.704117 ], [ -96.724718, 32.704102 ], [ -96.724732, 32.704083 ], [ -96.724732, 32.70406 ], [ -96.724723, 32.704037 ], [ -96.724682, 32.704007 ], [ -96.724494, 32.703965 ], [ -96.723732, 32.703844 ], [ -96.723399, 32.703807 ], [ -96.723264, 32.703811 ], [ -96.722953, 32.703856 ], [ -96.722781, 32.703894 ], [ -96.722682, 32.703921 ], [ -96.722399, 32.704022 ], [ -96.722367, 32.70405 ], [ -96.722354, 32.704072 ], [ -96.722358, 32.704106 ], [ -96.722381, 32.704132 ], [ -96.722413, 32.704156 ], [ -96.722458, 32.704163 ], [ -96.722507, 32.704163 ], [ -96.722709, 32.70414 ], [ -96.722736, 32.704148 ], [ -96.722772, 32.704185 ], [ -96.72279, 32.704232 ], [ -96.722785, 32.704294 ], [ -96.722706, 32.704336 ], [ -96.72267, 32.704375 ], [ -96.722642, 32.704442 ], [ -96.722633, 32.704495 ], [ -96.722633, 32.704605 ], [ -96.722642, 32.70467 ], [ -96.722679, 32.704787 ], [ -96.72276, 32.704954 ], [ -96.722939, 32.705258 ], [ -96.723388, 32.706086 ], [ -96.723469, 32.706243 ], [ -96.723968, 32.707118 ], [ -96.724122, 32.707368 ], [ -96.724259, 32.707628 ], [ -96.724642, 32.708283 ], [ -96.724669, 32.708318 ], [ -96.724737, 32.708374 ], [ -96.724773, 32.708416 ], [ -96.724786, 32.708447 ], [ -96.724795, 32.708488 ], [ -96.724827, 32.70875 ], [ -96.72489, 32.708955 ], [ -96.724904, 32.708978 ], [ -96.724931, 32.709001 ], [ -96.724971, 32.709009 ], [ -96.725012, 32.709012 ], [ -96.72507, 32.709009 ], [ -96.725107, 32.709001 ], [ -96.725134, 32.709001 ], [ -96.725165, 32.709009 ], [ -96.725192, 32.709024 ], [ -96.72521, 32.709046 ], [ -96.725233, 32.709107 ], [ -96.725237, 32.709145 ], [ -96.725233, 32.709206 ], [ -96.725242, 32.709255 ], [ -96.725255, 32.709286 ], [ -96.725278, 32.709311 ], [ -96.725346, 32.709353 ], [ -96.725427, 32.709377 ], [ -96.725481, 32.709384 ], [ -96.72554, 32.709384 ], [ -96.725594, 32.709377 ], [ -96.725626, 32.709369 ], [ -96.725695, 32.709335 ], [ -96.725824, 32.709316 ], [ -96.725914, 32.709324 ], [ -96.725973, 32.709316 ], [ -96.726045, 32.709288 ], [ -96.726108, 32.709276 ], [ -96.726131, 32.709262 ], [ -96.726144, 32.709228 ], [ -96.726144, 32.709164 ], [ -96.726153, 32.709138 ], [ -96.726172, 32.709122 ], [ -96.726221, 32.70911 ], [ -96.726271, 32.709113 ], [ -96.726614, 32.709224 ], [ -96.726654, 32.709243 ], [ -96.726803, 32.709372 ], [ -96.726844, 32.709395 ], [ -96.726921, 32.709421 ], [ -96.726997, 32.709436 ], [ -96.727038, 32.709433 ], [ -96.72706, 32.709414 ], [ -96.72707, 32.709395 ], [ -96.72707, 32.709372 ] ], [ [ -96.738477, 32.707381 ], [ -96.738325, 32.707381 ], [ -96.738218, 32.707393 ], [ -96.738083, 32.707472 ], [ -96.737949, 32.707405 ], [ -96.737694, 32.707495 ], [ -96.737707, 32.707621 ], [ -96.737788, 32.707722 ], [ -96.73795, 32.707856 ], [ -96.738192, 32.707789 ], [ -96.738419, 32.707653 ], [ -96.738728, 32.707562 ], [ -96.738821, 32.707448 ], [ -96.739063, 32.707459 ], [ -96.739157, 32.707312 ], [ -96.739184, 32.707186 ], [ -96.738767, 32.707132 ], [ -96.738477, 32.707381 ] ], [ [ -96.733144, 32.710012 ], [ -96.733175, 32.710172 ], [ -96.733195, 32.710204 ], [ -96.733334, 32.710427 ], [ -96.73341, 32.710506 ], [ -96.733452, 32.710528 ], [ -96.733491, 32.710528 ], [ -96.733522, 32.710502 ], [ -96.733561, 32.710395 ], [ -96.733607, 32.710306 ], [ -96.733657, 32.710288 ], [ -96.733714, 32.710294 ], [ -96.734066, 32.710423 ], [ -96.734101, 32.71042 ], [ -96.734116, 32.710387 ], [ -96.73412, 32.710254 ], [ -96.734116, 32.710225 ], [ -96.7341, 32.710194 ], [ -96.733996, 32.710148 ], [ -96.733965, 32.710123 ], [ -96.733931, 32.710081 ], [ -96.733807, 32.709778 ], [ -96.733571, 32.709338 ], [ -96.733533, 32.709276 ], [ -96.733471, 32.709208 ], [ -96.733382, 32.709154 ], [ -96.733336, 32.709141 ], [ -96.73329, 32.709141 ], [ -96.733182, 32.709206 ], [ -96.733162, 32.709248 ], [ -96.733135, 32.709325 ], [ -96.733152, 32.709585 ], [ -96.733144, 32.710012 ] ], [ [ -96.737434, 32.710151 ], [ -96.737313, 32.7104 ], [ -96.737246, 32.710472 ], [ -96.737029, 32.710707 ], [ -96.736287, 32.711242 ], [ -96.736193, 32.711446 ], [ -96.736179, 32.711661 ], [ -96.736301, 32.711787 ], [ -96.736543, 32.711753 ], [ -96.736746, 32.711571 ], [ -96.736813, 32.711326 ], [ -96.737083, 32.710924 ], [ -96.737461, 32.710526 ], [ -96.737731, 32.710276 ], [ -96.737664, 32.710197 ], [ -96.737569, 32.710174 ], [ -96.737434, 32.710151 ] ], [ [ -96.729513, 32.711336 ], [ -96.729539, 32.711397 ], [ -96.729584, 32.711412 ], [ -96.729714, 32.711415 ], [ -96.729831, 32.711393 ], [ -96.730211, 32.711171 ], [ -96.730429, 32.711139 ], [ -96.730636, 32.711127 ], [ -96.730873, 32.711146 ], [ -96.731097, 32.711194 ], [ -96.73171, 32.711436 ], [ -96.731786, 32.711444 ], [ -96.73184, 32.711436 ], [ -96.731867, 32.71141 ], [ -96.731867, 32.711346 ], [ -96.731828, 32.711206 ], [ -96.731747, 32.711072 ], [ -96.73159, 32.71091 ], [ -96.731357, 32.710744 ], [ -96.731124, 32.710664 ], [ -96.731044, 32.710638 ], [ -96.730942, 32.710607 ], [ -96.73079, 32.710587 ], [ -96.730727, 32.710592 ], [ -96.730382, 32.710637 ], [ -96.730015, 32.710639 ], [ -96.729656, 32.710714 ], [ -96.729584, 32.710745 ], [ -96.72953, 32.71079 ], [ -96.729517, 32.710872 ], [ -96.729521, 32.710933 ], [ -96.729584, 32.71111 ], [ -96.729571, 32.711189 ], [ -96.72953, 32.711254 ], [ -96.729513, 32.711336 ] ], [ [ -96.742495, 32.711717 ], [ -96.742239, 32.711706 ], [ -96.742117, 32.711843 ], [ -96.742275, 32.712014 ], [ -96.742306, 32.712048 ], [ -96.742293, 32.712195 ], [ -96.742117, 32.71232 ], [ -96.741969, 32.7124 ], [ -96.741834, 32.712411 ], [ -96.741699, 32.712353 ], [ -96.741659, 32.712434 ], [ -96.74182, 32.712559 ], [ -96.742144, 32.712671 ], [ -96.742333, 32.71257 ], [ -96.742549, 32.712058 ], [ -96.742684, 32.711832 ], [ -96.742495, 32.711717 ] ], [ [ -96.739215, 32.712128 ], [ -96.739174, 32.712072 ], [ -96.739013, 32.712025 ], [ -96.738852, 32.712036 ], [ -96.73865, 32.712117 ], [ -96.73842, 32.712128 ], [ -96.738288, 32.712224 ], [ -96.738219, 32.712274 ], [ -96.738192, 32.712444 ], [ -96.738258, 32.712642 ], [ -96.738703, 32.712808 ], [ -96.738811, 32.712785 ], [ -96.738838, 32.712637 ], [ -96.738945, 32.71244 ], [ -96.739174, 32.712219 ], [ -96.739215, 32.712128 ] ], [ [ -96.729741, 32.713279 ], [ -96.729745, 32.713305 ], [ -96.72977, 32.713381 ], [ -96.729807, 32.71344 ], [ -96.729847, 32.713467 ], [ -96.730296, 32.713627 ], [ -96.730727, 32.713728 ], [ -96.730774, 32.713728 ], [ -96.730811, 32.71371 ], [ -96.730895, 32.713603 ], [ -96.730935, 32.713603 ], [ -96.731179, 32.713642 ], [ -96.731238, 32.713639 ], [ -96.7313, 32.713614 ], [ -96.731333, 32.713586 ], [ -96.731336, 32.713555 ], [ -96.731329, 32.713535 ], [ -96.731249, 32.713467 ], [ -96.730927, 32.713313 ], [ -96.730638, 32.713231 ], [ -96.730475, 32.713185 ], [ -96.73, 32.713016 ], [ -96.729854, 32.712978 ], [ -96.729792, 32.712967 ], [ -96.729756, 32.712978 ], [ -96.729734, 32.713003 ], [ -96.729734, 32.71304 ], [ -96.729756, 32.713194 ], [ -96.729741, 32.713279 ] ], [ [ -96.740295, 32.713435 ], [ -96.740026, 32.713626 ], [ -96.739922, 32.713673 ], [ -96.739609, 32.713817 ], [ -96.739312, 32.714134 ], [ -96.738912, 32.714349 ], [ -96.738906, 32.714389 ], [ -96.738922, 32.714416 ], [ -96.739029, 32.714428 ], [ -96.739218, 32.71436 ], [ -96.739488, 32.714168 ], [ -96.739623, 32.713908 ], [ -96.739744, 32.713864 ], [ -96.740147, 32.713842 ], [ -96.741037, 32.713075 ], [ -96.740996, 32.712961 ], [ -96.740848, 32.712927 ], [ -96.740646, 32.713085 ], [ -96.740686, 32.713254 ], [ -96.740564, 32.713378 ], [ -96.740295, 32.713435 ] ], [ [ -96.738661, 32.713415 ], [ -96.738527, 32.713403 ], [ -96.738134, 32.713623 ], [ -96.73783, 32.713752 ], [ -96.737556, 32.713868 ], [ -96.737111, 32.714065 ], [ -96.737056, 32.714179 ], [ -96.737056, 32.714303 ], [ -96.737244, 32.714304 ], [ -96.737406, 32.714258 ], [ -96.737637, 32.714067 ], [ -96.737932, 32.71396 ], [ -96.73827, 32.713776 ], [ -96.738498, 32.713834 ], [ -96.738647, 32.713642 ], [ -96.738661, 32.713415 ] ], [ [ -96.739841, 32.715269 ], [ -96.740048, 32.715452 ], [ -96.740157, 32.715573 ], [ -96.740247, 32.715649 ], [ -96.740211, 32.715778 ], [ -96.739859, 32.716036 ], [ -96.73967, 32.716279 ], [ -96.739435, 32.716423 ], [ -96.739399, 32.716605 ], [ -96.739435, 32.716665 ], [ -96.73957, 32.716658 ], [ -96.739913, 32.716566 ], [ -96.740166, 32.716332 ], [ -96.74058, 32.71593 ], [ -96.740652, 32.715725 ], [ -96.740634, 32.715497 ], [ -96.74058, 32.715148 ], [ -96.740598, 32.714875 ], [ -96.740499, 32.714792 ], [ -96.740328, 32.714792 ], [ -96.740129, 32.714837 ], [ -96.739913, 32.714936 ], [ -96.739715, 32.715035 ], [ -96.739525, 32.715117 ], [ -96.739412, 32.715239 ], [ -96.73939, 32.715262 ], [ -96.739165, 32.715384 ], [ -96.738984, 32.715519 ], [ -96.738768, 32.715604 ], [ -96.738651, 32.715604 ], [ -96.738479, 32.715535 ], [ -96.738299, 32.715437 ], [ -96.738119, 32.715384 ], [ -96.737848, 32.715103 ], [ -96.737911, 32.714844 ], [ -96.738173, 32.714716 ], [ -96.738524, 32.714647 ], [ -96.738669, 32.714548 ], [ -96.738795, 32.714481 ], [ -96.73884, 32.714419 ], [ -96.738824, 32.714385 ], [ -96.738765, 32.714351 ], [ -96.738633, 32.714382 ], [ -96.738524, 32.71439 ], [ -96.738434, 32.714542 ], [ -96.738101, 32.714655 ], [ -96.737695, 32.714815 ], [ -96.737614, 32.715057 ], [ -96.737515, 32.715201 ], [ -96.737542, 32.715406 ], [ -96.737614, 32.715535 ], [ -96.737857, 32.715663 ], [ -96.738137, 32.715747 ], [ -96.73838, 32.715725 ], [ -96.738479, 32.715809 ], [ -96.738624, 32.715868 ], [ -96.739029, 32.715694 ], [ -96.739417, 32.71546 ], [ -96.739688, 32.715209 ], [ -96.739769, 32.715217 ], [ -96.739841, 32.715269 ] ], [ [ -96.721272, 32.715921 ], [ -96.721333, 32.715928 ], [ -96.721518, 32.715909 ], [ -96.721574, 32.715924 ], [ -96.721597, 32.71605 ], [ -96.72167, 32.716107 ], [ -96.721846, 32.716143 ], [ -96.722118, 32.716274 ], [ -96.722392, 32.716415 ], [ -96.7226, 32.716549 ], [ -96.72266, 32.716604 ], [ -96.722712, 32.71662 ], [ -96.722771, 32.716612 ], [ -96.722836, 32.71658 ], [ -96.722887, 32.716514 ], [ -96.722901, 32.716441 ], [ -96.722878, 32.716385 ], [ -96.72261, 32.71619 ], [ -96.722573, 32.716167 ], [ -96.722286, 32.716062 ], [ -96.721952, 32.715953 ], [ -96.721698, 32.715821 ], [ -96.721687, 32.715819 ], [ -96.72162, 32.715815 ], [ -96.721564, 32.715831 ], [ -96.721513, 32.715819 ], [ -96.721495, 32.715777 ], [ -96.721499, 32.715661 ], [ -96.721477, 32.715621 ], [ -96.721319, 32.715464 ], [ -96.72125, 32.71541 ], [ -96.721171, 32.715391 ], [ -96.72087, 32.715387 ], [ -96.72081, 32.715395 ], [ -96.720754, 32.715433 ], [ -96.720726, 32.715477 ], [ -96.720744, 32.715511 ], [ -96.721156, 32.715853 ], [ -96.721272, 32.715921 ] ], [ [ -96.740527, 32.716613 ], [ -96.740262, 32.716687 ], [ -96.740004, 32.716864 ], [ -96.739979, 32.716907 ], [ -96.739924, 32.716999 ], [ -96.739867, 32.717128 ], [ -96.739867, 32.717236 ], [ -96.739811, 32.717331 ], [ -96.739875, 32.717377 ], [ -96.739972, 32.717343 ], [ -96.740036, 32.71729 ], [ -96.740157, 32.717101 ], [ -96.740302, 32.716965 ], [ -96.74039, 32.716816 ], [ -96.740584, 32.716715 ], [ -96.740575, 32.716654 ], [ -96.740527, 32.716613 ] ], [ [ -96.736913, 32.716827 ], [ -96.736905, 32.717152 ], [ -96.736912, 32.717418 ], [ -96.736852, 32.717528 ], [ -96.736853, 32.717561 ], [ -96.736868, 32.717581 ], [ -96.736897, 32.717581 ], [ -96.736943, 32.717528 ], [ -96.737027, 32.717353 ], [ -96.73705, 32.717257 ], [ -96.737074, 32.717154 ], [ -96.737198, 32.716978 ], [ -96.737236, 32.716953 ], [ -96.737329, 32.716849 ], [ -96.737429, 32.716829 ], [ -96.737452, 32.716732 ], [ -96.737398, 32.716648 ], [ -96.737298, 32.716583 ], [ -96.737252, 32.716505 ], [ -96.737245, 32.716407 ], [ -96.737214, 32.716369 ], [ -96.737152, 32.716317 ], [ -96.737075, 32.716297 ], [ -96.736975, 32.716472 ], [ -96.736936, 32.716601 ], [ -96.736913, 32.716827 ] ], [ [ -96.737461, 32.716972 ], [ -96.737405, 32.717039 ], [ -96.737405, 32.717162 ], [ -96.73755, 32.717297 ], [ -96.73755, 32.717362 ], [ -96.737558, 32.717432 ], [ -96.737526, 32.717554 ], [ -96.737325, 32.717669 ], [ -96.737316, 32.717737 ], [ -96.737421, 32.717751 ], [ -96.737566, 32.717703 ], [ -96.737679, 32.717695 ], [ -96.737856, 32.717641 ], [ -96.73796, 32.71754 ], [ -96.738009, 32.717439 ], [ -96.738057, 32.717304 ], [ -96.737888, 32.717148 ], [ -96.737719, 32.717059 ], [ -96.737542, 32.716986 ], [ -96.737461, 32.716972 ] ], [ [ -96.722066, 32.717134 ], [ -96.721945, 32.717068 ], [ -96.72187, 32.717028 ], [ -96.721777, 32.717021 ], [ -96.721698, 32.717048 ], [ -96.721675, 32.717083 ], [ -96.721675, 32.717134 ], [ -96.721703, 32.717224 ], [ -96.721745, 32.717306 ], [ -96.721782, 32.717353 ], [ -96.721833, 32.71738 ], [ -96.721982, 32.717412 ], [ -96.722033, 32.717408 ], [ -96.722075, 32.71738 ], [ -96.722107, 32.717337 ], [ -96.722112, 32.717255 ], [ -96.722107, 32.7172 ], [ -96.722066, 32.717134 ] ], [ [ -96.733358, 32.717004 ], [ -96.733357, 32.717218 ], [ -96.733311, 32.717387 ], [ -96.733211, 32.717594 ], [ -96.733229, 32.71765 ], [ -96.733286, 32.717825 ], [ -96.733239, 32.718112 ], [ -96.733147, 32.718287 ], [ -96.733209, 32.718339 ], [ -96.733262, 32.718333 ], [ -96.733323, 32.718235 ], [ -96.733486, 32.717781 ], [ -96.733587, 32.717665 ], [ -96.733634, 32.717426 ], [ -96.733765, 32.716849 ], [ -96.733704, 32.716778 ], [ -96.733658, 32.716778 ], [ -96.73352, 32.716829 ], [ -96.73342, 32.716895 ], [ -96.733358, 32.717004 ] ], [ [ -96.733896, 32.717725 ], [ -96.733846, 32.717749 ], [ -96.73382, 32.717762 ], [ -96.733781, 32.717809 ], [ -96.733835, 32.717885 ], [ -96.733942, 32.718152 ], [ -96.734035, 32.718366 ], [ -96.734013, 32.718678 ], [ -96.734044, 32.718859 ], [ -96.734144, 32.718898 ], [ -96.734321, 32.718866 ], [ -96.734453, 32.718735 ], [ -96.73449, 32.718619 ], [ -96.73459, 32.718554 ], [ -96.734667, 32.71847 ], [ -96.734606, 32.718444 ], [ -96.73449, 32.718387 ], [ -96.734482, 32.718269 ], [ -96.734337, 32.718165 ], [ -96.734244, 32.718153 ], [ -96.734167, 32.71812 ], [ -96.734036, 32.71788 ], [ -96.734027, 32.717699 ], [ -96.73395, 32.717692 ], [ -96.733896, 32.717725 ] ], [ [ -96.739046, 32.718671 ], [ -96.739223, 32.718474 ], [ -96.739433, 32.718387 ], [ -96.739713, 32.718319 ], [ -96.739866, 32.718319 ], [ -96.739955, 32.718356 ], [ -96.7401, 32.718525 ], [ -96.740172, 32.718554 ], [ -96.740413, 32.718466 ], [ -96.740421, 32.718391 ], [ -96.740478, 32.718256 ], [ -96.740462, 32.718063 ], [ -96.740566, 32.717859 ], [ -96.740584, 32.717772 ], [ -96.740567, 32.71771 ], [ -96.740503, 32.717704 ], [ -96.740455, 32.717745 ], [ -96.740212, 32.718056 ], [ -96.74018, 32.718104 ], [ -96.740124, 32.718124 ], [ -96.739932, 32.718181 ], [ -96.73908, 32.718386 ], [ -96.738709, 32.718709 ], [ -96.7385, 32.71879 ], [ -96.738339, 32.71892 ], [ -96.738202, 32.718967 ], [ -96.738066, 32.719007 ], [ -96.738001, 32.719089 ], [ -96.737945, 32.719211 ], [ -96.738009, 32.719311 ], [ -96.738137, 32.719285 ], [ -96.738338, 32.71919 ], [ -96.738708, 32.718959 ], [ -96.738837, 32.718838 ], [ -96.738869, 32.718813 ], [ -96.739046, 32.718671 ] ], [ [ -96.735678, 32.71884 ], [ -96.735477, 32.71886 ], [ -96.735431, 32.718711 ], [ -96.735609, 32.718497 ], [ -96.735786, 32.718438 ], [ -96.735948, 32.71849 ], [ -96.736002, 32.718587 ], [ -96.735987, 32.718705 ], [ -96.735917, 32.718815 ], [ -96.735948, 32.718885 ], [ -96.736056, 32.718834 ], [ -96.736202, 32.718808 ], [ -96.736388, 32.71884 ], [ -96.736426, 32.718828 ], [ -96.736449, 32.71877 ], [ -96.736418, 32.718594 ], [ -96.736434, 32.718373 ], [ -96.736349, 32.718276 ], [ -96.736226, 32.718198 ], [ -96.736102, 32.718127 ], [ -96.735863, 32.718069 ], [ -96.735794, 32.718088 ], [ -96.735632, 32.718165 ], [ -96.735531, 32.718348 ], [ -96.735416, 32.718536 ], [ -96.735331, 32.718626 ], [ -96.735184, 32.718718 ], [ -96.735076, 32.718756 ], [ -96.735015, 32.718705 ], [ -96.734837, 32.718536 ], [ -96.73476, 32.718483 ], [ -96.734721, 32.718522 ], [ -96.734745, 32.718601 ], [ -96.734814, 32.718718 ], [ -96.734999, 32.718834 ], [ -96.735022, 32.718958 ], [ -96.734891, 32.719198 ], [ -96.734891, 32.719243 ], [ -96.734961, 32.71923 ], [ -96.735099, 32.719152 ], [ -96.735215, 32.719152 ], [ -96.735362, 32.719119 ], [ -96.735447, 32.719054 ], [ -96.73567, 32.718997 ], [ -96.735771, 32.718938 ], [ -96.735771, 32.71888 ], [ -96.735678, 32.71884 ] ], [ [ -96.724389, 32.720101 ], [ -96.724359, 32.720077 ], [ -96.724326, 32.72005 ], [ -96.724285, 32.720025 ], [ -96.724211, 32.720019 ], [ -96.72365, 32.720019 ], [ -96.723616, 32.720022 ], [ -96.723527, 32.720064 ], [ -96.723512, 32.720092 ], [ -96.723523, 32.720129 ], [ -96.724062, 32.720619 ], [ -96.72427, 32.720816 ], [ -96.724322, 32.720838 ], [ -96.724765, 32.720782 ], [ -96.724802, 32.720742 ], [ -96.724802, 32.720692 ], [ -96.724765, 32.720588 ], [ -96.724389, 32.720101 ] ], [ [ -96.735071, 32.72731 ], [ -96.735107, 32.727253 ], [ -96.73513, 32.727225 ], [ -96.73518, 32.72718 ], [ -96.735261, 32.727129 ], [ -96.735611, 32.726989 ], [ -96.735747, 32.726951 ], [ -96.735884, 32.726932 ], [ -96.736061, 32.726893 ], [ -96.736161, 32.726855 ], [ -96.736211, 32.726825 ], [ -96.736247, 32.726789 ], [ -96.736283, 32.726764 ], [ -96.736366, 32.726673 ], [ -96.736384, 32.726636 ], [ -96.736397, 32.72655 ], [ -96.736298, 32.726496 ], [ -96.736271, 32.726474 ], [ -96.736194, 32.726434 ], [ -96.736153, 32.726389 ], [ -96.736135, 32.726355 ], [ -96.736098, 32.72626 ], [ -96.736094, 32.726218 ], [ -96.736098, 32.726164 ], [ -96.736116, 32.726068 ], [ -96.736112, 32.726034 ], [ -96.736094, 32.725984 ], [ -96.736057, 32.725919 ], [ -96.736004, 32.725843 ], [ -96.735927, 32.725767 ], [ -96.735813, 32.725691 ], [ -96.735745, 32.725663 ], [ -96.735386, 32.725587 ], [ -96.735309, 32.725556 ], [ -96.735204, 32.725491 ], [ -96.735168, 32.725454 ], [ -96.735136, 32.7254 ], [ -96.735127, 32.725334 ], [ -96.735141, 32.725282 ], [ -96.735191, 32.725221 ], [ -96.735368, 32.724916 ], [ -96.735391, 32.724855 ], [ -96.735386, 32.724794 ], [ -96.735377, 32.724766 ], [ -96.73535, 32.724717 ], [ -96.7353, 32.724675 ], [ -96.735123, 32.724583 ], [ -96.735031, 32.72455 ], [ -96.7345, 32.724418 ], [ -96.734205, 32.724334 ], [ -96.734002, 32.724284 ], [ -96.733974, 32.724266 ], [ -96.733947, 32.724231 ], [ -96.733933, 32.724197 ], [ -96.733915, 32.72412 ], [ -96.733906, 32.724021 ], [ -96.733908, 32.723949 ], [ -96.733923, 32.723892 ], [ -96.734043, 32.723626 ], [ -96.733918, 32.723574 ], [ -96.733898, 32.723559 ], [ -96.733841, 32.723526 ], [ -96.733418, 32.723236 ], [ -96.733033, 32.722896 ], [ -96.732648, 32.722524 ], [ -96.732225, 32.721812 ], [ -96.732148, 32.721601 ], [ -96.732071, 32.721325 ], [ -96.732052, 32.721213 ], [ -96.732052, 32.720857 ], [ -96.732071, 32.720565 ], [ -96.732071, 32.720484 ], [ -96.732052, 32.720404 ], [ -96.731994, 32.719935 ], [ -96.731869, 32.718713 ], [ -96.731509, 32.718856 ], [ -96.731407, 32.718918 ], [ -96.731307, 32.718998 ], [ -96.731222, 32.71908 ], [ -96.731185, 32.719147 ], [ -96.731165, 32.719206 ], [ -96.731153, 32.71927 ], [ -96.731158, 32.719341 ], [ -96.73119, 32.719513 ], [ -96.731234, 32.71963 ], [ -96.731232, 32.719665 ], [ -96.731215, 32.719715 ], [ -96.731192, 32.719752 ], [ -96.73115, 32.719788 ], [ -96.731113, 32.719803 ], [ -96.731066, 32.719814 ], [ -96.731019, 32.719814 ], [ -96.730966, 32.71981 ], [ -96.730902, 32.719774 ], [ -96.730821, 32.719718 ], [ -96.730758, 32.719684 ], [ -96.730692, 32.719673 ], [ -96.73064, 32.719684 ], [ -96.730582, 32.719728 ], [ -96.73053, 32.719785 ], [ -96.730502, 32.719825 ], [ -96.730466, 32.719969 ], [ -96.730426, 32.720377 ], [ -96.730446, 32.720489 ], [ -96.730541, 32.720782 ], [ -96.730554, 32.720875 ], [ -96.730542, 32.720944 ], [ -96.73046, 32.721128 ], [ -96.730394, 32.721238 ], [ -96.730363, 32.721274 ], [ -96.730317, 32.721305 ], [ -96.730226, 32.721355 ], [ -96.730159, 32.721398 ], [ -96.73011, 32.721441 ], [ -96.730057, 32.721494 ], [ -96.730009, 32.721528 ], [ -96.729955, 32.721549 ], [ -96.729917, 32.721576 ], [ -96.729907, 32.721604 ], [ -96.729909, 32.721631 ], [ -96.729937, 32.721674 ], [ -96.729943, 32.721708 ], [ -96.729932, 32.721752 ], [ -96.729897, 32.721778 ], [ -96.729671, 32.72188 ], [ -96.729533, 32.721961 ], [ -96.72951, 32.72198 ], [ -96.729466, 32.722064 ], [ -96.729368, 32.722566 ], [ -96.729341, 32.722633 ], [ -96.729314, 32.722678 ], [ -96.729283, 32.722716 ], [ -96.729211, 32.722769 ], [ -96.729082, 32.722836 ], [ -96.729056, 32.722859 ], [ -96.729046, 32.722881 ], [ -96.729005, 32.723028 ], [ -96.7289, 32.723326 ], [ -96.728877, 32.723374 ], [ -96.728846, 32.723427 ], [ -96.728234, 32.724276 ], [ -96.728114, 32.724406 ], [ -96.72806, 32.724452 ], [ -96.727848, 32.724576 ], [ -96.727451, 32.724863 ], [ -96.727296, 32.725002 ], [ -96.72718, 32.725096 ], [ -96.727129, 32.725169 ], [ -96.727109, 32.725226 ], [ -96.727069, 32.725273 ], [ -96.727017, 32.725276 ], [ -96.726946, 32.725256 ], [ -96.726867, 32.725273 ], [ -96.726759, 32.725316 ], [ -96.726708, 32.725363 ], [ -96.72666, 32.725426 ], [ -96.72664, 32.72547 ], [ -96.726596, 32.725513 ], [ -96.726537, 32.725523 ], [ -96.726469, 32.725503 ], [ -96.726374, 32.725453 ], [ -96.726259, 32.725355 ], [ -96.726132, 32.725309 ], [ -96.726068, 32.725319 ], [ -96.726021, 32.725343 ], [ -96.725993, 32.725392 ], [ -96.725977, 32.72545 ], [ -96.725973, 32.725537 ], [ -96.726104, 32.725684 ], [ -96.72637, 32.725834 ], [ -96.726561, 32.725924 ], [ -96.726815, 32.725983 ], [ -96.727105, 32.726038 ], [ -96.727153, 32.726062 ], [ -96.727253, 32.726142 ], [ -96.72728, 32.726173 ], [ -96.727285, 32.726218 ], [ -96.727062, 32.727097 ], [ -96.72703, 32.727209 ], [ -96.726987, 32.727421 ], [ -96.727359, 32.727321 ], [ -96.728017, 32.727069 ], [ -96.728253, 32.727 ], [ -96.728415, 32.726969 ], [ -96.728553, 32.726955 ], [ -96.728637, 32.726955 ], [ -96.728729, 32.726969 ], [ -96.728801, 32.726986 ], [ -96.728893, 32.727022 ], [ -96.728983, 32.727072 ], [ -96.729037, 32.727114 ], [ -96.729064, 32.727143 ], [ -96.729085, 32.727176 ], [ -96.729096, 32.727236 ], [ -96.729089, 32.727301 ], [ -96.728948, 32.7279 ], [ -96.728942, 32.727972 ], [ -96.728969, 32.728098 ], [ -96.728998, 32.728156 ], [ -96.729024, 32.728197 ], [ -96.729053, 32.728233 ], [ -96.729092, 32.728262 ], [ -96.729148, 32.72829 ], [ -96.729205, 32.7283 ], [ -96.729257, 32.728301 ], [ -96.72931, 32.728293 ], [ -96.729401, 32.72827 ], [ -96.729469, 32.728239 ], [ -96.729516, 32.728213 ], [ -96.729634, 32.728095 ], [ -96.729834, 32.727949 ], [ -96.730007, 32.727789 ], [ -96.730302, 32.72762 ], [ -96.730652, 32.72748 ], [ -96.73086, 32.727416 ], [ -96.730938, 32.727398 ], [ -96.731111, 32.727379 ], [ -96.731618, 32.727387 ], [ -96.731709, 32.727383 ], [ -96.73185, 32.727356 ], [ -96.731904, 32.727337 ], [ -96.731981, 32.727298 ], [ -96.732527, 32.726966 ], [ -96.732568, 32.726951 ], [ -96.7327, 32.72689 ], [ -96.732759, 32.726882 ], [ -96.733013, 32.726893 ], [ -96.733081, 32.726892 ], [ -96.733108, 32.726884 ], [ -96.73314, 32.726845 ], [ -96.733153, 32.726814 ], [ -96.733163, 32.726772 ], [ -96.733167, 32.726536 ], [ -96.733172, 32.726456 ], [ -96.733185, 32.726422 ], [ -96.733222, 32.726386 ], [ -96.733285, 32.726372 ], [ -96.733353, 32.726375 ], [ -96.733431, 32.726395 ], [ -96.733717, 32.726506 ], [ -96.733776, 32.726524 ], [ -96.733831, 32.726547 ], [ -96.733862, 32.726571 ], [ -96.733885, 32.726594 ], [ -96.733903, 32.726631 ], [ -96.733903, 32.72667 ], [ -96.733894, 32.726731 ], [ -96.733881, 32.726934 ], [ -96.733885, 32.727003 ], [ -96.733903, 32.727079 ], [ -96.733917, 32.727106 ], [ -96.734003, 32.727186 ], [ -96.734022, 32.727221 ], [ -96.734035, 32.727263 ], [ -96.734031, 32.727339 ], [ -96.734022, 32.727385 ], [ -96.734026, 32.727452 ], [ -96.734044, 32.727514 ], [ -96.734072, 32.727573 ], [ -96.734111, 32.727617 ], [ -96.73412, 32.727648 ], [ -96.73412, 32.727686 ], [ -96.734103, 32.72777 ], [ -96.734081, 32.72784 ], [ -96.734371, 32.728004 ], [ -96.734426, 32.728026 ], [ -96.734462, 32.728035 ], [ -96.734557, 32.728046 ], [ -96.734648, 32.728039 ], [ -96.734698, 32.728026 ], [ -96.734748, 32.728004 ], [ -96.734803, 32.72797 ], [ -96.734839, 32.727928 ], [ -96.734889, 32.727826 ], [ -96.734952, 32.727557 ], [ -96.735071, 32.72731 ] ], [ [ -96.724552, 32.726203 ], [ -96.724659, 32.726219 ], [ -96.72474, 32.726241 ], [ -96.725209, 32.726293 ], [ -96.725313, 32.726308 ], [ -96.725399, 32.726312 ], [ -96.725568, 32.726301 ], [ -96.725699, 32.726284 ], [ -96.725768, 32.72627 ], [ -96.725855, 32.726236 ], [ -96.725899, 32.726208 ], [ -96.725967, 32.726152 ], [ -96.726113, 32.72601 ], [ -96.726134, 32.725973 ], [ -96.726149, 32.725926 ], [ -96.726139, 32.725883 ], [ -96.726083, 32.725802 ], [ -96.725862, 32.725613 ], [ -96.725799, 32.725563 ], [ -96.725698, 32.725444 ], [ -96.725617, 32.725282 ], [ -96.725595, 32.725257 ], [ -96.725568, 32.725237 ], [ -96.725527, 32.725219 ], [ -96.725384, 32.725184 ], [ -96.725263, 32.725185 ], [ -96.725044, 32.725209 ], [ -96.724927, 32.72523 ], [ -96.724904, 32.725242 ], [ -96.724877, 32.725279 ], [ -96.724877, 32.725307 ], [ -96.724895, 32.725337 ], [ -96.724923, 32.725358 ], [ -96.724959, 32.725372 ], [ -96.725064, 32.725392 ], [ -96.725227, 32.725451 ], [ -96.725436, 32.725517 ], [ -96.725463, 32.725548 ], [ -96.725481, 32.725597 ], [ -96.72548, 32.72564 ], [ -96.725455, 32.725673 ], [ -96.725414, 32.725687 ], [ -96.725368, 32.725678 ], [ -96.725323, 32.725661 ], [ -96.725227, 32.725642 ], [ -96.725113, 32.725647 ], [ -96.725059, 32.725642 ], [ -96.725018, 32.725631 ], [ -96.724904, 32.725571 ], [ -96.724863, 32.725555 ], [ -96.724669, 32.725512 ], [ -96.724294, 32.72544 ], [ -96.724177, 32.725427 ], [ -96.724005, 32.725444 ], [ -96.723843, 32.725495 ], [ -96.723676, 32.725524 ], [ -96.723539, 32.725566 ], [ -96.723486, 32.725603 ], [ -96.723405, 32.725695 ], [ -96.723387, 32.725738 ], [ -96.723387, 32.725775 ], [ -96.723405, 32.725821 ], [ -96.723432, 32.725839 ], [ -96.723559, 32.72589 ], [ -96.723641, 32.725904 ], [ -96.723705, 32.725893 ], [ -96.723755, 32.725817 ], [ -96.723782, 32.725802 ], [ -96.723836, 32.725794 ], [ -96.72403, 32.725806 ], [ -96.724086, 32.725814 ], [ -96.724187, 32.725836 ], [ -96.724331, 32.725879 ], [ -96.724359, 32.725899 ], [ -96.724363, 32.725926 ], [ -96.724345, 32.725957 ], [ -96.724322, 32.725972 ], [ -96.724294, 32.725973 ], [ -96.724227, 32.72596 ], [ -96.724181, 32.725963 ], [ -96.724152, 32.72598 ], [ -96.724141, 32.725999 ], [ -96.724136, 32.726022 ], [ -96.724141, 32.726048 ], [ -96.724168, 32.726075 ], [ -96.724204, 32.72609 ], [ -96.724405, 32.72616 ], [ -96.724552, 32.726203 ] ], [ [ -96.729312, 32.735447 ], [ -96.72945, 32.735306 ], [ -96.729674, 32.734991 ], [ -96.729856, 32.734693 ], [ -96.72997, 32.734209 ], [ -96.729987, 32.734063 ], [ -96.729974, 32.733767 ], [ -96.729983, 32.733627 ], [ -96.729992, 32.733573 ], [ -96.730017, 32.73353 ], [ -96.730064, 32.733516 ], [ -96.730125, 32.73351 ], [ -96.730156, 32.733497 ], [ -96.730201, 32.733455 ], [ -96.730224, 32.733393 ], [ -96.730218, 32.733365 ], [ -96.730188, 32.733348 ], [ -96.730102, 32.733344 ], [ -96.730064, 32.733358 ], [ -96.729977, 32.73342 ], [ -96.729797, 32.733607 ], [ -96.729515, 32.733981 ], [ -96.729428, 32.734074 ], [ -96.729357, 32.734133 ], [ -96.729029, 32.734339 ], [ -96.728887, 32.734453 ], [ -96.728793, 32.73454 ], [ -96.728743, 32.734619 ], [ -96.728703, 32.734735 ], [ -96.72865, 32.734823 ], [ -96.728592, 32.734943 ], [ -96.728561, 32.734977 ], [ -96.72852, 32.734997 ], [ -96.728478, 32.735005 ], [ -96.728287, 32.735022 ], [ -96.728118, 32.735023 ], [ -96.72807, 32.735039 ], [ -96.728012, 32.735086 ], [ -96.727922, 32.735196 ], [ -96.727766, 32.735405 ], [ -96.727734, 32.735439 ], [ -96.727649, 32.735509 ], [ -96.727561, 32.735563 ], [ -96.72753, 32.73559 ], [ -96.727507, 32.735628 ], [ -96.727493, 32.735678 ], [ -96.727498, 32.73572 ], [ -96.727516, 32.735754 ], [ -96.727543, 32.735778 ], [ -96.727655, 32.73586 ], [ -96.72769, 32.735906 ], [ -96.727713, 32.735929 ], [ -96.727736, 32.735939 ], [ -96.727813, 32.735944 ], [ -96.727835, 32.735963 ], [ -96.727844, 32.735985 ], [ -96.72784, 32.736067 ], [ -96.727813, 32.736123 ], [ -96.727785, 32.736154 ], [ -96.727743, 32.736181 ], [ -96.72749, 32.736086 ], [ -96.72704, 32.735881 ], [ -96.726825, 32.735779 ], [ -96.726421, 32.735615 ], [ -96.726244, 32.735554 ], [ -96.726203, 32.735554 ], [ -96.726158, 32.735565 ], [ -96.725963, 32.735677 ], [ -96.724969, 32.736229 ], [ -96.724899, 32.736271 ], [ -96.724862, 32.73631 ], [ -96.724853, 32.736328 ], [ -96.724853, 32.736359 ], [ -96.724862, 32.736398 ], [ -96.724898, 32.736483 ], [ -96.724957, 32.736601 ], [ -96.724957, 32.736624 ], [ -96.724944, 32.736648 ], [ -96.7248, 32.736718 ], [ -96.72469, 32.736787 ], [ -96.724508, 32.736922 ], [ -96.724117, 32.737309 ], [ -96.723835, 32.737522 ], [ -96.72375, 32.737609 ], [ -96.723615, 32.73771 ], [ -96.723343, 32.7379 ], [ -96.723304, 32.737938 ], [ -96.723284, 32.737966 ], [ -96.723279, 32.738007 ], [ -96.723293, 32.738031 ], [ -96.723321, 32.738054 ], [ -96.723357, 32.738062 ], [ -96.723393, 32.738056 ], [ -96.723425, 32.738045 ], [ -96.723471, 32.738014 ], [ -96.723557, 32.737945 ], [ -96.723594, 32.737921 ], [ -96.723639, 32.737914 ], [ -96.723675, 32.737926 ], [ -96.723744, 32.738002 ], [ -96.723785, 32.738033 ], [ -96.723812, 32.738044 ], [ -96.723953, 32.738059 ], [ -96.723989, 32.738075 ], [ -96.72408, 32.738182 ], [ -96.724167, 32.738258 ], [ -96.724221, 32.7383 ], [ -96.724258, 32.738323 ], [ -96.724308, 32.738342 ], [ -96.724358, 32.738354 ], [ -96.72443, 32.738349 ], [ -96.724503, 32.738362 ], [ -96.724553, 32.738365 ], [ -96.724608, 32.738362 ], [ -96.724667, 32.738349 ], [ -96.724743, 32.738326 ], [ -96.724934, 32.738239 ], [ -96.726253, 32.737578 ], [ -96.726299, 32.737558 ], [ -96.72633, 32.737539 ], [ -96.726353, 32.737509 ], [ -96.726367, 32.737474 ], [ -96.726379, 32.737405 ], [ -96.726485, 32.73731 ], [ -96.726512, 32.737291 ], [ -96.726553, 32.737279 ], [ -96.726599, 32.737287 ], [ -96.726644, 32.737329 ], [ -96.72668, 32.737336 ], [ -96.72673, 32.737329 ], [ -96.726858, 32.737294 ], [ -96.726876, 32.737282 ], [ -96.726894, 32.737264 ], [ -96.726903, 32.737229 ], [ -96.726899, 32.73708 ], [ -96.726908, 32.737046 ], [ -96.726948, 32.736998 ], [ -96.726984, 32.736983 ], [ -96.727049, 32.736967 ], [ -96.727131, 32.736958 ], [ -96.727183, 32.736963 ], [ -96.727253, 32.736983 ], [ -96.727289, 32.737009 ], [ -96.727325, 32.737074 ], [ -96.727357, 32.737105 ], [ -96.727393, 32.737116 ], [ -96.727444, 32.737118 ], [ -96.727493, 32.737113 ], [ -96.727539, 32.737097 ], [ -96.727593, 32.737059 ], [ -96.727612, 32.73704 ], [ -96.727743, 32.736811 ], [ -96.727807, 32.736776 ], [ -96.727889, 32.736756 ], [ -96.728121, 32.736719 ], [ -96.728366, 32.736654 ], [ -96.728407, 32.736631 ], [ -96.72843, 32.736584 ], [ -96.728421, 32.736558 ], [ -96.728402, 32.736539 ], [ -96.728353, 32.73652 ], [ -96.728259, 32.736497 ], [ -96.728184, 32.736474 ], [ -96.728157, 32.736455 ], [ -96.728134, 32.736424 ], [ -96.728111, 32.736379 ], [ -96.728089, 32.736359 ], [ -96.728048, 32.736337 ], [ -96.72787, 32.736252 ], [ -96.727862, 32.736213 ], [ -96.727871, 32.736179 ], [ -96.727911, 32.736086 ], [ -96.727925, 32.736041 ], [ -96.727953, 32.735885 ], [ -96.727991, 32.735778 ], [ -96.728098, 32.735708 ], [ -96.728134, 32.735692 ], [ -96.728157, 32.735678 ], [ -96.728189, 32.735647 ], [ -96.72822, 32.735597 ], [ -96.728284, 32.735467 ], [ -96.728314, 32.735442 ], [ -96.728343, 32.735429 ], [ -96.728401, 32.735422 ], [ -96.728475, 32.735419 ], [ -96.72855, 32.735439 ], [ -96.728602, 32.735467 ], [ -96.728625, 32.73549 ], [ -96.728633, 32.735515 ], [ -96.728638, 32.735585 ], [ -96.728657, 32.735628 ], [ -96.728679, 32.735647 ], [ -96.728716, 32.735659 ], [ -96.728757, 32.735659 ], [ -96.728802, 32.735647 ], [ -96.728934, 32.735574 ], [ -96.728988, 32.735563 ], [ -96.729064, 32.735567 ], [ -96.729132, 32.73556 ], [ -96.729212, 32.735529 ], [ -96.729312, 32.735447 ] ], [ [ -96.744481, 32.73729 ], [ -96.744518, 32.73711 ], [ -96.744405, 32.73693 ], [ -96.744342, 32.736855 ], [ -96.744317, 32.73677 ], [ -96.744581, 32.736675 ], [ -96.744707, 32.736579 ], [ -96.744896, 32.736537 ], [ -96.745073, 32.73641 ], [ -96.745362, 32.736134 ], [ -96.745602, 32.735965 ], [ -96.745766, 32.735923 ], [ -96.745829, 32.735764 ], [ -96.745879, 32.735573 ], [ -96.745917, 32.73536 ], [ -96.745892, 32.735107 ], [ -96.745803, 32.734926 ], [ -96.745627, 32.734724 ], [ -96.745425, 32.734586 ], [ -96.745211, 32.734577 ], [ -96.74501, 32.734608 ], [ -96.744846, 32.734746 ], [ -96.744795, 32.734916 ], [ -96.744783, 32.73516 ], [ -96.74472, 32.7357 ], [ -96.744707, 32.735923 ], [ -96.744669, 32.73606 ], [ -96.744569, 32.736209 ], [ -96.744443, 32.736262 ], [ -96.744405, 32.736209 ], [ -96.744342, 32.736103 ], [ -96.744329, 32.735965 ], [ -96.744367, 32.735753 ], [ -96.744418, 32.735594 ], [ -96.744418, 32.735425 ], [ -96.744392, 32.735213 ], [ -96.744292, 32.734789 ], [ -96.744216, 32.734492 ], [ -96.74414, 32.734259 ], [ -96.743926, 32.733983 ], [ -96.743762, 32.733919 ], [ -96.743599, 32.733908 ], [ -96.743422, 32.733866 ], [ -96.743044, 32.733898 ], [ -96.742729, 32.734026 ], [ -96.742565, 32.734216 ], [ -96.74249, 32.734471 ], [ -96.742465, 32.734704 ], [ -96.742427, 32.734831 ], [ -96.742351, 32.734884 ], [ -96.741999, 32.734916 ], [ -96.741658, 32.734884 ], [ -96.740625, 32.734704 ], [ -96.740008, 32.734555 ], [ -96.739806, 32.734555 ], [ -96.739706, 32.73463 ], [ -96.739592, 32.734757 ], [ -96.739617, 32.735 ], [ -96.739668, 32.735213 ], [ -96.739693, 32.735425 ], [ -96.739718, 32.73605 ], [ -96.739668, 32.73659 ], [ -96.739655, 32.736919 ], [ -96.73968, 32.737268 ], [ -96.739693, 32.737533 ], [ -96.739743, 32.737777 ], [ -96.739769, 32.737979 ], [ -96.739832, 32.738222 ], [ -96.739882, 32.73836 ], [ -96.739983, 32.738571 ], [ -96.740083, 32.738678 ], [ -96.740247, 32.738731 ], [ -96.740474, 32.738795 ], [ -96.740852, 32.738721 ], [ -96.740965, 32.738678 ], [ -96.741205, 32.738604 ], [ -96.741406, 32.738487 ], [ -96.743284, 32.738127 ], [ -96.743611, 32.738021 ], [ -96.743813, 32.737915 ], [ -96.743914, 32.737788 ], [ -96.744014, 32.737724 ], [ -96.744317, 32.737491 ], [ -96.74443, 32.737385 ], [ -96.744481, 32.73729 ] ], [ [ -96.728299, 32.739747 ], [ -96.728386, 32.739648 ], [ -96.728414, 32.739595 ], [ -96.728514, 32.739324 ], [ -96.728523, 32.739275 ], [ -96.728527, 32.739214 ], [ -96.728523, 32.73911 ], [ -96.728532, 32.739056 ], [ -96.728577, 32.738983 ], [ -96.728591, 32.738938 ], [ -96.728595, 32.738893 ], [ -96.728591, 32.738813 ], [ -96.728705, 32.738601 ], [ -96.728714, 32.738567 ], [ -96.728719, 32.738509 ], [ -96.72871, 32.73847 ], [ -96.728683, 32.738436 ], [ -96.728642, 32.738414 ], [ -96.728516, 32.738372 ], [ -96.728497, 32.738357 ], [ -96.728488, 32.738334 ], [ -96.728484, 32.738307 ], [ -96.728488, 32.738276 ], [ -96.728534, 32.738185 ], [ -96.728534, 32.738162 ], [ -96.728511, 32.738109 ], [ -96.728461, 32.738036 ], [ -96.728438, 32.738021 ], [ -96.728397, 32.738021 ], [ -96.728366, 32.738044 ], [ -96.728334, 32.738089 ], [ -96.728225, 32.738334 ], [ -96.728151, 32.738542 ], [ -96.728092, 32.73865 ], [ -96.728079, 32.738692 ], [ -96.728074, 32.738743 ], [ -96.72807, 32.738975 ], [ -96.728028, 32.739427 ], [ -96.728023, 32.739694 ], [ -96.728005, 32.739744 ], [ -96.727982, 32.739767 ], [ -96.727764, 32.739904 ], [ -96.727733, 32.739935 ], [ -96.727705, 32.739973 ], [ -96.727696, 32.74 ], [ -96.727696, 32.740034 ], [ -96.727728, 32.740096 ], [ -96.727792, 32.740099 ], [ -96.727819, 32.740091 ], [ -96.727855, 32.740071 ], [ -96.727905, 32.740038 ], [ -96.727987, 32.739942 ], [ -96.728014, 32.739919 ], [ -96.72814, 32.739873 ], [ -96.728195, 32.739843 ], [ -96.728299, 32.739747 ] ], [ [ -96.742137, 32.740215 ], [ -96.742351, 32.740257 ], [ -96.742553, 32.740257 ], [ -96.742767, 32.740194 ], [ -96.742956, 32.740077 ], [ -96.743095, 32.73997 ], [ -96.743372, 32.740173 ], [ -96.743611, 32.73997 ], [ -96.743838, 32.739759 ], [ -96.743599, 32.739569 ], [ -96.743863, 32.739357 ], [ -96.744191, 32.739102 ], [ -96.744342, 32.738943 ], [ -96.744481, 32.738751 ], [ -96.74443, 32.738689 ], [ -96.743888, 32.738667 ], [ -96.743712, 32.738721 ], [ -96.742754, 32.739345 ], [ -96.742465, 32.739663 ], [ -96.742326, 32.739823 ], [ -96.742313, 32.739961 ], [ -96.74215, 32.74013 ], [ -96.742137, 32.740215 ] ], [ [ -96.745583, 32.741121 ], [ -96.745562, 32.741183 ], [ -96.745562, 32.741253 ], [ -96.745573, 32.741315 ], [ -96.745573, 32.741411 ], [ -96.745594, 32.741549 ], [ -96.745636, 32.741645 ], [ -96.745693, 32.741681 ], [ -96.745756, 32.741676 ], [ -96.745787, 32.741663 ], [ -96.745813, 32.741628 ], [ -96.745813, 32.741574 ], [ -96.745871, 32.741342 ], [ -96.745863, 32.74092 ], [ -96.745876, 32.740862 ], [ -96.745887, 32.740744 ], [ -96.745834, 32.740558 ], [ -96.745829, 32.740495 ], [ -96.745789, 32.74044 ], [ -96.745735, 32.74042 ], [ -96.745718, 32.740421 ], [ -96.74569, 32.740423 ], [ -96.745616, 32.740437 ], [ -96.74557, 32.740456 ], [ -96.745547, 32.740496 ], [ -96.745525, 32.74055 ], [ -96.745462, 32.740571 ], [ -96.745371, 32.740564 ], [ -96.745348, 32.740578 ], [ -96.74534, 32.740606 ], [ -96.745371, 32.740633 ], [ -96.745414, 32.740643 ], [ -96.745542, 32.740648 ], [ -96.745562, 32.740695 ], [ -96.745547, 32.740757 ], [ -96.745545, 32.740827 ], [ -96.745557, 32.740867 ], [ -96.745578, 32.740916 ], [ -96.745583, 32.741121 ] ], [ [ -96.739432, 32.742071 ], [ -96.739394, 32.742379 ], [ -96.739419, 32.742612 ], [ -96.739453, 32.742698 ], [ -96.739482, 32.74277 ], [ -96.739596, 32.742834 ], [ -96.739747, 32.742866 ], [ -96.73986, 32.742781 ], [ -96.739911, 32.742621 ], [ -96.740024, 32.742474 ], [ -96.740049, 32.742251 ], [ -96.740062, 32.74205 ], [ -96.740226, 32.741796 ], [ -96.740301, 32.74169 ], [ -96.740377, 32.741594 ], [ -96.740402, 32.741467 ], [ -96.740301, 32.740904 ], [ -96.740276, 32.740693 ], [ -96.74015, 32.740502 ], [ -96.7401, 32.740322 ], [ -96.740112, 32.74013 ], [ -96.740314, 32.74011 ], [ -96.740364, 32.739983 ], [ -96.740339, 32.739856 ], [ -96.740314, 32.739623 ], [ -96.740175, 32.739527 ], [ -96.740024, 32.739517 ], [ -96.739923, 32.739463 ], [ -96.739747, 32.739379 ], [ -96.739583, 32.739336 ], [ -96.739444, 32.739368 ], [ -96.739356, 32.739494 ], [ -96.739419, 32.739676 ], [ -96.739608, 32.739856 ], [ -96.739785, 32.73995 ], [ -96.73986, 32.740088 ], [ -96.739835, 32.740184 ], [ -96.739797, 32.740375 ], [ -96.739659, 32.740577 ], [ -96.739482, 32.740895 ], [ -96.739444, 32.741 ], [ -96.739457, 32.741117 ], [ -96.73957, 32.741307 ], [ -96.739621, 32.74154 ], [ -96.739583, 32.741774 ], [ -96.739432, 32.742071 ] ], [ [ -96.727363, 32.741616 ], [ -96.727383, 32.741596 ], [ -96.727423, 32.741574 ], [ -96.727517, 32.741551 ], [ -96.727576, 32.741532 ], [ -96.727622, 32.741504 ], [ -96.727658, 32.741467 ], [ -96.727694, 32.741421 ], [ -96.727772, 32.741354 ], [ -96.727862, 32.741287 ], [ -96.727914, 32.741199 ], [ -96.727927, 32.741161 ], [ -96.727966, 32.740963 ], [ -96.728027, 32.740775 ], [ -96.728041, 32.740695 ], [ -96.728036, 32.74065 ], [ -96.728009, 32.740608 ], [ -96.727952, 32.740616 ], [ -96.72789, 32.740636 ], [ -96.727864, 32.740657 ], [ -96.727818, 32.740749 ], [ -96.727682, 32.740943 ], [ -96.727601, 32.74107 ], [ -96.727563, 32.741107 ], [ -96.72753, 32.741131 ], [ -96.727387, 32.741157 ], [ -96.727315, 32.741196 ], [ -96.727226, 32.741275 ], [ -96.72711, 32.741362 ], [ -96.727084, 32.741382 ], [ -96.726827, 32.741593 ], [ -96.726814, 32.741622 ], [ -96.72682, 32.741684 ], [ -96.726851, 32.741749 ], [ -96.726923, 32.741841 ], [ -96.726974, 32.741878 ], [ -96.727032, 32.741943 ], [ -96.727059, 32.741963 ], [ -96.727086, 32.741971 ], [ -96.727147, 32.741967 ], [ -96.727168, 32.741954 ], [ -96.727191, 32.741917 ], [ -96.727209, 32.741871 ], [ -96.727254, 32.741791 ], [ -96.72735, 32.741642 ], [ -96.727363, 32.741616 ] ], [ [ -96.745755, 32.743175 ], [ -96.745739, 32.743232 ], [ -96.745739, 32.743267 ], [ -96.745692, 32.743294 ], [ -96.745708, 32.74335 ], [ -96.74576, 32.743342 ], [ -96.745786, 32.743417 ], [ -96.745817, 32.743448 ], [ -96.745875, 32.743448 ], [ -96.745938, 32.743443 ], [ -96.746335, 32.743434 ], [ -96.74645, 32.743417 ], [ -96.746591, 32.743377 ], [ -96.746622, 32.743329 ], [ -96.746633, 32.743232 ], [ -96.746648, 32.743197 ], [ -96.746633, 32.743166 ], [ -96.74658, 32.74318 ], [ -96.746512, 32.743175 ], [ -96.746047, 32.74289 ], [ -96.745906, 32.742722 ], [ -96.745828, 32.742617 ], [ -96.745786, 32.742542 ], [ -96.745765, 32.742458 ], [ -96.74577, 32.742367 ], [ -96.745802, 32.742274 ], [ -96.745812, 32.742182 ], [ -96.745807, 32.742085 ], [ -96.74576, 32.742024 ], [ -96.745726, 32.742006 ], [ -96.745671, 32.74205 ], [ -96.745629, 32.742129 ], [ -96.745614, 32.742238 ], [ -96.745634, 32.742564 ], [ -96.745681, 32.742679 ], [ -96.745723, 32.742758 ], [ -96.745781, 32.742846 ], [ -96.745823, 32.742942 ], [ -96.745817, 32.743057 ], [ -96.745786, 32.743122 ], [ -96.745755, 32.743175 ] ], [ [ -96.728494, 32.744822 ], [ -96.728795, 32.744902 ], [ -96.728867, 32.744912 ], [ -96.72894, 32.744912 ], [ -96.729067, 32.744898 ], [ -96.729294, 32.744856 ], [ -96.729407, 32.744829 ], [ -96.729666, 32.744745 ], [ -96.729806, 32.744669 ], [ -96.730022, 32.744534 ], [ -96.730161, 32.744495 ], [ -96.730309, 32.744462 ], [ -96.730413, 32.744459 ], [ -96.730505, 32.744491 ], [ -96.7306, 32.744531 ], [ -96.730573, 32.744153 ], [ -96.730384, 32.7434 ], [ -96.730179, 32.742004 ], [ -96.729992, 32.74201 ], [ -96.729919, 32.742 ], [ -96.729777, 32.741962 ], [ -96.729688, 32.741913 ], [ -96.729644, 32.741881 ], [ -96.729615, 32.741845 ], [ -96.729583, 32.741796 ], [ -96.729565, 32.74173 ], [ -96.729553, 32.741623 ], [ -96.729542, 32.741564 ], [ -96.729517, 32.741505 ], [ -96.729491, 32.741487 ], [ -96.729415, 32.741478 ], [ -96.729252, 32.741478 ], [ -96.729206, 32.741487 ], [ -96.729179, 32.741498 ], [ -96.729147, 32.741516 ], [ -96.729134, 32.741547 ], [ -96.729129, 32.741586 ], [ -96.72916, 32.741774 ], [ -96.729166, 32.741837 ], [ -96.729166, 32.741903 ], [ -96.729156, 32.741952 ], [ -96.729125, 32.74204 ], [ -96.729102, 32.742086 ], [ -96.72907, 32.742132 ], [ -96.729039, 32.74216 ], [ -96.728966, 32.742185 ], [ -96.728911, 32.742197 ], [ -96.728857, 32.742197 ], [ -96.728732, 32.742185 ], [ -96.728574, 32.742155 ], [ -96.728453, 32.742166 ], [ -96.728412, 32.742193 ], [ -96.728398, 32.74222 ], [ -96.728377, 32.742338 ], [ -96.728358, 32.742411 ], [ -96.728331, 32.742489 ], [ -96.728235, 32.742687 ], [ -96.728117, 32.742887 ], [ -96.72804, 32.742978 ], [ -96.727981, 32.743024 ], [ -96.727931, 32.74305 ], [ -96.727813, 32.743092 ], [ -96.727727, 32.743113 ], [ -96.727609, 32.743127 ], [ -96.727573, 32.74314 ], [ -96.727545, 32.743155 ], [ -96.727523, 32.743185 ], [ -96.727509, 32.743216 ], [ -96.727504, 32.743281 ], [ -96.727514, 32.743315 ], [ -96.727545, 32.743357 ], [ -96.727577, 32.743383 ], [ -96.727613, 32.743399 ], [ -96.72765, 32.743407 ], [ -96.727893, 32.743407 ], [ -96.728019, 32.743404 ], [ -96.72809, 32.74341 ], [ -96.72814, 32.743429 ], [ -96.728185, 32.743458 ], [ -96.728213, 32.743494 ], [ -96.728222, 32.743524 ], [ -96.728226, 32.743559 ], [ -96.728194, 32.743638 ], [ -96.728176, 32.743659 ], [ -96.728131, 32.743727 ], [ -96.72809, 32.743799 ], [ -96.728013, 32.743902 ], [ -96.727927, 32.744032 ], [ -96.727854, 32.744163 ], [ -96.727836, 32.744213 ], [ -96.727822, 32.74427 ], [ -96.727809, 32.744354 ], [ -96.727813, 32.744441 ], [ -96.727854, 32.744567 ], [ -96.727904, 32.744659 ], [ -96.727945, 32.744696 ], [ -96.727986, 32.74472 ], [ -96.728036, 32.744738 ], [ -96.72809, 32.744753 ], [ -96.728494, 32.744822 ] ], [ [ -96.741628, 32.744946 ], [ -96.741698, 32.745038 ], [ -96.741729, 32.745176 ], [ -96.741721, 32.745328 ], [ -96.741721, 32.745545 ], [ -96.741753, 32.745934 ], [ -96.741808, 32.746046 ], [ -96.74187, 32.746138 ], [ -96.742027, 32.746197 ], [ -96.742199, 32.746217 ], [ -96.744908, 32.74619 ], [ -96.745033, 32.746197 ], [ -96.745135, 32.746177 ], [ -96.745221, 32.746125 ], [ -96.745284, 32.746032 ], [ -96.745182, 32.743602 ], [ -96.745205, 32.743443 ], [ -96.745143, 32.743385 ], [ -96.744978, 32.743305 ], [ -96.744728, 32.74326 ], [ -96.743577, 32.743267 ], [ -96.743185, 32.74324 ], [ -96.74234, 32.743267 ], [ -96.742066, 32.743285 ], [ -96.741925, 32.74328 ], [ -96.741776, 32.743285 ], [ -96.741682, 32.743332 ], [ -96.741573, 32.743405 ], [ -96.741447, 32.743477 ], [ -96.741361, 32.74357 ], [ -96.741291, 32.743668 ], [ -96.741252, 32.743754 ], [ -96.741252, 32.743833 ], [ -96.741291, 32.743912 ], [ -96.741369, 32.743991 ], [ -96.74151, 32.744024 ], [ -96.741643, 32.744103 ], [ -96.741698, 32.744214 ], [ -96.741706, 32.74434 ], [ -96.741682, 32.74463 ], [ -96.741635, 32.744742 ], [ -96.741588, 32.744813 ], [ -96.741628, 32.744946 ] ], [ [ -96.723139, 32.75098 ], [ -96.723122, 32.751002 ], [ -96.723125, 32.751041 ], [ -96.723097, 32.75108 ], [ -96.722839, 32.751209 ], [ -96.72258, 32.751379 ], [ -96.722437, 32.751432 ], [ -96.722405, 32.751452 ], [ -96.722391, 32.751494 ], [ -96.722412, 32.751514 ], [ -96.722447, 32.751517 ], [ -96.723436, 32.751514 ], [ -96.724198, 32.7515 ], [ -96.724226, 32.751494 ], [ -96.724243, 32.751475 ], [ -96.724236, 32.751447 ], [ -96.724212, 32.751406 ], [ -96.724142, 32.75137 ], [ -96.724132, 32.75134 ], [ -96.72417, 32.751238 ], [ -96.724187, 32.750999 ], [ -96.724181, 32.750956 ], [ -96.72416, 32.750943 ], [ -96.724125, 32.750959 ], [ -96.724051, 32.751002 ], [ -96.724009, 32.751015 ], [ -96.723957, 32.751009 ], [ -96.723859, 32.750965 ], [ -96.723538, 32.750939 ], [ -96.723372, 32.750955 ], [ -96.723331, 32.750959 ], [ -96.723188, 32.750977 ], [ -96.723139, 32.75098 ] ], [ [ -96.720286, 32.752512 ], [ -96.72033, 32.752533 ], [ -96.720383, 32.752543 ], [ -96.720498, 32.75253 ], [ -96.720583, 32.752473 ], [ -96.720633, 32.752465 ], [ -96.720754, 32.752467 ], [ -96.720793, 32.752462 ], [ -96.720831, 32.752439 ], [ -96.72183, 32.751654 ], [ -96.721856, 32.751628 ], [ -96.721903, 32.751545 ], [ -96.721981, 32.751448 ], [ -96.721992, 32.751402 ], [ -96.722018, 32.750913 ], [ -96.722029, 32.749747 ], [ -96.722003, 32.749716 ], [ -96.721965, 32.749705 ], [ -96.720439, 32.749691 ], [ -96.720297, 32.749691 ], [ -96.720271, 32.749673 ], [ -96.720226, 32.749609 ], [ -96.720188, 32.7496 ], [ -96.720097, 32.749596 ], [ -96.719993, 32.7496 ], [ -96.719942, 32.749618 ], [ -96.719921, 32.749667 ], [ -96.719883, 32.749682 ], [ -96.719585, 32.749683 ], [ -96.718102, 32.749699 ], [ -96.718071, 32.749688 ], [ -96.718012, 32.749623 ], [ -96.717975, 32.749613 ], [ -96.71779, 32.749603 ], [ -96.717731, 32.749616 ], [ -96.717705, 32.749658 ], [ -96.717664, 32.749661 ], [ -96.717635, 32.749651 ], [ -96.717586, 32.749599 ], [ -96.717553, 32.749572 ], [ -96.717509, 32.749567 ], [ -96.717457, 32.749567 ], [ -96.717438, 32.749595 ], [ -96.717365, 32.749871 ], [ -96.71732, 32.750238 ], [ -96.717331, 32.750341 ], [ -96.717368, 32.750421 ], [ -96.717424, 32.750455 ], [ -96.717479, 32.750453 ], [ -96.71752, 32.750434 ], [ -96.717553, 32.750397 ], [ -96.717583, 32.750385 ], [ -96.717616, 32.750397 ], [ -96.717635, 32.750443 ], [ -96.717642, 32.750533 ], [ -96.71766, 32.750565 ], [ -96.717694, 32.75058 ], [ -96.717771, 32.750583 ], [ -96.717838, 32.750567 ], [ -96.717968, 32.750499 ], [ -96.718145, 32.750441 ], [ -96.718252, 32.750438 ], [ -96.718327, 32.750477 ], [ -96.718382, 32.75059 ], [ -96.718493, 32.750638 ], [ -96.718819, 32.750718 ], [ -96.718864, 32.750707 ], [ -96.718874, 32.750676 ], [ -96.718889, 32.750607 ], [ -96.718909, 32.750591 ], [ -96.718931, 32.750589 ], [ -96.718948, 32.750605 ], [ -96.718968, 32.750788 ], [ -96.718984, 32.750813 ], [ -96.719226, 32.750973 ], [ -96.719259, 32.750984 ], [ -96.719332, 32.750994 ], [ -96.7194, 32.750979 ], [ -96.71942, 32.750953 ], [ -96.719534, 32.750732 ], [ -96.719558, 32.750712 ], [ -96.719587, 32.750706 ], [ -96.719888, 32.750748 ], [ -96.719912, 32.750769 ], [ -96.71994, 32.750891 ], [ -96.719947, 32.751022 ], [ -96.719881, 32.751285 ], [ -96.719825, 32.751361 ], [ -96.719809, 32.751407 ], [ -96.719806, 32.751837 ], [ -96.719751, 32.752248 ], [ -96.719688, 32.752397 ], [ -96.719629, 32.752502 ], [ -96.719618, 32.752626 ], [ -96.719603, 32.752661 ], [ -96.719554, 32.752699 ], [ -96.719558, 32.752735 ], [ -96.719598, 32.752783 ], [ -96.719669, 32.752808 ], [ -96.719751, 32.752817 ], [ -96.71981, 32.752808 ], [ -96.719858, 32.752767 ], [ -96.719882, 32.752712 ], [ -96.719942, 32.752685 ], [ -96.719949, 32.75266 ], [ -96.719957, 32.752577 ], [ -96.719967, 32.752533 ], [ -96.720002, 32.752512 ], [ -96.720082, 32.752499 ], [ -96.72025, 32.752502 ], [ -96.720286, 32.752512 ] ], [ [ -96.721929, 32.751803 ], [ -96.7219, 32.751802 ], [ -96.721856, 32.751828 ], [ -96.721479, 32.75208 ], [ -96.721141, 32.752299 ], [ -96.721053, 32.752359 ], [ -96.721014, 32.752399 ], [ -96.721004, 32.752444 ], [ -96.721028, 32.752482 ], [ -96.721072, 32.752489 ], [ -96.721522, 32.752498 ], [ -96.721773, 32.752494 ], [ -96.721933, 32.752492 ], [ -96.721957, 32.752472 ], [ -96.721972, 32.752424 ], [ -96.721968, 32.752157 ], [ -96.721944, 32.751829 ], [ -96.721929, 32.751803 ] ], [ [ -96.720869, 32.762856 ], [ -96.720964, 32.762945 ], [ -96.721009, 32.763027 ], [ -96.72101, 32.763298 ], [ -96.721028, 32.763381 ], [ -96.721088, 32.763474 ], [ -96.721132, 32.763559 ], [ -96.721198, 32.763615 ], [ -96.72123, 32.763631 ], [ -96.721264, 32.763611 ], [ -96.721925, 32.762894 ], [ -96.722276, 32.762554 ], [ -96.722304, 32.762548 ], [ -96.722434, 32.762548 ], [ -96.722464, 32.762524 ], [ -96.722472, 32.762486 ], [ -96.722427, 32.762386 ], [ -96.722383, 32.762335 ], [ -96.72236, 32.762308 ], [ -96.722312, 32.7623 ], [ -96.722181, 32.762335 ], [ -96.722146, 32.762335 ], [ -96.722124, 32.76233 ], [ -96.721711, 32.761917 ], [ -96.721672, 32.761902 ], [ -96.721606, 32.761906 ], [ -96.721462, 32.761931 ], [ -96.721208, 32.762021 ], [ -96.721044, 32.762117 ], [ -96.72101, 32.762116 ], [ -96.720925, 32.762097 ], [ -96.720861, 32.762111 ], [ -96.720801, 32.762159 ], [ -96.720733, 32.762231 ], [ -96.720712, 32.762322 ], [ -96.720695, 32.762348 ], [ -96.720656, 32.762358 ], [ -96.720617, 32.762372 ], [ -96.720595, 32.762425 ], [ -96.720595, 32.762469 ], [ -96.720615, 32.762501 ], [ -96.720665, 32.762546 ], [ -96.720683, 32.762572 ], [ -96.720678, 32.762613 ], [ -96.720625, 32.762653 ], [ -96.720621, 32.762681 ], [ -96.720643, 32.762712 ], [ -96.720706, 32.762762 ], [ -96.720869, 32.762856 ] ], [ [ -96.731765, 32.775736 ], [ -96.731837, 32.77572 ], [ -96.732032, 32.775654 ], [ -96.732137, 32.775593 ], [ -96.732375, 32.775404 ], [ -96.732886, 32.77492 ], [ -96.73363, 32.774288 ], [ -96.733926, 32.77402 ], [ -96.734127, 32.773823 ], [ -96.734241, 32.773246 ], [ -96.734423, 32.772166 ], [ -96.734492, 32.771945 ], [ -96.735197, 32.77031 ], [ -96.735217, 32.770229 ], [ -96.735231, 32.770127 ], [ -96.735228, 32.770006 ], [ -96.735201, 32.76988 ], [ -96.735143, 32.769672 ], [ -96.735079, 32.769559 ], [ -96.735034, 32.769502 ], [ -96.734917, 32.769373 ], [ -96.734754, 32.769243 ], [ -96.734144, 32.76887 ], [ -96.733823, 32.768696 ], [ -96.732938, 32.768163 ], [ -96.732561, 32.767975 ], [ -96.732183, 32.767879 ], [ -96.731866, 32.767857 ], [ -96.731556, 32.767909 ], [ -96.731349, 32.767966 ], [ -96.731156, 32.768058 ], [ -96.731034, 32.768124 ], [ -96.730898, 32.768208 ], [ -96.730791, 32.768295 ], [ -96.730692, 32.768405 ], [ -96.730562, 32.768575 ], [ -96.730481, 32.768709 ], [ -96.730343, 32.768984 ], [ -96.730192, 32.769252 ], [ -96.730115, 32.769454 ], [ -96.730102, 32.769503 ], [ -96.730048, 32.769972 ], [ -96.730034, 32.770214 ], [ -96.730017, 32.77038 ], [ -96.729999, 32.770466 ], [ -96.729944, 32.771048 ], [ -96.72989, 32.771528 ], [ -96.729881, 32.771683 ], [ -96.729558, 32.774818 ], [ -96.729549, 32.774977 ], [ -96.729553, 32.775025 ], [ -96.729567, 32.775105 ], [ -96.72963, 32.775264 ], [ -96.729706, 32.775357 ], [ -96.729787, 32.775444 ], [ -96.729872, 32.775517 ], [ -96.729998, 32.775588 ], [ -96.73012, 32.775641 ], [ -96.730196, 32.775661 ], [ -96.730326, 32.775686 ], [ -96.73056, 32.775706 ], [ -96.730866, 32.77574 ], [ -96.731149, 32.775754 ], [ -96.731266, 32.775754 ], [ -96.731356, 32.775759 ], [ -96.731621, 32.775754 ], [ -96.731765, 32.775736 ] ], [ [ -96.72993, 32.777158 ], [ -96.730002, 32.777135 ], [ -96.730083, 32.777094 ], [ -96.730142, 32.777029 ], [ -96.730182, 32.776949 ], [ -96.730173, 32.776866 ], [ -96.730106, 32.776786 ], [ -96.730079, 32.776744 ], [ -96.730065, 32.776688 ], [ -96.730065, 32.776608 ], [ -96.730115, 32.776532 ], [ -96.730223, 32.776445 ], [ -96.730273, 32.776437 ], [ -96.730358, 32.776463 ], [ -96.730396, 32.776435 ], [ -96.730378, 32.776392 ], [ -96.730358, 32.776367 ], [ -96.730297, 32.776352 ], [ -96.730141, 32.776297 ], [ -96.730076, 32.776254 ], [ -96.729954, 32.77619 ], [ -96.729698, 32.7761 ], [ -96.729642, 32.776086 ], [ -96.729538, 32.776049 ], [ -96.729481, 32.776016 ], [ -96.729407, 32.775965 ], [ -96.729347, 32.775896 ], [ -96.729273, 32.77583 ], [ -96.72919, 32.775739 ], [ -96.729125, 32.775626 ], [ -96.729108, 32.775564 ], [ -96.729082, 32.775542 ], [ -96.728917, 32.775548 ], [ -96.728791, 32.775602 ], [ -96.728782, 32.775633 ], [ -96.728787, 32.775709 ], [ -96.728787, 32.775799 ], [ -96.728827, 32.775967 ], [ -96.7288, 32.77613 ], [ -96.728773, 32.776224 ], [ -96.728755, 32.776316 ], [ -96.728714, 32.776387 ], [ -96.728646, 32.77646 ], [ -96.728588, 32.776524 ], [ -96.728435, 32.776668 ], [ -96.728277, 32.776794 ], [ -96.728214, 32.776881 ], [ -96.728169, 32.776957 ], [ -96.728133, 32.777101 ], [ -96.728128, 32.77723 ], [ -96.72816, 32.777529 ], [ -96.728155, 32.777718 ], [ -96.728169, 32.777768 ], [ -96.728458, 32.777744 ], [ -96.728494, 32.777735 ], [ -96.728549, 32.777731 ], [ -96.728549, 32.777662 ], [ -96.728539, 32.777606 ], [ -96.728539, 32.777561 ], [ -96.72858, 32.777545 ], [ -96.728634, 32.777541 ], [ -96.728684, 32.777515 ], [ -96.728734, 32.777439 ], [ -96.728756, 32.777371 ], [ -96.728734, 32.777203 ], [ -96.728752, 32.777151 ], [ -96.728806, 32.777109 ], [ -96.728878, 32.777105 ], [ -96.728982, 32.777135 ], [ -96.729162, 32.77717 ], [ -96.72937, 32.777192 ], [ -96.729645, 32.777192 ], [ -96.72993, 32.777158 ] ], [ [ -96.724723, 32.791801 ], [ -96.724759, 32.791835 ], [ -96.7248, 32.791831 ], [ -96.724845, 32.791812 ], [ -96.724953, 32.791721 ], [ -96.724985, 32.791683 ], [ -96.725007, 32.791649 ], [ -96.725053, 32.791607 ], [ -96.725116, 32.791562 ], [ -96.72522, 32.791519 ], [ -96.725309, 32.791409 ], [ -96.725341, 32.791337 ], [ -96.725354, 32.791226 ], [ -96.725399, 32.791189 ], [ -96.725404, 32.79114 ], [ -96.725399, 32.79106 ], [ -96.725381, 32.790988 ], [ -96.725223, 32.790632 ], [ -96.72507, 32.79036 ], [ -96.725034, 32.790246 ], [ -96.725015, 32.790204 ], [ -96.724975, 32.790166 ], [ -96.724948, 32.790128 ], [ -96.724871, 32.79009 ], [ -96.724821, 32.790045 ], [ -96.724713, 32.790015 ], [ -96.724618, 32.790018 ], [ -96.724519, 32.790049 ], [ -96.724455, 32.790045 ], [ -96.724401, 32.790026 ], [ -96.724356, 32.78998 ], [ -96.724311, 32.789962 ], [ -96.724225, 32.789962 ], [ -96.724175, 32.789996 ], [ -96.724148, 32.790027 ], [ -96.724094, 32.790041 ], [ -96.724044, 32.790049 ], [ -96.724022, 32.790084 ], [ -96.724031, 32.790109 ], [ -96.724099, 32.790129 ], [ -96.72413, 32.790216 ], [ -96.724108, 32.790254 ], [ -96.724094, 32.790292 ], [ -96.724108, 32.790353 ], [ -96.72418, 32.790357 ], [ -96.724198, 32.790418 ], [ -96.724279, 32.790387 ], [ -96.724333, 32.790372 ], [ -96.724388, 32.790347 ], [ -96.724437, 32.790333 ], [ -96.72446, 32.790386 ], [ -96.724234, 32.790452 ], [ -96.724216, 32.790493 ], [ -96.724248, 32.790528 ], [ -96.724329, 32.790592 ], [ -96.724344, 32.790624 ], [ -96.724365, 32.79067 ], [ -96.72441, 32.790737 ], [ -96.724446, 32.790833 ], [ -96.724437, 32.790905 ], [ -96.724451, 32.790989 ], [ -96.724496, 32.791128 ], [ -96.724546, 32.791251 ], [ -96.724586, 32.791292 ], [ -96.72466, 32.791584 ], [ -96.724723, 32.791801 ] ], [ [ -96.723631, 32.804851 ], [ -96.723621, 32.804889 ], [ -96.72386, 32.805266 ], [ -96.723935, 32.805354 ], [ -96.724159, 32.805824 ], [ -96.724214, 32.805906 ], [ -96.724269, 32.805932 ], [ -96.724318, 32.805937 ], [ -96.724463, 32.805932 ], [ -96.724612, 32.805916 ], [ -96.724867, 32.805932 ], [ -96.725026, 32.805953 ], [ -96.725121, 32.805979 ], [ -96.725206, 32.805974 ], [ -96.725305, 32.805912 ], [ -96.725325, 32.805853 ], [ -96.725305, 32.805752 ], [ -96.72528, 32.805701 ], [ -96.72526, 32.805677 ], [ -96.725211, 32.805669 ], [ -96.725091, 32.805677 ], [ -96.724917, 32.805618 ], [ -96.724857, 32.805622 ], [ -96.724786, 32.805649 ], [ -96.724757, 32.80566 ], [ -96.724712, 32.80566 ], [ -96.724617, 32.805543 ], [ -96.724598, 32.805487 ], [ -96.724608, 32.805446 ], [ -96.724662, 32.805371 ], [ -96.724772, 32.805262 ], [ -96.724807, 32.805237 ], [ -96.724852, 32.805241 ], [ -96.724922, 32.805296 ], [ -96.724981, 32.805374 ], [ -96.725014, 32.805436 ], [ -96.725048, 32.805449 ], [ -96.725167, 32.805419 ], [ -96.725181, 32.8054 ], [ -96.725174, 32.805369 ], [ -96.725158, 32.805348 ], [ -96.724946, 32.805191 ], [ -96.724762, 32.805086 ], [ -96.724735, 32.805042 ], [ -96.724702, 32.804927 ], [ -96.724608, 32.804763 ], [ -96.724538, 32.804716 ], [ -96.724448, 32.804701 ], [ -96.723695, 32.804826 ], [ -96.723631, 32.804851 ] ], [ [ -96.72446, 32.80737 ], [ -96.724496, 32.807374 ], [ -96.724582, 32.807361 ], [ -96.724652, 32.80737 ], [ -96.724742, 32.807403 ], [ -96.724771, 32.807431 ], [ -96.724797, 32.807499 ], [ -96.724852, 32.807561 ], [ -96.724892, 32.807583 ], [ -96.724931, 32.807583 ], [ -96.725091, 32.807491 ], [ -96.725211, 32.807391 ], [ -96.725454, 32.807215 ], [ -96.725549, 32.807114 ], [ -96.725588, 32.807002 ], [ -96.725598, 32.806872 ], [ -96.725544, 32.806508 ], [ -96.725509, 32.80648 ], [ -96.725451, 32.806473 ], [ -96.725399, 32.806478 ], [ -96.725324, 32.806466 ], [ -96.725264, 32.806449 ], [ -96.725146, 32.806377 ], [ -96.72509, 32.806296 ], [ -96.725084, 32.806239 ], [ -96.725085, 32.8062 ], [ -96.725071, 32.806172 ], [ -96.725031, 32.806155 ], [ -96.724912, 32.806143 ], [ -96.724777, 32.806119 ], [ -96.724717, 32.806136 ], [ -96.724696, 32.806164 ], [ -96.724697, 32.806207 ], [ -96.724737, 32.806301 ], [ -96.724741, 32.806323 ], [ -96.724726, 32.806341 ], [ -96.724568, 32.80637 ], [ -96.724503, 32.806433 ], [ -96.724408, 32.806479 ], [ -96.724398, 32.806513 ], [ -96.724405, 32.806527 ], [ -96.724418, 32.806556 ], [ -96.724448, 32.806578 ], [ -96.724507, 32.806569 ], [ -96.724577, 32.806527 ], [ -96.724616, 32.806512 ], [ -96.724641, 32.806524 ], [ -96.724651, 32.806562 ], [ -96.724647, 32.806617 ], [ -96.724611, 32.806745 ], [ -96.724548, 32.806854 ], [ -96.724408, 32.806913 ], [ -96.724235, 32.807001 ], [ -96.7242, 32.807034 ], [ -96.7242, 32.807068 ], [ -96.724225, 32.807088 ], [ -96.72426, 32.807097 ], [ -96.724369, 32.807085 ], [ -96.724523, 32.807093 ], [ -96.724574, 32.807105 ], [ -96.724598, 32.807131 ], [ -96.724603, 32.80716 ], [ -96.724578, 32.807201 ], [ -96.724461, 32.807298 ], [ -96.724443, 32.807328 ], [ -96.724441, 32.807353 ], [ -96.72446, 32.80737 ] ], [ [ -96.743413, 32.809986 ], [ -96.743441, 32.809994 ], [ -96.743512, 32.810024 ], [ -96.743564, 32.810027 ], [ -96.7436, 32.81004 ], [ -96.743637, 32.81007 ], [ -96.743674, 32.81012 ], [ -96.743698, 32.810128 ], [ -96.743782, 32.81011 ], [ -96.743818, 32.810109 ], [ -96.743849, 32.810112 ], [ -96.743877, 32.810105 ], [ -96.743894, 32.810079 ], [ -96.74392, 32.810057 ], [ -96.74397, 32.809997 ], [ -96.743974, 32.809959 ], [ -96.743952, 32.809952 ], [ -96.743931, 32.809959 ], [ -96.743926, 32.809987 ], [ -96.74389, 32.810023 ], [ -96.74387, 32.81001 ], [ -96.74387, 32.809967 ], [ -96.74388, 32.809939 ], [ -96.743901, 32.809905 ], [ -96.743896, 32.809866 ], [ -96.743864, 32.809863 ], [ -96.743803, 32.80989 ], [ -96.743772, 32.80989 ], [ -96.743704, 32.809834 ], [ -96.743653, 32.809818 ], [ -96.743578, 32.809811 ], [ -96.743461, 32.809821 ], [ -96.743436, 32.809904 ], [ -96.743396, 32.809938 ], [ -96.743388, 32.809955 ], [ -96.743396, 32.809972 ], [ -96.743413, 32.809986 ] ], [ [ -96.743921, 32.810187 ], [ -96.743964, 32.810239 ], [ -96.743998, 32.810302 ], [ -96.744044, 32.810338 ], [ -96.744077, 32.81035 ], [ -96.744142, 32.810347 ], [ -96.74417, 32.810336 ], [ -96.744187, 32.810322 ], [ -96.744232, 32.810295 ], [ -96.744362, 32.810246 ], [ -96.74456, 32.810133 ], [ -96.744646, 32.810094 ], [ -96.744705, 32.810076 ], [ -96.744736, 32.810041 ], [ -96.744754, 32.809962 ], [ -96.744742, 32.809932 ], [ -96.744717, 32.809908 ], [ -96.744678, 32.809901 ], [ -96.744624, 32.80991 ], [ -96.744583, 32.809922 ], [ -96.744497, 32.809927 ], [ -96.744345, 32.809894 ], [ -96.74431, 32.809894 ], [ -96.744276, 32.809905 ], [ -96.744227, 32.809975 ], [ -96.744189, 32.810012 ], [ -96.744154, 32.810037 ], [ -96.744126, 32.810063 ], [ -96.744105, 32.810093 ], [ -96.74406, 32.810124 ], [ -96.744013, 32.810119 ], [ -96.743999, 32.810104 ], [ -96.743972, 32.810088 ], [ -96.743935, 32.810088 ], [ -96.743909, 32.810119 ], [ -96.743902, 32.810141 ], [ -96.743906, 32.810159 ], [ -96.743921, 32.810187 ] ], [ [ -96.749029, 32.813614 ], [ -96.749115, 32.813708 ], [ -96.749302, 32.813823 ], [ -96.749348, 32.813831 ], [ -96.749377, 32.813829 ], [ -96.749539, 32.813764 ], [ -96.749546, 32.813738 ], [ -96.74951, 32.813705 ], [ -96.749481, 32.81366 ], [ -96.749478, 32.813629 ], [ -96.74951, 32.813611 ], [ -96.749564, 32.813611 ], [ -96.749585, 32.813623 ], [ -96.749632, 32.813602 ], [ -96.74965, 32.813584 ], [ -96.74965, 32.813557 ], [ -96.749603, 32.813544 ], [ -96.749567, 32.81355 ], [ -96.749557, 32.813515 ], [ -96.749549, 32.81333 ], [ -96.749546, 32.813056 ], [ -96.749514, 32.813029 ], [ -96.749463, 32.813026 ], [ -96.749255, 32.813038 ], [ -96.749104, 32.813059 ], [ -96.749065, 32.813071 ], [ -96.749011, 32.813101 ], [ -96.748986, 32.813139 ], [ -96.748953, 32.813254 ], [ -96.74895, 32.813358 ], [ -96.74891, 32.81337 ], [ -96.748842, 32.813364 ], [ -96.748802, 32.813375 ], [ -96.748784, 32.813388 ], [ -96.748774, 32.813418 ], [ -96.748756, 32.813515 ], [ -96.748784, 32.813539 ], [ -96.748833, 32.813554 ], [ -96.748864, 32.813563 ], [ -96.74896, 32.813575 ], [ -96.749029, 32.813614 ] ], [ [ -96.727223, 32.815624 ], [ -96.726676, 32.816792 ], [ -96.728241, 32.819656 ], [ -96.729906, 32.819144 ], [ -96.729614, 32.817849 ], [ -96.729267, 32.817278 ], [ -96.729342, 32.816586 ], [ -96.727955, 32.815466 ], [ -96.727731, 32.815406 ], [ -96.727588, 32.815432 ], [ -96.727391, 32.815486 ], [ -96.727223, 32.815624 ] ], [ [ -96.731553, 32.832691 ], [ -96.731553, 32.832624 ], [ -96.73159, 32.83261 ], [ -96.731637, 32.832616 ], [ -96.731679, 32.832585 ], [ -96.731721, 32.832536 ], [ -96.731727, 32.832495 ], [ -96.731695, 32.832395 ], [ -96.7317, 32.832346 ], [ -96.731737, 32.832288 ], [ -96.731837, 32.832173 ], [ -96.731927, 32.832032 ], [ -96.731954, 32.831965 ], [ -96.731986, 32.831867 ], [ -96.731986, 32.831805 ], [ -96.731965, 32.831748 ], [ -96.731907, 32.831673 ], [ -96.731865, 32.831645 ], [ -96.731807, 32.831628 ], [ -96.731738, 32.831624 ], [ -96.731591, 32.831633 ], [ -96.731343, 32.831673 ], [ -96.731121, 32.83169 ], [ -96.730974, 32.831682 ], [ -96.730816, 32.831667 ], [ -96.730768, 32.831673 ], [ -96.73071, 32.831686 ], [ -96.730663, 32.831673 ], [ -96.730624, 32.83162 ], [ -96.7306, 32.831572 ], [ -96.730579, 32.831452 ], [ -96.730594, 32.831381 ], [ -96.730573, 32.831346 ], [ -96.730542, 32.831319 ], [ -96.730452, 32.831283 ], [ -96.730368, 32.831235 ], [ -96.730268, 32.831169 ], [ -96.730146, 32.831097 ], [ -96.730046, 32.831018 ], [ -96.729976, 32.830955 ], [ -96.729751, 32.830638 ], [ -96.729576, 32.830239 ], [ -96.729343, 32.829565 ], [ -96.729185, 32.829143 ], [ -96.729115, 32.828944 ], [ -96.729084, 32.828809 ], [ -96.729089, 32.82847 ], [ -96.729049, 32.827925 ], [ -96.728976, 32.827373 ], [ -96.728966, 32.827104 ], [ -96.72893, 32.826969 ], [ -96.728899, 32.826794 ], [ -96.728728, 32.82643 ], [ -96.728614, 32.826245 ], [ -96.728454, 32.826016 ], [ -96.728381, 32.825864 ], [ -96.72835, 32.825668 ], [ -96.72835, 32.82542 ], [ -96.728408, 32.825288 ], [ -96.728454, 32.825201 ], [ -96.728511, 32.825132 ], [ -96.728599, 32.825066 ], [ -96.728729, 32.825006 ], [ -96.729096, 32.824888 ], [ -96.72922, 32.824866 ], [ -96.729334, 32.824862 ], [ -96.729484, 32.824862 ], [ -96.729624, 32.824888 ], [ -96.72979, 32.824906 ], [ -96.730121, 32.824975 ], [ -96.730282, 32.825028 ], [ -96.730401, 32.825089 ], [ -96.730489, 32.825158 ], [ -96.730702, 32.825355 ], [ -96.730833, 32.825353 ], [ -96.730916, 32.825363 ], [ -96.730978, 32.82538 ], [ -96.731019, 32.825415 ], [ -96.731024, 32.82544 ], [ -96.731002, 32.825463 ], [ -96.730967, 32.825476 ], [ -96.730905, 32.825553 ], [ -96.730864, 32.825619 ], [ -96.73085, 32.825663 ], [ -96.730878, 32.825778 ], [ -96.730963, 32.825859 ], [ -96.731074, 32.826103 ], [ -96.731121, 32.826196 ], [ -96.731195, 32.826324 ], [ -96.731264, 32.826405 ], [ -96.731322, 32.826462 ], [ -96.731444, 32.826546 ], [ -96.731576, 32.826618 ], [ -96.731639, 32.826689 ], [ -96.731671, 32.826715 ], [ -96.731703, 32.826732 ], [ -96.73174, 32.826742 ], [ -96.731782, 32.82676 ], [ -96.731814, 32.826715 ], [ -96.731845, 32.826662 ], [ -96.731867, 32.826546 ], [ -96.731845, 32.826417 ], [ -96.731814, 32.826183 ], [ -96.731786, 32.826054 ], [ -96.731725, 32.825868 ], [ -96.731536, 32.825245 ], [ -96.731505, 32.825159 ], [ -96.731496, 32.825133 ], [ -96.731433, 32.825047 ], [ -96.731358, 32.825042 ], [ -96.731266, 32.825093 ], [ -96.731173, 32.825183 ], [ -96.731143, 32.825179 ], [ -96.73113, 32.825148 ], [ -96.731184, 32.824983 ], [ -96.731212, 32.824826 ], [ -96.731172, 32.824614 ], [ -96.731158, 32.824497 ], [ -96.731119, 32.824412 ], [ -96.731028, 32.824239 ], [ -96.730937, 32.82417 ], [ -96.73086, 32.824167 ], [ -96.730808, 32.824147 ], [ -96.73075, 32.824114 ], [ -96.730683, 32.824062 ], [ -96.730549, 32.824001 ], [ -96.730232, 32.823756 ], [ -96.730075, 32.823623 ], [ -96.729976, 32.823505 ], [ -96.729855, 32.82336 ], [ -96.729811, 32.823292 ], [ -96.729724, 32.823053 ], [ -96.729623, 32.822884 ], [ -96.729513, 32.822748 ], [ -96.729346, 32.822663 ], [ -96.729255, 32.822603 ], [ -96.729154, 32.822494 ], [ -96.729054, 32.8223 ], [ -96.728948, 32.822166 ], [ -96.72879, 32.822022 ], [ -96.728742, 32.821921 ], [ -96.728665, 32.821716 ], [ -96.728569, 32.821563 ], [ -96.728315, 32.821139 ], [ -96.728287, 32.821035 ], [ -96.728314, 32.820934 ], [ -96.728386, 32.820793 ], [ -96.728415, 32.820692 ], [ -96.728391, 32.82059 ], [ -96.728223, 32.820309 ], [ -96.726948, 32.818572 ], [ -96.724302, 32.814851 ], [ -96.724273, 32.814831 ], [ -96.724201, 32.814831 ], [ -96.724154, 32.814796 ], [ -96.723872, 32.814929 ], [ -96.723844, 32.814943 ], [ -96.72355, 32.815102 ], [ -96.723502, 32.815146 ], [ -96.723488, 32.815195 ], [ -96.72345, 32.815278 ], [ -96.723416, 32.815331 ], [ -96.723363, 32.815372 ], [ -96.723306, 32.815392 ], [ -96.72243, 32.815559 ], [ -96.721673, 32.815997 ], [ -96.721517, 32.816063 ], [ -96.721407, 32.816101 ], [ -96.721231, 32.816183 ], [ -96.72103, 32.816291 ], [ -96.720737, 32.816505 ], [ -96.720497, 32.816696 ], [ -96.720042, 32.817079 ], [ -96.719983, 32.817171 ], [ -96.719951, 32.817259 ], [ -96.719918, 32.817374 ], [ -96.719905, 32.817434 ], [ -96.719866, 32.817559 ], [ -96.71971, 32.817832 ], [ -96.719548, 32.818089 ], [ -96.719431, 32.818253 ], [ -96.719288, 32.818399 ], [ -96.719132, 32.818499 ], [ -96.719093, 32.818542 ], [ -96.719093, 32.818586 ], [ -96.719099, 32.818624 ], [ -96.719125, 32.818657 ], [ -96.719177, 32.818683 ], [ -96.719236, 32.8187 ], [ -96.719528, 32.818711 ], [ -96.719658, 32.818723 ], [ -96.719827, 32.818787 ], [ -96.719899, 32.818848 ], [ -96.719951, 32.818908 ], [ -96.720029, 32.819029 ], [ -96.720263, 32.819634 ], [ -96.720367, 32.819919 ], [ -96.720393, 32.82 ], [ -96.720399, 32.820072 ], [ -96.720393, 32.820613 ], [ -96.720399, 32.820694 ], [ -96.720432, 32.820808 ], [ -96.720484, 32.820962 ], [ -96.720555, 32.821137 ], [ -96.720633, 32.821278 ], [ -96.720679, 32.821339 ], [ -96.720731, 32.821497 ], [ -96.720776, 32.821694 ], [ -96.720835, 32.821869 ], [ -96.720841, 32.821923 ], [ -96.720828, 32.821993 ], [ -96.720776, 32.822387 ], [ -96.72075, 32.822442 ], [ -96.720705, 32.822491 ], [ -96.72038, 32.822736 ], [ -96.720295, 32.822786 ], [ -96.720211, 32.822819 ], [ -96.720061, 32.822868 ], [ -96.719944, 32.822918 ], [ -96.719099, 32.823332 ], [ -96.7188, 32.823507 ], [ -96.718585, 32.823649 ], [ -96.718104, 32.824043 ], [ -96.717695, 32.824491 ], [ -96.717389, 32.824775 ], [ -96.717266, 32.824906 ], [ -96.717116, 32.825097 ], [ -96.716986, 32.825195 ], [ -96.716843, 32.825336 ], [ -96.716791, 32.825408 ], [ -96.716739, 32.825468 ], [ -96.716674, 32.825522 ], [ -96.716557, 32.825605 ], [ -96.716505, 32.825649 ], [ -96.716473, 32.825687 ], [ -96.71646, 32.825725 ], [ -96.716434, 32.825873 ], [ -96.716278, 32.826166 ], [ -96.716154, 32.82632 ], [ -96.715966, 32.826926 ], [ -96.715855, 32.827435 ], [ -96.715732, 32.827751 ], [ -96.715621, 32.828052 ], [ -96.715608, 32.82815 ], [ -96.715621, 32.828204 ], [ -96.715673, 32.828254 ], [ -96.715907, 32.828384 ], [ -96.716037, 32.828434 ], [ -96.716154, 32.828494 ], [ -96.716317, 32.828598 ], [ -96.716362, 32.828614 ], [ -96.716427, 32.828625 ], [ -96.716499, 32.828707 ], [ -96.716544, 32.828746 ], [ -96.716902, 32.828975 ], [ -96.717149, 32.829101 ], [ -96.717513, 32.829248 ], [ -96.717591, 32.829286 ], [ -96.717669, 32.829313 ], [ -96.71773, 32.829377 ], [ -96.717764, 32.829447 ], [ -96.717824, 32.829667 ], [ -96.717896, 32.830171 ], [ -96.717896, 32.830514 ], [ -96.71786, 32.830782 ], [ -96.717792, 32.831003 ], [ -96.717741, 32.831083 ], [ -96.717589, 32.831304 ], [ -96.717424, 32.831516 ], [ -96.717222, 32.831752 ], [ -96.717043, 32.831947 ], [ -96.716898, 32.832071 ], [ -96.716784, 32.832175 ], [ -96.716675, 32.832243 ], [ -96.71658, 32.832275 ], [ -96.71648, 32.83229 ], [ -96.716162, 32.832255 ], [ -96.715973, 32.832287 ], [ -96.715843, 32.832299 ], [ -96.715767, 32.832295 ], [ -96.715479, 32.832211 ], [ -96.715384, 32.832195 ], [ -96.715185, 32.832231 ], [ -96.715095, 32.832231 ], [ -96.714925, 32.832188 ], [ -96.714773, 32.832188 ], [ -96.714626, 32.832196 ], [ -96.714441, 32.832223 ], [ -96.71428, 32.832259 ], [ -96.714147, 32.832324 ], [ -96.713885, 32.832439 ], [ -96.713285, 32.832746 ], [ -96.712895, 32.83307 ], [ -96.712708, 32.83318 ], [ -96.712465, 32.833416 ], [ -96.712362, 32.833486 ], [ -96.712334, 32.833581 ], [ -96.712128, 32.833793 ], [ -96.712053, 32.833833 ], [ -96.711969, 32.833973 ], [ -96.711969, 32.834094 ], [ -96.711955, 32.834138 ], [ -96.711793, 32.834249 ], [ -96.711751, 32.834294 ], [ -96.711746, 32.83433 ], [ -96.711751, 32.83437 ], [ -96.711774, 32.834398 ], [ -96.711817, 32.834401 ], [ -96.71194, 32.834325 ], [ -96.712021, 32.834262 ], [ -96.712078, 32.834254 ], [ -96.712145, 32.834282 ], [ -96.712206, 32.834286 ], [ -96.712254, 32.834266 ], [ -96.712334, 32.834193 ], [ -96.712425, 32.834158 ], [ -96.712524, 32.834145 ], [ -96.712657, 32.834166 ], [ -96.712752, 32.834198 ], [ -96.712889, 32.834291 ], [ -96.712966, 32.834377 ], [ -96.713017, 32.834453 ], [ -96.713055, 32.834587 ], [ -96.713236, 32.834671 ], [ -96.713331, 32.834719 ], [ -96.713386, 32.834781 ], [ -96.71339, 32.834834 ], [ -96.713354, 32.834907 ], [ -96.713286, 32.834956 ], [ -96.713209, 32.83502 ], [ -96.713114, 32.835089 ], [ -96.712938, 32.835184 ], [ -96.712241, 32.835503 ], [ -96.712161, 32.835559 ], [ -96.712157, 32.835589 ], [ -96.712193, 32.835603 ], [ -96.712273, 32.835586 ], [ -96.712721, 32.83542 ], [ -96.713042, 32.835309 ], [ -96.713472, 32.835195 ], [ -96.71368, 32.835146 ], [ -96.713833, 32.835119 ], [ -96.713892, 32.835116 ], [ -96.713946, 32.835135 ], [ -96.714028, 32.835192 ], [ -96.714096, 32.835226 ], [ -96.714164, 32.835222 ], [ -96.714367, 32.835195 ], [ -96.714571, 32.835206 ], [ -96.714738, 32.835259 ], [ -96.71486, 32.83531 ], [ -96.714975, 32.835454 ], [ -96.715056, 32.835625 ], [ -96.715129, 32.83576 ], [ -96.715162, 32.835918 ], [ -96.715214, 32.836413 ], [ -96.715286, 32.836691 ], [ -96.715309, 32.836798 ], [ -96.715322, 32.836903 ], [ -96.715345, 32.836984 ], [ -96.715399, 32.837071 ], [ -96.715417, 32.837136 ], [ -96.715589, 32.838469 ], [ -96.715598, 32.838617 ], [ -96.715582, 32.839109 ], [ -96.715605, 32.83943 ], [ -96.715587, 32.839734 ], [ -96.715559, 32.839813 ], [ -96.715546, 32.839883 ], [ -96.71555, 32.839936 ], [ -96.715633, 32.840232 ], [ -96.715791, 32.840622 ], [ -96.715891, 32.84077 ], [ -96.715985, 32.840922 ], [ -96.716118, 32.841065 ], [ -96.716349, 32.841301 ], [ -96.716407, 32.841335 ], [ -96.716484, 32.841327 ], [ -96.716543, 32.841335 ], [ -96.716579, 32.841369 ], [ -96.71661, 32.841414 ], [ -96.716692, 32.841445 ], [ -96.716773, 32.841487 ], [ -96.716949, 32.841589 ], [ -96.71708, 32.841703 ], [ -96.717143, 32.841831 ], [ -96.717206, 32.841904 ], [ -96.717287, 32.841942 ], [ -96.717441, 32.842003 ], [ -96.717594, 32.842045 ], [ -96.717712, 32.84209 ], [ -96.717838, 32.842162 ], [ -96.717958, 32.842253 ], [ -96.718382, 32.842464 ], [ -96.718637, 32.842585 ], [ -96.718679, 32.842616 ], [ -96.718712, 32.842663 ], [ -96.718729, 32.842742 ], [ -96.718756, 32.842768 ], [ -96.718778, 32.842806 ], [ -96.718792, 32.842855 ], [ -96.718783, 32.842931 ], [ -96.718803, 32.84301 ], [ -96.718828, 32.843057 ], [ -96.718864, 32.843111 ], [ -96.71885, 32.843216 ], [ -96.718769, 32.843401 ], [ -96.718665, 32.843564 ], [ -96.718661, 32.843656 ], [ -96.718688, 32.843777 ], [ -96.718699, 32.843894 ], [ -96.718683, 32.84397 ], [ -96.718654, 32.844031 ], [ -96.718562, 32.844102 ], [ -96.718518, 32.844178 ], [ -96.718419, 32.844379 ], [ -96.718392, 32.844465 ], [ -96.718297, 32.844727 ], [ -96.718032, 32.845255 ], [ -96.717961, 32.845356 ], [ -96.717916, 32.845439 ], [ -96.717866, 32.845506 ], [ -96.717826, 32.845549 ], [ -96.717794, 32.845591 ], [ -96.717776, 32.845625 ], [ -96.717799, 32.84575 ], [ -96.717799, 32.845824 ], [ -96.717767, 32.845889 ], [ -96.717713, 32.84595 ], [ -96.717637, 32.845999 ], [ -96.71761, 32.846044 ], [ -96.717591, 32.846117 ], [ -96.717569, 32.846176 ], [ -96.717533, 32.846223 ], [ -96.717465, 32.846257 ], [ -96.717411, 32.846299 ], [ -96.717348, 32.846367 ], [ -96.717285, 32.846476 ], [ -96.717244, 32.84659 ], [ -96.717217, 32.846704 ], [ -96.717163, 32.846798 ], [ -96.717093, 32.846991 ], [ -96.717089, 32.847088 ], [ -96.717104, 32.847209 ], [ -96.717089, 32.847299 ], [ -96.717054, 32.847417 ], [ -96.717056, 32.847482 ], [ -96.717062, 32.847527 ], [ -96.717093, 32.847583 ], [ -96.717116, 32.847642 ], [ -96.717159, 32.847687 ], [ -96.717268, 32.847701 ], [ -96.717291, 32.847747 ], [ -96.717291, 32.847816 ], [ -96.71726, 32.847842 ], [ -96.717198, 32.847845 ], [ -96.717147, 32.847862 ], [ -96.717089, 32.847907 ], [ -96.71705, 32.847996 ], [ -96.716988, 32.848094 ], [ -96.716973, 32.848146 ], [ -96.716982, 32.848294 ], [ -96.71695, 32.848391 ], [ -96.716918, 32.848457 ], [ -96.716913, 32.848498 ], [ -96.716936, 32.84856 ], [ -96.716987, 32.848635 ], [ -96.717038, 32.848681 ], [ -96.71707, 32.848703 ], [ -96.71707, 32.848739 ], [ -96.717047, 32.848906 ], [ -96.71707, 32.849013 ], [ -96.717144, 32.849138 ], [ -96.717176, 32.849165 ], [ -96.71724, 32.849173 ], [ -96.7173, 32.849165 ], [ -96.71736, 32.8492 ], [ -96.717383, 32.849266 ], [ -96.717392, 32.849308 ], [ -96.717471, 32.849386 ], [ -96.71754, 32.849428 ], [ -96.717669, 32.849477 ], [ -96.717729, 32.849513 ], [ -96.717756, 32.849556 ], [ -96.717835, 32.84966 ], [ -96.717904, 32.849707 ], [ -96.718079, 32.849764 ], [ -96.718222, 32.849823 ], [ -96.7183, 32.849897 ], [ -96.718374, 32.84995 ], [ -96.718429, 32.849981 ], [ -96.718489, 32.849986 ], [ -96.718558, 32.849974 ], [ -96.718636, 32.84997 ], [ -96.718682, 32.850001 ], [ -96.718715, 32.850032 ], [ -96.718761, 32.850048 ], [ -96.718957, 32.850094 ], [ -96.719122, 32.850172 ], [ -96.719242, 32.850209 ], [ -96.719336, 32.850233 ], [ -96.719448, 32.850233 ], [ -96.719532, 32.850209 ], [ -96.719622, 32.850203 ], [ -96.719751, 32.85024 ], [ -96.719827, 32.850299 ], [ -96.719925, 32.850319 ], [ -96.720347, 32.85033 ], [ -96.720543, 32.850308 ], [ -96.720878, 32.850251 ], [ -96.721029, 32.850206 ], [ -96.721127, 32.8502 ], [ -96.721266, 32.850203 ], [ -96.721542, 32.850282 ], [ -96.721667, 32.850346 ], [ -96.72181, 32.850436 ], [ -96.721886, 32.850473 ], [ -96.721993, 32.850493 ], [ -96.722131, 32.850513 ], [ -96.722233, 32.850552 ], [ -96.722327, 32.850612 ], [ -96.722439, 32.850732 ], [ -96.722492, 32.850844 ], [ -96.722532, 32.850907 ], [ -96.722586, 32.850955 ], [ -96.722679, 32.851087 ], [ -96.722733, 32.851286 ], [ -96.722783, 32.851626 ], [ -96.722719, 32.851869 ], [ -96.722657, 32.852054 ], [ -96.722564, 32.852244 ], [ -96.722475, 32.85237 ], [ -96.722403, 32.852511 ], [ -96.722402, 32.852601 ], [ -96.722653, 32.852607 ], [ -96.72261, 32.852656 ], [ -96.722562, 32.85276 ], [ -96.7214, 32.854762 ], [ -96.72117, 32.85521 ], [ -96.721133, 32.8553 ], [ -96.721136, 32.855427 ], [ -96.721177, 32.855713 ], [ -96.721259, 32.855946 ], [ -96.721328, 32.85607 ], [ -96.721427, 32.856191 ], [ -96.721578, 32.856329 ], [ -96.721756, 32.856476 ], [ -96.721938, 32.856585 ], [ -96.722065, 32.856654 ], [ -96.722178, 32.856706 ], [ -96.72239, 32.856764 ], [ -96.722496, 32.856777 ], [ -96.724828, 32.858275 ], [ -96.7247, 32.857956 ], [ -96.724571, 32.857798 ], [ -96.724433, 32.857664 ], [ -96.724215, 32.857491 ], [ -96.723503, 32.857084 ], [ -96.723067, 32.856862 ], [ -96.722966, 32.856817 ], [ -96.723092, 32.856668 ], [ -96.723406, 32.856457 ], [ -96.723672, 32.856181 ], [ -96.723873, 32.855943 ], [ -96.72433, 32.8552 ], [ -96.724579, 32.854984 ], [ -96.724876, 32.854816 ], [ -96.725064, 32.854737 ], [ -96.725302, 32.854653 ], [ -96.725662, 32.854574 ], [ -96.725975, 32.854515 ], [ -96.726172, 32.854501 ], [ -96.726392, 32.854501 ], [ -96.726569, 32.854511 ], [ -96.727024, 32.854595 ], [ -96.727161, 32.854688 ], [ -96.727229, 32.854718 ], [ -96.727735, 32.854823 ], [ -96.72785, 32.85485 ], [ -96.728012, 32.854923 ], [ -96.728163, 32.855021 ], [ -96.728356, 32.855103 ], [ -96.728554, 32.855173 ], [ -96.728984, 32.855244 ], [ -96.729237, 32.855297 ], [ -96.729555, 32.855397 ], [ -96.729677, 32.85544 ], [ -96.72908, 32.854606 ], [ -96.728784, 32.854339 ], [ -96.726784, 32.853976 ], [ -96.7261, 32.85391 ], [ -96.725941, 32.85391 ], [ -96.725695, 32.853897 ], [ -96.725193, 32.853839 ], [ -96.725135, 32.853813 ], [ -96.725099, 32.853769 ], [ -96.725073, 32.853707 ], [ -96.725041, 32.853616 ], [ -96.724963, 32.853436 ], [ -96.72488, 32.853335 ], [ -96.724661, 32.853217 ], [ -96.72429, 32.853063 ], [ -96.72416, 32.85296 ], [ -96.724054, 32.852856 ], [ -96.724007, 32.852772 ], [ -96.723969, 32.852683 ], [ -96.723936, 32.852606 ], [ -96.723967, 32.852493 ], [ -96.723992, 32.852431 ], [ -96.724037, 32.852373 ], [ -96.724093, 32.852328 ], [ -96.724145, 32.852296 ], [ -96.724226, 32.852255 ], [ -96.724429, 32.85217 ], [ -96.724502, 32.852126 ], [ -96.724576, 32.852069 ], [ -96.724656, 32.851999 ], [ -96.724813, 32.851802 ], [ -96.724862, 32.851703 ], [ -96.725034, 32.851242 ], [ -96.725132, 32.85096 ], [ -96.725172, 32.850774 ], [ -96.725211, 32.850633 ], [ -96.725271, 32.850517 ], [ -96.725295, 32.850434 ], [ -96.7253, 32.850339 ], [ -96.72532, 32.850276 ], [ -96.725369, 32.850192 ], [ -96.725433, 32.850057 ], [ -96.725517, 32.849783 ], [ -96.725591, 32.84948 ], [ -96.725655, 32.84919 ], [ -96.72567, 32.849012 ], [ -96.725685, 32.848917 ], [ -96.72571, 32.848878 ], [ -96.725752, 32.848872 ], [ -96.725836, 32.848885 ], [ -96.72592, 32.848908 ], [ -96.726006, 32.848912 ], [ -96.726162, 32.848905 ], [ -96.726233, 32.848912 ], [ -96.726313, 32.848929 ], [ -96.726401, 32.848979 ], [ -96.726455, 32.849019 ], [ -96.726534, 32.849044 ], [ -96.726613, 32.849061 ], [ -96.726702, 32.849061 ], [ -96.726796, 32.849069 ], [ -96.727008, 32.849097 ], [ -96.727132, 32.849131 ], [ -96.727204, 32.849162 ], [ -96.727354, 32.849248 ], [ -96.727413, 32.849293 ], [ -96.727463, 32.849314 ], [ -96.727516, 32.849317 ], [ -96.727704, 32.849293 ], [ -96.727739, 32.8493 ], [ -96.727758, 32.849334 ], [ -96.727768, 32.849384 ], [ -96.727798, 32.8494 ], [ -96.727971, 32.849421 ], [ -96.728061, 32.849446 ], [ -96.728099, 32.849483 ], [ -96.728139, 32.849579 ], [ -96.728159, 32.849671 ], [ -96.728198, 32.849766 ], [ -96.728233, 32.84982 ], [ -96.728264, 32.849854 ], [ -96.728415, 32.84995 ], [ -96.728584, 32.850094 ], [ -96.728658, 32.850197 ], [ -96.728697, 32.850268 ], [ -96.728742, 32.850313 ], [ -96.728791, 32.850333 ], [ -96.728855, 32.850347 ], [ -96.728964, 32.850347 ], [ -96.729295, 32.850268 ], [ -96.729502, 32.850202 ], [ -96.729591, 32.850156 ], [ -96.72967, 32.850105 ], [ -96.729739, 32.850043 ], [ -96.729803, 32.850011 ], [ -96.729882, 32.849947 ], [ -96.729917, 32.849885 ], [ -96.729932, 32.849845 ], [ -96.729932, 32.849798 ], [ -96.729961, 32.849756 ], [ -96.730026, 32.849716 ], [ -96.730115, 32.849629 ], [ -96.730189, 32.849504 ], [ -96.730238, 32.849396 ], [ -96.730253, 32.849313 ], [ -96.730238, 32.849221 ], [ -96.730213, 32.849114 ], [ -96.73018, 32.849002 ], [ -96.730121, 32.848853 ], [ -96.729888, 32.848359 ], [ -96.729804, 32.848208 ], [ -96.729608, 32.847977 ], [ -96.72942, 32.847827 ], [ -96.729212, 32.847631 ], [ -96.728925, 32.847329 ], [ -96.728816, 32.847254 ], [ -96.728614, 32.847155 ], [ -96.72851, 32.847096 ], [ -96.728053, 32.846756 ], [ -96.727787, 32.846629 ], [ -96.727723, 32.84659 ], [ -96.727667, 32.846531 ], [ -96.727558, 32.846401 ], [ -96.727458, 32.846228 ], [ -96.727453, 32.846153 ], [ -96.727468, 32.846066 ], [ -96.727492, 32.845995 ], [ -96.727547, 32.845883 ], [ -96.727685, 32.845695 ], [ -96.727815, 32.845505 ], [ -96.727874, 32.845397 ], [ -96.728008, 32.845239 ], [ -96.728062, 32.845123 ], [ -96.728106, 32.845069 ], [ -96.728166, 32.845031 ], [ -96.728294, 32.844956 ], [ -96.728394, 32.844876 ], [ -96.728463, 32.844814 ], [ -96.728498, 32.844761 ], [ -96.728518, 32.844707 ], [ -96.728518, 32.844656 ], [ -96.728543, 32.844631 ], [ -96.728592, 32.844628 ], [ -96.728632, 32.84462 ], [ -96.728651, 32.844591 ], [ -96.728646, 32.844557 ], [ -96.728681, 32.844532 ], [ -96.728721, 32.844524 ], [ -96.728736, 32.844487 ], [ -96.728785, 32.844462 ], [ -96.728825, 32.84447 ], [ -96.728874, 32.844465 ], [ -96.728909, 32.844437 ], [ -96.728929, 32.844399 ], [ -96.728953, 32.844374 ], [ -96.728993, 32.844374 ], [ -96.729028, 32.844366 ], [ -96.729052, 32.844333 ], [ -96.729067, 32.844287 ], [ -96.729102, 32.844245 ], [ -96.729141, 32.84422 ], [ -96.729181, 32.84422 ], [ -96.729221, 32.844208 ], [ -96.729235, 32.844183 ], [ -96.72923, 32.844129 ], [ -96.72924, 32.844099 ], [ -96.729285, 32.844082 ], [ -96.729305, 32.844054 ], [ -96.729285, 32.844033 ], [ -96.729255, 32.844037 ], [ -96.72924, 32.844017 ], [ -96.729245, 32.843975 ], [ -96.72926, 32.843929 ], [ -96.729324, 32.843891 ], [ -96.729409, 32.843874 ], [ -96.729443, 32.843834 ], [ -96.729488, 32.843759 ], [ -96.729518, 32.843697 ], [ -96.729508, 32.843643 ], [ -96.729518, 32.843593 ], [ -96.729562, 32.843531 ], [ -96.729618, 32.843448 ], [ -96.729781, 32.843227 ], [ -96.729821, 32.843186 ], [ -96.729836, 32.843148 ], [ -96.72984, 32.843023 ], [ -96.72985, 32.842906 ], [ -96.72987, 32.842849 ], [ -96.72988, 32.842791 ], [ -96.729836, 32.842691 ], [ -96.729816, 32.842574 ], [ -96.729816, 32.84247 ], [ -96.729821, 32.842412 ], [ -96.729816, 32.842325 ], [ -96.729836, 32.84227 ], [ -96.729875, 32.842225 ], [ -96.729886, 32.842167 ], [ -96.729871, 32.842084 ], [ -96.729762, 32.841609 ], [ -96.729767, 32.841396 ], [ -96.729812, 32.841039 ], [ -96.729852, 32.840867 ], [ -96.729862, 32.840681 ], [ -96.729852, 32.840569 ], [ -96.729832, 32.840436 ], [ -96.729777, 32.840268 ], [ -96.729683, 32.84011 ], [ -96.729506, 32.839849 ], [ -96.729308, 32.839636 ], [ -96.729169, 32.839499 ], [ -96.728981, 32.839324 ], [ -96.728538, 32.838982 ], [ -96.728324, 32.838833 ], [ -96.727917, 32.838582 ], [ -96.727476, 32.838329 ], [ -96.727067, 32.838136 ], [ -96.726921, 32.838112 ], [ -96.726773, 32.838095 ], [ -96.726495, 32.838083 ], [ -96.726322, 32.83807 ], [ -96.725975, 32.838092 ], [ -96.725881, 32.838112 ], [ -96.725821, 32.838163 ], [ -96.725777, 32.838183 ], [ -96.725727, 32.838199 ], [ -96.725633, 32.838216 ], [ -96.72543, 32.838233 ], [ -96.725286, 32.838253 ], [ -96.725138, 32.838312 ], [ -96.724964, 32.838349 ], [ -96.724384, 32.838483 ], [ -96.724047, 32.83854 ], [ -96.723938, 32.838548 ], [ -96.723864, 32.838545 ], [ -96.723775, 32.838503 ], [ -96.7237, 32.838424 ], [ -96.723656, 32.838371 ], [ -96.723567, 32.838333 ], [ -96.723487, 32.838337 ], [ -96.723443, 32.838333 ], [ -96.723413, 32.8383 ], [ -96.723388, 32.838261 ], [ -96.723378, 32.838225 ], [ -96.723388, 32.838187 ], [ -96.723368, 32.838157 ], [ -96.723319, 32.83814 ], [ -96.723299, 32.838108 ], [ -96.723294, 32.838062 ], [ -96.723309, 32.838011 ], [ -96.723299, 32.837971 ], [ -96.723259, 32.837962 ], [ -96.723229, 32.837932 ], [ -96.723219, 32.83789 ], [ -96.723224, 32.837858 ], [ -96.723254, 32.837821 ], [ -96.723314, 32.837779 ], [ -96.723329, 32.837704 ], [ -96.723477, 32.837433 ], [ -96.723532, 32.837354 ], [ -96.723577, 32.837316 ], [ -96.723646, 32.837237 ], [ -96.723661, 32.837191 ], [ -96.723696, 32.837112 ], [ -96.72382, 32.836933 ], [ -96.723914, 32.83677 ], [ -96.723998, 32.836604 ], [ -96.724063, 32.836415 ], [ -96.724097, 32.836291 ], [ -96.724132, 32.836228 ], [ -96.724197, 32.836137 ], [ -96.724296, 32.835983 ], [ -96.72442, 32.835835 ], [ -96.724574, 32.835686 ], [ -96.724808, 32.835478 ], [ -96.725134, 32.83525 ], [ -96.725698, 32.834939 ], [ -96.726287, 32.834687 ], [ -96.727019, 32.834341 ], [ -96.72724, 32.834214 ], [ -96.727366, 32.834152 ], [ -96.727445, 32.834099 ], [ -96.727587, 32.833988 ], [ -96.727661, 32.833922 ], [ -96.72794, 32.833653 ], [ -96.727993, 32.833627 ], [ -96.728061, 32.833609 ], [ -96.728172, 32.833551 ], [ -96.728315, 32.833468 ], [ -96.728415, 32.833396 ], [ -96.72861, 32.833219 ], [ -96.728789, 32.833047 ], [ -96.728873, 32.83299 ], [ -96.728936, 32.832968 ], [ -96.729121, 32.832949 ], [ -96.729263, 32.832949 ], [ -96.729442, 32.832928 ], [ -96.729521, 32.832924 ], [ -96.729573, 32.832941 ], [ -96.729673, 32.833039 ], [ -96.729742, 32.833086 ], [ -96.729864, 32.833201 ], [ -96.7299, 32.833222 ], [ -96.729958, 32.833232 ], [ -96.730011, 32.833281 ], [ -96.730053, 32.833312 ], [ -96.730101, 32.83332 ], [ -96.730132, 32.833334 ], [ -96.730164, 32.833368 ], [ -96.730174, 32.833399 ], [ -96.730206, 32.833427 ], [ -96.730243, 32.83344 ], [ -96.730295, 32.833489 ], [ -96.730327, 32.833529 ], [ -96.730453, 32.833635 ], [ -96.730569, 32.833741 ], [ -96.730633, 32.833768 ], [ -96.730759, 32.833793 ], [ -96.730834, 32.833815 ], [ -96.730883, 32.83378 ], [ -96.730915, 32.833727 ], [ -96.730973, 32.833674 ], [ -96.731063, 32.833651 ], [ -96.731131, 32.833651 ], [ -96.731173, 32.833677 ], [ -96.7312, 32.833709 ], [ -96.731232, 32.833815 ], [ -96.731264, 32.833833 ], [ -96.731285, 32.833792 ], [ -96.731279, 32.833709 ], [ -96.7313, 32.833651 ], [ -96.731347, 32.833594 ], [ -96.731368, 32.833528 ], [ -96.731374, 32.833408 ], [ -96.731358, 32.833063 ], [ -96.731374, 32.832952 ], [ -96.731395, 32.832903 ], [ -96.731437, 32.832886 ], [ -96.731458, 32.832855 ], [ -96.731469, 32.832824 ], [ -96.731474, 32.832775 ], [ -96.731484, 32.832744 ], [ -96.731542, 32.832717 ], [ -96.731553, 32.832691 ] ], [ [ -96.749607, 32.870465 ], [ -96.749693, 32.870537 ], [ -96.749735, 32.870562 ], [ -96.749792, 32.870584 ], [ -96.749937, 32.870627 ], [ -96.749991, 32.870635 ], [ -96.750018, 32.870632 ], [ -96.750106, 32.870604 ], [ -96.75013, 32.870587 ], [ -96.75017, 32.870516 ], [ -96.750245, 32.87044 ], [ -96.750258, 32.870409 ], [ -96.750262, 32.870382 ], [ -96.750258, 32.870358 ], [ -96.750265, 32.87025 ], [ -96.750258, 32.870221 ], [ -96.750201, 32.870131 ], [ -96.75017, 32.870114 ], [ -96.750132, 32.870101 ], [ -96.74987, 32.870005 ], [ -96.749752, 32.869992 ], [ -96.749725, 32.86998 ], [ -96.749698, 32.86996 ], [ -96.749627, 32.869858 ], [ -96.7496, 32.869841 ], [ -96.749566, 32.869833 ], [ -96.749529, 32.86983 ], [ -96.749451, 32.869807 ], [ -96.749384, 32.869776 ], [ -96.749353, 32.869768 ], [ -96.74932, 32.869765 ], [ -96.749232, 32.869773 ], [ -96.749171, 32.869785 ], [ -96.749124, 32.869807 ], [ -96.749053, 32.869853 ], [ -96.748972, 32.869912 ], [ -96.748911, 32.869963 ], [ -96.748877, 32.870002 ], [ -96.748864, 32.870033 ], [ -96.74884, 32.870125 ], [ -96.74881, 32.87017 ], [ -96.748732, 32.870264 ], [ -96.748709, 32.870283 ], [ -96.748611, 32.870314 ], [ -96.748567, 32.870337 ], [ -96.748547, 32.870358 ], [ -96.748479, 32.87041 ], [ -96.748472, 32.870431 ], [ -96.748479, 32.870448 ], [ -96.748513, 32.870468 ], [ -96.748553, 32.870482 ], [ -96.748574, 32.870497 ], [ -96.74859, 32.870522 ], [ -96.748614, 32.870536 ], [ -96.748644, 32.870536 ], [ -96.748847, 32.870505 ], [ -96.748942, 32.870471 ], [ -96.748975, 32.870451 ], [ -96.749083, 32.870409 ], [ -96.749093, 32.870379 ], [ -96.74909, 32.870355 ], [ -96.74905, 32.870255 ], [ -96.74905, 32.870233 ], [ -96.749066, 32.870207 ], [ -96.749104, 32.870182 ], [ -96.749124, 32.870153 ], [ -96.749134, 32.870071 ], [ -96.749151, 32.870027 ], [ -96.749197, 32.869976 ], [ -96.749265, 32.869931 ], [ -96.749302, 32.869916 ], [ -96.749349, 32.869911 ], [ -96.749406, 32.869922 ], [ -96.749433, 32.869945 ], [ -96.749454, 32.869979 ], [ -96.749472, 32.870097 ], [ -96.749468, 32.870213 ], [ -96.749472, 32.870247 ], [ -96.749495, 32.870309 ], [ -96.749536, 32.870365 ], [ -96.749566, 32.870417 ], [ -96.749607, 32.870465 ] ], [ [ -96.747628, 32.87102 ], [ -96.747621, 32.871134 ], [ -96.74761, 32.871305 ], [ -96.747623, 32.871319 ], [ -96.747642, 32.871329 ], [ -96.747679, 32.871338 ], [ -96.747811, 32.871353 ], [ -96.747922, 32.871361 ], [ -96.748053, 32.871358 ], [ -96.748108, 32.871343 ], [ -96.748137, 32.871326 ], [ -96.748193, 32.871282 ], [ -96.748205, 32.871263 ], [ -96.748211, 32.871246 ], [ -96.748245, 32.870958 ], [ -96.748236, 32.87088 ], [ -96.748208, 32.870825 ], [ -96.748183, 32.870806 ], [ -96.748098, 32.870776 ], [ -96.747736, 32.870711 ], [ -96.747697, 32.870714 ], [ -96.747679, 32.870725 ], [ -96.747667, 32.870739 ], [ -96.747667, 32.870762 ], [ -96.747688, 32.870815 ], [ -96.747688, 32.870838 ], [ -96.747649, 32.870928 ], [ -96.747628, 32.87102 ] ], [ [ -96.747786, 32.87595 ], [ -96.747769, 32.875822 ], [ -96.747775, 32.875715 ], [ -96.747803, 32.875639 ], [ -96.747842, 32.875591 ], [ -96.747932, 32.875521 ], [ -96.748036, 32.875463 ], [ -96.748114, 32.875453 ], [ -96.748178, 32.875451 ], [ -96.748274, 32.875479 ], [ -96.748669, 32.875532 ], [ -96.748778, 32.875531 ], [ -96.749013, 32.875508 ], [ -96.749084, 32.875496 ], [ -96.749118, 32.875467 ], [ -96.749106, 32.875425 ], [ -96.749073, 32.875363 ], [ -96.749056, 32.875345 ], [ -96.749022, 32.875345 ], [ -96.748927, 32.875369 ], [ -96.748888, 32.875369 ], [ -96.748843, 32.875345 ], [ -96.748832, 32.875312 ], [ -96.748826, 32.875199 ], [ -96.748804, 32.87518 ], [ -96.74877, 32.875199 ], [ -96.748759, 32.875223 ], [ -96.748736, 32.875251 ], [ -96.748692, 32.875265 ], [ -96.748624, 32.875259 ], [ -96.748484, 32.875208 ], [ -96.748363, 32.875126 ], [ -96.748316, 32.875081 ], [ -96.748288, 32.875039 ], [ -96.748254, 32.874964 ], [ -96.748204, 32.874794 ], [ -96.748187, 32.874761 ], [ -96.748148, 32.874719 ], [ -96.748024, 32.874606 ], [ -96.747868, 32.874451 ], [ -96.747694, 32.874338 ], [ -96.747548, 32.874267 ], [ -96.747453, 32.874239 ], [ -96.747302, 32.874225 ], [ -96.747179, 32.874229 ], [ -96.747072, 32.874253 ], [ -96.74687, 32.87431 ], [ -96.74682, 32.874314 ], [ -96.746764, 32.87431 ], [ -96.746685, 32.874296 ], [ -96.746624, 32.874277 ], [ -96.746562, 32.874271 ], [ -96.7465, 32.874277 ], [ -96.746433, 32.874296 ], [ -96.746388, 32.874338 ], [ -96.746372, 32.87437 ], [ -96.746349, 32.87446 ], [ -96.746338, 32.874526 ], [ -96.746349, 32.874592 ], [ -96.746374, 32.874637 ], [ -96.746402, 32.874716 ], [ -96.746399, 32.874785 ], [ -96.746391, 32.874844 ], [ -96.746366, 32.874884 ], [ -96.746321, 32.874912 ], [ -96.746282, 32.874958 ], [ -96.746279, 32.874995 ], [ -96.746287, 32.875034 ], [ -96.746315, 32.875072 ], [ -96.746346, 32.875098 ], [ -96.746411, 32.875171 ], [ -96.74645, 32.875231 ], [ -96.746467, 32.875345 ], [ -96.746495, 32.875391 ], [ -96.746534, 32.875434 ], [ -96.746993, 32.875763 ], [ -96.747161, 32.875895 ], [ -96.74727, 32.875968 ], [ -96.747321, 32.875991 ], [ -96.747346, 32.876 ], [ -96.747419, 32.876027 ], [ -96.747506, 32.876044 ], [ -96.747584, 32.876072 ], [ -96.747685, 32.876123 ], [ -96.747733, 32.876131 ], [ -96.747789, 32.876089 ], [ -96.747806, 32.87605 ], [ -96.747786, 32.87595 ] ], [ [ -96.74666, 32.876218 ], [ -96.746671, 32.876255 ], [ -96.746685, 32.876269 ], [ -96.746709, 32.876282 ], [ -96.746737, 32.876289 ], [ -96.746763, 32.876289 ], [ -96.746781, 32.876275 ], [ -96.746781, 32.876257 ], [ -96.746771, 32.876237 ], [ -96.746738, 32.876218 ], [ -96.746731, 32.876201 ], [ -96.746739, 32.876184 ], [ -96.746793, 32.876133 ], [ -96.746808, 32.876112 ], [ -96.746826, 32.876061 ], [ -96.746828, 32.876024 ], [ -96.74682, 32.87599 ], [ -96.746805, 32.875954 ], [ -96.746775, 32.875929 ], [ -96.746757, 32.87592 ], [ -96.746729, 32.87592 ], [ -96.746703, 32.875932 ], [ -96.746681, 32.875954 ], [ -96.746652, 32.875999 ], [ -96.746636, 32.876013 ], [ -96.746605, 32.876003 ], [ -96.746598, 32.875987 ], [ -96.746591, 32.875903 ], [ -96.746579, 32.875871 ], [ -96.746564, 32.875852 ], [ -96.746509, 32.875815 ], [ -96.746462, 32.875788 ], [ -96.746424, 32.875757 ], [ -96.746356, 32.875634 ], [ -96.746314, 32.875572 ], [ -96.746288, 32.87555 ], [ -96.746251, 32.875539 ], [ -96.746187, 32.875555 ], [ -96.746167, 32.875572 ], [ -96.746159, 32.875594 ], [ -96.746165, 32.875708 ], [ -96.746159, 32.87574 ], [ -96.746137, 32.875788 ], [ -96.746109, 32.875836 ], [ -96.74608, 32.875861 ], [ -96.746009, 32.875934 ], [ -96.745991, 32.875972 ], [ -96.745991, 32.875993 ], [ -96.745997, 32.876011 ], [ -96.746017, 32.87603 ], [ -96.746068, 32.87605 ], [ -96.746088, 32.876073 ], [ -96.7461, 32.876124 ], [ -96.746116, 32.876136 ], [ -96.74614, 32.876143 ], [ -96.746166, 32.876146 ], [ -96.746205, 32.87614 ], [ -96.746255, 32.876143 ], [ -96.746317, 32.87617 ], [ -96.746359, 32.876178 ], [ -96.74656, 32.87619 ], [ -96.746641, 32.876206 ], [ -96.74666, 32.876218 ] ], [ [ -96.743095, 32.87728 ], [ -96.743088, 32.877246 ], [ -96.743058, 32.877154 ], [ -96.743031, 32.877044 ], [ -96.743052, 32.876959 ], [ -96.743068, 32.876929 ], [ -96.743116, 32.876908 ], [ -96.743218, 32.876873 ], [ -96.743235, 32.876853 ], [ -96.743232, 32.876827 ], [ -96.743186, 32.87669 ], [ -96.743183, 32.876661 ], [ -96.74319, 32.876638 ], [ -96.743265, 32.876566 ], [ -96.743282, 32.876535 ], [ -96.743272, 32.876489 ], [ -96.743244, 32.876453 ], [ -96.743203, 32.87642 ], [ -96.743108, 32.876357 ], [ -96.743077, 32.876328 ], [ -96.743037, 32.876304 ], [ -96.743006, 32.876294 ], [ -96.742979, 32.876294 ], [ -96.742907, 32.876308 ], [ -96.742839, 32.876355 ], [ -96.742829, 32.876392 ], [ -96.742829, 32.876518 ], [ -96.742833, 32.876583 ], [ -96.742843, 32.876762 ], [ -96.742856, 32.876815 ], [ -96.74289, 32.876872 ], [ -96.742962, 32.877096 ], [ -96.742972, 32.877139 ], [ -96.742962, 32.877225 ], [ -96.742942, 32.877268 ], [ -96.742907, 32.877311 ], [ -96.742864, 32.877391 ], [ -96.742847, 32.877443 ], [ -96.74284, 32.877502 ], [ -96.742844, 32.877712 ], [ -96.742864, 32.877791 ], [ -96.742888, 32.877815 ], [ -96.742919, 32.877829 ], [ -96.742946, 32.877829 ], [ -96.742984, 32.877808 ], [ -96.743127, 32.877717 ], [ -96.743158, 32.877683 ], [ -96.743168, 32.877647 ], [ -96.743158, 32.877625 ], [ -96.743127, 32.877611 ], [ -96.743048, 32.877591 ], [ -96.743031, 32.877568 ], [ -96.743024, 32.877535 ], [ -96.743052, 32.877482 ], [ -96.743061, 32.877438 ], [ -96.743088, 32.877384 ], [ -96.743095, 32.87732 ], [ -96.743095, 32.87728 ] ], [ [ -96.729715, 32.924097 ], [ -96.729774, 32.923954 ], [ -96.72982, 32.923865 ], [ -96.72988, 32.923777 ], [ -96.729932, 32.923733 ], [ -96.729999, 32.923685 ], [ -96.730123, 32.923628 ], [ -96.730215, 32.923603 ], [ -96.730308, 32.923586 ], [ -96.730354, 32.923569 ], [ -96.7304, 32.923547 ], [ -96.730439, 32.923506 ], [ -96.730478, 32.923395 ], [ -96.730505, 32.923169 ], [ -96.730511, 32.923009 ], [ -96.730511, 32.922694 ], [ -96.730485, 32.922578 ], [ -96.730452, 32.922534 ], [ -96.73036, 32.922469 ], [ -96.730314, 32.922424 ], [ -96.730261, 32.922359 ], [ -96.730222, 32.922292 ], [ -96.730176, 32.922198 ], [ -96.730117, 32.922049 ], [ -96.730051, 32.9219 ], [ -96.729952, 32.92176 ], [ -96.729912, 32.921717 ], [ -96.729863, 32.921678 ], [ -96.729804, 32.921639 ], [ -96.729744, 32.921607 ], [ -96.729652, 32.921535 ], [ -96.729632, 32.921484 ], [ -96.729626, 32.921436 ], [ -96.729626, 32.92138 ], [ -96.729649, 32.921329 ], [ -96.729685, 32.921275 ], [ -96.729784, 32.921082 ], [ -96.72981, 32.921016 ], [ -96.729843, 32.92096 ], [ -96.729975, 32.920795 ], [ -96.730113, 32.920578 ], [ -96.730152, 32.920502 ], [ -96.730317, 32.920231 ], [ -96.730345, 32.920167 ], [ -96.730361, 32.920113 ], [ -96.730376, 32.919987 ], [ -96.730394, 32.919919 ], [ -96.730409, 32.919815 ], [ -96.730389, 32.919645 ], [ -96.730389, 32.919568 ], [ -96.730403, 32.919517 ], [ -96.730429, 32.919474 ], [ -96.730501, 32.919418 ], [ -96.730297, 32.919264 ], [ -96.730126, 32.919151 ], [ -96.730058, 32.919106 ], [ -96.730011, 32.919067 ], [ -96.729978, 32.919045 ], [ -96.729945, 32.919045 ], [ -96.729847, 32.919073 ], [ -96.729762, 32.919111 ], [ -96.729775, 32.919204 ], [ -96.729775, 32.91926 ], [ -96.729795, 32.919337 ], [ -96.729828, 32.91942 ], [ -96.729861, 32.919486 ], [ -96.729966, 32.919635 ], [ -96.730098, 32.919779 ], [ -96.730111, 32.919811 ], [ -96.730111, 32.919845 ], [ -96.730026, 32.92 ], [ -96.72994, 32.920229 ], [ -96.729907, 32.920278 ], [ -96.729854, 32.920389 ], [ -96.729828, 32.920467 ], [ -96.729815, 32.920533 ], [ -96.729795, 32.920594 ], [ -96.729782, 32.920659 ], [ -96.729729, 32.920766 ], [ -96.729689, 32.920865 ], [ -96.729623, 32.920954 ], [ -96.729597, 32.921004 ], [ -96.729557, 32.921053 ], [ -96.729478, 32.921135 ], [ -96.729406, 32.921191 ], [ -96.729379, 32.921231 ], [ -96.729366, 32.921269 ], [ -96.72936, 32.921308 ], [ -96.72936, 32.921414 ], [ -96.729373, 32.92148 ], [ -96.729426, 32.921607 ], [ -96.729485, 32.921712 ], [ -96.729564, 32.921812 ], [ -96.729696, 32.921945 ], [ -96.729749, 32.922043 ], [ -96.729815, 32.922226 ], [ -96.729841, 32.922347 ], [ -96.729848, 32.922403 ], [ -96.729867, 32.922453 ], [ -96.729894, 32.922487 ], [ -96.729986, 32.922569 ], [ -96.730039, 32.922625 ], [ -96.730125, 32.92273 ], [ -96.730157, 32.922797 ], [ -96.730177, 32.922869 ], [ -96.730183, 32.922946 ], [ -96.730203, 32.92309 ], [ -96.730196, 32.923151 ], [ -96.730177, 32.923211 ], [ -96.730137, 32.923267 ], [ -96.730098, 32.923306 ], [ -96.730052, 32.923334 ], [ -96.729993, 32.923356 ], [ -96.729834, 32.923388 ], [ -96.729766, 32.923416 ], [ -96.729713, 32.923455 ], [ -96.729674, 32.923494 ], [ -96.729564, 32.923649 ], [ -96.729544, 32.923692 ], [ -96.729524, 32.923754 ], [ -96.729496, 32.923815 ], [ -96.729478, 32.923875 ], [ -96.729452, 32.923943 ], [ -96.729412, 32.924087 ], [ -96.729412, 32.924169 ], [ -96.729419, 32.924235 ], [ -96.729412, 32.924313 ], [ -96.729399, 32.92437 ], [ -96.72937, 32.92444 ], [ -96.729357, 32.9245 ], [ -96.729291, 32.924677 ], [ -96.729258, 32.924843 ], [ -96.729258, 32.924894 ], [ -96.729278, 32.925026 ], [ -96.729298, 32.925082 ], [ -96.729337, 32.925166 ], [ -96.729332, 32.925341 ], [ -96.729352, 32.925367 ], [ -96.729406, 32.925385 ], [ -96.729455, 32.925367 ], [ -96.729518, 32.925196 ], [ -96.729557, 32.925162 ], [ -96.729597, 32.925119 ], [ -96.729649, 32.924992 ], [ -96.729669, 32.924903 ], [ -96.729669, 32.924567 ], [ -96.729656, 32.924324 ], [ -96.729662, 32.924273 ], [ -96.729715, 32.924097 ] ], [ [ -96.654141, 32.642812 ], [ -96.654248, 32.642896 ], [ -96.654334, 32.642941 ], [ -96.654377, 32.642957 ], [ -96.654428, 32.642957 ], [ -96.65446, 32.642947 ], [ -96.654539, 32.642905 ], [ -96.654578, 32.642871 ], [ -96.654607, 32.642854 ], [ -96.654696, 32.64277 ], [ -96.654772, 32.642736 ], [ -96.654811, 32.642709 ], [ -96.654833, 32.642673 ], [ -96.654865, 32.642649 ], [ -96.654872, 32.642628 ], [ -96.654847, 32.642533 ], [ -96.654844, 32.642498 ], [ -96.654851, 32.642415 ], [ -96.654847, 32.642362 ], [ -96.654829, 32.642332 ], [ -96.654804, 32.642311 ], [ -96.654736, 32.642265 ], [ -96.654704, 32.642232 ], [ -96.654679, 32.642181 ], [ -96.654662, 32.642063 ], [ -96.654502, 32.641913 ], [ -96.65428, 32.641616 ], [ -96.654226, 32.64156 ], [ -96.654122, 32.641478 ], [ -96.654032, 32.641424 ], [ -96.653971, 32.641406 ], [ -96.653882, 32.641373 ], [ -96.653588, 32.641294 ], [ -96.653494, 32.641258 ], [ -96.653333, 32.641225 ], [ -96.65324, 32.641219 ], [ -96.653182, 32.641225 ], [ -96.653028, 32.641252 ], [ -96.652938, 32.641278 ], [ -96.652845, 32.641291 ], [ -96.652777, 32.641312 ], [ -96.652713, 32.641349 ], [ -96.65267, 32.641379 ], [ -96.652573, 32.641482 ], [ -96.652512, 32.641557 ], [ -96.652497, 32.641593 ], [ -96.652515, 32.641629 ], [ -96.65258, 32.641669 ], [ -96.652587, 32.641692 ], [ -96.65258, 32.64172 ], [ -96.652522, 32.641765 ], [ -96.652447, 32.641847 ], [ -96.652415, 32.641874 ], [ -96.65239, 32.641903 ], [ -96.652379, 32.641934 ], [ -96.652388, 32.641959 ], [ -96.652415, 32.642007 ], [ -96.652411, 32.642024 ], [ -96.652397, 32.642043 ], [ -96.652379, 32.642058 ], [ -96.652347, 32.642076 ], [ -96.652306, 32.642088 ], [ -96.652248, 32.642148 ], [ -96.652226, 32.642184 ], [ -96.652097, 32.64228 ], [ -96.652061, 32.642325 ], [ -96.651964, 32.642418 ], [ -96.651957, 32.642437 ], [ -96.651954, 32.642468 ], [ -96.651961, 32.642488 ], [ -96.652008, 32.642546 ], [ -96.652054, 32.642581 ], [ -96.652083, 32.642612 ], [ -96.652119, 32.64264 ], [ -96.652294, 32.642843 ], [ -96.652344, 32.642913 ], [ -96.652506, 32.643103 ], [ -96.652531, 32.643152 ], [ -96.652592, 32.643223 ], [ -96.652624, 32.64323 ], [ -96.652677, 32.643223 ], [ -96.652728, 32.643233 ], [ -96.652795, 32.64329 ], [ -96.652803, 32.643312 ], [ -96.652799, 32.643333 ], [ -96.652752, 32.643405 ], [ -96.652734, 32.643481 ], [ -96.652731, 32.643517 ], [ -96.652738, 32.643541 ], [ -96.652763, 32.643571 ], [ -96.652803, 32.643586 ], [ -96.652828, 32.64361 ], [ -96.652831, 32.643644 ], [ -96.65286, 32.643715 ], [ -96.652882, 32.643748 ], [ -96.652989, 32.643858 ], [ -96.653018, 32.643894 ], [ -96.653039, 32.643932 ], [ -96.653069, 32.643956 ], [ -96.653108, 32.643973 ], [ -96.653151, 32.643982 ], [ -96.65326, 32.643967 ], [ -96.653331, 32.643918 ], [ -96.653381, 32.6439 ], [ -96.653431, 32.643891 ], [ -96.65346, 32.643894 ], [ -96.653496, 32.643903 ], [ -96.653535, 32.643924 ], [ -96.653575, 32.643932 ], [ -96.653603, 32.643921 ], [ -96.653603, 32.643891 ], [ -96.653625, 32.643867 ], [ -96.653664, 32.643855 ], [ -96.653693, 32.643839 ], [ -96.653772, 32.643746 ], [ -96.653823, 32.6437 ], [ -96.653869, 32.643635 ], [ -96.653883, 32.643594 ], [ -96.653876, 32.643555 ], [ -96.653851, 32.643517 ], [ -96.653814, 32.643482 ], [ -96.653782, 32.643458 ], [ -96.65366, 32.643419 ], [ -96.653567, 32.643422 ], [ -96.653499, 32.643455 ], [ -96.653466, 32.643455 ], [ -96.653438, 32.64344 ], [ -96.65342, 32.643419 ], [ -96.653391, 32.6434 ], [ -96.653366, 32.643397 ], [ -96.653298, 32.643406 ], [ -96.653187, 32.643413 ], [ -96.653108, 32.643406 ], [ -96.65309, 32.643391 ], [ -96.653086, 32.643361 ], [ -96.653108, 32.643327 ], [ -96.653144, 32.643304 ], [ -96.653176, 32.643295 ], [ -96.65328, 32.643279 ], [ -96.653334, 32.643265 ], [ -96.653384, 32.643262 ], [ -96.65346, 32.643281 ], [ -96.653496, 32.643275 ], [ -96.653592, 32.643216 ], [ -96.653771, 32.643126 ], [ -96.653811, 32.64309 ], [ -96.65385, 32.643044 ], [ -96.653886, 32.643011 ], [ -96.653943, 32.642908 ], [ -96.654008, 32.64282 ], [ -96.654056, 32.6428 ], [ -96.654105, 32.642797 ], [ -96.654141, 32.642812 ] ], [ [ -96.657588, 32.643725 ], [ -96.657613, 32.643707 ], [ -96.657621, 32.643689 ], [ -96.657606, 32.643638 ], [ -96.657535, 32.64358 ], [ -96.657513, 32.643549 ], [ -96.6575, 32.643487 ], [ -96.657517, 32.643465 ], [ -96.657545, 32.643459 ], [ -96.657603, 32.643456 ], [ -96.657628, 32.643448 ], [ -96.657703, 32.643338 ], [ -96.657753, 32.643278 ], [ -96.657789, 32.643257 ], [ -96.657854, 32.643229 ], [ -96.657861, 32.643208 ], [ -96.657829, 32.643108 ], [ -96.657804, 32.643075 ], [ -96.657764, 32.643066 ], [ -96.657725, 32.643063 ], [ -96.657682, 32.643053 ], [ -96.65764, 32.643036 ], [ -96.657492, 32.642983 ], [ -96.657456, 32.642961 ], [ -96.657402, 32.64294 ], [ -96.657352, 32.642933 ], [ -96.657208, 32.642952 ], [ -96.657151, 32.642952 ], [ -96.657108, 32.642958 ], [ -96.657083, 32.642974 ], [ -96.657004, 32.643053 ], [ -96.656964, 32.643072 ], [ -96.656928, 32.643078 ], [ -96.6569, 32.643078 ], [ -96.656839, 32.643063 ], [ -96.656807, 32.643069 ], [ -96.656771, 32.643095 ], [ -96.656717, 32.643174 ], [ -96.656695, 32.643226 ], [ -96.656634, 32.64332 ], [ -96.656599, 32.643356 ], [ -96.656552, 32.643395 ], [ -96.656487, 32.64343 ], [ -96.656419, 32.643458 ], [ -96.656387, 32.643486 ], [ -96.656376, 32.643513 ], [ -96.656383, 32.643537 ], [ -96.656423, 32.643576 ], [ -96.656441, 32.643599 ], [ -96.656448, 32.643634 ], [ -96.656446, 32.643703 ], [ -96.656419, 32.643736 ], [ -96.656325, 32.643796 ], [ -96.656303, 32.643823 ], [ -96.656293, 32.643913 ], [ -96.656278, 32.643931 ], [ -96.656239, 32.643944 ], [ -96.656192, 32.643944 ], [ -96.656149, 32.643928 ], [ -96.656138, 32.643903 ], [ -96.656138, 32.643877 ], [ -96.656149, 32.643849 ], [ -96.656156, 32.643787 ], [ -96.656147, 32.64377 ], [ -96.656118, 32.643768 ], [ -96.656095, 32.643773 ], [ -96.655991, 32.643832 ], [ -96.655823, 32.643916 ], [ -96.655629, 32.644024 ], [ -96.6555, 32.644091 ], [ -96.655367, 32.644134 ], [ -96.655235, 32.644145 ], [ -96.655087, 32.644138 ], [ -96.655027, 32.644152 ], [ -96.654973, 32.644158 ], [ -96.654919, 32.644155 ], [ -96.654872, 32.644136 ], [ -96.654844, 32.644119 ], [ -96.654809, 32.64406 ], [ -96.654797, 32.643907 ], [ -96.654779, 32.643796 ], [ -96.654768, 32.643768 ], [ -96.654751, 32.643747 ], [ -96.654722, 32.643731 ], [ -96.65469, 32.643734 ], [ -96.654657, 32.64375 ], [ -96.654607, 32.643781 ], [ -96.654476, 32.64388 ], [ -96.654378, 32.643971 ], [ -96.654301, 32.644089 ], [ -96.654283, 32.644129 ], [ -96.65428, 32.644188 ], [ -96.654291, 32.644228 ], [ -96.654312, 32.644261 ], [ -96.654337, 32.644286 ], [ -96.654423, 32.644322 ], [ -96.654455, 32.644346 ], [ -96.654488, 32.644379 ], [ -96.654606, 32.644467 ], [ -96.654649, 32.644515 ], [ -96.654692, 32.644536 ], [ -96.654735, 32.644571 ], [ -96.6548, 32.644612 ], [ -96.654846, 32.644633 ], [ -96.654889, 32.644644 ], [ -96.655004, 32.644649 ], [ -96.65513, 32.644612 ], [ -96.65518, 32.644591 ], [ -96.65527, 32.644545 ], [ -96.655338, 32.644523 ], [ -96.655409, 32.64453 ], [ -96.655456, 32.64452 ], [ -96.655517, 32.644503 ], [ -96.655556, 32.644478 ], [ -96.655585, 32.644443 ], [ -96.655646, 32.644388 ], [ -96.655668, 32.644379 ], [ -96.6557, 32.644376 ], [ -96.655732, 32.644357 ], [ -96.65575, 32.644331 ], [ -96.655804, 32.644286 ], [ -96.65584, 32.644264 ], [ -96.655894, 32.644216 ], [ -96.655915, 32.644204 ], [ -96.655937, 32.644204 ], [ -96.655955, 32.644219 ], [ -96.655955, 32.644246 ], [ -96.65594, 32.644283 ], [ -96.655951, 32.644322 ], [ -96.65599, 32.644367 ], [ -96.656019, 32.644382 ], [ -96.656044, 32.644385 ], [ -96.656069, 32.644376 ], [ -96.656091, 32.644357 ], [ -96.656116, 32.644354 ], [ -96.656134, 32.644367 ], [ -96.656141, 32.644388 ], [ -96.656137, 32.644404 ], [ -96.656116, 32.644429 ], [ -96.656102, 32.644466 ], [ -96.656098, 32.644493 ], [ -96.656102, 32.644522 ], [ -96.65612, 32.64455 ], [ -96.656152, 32.644584 ], [ -96.656192, 32.644602 ], [ -96.656235, 32.644611 ], [ -96.656286, 32.644614 ], [ -96.656311, 32.644611 ], [ -96.656339, 32.644593 ], [ -96.656346, 32.644565 ], [ -96.656336, 32.64453 ], [ -96.656321, 32.644509 ], [ -96.656256, 32.644449 ], [ -96.656249, 32.64443 ], [ -96.656256, 32.644405 ], [ -96.656285, 32.644382 ], [ -96.656327, 32.644363 ], [ -96.65636, 32.644357 ], [ -96.656411, 32.64437 ], [ -96.656462, 32.644416 ], [ -96.656487, 32.644416 ], [ -96.656541, 32.644388 ], [ -96.656577, 32.644356 ], [ -96.656616, 32.644329 ], [ -96.656638, 32.644305 ], [ -96.656738, 32.644272 ], [ -96.65681, 32.644235 ], [ -96.656896, 32.644174 ], [ -96.656925, 32.644166 ], [ -96.656964, 32.644166 ], [ -96.656997, 32.644174 ], [ -96.657025, 32.64419 ], [ -96.657065, 32.644196 ], [ -96.657104, 32.644187 ], [ -96.65714, 32.644171 ], [ -96.657158, 32.644151 ], [ -96.657172, 32.644121 ], [ -96.657223, 32.643952 ], [ -96.657248, 32.643903 ], [ -96.657287, 32.643873 ], [ -96.657344, 32.643861 ], [ -96.657416, 32.643876 ], [ -96.657445, 32.643867 ], [ -96.657459, 32.643849 ], [ -96.657456, 32.643816 ], [ -96.657463, 32.643789 ], [ -96.657513, 32.643746 ], [ -96.657545, 32.643734 ], [ -96.657588, 32.643725 ] ], [ [ -96.651403, 32.646594 ], [ -96.651432, 32.646626 ], [ -96.651457, 32.64664 ], [ -96.651487, 32.646643 ], [ -96.651651, 32.646588 ], [ -96.651748, 32.646538 ], [ -96.651867, 32.646496 ], [ -96.651955, 32.646447 ], [ -96.652107, 32.646386 ], [ -96.652377, 32.646254 ], [ -96.652427, 32.646223 ], [ -96.652499, 32.646195 ], [ -96.652641, 32.646106 ], [ -96.652688, 32.646067 ], [ -96.652747, 32.646031 ], [ -96.65276, 32.646009 ], [ -96.652747, 32.645989 ], [ -96.652717, 32.645968 ], [ -96.652672, 32.645953 ], [ -96.652601, 32.645932 ], [ -96.652538, 32.645921 ], [ -96.652475, 32.645921 ], [ -96.652412, 32.645939 ], [ -96.652348, 32.645963 ], [ -96.652293, 32.645991 ], [ -96.652112, 32.646101 ], [ -96.651965, 32.64614 ], [ -96.651762, 32.646162 ], [ -96.651585, 32.646226 ], [ -96.651496, 32.64625 ], [ -96.65132, 32.646325 ], [ -96.651261, 32.646339 ], [ -96.651232, 32.646357 ], [ -96.651228, 32.646382 ], [ -96.65124, 32.646413 ], [ -96.651278, 32.646474 ], [ -96.651303, 32.646531 ], [ -96.65132, 32.646541 ], [ -96.651365, 32.646566 ], [ -96.651403, 32.646594 ] ], [ [ -96.657116, 32.651167 ], [ -96.657219, 32.651123 ], [ -96.657283, 32.651112 ], [ -96.657348, 32.651086 ], [ -96.657513, 32.650975 ], [ -96.657573, 32.650928 ], [ -96.657646, 32.65088 ], [ -96.657713, 32.650819 ], [ -96.657739, 32.650808 ], [ -96.657773, 32.650801 ], [ -96.657812, 32.650785 ], [ -96.657839, 32.650764 ], [ -96.657865, 32.650735 ], [ -96.657878, 32.650714 ], [ -96.657869, 32.650692 ], [ -96.65765, 32.650466 ], [ -96.657405, 32.650255 ], [ -96.657128, 32.649994 ], [ -96.656905, 32.649794 ], [ -96.656712, 32.649633 ], [ -96.656369, 32.649318 ], [ -96.656247, 32.64922 ], [ -96.656148, 32.649128 ], [ -96.655993, 32.648972 ], [ -96.655882, 32.648882 ], [ -96.655839, 32.648856 ], [ -96.655813, 32.648849 ], [ -96.655774, 32.648849 ], [ -96.655727, 32.64886 ], [ -96.655674, 32.648888 ], [ -96.655584, 32.648983 ], [ -96.655506, 32.649085 ], [ -96.655174, 32.64932 ], [ -96.655096, 32.649382 ], [ -96.655058, 32.649416 ], [ -96.655018, 32.649454 ], [ -96.654953, 32.649487 ], [ -96.654897, 32.649523 ], [ -96.654833, 32.649603 ], [ -96.654811, 32.649642 ], [ -96.654755, 32.649697 ], [ -96.654707, 32.649707 ], [ -96.654645, 32.64974 ], [ -96.654538, 32.649831 ], [ -96.654473, 32.649907 ], [ -96.654321, 32.65007 ], [ -96.654265, 32.650142 ], [ -96.654235, 32.65019 ], [ -96.654183, 32.65024 ], [ -96.654127, 32.650288 ], [ -96.654006, 32.650408 ], [ -96.65398, 32.650448 ], [ -96.653963, 32.650484 ], [ -96.653958, 32.65052 ], [ -96.653967, 32.650552 ], [ -96.654023, 32.650614 ], [ -96.65407, 32.650654 ], [ -96.654135, 32.650699 ], [ -96.654212, 32.65076 ], [ -96.654299, 32.650851 ], [ -96.654494, 32.650993 ], [ -96.654644, 32.651131 ], [ -96.654748, 32.651196 ], [ -96.654842, 32.651261 ], [ -96.654985, 32.6514 ], [ -96.655003, 32.651439 ], [ -96.655014, 32.651534 ], [ -96.655027, 32.65156 ], [ -96.655169, 32.651679 ], [ -96.655376, 32.651828 ], [ -96.655458, 32.651872 ], [ -96.655501, 32.651901 ], [ -96.655544, 32.651919 ], [ -96.655583, 32.651919 ], [ -96.655635, 32.651908 ], [ -96.65573, 32.651851 ], [ -96.65579, 32.651801 ], [ -96.655975, 32.651687 ], [ -96.656062, 32.651644 ], [ -96.65614, 32.65164 ], [ -96.656213, 32.65163 ], [ -96.656399, 32.651576 ], [ -96.656757, 32.651406 ], [ -96.656994, 32.651246 ], [ -96.65705, 32.651199 ], [ -96.657116, 32.651167 ] ], [ [ -96.657823, 32.652893 ], [ -96.657959, 32.653004 ], [ -96.658019, 32.653061 ], [ -96.658148, 32.653144 ], [ -96.658289, 32.653249 ], [ -96.658427, 32.653321 ], [ -96.658461, 32.653324 ], [ -96.658495, 32.65331 ], [ -96.658623, 32.653234 ], [ -96.658683, 32.65319 ], [ -96.658752, 32.653125 ], [ -96.659163, 32.652835 ], [ -96.659223, 32.65278 ], [ -96.659266, 32.65273 ], [ -96.65927, 32.652691 ], [ -96.659261, 32.652661 ], [ -96.65921, 32.652622 ], [ -96.659128, 32.652535 ], [ -96.659094, 32.652488 ], [ -96.659052, 32.652408 ], [ -96.659018, 32.652366 ], [ -96.658992, 32.652319 ], [ -96.658979, 32.652279 ], [ -96.658962, 32.652247 ], [ -96.658944, 32.652229 ], [ -96.65891, 32.652225 ], [ -96.658808, 32.652236 ], [ -96.658749, 32.652228 ], [ -96.658659, 32.652247 ], [ -96.658495, 32.652271 ], [ -96.658415, 32.652298 ], [ -96.658354, 32.652323 ], [ -96.658307, 32.652347 ], [ -96.658264, 32.652352 ], [ -96.658226, 32.652337 ], [ -96.658165, 32.652282 ], [ -96.658122, 32.652206 ], [ -96.658106, 32.652131 ], [ -96.658107, 32.652103 ], [ -96.658122, 32.652071 ], [ -96.658187, 32.65202 ], [ -96.658243, 32.651988 ], [ -96.65837, 32.651902 ], [ -96.658422, 32.65184 ], [ -96.65856, 32.651732 ], [ -96.658701, 32.651641 ], [ -96.658778, 32.651605 ], [ -96.658806, 32.65158 ], [ -96.658817, 32.651555 ], [ -96.658821, 32.651522 ], [ -96.658812, 32.65149 ], [ -96.658733, 32.651389 ], [ -96.658686, 32.651342 ], [ -96.658618, 32.651288 ], [ -96.658562, 32.651234 ], [ -96.658496, 32.651179 ], [ -96.658416, 32.651093 ], [ -96.658236, 32.65096 ], [ -96.658159, 32.650921 ], [ -96.658099, 32.650925 ], [ -96.658056, 32.650942 ], [ -96.657902, 32.651054 ], [ -96.657868, 32.651068 ], [ -96.657825, 32.651097 ], [ -96.657803, 32.651123 ], [ -96.657808, 32.651155 ], [ -96.657821, 32.65118 ], [ -96.657825, 32.65122 ], [ -96.657795, 32.651253 ], [ -96.657752, 32.651289 ], [ -96.657696, 32.651317 ], [ -96.657641, 32.651327 ], [ -96.657594, 32.651324 ], [ -96.657474, 32.651339 ], [ -96.657354, 32.651392 ], [ -96.657126, 32.651508 ], [ -96.657029, 32.651551 ], [ -96.656828, 32.651625 ], [ -96.656656, 32.651707 ], [ -96.656578, 32.651738 ], [ -96.656518, 32.651775 ], [ -96.656425, 32.651825 ], [ -96.656373, 32.651858 ], [ -96.656313, 32.651908 ], [ -96.656304, 32.651945 ], [ -96.656304, 32.65197 ], [ -96.656317, 32.652006 ], [ -96.656343, 32.652041 ], [ -96.65639, 32.652092 ], [ -96.656485, 32.652157 ], [ -96.656578, 32.65224 ], [ -96.656673, 32.652309 ], [ -96.656761, 32.652405 ], [ -96.65691, 32.652492 ], [ -96.656988, 32.652547 ], [ -96.657121, 32.652666 ], [ -96.657181, 32.652708 ], [ -96.657229, 32.652727 ], [ -96.657326, 32.652738 ], [ -96.65755, 32.652753 ], [ -96.657644, 32.65277 ], [ -96.657703, 32.652792 ], [ -96.657754, 32.652829 ], [ -96.657823, 32.652893 ] ], [ [ -96.654356, 32.652694 ], [ -96.654441, 32.652694 ], [ -96.6546, 32.652661 ], [ -96.654679, 32.652576 ], [ -96.654785, 32.652497 ], [ -96.654862, 32.65245 ], [ -96.65489, 32.65242 ], [ -96.65489, 32.652399 ], [ -96.654918, 32.652394 ], [ -96.654946, 32.652361 ], [ -96.655026, 32.652317 ], [ -96.655095, 32.652294 ], [ -96.655126, 32.652322 ], [ -96.65519, 32.65233 ], [ -96.655229, 32.652284 ], [ -96.655213, 32.652207 ], [ -96.655188, 32.652089 ], [ -96.655152, 32.65205 ], [ -96.655113, 32.651955 ], [ -96.65517, 32.651929 ], [ -96.655139, 32.651893 ], [ -96.655103, 32.651883 ], [ -96.654998, 32.651819 ], [ -96.654921, 32.651734 ], [ -96.654849, 32.651673 ], [ -96.654772, 32.651662 ], [ -96.654723, 32.65167 ], [ -96.654531, 32.651852 ], [ -96.654433, 32.651901 ], [ -96.654387, 32.65195 ], [ -96.654207, 32.652073 ], [ -96.654082, 32.652152 ], [ -96.653891, 32.652327 ], [ -96.653832, 32.652381 ], [ -96.653838, 32.652407 ], [ -96.653868, 32.652456 ], [ -96.653843, 32.652461 ], [ -96.653794, 32.652438 ], [ -96.653719, 32.652466 ], [ -96.653709, 32.652586 ], [ -96.653709, 32.652663 ], [ -96.653727, 32.652676 ], [ -96.653781, 32.652705 ], [ -96.65385, 32.652774 ], [ -96.65393, 32.65281 ], [ -96.65404, 32.652769 ], [ -96.654094, 32.652771 ], [ -96.654171, 32.652789 ], [ -96.65422, 32.652751 ], [ -96.654289, 32.652674 ], [ -96.654307, 32.652676 ], [ -96.654356, 32.652694 ] ], [ [ -96.66248, 32.655597 ], [ -96.662514, 32.655612 ], [ -96.662498, 32.655643 ], [ -96.662456, 32.65568 ], [ -96.662442, 32.655721 ], [ -96.66245, 32.655741 ], [ -96.662478, 32.655738 ], [ -96.662515, 32.655741 ], [ -96.662554, 32.655717 ], [ -96.662634, 32.655656 ], [ -96.662666, 32.655615 ], [ -96.662681, 32.655556 ], [ -96.662706, 32.655533 ], [ -96.662737, 32.655516 ], [ -96.662754, 32.655469 ], [ -96.662742, 32.655415 ], [ -96.662725, 32.655367 ], [ -96.662701, 32.65532 ], [ -96.662677, 32.655275 ], [ -96.662663, 32.655244 ], [ -96.662638, 32.655218 ], [ -96.662621, 32.655185 ], [ -96.662571, 32.655158 ], [ -96.662512, 32.655173 ], [ -96.662436, 32.655198 ], [ -96.662391, 32.655202 ], [ -96.66236, 32.655263 ], [ -96.662337, 32.65532 ], [ -96.662282, 32.655361 ], [ -96.662211, 32.655424 ], [ -96.662175, 32.655482 ], [ -96.662147, 32.655535 ], [ -96.662079, 32.655566 ], [ -96.662005, 32.655614 ], [ -96.662009, 32.655662 ], [ -96.662036, 32.655713 ], [ -96.662056, 32.655774 ], [ -96.662137, 32.655786 ], [ -96.662168, 32.655837 ], [ -96.662194, 32.655916 ], [ -96.662178, 32.655974 ], [ -96.662206, 32.655997 ], [ -96.662262, 32.655987 ], [ -96.662291, 32.65595 ], [ -96.662323, 32.655932 ], [ -96.662356, 32.655919 ], [ -96.662385, 32.655902 ], [ -96.662432, 32.655859 ], [ -96.66241, 32.655836 ], [ -96.662439, 32.655792 ], [ -96.662422, 32.65576 ], [ -96.662343, 32.655778 ], [ -96.662327, 32.65575 ], [ -96.662352, 32.655702 ], [ -96.662394, 32.655652 ], [ -96.66248, 32.655597 ] ], [ [ -96.661843, 32.656016 ], [ -96.661879, 32.656037 ], [ -96.661915, 32.65604 ], [ -96.661947, 32.656037 ], [ -96.66195, 32.656082 ], [ -96.661907, 32.656087 ], [ -96.661902, 32.656132 ], [ -96.661942, 32.656172 ], [ -96.661969, 32.656193 ], [ -96.661974, 32.656226 ], [ -96.662082, 32.656144 ], [ -96.662067, 32.656106 ], [ -96.662078, 32.656076 ], [ -96.662118, 32.656051 ], [ -96.662164, 32.656027 ], [ -96.662137, 32.655985 ], [ -96.662123, 32.65596 ], [ -96.662121, 32.65591 ], [ -96.662093, 32.655874 ], [ -96.662062, 32.655845 ], [ -96.662053, 32.655826 ], [ -96.662029, 32.655769 ], [ -96.661994, 32.655777 ], [ -96.661969, 32.655795 ], [ -96.661929, 32.655803 ], [ -96.661908, 32.655814 ], [ -96.661907, 32.655825 ], [ -96.661887, 32.655857 ], [ -96.66186, 32.655893 ], [ -96.661821, 32.655932 ], [ -96.661818, 32.655972 ], [ -96.661843, 32.656016 ] ], [ [ -96.661784, 32.656107 ], [ -96.66175, 32.656096 ], [ -96.661733, 32.656068 ], [ -96.661721, 32.656017 ], [ -96.661697, 32.655974 ], [ -96.661727, 32.655992 ], [ -96.661769, 32.655972 ], [ -96.66177, 32.655924 ], [ -96.661783, 32.655885 ], [ -96.661803, 32.655843 ], [ -96.661843, 32.655783 ], [ -96.661866, 32.655769 ], [ -96.661911, 32.65578 ], [ -96.661969, 32.655781 ], [ -96.662012, 32.655746 ], [ -96.662001, 32.655688 ], [ -96.661944, 32.655662 ], [ -96.661857, 32.655638 ], [ -96.661783, 32.655618 ], [ -96.6617, 32.655626 ], [ -96.66166, 32.655666 ], [ -96.661646, 32.655721 ], [ -96.661618, 32.655834 ], [ -96.661593, 32.65587 ], [ -96.66153, 32.655846 ], [ -96.661464, 32.655882 ], [ -96.661409, 32.65593 ], [ -96.66137, 32.655989 ], [ -96.66135, 32.656058 ], [ -96.661353, 32.656117 ], [ -96.661378, 32.656151 ], [ -96.661413, 32.656149 ], [ -96.661432, 32.656117 ], [ -96.661446, 32.656089 ], [ -96.661475, 32.656062 ], [ -96.661499, 32.656059 ], [ -96.661517, 32.656098 ], [ -96.661519, 32.656149 ], [ -96.661545, 32.656194 ], [ -96.661587, 32.656238 ], [ -96.661648, 32.656284 ], [ -96.661702, 32.656301 ], [ -96.661744, 32.65632 ], [ -96.661764, 32.656375 ], [ -96.661808, 32.656358 ], [ -96.661776, 32.656278 ], [ -96.661776, 32.656244 ], [ -96.6618, 32.656219 ], [ -96.661815, 32.656176 ], [ -96.661803, 32.656138 ], [ -96.661784, 32.656107 ] ], [ [ -96.660969, 32.65639 ], [ -96.660988, 32.65643 ], [ -96.661011, 32.656442 ], [ -96.66107, 32.65645 ], [ -96.661073, 32.656481 ], [ -96.661075, 32.656526 ], [ -96.661126, 32.656578 ], [ -96.661165, 32.656574 ], [ -96.661222, 32.656497 ], [ -96.661258, 32.656447 ], [ -96.661267, 32.656379 ], [ -96.661291, 32.656287 ], [ -96.661308, 32.656241 ], [ -96.661336, 32.656225 ], [ -96.661367, 32.6562 ], [ -96.66136, 32.65616 ], [ -96.661308, 32.65614 ], [ -96.661239, 32.656151 ], [ -96.66117, 32.656177 ], [ -96.661092, 32.656236 ], [ -96.661022, 32.65629 ], [ -96.66098, 32.656337 ], [ -96.660969, 32.65639 ] ], [ [ -96.652537, 32.658099 ], [ -96.652443, 32.658027 ], [ -96.652418, 32.658027 ], [ -96.652387, 32.658038 ], [ -96.652327, 32.658079 ], [ -96.652273, 32.658074 ], [ -96.65223, 32.658048 ], [ -96.652229, 32.658012 ], [ -96.652271, 32.657963 ], [ -96.652368, 32.657881 ], [ -96.652491, 32.657757 ], [ -96.652825, 32.657393 ], [ -96.652876, 32.657351 ], [ -96.652922, 32.657279 ], [ -96.652994, 32.657182 ], [ -96.653003, 32.657151 ], [ -96.652986, 32.657119 ], [ -96.652733, 32.656963 ], [ -96.652623, 32.656909 ], [ -96.652478, 32.656845 ], [ -96.652373, 32.656771 ], [ -96.652285, 32.656772 ], [ -96.65223, 32.656763 ], [ -96.65212, 32.656686 ], [ -96.652065, 32.65669 ], [ -96.651923, 32.65682 ], [ -96.651826, 32.656856 ], [ -96.651752, 32.656872 ], [ -96.651697, 32.656836 ], [ -96.651673, 32.656805 ], [ -96.651685, 32.656763 ], [ -96.651728, 32.65667 ], [ -96.651789, 32.656623 ], [ -96.651905, 32.656586 ], [ -96.651973, 32.656547 ], [ -96.652013, 32.65651 ], [ -96.652004, 32.65646 ], [ -96.651966, 32.656424 ], [ -96.651907, 32.656334 ], [ -96.651869, 32.656306 ], [ -96.651806, 32.656271 ], [ -96.651738, 32.656241 ], [ -96.651687, 32.656235 ], [ -96.651649, 32.656221 ], [ -96.651603, 32.656171 ], [ -96.651581, 32.656128 ], [ -96.651569, 32.656089 ], [ -96.651539, 32.656036 ], [ -96.651497, 32.656 ], [ -96.65145, 32.655979 ], [ -96.651392, 32.655968 ], [ -96.651328, 32.655972 ], [ -96.651286, 32.655983 ], [ -96.651247, 32.655986 ], [ -96.651218, 32.655997 ], [ -96.651167, 32.656025 ], [ -96.651095, 32.656078 ], [ -96.651019, 32.656142 ], [ -96.650959, 32.656174 ], [ -96.650921, 32.65621 ], [ -96.650888, 32.65626 ], [ -96.650702, 32.656413 ], [ -96.650524, 32.656533 ], [ -96.650397, 32.656634 ], [ -96.650092, 32.656887 ], [ -96.649965, 32.656982 ], [ -96.649939, 32.657019 ], [ -96.649931, 32.657058 ], [ -96.649948, 32.657108 ], [ -96.649982, 32.657154 ], [ -96.65002, 32.657193 ], [ -96.650071, 32.657229 ], [ -96.650219, 32.657308 ], [ -96.650247, 32.657333 ], [ -96.650342, 32.657347 ], [ -96.650427, 32.65731 ], [ -96.650525, 32.657238 ], [ -96.650704, 32.657072 ], [ -96.650771, 32.65699 ], [ -96.650857, 32.656907 ], [ -96.651004, 32.656794 ], [ -96.651108, 32.656779 ], [ -96.651207, 32.656758 ], [ -96.651359, 32.656794 ], [ -96.651421, 32.656836 ], [ -96.651427, 32.656887 ], [ -96.65139, 32.656938 ], [ -96.651311, 32.656934 ], [ -96.651213, 32.656903 ], [ -96.651114, 32.656887 ], [ -96.65101, 32.656949 ], [ -96.650924, 32.657026 ], [ -96.650673, 32.657221 ], [ -96.650519, 32.657393 ], [ -96.650489, 32.657479 ], [ -96.650538, 32.657609 ], [ -96.650597, 32.657732 ], [ -96.650657, 32.657796 ], [ -96.650725, 32.657853 ], [ -96.650855, 32.658009 ], [ -96.65091, 32.65806 ], [ -96.650982, 32.658147 ], [ -96.65105, 32.658208 ], [ -96.651207, 32.658361 ], [ -96.651329, 32.658456 ], [ -96.651452, 32.658567 ], [ -96.651485, 32.658574 ], [ -96.651553, 32.658563 ], [ -96.6516, 32.658542 ], [ -96.651646, 32.658512 ], [ -96.651722, 32.658457 ], [ -96.651743, 32.658454 ], [ -96.651764, 32.658467 ], [ -96.651764, 32.658492 ], [ -96.651693, 32.658586 ], [ -96.651639, 32.658649 ], [ -96.651626, 32.658678 ], [ -96.651635, 32.65872 ], [ -96.651676, 32.658774 ], [ -96.651747, 32.658835 ], [ -96.651802, 32.658888 ], [ -96.651849, 32.658917 ], [ -96.651874, 32.658927 ], [ -96.651896, 32.658927 ], [ -96.651955, 32.65891 ], [ -96.651996, 32.658888 ], [ -96.652026, 32.658863 ], [ -96.65206, 32.658827 ], [ -96.652229, 32.658723 ], [ -96.652336, 32.658648 ], [ -96.652385, 32.65859 ], [ -96.652461, 32.658538 ], [ -96.652525, 32.658486 ], [ -96.65258, 32.658447 ], [ -96.652623, 32.6584 ], [ -96.652694, 32.658296 ], [ -96.652694, 32.658266 ], [ -96.652681, 32.658244 ], [ -96.652537, 32.658099 ] ], [ [ -96.650517, 32.658951 ], [ -96.650643, 32.659072 ], [ -96.650685, 32.659097 ], [ -96.650719, 32.659097 ], [ -96.650754, 32.659084 ], [ -96.650779, 32.659049 ], [ -96.650783, 32.659017 ], [ -96.650733, 32.658877 ], [ -96.650716, 32.658742 ], [ -96.650712, 32.658628 ], [ -96.650721, 32.658592 ], [ -96.65075, 32.658553 ], [ -96.650932, 32.658466 ], [ -96.650957, 32.658452 ], [ -96.650979, 32.658424 ], [ -96.650979, 32.658399 ], [ -96.65097, 32.658362 ], [ -96.650924, 32.658308 ], [ -96.650766, 32.65819 ], [ -96.650725, 32.658145 ], [ -96.650666, 32.658102 ], [ -96.650637, 32.658102 ], [ -96.650606, 32.658108 ], [ -96.650551, 32.658154 ], [ -96.650487, 32.658225 ], [ -96.650424, 32.658275 ], [ -96.650322, 32.658385 ], [ -96.650296, 32.65844 ], [ -96.650283, 32.658536 ], [ -96.650288, 32.658576 ], [ -96.650317, 32.658675 ], [ -96.650339, 32.658796 ], [ -96.650394, 32.658829 ], [ -96.650453, 32.658883 ], [ -96.650517, 32.658951 ] ], [ [ -96.655688, 32.660927 ], [ -96.655722, 32.660882 ], [ -96.655886, 32.660733 ], [ -96.655949, 32.660694 ], [ -96.656054, 32.660651 ], [ -96.65608, 32.660623 ], [ -96.656092, 32.660594 ], [ -96.656125, 32.660538 ], [ -96.656121, 32.660508 ], [ -96.6561, 32.660494 ], [ -96.656066, 32.66046 ], [ -96.656062, 32.660435 ], [ -96.656079, 32.660421 ], [ -96.65618, 32.660359 ], [ -96.656192, 32.660327 ], [ -96.656201, 32.660276 ], [ -96.656188, 32.660228 ], [ -96.656053, 32.660193 ], [ -96.655969, 32.660179 ], [ -96.655653, 32.66008 ], [ -96.65551, 32.660045 ], [ -96.655357, 32.659996 ], [ -96.655041, 32.659922 ], [ -96.654919, 32.659905 ], [ -96.65475, 32.65987 ], [ -96.65462, 32.659824 ], [ -96.654523, 32.659796 ], [ -96.654384, 32.659761 ], [ -96.654249, 32.659714 ], [ -96.654127, 32.659659 ], [ -96.653979, 32.659602 ], [ -96.653819, 32.659557 ], [ -96.653675, 32.659523 ], [ -96.653526, 32.659488 ], [ -96.653294, 32.659446 ], [ -96.653171, 32.659419 ], [ -96.653028, 32.659377 ], [ -96.652754, 32.659277 ], [ -96.652632, 32.65925 ], [ -96.652514, 32.659229 ], [ -96.652425, 32.659206 ], [ -96.652345, 32.659178 ], [ -96.652299, 32.659158 ], [ -96.652244, 32.65914 ], [ -96.652202, 32.659133 ], [ -96.652151, 32.659145 ], [ -96.652097, 32.659162 ], [ -96.652016, 32.659207 ], [ -96.651865, 32.659328 ], [ -96.651806, 32.659382 ], [ -96.651776, 32.659428 ], [ -96.651734, 32.659471 ], [ -96.651598, 32.659559 ], [ -96.651505, 32.659638 ], [ -96.651442, 32.659683 ], [ -96.651311, 32.65979 ], [ -96.651189, 32.659866 ], [ -96.6511, 32.659908 ], [ -96.651058, 32.659937 ], [ -96.651041, 32.659965 ], [ -96.651042, 32.65999 ], [ -96.651097, 32.660057 ], [ -96.651114, 32.660086 ], [ -96.651114, 32.660145 ], [ -96.651105, 32.660185 ], [ -96.651105, 32.660227 ], [ -96.651135, 32.660313 ], [ -96.651118, 32.660345 ], [ -96.651018, 32.660402 ], [ -96.650992, 32.660434 ], [ -96.650945, 32.660437 ], [ -96.65089, 32.66043 ], [ -96.650827, 32.660412 ], [ -96.650768, 32.660379 ], [ -96.650718, 32.660373 ], [ -96.650612, 32.660377 ], [ -96.650562, 32.660391 ], [ -96.650457, 32.66047 ], [ -96.650415, 32.660487 ], [ -96.650386, 32.660504 ], [ -96.650331, 32.660526 ], [ -96.650276, 32.660559 ], [ -96.650247, 32.660587 ], [ -96.65023, 32.660615 ], [ -96.650225, 32.660658 ], [ -96.65023, 32.660715 ], [ -96.650247, 32.660764 ], [ -96.650259, 32.660818 ], [ -96.650252, 32.66097 ], [ -96.650256, 32.660999 ], [ -96.65038, 32.661058 ], [ -96.650494, 32.661105 ], [ -96.65073, 32.661181 ], [ -96.651017, 32.661263 ], [ -96.651156, 32.661313 ], [ -96.651527, 32.661401 ], [ -96.651607, 32.661439 ], [ -96.6517, 32.661471 ], [ -96.651856, 32.661513 ], [ -96.651924, 32.661517 ], [ -96.652044, 32.661516 ], [ -96.652208, 32.661569 ], [ -96.652335, 32.661622 ], [ -96.65244, 32.661672 ], [ -96.65247, 32.661675 ], [ -96.652503, 32.661672 ], [ -96.652541, 32.661636 ], [ -96.652581, 32.661519 ], [ -96.652619, 32.661484 ], [ -96.652661, 32.661482 ], [ -96.652703, 32.661501 ], [ -96.65273, 32.661529 ], [ -96.652743, 32.661571 ], [ -96.652747, 32.661624 ], [ -96.652759, 32.661667 ], [ -96.652785, 32.661723 ], [ -96.652814, 32.661756 ], [ -96.652865, 32.661784 ], [ -96.652941, 32.661809 ], [ -96.653092, 32.661869 ], [ -96.653135, 32.661898 ], [ -96.653185, 32.661918 ], [ -96.653232, 32.661929 ], [ -96.653278, 32.661929 ], [ -96.653337, 32.661921 ], [ -96.653396, 32.661918 ], [ -96.653468, 32.661921 ], [ -96.653653, 32.661938 ], [ -96.653697, 32.661949 ], [ -96.653748, 32.66197 ], [ -96.653879, 32.662008 ], [ -96.653993, 32.66207 ], [ -96.654044, 32.66208 ], [ -96.654094, 32.662084 ], [ -96.654225, 32.662125 ], [ -96.654288, 32.662136 ], [ -96.654385, 32.662142 ], [ -96.654419, 32.662139 ], [ -96.654461, 32.662128 ], [ -96.654596, 32.662079 ], [ -96.65465, 32.662046 ], [ -96.654721, 32.661986 ], [ -96.654995, 32.661705 ], [ -96.655221, 32.661484 ], [ -96.655339, 32.661362 ], [ -96.655464, 32.661255 ], [ -96.655533, 32.661173 ], [ -96.655567, 32.661145 ], [ -96.6556, 32.661103 ], [ -96.655688, 32.660927 ] ], [ [ -96.650902, 32.6616 ], [ -96.650843, 32.66155 ], [ -96.650755, 32.661519 ], [ -96.650667, 32.661513 ], [ -96.650564, 32.661538 ], [ -96.650483, 32.661587 ], [ -96.650461, 32.661648 ], [ -96.650474, 32.661685 ], [ -96.650503, 32.661729 ], [ -96.650547, 32.661754 ], [ -96.650701, 32.661859 ], [ -96.650768, 32.661876 ], [ -96.650826, 32.661859 ], [ -96.650885, 32.661808 ], [ -96.650907, 32.661747 ], [ -96.650916, 32.661668 ], [ -96.650902, 32.6616 ] ], [ [ -96.668064, 32.666238 ], [ -96.668118, 32.666233 ], [ -96.668204, 32.666201 ], [ -96.668307, 32.666179 ], [ -96.668386, 32.666172 ], [ -96.668461, 32.6661 ], [ -96.668508, 32.666036 ], [ -96.668538, 32.665944 ], [ -96.668548, 32.665872 ], [ -96.668552, 32.665785 ], [ -96.668587, 32.665408 ], [ -96.668582, 32.665356 ], [ -96.668587, 32.665322 ], [ -96.66864, 32.665211 ], [ -96.668649, 32.665177 ], [ -96.668649, 32.665118 ], [ -96.668627, 32.664941 ], [ -96.668603, 32.664901 ], [ -96.668555, 32.664886 ], [ -96.668446, 32.664883 ], [ -96.668388, 32.66487 ], [ -96.668357, 32.664855 ], [ -96.668325, 32.664867 ], [ -96.668293, 32.664897 ], [ -96.668293, 32.664951 ], [ -96.668284, 32.664986 ], [ -96.668248, 32.664986 ], [ -96.6682, 32.66498 ], [ -96.668191, 32.664959 ], [ -96.668194, 32.66487 ], [ -96.668191, 32.664824 ], [ -96.668149, 32.66478 ], [ -96.668107, 32.664797 ], [ -96.668104, 32.664834 ], [ -96.668117, 32.664899 ], [ -96.668088, 32.664913 ], [ -96.66805, 32.664886 ], [ -96.668059, 32.664817 ], [ -96.668046, 32.664797 ], [ -96.66803, 32.664745 ], [ -96.66803, 32.664696 ], [ -96.667976, 32.664681 ], [ -96.667953, 32.664686 ], [ -96.667915, 32.664718 ], [ -96.667918, 32.664751 ], [ -96.66788, 32.664816 ], [ -96.667876, 32.664839 ], [ -96.667912, 32.664907 ], [ -96.667925, 32.66494 ], [ -96.667857, 32.664972 ], [ -96.667851, 32.665002 ], [ -96.667822, 32.665028 ], [ -96.667819, 32.665059 ], [ -96.667838, 32.665225 ], [ -96.667755, 32.665248 ], [ -96.667687, 32.665236 ], [ -96.667671, 32.665148 ], [ -96.66762, 32.665104 ], [ -96.667559, 32.665059 ], [ -96.667524, 32.665042 ], [ -96.667524, 32.664879 ], [ -96.66752, 32.664821 ], [ -96.667488, 32.664752 ], [ -96.667472, 32.664737 ], [ -96.66746, 32.664752 ], [ -96.667444, 32.664853 ], [ -96.667418, 32.664867 ], [ -96.667389, 32.664893 ], [ -96.667379, 32.664926 ], [ -96.667344, 32.664975 ], [ -96.667222, 32.665072 ], [ -96.667145, 32.66511 ], [ -96.667122, 32.665137 ], [ -96.667056, 32.665171 ], [ -96.667006, 32.665191 ], [ -96.666955, 32.665204 ], [ -96.66692, 32.665187 ], [ -96.666891, 32.665161 ], [ -96.666846, 32.665147 ], [ -96.666782, 32.665172 ], [ -96.666708, 32.665213 ], [ -96.666688, 32.66525 ], [ -96.666699, 32.6653 ], [ -96.666696, 32.665343 ], [ -96.666737, 32.665357 ], [ -96.666719, 32.665416 ], [ -96.666694, 32.665436 ], [ -96.666685, 32.665469 ], [ -96.666696, 32.665503 ], [ -96.666671, 32.665529 ], [ -96.666659, 32.665568 ], [ -96.666628, 32.665585 ], [ -96.666608, 32.665577 ], [ -96.66661, 32.665542 ], [ -96.666593, 32.66552 ], [ -96.666573, 32.665503 ], [ -96.66657, 32.665436 ], [ -96.666579, 32.66538 ], [ -96.666582, 32.665315 ], [ -96.666573, 32.665286 ], [ -96.666544, 32.66525 ], [ -96.66653, 32.665216 ], [ -96.6665, 32.665219 ], [ -96.666504, 32.6653 ], [ -96.666487, 32.665343 ], [ -96.666392, 32.66536 ], [ -96.666381, 32.66539 ], [ -96.666401, 32.665438 ], [ -96.666433, 32.665535 ], [ -96.666447, 32.665619 ], [ -96.666436, 32.665653 ], [ -96.666416, 32.665692 ], [ -96.666407, 32.665781 ], [ -96.666384, 32.665819 ], [ -96.66637, 32.665883 ], [ -96.666338, 32.665979 ], [ -96.66631, 32.666006 ], [ -96.666304, 32.666066 ], [ -96.666313, 32.666127 ], [ -96.666342, 32.66623 ], [ -96.666385, 32.666257 ], [ -96.666563, 32.666262 ], [ -96.666875, 32.666257 ], [ -96.666944, 32.666238 ], [ -96.667004, 32.666209 ], [ -96.66721, 32.666189 ], [ -96.667393, 32.666184 ], [ -96.667703, 32.666189 ], [ -96.66772, 32.666213 ], [ -96.667716, 32.666261 ], [ -96.66774, 32.666275 ], [ -96.667772, 32.666277 ], [ -96.667833, 32.666263 ], [ -96.667903, 32.666216 ], [ -96.667969, 32.666199 ], [ -96.668026, 32.666216 ], [ -96.668064, 32.666238 ] ], [ [ -96.665649, 32.665872 ], [ -96.665642, 32.665839 ], [ -96.665649, 32.665802 ], [ -96.665628, 32.665798 ], [ -96.665558, 32.66581 ], [ -96.665535, 32.665802 ], [ -96.665523, 32.665785 ], [ -96.665537, 32.665768 ], [ -96.66564, 32.66574 ], [ -96.665686, 32.665708 ], [ -96.665725, 32.665615 ], [ -96.665764, 32.665557 ], [ -96.66578, 32.665506 ], [ -96.665805, 32.66545 ], [ -96.665796, 32.665413 ], [ -96.665729, 32.665399 ], [ -96.665668, 32.665339 ], [ -96.665652, 32.665314 ], [ -96.665647, 32.665281 ], [ -96.665617, 32.66527 ], [ -96.66556, 32.665258 ], [ -96.665445, 32.665287 ], [ -96.664913, 32.665343 ], [ -96.664861, 32.665394 ], [ -96.664826, 32.665419 ], [ -96.664776, 32.665455 ], [ -96.664691, 32.665509 ], [ -96.664611, 32.665553 ], [ -96.664554, 32.665591 ], [ -96.664501, 32.665619 ], [ -96.664444, 32.665658 ], [ -96.664407, 32.6657 ], [ -96.664398, 32.665734 ], [ -96.664411, 32.665779 ], [ -96.664434, 32.665795 ], [ -96.664478, 32.66581 ], [ -96.664536, 32.665864 ], [ -96.664549, 32.665908 ], [ -96.664567, 32.665948 ], [ -96.66458, 32.665964 ], [ -96.664598, 32.665976 ], [ -96.664652, 32.665987 ], [ -96.66471, 32.665987 ], [ -96.664807, 32.666002 ], [ -96.66492, 32.666055 ], [ -96.664979, 32.666069 ], [ -96.665055, 32.666069 ], [ -96.66518, 32.666051 ], [ -96.665247, 32.666032 ], [ -96.665408, 32.666021 ], [ -96.665489, 32.666009 ], [ -96.665512, 32.665991 ], [ -96.665514, 32.665953 ], [ -96.665546, 32.665915 ], [ -96.665649, 32.665872 ] ], [ [ -96.665586, 32.666119 ], [ -96.66552, 32.666114 ], [ -96.665504, 32.666102 ], [ -96.665508, 32.666079 ], [ -96.665475, 32.666072 ], [ -96.665475, 32.666133 ], [ -96.665485, 32.666155 ], [ -96.665503, 32.66617 ], [ -96.665592, 32.666182 ], [ -96.66565, 32.666175 ], [ -96.665697, 32.666176 ], [ -96.665759, 32.66617 ], [ -96.665918, 32.66619 ], [ -96.666069, 32.666165 ], [ -96.666092, 32.666131 ], [ -96.666066, 32.666122 ], [ -96.666063, 32.666103 ], [ -96.666074, 32.666088 ], [ -96.666065, 32.666067 ], [ -96.666042, 32.666061 ], [ -96.665888, 32.666072 ], [ -96.665829, 32.666097 ], [ -96.665796, 32.666091 ], [ -96.665709, 32.666127 ], [ -96.665608, 32.666131 ], [ -96.665586, 32.666119 ] ], [ [ -96.650949, 32.669214 ], [ -96.650944, 32.669179 ], [ -96.650898, 32.669104 ], [ -96.650872, 32.669079 ], [ -96.650769, 32.669058 ], [ -96.650733, 32.669075 ], [ -96.65065, 32.669132 ], [ -96.65061, 32.669171 ], [ -96.65061, 32.669244 ], [ -96.650646, 32.669296 ], [ -96.650692, 32.669331 ], [ -96.650743, 32.669352 ], [ -96.650831, 32.669344 ], [ -96.650919, 32.669294 ], [ -96.650944, 32.669261 ], [ -96.650949, 32.669214 ] ], [ [ -96.680979, 32.681855 ], [ -96.681142, 32.681855 ], [ -96.681299, 32.681835 ], [ -96.681379, 32.681807 ], [ -96.68143, 32.681762 ], [ -96.68149, 32.681681 ], [ -96.681528, 32.681637 ], [ -96.681538, 32.681574 ], [ -96.681506, 32.681508 ], [ -96.68148, 32.681468 ], [ -96.681459, 32.68138 ], [ -96.681488, 32.681336 ], [ -96.68151, 32.681289 ], [ -96.68151, 32.681242 ], [ -96.681566, 32.681166 ], [ -96.681552, 32.68114 ], [ -96.681497, 32.68114 ], [ -96.681368, 32.68117 ], [ -96.681325, 32.681168 ], [ -96.681123, 32.681086 ], [ -96.680824, 32.680934 ], [ -96.680639, 32.680894 ], [ -96.680283, 32.680799 ], [ -96.680164, 32.680783 ], [ -96.680097, 32.680785 ], [ -96.680065, 32.680792 ], [ -96.680027, 32.680792 ], [ -96.679928, 32.680752 ], [ -96.679888, 32.680718 ], [ -96.679843, 32.680614 ], [ -96.679838, 32.68056 ], [ -96.679843, 32.680511 ], [ -96.67983, 32.680431 ], [ -96.679811, 32.680373 ], [ -96.679801, 32.680321 ], [ -96.679785, 32.680272 ], [ -96.679679, 32.680225 ], [ -96.679526, 32.680143 ], [ -96.679298, 32.680058 ], [ -96.679088, 32.679964 ], [ -96.679041, 32.679945 ], [ -96.678744, 32.679827 ], [ -96.678699, 32.679838 ], [ -96.678656, 32.679866 ], [ -96.678619, 32.679914 ], [ -96.678614, 32.679947 ], [ -96.678635, 32.679989 ], [ -96.678667, 32.680036 ], [ -96.678677, 32.680091 ], [ -96.678675, 32.680118 ], [ -96.678659, 32.680133 ], [ -96.67854, 32.680192 ], [ -96.678469, 32.68024 ], [ -96.67844, 32.680299 ], [ -96.678461, 32.680355 ], [ -96.678512, 32.680426 ], [ -96.678696, 32.68057 ], [ -96.678761, 32.680649 ], [ -96.678777, 32.68068 ], [ -96.678807, 32.680705 ], [ -96.678843, 32.680711 ], [ -96.678882, 32.68069 ], [ -96.678903, 32.680683 ], [ -96.678925, 32.680666 ], [ -96.678918, 32.680624 ], [ -96.678917, 32.680562 ], [ -96.678932, 32.680516 ], [ -96.678973, 32.680502 ], [ -96.679009, 32.680505 ], [ -96.679054, 32.680534 ], [ -96.679134, 32.680573 ], [ -96.679172, 32.6806 ], [ -96.679174, 32.680645 ], [ -96.679136, 32.680669 ], [ -96.679045, 32.680708 ], [ -96.678953, 32.680773 ], [ -96.678944, 32.680815 ], [ -96.678962, 32.680862 ], [ -96.679286, 32.681129 ], [ -96.679564, 32.68132 ], [ -96.679761, 32.681442 ], [ -96.679952, 32.681532 ], [ -96.680119, 32.681626 ], [ -96.680404, 32.68174 ], [ -96.680689, 32.68183 ], [ -96.680979, 32.681855 ] ], [ [ -96.712548, 32.687004 ], [ -96.712641, 32.686998 ], [ -96.712672, 32.687011 ], [ -96.712679, 32.687046 ], [ -96.712652, 32.68708 ], [ -96.712672, 32.687108 ], [ -96.712761, 32.687115 ], [ -96.712811, 32.687099 ], [ -96.712869, 32.68706 ], [ -96.713031, 32.687046 ], [ -96.713131, 32.687076 ], [ -96.713274, 32.68707 ], [ -96.713502, 32.687028 ], [ -96.714182, 32.686693 ], [ -96.714216, 32.686632 ], [ -96.714206, 32.686574 ], [ -96.713885, 32.686259 ], [ -96.713387, 32.685918 ], [ -96.712982, 32.685514 ], [ -96.712904, 32.685461 ], [ -96.712603, 32.685381 ], [ -96.71185, 32.685306 ], [ -96.711792, 32.685328 ], [ -96.711773, 32.685382 ], [ -96.711784, 32.685447 ], [ -96.711811, 32.685495 ], [ -96.712042, 32.685768 ], [ -96.712139, 32.685971 ], [ -96.712239, 32.686582 ], [ -96.712266, 32.686628 ], [ -96.712359, 32.686722 ], [ -96.712398, 32.68677 ], [ -96.712417, 32.68688 ], [ -96.712452, 32.686972 ], [ -96.712486, 32.686998 ], [ -96.712548, 32.687004 ] ], [ [ -96.678823, 32.685873 ], [ -96.678626, 32.685799 ], [ -96.678594, 32.685788 ], [ -96.678266, 32.685713 ], [ -96.678215, 32.68572 ], [ -96.678198, 32.685762 ], [ -96.678203, 32.68579 ], [ -96.678232, 32.685814 ], [ -96.678522, 32.685864 ], [ -96.678564, 32.685882 ], [ -96.678731, 32.685989 ], [ -96.678915, 32.686112 ], [ -96.679036, 32.686173 ], [ -96.679087, 32.686176 ], [ -96.679112, 32.68614 ], [ -96.679108, 32.686098 ], [ -96.678991, 32.685969 ], [ -96.678823, 32.685873 ] ], [ [ -96.685155, 32.688746 ], [ -96.685252, 32.688885 ], [ -96.685526, 32.689256 ], [ -96.685725, 32.689639 ], [ -96.685823, 32.689717 ], [ -96.685888, 32.689749 ], [ -96.685971, 32.689768 ], [ -96.686064, 32.689756 ], [ -96.686129, 32.689698 ], [ -96.686143, 32.689663 ], [ -96.686138, 32.689616 ], [ -96.686101, 32.68958 ], [ -96.686087, 32.689483 ], [ -96.686115, 32.689428 ], [ -96.686194, 32.689382 ], [ -96.686203, 32.689354 ], [ -96.686189, 32.689261 ], [ -96.686171, 32.689197 ], [ -96.686143, 32.689186 ], [ -96.686031, 32.689202 ], [ -96.686004, 32.689186 ], [ -96.685994, 32.689151 ], [ -96.686013, 32.689124 ], [ -96.686115, 32.689045 ], [ -96.686133, 32.689006 ], [ -96.686124, 32.688972 ], [ -96.686064, 32.688955 ], [ -96.685999, 32.688972 ], [ -96.68592, 32.688999 ], [ -96.685823, 32.68898 ], [ -96.685679, 32.68887 ], [ -96.685637, 32.688828 ], [ -96.685623, 32.688781 ], [ -96.685665, 32.688675 ], [ -96.685674, 32.688636 ], [ -96.685642, 32.68855 ], [ -96.685521, 32.688468 ], [ -96.685475, 32.688453 ], [ -96.685475, 32.688418 ], [ -96.685503, 32.688378 ], [ -96.685465, 32.688211 ], [ -96.685448, 32.68818 ], [ -96.685373, 32.688043 ], [ -96.685345, 32.68802 ], [ -96.685312, 32.688024 ], [ -96.685303, 32.688063 ], [ -96.685308, 32.688262 ], [ -96.68528, 32.688418 ], [ -96.68522, 32.68844 ], [ -96.685141, 32.688437 ], [ -96.684899, 32.688394 ], [ -96.684825, 32.688398 ], [ -96.684797, 32.688426 ], [ -96.684802, 32.688457 ], [ -96.684844, 32.688484 ], [ -96.684918, 32.688523 ], [ -96.684918, 32.688592 ], [ -96.684904, 32.688687 ], [ -96.684918, 32.68873 ], [ -96.684951, 32.688753 ], [ -96.685006, 32.688741 ], [ -96.685085, 32.688718 ], [ -96.685127, 32.688718 ], [ -96.685155, 32.688746 ] ], [ [ -96.649092, 32.69406 ], [ -96.64912, 32.694114 ], [ -96.649103, 32.69419 ], [ -96.649097, 32.694268 ], [ -96.64912, 32.694341 ], [ -96.649218, 32.694457 ], [ -96.649321, 32.694505 ], [ -96.649425, 32.694544 ], [ -96.649528, 32.694549 ], [ -96.649643, 32.694529 ], [ -96.649735, 32.694505 ], [ -96.649919, 32.694375 ], [ -96.650068, 32.694263 ], [ -96.650103, 32.694225 ], [ -96.65012, 32.694172 ], [ -96.650108, 32.694128 ], [ -96.650062, 32.69408 ], [ -96.649982, 32.694046 ], [ -96.649896, 32.694017 ], [ -96.64981, 32.694007 ], [ -96.649718, 32.694007 ], [ -96.649632, 32.694012 ], [ -96.649545, 32.693978 ], [ -96.649453, 32.693935 ], [ -96.649298, 32.693891 ], [ -96.649247, 32.693848 ], [ -96.649212, 32.693779 ], [ -96.649149, 32.693722 ], [ -96.649132, 32.693669 ], [ -96.64908, 32.69364 ], [ -96.649005, 32.69363 ], [ -96.648937, 32.693635 ], [ -96.648915, 32.693656 ], [ -96.648891, 32.693679 ], [ -96.648862, 32.693745 ], [ -96.648879, 32.693828 ], [ -96.648896, 32.693882 ], [ -96.649017, 32.694007 ], [ -96.649092, 32.69406 ] ], [ [ -96.719548, 32.705393 ], [ -96.719751, 32.705303 ], [ -96.720135, 32.705041 ], [ -96.720183, 32.705022 ], [ -96.720256, 32.705008 ], [ -96.720338, 32.704987 ], [ -96.720373, 32.704969 ], [ -96.720421, 32.704925 ], [ -96.720451, 32.704881 ], [ -96.720503, 32.704774 ], [ -96.720607, 32.704681 ], [ -96.720633, 32.704666 ], [ -96.72065, 32.704651 ], [ -96.720659, 32.704622 ], [ -96.720655, 32.704568 ], [ -96.720629, 32.704501 ], [ -96.720611, 32.704473 ], [ -96.720594, 32.704458 ], [ -96.720546, 32.704436 ], [ -96.720425, 32.704403 ], [ -96.720386, 32.704371 ], [ -96.720364, 32.704341 ], [ -96.720334, 32.704282 ], [ -96.720291, 32.704231 ], [ -96.72017, 32.704127 ], [ -96.720144, 32.704096 ], [ -96.720113, 32.704025 ], [ -96.720096, 32.704006 ], [ -96.72007, 32.703999 ], [ -96.720005, 32.704 ], [ -96.719959, 32.704015 ], [ -96.71981, 32.70401 ], [ -96.719784, 32.704018 ], [ -96.719647, 32.704168 ], [ -96.719612, 32.704193 ], [ -96.719577, 32.704211 ], [ -96.719504, 32.704232 ], [ -96.7194, 32.704252 ], [ -96.719352, 32.704269 ], [ -96.719322, 32.704277 ], [ -96.719196, 32.704269 ], [ -96.719123, 32.704273 ], [ -96.719079, 32.70428 ], [ -96.719053, 32.704294 ], [ -96.718902, 32.704441 ], [ -96.718867, 32.70447 ], [ -96.718581, 32.704615 ], [ -96.718547, 32.704642 ], [ -96.718512, 32.704685 ], [ -96.718486, 32.704702 ], [ -96.718417, 32.704722 ], [ -96.71836, 32.704744 ], [ -96.718204, 32.704837 ], [ -96.718008, 32.705001 ], [ -96.717917, 32.705065 ], [ -96.717891, 32.705077 ], [ -96.717861, 32.705081 ], [ -96.717807, 32.705079 ], [ -96.717733, 32.705061 ], [ -96.71769, 32.705057 ], [ -96.717651, 32.705061 ], [ -96.71742, 32.705104 ], [ -96.717355, 32.705099 ], [ -96.717316, 32.705077 ], [ -96.71729, 32.705048 ], [ -96.717286, 32.705019 ], [ -96.717307, 32.704978 ], [ -96.717407, 32.704891 ], [ -96.717424, 32.704865 ], [ -96.71742, 32.704833 ], [ -96.7174, 32.70482 ], [ -96.717369, 32.704817 ], [ -96.717301, 32.704819 ], [ -96.717281, 32.704811 ], [ -96.717237, 32.70475 ], [ -96.717217, 32.704734 ], [ -96.717178, 32.704716 ], [ -96.717122, 32.704705 ], [ -96.716759, 32.704683 ], [ -96.71669, 32.704686 ], [ -96.716577, 32.704705 ], [ -96.716551, 32.704719 ], [ -96.716495, 32.704761 ], [ -96.716452, 32.70478 ], [ -96.71643, 32.704831 ], [ -96.71642, 32.704896 ], [ -96.716426, 32.705064 ], [ -96.716413, 32.705115 ], [ -96.716396, 32.705141 ], [ -96.716344, 32.705183 ], [ -96.716313, 32.70522 ], [ -96.716309, 32.705243 ], [ -96.716313, 32.705268 ], [ -96.716331, 32.705293 ], [ -96.71637, 32.705319 ], [ -96.716452, 32.705337 ], [ -96.716495, 32.705337 ], [ -96.71656, 32.70533 ], [ -96.716603, 32.705316 ], [ -96.716634, 32.705316 ], [ -96.71666, 32.705323 ], [ -96.716724, 32.705363 ], [ -96.716755, 32.705369 ], [ -96.716788, 32.705372 ], [ -96.716853, 32.705365 ], [ -96.716906, 32.705348 ], [ -96.716931, 32.705327 ], [ -96.716952, 32.705271 ], [ -96.716965, 32.705256 ], [ -96.717078, 32.705241 ], [ -96.717098, 32.705231 ], [ -96.717112, 32.705216 ], [ -96.717117, 32.705186 ], [ -96.717095, 32.705127 ], [ -96.717095, 32.705102 ], [ -96.717104, 32.705084 ], [ -96.717121, 32.705073 ], [ -96.717182, 32.705064 ], [ -96.717286, 32.705078 ], [ -96.717453, 32.705188 ], [ -96.717492, 32.705207 ], [ -96.717557, 32.705211 ], [ -96.717657, 32.705196 ], [ -96.717689, 32.705195 ], [ -96.717743, 32.705211 ], [ -96.7178, 32.705255 ], [ -96.717815, 32.705286 ], [ -96.717813, 32.705317 ], [ -96.717802, 32.705351 ], [ -96.717702, 32.705562 ], [ -96.7177, 32.705633 ], [ -96.717714, 32.705664 ], [ -96.717748, 32.705692 ], [ -96.717791, 32.705706 ], [ -96.717903, 32.705714 ], [ -96.718117, 32.705759 ], [ -96.718238, 32.705776 ], [ -96.718372, 32.70577 ], [ -96.718723, 32.705696 ], [ -96.719267, 32.705506 ], [ -96.719548, 32.705393 ] ], [ [ -96.712345, 32.706995 ], [ -96.712521, 32.70729 ], [ -96.712543, 32.707312 ], [ -96.712564, 32.707318 ], [ -96.71261, 32.70731 ], [ -96.712829, 32.707245 ], [ -96.712886, 32.707234 ], [ -96.712924, 32.707234 ], [ -96.712986, 32.707245 ], [ -96.713028, 32.707245 ], [ -96.713066, 32.707234 ], [ -96.713085, 32.707221 ], [ -96.713105, 32.707206 ], [ -96.713129, 32.707182 ], [ -96.713157, 32.707122 ], [ -96.713161, 32.707054 ], [ -96.713152, 32.707006 ], [ -96.713123, 32.706943 ], [ -96.713053, 32.70693 ], [ -96.713029, 32.706915 ], [ -96.713001, 32.706879 ], [ -96.712992, 32.706839 ], [ -96.712996, 32.706778 ], [ -96.713029, 32.706727 ], [ -96.713039, 32.706688 ], [ -96.713039, 32.706652 ], [ -96.713029, 32.70662 ], [ -96.713006, 32.706595 ], [ -96.712977, 32.70658 ], [ -96.712925, 32.706567 ], [ -96.712864, 32.706564 ], [ -96.712701, 32.706592 ], [ -96.712564, 32.706595 ], [ -96.712517, 32.706588 ], [ -96.712351, 32.706511 ], [ -96.712299, 32.7065 ], [ -96.712251, 32.706496 ], [ -96.712204, 32.7065 ], [ -96.712175, 32.706516 ], [ -96.712121, 32.706589 ], [ -96.712013, 32.70675 ], [ -96.712, 32.706787 ], [ -96.711986, 32.706854 ], [ -96.71199, 32.706939 ], [ -96.712009, 32.706963 ], [ -96.712028, 32.706978 ], [ -96.712062, 32.706986 ], [ -96.712099, 32.706986 ], [ -96.712245, 32.706955 ], [ -96.712279, 32.70695 ], [ -96.712312, 32.706958 ], [ -96.712345, 32.706995 ] ], [ [ -96.709617, 32.707173 ], [ -96.709632, 32.707222 ], [ -96.709613, 32.707267 ], [ -96.709617, 32.707298 ], [ -96.709646, 32.707328 ], [ -96.709714, 32.707356 ], [ -96.711344, 32.708249 ], [ -96.71152, 32.708332 ], [ -96.711621, 32.708352 ], [ -96.711703, 32.708352 ], [ -96.711781, 32.708341 ], [ -96.711882, 32.708268 ], [ -96.712008, 32.708138 ], [ -96.712057, 32.70806 ], [ -96.712075, 32.707975 ], [ -96.712066, 32.707893 ], [ -96.712032, 32.707772 ], [ -96.711954, 32.707568 ], [ -96.711902, 32.707511 ], [ -96.711839, 32.70747 ], [ -96.711786, 32.707421 ], [ -96.711761, 32.707371 ], [ -96.711706, 32.707112 ], [ -96.709937, 32.705664 ], [ -96.709787, 32.705599 ], [ -96.709589, 32.705535 ], [ -96.709456, 32.705554 ], [ -96.709472, 32.70662 ], [ -96.709396, 32.706985 ], [ -96.70941, 32.707043 ], [ -96.709444, 32.707075 ], [ -96.709588, 32.70714 ], [ -96.709617, 32.707173 ] ], [ [ -96.658506, 32.710541 ], [ -96.658525, 32.710599 ], [ -96.658543, 32.710621 ], [ -96.658578, 32.710648 ], [ -96.658626, 32.710645 ], [ -96.658665, 32.710628 ], [ -96.658718, 32.710572 ], [ -96.658768, 32.710548 ], [ -96.658824, 32.710557 ], [ -96.658871, 32.710588 ], [ -96.658941, 32.710662 ], [ -96.659002, 32.710683 ], [ -96.659037, 32.710676 ], [ -96.659052, 32.710656 ], [ -96.659081, 32.710481 ], [ -96.659085, 32.710363 ], [ -96.659081, 32.710323 ], [ -96.659068, 32.710296 ], [ -96.659046, 32.710278 ], [ -96.658966, 32.710247 ], [ -96.65891, 32.710242 ], [ -96.658854, 32.710245 ], [ -96.658781, 32.710261 ], [ -96.658753, 32.710259 ], [ -96.658724, 32.710254 ], [ -96.658676, 32.710234 ], [ -96.65863, 32.710223 ], [ -96.658582, 32.710227 ], [ -96.658543, 32.710242 ], [ -96.658521, 32.710259 ], [ -96.658504, 32.710282 ], [ -96.65849, 32.710326 ], [ -96.658486, 32.710369 ], [ -96.658506, 32.710541 ] ], [ [ -96.669365, 32.713684 ], [ -96.669353, 32.713623 ], [ -96.669363, 32.713597 ], [ -96.66942, 32.713542 ], [ -96.669448, 32.713528 ], [ -96.669504, 32.713512 ], [ -96.669553, 32.713508 ], [ -96.669598, 32.713519 ], [ -96.66963, 32.713538 ], [ -96.669677, 32.713591 ], [ -96.669709, 32.713607 ], [ -96.66976, 32.713611 ], [ -96.669887, 32.713588 ], [ -96.670043, 32.713566 ], [ -96.670148, 32.713532 ], [ -96.67007, 32.713033 ], [ -96.670038, 32.712948 ], [ -96.66999, 32.71285 ], [ -96.669904, 32.712716 ], [ -96.669841, 32.712641 ], [ -96.6698, 32.712608 ], [ -96.669548, 32.712462 ], [ -96.669448, 32.712428 ], [ -96.669402, 32.712425 ], [ -96.669356, 32.712437 ], [ -96.669309, 32.712461 ], [ -96.66928, 32.71248 ], [ -96.669258, 32.712508 ], [ -96.66924, 32.712546 ], [ -96.66921, 32.712693 ], [ -96.669212, 32.712754 ], [ -96.669225, 32.712808 ], [ -96.669271, 32.712895 ], [ -96.669298, 32.712936 ], [ -96.669332, 32.712966 ], [ -96.669365, 32.712981 ], [ -96.669442, 32.713006 ], [ -96.669463, 32.713022 ], [ -96.669487, 32.71305 ], [ -96.669514, 32.713102 ], [ -96.669524, 32.713152 ], [ -96.669518, 32.713255 ], [ -96.669505, 32.713305 ], [ -96.669458, 32.713357 ], [ -96.669394, 32.713395 ], [ -96.669322, 32.713453 ], [ -96.66928, 32.713479 ], [ -96.669228, 32.713503 ], [ -96.669163, 32.713506 ], [ -96.6682, 32.713297 ], [ -96.668145, 32.713292 ], [ -96.668116, 32.713296 ], [ -96.668083, 32.713311 ], [ -96.668045, 32.713366 ], [ -96.668036, 32.713414 ], [ -96.668041, 32.713507 ], [ -96.668058, 32.713566 ], [ -96.668092, 32.713585 ], [ -96.668277, 32.7136 ], [ -96.668535, 32.713607 ], [ -96.668648, 32.713625 ], [ -96.668703, 32.713649 ], [ -96.668747, 32.713674 ], [ -96.668834, 32.713736 ], [ -96.668894, 32.713783 ], [ -96.668937, 32.713803 ], [ -96.66903, 32.713824 ], [ -96.669151, 32.713827 ], [ -96.669208, 32.71382 ], [ -96.669302, 32.713798 ], [ -96.669334, 32.713782 ], [ -96.669353, 32.713762 ], [ -96.669365, 32.713684 ] ], [ [ -96.669031, 32.716642 ], [ -96.66904, 32.716685 ], [ -96.669035, 32.716721 ], [ -96.669012, 32.716745 ], [ -96.668827, 32.716872 ], [ -96.668993, 32.717028 ], [ -96.669083, 32.716896 ], [ -96.669097, 32.716853 ], [ -96.669135, 32.7168 ], [ -96.669168, 32.716777 ], [ -96.669244, 32.716745 ], [ -96.669272, 32.716724 ], [ -96.66931, 32.716673 ], [ -96.669333, 32.716569 ], [ -96.669338, 32.716498 ], [ -96.669319, 32.716391 ], [ -96.669286, 32.71631 ], [ -96.669267, 32.716287 ], [ -96.669228, 32.716262 ], [ -96.669173, 32.716271 ], [ -96.669139, 32.716291 ], [ -96.669121, 32.71631 ], [ -96.669106, 32.716338 ], [ -96.669031, 32.716574 ], [ -96.669031, 32.716642 ] ], [ [ -96.718859, 32.725872 ], [ -96.718627, 32.725863 ], [ -96.718421, 32.725973 ], [ -96.71835, 32.72603 ], [ -96.718261, 32.726103 ], [ -96.71814, 32.726212 ], [ -96.718127, 32.726249 ], [ -96.71818, 32.726498 ], [ -96.718206, 32.726535 ], [ -96.718251, 32.726543 ], [ -96.718283, 32.726524 ], [ -96.718452, 32.726333 ], [ -96.718595, 32.726221 ], [ -96.718917, 32.72603 ], [ -96.718935, 32.725996 ], [ -96.718939, 32.725959 ], [ -96.718921, 32.725899 ], [ -96.718859, 32.725872 ] ], [ [ -96.663975, 32.725343 ], [ -96.663873, 32.725355 ], [ -96.663793, 32.725383 ], [ -96.663734, 32.725442 ], [ -96.663702, 32.725519 ], [ -96.663728, 32.725603 ], [ -96.663755, 32.725627 ], [ -96.663873, 32.725645 ], [ -96.663965, 32.725681 ], [ -96.664002, 32.725695 ], [ -96.664066, 32.725704 ], [ -96.66413, 32.725695 ], [ -96.664195, 32.725595 ], [ -96.664216, 32.725523 ], [ -96.6642, 32.725451 ], [ -96.664173, 32.725411 ], [ -96.66412, 32.725383 ], [ -96.663975, 32.725343 ] ], [ [ -96.663841, 32.725762 ], [ -96.663819, 32.725731 ], [ -96.663685, 32.725662 ], [ -96.663609, 32.725662 ], [ -96.663573, 32.725662 ], [ -96.663353, 32.72583 ], [ -96.663267, 32.725884 ], [ -96.663251, 32.725924 ], [ -96.663267, 32.72596 ], [ -96.663326, 32.725974 ], [ -96.663466, 32.725943 ], [ -96.663557, 32.725879 ], [ -96.663616, 32.725856 ], [ -96.663793, 32.725825 ], [ -96.66383, 32.725797 ], [ -96.663841, 32.725762 ] ], [ [ -96.661834, 32.725854 ], [ -96.661807, 32.725912 ], [ -96.661765, 32.726083 ], [ -96.661706, 32.726155 ], [ -96.661508, 32.726272 ], [ -96.661347, 32.726357 ], [ -96.661283, 32.726398 ], [ -96.661272, 32.72643 ], [ -96.661284, 32.72647 ], [ -96.661321, 32.726511 ], [ -96.661368, 32.726524 ], [ -96.661518, 32.726511 ], [ -96.661908, 32.726447 ], [ -96.662182, 32.726376 ], [ -96.662219, 32.726322 ], [ -96.662241, 32.726253 ], [ -96.66209, 32.726051 ], [ -96.662069, 32.725979 ], [ -96.662066, 32.725927 ], [ -96.662058, 32.725804 ], [ -96.662026, 32.725736 ], [ -96.661956, 32.725732 ], [ -96.661888, 32.725804 ], [ -96.661834, 32.725854 ] ], [ [ -96.658828, 32.729466 ], [ -96.658695, 32.729536 ], [ -96.658579, 32.729576 ], [ -96.65854, 32.729592 ], [ -96.65854, 32.729617 ], [ -96.658575, 32.729626 ], [ -96.658621, 32.729629 ], [ -96.658687, 32.729654 ], [ -96.658773, 32.729679 ], [ -96.658818, 32.729682 ], [ -96.658893, 32.729659 ], [ -96.658967, 32.729647 ], [ -96.659043, 32.729608 ], [ -96.659064, 32.729579 ], [ -96.659078, 32.729555 ], [ -96.659075, 32.72952 ], [ -96.659061, 32.729483 ], [ -96.659013, 32.729421 ], [ -96.658943, 32.729385 ], [ -96.658904, 32.729359 ], [ -96.658851, 32.729305 ], [ -96.658843, 32.729297 ], [ -96.658819, 32.729282 ], [ -96.658782, 32.729272 ], [ -96.658784, 32.729292 ], [ -96.658835, 32.729371 ], [ -96.658853, 32.729418 ], [ -96.658844, 32.729443 ], [ -96.658828, 32.729466 ] ], [ [ -96.660201, 32.73349 ], [ -96.660338, 32.733542 ], [ -96.660426, 32.733549 ], [ -96.660545, 32.733523 ], [ -96.660628, 32.733481 ], [ -96.66073, 32.73339 ], [ -96.660765, 32.733315 ], [ -96.660778, 32.733256 ], [ -96.660831, 32.733186 ], [ -96.660946, 32.733152 ], [ -96.661038, 32.733141 ], [ -96.661095, 32.733141 ], [ -96.66117, 32.733118 ], [ -96.661174, 32.733097 ], [ -96.66121, 32.73306 ], [ -96.66121, 32.733015 ], [ -96.661192, 32.732987 ], [ -96.661007, 32.732846 ], [ -96.660919, 32.732735 ], [ -96.660888, 32.732686 ], [ -96.660844, 32.732509 ], [ -96.660818, 32.732486 ], [ -96.66072, 32.732458 ], [ -96.660626, 32.732458 ], [ -96.660591, 32.732445 ], [ -96.660578, 32.732368 ], [ -96.66056, 32.732342 ], [ -96.660525, 32.732331 ], [ -96.660463, 32.732336 ], [ -96.660317, 32.732433 ], [ -96.660307, 32.732461 ], [ -96.660312, 32.732523 ], [ -96.660287, 32.732568 ], [ -96.660252, 32.732588 ], [ -96.660181, 32.732591 ], [ -96.659983, 32.732709 ], [ -96.65989, 32.732788 ], [ -96.659842, 32.73281 ], [ -96.659679, 32.73285 ], [ -96.659657, 32.732872 ], [ -96.659639, 32.733002 ], [ -96.659621, 32.733026 ], [ -96.659181, 32.733174 ], [ -96.659159, 32.733196 ], [ -96.659133, 32.733274 ], [ -96.659111, 32.7333 ], [ -96.65895, 32.73341 ], [ -96.65893, 32.733437 ], [ -96.658882, 32.733533 ], [ -96.658867, 32.733618 ], [ -96.658865, 32.733697 ], [ -96.65885, 32.733742 ], [ -96.658839, 32.733776 ], [ -96.65885, 32.733831 ], [ -96.658864, 32.733858 ], [ -96.658899, 32.733876 ], [ -96.658942, 32.733955 ], [ -96.658981, 32.733988 ], [ -96.659029, 32.733991 ], [ -96.659109, 32.73397 ], [ -96.659148, 32.733945 ], [ -96.659179, 32.733936 ], [ -96.659285, 32.733941 ], [ -96.659329, 32.733925 ], [ -96.659395, 32.733874 ], [ -96.65943, 32.733856 ], [ -96.659532, 32.733845 ], [ -96.659664, 32.733811 ], [ -96.659774, 32.733759 ], [ -96.659805, 32.733726 ], [ -96.659822, 32.733692 ], [ -96.659862, 32.733553 ], [ -96.65991, 32.733505 ], [ -96.660126, 32.733456 ], [ -96.660157, 32.73346 ], [ -96.660201, 32.73349 ] ], [ [ -96.658368, 32.734464 ], [ -96.658436, 32.734483 ], [ -96.658627, 32.734487 ], [ -96.658664, 32.73451 ], [ -96.65871, 32.734593 ], [ -96.658732, 32.734681 ], [ -96.65877, 32.734702 ], [ -96.658797, 32.734694 ], [ -96.658808, 32.734645 ], [ -96.658806, 32.734596 ], [ -96.658811, 32.734551 ], [ -96.658838, 32.734503 ], [ -96.658872, 32.734478 ], [ -96.659137, 32.734411 ], [ -96.659168, 32.734375 ], [ -96.659164, 32.734328 ], [ -96.659128, 32.734293 ], [ -96.659098, 32.734279 ], [ -96.659055, 32.734275 ], [ -96.658574, 32.734319 ], [ -96.658522, 32.73433 ], [ -96.658483, 32.734341 ], [ -96.65843, 32.734368 ], [ -96.65837, 32.734408 ], [ -96.658354, 32.734439 ], [ -96.658368, 32.734464 ] ], [ [ -96.72249, 32.736095 ], [ -96.722504, 32.736041 ], [ -96.722527, 32.735861 ], [ -96.72254, 32.73583 ], [ -96.722568, 32.735799 ], [ -96.722672, 32.735743 ], [ -96.722819, 32.735626 ], [ -96.722873, 32.735567 ], [ -96.722905, 32.735517 ], [ -96.723014, 32.735306 ], [ -96.723168, 32.734904 ], [ -96.723232, 32.734786 ], [ -96.723337, 32.734625 ], [ -96.723392, 32.734583 ], [ -96.72341, 32.734564 ], [ -96.723437, 32.734506 ], [ -96.723393, 32.734454 ], [ -96.723333, 32.734407 ], [ -96.723274, 32.734393 ], [ -96.723151, 32.734393 ], [ -96.723101, 32.734404 ], [ -96.723065, 32.734431 ], [ -96.723033, 32.734465 ], [ -96.722992, 32.734572 ], [ -96.722883, 32.734984 ], [ -96.722833, 32.735128 ], [ -96.722792, 32.735202 ], [ -96.722755, 32.735237 ], [ -96.722432, 32.735451 ], [ -96.722378, 32.7355 ], [ -96.722359, 32.735531 ], [ -96.722265, 32.73595 ], [ -96.722233, 32.73602 ], [ -96.72186, 32.736513 ], [ -96.721828, 32.736547 ], [ -96.721769, 32.736589 ], [ -96.721714, 32.736609 ], [ -96.7215, 32.736665 ], [ -96.721414, 32.73667 ], [ -96.721355, 32.736655 ], [ -96.720927, 32.736374 ], [ -96.720899, 32.73635 ], [ -96.720849, 32.736282 ], [ -96.720831, 32.736248 ], [ -96.72079, 32.736206 ], [ -96.720763, 32.736198 ], [ -96.720663, 32.736194 ], [ -96.720563, 32.736212 ], [ -96.720458, 32.736248 ], [ -96.720413, 32.736267 ], [ -96.720349, 32.736309 ], [ -96.720294, 32.736366 ], [ -96.720145, 32.736537 ], [ -96.720117, 32.736564 ], [ -96.719567, 32.736889 ], [ -96.719521, 32.736912 ], [ -96.719307, 32.737 ], [ -96.719116, 32.737062 ], [ -96.719071, 32.737081 ], [ -96.719039, 32.737104 ], [ -96.719012, 32.737129 ], [ -96.718807, 32.737368 ], [ -96.718766, 32.737405 ], [ -96.718643, 32.737486 ], [ -96.718556, 32.737532 ], [ -96.718352, 32.737628 ], [ -96.71822, 32.737681 ], [ -96.718165, 32.737689 ], [ -96.717851, 32.737679 ], [ -96.717774, 32.737682 ], [ -96.717728, 32.737693 ], [ -96.717696, 32.737706 ], [ -96.717669, 32.737729 ], [ -96.717651, 32.737786 ], [ -96.717628, 32.737813 ], [ -96.717499, 32.737893 ], [ -96.717413, 32.737937 ], [ -96.717294, 32.738023 ], [ -96.716945, 32.738332 ], [ -96.716918, 32.738351 ], [ -96.71689, 32.738355 ], [ -96.716854, 32.738346 ], [ -96.716817, 32.738332 ], [ -96.716758, 32.73832 ], [ -96.716668, 32.738321 ], [ -96.7166, 32.738341 ], [ -96.716572, 32.738355 ], [ -96.716535, 32.738397 ], [ -96.716513, 32.738473 ], [ -96.716513, 32.738515 ], [ -96.716531, 32.738584 ], [ -96.716558, 32.738653 ], [ -96.716599, 32.738737 ], [ -96.716626, 32.738805 ], [ -96.716681, 32.738917 ], [ -96.716695, 32.73896 ], [ -96.716704, 32.739027 ], [ -96.716699, 32.739151 ], [ -96.716622, 32.739638 ], [ -96.716577, 32.739972 ], [ -96.716559, 32.740037 ], [ -96.71649, 32.740156 ], [ -96.716454, 32.740201 ], [ -96.716409, 32.740228 ], [ -96.716236, 32.740274 ], [ -96.716149, 32.740274 ], [ -96.716044, 32.740297 ], [ -96.715952, 32.740338 ], [ -96.715817, 32.740425 ], [ -96.715767, 32.740463 ], [ -96.715713, 32.74054 ], [ -96.715649, 32.740681 ], [ -96.715626, 32.74072 ], [ -96.715604, 32.740738 ], [ -96.715553, 32.740754 ], [ -96.715321, 32.740777 ], [ -96.71529, 32.740785 ], [ -96.715239, 32.740823 ], [ -96.715139, 32.740938 ], [ -96.715089, 32.740969 ], [ -96.71488, 32.741129 ], [ -96.714848, 32.741148 ], [ -96.714816, 32.74116 ], [ -96.714752, 32.741168 ], [ -96.714707, 32.741183 ], [ -96.714648, 32.741217 ], [ -96.714621, 32.741239 ], [ -96.714593, 32.74127 ], [ -96.714566, 32.741343 ], [ -96.714561, 32.741447 ], [ -96.714543, 32.741493 ], [ -96.714225, 32.742041 ], [ -96.714007, 32.742348 ], [ -96.71382, 32.74254 ], [ -96.713707, 32.742677 ], [ -96.713384, 32.742995 ], [ -96.713183, 32.743177 ], [ -96.713165, 32.743197 ], [ -96.713133, 32.743212 ], [ -96.713092, 32.743212 ], [ -96.713042, 32.743215 ], [ -96.712988, 32.743235 ], [ -96.712942, 32.743257 ], [ -96.712887, 32.743308 ], [ -96.712865, 32.743342 ], [ -96.712847, 32.74338 ], [ -96.712837, 32.743415 ], [ -96.712837, 32.743502 ], [ -96.712819, 32.743526 ], [ -96.712765, 32.743541 ], [ -96.712746, 32.743564 ], [ -96.712751, 32.743629 ], [ -96.712769, 32.743648 ], [ -96.712801, 32.743664 ], [ -96.712828, 32.743671 ], [ -96.712874, 32.743667 ], [ -96.712928, 32.743648 ], [ -96.71296, 32.743644 ], [ -96.713033, 32.743682 ], [ -96.713065, 32.743716 ], [ -96.713079, 32.743747 ], [ -96.713074, 32.743794 ], [ -96.713047, 32.743828 ], [ -96.712992, 32.743831 ], [ -96.712865, 32.743813 ], [ -96.712751, 32.743786 ], [ -96.712642, 32.743732 ], [ -96.712614, 32.743709 ], [ -96.712597, 32.743678 ], [ -96.712577, 32.743609 ], [ -96.712587, 32.74353 ], [ -96.712628, 32.743461 ], [ -96.712637, 32.743434 ], [ -96.712633, 32.743406 ], [ -96.712605, 32.743353 ], [ -96.712573, 32.743319 ], [ -96.712546, 32.743299 ], [ -96.712501, 32.743288 ], [ -96.712419, 32.743288 ], [ -96.71231, 32.743304 ], [ -96.712278, 32.743304 ], [ -96.712147, 32.743287 ], [ -96.712023, 32.743285 ], [ -96.711959, 32.743291 ], [ -96.711927, 32.743304 ], [ -96.711904, 32.743319 ], [ -96.711895, 32.743342 ], [ -96.711904, 32.743384 ], [ -96.711945, 32.743411 ], [ -96.712, 32.743422 ], [ -96.712077, 32.743429 ], [ -96.712127, 32.743426 ], [ -96.712173, 32.743415 ], [ -96.712205, 32.743415 ], [ -96.712232, 32.743422 ], [ -96.71225, 32.743453 ], [ -96.712254, 32.743479 ], [ -96.71225, 32.743513 ], [ -96.712228, 32.743537 ], [ -96.712155, 32.743555 ], [ -96.7121, 32.743555 ], [ -96.711986, 32.743522 ], [ -96.711918, 32.743495 ], [ -96.711841, 32.74348 ], [ -96.711795, 32.74348 ], [ -96.711759, 32.743499 ], [ -96.711745, 32.743518 ], [ -96.711741, 32.743544 ], [ -96.711754, 32.743583 ], [ -96.711794, 32.743605 ], [ -96.711893, 32.743633 ], [ -96.712146, 32.743675 ], [ -96.712191, 32.743706 ], [ -96.712269, 32.743732 ], [ -96.712432, 32.743763 ], [ -96.712473, 32.743789 ], [ -96.712478, 32.743823 ], [ -96.712455, 32.74384 ], [ -96.712414, 32.743843 ], [ -96.712259, 32.743809 ], [ -96.712205, 32.743805 ], [ -96.712146, 32.743809 ], [ -96.712096, 32.743836 ], [ -96.712068, 32.743862 ], [ -96.712032, 32.743966 ], [ -96.712027, 32.744003 ], [ -96.712032, 32.744073 ], [ -96.712055, 32.744107 ], [ -96.712091, 32.744138 ], [ -96.712127, 32.744152 ], [ -96.712182, 32.744149 ], [ -96.712214, 32.744161 ], [ -96.712237, 32.744196 ], [ -96.712241, 32.744238 ], [ -96.712228, 32.744272 ], [ -96.7122, 32.744307 ], [ -96.712164, 32.744332 ], [ -96.712114, 32.744356 ], [ -96.712059, 32.744368 ], [ -96.712, 32.744372 ], [ -96.711841, 32.74436 ], [ -96.711754, 32.744374 ], [ -96.711718, 32.744394 ], [ -96.711663, 32.744436 ], [ -96.711399, 32.744484 ], [ -96.711355, 32.744512 ], [ -96.711322, 32.74454 ], [ -96.711299, 32.744571 ], [ -96.71129, 32.744605 ], [ -96.711295, 32.744681 ], [ -96.711326, 32.744712 ], [ -96.711358, 32.744723 ], [ -96.711399, 32.744728 ], [ -96.711449, 32.74472 ], [ -96.711495, 32.744701 ], [ -96.711518, 32.74467 ], [ -96.711531, 32.744632 ], [ -96.71154, 32.744563 ], [ -96.711572, 32.744548 ], [ -96.711688, 32.744562 ], [ -96.711955, 32.744552 ], [ -96.712127, 32.744517 ], [ -96.7123, 32.744467 ], [ -96.712332, 32.744448 ], [ -96.712378, 32.744383 ], [ -96.712464, 32.744222 ], [ -96.71251, 32.744199 ], [ -96.712533, 32.744196 ], [ -96.71266, 32.744152 ], [ -96.712696, 32.744149 ], [ -96.712733, 32.744157 ], [ -96.712742, 32.744188 ], [ -96.712728, 32.74423 ], [ -96.712651, 32.744329 ], [ -96.712569, 32.74441 ], [ -96.712519, 32.744444 ], [ -96.712466, 32.744467 ], [ -96.712448, 32.74449 ], [ -96.712439, 32.744509 ], [ -96.712434, 32.74454 ], [ -96.712441, 32.744563 ], [ -96.712455, 32.744586 ], [ -96.71251, 32.744613 ], [ -96.712564, 32.744624 ], [ -96.712607, 32.744624 ], [ -96.712648, 32.744615 ], [ -96.71271, 32.744586 ], [ -96.712756, 32.744555 ], [ -96.712796, 32.744512 ], [ -96.712847, 32.744448 ], [ -96.712869, 32.744428 ], [ -96.712915, 32.744418 ], [ -96.712942, 32.744425 ], [ -96.712956, 32.744444 ], [ -96.71296, 32.744487 ], [ -96.712958, 32.744512 ], [ -96.712926, 32.744546 ], [ -96.712857, 32.744574 ], [ -96.712812, 32.744608 ], [ -96.712789, 32.744639 ], [ -96.712776, 32.744681 ], [ -96.712771, 32.744731 ], [ -96.712783, 32.744791 ], [ -96.712882, 32.744785 ], [ -96.712965, 32.744766 ], [ -96.713024, 32.744746 ], [ -96.713088, 32.744709 ], [ -96.713124, 32.744678 ], [ -96.713147, 32.74465 ], [ -96.713261, 32.744479 ], [ -96.713297, 32.74441 ], [ -96.713352, 32.744253 ], [ -96.713374, 32.74423 ], [ -96.713397, 32.744219 ], [ -96.713434, 32.744214 ], [ -96.713488, 32.744219 ], [ -96.713527, 32.744242 ], [ -96.713566, 32.744276 ], [ -96.713591, 32.744334 ], [ -96.713635, 32.744504 ], [ -96.713748, 32.744811 ], [ -96.713838, 32.744957 ], [ -96.713904, 32.745012 ], [ -96.713949, 32.745019 ], [ -96.713999, 32.745002 ], [ -96.714027, 32.744962 ], [ -96.714005, 32.744902 ], [ -96.713933, 32.74476 ], [ -96.713856, 32.74465 ], [ -96.713772, 32.744404 ], [ -96.713698, 32.744085 ], [ -96.713675, 32.744023 ], [ -96.713657, 32.743997 ], [ -96.713629, 32.743977 ], [ -96.713547, 32.743966 ], [ -96.713447, 32.743966 ], [ -96.713388, 32.743951 ], [ -96.713365, 32.743935 ], [ -96.713352, 32.743896 ], [ -96.713354, 32.743845 ], [ -96.713425, 32.743675 ], [ -96.713456, 32.743625 ], [ -96.713484, 32.743591 ], [ -96.713557, 32.743522 ], [ -96.713588, 32.743502 ], [ -96.713702, 32.743449 ], [ -96.713775, 32.743403 ], [ -96.713852, 32.743346 ], [ -96.713993, 32.743223 ], [ -96.714084, 32.743177 ], [ -96.714144, 32.74315 ], [ -96.714189, 32.743139 ], [ -96.714248, 32.743131 ], [ -96.714467, 32.743124 ], [ -96.714571, 32.74311 ], [ -96.714608, 32.743083 ], [ -96.714626, 32.743057 ], [ -96.714635, 32.743034 ], [ -96.71464, 32.742987 ], [ -96.714603, 32.742877 ], [ -96.714585, 32.742776 ], [ -96.714585, 32.74272 ], [ -96.714603, 32.742597 ], [ -96.714626, 32.742531 ], [ -96.714653, 32.742497 ], [ -96.7149, 32.742243 ], [ -96.714949, 32.742168 ], [ -96.715171, 32.741791 ], [ -96.715199, 32.741754 ], [ -96.715621, 32.741332 ], [ -96.715649, 32.741298 ], [ -96.715699, 32.741194 ], [ -96.715704, 32.741148 ], [ -96.715704, 32.741053 ], [ -96.715695, 32.740952 ], [ -96.715699, 32.740923 ], [ -96.715722, 32.740873 ], [ -96.715761, 32.74082 ], [ -96.715995, 32.740578 ], [ -96.716158, 32.740401 ], [ -96.71619, 32.740385 ], [ -96.716299, 32.74037 ], [ -96.716395, 32.740347 ], [ -96.716427, 32.740327 ], [ -96.71649, 32.740263 ], [ -96.716527, 32.74024 ], [ -96.716632, 32.740198 ], [ -96.716668, 32.74017 ], [ -96.716682, 32.740144 ], [ -96.716713, 32.740022 ], [ -96.716768, 32.7397 ], [ -96.71684, 32.739154 ], [ -96.716858, 32.739051 ], [ -96.716886, 32.738937 ], [ -96.716931, 32.738849 ], [ -96.716954, 32.738818 ], [ -96.716974, 32.738799 ], [ -96.71703, 32.738722 ], [ -96.717525, 32.738214 ], [ -96.71764, 32.738129 ], [ -96.717715, 32.738079 ], [ -96.717786, 32.737977 ], [ -96.717809, 32.737954 ], [ -96.717855, 32.737924 ], [ -96.718651, 32.737591 ], [ -96.718733, 32.73756 ], [ -96.718783, 32.737533 ], [ -96.718874, 32.737476 ], [ -96.719092, 32.737304 ], [ -96.719484, 32.73702 ], [ -96.720471, 32.736444 ], [ -96.72058, 32.736398 ], [ -96.720621, 32.73639 ], [ -96.720662, 32.736387 ], [ -96.720789, 32.736409 ], [ -96.720826, 32.736421 ], [ -96.720848, 32.736435 ], [ -96.721058, 32.736666 ], [ -96.721076, 32.7367 ], [ -96.721162, 32.736933 ], [ -96.721185, 32.736973 ], [ -96.721203, 32.736991 ], [ -96.721235, 32.737007 ], [ -96.721267, 32.737014 ], [ -96.721299, 32.737015 ], [ -96.721331, 32.737008 ], [ -96.721435, 32.736939 ], [ -96.721576, 32.736902 ], [ -96.721654, 32.73687 ], [ -96.721836, 32.736756 ], [ -96.721972, 32.736656 ], [ -96.722031, 32.736604 ], [ -96.722304, 32.736325 ], [ -96.722463, 32.736141 ], [ -96.72249, 32.736095 ] ], [ [ -96.668347, 32.740964 ], [ -96.668366, 32.740996 ], [ -96.668404, 32.741028 ], [ -96.668442, 32.741048 ], [ -96.668499, 32.741065 ], [ -96.668537, 32.741065 ], [ -96.668619, 32.741044 ], [ -96.668664, 32.741017 ], [ -96.668689, 32.740985 ], [ -96.668695, 32.740941 ], [ -96.668698, 32.740831 ], [ -96.668698, 32.740749 ], [ -96.668707, 32.740709 ], [ -96.668737, 32.740653 ], [ -96.668742, 32.740629 ], [ -96.668737, 32.7406 ], [ -96.668717, 32.740592 ], [ -96.668694, 32.740589 ], [ -96.6686, 32.740617 ], [ -96.668566, 32.740613 ], [ -96.668548, 32.740592 ], [ -96.668405, 32.740163 ], [ -96.668358, 32.739956 ], [ -96.668325, 32.739837 ], [ -96.668301, 32.739797 ], [ -96.668244, 32.739736 ], [ -96.668199, 32.739703 ], [ -96.66769, 32.739423 ], [ -96.66749, 32.739151 ], [ -96.667407, 32.739055 ], [ -96.667268, 32.738932 ], [ -96.667211, 32.738889 ], [ -96.667135, 32.738841 ], [ -96.667027, 32.738793 ], [ -96.66664, 32.738703 ], [ -96.666558, 32.738692 ], [ -96.666349, 32.738687 ], [ -96.666298, 32.738703 ], [ -96.666247, 32.73874 ], [ -96.666197, 32.738782 ], [ -96.666152, 32.738836 ], [ -96.666127, 32.738872 ], [ -96.666076, 32.738975 ], [ -96.666057, 32.739044 ], [ -96.666032, 32.739236 ], [ -96.66609, 32.739236 ], [ -96.666179, 32.73922 ], [ -96.666229, 32.739224 ], [ -96.666286, 32.739252 ], [ -96.666369, 32.739279 ], [ -96.666457, 32.7393 ], [ -96.666648, 32.739331 ], [ -96.666686, 32.739342 ], [ -96.666711, 32.739359 ], [ -96.666851, 32.739417 ], [ -96.666914, 32.739433 ], [ -96.667066, 32.739427 ], [ -96.667098, 32.739433 ], [ -96.667187, 32.73948 ], [ -96.667408, 32.739534 ], [ -96.667561, 32.739593 ], [ -96.667605, 32.739615 ], [ -96.667668, 32.739673 ], [ -96.667713, 32.739764 ], [ -96.667751, 32.739817 ], [ -96.667782, 32.739839 ], [ -96.667897, 32.739843 ], [ -96.667941, 32.739855 ], [ -96.668049, 32.739935 ], [ -96.668093, 32.739993 ], [ -96.668163, 32.740063 ], [ -96.668176, 32.740094 ], [ -96.668176, 32.740127 ], [ -96.668163, 32.740175 ], [ -96.668144, 32.740344 ], [ -96.66815, 32.740388 ], [ -96.668258, 32.740661 ], [ -96.668277, 32.740686 ], [ -96.668315, 32.740756 ], [ -96.668309, 32.740841 ], [ -96.668321, 32.740904 ], [ -96.668347, 32.740964 ] ], [ [ -96.662754, 32.74456 ], [ -96.662955, 32.744256 ], [ -96.663121, 32.744045 ], [ -96.66314, 32.744 ], [ -96.663154, 32.743896 ], [ -96.663154, 32.743465 ], [ -96.663145, 32.743406 ], [ -96.663064, 32.743287 ], [ -96.66305, 32.743259 ], [ -96.66305, 32.743219 ], [ -96.663059, 32.743191 ], [ -96.663078, 32.743167 ], [ -96.663145, 32.743127 ], [ -96.663168, 32.743107 ], [ -96.663178, 32.743084 ], [ -96.663173, 32.743056 ], [ -96.663149, 32.743028 ], [ -96.663107, 32.743 ], [ -96.663069, 32.742984 ], [ -96.66296, 32.742928 ], [ -96.662945, 32.742896 ], [ -96.66295, 32.742852 ], [ -96.662969, 32.742792 ], [ -96.662964, 32.742749 ], [ -96.662941, 32.742708 ], [ -96.662796, 32.74257 ], [ -96.662787, 32.742534 ], [ -96.662801, 32.74248 ], [ -96.662796, 32.742412 ], [ -96.662806, 32.742392 ], [ -96.662891, 32.742359 ], [ -96.662924, 32.74234 ], [ -96.662995, 32.74226 ], [ -96.663014, 32.742232 ], [ -96.663019, 32.742199 ], [ -96.663009, 32.742176 ], [ -96.662836, 32.742089 ], [ -96.662714, 32.742082 ], [ -96.662686, 32.742069 ], [ -96.662564, 32.741933 ], [ -96.662516, 32.741912 ], [ -96.662431, 32.741905 ], [ -96.662289, 32.741909 ], [ -96.662246, 32.741925 ], [ -96.662203, 32.741957 ], [ -96.662184, 32.741981 ], [ -96.66218, 32.742034 ], [ -96.662189, 32.742225 ], [ -96.662199, 32.742329 ], [ -96.662213, 32.742389 ], [ -96.66226, 32.742484 ], [ -96.662265, 32.742515 ], [ -96.66226, 32.74256 ], [ -96.662241, 32.742604 ], [ -96.662222, 32.742616 ], [ -96.662184, 32.742619 ], [ -96.662075, 32.742619 ], [ -96.662047, 32.742632 ], [ -96.661995, 32.742695 ], [ -96.661971, 32.742715 ], [ -96.661871, 32.742752 ], [ -96.661838, 32.742771 ], [ -96.661829, 32.742808 ], [ -96.661829, 32.742835 ], [ -96.661838, 32.742867 ], [ -96.661862, 32.742891 ], [ -96.661976, 32.742915 ], [ -96.662018, 32.742943 ], [ -96.662047, 32.742979 ], [ -96.662047, 32.743015 ], [ -96.661985, 32.743233 ], [ -96.661976, 32.743317 ], [ -96.66199, 32.743365 ], [ -96.662009, 32.743402 ], [ -96.662033, 32.743418 ], [ -96.662075, 32.743426 ], [ -96.662123, 32.743418 ], [ -96.662142, 32.743393 ], [ -96.662279, 32.742967 ], [ -96.662298, 32.742931 ], [ -96.662403, 32.742835 ], [ -96.662445, 32.742828 ], [ -96.662478, 32.742835 ], [ -96.662507, 32.742855 ], [ -96.662523, 32.742892 ], [ -96.662526, 32.742931 ], [ -96.662519, 32.743016 ], [ -96.662521, 32.743071 ], [ -96.662533, 32.743128 ], [ -96.662554, 32.743165 ], [ -96.662625, 32.743241 ], [ -96.662637, 32.743268 ], [ -96.662637, 32.74332 ], [ -96.662623, 32.743348 ], [ -96.662576, 32.743376 ], [ -96.662557, 32.743392 ], [ -96.662552, 32.743415 ], [ -96.662557, 32.743447 ], [ -96.662576, 32.743466 ], [ -96.662628, 32.743495 ], [ -96.662686, 32.743534 ], [ -96.66276, 32.743571 ], [ -96.662772, 32.743692 ], [ -96.662772, 32.74382 ], [ -96.662757, 32.74388 ], [ -96.662729, 32.743936 ], [ -96.662691, 32.743984 ], [ -96.662653, 32.744011 ], [ -96.662615, 32.744031 ], [ -96.662351, 32.744091 ], [ -96.662223, 32.744139 ], [ -96.662199, 32.744163 ], [ -96.662199, 32.744207 ], [ -96.662218, 32.744226 ], [ -96.662241, 32.744243 ], [ -96.662317, 32.744259 ], [ -96.662332, 32.744274 ], [ -96.662335, 32.744302 ], [ -96.662316, 32.74435 ], [ -96.662293, 32.744386 ], [ -96.662275, 32.744398 ], [ -96.662213, 32.744426 ], [ -96.66218, 32.744446 ], [ -96.662147, 32.74449 ], [ -96.662137, 32.744546 ], [ -96.662151, 32.74463 ], [ -96.662142, 32.744673 ], [ -96.662019, 32.744809 ], [ -96.661914, 32.744893 ], [ -96.661867, 32.744917 ], [ -96.661834, 32.744921 ], [ -96.661739, 32.744917 ], [ -96.66171, 32.744924 ], [ -96.661654, 32.744952 ], [ -96.661639, 32.744972 ], [ -96.66163, 32.745011 ], [ -96.661606, 32.745031 ], [ -96.661568, 32.745036 ], [ -96.661488, 32.74498 ], [ -96.66145, 32.744972 ], [ -96.661303, 32.744909 ], [ -96.661284, 32.744885 ], [ -96.661279, 32.74482 ], [ -96.661265, 32.744777 ], [ -96.661217, 32.744677 ], [ -96.661198, 32.744657 ], [ -96.66116, 32.744645 ], [ -96.661122, 32.744645 ], [ -96.661075, 32.744657 ], [ -96.661066, 32.744677 ], [ -96.661066, 32.744724 ], [ -96.661061, 32.744757 ], [ -96.661018, 32.744805 ], [ -96.660999, 32.744833 ], [ -96.660994, 32.744865 ], [ -96.661004, 32.744896 ], [ -96.661042, 32.744921 ], [ -96.66116, 32.744955 ], [ -96.661184, 32.74503 ], [ -96.661213, 32.745059 ], [ -96.661248, 32.745076 ], [ -96.661395, 32.745095 ], [ -96.661417, 32.745107 ], [ -96.661452, 32.745163 ], [ -96.661467, 32.7452 ], [ -96.661466, 32.745227 ], [ -96.661447, 32.745255 ], [ -96.661054, 32.745622 ], [ -96.66102, 32.74565 ], [ -96.660897, 32.745793 ], [ -96.660873, 32.745877 ], [ -96.660861, 32.745996 ], [ -96.660873, 32.746084 ], [ -96.660878, 32.746292 ], [ -96.660863, 32.746328 ], [ -96.66084, 32.746347 ], [ -96.660783, 32.746375 ], [ -96.660712, 32.746401 ], [ -96.660683, 32.746421 ], [ -96.660664, 32.746449 ], [ -96.660617, 32.746562 ], [ -96.660584, 32.746603 ], [ -96.660551, 32.746626 ], [ -96.660504, 32.746641 ], [ -96.660442, 32.746646 ], [ -96.660329, 32.74663 ], [ -96.660291, 32.746634 ], [ -96.660267, 32.746654 ], [ -96.660261, 32.74668 ], [ -96.660272, 32.746717 ], [ -96.660294, 32.746739 ], [ -96.660337, 32.746764 ], [ -96.660402, 32.746776 ], [ -96.660493, 32.746803 ], [ -96.660564, 32.746832 ], [ -96.66064, 32.746852 ], [ -96.660673, 32.746852 ], [ -96.660701, 32.74684 ], [ -96.66073, 32.746844 ], [ -96.660733, 32.746883 ], [ -96.660724, 32.746917 ], [ -96.660649, 32.747066 ], [ -96.66063, 32.747087 ], [ -96.660596, 32.747102 ], [ -96.660526, 32.747108 ], [ -96.660482, 32.747108 ], [ -96.660451, 32.747124 ], [ -96.660434, 32.747142 ], [ -96.660425, 32.747172 ], [ -96.66042, 32.747212 ], [ -96.66042, 32.747265 ], [ -96.660429, 32.747302 ], [ -96.660456, 32.747339 ], [ -96.660478, 32.747357 ], [ -96.660502, 32.747366 ], [ -96.660606, 32.747358 ], [ -96.660649, 32.74737 ], [ -96.660667, 32.747387 ], [ -96.660684, 32.747412 ], [ -96.660706, 32.747466 ], [ -96.660725, 32.747554 ], [ -96.660766, 32.747819 ], [ -96.660737, 32.747879 ], [ -96.660714, 32.747899 ], [ -96.660549, 32.747975 ], [ -96.660316, 32.748068 ], [ -96.660294, 32.748086 ], [ -96.66028, 32.748106 ], [ -96.660251, 32.748202 ], [ -96.660151, 32.748352 ], [ -96.660142, 32.748389 ], [ -96.660151, 32.748428 ], [ -96.660204, 32.748481 ], [ -96.660261, 32.748525 ], [ -96.66034, 32.748568 ], [ -96.660393, 32.748468 ], [ -96.660436, 32.748416 ], [ -96.660493, 32.74836 ], [ -96.660564, 32.7483 ], [ -96.660692, 32.748213 ], [ -96.660738, 32.748196 ], [ -96.660839, 32.748129 ], [ -96.660886, 32.748085 ], [ -96.660915, 32.748069 ], [ -96.660985, 32.748049 ], [ -96.661218, 32.748156 ], [ -96.661262, 32.748182 ], [ -96.661288, 32.748204 ], [ -96.661427, 32.748348 ], [ -96.661455, 32.748368 ], [ -96.661588, 32.748435 ], [ -96.661684, 32.7485 ], [ -96.661721, 32.748536 ], [ -96.661746, 32.748551 ], [ -96.661802, 32.748556 ], [ -96.661895, 32.748548 ], [ -96.661919, 32.748531 ], [ -96.661938, 32.748503 ], [ -96.661943, 32.748469 ], [ -96.661924, 32.748412 ], [ -96.661859, 32.748285 ], [ -96.661815, 32.74822 ], [ -96.661787, 32.748186 ], [ -96.661749, 32.748154 ], [ -96.661569, 32.748034 ], [ -96.661466, 32.747958 ], [ -96.661356, 32.747891 ], [ -96.661242, 32.747827 ], [ -96.661204, 32.747795 ], [ -96.661191, 32.747767 ], [ -96.661134, 32.747476 ], [ -96.661134, 32.74744 ], [ -96.661163, 32.747321 ], [ -96.661177, 32.747221 ], [ -96.661163, 32.747145 ], [ -96.66111, 32.747082 ], [ -96.661101, 32.747054 ], [ -96.661099, 32.74702 ], [ -96.661172, 32.746818 ], [ -96.661205, 32.746694 ], [ -96.6612, 32.746514 ], [ -96.661215, 32.746455 ], [ -96.661248, 32.746392 ], [ -96.661276, 32.74636 ], [ -96.66132, 32.746323 ], [ -96.661362, 32.746264 ], [ -96.661376, 32.74622 ], [ -96.661381, 32.746145 ], [ -96.66138, 32.746027 ], [ -96.661391, 32.745937 ], [ -96.661409, 32.745884 ], [ -96.66149, 32.745774 ], [ -96.661513, 32.745757 ], [ -96.661599, 32.745718 ], [ -96.661646, 32.745686 ], [ -96.66168, 32.745638 ], [ -96.661699, 32.745618 ], [ -96.6619, 32.745473 ], [ -96.66209, 32.745318 ], [ -96.662158, 32.745254 ], [ -96.662208, 32.745192 ], [ -96.662232, 32.745172 ], [ -96.66227, 32.74516 ], [ -96.662317, 32.74516 ], [ -96.662407, 32.745179 ], [ -96.662498, 32.745227 ], [ -96.662545, 32.745235 ], [ -96.662578, 32.745223 ], [ -96.662592, 32.745199 ], [ -96.66263, 32.745071 ], [ -96.662673, 32.745043 ], [ -96.662706, 32.745035 ], [ -96.662725, 32.745015 ], [ -96.662735, 32.744987 ], [ -96.662727, 32.744647 ], [ -96.662735, 32.744605 ], [ -96.662754, 32.74456 ] ], [ [ -96.720125, 32.746789 ], [ -96.720105, 32.74673 ], [ -96.720075, 32.746713 ], [ -96.719422, 32.746697 ], [ -96.717992, 32.746725 ], [ -96.717808, 32.74675 ], [ -96.717715, 32.746824 ], [ -96.717589, 32.746963 ], [ -96.717786, 32.747079 ], [ -96.719846, 32.747269 ], [ -96.72037, 32.747239 ], [ -96.720959, 32.747231 ], [ -96.720994, 32.74721 ], [ -96.721009, 32.747172 ], [ -96.721009, 32.747121 ], [ -96.720984, 32.747101 ], [ -96.72027, 32.74705 ], [ -96.720145, 32.747038 ], [ -96.72011, 32.74702 ], [ -96.720095, 32.746986 ], [ -96.720125, 32.746789 ] ], [ [ -96.70912, 32.750679 ], [ -96.708841, 32.750766 ], [ -96.708681, 32.750921 ], [ -96.708629, 32.750988 ], [ -96.708625, 32.751062 ], [ -96.708645, 32.751112 ], [ -96.708704, 32.751169 ], [ -96.708806, 32.751188 ], [ -96.708963, 32.751173 ], [ -96.709112, 32.751128 ], [ -96.7093, 32.751014 ], [ -96.709454, 32.750902 ], [ -96.709657, 32.750805 ], [ -96.709935, 32.750736 ], [ -96.709992, 32.750677 ], [ -96.710002, 32.750616 ], [ -96.709983, 32.750554 ], [ -96.70993, 32.750506 ], [ -96.709864, 32.75048 ], [ -96.709777, 32.750478 ], [ -96.709495, 32.750542 ], [ -96.709184, 32.75066 ], [ -96.70912, 32.750679 ] ], [ [ -96.70632, 32.751766 ], [ -96.706321, 32.751887 ], [ -96.706402, 32.752015 ], [ -96.706618, 32.752204 ], [ -96.706725, 32.752278 ], [ -96.707004, 32.752469 ], [ -96.707175, 32.752492 ], [ -96.707247, 32.752393 ], [ -96.707022, 32.752266 ], [ -96.706887, 32.752115 ], [ -96.706814, 32.751971 ], [ -96.706851, 32.751903 ], [ -96.707076, 32.751788 ], [ -96.707346, 32.751803 ], [ -96.707589, 32.751675 ], [ -96.707634, 32.751537 ], [ -96.707491, 32.75147 ], [ -96.707212, 32.751479 ], [ -96.706969, 32.751637 ], [ -96.706788, 32.751711 ], [ -96.706707, 32.751606 ], [ -96.706482, 32.751532 ], [ -96.706365, 32.751637 ], [ -96.70632, 32.751766 ] ], [ [ -96.706805, 32.752493 ], [ -96.706688, 32.752485 ], [ -96.706589, 32.752448 ], [ -96.706472, 32.752387 ], [ -96.706292, 32.752387 ], [ -96.706139, 32.752417 ], [ -96.705985, 32.752485 ], [ -96.705969, 32.75255 ], [ -96.705958, 32.752598 ], [ -96.706076, 32.752826 ], [ -96.706238, 32.752902 ], [ -96.706391, 32.75291 ], [ -96.706589, 32.752781 ], [ -96.706778, 32.752637 ], [ -96.706851, 32.752554 ], [ -96.706805, 32.752493 ] ], [ [ -96.655473, 32.752831 ], [ -96.655773, 32.75323 ], [ -96.656572, 32.753729 ], [ -96.656573, 32.753031 ], [ -96.656376, 32.752234 ], [ -96.655882, 32.752094 ], [ -96.655174, 32.75183 ], [ -96.655074, 32.75203 ], [ -96.654774, 32.75213 ], [ -96.654774, 32.75273 ], [ -96.655148, 32.753029 ], [ -96.655274, 32.75313 ], [ -96.655473, 32.752831 ] ], [ [ -96.707455, 32.755504 ], [ -96.707535, 32.755432 ], [ -96.70778, 32.75538 ], [ -96.707841, 32.75535 ], [ -96.707872, 32.755257 ], [ -96.707915, 32.755051 ], [ -96.707909, 32.754984 ], [ -96.707841, 32.754953 ], [ -96.70778, 32.754942 ], [ -96.707743, 32.7549 ], [ -96.707755, 32.754849 ], [ -96.707823, 32.754803 ], [ -96.708135, 32.754618 ], [ -96.708197, 32.754545 ], [ -96.708221, 32.754447 ], [ -96.708006, 32.753975 ], [ -96.70789, 32.753721 ], [ -96.707847, 32.753535 ], [ -96.707835, 32.753309 ], [ -96.707774, 32.753237 ], [ -96.707688, 32.753206 ], [ -96.707296, 32.753242 ], [ -96.707075, 32.753283 ], [ -96.706904, 32.75334 ], [ -96.706763, 32.753411 ], [ -96.706555, 32.753618 ], [ -96.706524, 32.753742 ], [ -96.706567, 32.753839 ], [ -96.706616, 32.753901 ], [ -96.706738, 32.753953 ], [ -96.70699, 32.754035 ], [ -96.707039, 32.754077 ], [ -96.707051, 32.754133 ], [ -96.707032, 32.754314 ], [ -96.707051, 32.754427 ], [ -96.707075, 32.75451 ], [ -96.707143, 32.754633 ], [ -96.707418, 32.754917 ], [ -96.707449, 32.754967 ], [ -96.707467, 32.755015 ], [ -96.707425, 32.755056 ], [ -96.707333, 32.755091 ], [ -96.707235, 32.755142 ], [ -96.707167, 32.75519 ], [ -96.707173, 32.755262 ], [ -96.70721, 32.755355 ], [ -96.707259, 32.755446 ], [ -96.707296, 32.755566 ], [ -96.707241, 32.755726 ], [ -96.707192, 32.755772 ], [ -96.707179, 32.755823 ], [ -96.707216, 32.755901 ], [ -96.707278, 32.755932 ], [ -96.707333, 32.755906 ], [ -96.707382, 32.755792 ], [ -96.707382, 32.755679 ], [ -96.707455, 32.755504 ] ], [ [ -96.709102, 32.754362 ], [ -96.709043, 32.754413 ], [ -96.708999, 32.754475 ], [ -96.708972, 32.754531 ], [ -96.708967, 32.754595 ], [ -96.709086, 32.754868 ], [ -96.709145, 32.754953 ], [ -96.709189, 32.755009 ], [ -96.709248, 32.755031 ], [ -96.709313, 32.755035 ], [ -96.709389, 32.755031 ], [ -96.709599, 32.754965 ], [ -96.709838, 32.754845 ], [ -96.709865, 32.754813 ], [ -96.709865, 32.754767 ], [ -96.70982, 32.75457 ], [ -96.709724, 32.754381 ], [ -96.709676, 32.754348 ], [ -96.709535, 32.754303 ], [ -96.709383, 32.754281 ], [ -96.709288, 32.75428 ], [ -96.709213, 32.754307 ], [ -96.709172, 32.754322 ], [ -96.709102, 32.754362 ] ], [ [ -96.71211, 32.759869 ], [ -96.712115, 32.758223 ], [ -96.71211, 32.757579 ], [ -96.71208, 32.757495 ], [ -96.712053, 32.757402 ], [ -96.712071, 32.756951 ], [ -96.712053, 32.756847 ], [ -96.712062, 32.7563 ], [ -96.712084, 32.75609 ], [ -96.712132, 32.755997 ], [ -96.712194, 32.755826 ], [ -96.712221, 32.754066 ], [ -96.712207, 32.753256 ], [ -96.71222, 32.753006 ], [ -96.712234, 32.752222 ], [ -96.712256, 32.751719 ], [ -96.712207, 32.751213 ], [ -96.712193, 32.750833 ], [ -96.712181, 32.750731 ], [ -96.712151, 32.75067 ], [ -96.712027, 32.750557 ], [ -96.712054, 32.750534 ], [ -96.71205, 32.750479 ], [ -96.712049, 32.750068 ], [ -96.712006, 32.750038 ], [ -96.711944, 32.750027 ], [ -96.711878, 32.750027 ], [ -96.711841, 32.750045 ], [ -96.711858, 32.749934 ], [ -96.711858, 32.749915 ], [ -96.711858, 32.749847 ], [ -96.711768, 32.749848 ], [ -96.711706, 32.749885 ], [ -96.711649, 32.74993 ], [ -96.711605, 32.74996 ], [ -96.711574, 32.749994 ], [ -96.711513, 32.750016 ], [ -96.71146, 32.750011 ], [ -96.711425, 32.749983 ], [ -96.711336, 32.749853 ], [ -96.711248, 32.749764 ], [ -96.711174, 32.74973 ], [ -96.710997, 32.749701 ], [ -96.710831, 32.749698 ], [ -96.71039, 32.749665 ], [ -96.708594, 32.749423 ], [ -96.708422, 32.749443 ], [ -96.708299, 32.74955 ], [ -96.708264, 32.749665 ], [ -96.708268, 32.749775 ], [ -96.708308, 32.749839 ], [ -96.708453, 32.749876 ], [ -96.710154, 32.749979 ], [ -96.710282, 32.749964 ], [ -96.710436, 32.750005 ], [ -96.710511, 32.750093 ], [ -96.710537, 32.750223 ], [ -96.710485, 32.750323 ], [ -96.710379, 32.75039 ], [ -96.710441, 32.750838 ], [ -96.710073, 32.751054 ], [ -96.709457, 32.751317 ], [ -96.709069, 32.751519 ], [ -96.708725, 32.751782 ], [ -96.708471, 32.751993 ], [ -96.708198, 32.752229 ], [ -96.707903, 32.752392 ], [ -96.707537, 32.752603 ], [ -96.707264, 32.752749 ], [ -96.706868, 32.752975 ], [ -96.706387, 32.7532 ], [ -96.707211, 32.753153 ], [ -96.707497, 32.753035 ], [ -96.70792, 32.752809 ], [ -96.709884, 32.751557 ], [ -96.710134, 32.751394 ], [ -96.710322, 32.751283 ], [ -96.710491, 32.751236 ], [ -96.710613, 32.751244 ], [ -96.710667, 32.751285 ], [ -96.71065, 32.751313 ], [ -96.710654, 32.751373 ], [ -96.710696, 32.751464 ], [ -96.710696, 32.751498 ], [ -96.710679, 32.751639 ], [ -96.710704, 32.7517 ], [ -96.710695, 32.751869 ], [ -96.710644, 32.751984 ], [ -96.710622, 32.752074 ], [ -96.71063, 32.752148 ], [ -96.710682, 32.752229 ], [ -96.710748, 32.752291 ], [ -96.710854, 32.752325 ], [ -96.710911, 32.752314 ], [ -96.711012, 32.752262 ], [ -96.711112, 32.752181 ], [ -96.711446, 32.751737 ], [ -96.711534, 32.7517 ], [ -96.711644, 32.751682 ], [ -96.711745, 32.751697 ], [ -96.711838, 32.751722 ], [ -96.711921, 32.751767 ], [ -96.711965, 32.751773 ], [ -96.712, 32.7518 ], [ -96.711948, 32.753216 ], [ -96.711943, 32.754413 ], [ -96.711939, 32.754617 ], [ -96.711979, 32.754994 ], [ -96.711952, 32.755454 ], [ -96.711956, 32.75553 ], [ -96.71193, 32.75562 ], [ -96.711904, 32.755682 ], [ -96.711833, 32.755712 ], [ -96.711622, 32.755812 ], [ -96.711552, 32.755871 ], [ -96.711539, 32.755952 ], [ -96.711574, 32.756034 ], [ -96.711649, 32.756126 ], [ -96.711728, 32.756248 ], [ -96.711781, 32.756362 ], [ -96.711842, 32.756633 ], [ -96.71186, 32.756732 ], [ -96.711842, 32.756833 ], [ -96.711737, 32.757143 ], [ -96.711693, 32.757368 ], [ -96.711644, 32.757561 ], [ -96.71164, 32.75779 ], [ -96.711662, 32.758094 ], [ -96.711737, 32.758364 ], [ -96.711816, 32.758488 ], [ -96.711917, 32.758688 ], [ -96.711956, 32.758795 ], [ -96.711974, 32.758907 ], [ -96.711851, 32.759414 ], [ -96.711829, 32.759662 ], [ -96.711855, 32.75985 ], [ -96.711908, 32.759971 ], [ -96.711958, 32.760026 ], [ -96.712031, 32.760013 ], [ -96.712084, 32.759971 ], [ -96.71211, 32.759869 ] ], [ [ -96.710741, 32.755591 ], [ -96.710601, 32.755589 ], [ -96.710515, 32.755602 ], [ -96.710462, 32.755629 ], [ -96.710429, 32.755667 ], [ -96.710414, 32.755719 ], [ -96.710414, 32.755772 ], [ -96.710438, 32.755812 ], [ -96.710477, 32.75584 ], [ -96.710544, 32.755868 ], [ -96.710975, 32.755896 ], [ -96.711191, 32.755896 ], [ -96.711234, 32.755884 ], [ -96.711272, 32.755856 ], [ -96.711292, 32.755831 ], [ -96.711296, 32.755747 ], [ -96.711272, 32.755691 ], [ -96.711255, 32.755664 ], [ -96.711228, 32.755636 ], [ -96.711185, 32.755632 ], [ -96.711088, 32.755636 ], [ -96.711044, 32.755664 ], [ -96.711017, 32.755691 ], [ -96.710979, 32.755713 ], [ -96.710918, 32.755715 ], [ -96.710882, 32.755699 ], [ -96.710844, 32.755677 ], [ -96.710812, 32.755626 ], [ -96.710772, 32.755606 ], [ -96.710741, 32.755591 ] ], [ [ -96.710054, 32.756118 ], [ -96.709995, 32.756086 ], [ -96.70982, 32.756044 ], [ -96.709589, 32.755978 ], [ -96.709546, 32.755955 ], [ -96.709546, 32.755923 ], [ -96.709567, 32.755882 ], [ -96.709594, 32.75584 ], [ -96.709686, 32.755817 ], [ -96.709698, 32.755818 ], [ -96.709881, 32.755835 ], [ -96.710091, 32.755822 ], [ -96.71014, 32.755814 ], [ -96.710178, 32.755782 ], [ -96.710189, 32.755737 ], [ -96.710189, 32.755691 ], [ -96.710167, 32.755668 ], [ -96.710129, 32.755646 ], [ -96.710059, 32.75564 ], [ -96.709923, 32.755614 ], [ -96.709821, 32.755614 ], [ -96.709627, 32.755624 ], [ -96.709492, 32.755655 ], [ -96.709367, 32.755692 ], [ -96.709319, 32.755697 ], [ -96.709259, 32.755683 ], [ -96.70921, 32.755665 ], [ -96.709151, 32.755624 ], [ -96.708994, 32.755441 ], [ -96.708913, 32.755333 ], [ -96.708864, 32.755319 ], [ -96.708821, 32.755328 ], [ -96.708788, 32.755354 ], [ -96.708772, 32.755402 ], [ -96.708737, 32.755708 ], [ -96.708735, 32.755828 ], [ -96.70875, 32.755909 ], [ -96.708783, 32.755964 ], [ -96.708826, 32.756 ], [ -96.708886, 32.756023 ], [ -96.709398, 32.756163 ], [ -96.709573, 32.7562 ], [ -96.709654, 32.756227 ], [ -96.709768, 32.756286 ], [ -96.709854, 32.756309 ], [ -96.70993, 32.756303 ], [ -96.709979, 32.756291 ], [ -96.710022, 32.756263 ], [ -96.710092, 32.756185 ], [ -96.710098, 32.75615 ], [ -96.710054, 32.756118 ] ], [ [ -96.710382, 32.75659 ], [ -96.710425, 32.756642 ], [ -96.71048, 32.756755 ], [ -96.710541, 32.756862 ], [ -96.710578, 32.75695 ], [ -96.710609, 32.757038 ], [ -96.710633, 32.757172 ], [ -96.7107, 32.757378 ], [ -96.710774, 32.757423 ], [ -96.710829, 32.75745 ], [ -96.710897, 32.75745 ], [ -96.710946, 32.75744 ], [ -96.71103, 32.757409 ], [ -96.711104, 32.757357 ], [ -96.711134, 32.75728 ], [ -96.711153, 32.757177 ], [ -96.711116, 32.756858 ], [ -96.71106, 32.756482 ], [ -96.711023, 32.75641 ], [ -96.710971, 32.756383 ], [ -96.710865, 32.7564 ], [ -96.710785, 32.756431 ], [ -96.710706, 32.756445 ], [ -96.71067, 32.756441 ], [ -96.710517, 32.756426 ], [ -96.710419, 32.756467 ], [ -96.710382, 32.756523 ], [ -96.710382, 32.75659 ] ], [ [ -96.710926, 32.758242 ], [ -96.710802, 32.758196 ], [ -96.710637, 32.758209 ], [ -96.71048, 32.758242 ], [ -96.710283, 32.758314 ], [ -96.710117, 32.758427 ], [ -96.710109, 32.758513 ], [ -96.710188, 32.758599 ], [ -96.710552, 32.758835 ], [ -96.710572, 32.758848 ], [ -96.710808, 32.75897 ], [ -96.710905, 32.75899 ], [ -96.71106, 32.758976 ], [ -96.71121, 32.758922 ], [ -96.711265, 32.758825 ], [ -96.711241, 32.758712 ], [ -96.711171, 32.758546 ], [ -96.711092, 32.758408 ], [ -96.710926, 32.758242 ] ], [ [ -96.650626, 32.841521 ], [ -96.650688, 32.841564 ], [ -96.650759, 32.841585 ], [ -96.650827, 32.841591 ], [ -96.650889, 32.841587 ], [ -96.650959, 32.841568 ], [ -96.651016, 32.841524 ], [ -96.651053, 32.841468 ], [ -96.651072, 32.84141 ], [ -96.651053, 32.841355 ], [ -96.650987, 32.841279 ], [ -96.650997, 32.841223 ], [ -96.651045, 32.841166 ], [ -96.651063, 32.84111 ], [ -96.651119, 32.841046 ], [ -96.651109, 32.840998 ], [ -96.651062, 32.840978 ], [ -96.651048, 32.84098 ], [ -96.651002, 32.840987 ], [ -96.650946, 32.841006 ], [ -96.650866, 32.841054 ], [ -96.650791, 32.841106 ], [ -96.65074, 32.841185 ], [ -96.65064, 32.841276 ], [ -96.650593, 32.841338 ], [ -96.650565, 32.84141 ], [ -96.650584, 32.841462 ], [ -96.650626, 32.841521 ] ], [ [ -96.651553, 32.8419 ], [ -96.65151, 32.841963 ], [ -96.651524, 32.842015 ], [ -96.651586, 32.842079 ], [ -96.651637, 32.842106 ], [ -96.651698, 32.842118 ], [ -96.651773, 32.842125 ], [ -96.651829, 32.84211 ], [ -96.651862, 32.842047 ], [ -96.6519, 32.841991 ], [ -96.651947, 32.841968 ], [ -96.652004, 32.841976 ], [ -96.652079, 32.841932 ], [ -96.652112, 32.841881 ], [ -96.652111, 32.841828 ], [ -96.652064, 32.841794 ], [ -96.651993, 32.841774 ], [ -96.651809, 32.841786 ], [ -96.651756, 32.841786 ], [ -96.651651, 32.841841 ], [ -96.651553, 32.8419 ] ], [ [ -96.64988, 32.842379 ], [ -96.649936, 32.842392 ], [ -96.65003, 32.842483 ], [ -96.650139, 32.842578 ], [ -96.650233, 32.842641 ], [ -96.650332, 32.842665 ], [ -96.650409, 32.842677 ], [ -96.650586, 32.842672 ], [ -96.65086, 32.842617 ], [ -96.651077, 32.842552 ], [ -96.651152, 32.842521 ], [ -96.651265, 32.842422 ], [ -96.651321, 32.842367 ], [ -96.651459, 32.842256 ], [ -96.651497, 32.842212 ], [ -96.651491, 32.842178 ], [ -96.651488, 32.842157 ], [ -96.651468, 32.84211 ], [ -96.651407, 32.842106 ], [ -96.651365, 32.842127 ], [ -96.651322, 32.842158 ], [ -96.651275, 32.842201 ], [ -96.65121, 32.842247 ], [ -96.651002, 32.842339 ], [ -96.650838, 32.842364 ], [ -96.650771, 32.84236 ], [ -96.650729, 32.84234 ], [ -96.650616, 32.842229 ], [ -96.650587, 32.842175 ], [ -96.650597, 32.842107 ], [ -96.650587, 32.842036 ], [ -96.650536, 32.841995 ], [ -96.650459, 32.841961 ], [ -96.650361, 32.841961 ], [ -96.650276, 32.841973 ], [ -96.650158, 32.842013 ], [ -96.650045, 32.84208 ], [ -96.649852, 32.842159 ], [ -96.649796, 32.842196 ], [ -96.649786, 32.842274 ], [ -96.649823, 32.842333 ], [ -96.64988, 32.842379 ] ], [ [ -96.648804, 32.84277 ], [ -96.648917, 32.842793 ], [ -96.649035, 32.84283 ], [ -96.649099, 32.842822 ], [ -96.649179, 32.842829 ], [ -96.649249, 32.842818 ], [ -96.649324, 32.842813 ], [ -96.64946, 32.842778 ], [ -96.649526, 32.842774 ], [ -96.649587, 32.842785 ], [ -96.649658, 32.842785 ], [ -96.649709, 32.842765 ], [ -96.649752, 32.842726 ], [ -96.64977, 32.842667 ], [ -96.649794, 32.842609 ], [ -96.649775, 32.84255 ], [ -96.649742, 32.842502 ], [ -96.649672, 32.842475 ], [ -96.649483, 32.842482 ], [ -96.64938, 32.842479 ], [ -96.649287, 32.842467 ], [ -96.649166, 32.842436 ], [ -96.649024, 32.842434 ], [ -96.648968, 32.842439 ], [ -96.648921, 32.842431 ], [ -96.648861, 32.842409 ], [ -96.648795, 32.842369 ], [ -96.648729, 32.842337 ], [ -96.648564, 32.842278 ], [ -96.648489, 32.842262 ], [ -96.648396, 32.842258 ], [ -96.648297, 32.842266 ], [ -96.648219, 32.842299 ], [ -96.648207, 32.842353 ], [ -96.648222, 32.842397 ], [ -96.648255, 32.842428 ], [ -96.648363, 32.842447 ], [ -96.648429, 32.842479 ], [ -96.648471, 32.842518 ], [ -96.648545, 32.842549 ], [ -96.648592, 32.842557 ], [ -96.648621, 32.842573 ], [ -96.648644, 32.842596 ], [ -96.648691, 32.842695 ], [ -96.648734, 32.842731 ], [ -96.648804, 32.84277 ] ], [ [ -96.647698, 32.843009 ], [ -96.647745, 32.842987 ], [ -96.647797, 32.842944 ], [ -96.647825, 32.842901 ], [ -96.647863, 32.842853 ], [ -96.647905, 32.84283 ], [ -96.647948, 32.842834 ], [ -96.648009, 32.842845 ], [ -96.648056, 32.842866 ], [ -96.648108, 32.842901 ], [ -96.648154, 32.842913 ], [ -96.64821, 32.84292 ], [ -96.648253, 32.842901 ], [ -96.64829, 32.842858 ], [ -96.648306, 32.842804 ], [ -96.648304, 32.842747 ], [ -96.648262, 32.842684 ], [ -96.64822, 32.842633 ], [ -96.648167, 32.842594 ], [ -96.648146, 32.842579 ], [ -96.648095, 32.842551 ], [ -96.647958, 32.842511 ], [ -96.647883, 32.842496 ], [ -96.647803, 32.842496 ], [ -96.647691, 32.842539 ], [ -96.647604, 32.842551 ], [ -96.647521, 32.842569 ], [ -96.647446, 32.842569 ], [ -96.647376, 32.842541 ], [ -96.64724, 32.842495 ], [ -96.647193, 32.842506 ], [ -96.647174, 32.842526 ], [ -96.647146, 32.842574 ], [ -96.647155, 32.842636 ], [ -96.647179, 32.842686 ], [ -96.647193, 32.842762 ], [ -96.64724, 32.842826 ], [ -96.647275, 32.842917 ], [ -96.647365, 32.842939 ], [ -96.647459, 32.842936 ], [ -96.647535, 32.842947 ], [ -96.647605, 32.842991 ], [ -96.647652, 32.843014 ], [ -96.647698, 32.843009 ] ], [ [ -96.647027, 32.846369 ], [ -96.647008, 32.846348 ], [ -96.646913, 32.846276 ], [ -96.646809, 32.846235 ], [ -96.646752, 32.846224 ], [ -96.646705, 32.846248 ], [ -96.646667, 32.8463 ], [ -96.646667, 32.846344 ], [ -96.646709, 32.846403 ], [ -96.646837, 32.846446 ], [ -96.64688, 32.846471 ], [ -96.647013, 32.846542 ], [ -96.647079, 32.846626 ], [ -96.647136, 32.846662 ], [ -96.647193, 32.846666 ], [ -96.647202, 32.846622 ], [ -96.64707, 32.846418 ], [ -96.647027, 32.846369 ] ], [ [ -96.648072, 32.846509 ], [ -96.648053, 32.846589 ], [ -96.648048, 32.846676 ], [ -96.648038, 32.846752 ], [ -96.648015, 32.8468 ], [ -96.648019, 32.846856 ], [ -96.648034, 32.846907 ], [ -96.648067, 32.846948 ], [ -96.648175, 32.847028 ], [ -96.648265, 32.847059 ], [ -96.648323, 32.847087 ], [ -96.648389, 32.847084 ], [ -96.648476, 32.847048 ], [ -96.648571, 32.847 ], [ -96.648598, 32.846952 ], [ -96.648579, 32.846904 ], [ -96.648517, 32.846856 ], [ -96.648457, 32.846824 ], [ -96.648409, 32.846789 ], [ -96.648357, 32.846741 ], [ -96.648309, 32.846668 ], [ -96.648276, 32.846589 ], [ -96.648257, 32.846509 ], [ -96.648228, 32.846465 ], [ -96.648176, 32.846437 ], [ -96.648118, 32.84644 ], [ -96.648094, 32.846475 ], [ -96.648072, 32.846509 ] ], [ [ -96.649929, 32.847951 ], [ -96.649972, 32.848003 ], [ -96.650029, 32.848022 ], [ -96.6501, 32.848019 ], [ -96.650229, 32.847963 ], [ -96.650324, 32.847875 ], [ -96.650381, 32.847835 ], [ -96.650434, 32.847786 ], [ -96.650462, 32.847743 ], [ -96.650486, 32.847671 ], [ -96.65051, 32.847614 ], [ -96.650553, 32.847563 ], [ -96.650696, 32.847515 ], [ -96.650782, 32.847479 ], [ -96.650806, 32.847439 ], [ -96.650806, 32.847411 ], [ -96.650782, 32.847378 ], [ -96.650691, 32.847338 ], [ -96.650639, 32.847347 ], [ -96.650529, 32.847391 ], [ -96.650482, 32.847419 ], [ -96.650405, 32.847434 ], [ -96.650339, 32.847434 ], [ -96.650267, 32.847427 ], [ -96.6502, 32.847427 ], [ -96.650139, 32.847411 ], [ -96.6501, 32.847411 ], [ -96.650063, 32.847411 ], [ -96.650015, 32.847423 ], [ -96.649962, 32.847447 ], [ -96.649891, 32.847551 ], [ -96.649867, 32.847647 ], [ -96.649872, 32.847731 ], [ -96.64988, 32.847767 ], [ -96.649905, 32.847879 ], [ -96.649929, 32.847951 ] ], [ [ -96.71255, 32.914347 ], [ -96.712602, 32.914333 ], [ -96.712681, 32.914322 ], [ -96.712728, 32.914329 ], [ -96.712768, 32.91434 ], [ -96.712815, 32.91434 ], [ -96.712859, 32.914329 ], [ -96.712894, 32.914315 ], [ -96.712933, 32.914288 ], [ -96.712985, 32.914274 ], [ -96.713167, 32.914267 ], [ -96.713189, 32.914256 ], [ -96.713202, 32.914234 ], [ -96.713193, 32.914201 ], [ -96.713189, 32.914155 ], [ -96.713176, 32.914117 ], [ -96.713153, 32.914071 ], [ -96.713104, 32.913971 ], [ -96.713078, 32.91395 ], [ -96.713008, 32.913931 ], [ -96.712982, 32.913939 ], [ -96.712969, 32.913965 ], [ -96.712947, 32.913976 ], [ -96.712891, 32.913971 ], [ -96.712795, 32.913993 ], [ -96.712764, 32.914012 ], [ -96.712747, 32.914027 ], [ -96.712734, 32.914052 ], [ -96.712695, 32.914105 ], [ -96.712668, 32.914127 ], [ -96.712634, 32.914146 ], [ -96.712608, 32.914154 ], [ -96.712586, 32.914146 ], [ -96.712581, 32.914125 ], [ -96.712586, 32.914073 ], [ -96.712551, 32.914084 ], [ -96.712503, 32.914127 ], [ -96.712473, 32.914136 ], [ -96.712451, 32.914132 ], [ -96.712446, 32.914088 ], [ -96.712425, 32.914082 ], [ -96.712403, 32.914088 ], [ -96.712359, 32.914143 ], [ -96.712283, 32.914181 ], [ -96.712246, 32.914189 ], [ -96.712211, 32.914187 ], [ -96.712181, 32.914167 ], [ -96.712142, 32.914154 ], [ -96.712107, 32.914157 ], [ -96.712072, 32.914172 ], [ -96.712055, 32.914201 ], [ -96.712015, 32.914226 ], [ -96.712007, 32.914248 ], [ -96.712011, 32.914329 ], [ -96.712033, 32.914347 ], [ -96.712055, 32.914351 ], [ -96.712116, 32.914333 ], [ -96.712137, 32.914337 ], [ -96.712142, 32.914355 ], [ -96.712133, 32.91438 ], [ -96.712107, 32.914402 ], [ -96.712107, 32.914482 ], [ -96.712091, 32.914527 ], [ -96.712171, 32.914538 ], [ -96.712215, 32.914538 ], [ -96.712232, 32.914527 ], [ -96.712236, 32.914507 ], [ -96.712232, 32.914485 ], [ -96.712241, 32.914468 ], [ -96.712276, 32.91445 ], [ -96.712367, 32.914417 ], [ -96.712412, 32.914403 ], [ -96.71248, 32.914384 ], [ -96.71255, 32.914347 ] ], [ [ -96.6462, 32.638644 ], [ -96.646299, 32.638564 ], [ -96.646322, 32.638531 ], [ -96.646331, 32.638494 ], [ -96.646334, 32.638443 ], [ -96.646354, 32.63834 ], [ -96.646357, 32.638289 ], [ -96.646372, 32.638239 ], [ -96.646389, 32.638202 ], [ -96.646411, 32.638179 ], [ -96.646424, 32.638157 ], [ -96.646434, 32.638111 ], [ -96.646421, 32.638049 ], [ -96.646427, 32.638001 ], [ -96.646437, 32.637977 ], [ -96.646443, 32.637917 ], [ -96.646373, 32.637887 ], [ -96.646344, 32.63789 ], [ -96.646302, 32.63788 ], [ -96.646277, 32.63788 ], [ -96.646175, 32.638067 ], [ -96.646152, 32.638095 ], [ -96.645985, 32.638229 ], [ -96.64595, 32.638272 ], [ -96.645905, 32.638306 ], [ -96.645864, 32.63833 ], [ -96.645768, 32.638376 ], [ -96.645726, 32.638405 ], [ -96.645691, 32.638435 ], [ -96.645665, 32.638467 ], [ -96.64564, 32.638534 ], [ -96.64564, 32.638575 ], [ -96.645626, 32.638695 ], [ -96.64557, 32.638818 ], [ -96.645544, 32.638894 ], [ -96.645512, 32.639063 ], [ -96.645466, 32.639729 ], [ -96.645483, 32.639865 ], [ -96.645509, 32.639927 ], [ -96.645547, 32.639994 ], [ -96.645573, 32.64002 ], [ -96.645611, 32.640043 ], [ -96.645663, 32.640064 ], [ -96.645716, 32.640106 ], [ -96.645775, 32.64011 ], [ -96.645925, 32.640167 ], [ -96.645954, 32.640172 ], [ -96.645986, 32.640172 ], [ -96.646021, 32.640167 ], [ -96.646071, 32.640127 ], [ -96.646053, 32.640062 ], [ -96.646031, 32.640023 ], [ -96.646002, 32.639997 ], [ -96.645967, 32.639981 ], [ -96.645928, 32.63997 ], [ -96.64588, 32.639946 ], [ -96.645855, 32.639929 ], [ -96.645802, 32.639904 ], [ -96.645759, 32.639888 ], [ -96.645707, 32.639857 ], [ -96.645691, 32.639837 ], [ -96.645649, 32.639713 ], [ -96.64565, 32.639606 ], [ -96.645659, 32.639563 ], [ -96.645663, 32.639514 ], [ -96.645679, 32.639466 ], [ -96.645685, 32.639415 ], [ -96.645682, 32.639353 ], [ -96.645685, 32.639299 ], [ -96.645682, 32.639194 ], [ -96.645698, 32.639063 ], [ -96.645711, 32.63901 ], [ -96.645768, 32.638835 ], [ -96.645787, 32.6388 ], [ -96.645812, 32.638778 ], [ -96.645835, 32.63875 ], [ -96.645861, 32.63874 ], [ -96.645966, 32.638737 ], [ -96.646062, 32.638714 ], [ -96.646149, 32.638678 ], [ -96.6462, 32.638644 ] ], [ [ -96.643204, 32.640676 ], [ -96.643261, 32.640687 ], [ -96.64333, 32.640683 ], [ -96.643439, 32.640649 ], [ -96.643573, 32.64058 ], [ -96.643617, 32.640543 ], [ -96.643649, 32.640509 ], [ -96.643694, 32.640441 ], [ -96.643726, 32.640414 ], [ -96.643791, 32.640386 ], [ -96.643827, 32.640355 ], [ -96.643864, 32.640346 ], [ -96.643904, 32.640329 ], [ -96.643953, 32.640298 ], [ -96.64401, 32.640233 ], [ -96.644018, 32.640192 ], [ -96.644006, 32.640161 ], [ -96.643945, 32.640121 ], [ -96.643868, 32.640048 ], [ -96.643819, 32.640012 ], [ -96.643674, 32.63982 ], [ -96.643601, 32.63978 ], [ -96.643544, 32.63976 ], [ -96.643488, 32.63975 ], [ -96.643447, 32.63975 ], [ -96.643411, 32.639756 ], [ -96.64337, 32.63978 ], [ -96.643342, 32.639808 ], [ -96.643265, 32.639845 ], [ -96.643212, 32.639848 ], [ -96.643152, 32.639842 ], [ -96.643063, 32.639787 ], [ -96.642933, 32.639664 ], [ -96.642889, 32.639612 ], [ -96.642824, 32.639552 ], [ -96.642796, 32.639538 ], [ -96.642763, 32.639532 ], [ -96.642698, 32.639538 ], [ -96.64252, 32.639595 ], [ -96.642501, 32.639613 ], [ -96.642452, 32.63966 ], [ -96.642411, 32.639719 ], [ -96.642395, 32.639774 ], [ -96.642383, 32.639837 ], [ -96.642379, 32.639899 ], [ -96.642403, 32.639985 ], [ -96.642464, 32.640076 ], [ -96.642512, 32.640124 ], [ -96.642605, 32.640189 ], [ -96.64267, 32.64022 ], [ -96.642727, 32.640261 ], [ -96.642775, 32.640302 ], [ -96.642836, 32.640346 ], [ -96.642897, 32.64038 ], [ -96.642941, 32.640424 ], [ -96.64303, 32.640546 ], [ -96.64314, 32.640642 ], [ -96.643204, 32.640676 ] ], [ [ -96.640516, 32.641298 ], [ -96.640511, 32.641329 ], [ -96.64052, 32.641371 ], [ -96.64057, 32.641439 ], [ -96.640702, 32.641568 ], [ -96.640738, 32.641589 ], [ -96.640774, 32.641589 ], [ -96.640852, 32.641558 ], [ -96.640892, 32.641534 ], [ -96.640933, 32.6415 ], [ -96.640988, 32.641443 ], [ -96.641074, 32.64139 ], [ -96.641228, 32.641252 ], [ -96.641251, 32.641213 ], [ -96.641269, 32.641171 ], [ -96.641269, 32.641134 ], [ -96.641251, 32.641095 ], [ -96.64121, 32.641042 ], [ -96.641065, 32.640931 ], [ -96.641015, 32.640926 ], [ -96.64097, 32.640939 ], [ -96.640865, 32.641 ], [ -96.640793, 32.641053 ], [ -96.640711, 32.641128 ], [ -96.640643, 32.641191 ], [ -96.64057, 32.641244 ], [ -96.640516, 32.641298 ] ], [ [ -96.6421, 32.642743 ], [ -96.642136, 32.642766 ], [ -96.642181, 32.642773 ], [ -96.642258, 32.64277 ], [ -96.642281, 32.64275 ], [ -96.642317, 32.642701 ], [ -96.642345, 32.642651 ], [ -96.642399, 32.642601 ], [ -96.642499, 32.64244 ], [ -96.642549, 32.642338 ], [ -96.642622, 32.642212 ], [ -96.642726, 32.642051 ], [ -96.642921, 32.641696 ], [ -96.643266, 32.641153 ], [ -96.643275, 32.641106 ], [ -96.643271, 32.64108 ], [ -96.643234, 32.641019 ], [ -96.643162, 32.640946 ], [ -96.643016, 32.640828 ], [ -96.642862, 32.640694 ], [ -96.64274, 32.640579 ], [ -96.642413, 32.6403 ], [ -96.642263, 32.640186 ], [ -96.642218, 32.64014 ], [ -96.642145, 32.640079 ], [ -96.642113, 32.64006 ], [ -96.642072, 32.640051 ], [ -96.642022, 32.64006 ], [ -96.641982, 32.640075 ], [ -96.641932, 32.640106 ], [ -96.641864, 32.640158 ], [ -96.641796, 32.64022 ], [ -96.641723, 32.64027 ], [ -96.641632, 32.640341 ], [ -96.641541, 32.640434 ], [ -96.641428, 32.640514 ], [ -96.641333, 32.640591 ], [ -96.641237, 32.640683 ], [ -96.641174, 32.640732 ], [ -96.641142, 32.640766 ], [ -96.641133, 32.640797 ], [ -96.641138, 32.640824 ], [ -96.641156, 32.640847 ], [ -96.64126, 32.640939 ], [ -96.641305, 32.640991 ], [ -96.641378, 32.641092 ], [ -96.641378, 32.641145 ], [ -96.641369, 32.641191 ], [ -96.641337, 32.641252 ], [ -96.641287, 32.641312 ], [ -96.64121, 32.641382 ], [ -96.641056, 32.641503 ], [ -96.640888, 32.641654 ], [ -96.640874, 32.641719 ], [ -96.640888, 32.641757 ], [ -96.641038, 32.641886 ], [ -96.641197, 32.641978 ], [ -96.641265, 32.642035 ], [ -96.641333, 32.642085 ], [ -96.641546, 32.642277 ], [ -96.641759, 32.642445 ], [ -96.641832, 32.642498 ], [ -96.6419, 32.642556 ], [ -96.641945, 32.642581 ], [ -96.642, 32.642621 ], [ -96.642054, 32.642701 ], [ -96.6421, 32.642743 ] ], [ [ -96.645911, 32.642186 ], [ -96.645932, 32.642142 ], [ -96.645927, 32.6421 ], [ -96.645894, 32.642065 ], [ -96.645851, 32.642046 ], [ -96.645817, 32.64204 ], [ -96.645766, 32.642051 ], [ -96.64572, 32.642072 ], [ -96.645703, 32.642108 ], [ -96.645703, 32.642151 ], [ -96.64572, 32.642179 ], [ -96.645788, 32.642207 ], [ -96.645821, 32.642211 ], [ -96.645911, 32.642186 ] ], [ [ -96.64688, 32.642533 ], [ -96.646876, 32.642569 ], [ -96.646893, 32.642587 ], [ -96.647044, 32.642652 ], [ -96.647141, 32.642698 ], [ -96.647179, 32.642705 ], [ -96.647213, 32.642698 ], [ -96.647238, 32.642681 ], [ -96.647315, 32.642557 ], [ -96.647382, 32.642419 ], [ -96.647437, 32.64234 ], [ -96.647611, 32.642017 ], [ -96.647679, 32.641918 ], [ -96.647726, 32.641839 ], [ -96.647742, 32.641793 ], [ -96.647734, 32.64175 ], [ -96.647721, 32.641733 ], [ -96.647675, 32.641708 ], [ -96.647579, 32.641665 ], [ -96.647469, 32.641617 ], [ -96.647439, 32.641614 ], [ -96.64741, 32.641636 ], [ -96.647325, 32.641762 ], [ -96.647257, 32.641891 ], [ -96.64713, 32.642089 ], [ -96.647054, 32.642232 ], [ -96.646948, 32.642392 ], [ -96.64688, 32.642533 ] ], [ [ -96.646491, 32.642353 ], [ -96.646479, 32.642322 ], [ -96.646441, 32.6423 ], [ -96.646402, 32.642283 ], [ -96.646347, 32.642297 ], [ -96.646318, 32.642311 ], [ -96.646313, 32.642321 ], [ -96.646305, 32.642339 ], [ -96.646301, 32.642375 ], [ -96.646318, 32.642449 ], [ -96.646356, 32.642474 ], [ -96.646398, 32.642479 ], [ -96.646441, 32.642471 ], [ -96.646479, 32.642443 ], [ -96.646491, 32.6424 ], [ -96.646491, 32.642353 ] ], [ [ -96.648043, 32.642372 ], [ -96.647741, 32.642887 ], [ -96.647737, 32.642927 ], [ -96.647762, 32.642955 ], [ -96.647885, 32.643009 ], [ -96.647949, 32.643025 ], [ -96.648042, 32.643064 ], [ -96.648066, 32.643058 ], [ -96.648099, 32.643025 ], [ -96.64812, 32.642997 ], [ -96.648137, 32.642954 ], [ -96.648315, 32.642681 ], [ -96.648501, 32.642353 ], [ -96.648563, 32.642232 ], [ -96.648614, 32.642157 ], [ -96.64861, 32.642129 ], [ -96.648597, 32.642104 ], [ -96.648398, 32.642005 ], [ -96.648343, 32.641991 ], [ -96.648314, 32.641987 ], [ -96.648273, 32.641991 ], [ -96.64826, 32.642005 ], [ -96.648043, 32.642372 ] ], [ [ -96.645255, 32.64378 ], [ -96.645225, 32.643816 ], [ -96.64517, 32.643929 ], [ -96.645123, 32.644008 ], [ -96.64511, 32.644041 ], [ -96.64511, 32.644066 ], [ -96.645178, 32.644115 ], [ -96.645276, 32.644166 ], [ -96.645416, 32.644205 ], [ -96.645441, 32.644205 ], [ -96.645458, 32.644194 ], [ -96.645488, 32.644148 ], [ -96.645547, 32.644041 ], [ -96.645581, 32.643994 ], [ -96.645594, 32.643962 ], [ -96.645594, 32.643937 ], [ -96.645585, 32.643912 ], [ -96.645564, 32.643891 ], [ -96.645458, 32.643836 ], [ -96.645423, 32.643827 ], [ -96.645377, 32.643816 ], [ -96.645293, 32.64378 ], [ -96.645255, 32.64378 ] ], [ [ -96.647951, 32.644437 ], [ -96.647985, 32.644447 ], [ -96.648014, 32.644441 ], [ -96.648086, 32.644387 ], [ -96.648167, 32.644305 ], [ -96.64823, 32.644233 ], [ -96.648268, 32.644198 ], [ -96.648332, 32.644159 ], [ -96.648374, 32.64412 ], [ -96.648421, 32.644091 ], [ -96.648472, 32.644047 ], [ -96.648518, 32.643998 ], [ -96.648552, 32.643974 ], [ -96.648573, 32.643945 ], [ -96.648586, 32.643912 ], [ -96.648582, 32.643873 ], [ -96.648561, 32.643834 ], [ -96.648535, 32.643799 ], [ -96.648493, 32.643763 ], [ -96.648455, 32.643752 ], [ -96.648417, 32.643763 ], [ -96.64837, 32.643794 ], [ -96.648323, 32.643845 ], [ -96.648205, 32.643949 ], [ -96.648082, 32.644017 ], [ -96.647985, 32.64407 ], [ -96.647947, 32.644105 ], [ -96.647904, 32.644159 ], [ -96.647883, 32.644208 ], [ -96.647875, 32.644261 ], [ -96.64787, 32.644359 ], [ -96.647892, 32.644391 ], [ -96.647917, 32.644416 ], [ -96.647951, 32.644437 ] ], [ [ -96.64351, 32.643676 ], [ -96.643528, 32.64365 ], [ -96.643537, 32.643622 ], [ -96.643523, 32.643604 ], [ -96.643492, 32.643585 ], [ -96.643423, 32.643574 ], [ -96.643387, 32.643562 ], [ -96.64336, 32.643538 ], [ -96.643355, 32.64347 ], [ -96.643382, 32.643417 ], [ -96.643451, 32.643335 ], [ -96.643537, 32.643279 ], [ -96.643573, 32.643244 ], [ -96.643592, 32.643214 ], [ -96.64361, 32.643168 ], [ -96.643605, 32.643122 ], [ -96.643592, 32.643079 ], [ -96.64356, 32.643053 ], [ -96.64351, 32.64303 ], [ -96.643387, 32.642984 ], [ -96.643219, 32.64293 ], [ -96.643146, 32.642899 ], [ -96.643101, 32.642885 ], [ -96.643033, 32.642877 ], [ -96.642973, 32.642881 ], [ -96.642933, 32.642892 ], [ -96.642901, 32.64291 ], [ -96.64286, 32.642941 ], [ -96.642824, 32.642984 ], [ -96.642751, 32.643091 ], [ -96.64266, 32.643256 ], [ -96.642605, 32.643329 ], [ -96.642555, 32.643417 ], [ -96.642492, 32.643504 ], [ -96.642351, 32.643669 ], [ -96.642324, 32.643718 ], [ -96.642308, 32.643813 ], [ -96.642301, 32.643856 ], [ -96.642305, 32.643914 ], [ -96.642319, 32.643968 ], [ -96.642337, 32.64401 ], [ -96.642374, 32.644075 ], [ -96.642369, 32.644112 ], [ -96.642342, 32.644163 ], [ -96.642287, 32.644201 ], [ -96.642165, 32.644274 ], [ -96.642087, 32.644316 ], [ -96.642019, 32.644362 ], [ -96.641946, 32.644423 ], [ -96.641742, 32.64461 ], [ -96.641724, 32.644644 ], [ -96.641728, 32.644691 ], [ -96.641756, 32.644733 ], [ -96.641806, 32.644772 ], [ -96.641878, 32.644813 ], [ -96.64196, 32.644852 ], [ -96.642096, 32.644925 ], [ -96.642183, 32.644967 ], [ -96.642265, 32.644993 ], [ -96.642601, 32.645153 ], [ -96.642692, 32.645184 ], [ -96.642714, 32.64517 ], [ -96.642724, 32.645135 ], [ -96.642728, 32.645089 ], [ -96.642855, 32.644852 ], [ -96.643028, 32.644576 ], [ -96.643137, 32.644385 ], [ -96.64321, 32.644289 ], [ -96.643237, 32.644201 ], [ -96.643328, 32.644025 ], [ -96.643369, 32.64391 ], [ -96.643414, 32.643838 ], [ -96.643473, 32.643711 ], [ -96.64351, 32.643676 ] ], [ [ -96.643295, 32.645332 ], [ -96.643308, 32.645365 ], [ -96.643452, 32.645432 ], [ -96.643528, 32.645457 ], [ -96.643579, 32.645479 ], [ -96.643613, 32.645486 ], [ -96.643639, 32.645482 ], [ -96.643664, 32.645457 ], [ -96.643711, 32.64539 ], [ -96.643774, 32.645254 ], [ -96.644097, 32.644717 ], [ -96.644195, 32.644536 ], [ -96.644368, 32.644232 ], [ -96.644721, 32.64365 ], [ -96.644746, 32.643617 ], [ -96.644746, 32.643582 ], [ -96.644721, 32.643554 ], [ -96.644585, 32.643482 ], [ -96.644525, 32.643456 ], [ -96.644413, 32.643426 ], [ -96.644385, 32.643431 ], [ -96.644368, 32.643454 ], [ -96.644144, 32.643853 ], [ -96.64408, 32.643932 ], [ -96.64405, 32.64396 ], [ -96.644008, 32.64396 ], [ -96.643902, 32.643918 ], [ -96.643872, 32.643911 ], [ -96.643838, 32.643914 ], [ -96.6438, 32.643968 ], [ -96.643711, 32.644146 ], [ -96.643651, 32.644239 ], [ -96.643613, 32.644289 ], [ -96.643554, 32.644385 ], [ -96.643511, 32.644486 ], [ -96.643418, 32.64465 ], [ -96.643388, 32.644722 ], [ -96.643397, 32.644747 ], [ -96.643426, 32.644772 ], [ -96.64349, 32.644793 ], [ -96.64355, 32.644821 ], [ -96.643537, 32.644889 ], [ -96.643494, 32.644961 ], [ -96.643456, 32.645047 ], [ -96.643393, 32.645156 ], [ -96.643325, 32.645249 ], [ -96.643303, 32.645297 ], [ -96.643295, 32.645332 ] ], [ [ -96.644864, 32.644475 ], [ -96.644801, 32.644568 ], [ -96.644788, 32.644592 ], [ -96.644729, 32.644698 ], [ -96.64472, 32.644723 ], [ -96.644733, 32.644744 ], [ -96.644758, 32.644759 ], [ -96.644941, 32.644837 ], [ -96.644992, 32.644852 ], [ -96.645021, 32.644866 ], [ -96.645043, 32.644865 ], [ -96.645064, 32.644855 ], [ -96.645161, 32.64473 ], [ -96.645204, 32.644652 ], [ -96.645221, 32.644609 ], [ -96.645221, 32.644587 ], [ -96.645174, 32.644551 ], [ -96.645076, 32.644512 ], [ -96.644911, 32.644455 ], [ -96.644886, 32.644458 ], [ -96.644864, 32.644475 ] ], [ [ -96.644313, 32.64539 ], [ -96.644233, 32.645543 ], [ -96.644161, 32.645643 ], [ -96.644148, 32.645671 ], [ -96.644144, 32.645693 ], [ -96.644161, 32.645722 ], [ -96.64425, 32.645758 ], [ -96.644326, 32.6458 ], [ -96.644458, 32.645847 ], [ -96.644492, 32.645843 ], [ -96.644517, 32.645822 ], [ -96.644534, 32.6458 ], [ -96.644598, 32.645671 ], [ -96.644669, 32.645551 ], [ -96.644835, 32.645272 ], [ -96.644844, 32.645243 ], [ -96.644827, 32.645218 ], [ -96.644793, 32.645197 ], [ -96.644746, 32.64519 ], [ -96.644602, 32.645131 ], [ -96.644509, 32.6451 ], [ -96.644483, 32.645111 ], [ -96.644458, 32.645147 ], [ -96.644436, 32.645193 ], [ -96.644313, 32.64539 ] ], [ [ -96.636181, 32.648986 ], [ -96.636241, 32.648956 ], [ -96.636492, 32.648757 ], [ -96.637523, 32.647903 ], [ -96.637736, 32.647714 ], [ -96.637972, 32.647516 ], [ -96.638344, 32.647225 ], [ -96.638841, 32.646798 ], [ -96.639113, 32.646578 ], [ -96.639359, 32.64637 ], [ -96.63948, 32.64626 ], [ -96.639535, 32.646218 ], [ -96.63956, 32.646184 ], [ -96.639565, 32.646159 ], [ -96.63956, 32.646121 ], [ -96.63954, 32.646083 ], [ -96.639515, 32.646049 ], [ -96.639485, 32.645993 ], [ -96.639439, 32.645948 ], [ -96.639349, 32.645875 ], [ -96.639299, 32.645851 ], [ -96.639188, 32.645829 ], [ -96.639128, 32.645834 ], [ -96.639022, 32.645821 ], [ -96.638967, 32.645807 ], [ -96.638897, 32.645782 ], [ -96.638771, 32.645723 ], [ -96.63865, 32.645647 ], [ -96.63854, 32.645563 ], [ -96.638449, 32.645499 ], [ -96.638309, 32.645377 ], [ -96.638173, 32.645246 ], [ -96.638113, 32.645153 ], [ -96.638068, 32.645065 ], [ -96.637999, 32.645014 ], [ -96.637933, 32.644947 ], [ -96.637818, 32.644793 ], [ -96.637682, 32.644663 ], [ -96.637607, 32.644607 ], [ -96.637516, 32.644548 ], [ -96.637391, 32.644481 ], [ -96.63722, 32.644376 ], [ -96.637054, 32.644281 ], [ -96.636928, 32.644219 ], [ -96.636843, 32.644188 ], [ -96.636803, 32.644185 ], [ -96.636763, 32.644198 ], [ -96.636717, 32.644232 ], [ -96.636677, 32.644274 ], [ -96.635682, 32.645102 ], [ -96.635357, 32.645355 ], [ -96.635088, 32.645593 ], [ -96.634339, 32.646229 ], [ -96.634133, 32.646384 ], [ -96.633877, 32.646609 ], [ -96.633832, 32.646643 ], [ -96.633792, 32.646681 ], [ -96.633767, 32.646711 ], [ -96.633751, 32.64674 ], [ -96.633756, 32.646778 ], [ -96.633827, 32.646863 ], [ -96.633932, 32.646947 ], [ -96.634309, 32.647282 ], [ -96.63454, 32.647464 ], [ -96.634691, 32.647603 ], [ -96.634782, 32.64768 ], [ -96.634927, 32.64779 ], [ -96.634996, 32.647815 ], [ -96.635032, 32.647859 ], [ -96.635093, 32.647914 ], [ -96.635183, 32.648012 ], [ -96.635263, 32.648078 ], [ -96.635293, 32.648111 ], [ -96.635402, 32.648223 ], [ -96.635487, 32.648317 ], [ -96.635568, 32.648393 ], [ -96.635623, 32.648465 ], [ -96.635719, 32.648558 ], [ -96.635854, 32.64874 ], [ -96.63594, 32.648838 ], [ -96.635995, 32.648859 ], [ -96.636095, 32.648956 ], [ -96.63612, 32.648973 ], [ -96.63615, 32.648986 ], [ -96.636181, 32.648986 ] ], [ [ -96.648593, 32.648507 ], [ -96.648695, 32.648518 ], [ -96.648789, 32.648521 ], [ -96.648874, 32.648518 ], [ -96.648944, 32.648507 ], [ -96.648997, 32.648455 ], [ -96.649061, 32.648418 ], [ -96.649104, 32.648404 ], [ -96.649167, 32.648369 ], [ -96.649436, 32.648186 ], [ -96.649525, 32.648139 ], [ -96.64958, 32.648117 ], [ -96.649623, 32.648111 ], [ -96.649653, 32.648093 ], [ -96.649678, 32.648057 ], [ -96.649691, 32.647982 ], [ -96.649674, 32.647931 ], [ -96.649644, 32.6479 ], [ -96.649563, 32.647857 ], [ -96.649533, 32.647832 ], [ -96.649499, 32.647821 ], [ -96.649406, 32.647838 ], [ -96.649319, 32.647848 ], [ -96.649278, 32.647843 ], [ -96.64924, 32.647817 ], [ -96.649223, 32.647789 ], [ -96.649184, 32.647764 ], [ -96.649138, 32.647742 ], [ -96.649074, 32.64772 ], [ -96.648976, 32.647653 ], [ -96.647578, 32.648136 ], [ -96.647257, 32.64932 ], [ -96.647693, 32.650132 ], [ -96.647732, 32.650097 ], [ -96.647779, 32.650075 ], [ -96.64786, 32.650047 ], [ -96.648051, 32.649921 ], [ -96.648085, 32.649881 ], [ -96.648166, 32.649835 ], [ -96.648183, 32.649807 ], [ -96.648243, 32.649763 ], [ -96.648299, 32.649735 ], [ -96.648434, 32.64961 ], [ -96.648538, 32.649527 ], [ -96.648618, 32.649478 ], [ -96.648772, 32.649395 ], [ -96.648831, 32.649352 ], [ -96.648848, 32.649313 ], [ -96.648844, 32.649295 ], [ -96.648823, 32.649276 ], [ -96.648776, 32.64927 ], [ -96.648721, 32.649281 ], [ -96.648529, 32.649366 ], [ -96.648464, 32.649391 ], [ -96.648281, 32.649448 ], [ -96.648206, 32.649459 ], [ -96.648141, 32.649451 ], [ -96.648098, 32.649456 ], [ -96.648043, 32.649473 ], [ -96.647975, 32.649509 ], [ -96.647915, 32.649531 ], [ -96.647817, 32.649574 ], [ -96.647783, 32.649594 ], [ -96.647724, 32.649653 ], [ -96.647685, 32.649662 ], [ -96.647639, 32.649659 ], [ -96.647562, 32.649638 ], [ -96.647532, 32.64961 ], [ -96.647519, 32.649577 ], [ -96.647507, 32.64949 ], [ -96.64749, 32.649438 ], [ -96.64749, 32.649397 ], [ -96.647507, 32.649352 ], [ -96.647541, 32.649312 ], [ -96.647613, 32.64925 ], [ -96.647754, 32.649065 ], [ -96.647776, 32.649026 ], [ -96.647813, 32.648891 ], [ -96.647817, 32.648812 ], [ -96.647809, 32.648662 ], [ -96.647813, 32.648573 ], [ -96.647837, 32.648398 ], [ -96.647834, 32.648204 ], [ -96.64786, 32.648142 ], [ -96.647887, 32.648133 ], [ -96.647929, 32.648136 ], [ -96.647967, 32.648148 ], [ -96.648001, 32.648167 ], [ -96.648116, 32.648245 ], [ -96.648125, 32.648274 ], [ -96.648116, 32.648299 ], [ -96.648069, 32.648324 ], [ -96.648001, 32.648353 ], [ -96.647963, 32.648384 ], [ -96.647938, 32.648414 ], [ -96.647916, 32.648453 ], [ -96.647912, 32.648502 ], [ -96.647929, 32.648567 ], [ -96.64795, 32.648604 ], [ -96.64801, 32.648674 ], [ -96.64804, 32.648733 ], [ -96.648061, 32.648758 ], [ -96.648082, 32.648772 ], [ -96.648112, 32.648772 ], [ -96.64815, 32.648758 ], [ -96.648189, 32.648729 ], [ -96.648308, 32.6486 ], [ -96.648367, 32.648556 ], [ -96.648427, 32.648536 ], [ -96.64855, 32.648507 ], [ -96.648593, 32.648507 ] ], [ [ -96.635923, 32.652455 ], [ -96.636008, 32.652396 ], [ -96.636069, 32.65236 ], [ -96.63613, 32.652318 ], [ -96.636195, 32.652279 ], [ -96.636231, 32.652248 ], [ -96.636377, 32.652091 ], [ -96.636467, 32.652026 ], [ -96.636652, 32.651863 ], [ -96.636715, 32.651831 ], [ -96.636801, 32.651769 ], [ -96.637158, 32.651484 ], [ -96.63731, 32.651344 ], [ -96.637325, 32.651315 ], [ -96.637335, 32.65126 ], [ -96.637335, 32.651205 ], [ -96.637325, 32.651144 ], [ -96.637294, 32.65109 ], [ -96.637244, 32.651022 ], [ -96.637138, 32.650916 ], [ -96.636831, 32.650524 ], [ -96.636755, 32.650457 ], [ -96.636706, 32.650419 ], [ -96.636647, 32.650385 ], [ -96.636591, 32.650347 ], [ -96.636551, 32.650292 ], [ -96.63651, 32.650206 ], [ -96.636465, 32.650135 ], [ -96.636081, 32.649682 ], [ -96.635989, 32.649587 ], [ -96.635949, 32.649564 ], [ -96.635888, 32.649544 ], [ -96.635827, 32.649513 ], [ -96.635756, 32.649465 ], [ -96.63563, 32.649372 ], [ -96.635576, 32.649327 ], [ -96.63552, 32.64929 ], [ -96.635476, 32.649251 ], [ -96.635259, 32.649124 ], [ -96.635168, 32.649063 ], [ -96.635098, 32.649022 ], [ -96.634862, 32.64886 ], [ -96.634666, 32.648759 ], [ -96.634585, 32.648725 ], [ -96.634454, 32.648682 ], [ -96.634379, 32.648678 ], [ -96.634293, 32.64869 ], [ -96.634087, 32.648754 ], [ -96.633971, 32.648805 ], [ -96.633885, 32.64885 ], [ -96.6338, 32.648884 ], [ -96.633694, 32.648935 ], [ -96.633619, 32.648979 ], [ -96.633543, 32.649011 ], [ -96.633438, 32.649078 ], [ -96.633352, 32.649143 ], [ -96.633181, 32.649261 ], [ -96.633099, 32.6493 ], [ -96.63295, 32.649447 ], [ -96.632903, 32.649484 ], [ -96.632828, 32.649546 ], [ -96.632718, 32.649631 ], [ -96.632636, 32.649701 ], [ -96.632551, 32.649782 ], [ -96.63247, 32.649878 ], [ -96.632294, 32.650027 ], [ -96.632234, 32.650083 ], [ -96.632163, 32.650184 ], [ -96.632158, 32.65023 ], [ -96.632168, 32.650278 ], [ -96.632199, 32.650333 ], [ -96.632274, 32.650416 ], [ -96.632355, 32.650472 ], [ -96.632425, 32.650544 ], [ -96.632506, 32.650612 ], [ -96.632607, 32.650679 ], [ -96.632718, 32.650763 ], [ -96.632833, 32.650835 ], [ -96.632923, 32.650915 ], [ -96.633033, 32.650996 ], [ -96.633234, 32.651123 ], [ -96.633329, 32.651195 ], [ -96.63341, 32.651233 ], [ -96.633518, 32.65134 ], [ -96.633631, 32.651385 ], [ -96.633706, 32.651437 ], [ -96.633757, 32.651461 ], [ -96.634043, 32.651527 ], [ -96.634079, 32.651552 ], [ -96.634094, 32.651607 ], [ -96.634099, 32.651662 ], [ -96.634119, 32.651717 ], [ -96.634169, 32.65176 ], [ -96.634456, 32.651984 ], [ -96.634637, 32.65209 ], [ -96.634833, 32.652238 ], [ -96.634991, 32.65234 ], [ -96.635172, 32.652451 ], [ -96.635268, 32.652523 ], [ -96.635318, 32.652549 ], [ -96.635419, 32.652578 ], [ -96.63555, 32.652594 ], [ -96.635646, 32.652594 ], [ -96.635711, 32.652583 ], [ -96.635757, 32.652569 ], [ -96.635802, 32.65254 ], [ -96.635847, 32.652518 ], [ -96.635923, 32.652455 ] ], [ [ -96.640301, 32.652805 ], [ -96.640357, 32.652786 ], [ -96.640488, 32.652651 ], [ -96.640581, 32.652572 ], [ -96.640684, 32.652471 ], [ -96.640773, 32.6524 ], [ -96.641222, 32.652014 ], [ -96.641423, 32.651834 ], [ -96.641463, 32.651804 ], [ -96.641503, 32.651781 ], [ -96.641663, 32.651624 ], [ -96.641685, 32.651594 ], [ -96.641725, 32.651488 ], [ -96.641748, 32.651451 ], [ -96.641757, 32.651421 ], [ -96.641761, 32.651387 ], [ -96.641734, 32.651297 ], [ -96.641654, 32.651196 ], [ -96.641592, 32.651128 ], [ -96.641534, 32.651057 ], [ -96.64138, 32.650886 ], [ -96.641289, 32.650832 ], [ -96.641222, 32.650813 ], [ -96.641151, 32.650821 ], [ -96.641102, 32.650821 ], [ -96.641049, 32.650832 ], [ -96.641009, 32.650847 ], [ -96.640937, 32.650903 ], [ -96.640657, 32.651144 ], [ -96.640421, 32.65132 ], [ -96.640234, 32.65147 ], [ -96.640087, 32.651597 ], [ -96.639903, 32.651745 ], [ -96.639741, 32.651888 ], [ -96.639725, 32.651902 ], [ -96.639592, 32.652003 ], [ -96.639382, 32.652183 ], [ -96.639236, 32.652295 ], [ -96.639053, 32.652471 ], [ -96.638528, 32.652883 ], [ -96.638382, 32.653007 ], [ -96.638275, 32.653087 ], [ -96.638253, 32.653115 ], [ -96.638244, 32.653142 ], [ -96.638248, 32.653171 ], [ -96.63827, 32.653213 ], [ -96.638319, 32.653261 ], [ -96.638368, 32.653321 ], [ -96.638582, 32.653531 ], [ -96.638684, 32.653606 ], [ -96.638769, 32.653681 ], [ -96.638894, 32.653768 ], [ -96.638934, 32.653779 ], [ -96.638965, 32.653776 ], [ -96.639018, 32.653758 ], [ -96.639112, 32.653747 ], [ -96.639201, 32.653691 ], [ -96.639259, 32.653641 ], [ -96.639396, 32.653561 ], [ -96.639449, 32.653523 ], [ -96.639596, 32.653399 ], [ -96.639658, 32.653333 ], [ -96.639943, 32.653104 ], [ -96.640036, 32.653022 ], [ -96.640067, 32.652983 ], [ -96.640183, 32.652876 ], [ -96.640254, 32.652827 ], [ -96.640301, 32.652805 ] ], [ [ -96.654832, 32.648474 ], [ -96.654925, 32.648387 ], [ -96.654973, 32.648364 ], [ -96.654999, 32.648331 ], [ -96.655038, 32.648299 ], [ -96.655083, 32.648269 ], [ -96.655207, 32.648151 ], [ -96.655291, 32.648044 ], [ -96.655319, 32.647967 ], [ -96.655365, 32.647899 ], [ -96.655474, 32.647793 ], [ -96.655502, 32.647757 ], [ -96.655523, 32.647706 ], [ -96.655524, 32.647678 ], [ -96.655488, 32.647671 ], [ -96.655386, 32.64768 ], [ -96.655347, 32.647698 ], [ -96.655242, 32.647736 ], [ -96.655175, 32.647793 ], [ -96.655129, 32.64781 ], [ -96.655083, 32.647813 ], [ -96.654999, 32.647834 ], [ -96.654809, 32.647908 ], [ -96.654749, 32.647938 ], [ -96.654588, 32.648038 ], [ -96.654524, 32.648068 ], [ -96.654475, 32.648103 ], [ -96.654401, 32.648173 ], [ -96.65432, 32.648228 ], [ -96.654241, 32.648361 ], [ -96.654153, 32.648462 ], [ -96.654104, 32.648502 ], [ -96.654065, 32.64855 ], [ -96.65396, 32.648663 ], [ -96.653858, 32.648746 ], [ -96.653808, 32.648775 ], [ -96.653727, 32.648849 ], [ -96.653682, 32.648879 ], [ -96.653457, 32.649054 ], [ -96.653418, 32.649095 ], [ -96.653397, 32.649137 ], [ -96.653358, 32.649178 ], [ -96.653337, 32.649225 ], [ -96.653241, 32.649352 ], [ -96.653198, 32.649438 ], [ -96.653134, 32.649503 ], [ -96.653082, 32.649583 ], [ -96.653057, 32.649631 ], [ -96.653018, 32.649684 ], [ -96.652987, 32.649776 ], [ -96.652983, 32.649876 ], [ -96.652952, 32.650024 ], [ -96.652934, 32.650056 ], [ -96.652899, 32.650104 ], [ -96.652839, 32.65016 ], [ -96.652702, 32.65032 ], [ -96.652608, 32.650453 ], [ -96.652559, 32.650506 ], [ -96.65252, 32.650565 ], [ -96.652477, 32.65061 ], [ -96.652436, 32.650667 ], [ -96.652362, 32.650751 ], [ -96.652154, 32.650957 ], [ -96.651908, 32.651142 ], [ -96.651775, 32.651252 ], [ -96.651704, 32.651318 ], [ -96.651535, 32.651525 ], [ -96.651476, 32.65159 ], [ -96.651282, 32.651777 ], [ -96.651234, 32.651815 ], [ -96.651131, 32.651885 ], [ -96.651044, 32.651929 ], [ -96.650996, 32.651942 ], [ -96.650894, 32.651958 ], [ -96.650837, 32.651958 ], [ -96.650625, 32.651971 ], [ -96.650557, 32.651967 ], [ -96.650429, 32.651926 ], [ -96.650281, 32.651859 ], [ -96.65022, 32.651837 ], [ -96.650171, 32.651826 ], [ -96.65005, 32.651814 ], [ -96.649959, 32.651823 ], [ -96.64994, 32.651834 ], [ -96.649925, 32.651849 ], [ -96.649922, 32.651871 ], [ -96.649903, 32.651935 ], [ -96.649872, 32.651989 ], [ -96.649853, 32.652037 ], [ -96.649823, 32.652085 ], [ -96.64974, 32.652184 ], [ -96.649725, 32.652209 ], [ -96.6496, 32.652315 ], [ -96.649492, 32.652422 ], [ -96.64942, 32.65245 ], [ -96.649365, 32.652482 ], [ -96.649224, 32.652551 ], [ -96.64916, 32.652569 ], [ -96.649101, 32.652579 ], [ -96.649024, 32.652579 ], [ -96.648892, 32.652611 ], [ -96.648764, 32.652669 ], [ -96.648675, 32.652737 ], [ -96.648552, 32.652862 ], [ -96.648423, 32.653 ], [ -96.648343, 32.653077 ], [ -96.648275, 32.653153 ], [ -96.648228, 32.653213 ], [ -96.648173, 32.653253 ], [ -96.648075, 32.653292 ], [ -96.64796, 32.653353 ], [ -96.647824, 32.653467 ], [ -96.64776, 32.653547 ], [ -96.647675, 32.653629 ], [ -96.647577, 32.653715 ], [ -96.647492, 32.653782 ], [ -96.647411, 32.653861 ], [ -96.647279, 32.654018 ], [ -96.647254, 32.654062 ], [ -96.647237, 32.654127 ], [ -96.647242, 32.65424 ], [ -96.647289, 32.654424 ], [ -96.647293, 32.654476 ], [ -96.647276, 32.654522 ], [ -96.647254, 32.654566 ], [ -96.647233, 32.654594 ], [ -96.647195, 32.654629 ], [ -96.647067, 32.654716 ], [ -96.64699, 32.654755 ], [ -96.646842, 32.654837 ], [ -96.64671, 32.654874 ], [ -96.646654, 32.654877 ], [ -96.64659, 32.654874 ], [ -96.646548, 32.654866 ], [ -96.646416, 32.654815 ], [ -96.646361, 32.654801 ], [ -96.646246, 32.654795 ], [ -96.646203, 32.654809 ], [ -96.646173, 32.654837 ], [ -96.646165, 32.65487 ], [ -96.646146, 32.654911 ], [ -96.64611, 32.65497 ], [ -96.64605, 32.655088 ], [ -96.645973, 32.655185 ], [ -96.645854, 32.655278 ], [ -96.645629, 32.655431 ], [ -96.645557, 32.65547 ], [ -96.645471, 32.655506 ], [ -96.645399, 32.655531 ], [ -96.645297, 32.655607 ], [ -96.645233, 32.655659 ], [ -96.645174, 32.655724 ], [ -96.645135, 32.655782 ], [ -96.64508, 32.655847 ], [ -96.645008, 32.655972 ], [ -96.644986, 32.656036 ], [ -96.644974, 32.656087 ], [ -96.644944, 32.656137 ], [ -96.644816, 32.656291 ], [ -96.644757, 32.656348 ], [ -96.644701, 32.656395 ], [ -96.644646, 32.656447 ], [ -96.644591, 32.656484 ], [ -96.644506, 32.656516 ], [ -96.644433, 32.656534 ], [ -96.644323, 32.65657 ], [ -96.644276, 32.656602 ], [ -96.64425, 32.656635 ], [ -96.644242, 32.656674 ], [ -96.644237, 32.656789 ], [ -96.644242, 32.656827 ], [ -96.644226, 32.656898 ], [ -96.6442, 32.656948 ], [ -96.644132, 32.656988 ], [ -96.644, 32.657027 ], [ -96.643936, 32.657041 ], [ -96.643783, 32.657063 ], [ -96.643698, 32.65708 ], [ -96.643609, 32.657106 ], [ -96.64357, 32.657131 ], [ -96.643519, 32.657148 ], [ -96.643477, 32.657178 ], [ -96.643349, 32.657252 ], [ -96.643184, 32.657384 ], [ -96.643106, 32.657463 ], [ -96.642784, 32.657764 ], [ -96.642702, 32.657829 ], [ -96.642621, 32.657905 ], [ -96.642507, 32.65802 ], [ -96.642486, 32.658064 ], [ -96.642401, 32.658372 ], [ -96.642354, 32.658519 ], [ -96.642312, 32.658591 ], [ -96.642201, 32.658731 ], [ -96.64212, 32.658806 ], [ -96.642026, 32.658856 ], [ -96.641912, 32.658906 ], [ -96.64169, 32.658974 ], [ -96.641571, 32.658999 ], [ -96.641444, 32.659014 ], [ -96.641295, 32.659053 ], [ -96.641235, 32.659078 ], [ -96.641035, 32.659188 ], [ -96.640891, 32.659295 ], [ -96.640827, 32.659352 ], [ -96.640708, 32.659484 ], [ -96.640614, 32.659581 ], [ -96.640516, 32.659671 ], [ -96.640406, 32.659785 ], [ -96.640304, 32.659882 ], [ -96.640185, 32.659972 ], [ -96.639487, 32.660466 ], [ -96.63938, 32.660552 ], [ -96.639308, 32.66062 ], [ -96.63924, 32.660694 ], [ -96.639125, 32.660797 ], [ -96.639027, 32.660905 ], [ -96.638866, 32.661034 ], [ -96.638751, 32.661109 ], [ -96.638568, 32.66122 ], [ -96.63838, 32.661341 ], [ -96.63832, 32.661355 ], [ -96.638304, 32.661399 ], [ -96.638244, 32.66146 ], [ -96.63821, 32.66151 ], [ -96.638185, 32.66156 ], [ -96.638159, 32.661639 ], [ -96.638129, 32.661797 ], [ -96.638095, 32.661861 ], [ -96.638049, 32.661911 ], [ -96.637951, 32.661969 ], [ -96.6379, 32.661983 ], [ -96.637832, 32.661991 ], [ -96.637747, 32.661991 ], [ -96.637683, 32.661974 ], [ -96.637615, 32.661934 ], [ -96.637538, 32.661876 ], [ -96.637449, 32.661762 ], [ -96.637406, 32.66169 ], [ -96.637389, 32.661644 ], [ -96.637381, 32.661589 ], [ -96.637398, 32.661479 ], [ -96.637381, 32.661436 ], [ -96.637351, 32.661378 ], [ -96.6373, 32.661324 ], [ -96.637249, 32.661279 ], [ -96.637121, 32.661217 ], [ -96.637058, 32.661178 ], [ -96.636938, 32.661082 ], [ -96.636883, 32.661046 ], [ -96.636836, 32.660998 ], [ -96.636806, 32.660946 ], [ -96.636679, 32.66067 ], [ -96.636641, 32.660607 ], [ -96.63659, 32.660549 ], [ -96.636492, 32.660456 ], [ -96.636317, 32.660359 ], [ -96.636156, 32.660324 ], [ -96.636075, 32.660316 ], [ -96.63602, 32.660314 ], [ -96.635934, 32.66032 ], [ -96.635879, 32.660327 ], [ -96.635815, 32.66032 ], [ -96.635709, 32.660291 ], [ -96.635607, 32.660245 ], [ -96.635564, 32.660204 ], [ -96.635504, 32.660159 ], [ -96.635453, 32.660127 ], [ -96.635381, 32.660091 ], [ -96.635253, 32.660044 ], [ -96.635173, 32.660023 ], [ -96.635122, 32.660026 ], [ -96.635087, 32.660041 ], [ -96.635024, 32.660058 ], [ -96.634956, 32.660072 ], [ -96.63487, 32.660077 ], [ -96.634793, 32.660075 ], [ -96.634713, 32.660091 ], [ -96.634658, 32.660094 ], [ -96.634568, 32.66008 ], [ -96.634458, 32.660055 ], [ -96.634415, 32.660037 ], [ -96.634356, 32.660023 ], [ -96.634114, 32.660027 ], [ -96.634033, 32.660049 ], [ -96.633973, 32.660078 ], [ -96.633931, 32.660106 ], [ -96.633825, 32.660168 ], [ -96.63379, 32.660193 ], [ -96.633752, 32.66021 ], [ -96.633701, 32.660229 ], [ -96.633488, 32.660263 ], [ -96.633433, 32.660263 ], [ -96.633382, 32.660257 ], [ -96.633339, 32.660235 ], [ -96.633285, 32.660192 ], [ -96.633242, 32.660168 ], [ -96.633212, 32.660125 ], [ -96.633161, 32.659999 ], [ -96.633139, 32.659928 ], [ -96.633025, 32.659726 ], [ -96.632973, 32.659663 ], [ -96.632897, 32.659587 ], [ -96.632833, 32.659529 ], [ -96.632705, 32.659433 ], [ -96.632656, 32.659401 ], [ -96.632588, 32.659376 ], [ -96.632464, 32.659305 ], [ -96.632401, 32.659261 ], [ -96.632357, 32.659214 ], [ -96.632239, 32.659129 ], [ -96.632189, 32.65908 ], [ -96.632031, 32.658887 ], [ -96.631937, 32.658754 ], [ -96.631895, 32.658715 ], [ -96.631852, 32.658665 ], [ -96.631708, 32.658575 ], [ -96.631554, 32.658493 ], [ -96.631491, 32.658468 ], [ -96.631412, 32.658414 ], [ -96.63135, 32.658396 ], [ -96.631299, 32.658371 ], [ -96.631257, 32.658338 ], [ -96.63121, 32.658292 ], [ -96.631108, 32.658209 ], [ -96.631044, 32.65817 ], [ -96.63098, 32.658149 ], [ -96.630903, 32.65813 ], [ -96.630827, 32.658124 ], [ -96.630763, 32.658127 ], [ -96.630695, 32.658156 ], [ -96.630571, 32.658217 ], [ -96.630499, 32.658267 ], [ -96.630431, 32.658321 ], [ -96.63035, 32.6584 ], [ -96.630167, 32.658532 ], [ -96.630125, 32.658554 ], [ -96.630074, 32.658575 ], [ -96.629989, 32.658582 ], [ -96.629863, 32.658562 ], [ -96.629737, 32.658518 ], [ -96.629606, 32.658445 ], [ -96.629524, 32.658393 ], [ -96.629482, 32.658367 ], [ -96.629371, 32.658289 ], [ -96.629303, 32.65822 ], [ -96.629271, 32.658177 ], [ -96.62924, 32.658144 ], [ -96.629156, 32.658043 ], [ -96.6291, 32.658005 ], [ -96.629036, 32.657969 ], [ -96.62893, 32.65789 ], [ -96.628871, 32.65784 ], [ -96.628679, 32.657629 ], [ -96.628585, 32.657575 ], [ -96.62839, 32.657489 ], [ -96.628322, 32.657449 ], [ -96.628181, 32.657356 ], [ -96.628105, 32.657274 ], [ -96.628028, 32.65717 ], [ -96.627985, 32.657088 ], [ -96.627973, 32.657049 ], [ -96.627926, 32.656945 ], [ -96.627896, 32.656852 ], [ -96.627871, 32.656827 ], [ -96.627828, 32.656809 ], [ -96.627781, 32.656801 ], [ -96.627734, 32.656809 ], [ -96.627688, 32.656827 ], [ -96.627653, 32.656855 ], [ -96.627568, 32.656941 ], [ -96.627522, 32.656965 ], [ -96.627479, 32.656995 ], [ -96.627445, 32.657002 ], [ -96.62739, 32.656998 ], [ -96.627343, 32.656973 ], [ -96.62727, 32.656912 ], [ -96.627236, 32.656877 ], [ -96.627211, 32.656837 ], [ -96.627198, 32.656779 ], [ -96.627208, 32.656703 ], [ -96.627216, 32.656526 ], [ -96.627208, 32.656473 ], [ -96.627178, 32.656441 ], [ -96.627135, 32.656384 ], [ -96.627046, 32.656284 ], [ -96.626948, 32.65619 ], [ -96.626799, 32.656097 ], [ -96.626684, 32.656014 ], [ -96.626578, 32.655911 ], [ -96.626522, 32.655814 ], [ -96.62648, 32.655789 ], [ -96.626425, 32.655775 ], [ -96.626374, 32.655771 ], [ -96.626301, 32.655777 ], [ -96.626246, 32.6558 ], [ -96.626199, 32.655804 ], [ -96.62614, 32.655796 ], [ -96.626059, 32.655793 ], [ -96.625995, 32.655782 ], [ -96.625939, 32.655763 ], [ -96.625897, 32.655743 ], [ -96.625774, 32.655628 ], [ -96.625744, 32.65558 ], [ -96.625706, 32.655534 ], [ -96.625684, 32.655488 ], [ -96.625672, 32.655437 ], [ -96.625684, 32.655369 ], [ -96.625731, 32.655285 ], [ -96.62574, 32.655243 ], [ -96.625727, 32.655208 ], [ -96.625697, 32.655168 ], [ -96.625604, 32.655107 ], [ -96.625506, 32.655074 ], [ -96.625446, 32.655079 ], [ -96.625399, 32.655088 ], [ -96.625293, 32.655104 ], [ -96.625187, 32.655093 ], [ -96.625089, 32.655057 ], [ -96.625033, 32.655029 ], [ -96.624927, 32.65496 ], [ -96.624855, 32.654885 ], [ -96.624816, 32.654835 ], [ -96.624791, 32.654778 ], [ -96.624714, 32.654674 ], [ -96.624668, 32.65464 ], [ -96.624573, 32.654594 ], [ -96.624502, 32.654609 ], [ -96.624425, 32.65462 ], [ -96.624361, 32.654638 ], [ -96.62431, 32.65466 ], [ -96.624259, 32.654688 ], [ -96.624123, 32.654803 ], [ -96.624042, 32.654882 ], [ -96.623944, 32.65495 ], [ -96.623855, 32.655018 ], [ -96.623795, 32.655079 ], [ -96.623748, 32.655113 ], [ -96.623647, 32.655155 ], [ -96.623481, 32.655199 ], [ -96.6234, 32.655231 ], [ -96.62323, 32.655285 ], [ -96.623166, 32.655324 ], [ -96.623026, 32.655428 ], [ -96.622949, 32.655468 ], [ -96.622856, 32.655493 ], [ -96.622571, 32.655538 ], [ -96.622354, 32.655538 ], [ -96.62226, 32.655529 ], [ -96.622175, 32.655513 ], [ -96.622098, 32.655493 ], [ -96.62206, 32.655489 ], [ -96.622022, 32.655493 ], [ -96.621954, 32.65551 ], [ -96.621537, 32.655597 ], [ -96.621307, 32.655637 ], [ -96.620984, 32.655701 ], [ -96.620754, 32.655755 ], [ -96.620562, 32.655794 ], [ -96.620401, 32.65582 ], [ -96.620303, 32.655839 ], [ -96.620184, 32.655879 ], [ -96.619992, 32.656011 ], [ -96.619929, 32.656044 ], [ -96.619848, 32.656069 ], [ -96.619724, 32.656083 ], [ -96.619584, 32.656069 ], [ -96.619516, 32.656036 ], [ -96.619452, 32.655976 ], [ -96.619409, 32.655915 ], [ -96.619375, 32.655842 ], [ -96.619363, 32.655793 ], [ -96.619337, 32.655735 ], [ -96.619289, 32.655717 ], [ -96.619256, 32.65576 ], [ -96.61926, 32.655872 ], [ -96.619248, 32.655935 ], [ -96.619231, 32.655983 ], [ -96.61918, 32.656079 ], [ -96.619141, 32.656125 ], [ -96.619099, 32.65615 ], [ -96.619056, 32.656193 ], [ -96.619031, 32.656258 ], [ -96.618984, 32.656325 ], [ -96.618933, 32.656412 ], [ -96.61886, 32.656612 ], [ -96.618843, 32.656687 ], [ -96.618826, 32.656831 ], [ -96.618835, 32.656895 ], [ -96.618852, 32.656935 ], [ -96.618924, 32.656996 ], [ -96.618967, 32.657013 ], [ -96.619022, 32.657013 ], [ -96.619073, 32.656999 ], [ -96.619103, 32.656971 ], [ -96.619146, 32.656875 ], [ -96.619163, 32.656792 ], [ -96.619171, 32.65672 ], [ -96.619184, 32.656653 ], [ -96.619209, 32.656595 ], [ -96.619248, 32.656534 ], [ -96.619298, 32.656488 ], [ -96.619353, 32.656452 ], [ -96.619502, 32.656405 ], [ -96.619596, 32.656391 ], [ -96.619693, 32.656384 ], [ -96.619791, 32.656387 ], [ -96.619896, 32.656399 ], [ -96.619966, 32.656416 ], [ -96.620047, 32.656452 ], [ -96.620098, 32.656498 ], [ -96.620123, 32.656559 ], [ -96.620149, 32.656641 ], [ -96.620149, 32.656728 ], [ -96.620136, 32.656792 ], [ -96.62011, 32.656885 ], [ -96.620076, 32.656971 ], [ -96.619987, 32.6571 ], [ -96.619932, 32.657147 ], [ -96.619804, 32.657244 ], [ -96.619664, 32.657319 ], [ -96.619532, 32.657369 ], [ -96.619506, 32.657383 ], [ -96.619485, 32.657412 ], [ -96.619485, 32.657448 ], [ -96.619502, 32.657469 ], [ -96.619545, 32.657491 ], [ -96.6196, 32.657505 ], [ -96.619719, 32.657544 ], [ -96.619787, 32.657577 ], [ -96.619825, 32.657623 ], [ -96.619859, 32.657677 ], [ -96.619876, 32.657719 ], [ -96.619881, 32.657826 ], [ -96.61983, 32.658019 ], [ -96.6198, 32.658172 ], [ -96.619774, 32.658259 ], [ -96.619762, 32.658334 ], [ -96.619715, 32.658502 ], [ -96.619672, 32.658599 ], [ -96.619668, 32.658645 ], [ -96.619685, 32.658671 ], [ -96.619736, 32.658681 ], [ -96.619766, 32.658678 ], [ -96.61983, 32.658585 ], [ -96.619868, 32.658541 ], [ -96.619898, 32.658499 ], [ -96.619932, 32.658437 ], [ -96.62003, 32.658334 ], [ -96.620077, 32.658295 ], [ -96.620128, 32.658262 ], [ -96.620234, 32.658226 ], [ -96.620345, 32.658223 ], [ -96.620396, 32.658234 ], [ -96.620443, 32.658262 ], [ -96.620477, 32.658277 ], [ -96.620515, 32.658287 ], [ -96.620549, 32.658284 ], [ -96.620592, 32.658259 ], [ -96.620604, 32.658216 ], [ -96.6206, 32.658184 ], [ -96.620557, 32.658094 ], [ -96.620413, 32.657831 ], [ -96.620387, 32.657767 ], [ -96.620374, 32.657691 ], [ -96.620383, 32.657659 ], [ -96.620404, 32.657626 ], [ -96.620451, 32.65759 ], [ -96.620498, 32.657577 ], [ -96.620557, 32.657566 ], [ -96.620638, 32.657573 ], [ -96.620804, 32.657615 ], [ -96.620859, 32.657626 ], [ -96.620923, 32.657615 ], [ -96.621068, 32.65757 ], [ -96.621102, 32.657573 ], [ -96.62117, 32.657584 ], [ -96.621281, 32.657659 ], [ -96.621319, 32.657698 ], [ -96.621353, 32.657745 ], [ -96.6214, 32.657777 ], [ -96.621451, 32.657798 ], [ -96.621519, 32.657812 ], [ -96.621574, 32.657809 ], [ -96.621621, 32.657787 ], [ -96.621723, 32.657702 ], [ -96.621764, 32.657634 ], [ -96.62177, 32.657562 ], [ -96.621783, 32.657505 ], [ -96.621791, 32.657401 ], [ -96.621779, 32.657365 ], [ -96.621753, 32.657333 ], [ -96.621719, 32.657311 ], [ -96.621668, 32.657308 ], [ -96.621583, 32.657319 ], [ -96.621417, 32.65739 ], [ -96.621357, 32.657412 ], [ -96.621187, 32.657448 ], [ -96.621042, 32.657466 ], [ -96.620966, 32.657466 ], [ -96.620906, 32.657455 ], [ -96.620821, 32.657448 ], [ -96.620681, 32.657423 ], [ -96.620625, 32.657401 ], [ -96.620583, 32.657369 ], [ -96.62054, 32.657311 ], [ -96.620523, 32.657265 ], [ -96.620519, 32.657218 ], [ -96.620532, 32.657172 ], [ -96.620557, 32.657124 ], [ -96.620604, 32.657058 ], [ -96.620647, 32.657009 ], [ -96.620706, 32.656959 ], [ -96.620778, 32.656934 ], [ -96.620927, 32.656905 ], [ -96.621042, 32.656902 ], [ -96.621127, 32.656909 ], [ -96.621212, 32.656909 ], [ -96.621289, 32.656891 ], [ -96.62134, 32.656861 ], [ -96.621366, 32.656827 ], [ -96.621374, 32.656784 ], [ -96.621345, 32.656709 ], [ -96.621319, 32.656674 ], [ -96.621276, 32.656635 ], [ -96.6212, 32.656584 ], [ -96.621034, 32.656489 ], [ -96.620966, 32.65644 ], [ -96.620885, 32.65639 ], [ -96.620817, 32.656336 ], [ -96.620774, 32.656281 ], [ -96.620736, 32.656225 ], [ -96.620723, 32.656185 ], [ -96.620716, 32.656125 ], [ -96.620733, 32.655999 ], [ -96.620762, 32.655935 ], [ -96.620788, 32.655892 ], [ -96.620822, 32.655856 ], [ -96.620873, 32.655831 ], [ -96.621269, 32.655748 ], [ -96.621473, 32.655717 ], [ -96.621971, 32.655618 ], [ -96.622111, 32.655604 ], [ -96.622281, 32.655615 ], [ -96.622485, 32.655651 ], [ -96.622554, 32.655648 ], [ -96.622864, 32.655587 ], [ -96.622945, 32.65558 ], [ -96.623056, 32.655548 ], [ -96.623179, 32.655476 ], [ -96.623302, 32.655393 ], [ -96.623443, 32.655333 ], [ -96.623507, 32.655322 ], [ -96.623693, 32.65533 ], [ -96.623731, 32.655316 ], [ -96.623774, 32.65528 ], [ -96.623816, 32.65523 ], [ -96.623863, 32.655155 ], [ -96.623923, 32.655086 ], [ -96.624025, 32.655004 ], [ -96.624089, 32.654976 ], [ -96.624136, 32.654965 ], [ -96.624199, 32.654958 ], [ -96.624285, 32.654958 ], [ -96.624352, 32.654964 ], [ -96.624425, 32.654993 ], [ -96.624595, 32.655075 ], [ -96.624812, 32.655198 ], [ -96.62494, 32.655277 ], [ -96.625106, 32.655406 ], [ -96.625246, 32.655499 ], [ -96.625378, 32.655597 ], [ -96.625561, 32.655746 ], [ -96.625629, 32.655814 ], [ -96.625693, 32.655856 ], [ -96.625757, 32.655911 ], [ -96.625816, 32.655954 ], [ -96.625884, 32.655997 ], [ -96.625995, 32.656044 ], [ -96.626233, 32.65609 ], [ -96.626322, 32.656118 ], [ -96.626428, 32.656145 ], [ -96.626569, 32.656208 ], [ -96.626697, 32.656284 ], [ -96.626761, 32.656329 ], [ -96.626837, 32.656398 ], [ -96.626905, 32.656473 ], [ -96.626961, 32.656551 ], [ -96.62702, 32.656624 ], [ -96.627059, 32.656688 ], [ -96.627076, 32.656756 ], [ -96.627105, 32.656827 ], [ -96.627118, 32.656878 ], [ -96.627135, 32.656917 ], [ -96.627169, 32.656945 ], [ -96.627283, 32.65702 ], [ -96.62733, 32.657044 ], [ -96.627381, 32.657058 ], [ -96.627436, 32.65708 ], [ -96.627492, 32.657095 ], [ -96.62753, 32.657109 ], [ -96.627607, 32.65712 ], [ -96.627645, 32.657142 ], [ -96.627726, 32.657241 ], [ -96.627764, 32.65728 ], [ -96.627794, 32.657328 ], [ -96.627841, 32.657435 ], [ -96.627905, 32.65755 ], [ -96.627968, 32.657629 ], [ -96.628024, 32.657686 ], [ -96.628088, 32.657739 ], [ -96.62816, 32.657786 ], [ -96.628292, 32.657854 ], [ -96.628351, 32.65788 ], [ -96.628394, 32.657905 ], [ -96.628432, 32.657944 ], [ -96.628539, 32.658019 ], [ -96.628619, 32.658084 ], [ -96.628705, 32.658144 ], [ -96.628773, 32.658206 ], [ -96.628815, 32.658251 ], [ -96.628845, 32.658292 ], [ -96.628888, 32.658335 ], [ -96.629015, 32.658417 ], [ -96.629079, 32.658462 ], [ -96.629134, 32.658513 ], [ -96.629181, 32.658549 ], [ -96.629227, 32.658568 ], [ -96.629295, 32.658575 ], [ -96.629359, 32.6586 ], [ -96.629554, 32.658715 ], [ -96.629614, 32.658779 ], [ -96.629644, 32.658837 ], [ -96.629669, 32.658901 ], [ -96.629675, 32.658936 ], [ -96.629681, 32.65898 ], [ -96.629677, 32.659055 ], [ -96.629669, 32.659109 ], [ -96.629648, 32.659177 ], [ -96.629614, 32.659238 ], [ -96.629512, 32.659334 ], [ -96.629389, 32.65939 ], [ -96.629303, 32.659419 ], [ -96.629189, 32.659452 ], [ -96.629151, 32.659471 ], [ -96.629146, 32.6595 ], [ -96.629159, 32.659532 ], [ -96.629185, 32.65957 ], [ -96.629223, 32.659606 ], [ -96.629333, 32.659691 ], [ -96.629377, 32.65975 ], [ -96.629426, 32.659782 ], [ -96.629498, 32.65984 ], [ -96.629524, 32.65984 ], [ -96.629545, 32.659832 ], [ -96.629562, 32.659804 ], [ -96.629562, 32.659771 ], [ -96.629549, 32.659726 ], [ -96.629536, 32.659574 ], [ -96.629532, 32.659471 ], [ -96.629545, 32.65943 ], [ -96.629575, 32.659377 ], [ -96.629613, 32.659342 ], [ -96.629677, 32.659295 ], [ -96.629749, 32.659252 ], [ -96.629826, 32.659219 ], [ -96.629907, 32.659198 ], [ -96.629992, 32.65918 ], [ -96.63006, 32.659184 ], [ -96.630132, 32.659202 ], [ -96.630179, 32.659222 ], [ -96.630239, 32.659266 ], [ -96.63029, 32.659309 ], [ -96.630404, 32.659423 ], [ -96.630451, 32.659492 ], [ -96.630561, 32.659631 ], [ -96.630659, 32.659732 ], [ -96.630714, 32.659774 ], [ -96.630834, 32.65982 ], [ -96.630885, 32.65983 ], [ -96.63097, 32.659838 ], [ -96.631102, 32.659824 ], [ -96.631165, 32.659806 ], [ -96.631365, 32.659738 ], [ -96.631442, 32.659696 ], [ -96.631531, 32.659671 ], [ -96.631612, 32.659656 ], [ -96.631693, 32.659656 ], [ -96.631748, 32.659664 ], [ -96.631902, 32.659724 ], [ -96.631939, 32.659754 ], [ -96.631965, 32.659795 ], [ -96.631978, 32.659844 ], [ -96.631983, 32.659962 ], [ -96.631974, 32.660013 ], [ -96.631953, 32.660057 ], [ -96.631897, 32.660142 ], [ -96.631723, 32.660347 ], [ -96.63171, 32.6604 ], [ -96.631736, 32.660514 ], [ -96.631757, 32.660562 ], [ -96.63177, 32.660615 ], [ -96.6318, 32.660815 ], [ -96.631799, 32.660888 ], [ -96.631811, 32.660981 ], [ -96.631807, 32.661178 ], [ -96.631794, 32.661257 ], [ -96.631803, 32.661361 ], [ -96.631824, 32.661394 ], [ -96.631862, 32.661427 ], [ -96.631965, 32.661505 ], [ -96.632033, 32.661588 ], [ -96.632058, 32.661631 ], [ -96.632084, 32.661687 ], [ -96.632113, 32.66181 ], [ -96.632118, 32.661884 ], [ -96.632109, 32.662118 ], [ -96.632118, 32.662186 ], [ -96.632148, 32.66229 ], [ -96.632207, 32.662401 ], [ -96.632254, 32.662436 ], [ -96.632302, 32.662441 ], [ -96.632335, 32.662436 ], [ -96.632365, 32.662426 ], [ -96.632399, 32.662404 ], [ -96.632492, 32.662322 ], [ -96.632569, 32.662264 ], [ -96.632645, 32.662197 ], [ -96.633092, 32.661856 ], [ -96.633279, 32.661729 ], [ -96.633368, 32.661658 ], [ -96.633551, 32.661493 ], [ -96.633764, 32.661313 ], [ -96.633841, 32.661234 ], [ -96.633887, 32.661167 ], [ -96.633977, 32.660984 ], [ -96.634002, 32.660944 ], [ -96.634015, 32.660905 ], [ -96.634028, 32.660805 ], [ -96.634028, 32.660741 ], [ -96.634045, 32.660626 ], [ -96.634066, 32.660598 ], [ -96.63413, 32.660539 ], [ -96.634147, 32.6605 ], [ -96.634236, 32.660432 ], [ -96.634296, 32.660407 ], [ -96.634363, 32.660395 ], [ -96.634513, 32.660393 ], [ -96.63455, 32.660399 ], [ -96.634589, 32.660424 ], [ -96.634648, 32.660442 ], [ -96.63472, 32.660485 ], [ -96.634929, 32.660573 ], [ -96.63501, 32.660614 ], [ -96.635077, 32.66064 ], [ -96.63515, 32.660677 ], [ -96.635201, 32.660725 ], [ -96.635278, 32.660825 ], [ -96.635312, 32.660879 ], [ -96.635329, 32.660918 ], [ -96.635338, 32.660958 ], [ -96.635338, 32.660978 ], [ -96.63535, 32.661008 ], [ -96.635364, 32.661022 ], [ -96.635406, 32.661029 ], [ -96.635448, 32.661026 ], [ -96.635543, 32.660938 ], [ -96.635585, 32.660908 ], [ -96.635649, 32.660891 ], [ -96.635708, 32.660885 ], [ -96.63584, 32.660897 ], [ -96.635916, 32.660908 ], [ -96.636001, 32.660908 ], [ -96.636133, 32.660938 ], [ -96.636239, 32.660992 ], [ -96.636333, 32.661049 ], [ -96.636503, 32.661164 ], [ -96.636576, 32.661217 ], [ -96.636627, 32.661275 ], [ -96.636725, 32.661365 ], [ -96.636759, 32.661414 ], [ -96.636784, 32.661468 ], [ -96.636891, 32.661648 ], [ -96.63692, 32.661682 ], [ -96.636946, 32.661704 ], [ -96.637061, 32.661737 ], [ -96.63712, 32.661777 ], [ -96.637235, 32.661927 ], [ -96.637278, 32.662005 ], [ -96.637367, 32.662214 ], [ -96.637397, 32.662309 ], [ -96.637414, 32.662385 ], [ -96.637465, 32.662506 ], [ -96.637491, 32.662532 ], [ -96.637516, 32.662543 ], [ -96.63755, 32.66255 ], [ -96.637635, 32.662547 ], [ -96.637716, 32.6625 ], [ -96.637797, 32.662425 ], [ -96.637861, 32.662357 ], [ -96.637929, 32.662307 ], [ -96.63815, 32.662185 ], [ -96.638201, 32.662163 ], [ -96.638359, 32.662138 ], [ -96.638448, 32.662137 ], [ -96.638533, 32.662126 ], [ -96.638588, 32.662112 ], [ -96.638652, 32.66209 ], [ -96.63872, 32.662058 ], [ -96.638792, 32.662008 ], [ -96.638848, 32.66196 ], [ -96.638907, 32.6619 ], [ -96.638937, 32.661828 ], [ -96.63895, 32.661657 ], [ -96.638971, 32.661603 ], [ -96.639001, 32.661552 ], [ -96.639103, 32.661485 ], [ -96.639162, 32.66146 ], [ -96.639209, 32.661448 ], [ -96.639324, 32.661453 ], [ -96.639422, 32.661445 ], [ -96.639456, 32.661428 ], [ -96.639499, 32.661395 ], [ -96.639528, 32.661363 ], [ -96.639558, 32.661256 ], [ -96.639567, 32.66118 ], [ -96.639567, 32.661094 ], [ -96.639584, 32.661019 ], [ -96.639614, 32.660933 ], [ -96.639652, 32.660857 ], [ -96.639707, 32.660774 ], [ -96.639762, 32.66071 ], [ -96.639971, 32.660527 ], [ -96.640035, 32.660477 ], [ -96.640264, 32.660316 ], [ -96.64046, 32.660218 ], [ -96.640656, 32.660136 ], [ -96.640754, 32.660108 ], [ -96.640826, 32.660079 ], [ -96.641035, 32.660018 ], [ -96.64109, 32.660007 ], [ -96.641154, 32.65999 ], [ -96.641218, 32.659965 ], [ -96.64126, 32.659954 ], [ -96.641281, 32.659939 ], [ -96.641298, 32.659914 ], [ -96.641298, 32.659886 ], [ -96.641277, 32.659861 ], [ -96.641252, 32.659846 ], [ -96.641218, 32.659846 ], [ -96.641098, 32.659889 ], [ -96.641043, 32.659897 ], [ -96.640988, 32.659897 ], [ -96.640941, 32.659882 ], [ -96.640886, 32.659854 ], [ -96.640847, 32.659824 ], [ -96.640822, 32.659789 ], [ -96.640805, 32.659743 ], [ -96.640805, 32.659686 ], [ -96.64083, 32.659625 ], [ -96.64086, 32.659572 ], [ -96.640928, 32.659484 ], [ -96.640996, 32.659423 ], [ -96.641072, 32.659361 ], [ -96.64114, 32.659319 ], [ -96.641208, 32.659282 ], [ -96.641332, 32.659233 ], [ -96.641574, 32.659178 ], [ -96.641668, 32.659169 ], [ -96.641749, 32.659169 ], [ -96.641881, 32.659158 ], [ -96.642072, 32.659119 ], [ -96.6422, 32.659071 ], [ -96.642323, 32.659006 ], [ -96.642438, 32.658907 ], [ -96.642481, 32.658849 ], [ -96.642528, 32.658767 ], [ -96.642698, 32.658395 ], [ -96.642745, 32.658283 ], [ -96.642816, 32.65815 ], [ -96.642842, 32.658052 ], [ -96.642948, 32.657849 ], [ -96.642999, 32.65777 ], [ -96.643071, 32.657694 ], [ -96.643195, 32.657587 ], [ -96.64328, 32.657519 ], [ -96.643365, 32.657458 ], [ -96.643442, 32.657419 ], [ -96.643501, 32.657383 ], [ -96.64371, 32.657311 ], [ -96.643854, 32.657283 ], [ -96.644259, 32.657225 ], [ -96.644322, 32.657207 ], [ -96.644382, 32.657182 ], [ -96.644454, 32.657139 ], [ -96.644629, 32.657 ], [ -96.644705, 32.65689 ], [ -96.644773, 32.656735 ], [ -96.64479, 32.656668 ], [ -96.644815, 32.6566 ], [ -96.644879, 32.656496 ], [ -96.644926, 32.656442 ], [ -96.645007, 32.656363 ], [ -96.645105, 32.656259 ], [ -96.645313, 32.656062 ], [ -96.645394, 32.655991 ], [ -96.645492, 32.655894 ], [ -96.645649, 32.655759 ], [ -96.645704, 32.655724 ], [ -96.645781, 32.655702 ], [ -96.645849, 32.655691 ], [ -96.645921, 32.655673 ], [ -96.646032, 32.655677 ], [ -96.646092, 32.655688 ], [ -96.646143, 32.655684 ], [ -96.646198, 32.655688 ], [ -96.646292, 32.65567 ], [ -96.646343, 32.655641 ], [ -96.646449, 32.655559 ], [ -96.646768, 32.655232 ], [ -96.646955, 32.655057 ], [ -96.647168, 32.654917 ], [ -96.647326, 32.654821 ], [ -96.647564, 32.654644 ], [ -96.647641, 32.654567 ], [ -96.647658, 32.654526 ], [ -96.647649, 32.654447 ], [ -96.647606, 32.654292 ], [ -96.647572, 32.654216 ], [ -96.647555, 32.654135 ], [ -96.647546, 32.654049 ], [ -96.647559, 32.65398 ], [ -96.647593, 32.653909 ], [ -96.647649, 32.653848 ], [ -96.647729, 32.653794 ], [ -96.647844, 32.653734 ], [ -96.647951, 32.653669 ], [ -96.648087, 32.653551 ], [ -96.648181, 32.653479 ], [ -96.64827, 32.653437 ], [ -96.648355, 32.653414 ], [ -96.648423, 32.653411 ], [ -96.648504, 32.653394 ], [ -96.648581, 32.653389 ], [ -96.648725, 32.653397 ], [ -96.648798, 32.653397 ], [ -96.648883, 32.653386 ], [ -96.649023, 32.653351 ], [ -96.649091, 32.653324 ], [ -96.649227, 32.65326 ], [ -96.649278, 32.653225 ], [ -96.649444, 32.653082 ], [ -96.649517, 32.653028 ], [ -96.649538, 32.653006 ], [ -96.649559, 32.652967 ], [ -96.649568, 32.652913 ], [ -96.649542, 32.652784 ], [ -96.649521, 32.652731 ], [ -96.649517, 32.652674 ], [ -96.649525, 32.652609 ], [ -96.649542, 32.65253 ], [ -96.649557, 32.652482 ], [ -96.649665, 32.652369 ], [ -96.649774, 32.652282 ], [ -96.649797, 32.652276 ], [ -96.649823, 32.65226 ], [ -96.649861, 32.652229 ], [ -96.64991, 32.652161 ], [ -96.649925, 32.65213 ], [ -96.649956, 32.652095 ], [ -96.650031, 32.652034 ], [ -96.650077, 32.652016 ], [ -96.65013, 32.652012 ], [ -96.650285, 32.652025 ], [ -96.650404, 32.652045 ], [ -96.650608, 32.652102 ], [ -96.650809, 32.652133 ], [ -96.650862, 32.652133 ], [ -96.650918, 32.652124 ], [ -96.651031, 32.652084 ], [ -96.651082, 32.652057 ], [ -96.651166, 32.652006 ], [ -96.651398, 32.651826 ], [ -96.651511, 32.651725 ], [ -96.651643, 32.651581 ], [ -96.651838, 32.651415 ], [ -96.651919, 32.651365 ], [ -96.65208, 32.651252 ], [ -96.652204, 32.651137 ], [ -96.652295, 32.651063 ], [ -96.652429, 32.650927 ], [ -96.652552, 32.650835 ], [ -96.652625, 32.650799 ], [ -96.652867, 32.650613 ], [ -96.652969, 32.650506 ], [ -96.653011, 32.650453 ], [ -96.653057, 32.650402 ], [ -96.653099, 32.65034 ], [ -96.653113, 32.650311 ], [ -96.65312, 32.65027 ], [ -96.65312, 32.650211 ], [ -96.653141, 32.650089 ], [ -96.653145, 32.650008 ], [ -96.653145, 32.649828 ], [ -96.653166, 32.649731 ], [ -96.653233, 32.649619 ], [ -96.653286, 32.64956 ], [ -96.653514, 32.649388 ], [ -96.653879, 32.649181 ], [ -96.653981, 32.649079 ], [ -96.654118, 32.648974 ], [ -96.654276, 32.648867 ], [ -96.654371, 32.648823 ], [ -96.654466, 32.64879 ], [ -96.654512, 32.648758 ], [ -96.654557, 32.648719 ], [ -96.654607, 32.648663 ], [ -96.654832, 32.648474 ] ], [ [ -96.636605, 32.655898 ], [ -96.636658, 32.655839 ], [ -96.63696, 32.655539 ], [ -96.637139, 32.655339 ], [ -96.637321, 32.65519 ], [ -96.637473, 32.655094 ], [ -96.637646, 32.654962 ], [ -96.637874, 32.654776 ], [ -96.638114, 32.654587 ], [ -96.638224, 32.654505 ], [ -96.638327, 32.654418 ], [ -96.638438, 32.654331 ], [ -96.63851, 32.654252 ], [ -96.63859, 32.654157 ], [ -96.638648, 32.654067 ], [ -96.638648, 32.654041 ], [ -96.638634, 32.654014 ], [ -96.638594, 32.653983 ], [ -96.638527, 32.653921 ], [ -96.638429, 32.653845 ], [ -96.638216, 32.653642 ], [ -96.638104, 32.653549 ], [ -96.638042, 32.653512 ], [ -96.637984, 32.653489 ], [ -96.637944, 32.653467 ], [ -96.637881, 32.653462 ], [ -96.637846, 32.653478 ], [ -96.637815, 32.653502 ], [ -96.637632, 32.653662 ], [ -96.637525, 32.653742 ], [ -96.637415, 32.653839 ], [ -96.637272, 32.653944 ], [ -96.637103, 32.654094 ], [ -96.636894, 32.654307 ], [ -96.636805, 32.654412 ], [ -96.636622, 32.654596 ], [ -96.636525, 32.654675 ], [ -96.636356, 32.654792 ], [ -96.636195, 32.654931 ], [ -96.63603, 32.655059 ], [ -96.635941, 32.655136 ], [ -96.635876, 32.655193 ], [ -96.635737, 32.655302 ], [ -96.635572, 32.655415 ], [ -96.63531, 32.65567 ], [ -96.634687, 32.656217 ], [ -96.634482, 32.656386 ], [ -96.634305, 32.656521 ], [ -96.634136, 32.656656 ], [ -96.634042, 32.656754 ], [ -96.633976, 32.656814 ], [ -96.63394, 32.656859 ], [ -96.633922, 32.656906 ], [ -96.63394, 32.656955 ], [ -96.633976, 32.656989 ], [ -96.634029, 32.65706 ], [ -96.634242, 32.657279 ], [ -96.634366, 32.657358 ], [ -96.634403, 32.657368 ], [ -96.634448, 32.657368 ], [ -96.63451, 32.657359 ], [ -96.634532, 32.657375 ], [ -96.634595, 32.657438 ], [ -96.634644, 32.65746 ], [ -96.634684, 32.657465 ], [ -96.634715, 32.657458 ], [ -96.634822, 32.657356 ], [ -96.634902, 32.657293 ], [ -96.635005, 32.657176 ], [ -96.635137, 32.657064 ], [ -96.6352, 32.657019 ], [ -96.635333, 32.656899 ], [ -96.635427, 32.65682 ], [ -96.635516, 32.656756 ], [ -96.635583, 32.656715 ], [ -96.635618, 32.656658 ], [ -96.635627, 32.656605 ], [ -96.635645, 32.656546 ], [ -96.635667, 32.65652 ], [ -96.635698, 32.656505 ], [ -96.635734, 32.656505 ], [ -96.635765, 32.656512 ], [ -96.635822, 32.656494 ], [ -96.63588, 32.656438 ], [ -96.635938, 32.656396 ], [ -96.635986, 32.656343 ], [ -96.636008, 32.656303 ], [ -96.636013, 32.656208 ], [ -96.63603, 32.656145 ], [ -96.636057, 32.656126 ], [ -96.636088, 32.656118 ], [ -96.636124, 32.656118 ], [ -96.636191, 32.656129 ], [ -96.636249, 32.656126 ], [ -96.636293, 32.6561 ], [ -96.636351, 32.65605 ], [ -96.636427, 32.655999 ], [ -96.636605, 32.655898 ] ], [ [ -96.646559, 32.658422 ], [ -96.646698, 32.65844 ], [ -96.646779, 32.658462 ], [ -96.646854, 32.658476 ], [ -96.646972, 32.658448 ], [ -96.64702, 32.658431 ], [ -96.647154, 32.658413 ], [ -96.647197, 32.658399 ], [ -96.647235, 32.658372 ], [ -96.647267, 32.658322 ], [ -96.647364, 32.658259 ], [ -96.647498, 32.658205 ], [ -96.647584, 32.658205 ], [ -96.647632, 32.658169 ], [ -96.647643, 32.658119 ], [ -96.647643, 32.658056 ], [ -96.647637, 32.658002 ], [ -96.64761, 32.657975 ], [ -96.647584, 32.657961 ], [ -96.647573, 32.657933 ], [ -96.647578, 32.657907 ], [ -96.647605, 32.65788 ], [ -96.647621, 32.657843 ], [ -96.64761, 32.657812 ], [ -96.647584, 32.657776 ], [ -96.647551, 32.657713 ], [ -96.647525, 32.657686 ], [ -96.647503, 32.657677 ], [ -96.647471, 32.657671 ], [ -96.647412, 32.657637 ], [ -96.647283, 32.657528 ], [ -96.647111, 32.657375 ], [ -96.646881, 32.657181 ], [ -96.646591, 32.656964 ], [ -96.646532, 32.656914 ], [ -96.646521, 32.656886 ], [ -96.646537, 32.656874 ], [ -96.646618, 32.6569 ], [ -96.646671, 32.656941 ], [ -96.64679, 32.657013 ], [ -96.646838, 32.657018 ], [ -96.646897, 32.656996 ], [ -96.646945, 32.656955 ], [ -96.646961, 32.656919 ], [ -96.646967, 32.65686 ], [ -96.646956, 32.656743 ], [ -96.646934, 32.656697 ], [ -96.646913, 32.656678 ], [ -96.646854, 32.65667 ], [ -96.6468, 32.656639 ], [ -96.646757, 32.656602 ], [ -96.646709, 32.65658 ], [ -96.646655, 32.656529 ], [ -96.64664, 32.656485 ], [ -96.646591, 32.656463 ], [ -96.646541, 32.656428 ], [ -96.646486, 32.656419 ], [ -96.646422, 32.656435 ], [ -96.646354, 32.656477 ], [ -96.646295, 32.656563 ], [ -96.64624, 32.656613 ], [ -96.646164, 32.656652 ], [ -96.646113, 32.656666 ], [ -96.64609, 32.656675 ], [ -96.64602, 32.656706 ], [ -96.645889, 32.65683 ], [ -96.645846, 32.656902 ], [ -96.645808, 32.656951 ], [ -96.645783, 32.657016 ], [ -96.64577, 32.6571 ], [ -96.645745, 32.657187 ], [ -96.645728, 32.65723 ], [ -96.645681, 32.657308 ], [ -96.645668, 32.657344 ], [ -96.645664, 32.657376 ], [ -96.645673, 32.657476 ], [ -96.645664, 32.657508 ], [ -96.645622, 32.657597 ], [ -96.645571, 32.657668 ], [ -96.645541, 32.657722 ], [ -96.645508, 32.657764 ], [ -96.64547, 32.657797 ], [ -96.645444, 32.657846 ], [ -96.645444, 32.657896 ], [ -96.645465, 32.658003 ], [ -96.645491, 32.65806 ], [ -96.645538, 32.658116 ], [ -96.645561, 32.658169 ], [ -96.645604, 32.658214 ], [ -96.645663, 32.658226 ], [ -96.645706, 32.658264 ], [ -96.645759, 32.658295 ], [ -96.645813, 32.658309 ], [ -96.645936, 32.658395 ], [ -96.646044, 32.658431 ], [ -96.646087, 32.658453 ], [ -96.646146, 32.658453 ], [ -96.646285, 32.658422 ], [ -96.646333, 32.658417 ], [ -96.646355, 32.658431 ], [ -96.646344, 32.658471 ], [ -96.646312, 32.658521 ], [ -96.64628, 32.658648 ], [ -96.64628, 32.658679 ], [ -96.646291, 32.65871 ], [ -96.646323, 32.658732 ], [ -96.646355, 32.658738 ], [ -96.646387, 32.658729 ], [ -96.646409, 32.658706 ], [ -96.646425, 32.658665 ], [ -96.646425, 32.658616 ], [ -96.646441, 32.658548 ], [ -96.646473, 32.658489 ], [ -96.646532, 32.658434 ], [ -96.646559, 32.658422 ] ], [ [ -96.648648, 32.658155 ], [ -96.64863, 32.658181 ], [ -96.648626, 32.658209 ], [ -96.648664, 32.658226 ], [ -96.648701, 32.658217 ], [ -96.648796, 32.658214 ], [ -96.648818, 32.658205 ], [ -96.648855, 32.658172 ], [ -96.648882, 32.658137 ], [ -96.648914, 32.658116 ], [ -96.648956, 32.65808 ], [ -96.648978, 32.658039 ], [ -96.648978, 32.657994 ], [ -96.648999, 32.657963 ], [ -96.64901, 32.657931 ], [ -96.649015, 32.657896 ], [ -96.649004, 32.657869 ], [ -96.648951, 32.65786 ], [ -96.648928, 32.65786 ], [ -96.64891, 32.657851 ], [ -96.648899, 32.65782 ], [ -96.648883, 32.657797 ], [ -96.648856, 32.657792 ], [ -96.648819, 32.657792 ], [ -96.648776, 32.657797 ], [ -96.648745, 32.657809 ], [ -96.648733, 32.657824 ], [ -96.648722, 32.657851 ], [ -96.648722, 32.657874 ], [ -96.648719, 32.657889 ], [ -96.648707, 32.657953 ], [ -96.648675, 32.658052 ], [ -96.648659, 32.658075 ], [ -96.648648, 32.658119 ], [ -96.648648, 32.658155 ] ], [ [ -96.633735, 32.658466 ], [ -96.633787, 32.658488 ], [ -96.633921, 32.658587 ], [ -96.633983, 32.658609 ], [ -96.634027, 32.658632 ], [ -96.634063, 32.658657 ], [ -96.634089, 32.658695 ], [ -96.634116, 32.658777 ], [ -96.634143, 32.65883 ], [ -96.634188, 32.658881 ], [ -96.634271, 32.658934 ], [ -96.634338, 32.658945 ], [ -96.634378, 32.658934 ], [ -96.634414, 32.658907 ], [ -96.634489, 32.658836 ], [ -96.634507, 32.658788 ], [ -96.63448, 32.658743 ], [ -96.634392, 32.658639 ], [ -96.634325, 32.658572 ], [ -96.634249, 32.658508 ], [ -96.63417, 32.658448 ], [ -96.633983, 32.658349 ], [ -96.633903, 32.658315 ], [ -96.633836, 32.658274 ], [ -96.633758, 32.658212 ], [ -96.633718, 32.658181 ], [ -96.633607, 32.658075 ], [ -96.63354, 32.658023 ], [ -96.633505, 32.657983 ], [ -96.63346, 32.657945 ], [ -96.633336, 32.657912 ], [ -96.633207, 32.6579 ], [ -96.633109, 32.657897 ], [ -96.632835, 32.657912 ], [ -96.632777, 32.657907 ], [ -96.632723, 32.657912 ], [ -96.632697, 32.65793 ], [ -96.632679, 32.657952 ], [ -96.632683, 32.657986 ], [ -96.63271, 32.658016 ], [ -96.632768, 32.658046 ], [ -96.632821, 32.658079 ], [ -96.632919, 32.65812 ], [ -96.632959, 32.658151 ], [ -96.632994, 32.658192 ], [ -96.633052, 32.658231 ], [ -96.633123, 32.658258 ], [ -96.633189, 32.658291 ], [ -96.633261, 32.658321 ], [ -96.633345, 32.658343 ], [ -96.633402, 32.658366 ], [ -96.633531, 32.658444 ], [ -96.63361, 32.658459 ], [ -96.633735, 32.658466 ] ], [ [ -96.647712, 32.659338 ], [ -96.647804, 32.659266 ], [ -96.64797, 32.659166 ], [ -96.648002, 32.659122 ], [ -96.648083, 32.659058 ], [ -96.648222, 32.658932 ], [ -96.648249, 32.6589 ], [ -96.648265, 32.658864 ], [ -96.648286, 32.658788 ], [ -96.64827, 32.658747 ], [ -96.648265, 32.65872 ], [ -96.64827, 32.658693 ], [ -96.648286, 32.658651 ], [ -96.64834, 32.658597 ], [ -96.648356, 32.658552 ], [ -96.648367, 32.658476 ], [ -96.648351, 32.658448 ], [ -96.64827, 32.658399 ], [ -96.648238, 32.658389 ], [ -96.648211, 32.658372 ], [ -96.648185, 32.658327 ], [ -96.648185, 32.658285 ], [ -96.648136, 32.658285 ], [ -96.648104, 32.658273 ], [ -96.648077, 32.65825 ], [ -96.648024, 32.658217 ], [ -96.647981, 32.658217 ], [ -96.647938, 32.658226 ], [ -96.647895, 32.658259 ], [ -96.647868, 32.658285 ], [ -96.647841, 32.658327 ], [ -96.647836, 32.658367 ], [ -96.64782, 32.658408 ], [ -96.64782, 32.65844 ], [ -96.647793, 32.658462 ], [ -96.64768, 32.658458 ], [ -96.64761, 32.658431 ], [ -96.647578, 32.658431 ], [ -96.647482, 32.658479 ], [ -96.647439, 32.658517 ], [ -96.647299, 32.65858 ], [ -96.647229, 32.658625 ], [ -96.647176, 32.658648 ], [ -96.647111, 32.658656 ], [ -96.64701, 32.658696 ], [ -96.646977, 32.658715 ], [ -96.646945, 32.658715 ], [ -96.646918, 32.658701 ], [ -96.646891, 32.65867 ], [ -96.646849, 32.658656 ], [ -96.646709, 32.658724 ], [ -96.646677, 32.658751 ], [ -96.64665, 32.658792 ], [ -96.646623, 32.658814 ], [ -96.64658, 32.658833 ], [ -96.6465, 32.658878 ], [ -96.646484, 32.658896 ], [ -96.646489, 32.658928 ], [ -96.646505, 32.658959 ], [ -96.646537, 32.658986 ], [ -96.646564, 32.659018 ], [ -96.646623, 32.659039 ], [ -96.646682, 32.659081 ], [ -96.64679, 32.659198 ], [ -96.646886, 32.659289 ], [ -96.647079, 32.659424 ], [ -96.647133, 32.659469 ], [ -96.647256, 32.659551 ], [ -96.647294, 32.659587 ], [ -96.647348, 32.659605 ], [ -96.647412, 32.659605 ], [ -96.647487, 32.659582 ], [ -96.647573, 32.659546 ], [ -96.647632, 32.659497 ], [ -96.64768, 32.659393 ], [ -96.647712, 32.659338 ] ], [ [ -96.646189, 32.659515 ], [ -96.64608, 32.659537 ], [ -96.646066, 32.659562 ], [ -96.64607, 32.659585 ], [ -96.646173, 32.659664 ], [ -96.646226, 32.659717 ], [ -96.646462, 32.659894 ], [ -96.646527, 32.659908 ], [ -96.646682, 32.659912 ], [ -96.646725, 32.659889 ], [ -96.646763, 32.659858 ], [ -96.646913, 32.659777 ], [ -96.647042, 32.659722 ], [ -96.64709, 32.659686 ], [ -96.647122, 32.659641 ], [ -96.647128, 32.659605 ], [ -96.647106, 32.659573 ], [ -96.647036, 32.659546 ], [ -96.647005, 32.659537 ], [ -96.646972, 32.659528 ], [ -96.646929, 32.659492 ], [ -96.646773, 32.659379 ], [ -96.646645, 32.659244 ], [ -96.646543, 32.659122 ], [ -96.646489, 32.659122 ], [ -96.646452, 32.65914 ], [ -96.646414, 32.659153 ], [ -96.646392, 32.65918 ], [ -96.64636, 32.659239 ], [ -96.646285, 32.659262 ], [ -96.646253, 32.65928 ], [ -96.646237, 32.65932 ], [ -96.646237, 32.65936 ], [ -96.646258, 32.659397 ], [ -96.646274, 32.659438 ], [ -96.646189, 32.659515 ] ], [ [ -96.650286, 32.660234 ], [ -96.650307, 32.660189 ], [ -96.650307, 32.660122 ], [ -96.65032, 32.660061 ], [ -96.650349, 32.659987 ], [ -96.650459, 32.659816 ], [ -96.650548, 32.659702 ], [ -96.650599, 32.659616 ], [ -96.650624, 32.659592 ], [ -96.650646, 32.659585 ], [ -96.650713, 32.659587 ], [ -96.650747, 32.65958 ], [ -96.650777, 32.659555 ], [ -96.650806, 32.659516 ], [ -96.650828, 32.659435 ], [ -96.650765, 32.659393 ], [ -96.650655, 32.659307 ], [ -96.650138, 32.658794 ], [ -96.649994, 32.65867 ], [ -96.649926, 32.658595 ], [ -96.649846, 32.658541 ], [ -96.649723, 32.658448 ], [ -96.649575, 32.658313 ], [ -96.649525, 32.658282 ], [ -96.649474, 32.658264 ], [ -96.649387, 32.658253 ], [ -96.649269, 32.658267 ], [ -96.649206, 32.658264 ], [ -96.649155, 32.658278 ], [ -96.649032, 32.658349 ], [ -96.648994, 32.658363 ], [ -96.648859, 32.658437 ], [ -96.648807, 32.658478 ], [ -96.648778, 32.658524 ], [ -96.648705, 32.658592 ], [ -96.648584, 32.658687 ], [ -96.648537, 32.65873 ], [ -96.648499, 32.658776 ], [ -96.648482, 32.658819 ], [ -96.648491, 32.658855 ], [ -96.648491, 32.65889 ], [ -96.64844, 32.658954 ], [ -96.648332, 32.659061 ], [ -96.64829, 32.659118 ], [ -96.648247, 32.659168 ], [ -96.648184, 32.659217 ], [ -96.64813, 32.659244 ], [ -96.648087, 32.659275 ], [ -96.648017, 32.659338 ], [ -96.647958, 32.659402 ], [ -96.647862, 32.659491 ], [ -96.647813, 32.659527 ], [ -96.647795, 32.659594 ], [ -96.647831, 32.659702 ], [ -96.647894, 32.659712 ], [ -96.647967, 32.65968 ], [ -96.648029, 32.65969 ], [ -96.648076, 32.65976 ], [ -96.648149, 32.659888 ], [ -96.648237, 32.660006 ], [ -96.648326, 32.660141 ], [ -96.648373, 32.660243 ], [ -96.648404, 32.660344 ], [ -96.648472, 32.660453 ], [ -96.64854, 32.660585 ], [ -96.648519, 32.660603 ], [ -96.648482, 32.660563 ], [ -96.648383, 32.660436 ], [ -96.648316, 32.66033 ], [ -96.648258, 32.660296 ], [ -96.647883, 32.660019 ], [ -96.647743, 32.659896 ], [ -96.64768, 32.659809 ], [ -96.647618, 32.659733 ], [ -96.647571, 32.659721 ], [ -96.647518, 32.659721 ], [ -96.647459, 32.659744 ], [ -96.647398, 32.659828 ], [ -96.647366, 32.65985 ], [ -96.647296, 32.65986 ], [ -96.647221, 32.659855 ], [ -96.647098, 32.659886 ], [ -96.646974, 32.659954 ], [ -96.646872, 32.660023 ], [ -96.646835, 32.660086 ], [ -96.646808, 32.660162 ], [ -96.646813, 32.660221 ], [ -96.646894, 32.66028 ], [ -96.647151, 32.660504 ], [ -96.647178, 32.660549 ], [ -96.647157, 32.660591 ], [ -96.647098, 32.660645 ], [ -96.646245, 32.661354 ], [ -96.64617, 32.661422 ], [ -96.646084, 32.661481 ], [ -96.645993, 32.661526 ], [ -96.645891, 32.661626 ], [ -96.645817, 32.66172 ], [ -96.645801, 32.661761 ], [ -96.645737, 32.661827 ], [ -96.645694, 32.661883 ], [ -96.645694, 32.661914 ], [ -96.645737, 32.661987 ], [ -96.645795, 32.662044 ], [ -96.645939, 32.662172 ], [ -96.646073, 32.662276 ], [ -96.646132, 32.662303 ], [ -96.64617, 32.662307 ], [ -96.646224, 32.662297 ], [ -96.646309, 32.662221 ], [ -96.646368, 32.662185 ], [ -96.646422, 32.662162 ], [ -96.646465, 32.662154 ], [ -96.646524, 32.662185 ], [ -96.646572, 32.662203 ], [ -96.646583, 32.662238 ], [ -96.646588, 32.662289 ], [ -96.64661, 32.662334 ], [ -96.646653, 32.66237 ], [ -96.64669, 32.662415 ], [ -96.646765, 32.662469 ], [ -96.646851, 32.662514 ], [ -96.646926, 32.662533 ], [ -96.647001, 32.662542 ], [ -96.64707, 32.662538 ], [ -96.647225, 32.662547 ], [ -96.647354, 32.662533 ], [ -96.647402, 32.662524 ], [ -96.647456, 32.662505 ], [ -96.647547, 32.662438 ], [ -96.647617, 32.66237 ], [ -96.647654, 32.662348 ], [ -96.647703, 32.662342 ], [ -96.647746, 32.662348 ], [ -96.64781, 32.662334 ], [ -96.64789, 32.662266 ], [ -96.647971, 32.662212 ], [ -96.64817, 32.662065 ], [ -96.648279, 32.661968 ], [ -96.648464, 32.661782 ], [ -96.648577, 32.661702 ], [ -96.648664, 32.661652 ], [ -96.648689, 32.661622 ], [ -96.648743, 32.66154 ], [ -96.648742, 32.66151 ], [ -96.648759, 32.661454 ], [ -96.648786, 32.661437 ], [ -96.648845, 32.661441 ], [ -96.648881, 32.66145 ], [ -96.648928, 32.661422 ], [ -96.649051, 32.66131 ], [ -96.649106, 32.661268 ], [ -96.649152, 32.661219 ], [ -96.649206, 32.661105 ], [ -96.649316, 32.661015 ], [ -96.649583, 32.66082 ], [ -96.649701, 32.660699 ], [ -96.649781, 32.660646 ], [ -96.649866, 32.660598 ], [ -96.649967, 32.660534 ], [ -96.650056, 32.660467 ], [ -96.650132, 32.660395 ], [ -96.650183, 32.660338 ], [ -96.650213, 32.660313 ], [ -96.650286, 32.660234 ] ], [ [ -96.644331, 32.661454 ], [ -96.644416, 32.661391 ], [ -96.64462, 32.661223 ], [ -96.645194, 32.660818 ], [ -96.645575, 32.660502 ], [ -96.645597, 32.660443 ], [ -96.645591, 32.660348 ], [ -96.645768, 32.660213 ], [ -96.645886, 32.660154 ], [ -96.646037, 32.660103 ], [ -96.646106, 32.660077 ], [ -96.646208, 32.660023 ], [ -96.646262, 32.659968 ], [ -96.646278, 32.659905 ], [ -96.646267, 32.659869 ], [ -96.64623, 32.659829 ], [ -96.646133, 32.659774 ], [ -96.646015, 32.659725 ], [ -96.64594, 32.659729 ], [ -96.645849, 32.659756 ], [ -96.645752, 32.659743 ], [ -96.645634, 32.659692 ], [ -96.645527, 32.659653 ], [ -96.645447, 32.659644 ], [ -96.645377, 32.659657 ], [ -96.645291, 32.659655 ], [ -96.645177, 32.659737 ], [ -96.645084, 32.659793 ], [ -96.644965, 32.659903 ], [ -96.644898, 32.659993 ], [ -96.644864, 32.660078 ], [ -96.644828, 32.660124 ], [ -96.64446, 32.660419 ], [ -96.644359, 32.6605 ], [ -96.643763, 32.660992 ], [ -96.643632, 32.661088 ], [ -96.643556, 32.661156 ], [ -96.643493, 32.661223 ], [ -96.643375, 32.661298 ], [ -96.643332, 32.66133 ], [ -96.643324, 32.661352 ], [ -96.643324, 32.66138 ], [ -96.643396, 32.661465 ], [ -96.643447, 32.661505 ], [ -96.643576, 32.661589 ], [ -96.643681, 32.661617 ], [ -96.643746, 32.661622 ], [ -96.643799, 32.661599 ], [ -96.643987, 32.661504 ], [ -96.644062, 32.661473 ], [ -96.644143, 32.66149 ], [ -96.644186, 32.661513 ], [ -96.644255, 32.661499 ], [ -96.644331, 32.661454 ] ], [ [ -96.645596, 32.66093 ], [ -96.645537, 32.661012 ], [ -96.645537, 32.661074 ], [ -96.645548, 32.661138 ], [ -96.645526, 32.661265 ], [ -96.645564, 32.661327 ], [ -96.645623, 32.661386 ], [ -96.645703, 32.661445 ], [ -96.645757, 32.66149 ], [ -96.645811, 32.661495 ], [ -96.645891, 32.661464 ], [ -96.646019, 32.661357 ], [ -96.646336, 32.661125 ], [ -96.646851, 32.66066 ], [ -96.646953, 32.660573 ], [ -96.64699, 32.660511 ], [ -96.646953, 32.660438 ], [ -96.646803, 32.660317 ], [ -96.646561, 32.660103 ], [ -96.646502, 32.660058 ], [ -96.646449, 32.660037 ], [ -96.64639, 32.660041 ], [ -96.646068, 32.660285 ], [ -96.646036, 32.660325 ], [ -96.646014, 32.660469 ], [ -96.645891, 32.660615 ], [ -96.645848, 32.6607 ], [ -96.6458, 32.66075 ], [ -96.645687, 32.660854 ], [ -96.645596, 32.66093 ] ], [ [ -96.620723, 32.660286 ], [ -96.620689, 32.660317 ], [ -96.620677, 32.660337 ], [ -96.620639, 32.6604 ], [ -96.620626, 32.660442 ], [ -96.620609, 32.660474 ], [ -96.620626, 32.660508 ], [ -96.620647, 32.660536 ], [ -96.62071, 32.660583 ], [ -96.620735, 32.660608 ], [ -96.620765, 32.660618 ], [ -96.620798, 32.660615 ], [ -96.620895, 32.660559 ], [ -96.620932, 32.660516 ], [ -96.620953, 32.66048 ], [ -96.620958, 32.660445 ], [ -96.620941, 32.660403 ], [ -96.620911, 32.660361 ], [ -96.620869, 32.660322 ], [ -96.620828, 32.660294 ], [ -96.620781, 32.660276 ], [ -96.620748, 32.660276 ], [ -96.620723, 32.660286 ] ], [ [ -96.628651, 32.660989 ], [ -96.628622, 32.660956 ], [ -96.628617, 32.660932 ], [ -96.628669, 32.660884 ], [ -96.628715, 32.66083 ], [ -96.628742, 32.660784 ], [ -96.628826, 32.660661 ], [ -96.628881, 32.660582 ], [ -96.628936, 32.660464 ], [ -96.629004, 32.660349 ], [ -96.629094, 32.660214 ], [ -96.629141, 32.660163 ], [ -96.629256, 32.660064 ], [ -96.629282, 32.660021 ], [ -96.629337, 32.659952 ], [ -96.62935, 32.659909 ], [ -96.629328, 32.659796 ], [ -96.629277, 32.659768 ], [ -96.629248, 32.659757 ], [ -96.629205, 32.659754 ], [ -96.62912, 32.659771 ], [ -96.629081, 32.65979 ], [ -96.629039, 32.659815 ], [ -96.628983, 32.659833 ], [ -96.628903, 32.659872 ], [ -96.628877, 32.659912 ], [ -96.62886, 32.659959 ], [ -96.628813, 32.660027 ], [ -96.628753, 32.660083 ], [ -96.628634, 32.660245 ], [ -96.628604, 32.660303 ], [ -96.628575, 32.660342 ], [ -96.628528, 32.660382 ], [ -96.628417, 32.660438 ], [ -96.628357, 32.660475 ], [ -96.628281, 32.660503 ], [ -96.628161, 32.660521 ], [ -96.62811, 32.660521 ], [ -96.628051, 32.660528 ], [ -96.628004, 32.660556 ], [ -96.627978, 32.660586 ], [ -96.627966, 32.660618 ], [ -96.627961, 32.660646 ], [ -96.627966, 32.660676 ], [ -96.627978, 32.660708 ], [ -96.628004, 32.660747 ], [ -96.628038, 32.660822 ], [ -96.628081, 32.660901 ], [ -96.628144, 32.661066 ], [ -96.628161, 32.661149 ], [ -96.628213, 32.661217 ], [ -96.628272, 32.66126 ], [ -96.628396, 32.66133 ], [ -96.628455, 32.66136 ], [ -96.628643, 32.661499 ], [ -96.628741, 32.661611 ], [ -96.628792, 32.661642 ], [ -96.628856, 32.66171 ], [ -96.628894, 32.661729 ], [ -96.628951, 32.661766 ], [ -96.628971, 32.661776 ], [ -96.628996, 32.661772 ], [ -96.629021, 32.661752 ], [ -96.629043, 32.661708 ], [ -96.629073, 32.661698 ], [ -96.62909, 32.66168 ], [ -96.62909, 32.661644 ], [ -96.629069, 32.661615 ], [ -96.629022, 32.661583 ], [ -96.628959, 32.661519 ], [ -96.628881, 32.661454 ], [ -96.628834, 32.661429 ], [ -96.628766, 32.661375 ], [ -96.628733, 32.661339 ], [ -96.628724, 32.661304 ], [ -96.628736, 32.66128 ], [ -96.628775, 32.661246 ], [ -96.6288, 32.66121 ], [ -96.628801, 32.661178 ], [ -96.628776, 32.66115 ], [ -96.628708, 32.661089 ], [ -96.628707, 32.661056 ], [ -96.628681, 32.661006 ], [ -96.628651, 32.660989 ] ], [ [ -96.649996, 32.661797 ], [ -96.650011, 32.661723 ], [ -96.649996, 32.661679 ], [ -96.649945, 32.661642 ], [ -96.649871, 32.66163 ], [ -96.64979, 32.661685 ], [ -96.649732, 32.661754 ], [ -96.649723, 32.661779 ], [ -96.649709, 32.661822 ], [ -96.649732, 32.661896 ], [ -96.649776, 32.661945 ], [ -96.649879, 32.661921 ], [ -96.649945, 32.66189 ], [ -96.649974, 32.661853 ], [ -96.649996, 32.661797 ] ], [ [ -96.629918, 32.662443 ], [ -96.629922, 32.662461 ], [ -96.629914, 32.662485 ], [ -96.629901, 32.662504 ], [ -96.629905, 32.662529 ], [ -96.629918, 32.662554 ], [ -96.629944, 32.662575 ], [ -96.630012, 32.662608 ], [ -96.630063, 32.66264 ], [ -96.63011, 32.662662 ], [ -96.630157, 32.662676 ], [ -96.630204, 32.662676 ], [ -96.63028, 32.662658 ], [ -96.630408, 32.662612 ], [ -96.63051, 32.662589 ], [ -96.630521, 32.662567 ], [ -96.630497, 32.662544 ], [ -96.630451, 32.662533 ], [ -96.630412, 32.662507 ], [ -96.629969, 32.662285 ], [ -96.629939, 32.662278 ], [ -96.629905, 32.662288 ], [ -96.629884, 32.662316 ], [ -96.629837, 32.662349 ], [ -96.629837, 32.662385 ], [ -96.629863, 32.662414 ], [ -96.629892, 32.662425 ], [ -96.629918, 32.662443 ] ], [ [ -96.636824, 32.663204 ], [ -96.636862, 32.663221 ], [ -96.636896, 32.663247 ], [ -96.63693, 32.663258 ], [ -96.636964, 32.663258 ], [ -96.636986, 32.663237 ], [ -96.636998, 32.663215 ], [ -96.637024, 32.66319 ], [ -96.637058, 32.663172 ], [ -96.637096, 32.663172 ], [ -96.637198, 32.663126 ], [ -96.637261, 32.663083 ], [ -96.637317, 32.663019 ], [ -96.637329, 32.662982 ], [ -96.637317, 32.662962 ], [ -96.637245, 32.662912 ], [ -96.637206, 32.6629 ], [ -96.637151, 32.662897 ], [ -96.637003, 32.662922 ], [ -96.636969, 32.662937 ], [ -96.636947, 32.662954 ], [ -96.636935, 32.662976 ], [ -96.636913, 32.662996 ], [ -96.636888, 32.663007 ], [ -96.63685, 32.663012 ], [ -96.636816, 32.663007 ], [ -96.636761, 32.663021 ], [ -96.636688, 32.663083 ], [ -96.636633, 32.663114 ], [ -96.636553, 32.663147 ], [ -96.636523, 32.663172 ], [ -96.63651, 32.663193 ], [ -96.636536, 32.663251 ], [ -96.636557, 32.663272 ], [ -96.636565, 32.66328 ], [ -96.636586, 32.66329 ], [ -96.636612, 32.66329 ], [ -96.636646, 32.663276 ], [ -96.636688, 32.663244 ], [ -96.636735, 32.663221 ], [ -96.63679, 32.663207 ], [ -96.636824, 32.663204 ] ], [ [ -96.622533, 32.663255 ], [ -96.622466, 32.663198 ], [ -96.622437, 32.663179 ], [ -96.622399, 32.663176 ], [ -96.622353, 32.663198 ], [ -96.622331, 32.663219 ], [ -96.622324, 32.663226 ], [ -96.622315, 32.663269 ], [ -96.622332, 32.663311 ], [ -96.622391, 32.663356 ], [ -96.622458, 32.66342 ], [ -96.622487, 32.663438 ], [ -96.622529, 32.663438 ], [ -96.622567, 32.663427 ], [ -96.622596, 32.663406 ], [ -96.622605, 32.663367 ], [ -96.622596, 32.663328 ], [ -96.622567, 32.66329 ], [ -96.622533, 32.663255 ] ], [ [ -96.634696, 32.665685 ], [ -96.634726, 32.665685 ], [ -96.634768, 32.665664 ], [ -96.634845, 32.665585 ], [ -96.635002, 32.665481 ], [ -96.635091, 32.665405 ], [ -96.635172, 32.665306 ], [ -96.635227, 32.665267 ], [ -96.63527, 32.665245 ], [ -96.635321, 32.665228 ], [ -96.63538, 32.66518 ], [ -96.635444, 32.665101 ], [ -96.635558, 32.664983 ], [ -96.635635, 32.664917 ], [ -96.635665, 32.664876 ], [ -96.635665, 32.664852 ], [ -96.635635, 32.664788 ], [ -96.635605, 32.664752 ], [ -96.635567, 32.664734 ], [ -96.63552, 32.664698 ], [ -96.635516, 32.664662 ], [ -96.635529, 32.664569 ], [ -96.63552, 32.664544 ], [ -96.635499, 32.66453 ], [ -96.635431, 32.664541 ], [ -96.635363, 32.664588 ], [ -96.635321, 32.664637 ], [ -96.635295, 32.664681 ], [ -96.635265, 32.664709 ], [ -96.635197, 32.664716 ], [ -96.635163, 32.664727 ], [ -96.635117, 32.664758 ], [ -96.635061, 32.664838 ], [ -96.635053, 32.664862 ], [ -96.635053, 32.664931 ], [ -96.635066, 32.664963 ], [ -96.635108, 32.665017 ], [ -96.635112, 32.665052 ], [ -96.635061, 32.665145 ], [ -96.635036, 32.665166 ], [ -96.634959, 32.665213 ], [ -96.634934, 32.665245 ], [ -96.634883, 32.665292 ], [ -96.634845, 32.665335 ], [ -96.634819, 32.665356 ], [ -96.63479, 32.665367 ], [ -96.634722, 32.665363 ], [ -96.634641, 32.665367 ], [ -96.634543, 32.665388 ], [ -96.63443, 32.665423 ], [ -96.634407, 32.66543 ], [ -96.634377, 32.665446 ], [ -96.634365, 32.665467 ], [ -96.634369, 32.665484 ], [ -96.634454, 32.665549 ], [ -96.634598, 32.665639 ], [ -96.634696, 32.665685 ] ], [ [ -96.638283, 32.666081 ], [ -96.638321, 32.666106 ], [ -96.638414, 32.666156 ], [ -96.638478, 32.666202 ], [ -96.638524, 32.666223 ], [ -96.638558, 32.666234 ], [ -96.638605, 32.666234 ], [ -96.638664, 32.666216 ], [ -96.638808, 32.66612 ], [ -96.638913, 32.666041 ], [ -96.638956, 32.665985 ], [ -96.638985, 32.665938 ], [ -96.639002, 32.665893 ], [ -96.639007, 32.665856 ], [ -96.639062, 32.665768 ], [ -96.639066, 32.665732 ], [ -96.639036, 32.665557 ], [ -96.639011, 32.665499 ], [ -96.638951, 32.665422 ], [ -96.638906, 32.665375 ], [ -96.638855, 32.66534 ], [ -96.638724, 32.665208 ], [ -96.638656, 32.665183 ], [ -96.638584, 32.665178 ], [ -96.638524, 32.665197 ], [ -96.638482, 32.665222 ], [ -96.638444, 32.665254 ], [ -96.638402, 32.665307 ], [ -96.63838, 32.665381 ], [ -96.638376, 32.665447 ], [ -96.638364, 32.665529 ], [ -96.638352, 32.665554 ], [ -96.638336, 32.665574 ], [ -96.638314, 32.665575 ], [ -96.638297, 32.665561 ], [ -96.638271, 32.665513 ], [ -96.638237, 32.665471 ], [ -96.638187, 32.665375 ], [ -96.638178, 32.665325 ], [ -96.638153, 32.665285 ], [ -96.638102, 32.665243 ], [ -96.638051, 32.665218 ], [ -96.638017, 32.665189 ], [ -96.637996, 32.665153 ], [ -96.637957, 32.665054 ], [ -96.637915, 32.665012 ], [ -96.637889, 32.664979 ], [ -96.63786, 32.664962 ], [ -96.637822, 32.66497 ], [ -96.637789, 32.664989 ], [ -96.637759, 32.665037 ], [ -96.637737, 32.665083 ], [ -96.637729, 32.66515 ], [ -96.637733, 32.665183 ], [ -96.637763, 32.665211 ], [ -96.637797, 32.665232 ], [ -96.637831, 32.665235 ], [ -96.637856, 32.665256 ], [ -96.63786, 32.665295 ], [ -96.637848, 32.665356 ], [ -96.637831, 32.665405 ], [ -96.637826, 32.665463 ], [ -96.637826, 32.665535 ], [ -96.637839, 32.665599 ], [ -96.637856, 32.665635 ], [ -96.637881, 32.66566 ], [ -96.637924, 32.665681 ], [ -96.637974, 32.665698 ], [ -96.63802, 32.66572 ], [ -96.638067, 32.665777 ], [ -96.638147, 32.665892 ], [ -96.638164, 32.665945 ], [ -96.638283, 32.666081 ] ], [ [ -96.639157, 32.667111 ], [ -96.639187, 32.667096 ], [ -96.639339, 32.666975 ], [ -96.639403, 32.666936 ], [ -96.639459, 32.666882 ], [ -96.639497, 32.666857 ], [ -96.639548, 32.666846 ], [ -96.639594, 32.666846 ], [ -96.639632, 32.666832 ], [ -96.63978, 32.666725 ], [ -96.639831, 32.666683 ], [ -96.63989, 32.666651 ], [ -96.64006, 32.666525 ], [ -96.640186, 32.666423 ], [ -96.640199, 32.666401 ], [ -96.640191, 32.666373 ], [ -96.640169, 32.666344 ], [ -96.640135, 32.666311 ], [ -96.640013, 32.666227 ], [ -96.639941, 32.666155 ], [ -96.639878, 32.666102 ], [ -96.639801, 32.666077 ], [ -96.639759, 32.666055 ], [ -96.639704, 32.666016 ], [ -96.639476, 32.665742 ], [ -96.639433, 32.665732 ], [ -96.639387, 32.665749 ], [ -96.639336, 32.665792 ], [ -96.639273, 32.66586 ], [ -96.639065, 32.666006 ], [ -96.639017, 32.666047 ], [ -96.638981, 32.666077 ], [ -96.638913, 32.666123 ], [ -96.638782, 32.666223 ], [ -96.638765, 32.666245 ], [ -96.638765, 32.666272 ], [ -96.638773, 32.666302 ], [ -96.638803, 32.666355 ], [ -96.638875, 32.666462 ], [ -96.638896, 32.666511 ], [ -96.638922, 32.666615 ], [ -96.638913, 32.666679 ], [ -96.638926, 32.666733 ], [ -96.638922, 32.666843 ], [ -96.638934, 32.666885 ], [ -96.639013, 32.667039 ], [ -96.639039, 32.667074 ], [ -96.639098, 32.667113 ], [ -96.639132, 32.667118 ], [ -96.639157, 32.667111 ] ], [ [ -96.637273, 32.667686 ], [ -96.637311, 32.667589 ], [ -96.637345, 32.667572 ], [ -96.637366, 32.667568 ], [ -96.637497, 32.667579 ], [ -96.637565, 32.667592 ], [ -96.637611, 32.667606 ], [ -96.637649, 32.667625 ], [ -96.637675, 32.667628 ], [ -96.637713, 32.667622 ], [ -96.637759, 32.667589 ], [ -96.637785, 32.667565 ], [ -96.637823, 32.66751 ], [ -96.63789, 32.667433 ], [ -96.637928, 32.667405 ], [ -96.637933, 32.66738 ], [ -96.637895, 32.667369 ], [ -96.637817, 32.667332 ], [ -96.63778, 32.667284 ], [ -96.637734, 32.667243 ], [ -96.637704, 32.66723 ], [ -96.637658, 32.667223 ], [ -96.637527, 32.667216 ], [ -96.637362, 32.667173 ], [ -96.63729, 32.667147 ], [ -96.637265, 32.667133 ], [ -96.637231, 32.66713 ], [ -96.637201, 32.667138 ], [ -96.637172, 32.667156 ], [ -96.637142, 32.667191 ], [ -96.637079, 32.667243 ], [ -96.636965, 32.667305 ], [ -96.636926, 32.667319 ], [ -96.636863, 32.667319 ], [ -96.636822, 32.667323 ], [ -96.636831, 32.66727 ], [ -96.636844, 32.667234 ], [ -96.636865, 32.667195 ], [ -96.63689, 32.667133 ], [ -96.636911, 32.667095 ], [ -96.636911, 32.667063 ], [ -96.636831, 32.666995 ], [ -96.636772, 32.666967 ], [ -96.636751, 32.666928 ], [ -96.636734, 32.666877 ], [ -96.636725, 32.666818 ], [ -96.636729, 32.666764 ], [ -96.636721, 32.666732 ], [ -96.636683, 32.666715 ], [ -96.636581, 32.666693 ], [ -96.636526, 32.666674 ], [ -96.636488, 32.66664 ], [ -96.636459, 32.666583 ], [ -96.636429, 32.666551 ], [ -96.636391, 32.666533 ], [ -96.636336, 32.666434 ], [ -96.636319, 32.666376 ], [ -96.636307, 32.666313 ], [ -96.636324, 32.66628 ], [ -96.636362, 32.666263 ], [ -96.636412, 32.666252 ], [ -96.636442, 32.666224 ], [ -96.636467, 32.666148 ], [ -96.63648, 32.666128 ], [ -96.63648, 32.666106 ], [ -96.636467, 32.666081 ], [ -96.636302, 32.665943 ], [ -96.636095, 32.66579 ], [ -96.635998, 32.665743 ], [ -96.635825, 32.665636 ], [ -96.635668, 32.665501 ], [ -96.635613, 32.665466 ], [ -96.635592, 32.665447 ], [ -96.635558, 32.665441 ], [ -96.635516, 32.665455 ], [ -96.635394, 32.665551 ], [ -96.635208, 32.665672 ], [ -96.634981, 32.665791 ], [ -96.634916, 32.665846 ], [ -96.634861, 32.665886 ], [ -96.634806, 32.665934 ], [ -96.634664, 32.666018 ], [ -96.634613, 32.666099 ], [ -96.634592, 32.66612 ], [ -96.634571, 32.666162 ], [ -96.634537, 32.666199 ], [ -96.634459, 32.666245 ], [ -96.63444, 32.666266 ], [ -96.634398, 32.666334 ], [ -96.634343, 32.666409 ], [ -96.634246, 32.666491 ], [ -96.634233, 32.666511 ], [ -96.634229, 32.666548 ], [ -96.634241, 32.666587 ], [ -96.634254, 32.666612 ], [ -96.634326, 32.666676 ], [ -96.634892, 32.667035 ], [ -96.63496, 32.667064 ], [ -96.635023, 32.667085 ], [ -96.635112, 32.667128 ], [ -96.635158, 32.667144 ], [ -96.635207, 32.667198 ], [ -96.635289, 32.667259 ], [ -96.635361, 32.667306 ], [ -96.635441, 32.667341 ], [ -96.635631, 32.667444 ], [ -96.635691, 32.667462 ], [ -96.635741, 32.667491 ], [ -96.635775, 32.667501 ], [ -96.635822, 32.667505 ], [ -96.635898, 32.667505 ], [ -96.635931, 32.667515 ], [ -96.635957, 32.667537 ], [ -96.636007, 32.667565 ], [ -96.636062, 32.667575 ], [ -96.636109, 32.667589 ], [ -96.636155, 32.667619 ], [ -96.636206, 32.667676 ], [ -96.636236, 32.66769 ], [ -96.636274, 32.667696 ], [ -96.636362, 32.667682 ], [ -96.636405, 32.667661 ], [ -96.636447, 32.667647 ], [ -96.636493, 32.66764 ], [ -96.636531, 32.667644 ], [ -96.63659, 32.667668 ], [ -96.636654, 32.667786 ], [ -96.636671, 32.667828 ], [ -96.636688, 32.667856 ], [ -96.636738, 32.66787 ], [ -96.636789, 32.667864 ], [ -96.636844, 32.667842 ], [ -96.636874, 32.667845 ], [ -96.636882, 32.667868 ], [ -96.636869, 32.667921 ], [ -96.636848, 32.667963 ], [ -96.636831, 32.668067 ], [ -96.63684, 32.668098 ], [ -96.636857, 32.668117 ], [ -96.636933, 32.66812 ], [ -96.637009, 32.668117 ], [ -96.637043, 32.668095 ], [ -96.637085, 32.668059 ], [ -96.637216, 32.667856 ], [ -96.637224, 32.6678 ], [ -96.637252, 32.66776 ], [ -96.637273, 32.667686 ] ], [ [ -96.634699, 32.669404 ], [ -96.634699, 32.66946 ], [ -96.634716, 32.669524 ], [ -96.634733, 32.669553 ], [ -96.634754, 32.669564 ], [ -96.634796, 32.669564 ], [ -96.634839, 32.66957 ], [ -96.634894, 32.669573 ], [ -96.63497, 32.669586 ], [ -96.635041, 32.669584 ], [ -96.635092, 32.669592 ], [ -96.63513, 32.669587 ], [ -96.635164, 32.669573 ], [ -96.635185, 32.669545 ], [ -96.635198, 32.669482 ], [ -96.635196, 32.66931 ], [ -96.635177, 32.66921 ], [ -96.63516, 32.669179 ], [ -96.635126, 32.669162 ], [ -96.635084, 32.669151 ], [ -96.634942, 32.669153 ], [ -96.634822, 32.669155 ], [ -96.63478, 32.669162 ], [ -96.634746, 32.669182 ], [ -96.634725, 32.669215 ], [ -96.634699, 32.669404 ] ], [ [ -96.638101, 32.672114 ], [ -96.638105, 32.672072 ], [ -96.638169, 32.671957 ], [ -96.638208, 32.671903 ], [ -96.638246, 32.671867 ], [ -96.638267, 32.671835 ], [ -96.63831, 32.671802 ], [ -96.638336, 32.671799 ], [ -96.638366, 32.671805 ], [ -96.638374, 32.671853 ], [ -96.638387, 32.671881 ], [ -96.638412, 32.671892 ], [ -96.638489, 32.671878 ], [ -96.638515, 32.671849 ], [ -96.638523, 32.671723 ], [ -96.638506, 32.671706 ], [ -96.638476, 32.671691 ], [ -96.638447, 32.671691 ], [ -96.638412, 32.67167 ], [ -96.638404, 32.671501 ], [ -96.638408, 32.671469 ], [ -96.638422, 32.671424 ], [ -96.638442, 32.671295 ], [ -96.638447, 32.671239 ], [ -96.638464, 32.671166 ], [ -96.638447, 32.671128 ], [ -96.638391, 32.671059 ], [ -96.638357, 32.671008 ], [ -96.638289, 32.67092 ], [ -96.638263, 32.670876 ], [ -96.638259, 32.670837 ], [ -96.638267, 32.670789 ], [ -96.63828, 32.670747 ], [ -96.638276, 32.670707 ], [ -96.638259, 32.670686 ], [ -96.638169, 32.670672 ], [ -96.638144, 32.67065 ], [ -96.638148, 32.670592 ], [ -96.638157, 32.670557 ], [ -96.638148, 32.67051 ], [ -96.638114, 32.670489 ], [ -96.637948, 32.670471 ], [ -96.637884, 32.670453 ], [ -96.63782, 32.670478 ], [ -96.637773, 32.670485 ], [ -96.637722, 32.670485 ], [ -96.637675, 32.670478 ], [ -96.637649, 32.670489 ], [ -96.637632, 32.670507 ], [ -96.637628, 32.670589 ], [ -96.637641, 32.670762 ], [ -96.637628, 32.6708 ], [ -96.637602, 32.670819 ], [ -96.637555, 32.67083 ], [ -96.637521, 32.670833 ], [ -96.637483, 32.670851 ], [ -96.63747, 32.670887 ], [ -96.63747, 32.67093 ], [ -96.637461, 32.670969 ], [ -96.637436, 32.671017 ], [ -96.637363, 32.671027 ], [ -96.637308, 32.671017 ], [ -96.637274, 32.671006 ], [ -96.637206, 32.670938 ], [ -96.637171, 32.670916 ], [ -96.637125, 32.670901 ], [ -96.637014, 32.670859 ], [ -96.636941, 32.670848 ], [ -96.63686, 32.670844 ], [ -96.636685, 32.670851 ], [ -96.636651, 32.670862 ], [ -96.636634, 32.670879 ], [ -96.636634, 32.670963 ], [ -96.636643, 32.670999 ], [ -96.636698, 32.671062 ], [ -96.636711, 32.671087 ], [ -96.636707, 32.671123 ], [ -96.636677, 32.671245 ], [ -96.63663, 32.671325 ], [ -96.636626, 32.671349 ], [ -96.63663, 32.671379 ], [ -96.636672, 32.67145 ], [ -96.636681, 32.671483 ], [ -96.636655, 32.671562 ], [ -96.636668, 32.671619 ], [ -96.636672, 32.671684 ], [ -96.636694, 32.671799 ], [ -96.636707, 32.671827 ], [ -96.636715, 32.671864 ], [ -96.636711, 32.671943 ], [ -96.636719, 32.672021 ], [ -96.636719, 32.6721 ], [ -96.636698, 32.672215 ], [ -96.636668, 32.672337 ], [ -96.636681, 32.672398 ], [ -96.63669, 32.67252 ], [ -96.636681, 32.672556 ], [ -96.636681, 32.672589 ], [ -96.636694, 32.672607 ], [ -96.636724, 32.672624 ], [ -96.636792, 32.672632 ], [ -96.636817, 32.672621 ], [ -96.636852, 32.672584 ], [ -96.636898, 32.672528 ], [ -96.63692, 32.67251 ], [ -96.637043, 32.672477 ], [ -96.63709, 32.672469 ], [ -96.637116, 32.672449 ], [ -96.637137, 32.672398 ], [ -96.637184, 32.672161 ], [ -96.637193, 32.672072 ], [ -96.63718, 32.671932 ], [ -96.637227, 32.671853 ], [ -96.637252, 32.671795 ], [ -96.637265, 32.671751 ], [ -96.637274, 32.671684 ], [ -96.637291, 32.671605 ], [ -96.637342, 32.671419 ], [ -96.637355, 32.671332 ], [ -96.637355, 32.671166 ], [ -96.637368, 32.671121 ], [ -96.637389, 32.671087 ], [ -96.637415, 32.671059 ], [ -96.637508, 32.671103 ], [ -96.637534, 32.671121 ], [ -96.637551, 32.671142 ], [ -96.637581, 32.671235 ], [ -96.637598, 32.671343 ], [ -96.637589, 32.671397 ], [ -96.637585, 32.671464 ], [ -96.637568, 32.671526 ], [ -96.637542, 32.671655 ], [ -96.637551, 32.671702 ], [ -96.637568, 32.671751 ], [ -96.637649, 32.671895 ], [ -96.637696, 32.671957 ], [ -96.637841, 32.672129 ], [ -96.637901, 32.672233 ], [ -96.637931, 32.672255 ], [ -96.637977, 32.672255 ], [ -96.638088, 32.672196 ], [ -96.638105, 32.672165 ], [ -96.638101, 32.672114 ] ], [ [ -96.636006, 32.672506 ], [ -96.636095, 32.672492 ], [ -96.636117, 32.672476 ], [ -96.636151, 32.672437 ], [ -96.636223, 32.672387 ], [ -96.636245, 32.672353 ], [ -96.636258, 32.672291 ], [ -96.636268, 32.672203 ], [ -96.63626, 32.671936 ], [ -96.636268, 32.671802 ], [ -96.636268, 32.671695 ], [ -96.636284, 32.671576 ], [ -96.636301, 32.671217 ], [ -96.636318, 32.671131 ], [ -96.63634, 32.671055 ], [ -96.636344, 32.670972 ], [ -96.63634, 32.670923 ], [ -96.636323, 32.670901 ], [ -96.636297, 32.670883 ], [ -96.636243, 32.670869 ], [ -96.636179, 32.670869 ], [ -96.636063, 32.670887 ], [ -96.635854, 32.670893 ], [ -96.635632, 32.67089 ], [ -96.635445, 32.670879 ], [ -96.635325, 32.670876 ], [ -96.635227, 32.670865 ], [ -96.635137, 32.670887 ], [ -96.634851, 32.67089 ], [ -96.634659, 32.670879 ], [ -96.63457, 32.670869 ], [ -96.634405, 32.670861 ], [ -96.634203, 32.670868 ], [ -96.634049, 32.670868 ], [ -96.633797, 32.670878 ], [ -96.633554, 32.670903 ], [ -96.633311, 32.670903 ], [ -96.633055, 32.670889 ], [ -96.632944, 32.670871 ], [ -96.632782, 32.670878 ], [ -96.632718, 32.670868 ], [ -96.632654, 32.670846 ], [ -96.632602, 32.670839 ], [ -96.63247, 32.670843 ], [ -96.632346, 32.670857 ], [ -96.632286, 32.670882 ], [ -96.63224, 32.670922 ], [ -96.632205, 32.670936 ], [ -96.632123, 32.670949 ], [ -96.632008, 32.670952 ], [ -96.631991, 32.670973 ], [ -96.631982, 32.671002 ], [ -96.631991, 32.671318 ], [ -96.632012, 32.671409 ], [ -96.632029, 32.671456 ], [ -96.632064, 32.671488 ], [ -96.632106, 32.671503 ], [ -96.632327, 32.67153 ], [ -96.632438, 32.671552 ], [ -96.632558, 32.671566 ], [ -96.632664, 32.671574 ], [ -96.63272, 32.671571 ], [ -96.63278, 32.671582 ], [ -96.632899, 32.671642 ], [ -96.632946, 32.671675 ], [ -96.633053, 32.671779 ], [ -96.63313, 32.671869 ], [ -96.633219, 32.671952 ], [ -96.633241, 32.671966 ], [ -96.633275, 32.67198 ], [ -96.633484, 32.672002 ], [ -96.633706, 32.672006 ], [ -96.633936, 32.672016 ], [ -96.634192, 32.672014 ], [ -96.634317, 32.672026 ], [ -96.63447, 32.672009 ], [ -96.634602, 32.672003 ], [ -96.634747, 32.672003 ], [ -96.634854, 32.672017 ], [ -96.634913, 32.672021 ], [ -96.634969, 32.672017 ], [ -96.635033, 32.671984 ], [ -96.635059, 32.671992 ], [ -96.635071, 32.672021 ], [ -96.635123, 32.672257 ], [ -96.635144, 32.672308 ], [ -96.635174, 32.672333 ], [ -96.63531, 32.672426 ], [ -96.63537, 32.672502 ], [ -96.635408, 32.672524 ], [ -96.635451, 32.672527 ], [ -96.635502, 32.672524 ], [ -96.635801, 32.672516 ], [ -96.635929, 32.672524 ], [ -96.636006, 32.672506 ] ], [ [ -96.638174, 32.672193 ], [ -96.638144, 32.672269 ], [ -96.638139, 32.672328 ], [ -96.638122, 32.672384 ], [ -96.63811, 32.672455 ], [ -96.638131, 32.67248 ], [ -96.638255, 32.672502 ], [ -96.638314, 32.672502 ], [ -96.638391, 32.672474 ], [ -96.638485, 32.672406 ], [ -96.638521, 32.672328 ], [ -96.638553, 32.67228 ], [ -96.63863, 32.672147 ], [ -96.638647, 32.672092 ], [ -96.638651, 32.672054 ], [ -96.638638, 32.671999 ], [ -96.638613, 32.671982 ], [ -96.638566, 32.671971 ], [ -96.638498, 32.671971 ], [ -96.63841, 32.671964 ], [ -96.638297, 32.672036 ], [ -96.638267, 32.672065 ], [ -96.638215, 32.672125 ], [ -96.638199, 32.672144 ], [ -96.638174, 32.672193 ] ], [ [ -96.623032, 32.672424 ], [ -96.623077, 32.672375 ], [ -96.623117, 32.672356 ], [ -96.623198, 32.672337 ], [ -96.623266, 32.672328 ], [ -96.623347, 32.67231 ], [ -96.623455, 32.672291 ], [ -96.623509, 32.672272 ], [ -96.623558, 32.67225 ], [ -96.623617, 32.672235 ], [ -96.623675, 32.672212 ], [ -96.623725, 32.672174 ], [ -96.623756, 32.672125 ], [ -96.623819, 32.672064 ], [ -96.623828, 32.672033 ], [ -96.623828, 32.671985 ], [ -96.62381, 32.671923 ], [ -96.623779, 32.671856 ], [ -96.623774, 32.671829 ], [ -96.623774, 32.671716 ], [ -96.623792, 32.671504 ], [ -96.623783, 32.671466 ], [ -96.623765, 32.671447 ], [ -96.623729, 32.671439 ], [ -96.623635, 32.671458 ], [ -96.623536, 32.671455 ], [ -96.623454, 32.67147 ], [ -96.623419, 32.671495 ], [ -96.623374, 32.671515 ], [ -96.62332, 32.671526 ], [ -96.623266, 32.671549 ], [ -96.623216, 32.671563 ], [ -96.623171, 32.671563 ], [ -96.623144, 32.671557 ], [ -96.623108, 32.67156 ], [ -96.623081, 32.671576 ], [ -96.623077, 32.671625 ], [ -96.623104, 32.671659 ], [ -96.623144, 32.671697 ], [ -96.623198, 32.671731 ], [ -96.623252, 32.671773 ], [ -96.623279, 32.671813 ], [ -96.623297, 32.671878 ], [ -96.623315, 32.67192 ], [ -96.623324, 32.671962 ], [ -96.623306, 32.671992 ], [ -96.623279, 32.671999 ], [ -96.623212, 32.671981 ], [ -96.62318, 32.671965 ], [ -96.623149, 32.671943 ], [ -96.62305, 32.671847 ], [ -96.622942, 32.671723 ], [ -96.62291, 32.671716 ], [ -96.622856, 32.671723 ], [ -96.622798, 32.671754 ], [ -96.622762, 32.671792 ], [ -96.622753, 32.671826 ], [ -96.622748, 32.671871 ], [ -96.622748, 32.671932 ], [ -96.622739, 32.671985 ], [ -96.622739, 32.67203 ], [ -96.622753, 32.672094 ], [ -96.622784, 32.672165 ], [ -96.622793, 32.672246 ], [ -96.622816, 32.672341 ], [ -96.622861, 32.67239 ], [ -96.622892, 32.672438 ], [ -96.622933, 32.672462 ], [ -96.622964, 32.672466 ], [ -96.623, 32.672449 ], [ -96.623032, 32.672424 ] ], [ [ -96.622553, 32.673887 ], [ -96.622562, 32.673851 ], [ -96.622549, 32.673803 ], [ -96.62252, 32.673757 ], [ -96.622476, 32.673743 ], [ -96.62242, 32.673732 ], [ -96.622377, 32.673738 ], [ -96.622369, 32.673744 ], [ -96.622314, 32.673785 ], [ -96.622304, 32.673836 ], [ -96.622326, 32.673882 ], [ -96.622364, 32.673916 ], [ -96.622424, 32.673934 ], [ -96.622503, 32.67393 ], [ -96.622553, 32.673887 ] ], [ [ -96.611723, 32.675154 ], [ -96.611742, 32.675164 ], [ -96.61178, 32.675159 ], [ -96.611838, 32.675131 ], [ -96.611863, 32.675113 ], [ -96.611961, 32.675058 ], [ -96.612115, 32.674956 ], [ -96.612143, 32.674928 ], [ -96.612148, 32.674872 ], [ -96.612143, 32.674799 ], [ -96.61217, 32.67478 ], [ -96.612208, 32.674776 ], [ -96.612263, 32.674757 ], [ -96.612296, 32.674729 ], [ -96.612335, 32.674545 ], [ -96.612313, 32.674415 ], [ -96.612291, 32.674326 ], [ -96.612263, 32.674253 ], [ -96.612235, 32.674207 ], [ -96.612219, 32.674179 ], [ -96.61217, 32.674129 ], [ -96.612126, 32.674129 ], [ -96.612099, 32.67416 ], [ -96.612104, 32.674193 ], [ -96.612126, 32.67423 ], [ -96.612126, 32.674276 ], [ -96.612137, 32.674332 ], [ -96.61211, 32.674377 ], [ -96.612132, 32.674401 ], [ -96.612115, 32.67447 ], [ -96.612077, 32.674591 ], [ -96.612038, 32.674642 ], [ -96.612016, 32.674702 ], [ -96.611983, 32.674739 ], [ -96.611967, 32.674794 ], [ -96.611945, 32.67484 ], [ -96.611824, 32.67497 ], [ -96.611759, 32.675027 ], [ -96.611736, 32.675058 ], [ -96.611709, 32.675061 ], [ -96.611681, 32.675085 ], [ -96.611681, 32.675131 ], [ -96.611687, 32.675154 ], [ -96.611723, 32.675154 ] ], [ [ -96.647975, 32.677642 ], [ -96.648015, 32.677627 ], [ -96.648037, 32.677582 ], [ -96.648041, 32.677498 ], [ -96.648028, 32.677447 ], [ -96.647983, 32.677394 ], [ -96.647947, 32.677392 ], [ -96.64793, 32.677391 ], [ -96.647899, 32.677425 ], [ -96.647881, 32.677529 ], [ -96.647903, 32.677615 ], [ -96.647935, 32.677633 ], [ -96.647975, 32.677642 ] ], [ [ -96.644287, 32.67747 ], [ -96.644225, 32.677448 ], [ -96.644201, 32.677439 ], [ -96.644157, 32.677442 ], [ -96.644121, 32.677461 ], [ -96.644089, 32.677507 ], [ -96.644074, 32.677568 ], [ -96.644067, 32.67768 ], [ -96.644074, 32.677708 ], [ -96.644096, 32.677723 ], [ -96.644125, 32.677735 ], [ -96.644258, 32.677723 ], [ -96.644417, 32.67772 ], [ -96.644453, 32.677708 ], [ -96.644457, 32.67768 ], [ -96.644435, 32.677638 ], [ -96.644352, 32.677525 ], [ -96.644287, 32.67747 ] ], [ [ -96.639465, 32.678552 ], [ -96.639508, 32.678635 ], [ -96.639555, 32.678697 ], [ -96.639606, 32.678806 ], [ -96.639621, 32.678825 ], [ -96.639649, 32.678849 ], [ -96.639694, 32.678863 ], [ -96.639776, 32.67886 ], [ -96.639805, 32.67884 ], [ -96.639824, 32.678787 ], [ -96.639816, 32.678666 ], [ -96.639842, 32.678492 ], [ -96.639861, 32.678445 ], [ -96.639861, 32.678373 ], [ -96.639889, 32.678219 ], [ -96.639894, 32.67808 ], [ -96.639875, 32.677993 ], [ -96.639857, 32.677954 ], [ -96.639833, 32.677922 ], [ -96.639776, 32.677909 ], [ -96.639661, 32.677915 ], [ -96.639613, 32.677911 ], [ -96.639588, 32.677909 ], [ -96.639564, 32.677898 ], [ -96.639508, 32.677886 ], [ -96.639451, 32.677898 ], [ -96.639381, 32.677934 ], [ -96.639367, 32.678005 ], [ -96.639367, 32.678207 ], [ -96.639381, 32.678302 ], [ -96.639423, 32.678386 ], [ -96.639437, 32.67848 ], [ -96.639465, 32.678552 ] ], [ [ -96.62636, 32.678931 ], [ -96.626464, 32.678875 ], [ -96.626502, 32.678839 ], [ -96.626559, 32.678784 ], [ -96.626718, 32.678459 ], [ -96.626792, 32.678342 ], [ -96.626908, 32.678234 ], [ -96.627133, 32.678059 ], [ -96.627237, 32.677986 ], [ -96.627298, 32.677951 ], [ -96.627426, 32.677899 ], [ -96.627597, 32.677862 ], [ -96.627835, 32.677775 ], [ -96.627963, 32.677704 ], [ -96.628012, 32.677626 ], [ -96.627987, 32.677561 ], [ -96.627896, 32.677525 ], [ -96.627822, 32.677545 ], [ -96.627737, 32.677632 ], [ -96.627707, 32.677679 ], [ -96.627658, 32.67771 ], [ -96.627438, 32.677812 ], [ -96.627286, 32.677858 ], [ -96.626999, 32.67791 ], [ -96.626304, 32.677992 ], [ -96.626054, 32.678007 ], [ -96.625755, 32.678013 ], [ -96.625651, 32.678028 ], [ -96.625596, 32.67809 ], [ -96.625584, 32.678284 ], [ -96.625542, 32.678458 ], [ -96.625505, 32.678572 ], [ -96.625505, 32.678675 ], [ -96.62553, 32.678773 ], [ -96.625609, 32.678871 ], [ -96.625688, 32.678901 ], [ -96.625767, 32.678942 ], [ -96.625932, 32.678967 ], [ -96.626134, 32.678957 ], [ -96.62636, 32.678931 ] ], [ [ -96.632494, 32.679423 ], [ -96.632441, 32.679575 ], [ -96.632435, 32.67963 ], [ -96.632621, 32.679681 ], [ -96.632755, 32.679717 ], [ -96.633066, 32.679864 ], [ -96.633224, 32.679909 ], [ -96.633458, 32.67983 ], [ -96.633575, 32.67985 ], [ -96.63378, 32.680047 ], [ -96.633932, 32.680097 ], [ -96.63412, 32.680131 ], [ -96.634181, 32.680081 ], [ -96.634213, 32.679939 ], [ -96.634237, 32.679437 ], [ -96.634231, 32.678618 ], [ -96.634213, 32.677638 ], [ -96.634143, 32.677525 ], [ -96.633834, 32.677521 ], [ -96.633374, 32.677532 ], [ -96.633318, 32.677622 ], [ -96.633248, 32.677681 ], [ -96.633178, 32.677855 ], [ -96.633125, 32.677864 ], [ -96.633102, 32.67785 ], [ -96.633098, 32.677811 ], [ -96.633131, 32.67776 ], [ -96.633125, 32.677701 ], [ -96.633032, 32.677701 ], [ -96.63292, 32.677677 ], [ -96.632698, 32.677844 ], [ -96.632598, 32.677973 ], [ -96.632516, 32.678047 ], [ -96.632464, 32.678269 ], [ -96.632305, 32.678407 ], [ -96.632264, 32.67852 ], [ -96.632244, 32.678555 ], [ -96.632247, 32.678593 ], [ -96.63228, 32.67861 ], [ -96.632405, 32.67857 ], [ -96.632466, 32.67859 ], [ -96.632484, 32.678659 ], [ -96.632539, 32.678767 ], [ -96.632545, 32.678885 ], [ -96.632598, 32.679122 ], [ -96.632539, 32.679361 ], [ -96.632494, 32.679423 ] ], [ [ -96.638936, 32.680176 ], [ -96.639031, 32.680183 ], [ -96.639083, 32.680164 ], [ -96.639105, 32.680127 ], [ -96.639179, 32.680077 ], [ -96.63923, 32.680034 ], [ -96.639282, 32.680003 ], [ -96.639385, 32.679977 ], [ -96.63945, 32.679958 ], [ -96.639517, 32.679946 ], [ -96.639583, 32.679927 ], [ -96.639627, 32.679909 ], [ -96.639732, 32.679933 ], [ -96.639813, 32.679933 ], [ -96.639826, 32.679902 ], [ -96.639819, 32.679865 ], [ -96.639775, 32.67976 ], [ -96.639664, 32.679667 ], [ -96.639649, 32.679603 ], [ -96.639679, 32.67953 ], [ -96.639686, 32.679493 ], [ -96.639716, 32.679406 ], [ -96.639731, 32.679381 ], [ -96.639745, 32.679338 ], [ -96.639738, 32.679307 ], [ -96.639716, 32.679282 ], [ -96.639686, 32.679257 ], [ -96.639642, 32.679245 ], [ -96.63962, 32.67922 ], [ -96.63959, 32.67917 ], [ -96.639583, 32.679127 ], [ -96.639583, 32.679077 ], [ -96.639473, 32.678835 ], [ -96.639421, 32.678767 ], [ -96.639391, 32.678705 ], [ -96.63937, 32.67863 ], [ -96.639319, 32.678599 ], [ -96.639275, 32.678562 ], [ -96.639238, 32.678556 ], [ -96.639223, 32.6785 ], [ -96.639164, 32.678357 ], [ -96.639098, 32.678315 ], [ -96.639053, 32.678315 ], [ -96.639009, 32.678296 ], [ -96.63898, 32.678253 ], [ -96.638965, 32.678197 ], [ -96.638906, 32.678116 ], [ -96.638891, 32.678073 ], [ -96.638884, 32.67803 ], [ -96.638906, 32.677992 ], [ -96.638921, 32.677918 ], [ -96.638899, 32.677904 ], [ -96.638722, 32.677904 ], [ -96.638619, 32.677874 ], [ -96.638501, 32.677856 ], [ -96.638309, 32.677843 ], [ -96.638206, 32.677843 ], [ -96.63797, 32.677831 ], [ -96.637882, 32.677837 ], [ -96.637815, 32.677831 ], [ -96.637741, 32.677899 ], [ -96.637601, 32.677912 ], [ -96.637476, 32.677918 ], [ -96.637144, 32.677955 ], [ -96.637019, 32.677961 ], [ -96.636916, 32.677949 ], [ -96.636783, 32.677949 ], [ -96.63668, 32.677943 ], [ -96.63657, 32.677943 ], [ -96.636415, 32.677924 ], [ -96.636326, 32.677862 ], [ -96.63629, 32.677825 ], [ -96.636275, 32.677788 ], [ -96.636245, 32.677757 ], [ -96.636216, 32.677738 ], [ -96.636179, 32.677726 ], [ -96.636113, 32.677726 ], [ -96.635987, 32.677719 ], [ -96.635847, 32.677719 ], [ -96.6357, 32.677726 ], [ -96.635258, 32.677725 ], [ -96.635038, 32.677731 ], [ -96.634758, 32.677979 ], [ -96.634368, 32.678651 ], [ -96.634322, 32.67901 ], [ -96.634329, 32.67943 ], [ -96.634319, 32.67974 ], [ -96.634361, 32.679883 ], [ -96.634434, 32.679861 ], [ -96.63458, 32.679923 ], [ -96.634716, 32.679784 ], [ -96.634852, 32.67978 ], [ -96.635008, 32.67987 ], [ -96.63542, 32.680015 ], [ -96.63546, 32.680034 ], [ -96.635521, 32.680144 ], [ -96.635572, 32.680178 ], [ -96.63562, 32.680215 ], [ -96.63565, 32.680358 ], [ -96.635671, 32.680423 ], [ -96.635675, 32.680519 ], [ -96.63571, 32.680533 ], [ -96.635739, 32.680511 ], [ -96.635741, 32.680482 ], [ -96.635739, 32.680435 ], [ -96.635765, 32.680381 ], [ -96.635793, 32.680343 ], [ -96.635829, 32.680319 ], [ -96.635857, 32.680281 ], [ -96.635857, 32.680156 ], [ -96.635838, 32.68008 ], [ -96.635838, 32.680034 ], [ -96.635912, 32.679887 ], [ -96.635929, 32.679873 ], [ -96.635948, 32.679863 ], [ -96.635994, 32.679872 ], [ -96.63604, 32.679863 ], [ -96.636068, 32.679849 ], [ -96.636104, 32.679818 ], [ -96.636104, 32.679787 ], [ -96.636113, 32.679756 ], [ -96.636141, 32.679748 ], [ -96.636168, 32.679748 ], [ -96.636196, 32.679772 ], [ -96.636214, 32.679801 ], [ -96.636224, 32.679832 ], [ -96.636251, 32.679841 ], [ -96.636279, 32.679841 ], [ -96.636334, 32.679801 ], [ -96.63637, 32.679787 ], [ -96.636407, 32.679787 ], [ -96.63648, 32.679818 ], [ -96.636517, 32.679863 ], [ -96.636499, 32.679949 ], [ -96.636425, 32.680018 ], [ -96.636352, 32.680034 ], [ -96.636288, 32.680026 ], [ -96.63626, 32.679987 ], [ -96.636233, 32.679965 ], [ -96.636168, 32.679956 ], [ -96.636141, 32.67998 ], [ -96.636113, 32.679987 ], [ -96.636087, 32.680001 ], [ -96.636077, 32.680018 ], [ -96.63604, 32.680164 ], [ -96.636031, 32.680187 ], [ -96.635976, 32.680219 ], [ -96.63593, 32.680265 ], [ -96.635912, 32.680304 ], [ -96.635912, 32.680335 ], [ -96.635939, 32.680381 ], [ -96.635948, 32.680404 ], [ -96.635949, 32.680457 ], [ -96.635904, 32.680518 ], [ -96.635894, 32.680619 ], [ -96.635922, 32.680712 ], [ -96.63594, 32.680735 ], [ -96.636004, 32.680781 ], [ -96.636114, 32.680819 ], [ -96.636225, 32.680843 ], [ -96.636402, 32.680887 ], [ -96.636496, 32.680901 ], [ -96.636562, 32.68092 ], [ -96.636658, 32.680957 ], [ -96.636857, 32.680982 ], [ -96.637034, 32.68105 ], [ -96.637086, 32.68105 ], [ -96.63713, 32.681025 ], [ -96.637211, 32.681007 ], [ -96.637248, 32.680988 ], [ -96.637343, 32.680988 ], [ -96.637484, 32.680976 ], [ -96.637535, 32.680976 ], [ -96.637624, 32.680957 ], [ -96.637808, 32.680889 ], [ -96.637889, 32.680864 ], [ -96.637926, 32.680827 ], [ -96.63797, 32.680808 ], [ -96.63811, 32.680783 ], [ -96.638154, 32.680752 ], [ -96.638206, 32.680659 ], [ -96.638243, 32.680616 ], [ -96.638257, 32.680585 ], [ -96.638324, 32.680504 ], [ -96.638361, 32.680474 ], [ -96.638501, 32.6804 ], [ -96.638552, 32.680361 ], [ -96.638655, 32.680325 ], [ -96.638729, 32.680307 ], [ -96.638862, 32.680214 ], [ -96.638936, 32.680176 ] ], [ [ -96.623082, 32.679333 ], [ -96.623091, 32.679391 ], [ -96.623125, 32.679474 ], [ -96.623146, 32.679506 ], [ -96.623159, 32.679589 ], [ -96.623189, 32.679671 ], [ -96.623245, 32.679761 ], [ -96.62342, 32.679935 ], [ -96.623596, 32.68005 ], [ -96.62367, 32.680076 ], [ -96.623751, 32.680093 ], [ -96.623811, 32.680087 ], [ -96.623867, 32.680054 ], [ -96.623978, 32.679968 ], [ -96.624042, 32.679906 ], [ -96.623981, 32.679881 ], [ -96.623947, 32.679851 ], [ -96.623921, 32.679816 ], [ -96.62384, 32.67961 ], [ -96.623831, 32.679531 ], [ -96.623836, 32.679473 ], [ -96.623861, 32.679372 ], [ -96.623866, 32.679325 ], [ -96.623857, 32.679293 ], [ -96.623823, 32.679245 ], [ -96.623771, 32.67921 ], [ -96.623703, 32.679185 ], [ -96.623626, 32.679163 ], [ -96.623527, 32.679152 ], [ -96.62342, 32.679135 ], [ -96.623326, 32.679161 ], [ -96.62327, 32.679167 ], [ -96.623211, 32.679181 ], [ -96.623155, 32.679218 ], [ -96.623112, 32.67926 ], [ -96.623082, 32.679333 ] ], [ [ -96.627183, 32.680777 ], [ -96.627361, 32.680782 ], [ -96.627447, 32.680773 ], [ -96.627498, 32.680752 ], [ -96.627544, 32.680752 ], [ -96.627595, 32.68076 ], [ -96.627636, 32.680732 ], [ -96.627691, 32.680712 ], [ -96.627715, 32.680687 ], [ -96.627733, 32.680661 ], [ -96.627807, 32.680619 ], [ -96.627892, 32.68063 ], [ -96.62796, 32.680656 ], [ -96.627984, 32.68065 ], [ -96.628021, 32.680608 ], [ -96.627996, 32.680557 ], [ -96.627978, 32.680383 ], [ -96.627985, 32.680322 ], [ -96.627931, 32.680245 ], [ -96.627827, 32.680044 ], [ -96.627778, 32.680018 ], [ -96.627717, 32.680029 ], [ -96.627705, 32.68007 ], [ -96.62776, 32.680189 ], [ -96.627833, 32.680266 ], [ -96.62787, 32.680362 ], [ -96.627887, 32.680476 ], [ -96.627857, 32.680537 ], [ -96.627789, 32.680579 ], [ -96.627667, 32.680579 ], [ -96.627576, 32.680563 ], [ -96.627246, 32.680517 ], [ -96.627143, 32.680512 ], [ -96.62699, 32.680537 ], [ -96.626947, 32.680517 ], [ -96.626904, 32.680455 ], [ -96.626886, 32.680414 ], [ -96.626837, 32.680332 ], [ -96.626823, 32.680291 ], [ -96.626825, 32.680245 ], [ -96.626849, 32.680201 ], [ -96.62695, 32.680102 ], [ -96.62695, 32.680063 ], [ -96.626849, 32.679973 ], [ -96.626776, 32.679925 ], [ -96.626757, 32.679891 ], [ -96.626757, 32.679871 ], [ -96.626798, 32.679858 ], [ -96.626855, 32.679869 ], [ -96.626916, 32.67989 ], [ -96.627006, 32.679901 ], [ -96.627108, 32.679874 ], [ -96.627184, 32.679837 ], [ -96.627216, 32.679782 ], [ -96.627216, 32.679648 ], [ -96.627185, 32.679607 ], [ -96.62713, 32.679587 ], [ -96.627051, 32.679587 ], [ -96.626947, 32.679596 ], [ -96.626843, 32.679612 ], [ -96.62669, 32.679612 ], [ -96.626483, 32.679581 ], [ -96.626244, 32.679556 ], [ -96.626085, 32.679534 ], [ -96.625939, 32.679509 ], [ -96.625554, 32.679452 ], [ -96.625456, 32.679448 ], [ -96.625364, 32.679448 ], [ -96.625094, 32.679404 ], [ -96.625043, 32.679404 ], [ -96.624941, 32.679447 ], [ -96.624911, 32.67948 ], [ -96.624896, 32.679524 ], [ -96.624906, 32.679579 ], [ -96.624807, 32.679661 ], [ -96.624793, 32.679672 ], [ -96.624803, 32.679723 ], [ -96.624848, 32.679757 ], [ -96.624878, 32.679799 ], [ -96.624919, 32.679843 ], [ -96.625214, 32.679994 ], [ -96.625285, 32.680037 ], [ -96.625341, 32.680101 ], [ -96.625392, 32.680135 ], [ -96.625443, 32.680183 ], [ -96.625514, 32.680259 ], [ -96.625581, 32.680298 ], [ -96.625631, 32.680366 ], [ -96.625713, 32.680422 ], [ -96.62577, 32.680497 ], [ -96.625911, 32.680612 ], [ -96.626008, 32.680641 ], [ -96.626059, 32.680701 ], [ -96.62611, 32.680739 ], [ -96.62612, 32.68076 ], [ -96.626154, 32.680777 ], [ -96.626252, 32.680812 ], [ -96.626273, 32.680846 ], [ -96.626273, 32.68094 ], [ -96.626267, 32.68097 ], [ -96.626354, 32.681009 ], [ -96.626491, 32.681007 ], [ -96.626555, 32.681025 ], [ -96.626657, 32.681039 ], [ -96.626721, 32.681057 ], [ -96.626763, 32.681072 ], [ -96.626945, 32.681078 ], [ -96.62711, 32.681103 ], [ -96.627159, 32.681103 ], [ -96.627202, 32.681092 ], [ -96.627238, 32.681078 ], [ -96.62733, 32.68101 ], [ -96.627411, 32.68097 ], [ -96.627422, 32.680951 ], [ -96.627406, 32.680936 ], [ -96.627361, 32.680923 ], [ -96.627259, 32.680911 ], [ -96.627077, 32.680911 ], [ -96.627016, 32.680885 ], [ -96.626883, 32.680863 ], [ -96.6267, 32.680821 ], [ -96.626603, 32.680785 ], [ -96.626593, 32.680752 ], [ -96.626619, 32.680735 ], [ -96.626685, 32.680722 ], [ -96.626787, 32.680731 ], [ -96.626909, 32.680731 ], [ -96.626975, 32.680726 ], [ -96.627041, 32.680739 ], [ -96.627097, 32.68076 ], [ -96.627183, 32.680777 ] ], [ [ -96.634042, 32.68249 ], [ -96.634102, 32.682476 ], [ -96.63418, 32.682465 ], [ -96.634244, 32.682443 ], [ -96.634296, 32.682411 ], [ -96.634348, 32.682349 ], [ -96.634382, 32.682291 ], [ -96.634464, 32.682116 ], [ -96.634477, 32.682029 ], [ -96.634464, 32.681925 ], [ -96.634464, 32.681849 ], [ -96.634485, 32.681787 ], [ -96.634503, 32.681711 ], [ -96.634511, 32.681567 ], [ -96.634503, 32.681511 ], [ -96.634447, 32.681421 ], [ -96.634408, 32.681385 ], [ -96.634274, 32.681204 ], [ -96.634197, 32.681134 ], [ -96.634098, 32.68103 ], [ -96.63399, 32.680885 ], [ -96.633947, 32.680819 ], [ -96.633891, 32.680759 ], [ -96.633848, 32.680726 ], [ -96.633828, 32.680716 ], [ -96.633805, 32.680704 ], [ -96.633762, 32.68069 ], [ -96.63365, 32.680625 ], [ -96.633611, 32.680614 ], [ -96.633577, 32.680614 ], [ -96.633538, 32.680621 ], [ -96.633534, 32.680653 ], [ -96.633555, 32.680683 ], [ -96.633598, 32.680712 ], [ -96.633685, 32.680805 ], [ -96.633697, 32.680846 ], [ -96.633697, 32.680881 ], [ -96.63368, 32.680933 ], [ -96.633616, 32.681041 ], [ -96.633573, 32.68107 ], [ -96.633538, 32.681074 ], [ -96.633478, 32.681052 ], [ -96.633448, 32.681023 ], [ -96.633426, 32.68098 ], [ -96.6334, 32.680878 ], [ -96.633383, 32.680835 ], [ -96.633357, 32.680808 ], [ -96.633327, 32.680791 ], [ -96.633293, 32.68078 ], [ -96.63325, 32.680788 ], [ -96.633211, 32.680754 ], [ -96.633125, 32.680697 ], [ -96.633043, 32.680559 ], [ -96.633013, 32.680529 ], [ -96.632905, 32.680487 ], [ -96.632866, 32.680491 ], [ -96.632823, 32.680526 ], [ -96.632819, 32.680552 ], [ -96.632828, 32.680675 ], [ -96.632819, 32.680715 ], [ -96.632798, 32.68074 ], [ -96.632772, 32.680751 ], [ -96.63272, 32.680759 ], [ -96.63266, 32.680802 ], [ -96.632634, 32.68083 ], [ -96.632634, 32.680867 ], [ -96.632647, 32.680904 ], [ -96.632681, 32.680957 ], [ -96.632759, 32.681128 ], [ -96.632767, 32.681164 ], [ -96.632763, 32.681298 ], [ -96.63278, 32.681375 ], [ -96.632866, 32.681465 ], [ -96.632948, 32.681562 ], [ -96.633073, 32.681686 ], [ -96.633086, 32.681711 ], [ -96.633026, 32.681889 ], [ -96.633017, 32.68195 ], [ -96.633017, 32.681994 ], [ -96.63303, 32.682059 ], [ -96.633052, 32.682099 ], [ -96.633077, 32.682121 ], [ -96.633138, 32.682146 ], [ -96.633189, 32.682172 ], [ -96.633258, 32.682192 ], [ -96.633327, 32.682208 ], [ -96.633405, 32.682229 ], [ -96.633487, 32.682243 ], [ -96.633551, 32.682277 ], [ -96.633702, 32.682342 ], [ -96.633801, 32.682371 ], [ -96.63384, 32.682389 ], [ -96.633913, 32.682454 ], [ -96.633969, 32.682482 ], [ -96.634003, 32.68249 ], [ -96.634042, 32.68249 ] ], [ [ -96.627355, 32.681998 ], [ -96.627307, 32.682024 ], [ -96.627276, 32.68206 ], [ -96.627265, 32.68208 ], [ -96.627392, 32.682177 ], [ -96.627514, 32.682286 ], [ -96.627588, 32.682321 ], [ -96.627649, 32.682388 ], [ -96.627722, 32.682425 ], [ -96.627777, 32.682466 ], [ -96.627832, 32.682497 ], [ -96.627912, 32.682512 ], [ -96.627979, 32.682507 ], [ -96.628058, 32.682486 ], [ -96.628126, 32.682418 ], [ -96.628137, 32.682342 ], [ -96.628101, 32.682132 ], [ -96.628071, 32.682066 ], [ -96.628028, 32.682029 ], [ -96.627832, 32.681958 ], [ -96.627765, 32.681967 ], [ -96.627643, 32.681978 ], [ -96.627563, 32.681994 ], [ -96.627508, 32.681994 ], [ -96.627465, 32.681983 ], [ -96.627404, 32.681987 ], [ -96.627355, 32.681998 ] ], [ [ -96.626585, 32.682214 ], [ -96.626602, 32.682239 ], [ -96.626639, 32.682253 ], [ -96.626673, 32.682274 ], [ -96.626703, 32.682304 ], [ -96.626754, 32.682364 ], [ -96.626793, 32.682426 ], [ -96.626814, 32.682468 ], [ -96.626837, 32.682498 ], [ -96.62687, 32.682519 ], [ -96.626921, 32.682541 ], [ -96.626964, 32.682555 ], [ -96.627049, 32.68262 ], [ -96.6271, 32.682623 ], [ -96.627145, 32.682617 ], [ -96.627139, 32.682572 ], [ -96.627122, 32.682526 ], [ -96.627096, 32.68248 ], [ -96.627053, 32.682285 ], [ -96.627028, 32.682228 ], [ -96.626993, 32.682181 ], [ -96.626857, 32.682077 ], [ -96.626816, 32.682052 ], [ -96.626786, 32.682048 ], [ -96.626724, 32.682059 ], [ -96.626665, 32.682084 ], [ -96.626639, 32.682097 ], [ -96.626618, 32.682108 ], [ -96.626596, 32.682135 ], [ -96.626583, 32.682175 ], [ -96.626585, 32.682214 ] ], [ [ -96.647598, 32.692324 ], [ -96.647552, 32.692354 ], [ -96.647552, 32.692411 ], [ -96.64757, 32.69248 ], [ -96.647581, 32.692619 ], [ -96.647558, 32.692667 ], [ -96.647558, 32.692712 ], [ -96.647587, 32.69274 ], [ -96.647633, 32.692765 ], [ -96.64773, 32.69277 ], [ -96.647834, 32.69276 ], [ -96.648029, 32.692722 ], [ -96.648127, 32.692717 ], [ -96.648196, 32.692697 ], [ -96.648224, 32.692667 ], [ -96.648224, 32.69263 ], [ -96.648201, 32.692596 ], [ -96.648161, 32.692577 ], [ -96.648046, 32.692532 ], [ -96.647989, 32.692498 ], [ -96.647834, 32.692393 ], [ -96.647788, 32.692345 ], [ -96.647742, 32.69232 ], [ -96.647696, 32.69231 ], [ -96.647639, 32.692316 ], [ -96.647627, 32.692318 ], [ -96.647598, 32.692324 ] ], [ [ -96.648419, 32.693422 ], [ -96.648465, 32.693398 ], [ -96.648499, 32.693364 ], [ -96.648562, 32.69334 ], [ -96.648625, 32.693345 ], [ -96.648689, 32.693364 ], [ -96.648735, 32.693389 ], [ -96.648769, 32.693422 ], [ -96.648775, 32.693455 ], [ -96.648803, 32.693475 ], [ -96.648849, 32.693471 ], [ -96.64896, 32.693427 ], [ -96.64904, 32.693403 ], [ -96.64908, 32.693364 ], [ -96.649092, 32.69332 ], [ -96.649074, 32.693263 ], [ -96.649039, 32.693205 ], [ -96.649004, 32.693176 ], [ -96.648718, 32.693094 ], [ -96.648615, 32.69303 ], [ -96.648546, 32.692977 ], [ -96.648506, 32.692939 ], [ -96.648454, 32.692929 ], [ -96.648332, 32.692886 ], [ -96.648241, 32.692886 ], [ -96.648149, 32.692905 ], [ -96.64816, 32.692939 ], [ -96.6482, 32.692973 ], [ -96.648263, 32.693016 ], [ -96.648327, 32.69306 ], [ -96.648367, 32.693185 ], [ -96.648355, 32.693292 ], [ -96.648292, 32.69334 ], [ -96.648224, 32.693368 ], [ -96.648173, 32.693379 ], [ -96.648173, 32.693418 ], [ -96.648207, 32.693447 ], [ -96.648275, 32.693441 ], [ -96.648419, 32.693422 ] ], [ [ -96.64346, 32.727957 ], [ -96.643569, 32.727963 ], [ -96.643834, 32.727944 ], [ -96.644, 32.727953 ], [ -96.644286, 32.727961 ], [ -96.644636, 32.727978 ], [ -96.644935, 32.727978 ], [ -96.645227, 32.72793 ], [ -96.645357, 32.72788 ], [ -96.645385, 32.72786 ], [ -96.645394, 32.727824 ], [ -96.645387, 32.727715 ], [ -96.645402, 32.727697 ], [ -96.645438, 32.727674 ], [ -96.645455, 32.727643 ], [ -96.645455, 32.727612 ], [ -96.645408, 32.727444 ], [ -96.64536, 32.727151 ], [ -96.645337, 32.727089 ], [ -96.645284, 32.72702 ], [ -96.645214, 32.72695 ], [ -96.645142, 32.726854 ], [ -96.645126, 32.726821 ], [ -96.6451, 32.72681 ], [ -96.64507, 32.726813 ], [ -96.645037, 32.726826 ], [ -96.644991, 32.726832 ], [ -96.644951, 32.726832 ], [ -96.644894, 32.726819 ], [ -96.644806, 32.72692 ], [ -96.644724, 32.726989 ], [ -96.644523, 32.727105 ], [ -96.644408, 32.727136 ], [ -96.644357, 32.727142 ], [ -96.644274, 32.727147 ], [ -96.644035, 32.72714 ], [ -96.643957, 32.727128 ], [ -96.643717, 32.727131 ], [ -96.643575, 32.72714 ], [ -96.643469, 32.727155 ], [ -96.643414, 32.727173 ], [ -96.643326, 32.727217 ], [ -96.64317, 32.727314 ], [ -96.642995, 32.72746 ], [ -96.642931, 32.727538 ], [ -96.642903, 32.727615 ], [ -96.642903, 32.727651 ], [ -96.642926, 32.727747 ], [ -96.64299, 32.727843 ], [ -96.643032, 32.727883 ], [ -96.643073, 32.72791 ], [ -96.643188, 32.727953 ], [ -96.64328, 32.727967 ], [ -96.643354, 32.727967 ], [ -96.64346, 32.727957 ] ], [ [ -96.641945, 32.841504 ], [ -96.641935, 32.841606 ], [ -96.641935, 32.841707 ], [ -96.64194, 32.841777 ], [ -96.641971, 32.841811 ], [ -96.642028, 32.841804 ], [ -96.642107, 32.841773 ], [ -96.642185, 32.841721 ], [ -96.642273, 32.841672 ], [ -96.642352, 32.841641 ], [ -96.642426, 32.841594 ], [ -96.642474, 32.841537 ], [ -96.642495, 32.841512 ], [ -96.64256, 32.841414 ], [ -96.642582, 32.841326 ], [ -96.642588, 32.841264 ], [ -96.642555, 32.841213 ], [ -96.642505, 32.841182 ], [ -96.642472, 32.841178 ], [ -96.64244, 32.841186 ], [ -96.642412, 32.841229 ], [ -96.642366, 32.841267 ], [ -96.642338, 32.841306 ], [ -96.64231, 32.841318 ], [ -96.642287, 32.841306 ], [ -96.642255, 32.841264 ], [ -96.642208, 32.841248 ], [ -96.642162, 32.841251 ], [ -96.64212, 32.841282 ], [ -96.642042, 32.841321 ], [ -96.641985, 32.841357 ], [ -96.641949, 32.841406 ], [ -96.641945, 32.841504 ] ], [ [ -96.641518, 32.842084 ], [ -96.641485, 32.842118 ], [ -96.641448, 32.842173 ], [ -96.641434, 32.842232 ], [ -96.641425, 32.842368 ], [ -96.641434, 32.842433 ], [ -96.641522, 32.842438 ], [ -96.641726, 32.842413 ], [ -96.641814, 32.842395 ], [ -96.641934, 32.842325 ], [ -96.642031, 32.842294 ], [ -96.64211, 32.84225 ], [ -96.64224, 32.842123 ], [ -96.642341, 32.842053 ], [ -96.642503, 32.841889 ], [ -96.642517, 32.841796 ], [ -96.642471, 32.841765 ], [ -96.642455, 32.841758 ], [ -96.642406, 32.841738 ], [ -96.642314, 32.841734 ], [ -96.642212, 32.841749 ], [ -96.64198, 32.841873 ], [ -96.641916, 32.841948 ], [ -96.641818, 32.842018 ], [ -96.641726, 32.842036 ], [ -96.641629, 32.842045 ], [ -96.641559, 32.842061 ], [ -96.641518, 32.842084 ] ], [ [ -96.639633, 32.843849 ], [ -96.639675, 32.843868 ], [ -96.639712, 32.843845 ], [ -96.639721, 32.843801 ], [ -96.639758, 32.843756 ], [ -96.639832, 32.843736 ], [ -96.639845, 32.843736 ], [ -96.639906, 32.843736 ], [ -96.639948, 32.84377 ], [ -96.639976, 32.843896 ], [ -96.639999, 32.84395 ], [ -96.640031, 32.843992 ], [ -96.640068, 32.844008 ], [ -96.640115, 32.844008 ], [ -96.640142, 32.843958 ], [ -96.640124, 32.843899 ], [ -96.640082, 32.843814 ], [ -96.640045, 32.843721 ], [ -96.639994, 32.843662 ], [ -96.639939, 32.843618 ], [ -96.639874, 32.843608 ], [ -96.63968, 32.8436 ], [ -96.639619, 32.843612 ], [ -96.639564, 32.843639 ], [ -96.639545, 32.843688 ], [ -96.639568, 32.843756 ], [ -96.639592, 32.843809 ], [ -96.639633, 32.843849 ] ], [ [ -96.586916, 32.651127 ], [ -96.586904, 32.651187 ], [ -96.586884, 32.651266 ], [ -96.586859, 32.651331 ], [ -96.586847, 32.651376 ], [ -96.58681, 32.651449 ], [ -96.586835, 32.651511 ], [ -96.58688, 32.651548 ], [ -96.586937, 32.651572 ], [ -96.586986, 32.651566 ], [ -96.587027, 32.651541 ], [ -96.58708, 32.651497 ], [ -96.587141, 32.651432 ], [ -96.58719, 32.65139 ], [ -96.587206, 32.651345 ], [ -96.587206, 32.651322 ], [ -96.587182, 32.651294 ], [ -96.587145, 32.651263 ], [ -96.587112, 32.651204 ], [ -96.58708, 32.651128 ], [ -96.587022, 32.651078 ], [ -96.586986, 32.651057 ], [ -96.586953, 32.651057 ], [ -96.586924, 32.651083 ], [ -96.586916, 32.651127 ] ], [ [ -96.595791, 32.665539 ], [ -96.595828, 32.665582 ], [ -96.595869, 32.665639 ], [ -96.595947, 32.6657 ], [ -96.595979, 32.665703 ], [ -96.596031, 32.665691 ], [ -96.596093, 32.665687 ], [ -96.596124, 32.665695 ], [ -96.596155, 32.665695 ], [ -96.596187, 32.665678 ], [ -96.596197, 32.665608 ], [ -96.596197, 32.665522 ], [ -96.596202, 32.665495 ], [ -96.596228, 32.665469 ], [ -96.5963, 32.665382 ], [ -96.596236, 32.665357 ], [ -96.596186, 32.665353 ], [ -96.596127, 32.66536 ], [ -96.596057, 32.665365 ], [ -96.595968, 32.665377 ], [ -96.595785, 32.665394 ], [ -96.595721, 32.665411 ], [ -96.59575, 32.665481 ], [ -96.595791, 32.665539 ] ], [ [ -96.598294, 32.666436 ], [ -96.598222, 32.666384 ], [ -96.598119, 32.666375 ], [ -96.598021, 32.666419 ], [ -96.597995, 32.666488 ], [ -96.597996, 32.666562 ], [ -96.59799, 32.666654 ], [ -96.598006, 32.66668 ], [ -96.598055, 32.666726 ], [ -96.598087, 32.666732 ], [ -96.598113, 32.666719 ], [ -96.598186, 32.666667 ], [ -96.598259, 32.666642 ], [ -96.598305, 32.666588 ], [ -96.59832, 32.666532 ], [ -96.598315, 32.666484 ], [ -96.598294, 32.666436 ] ], [ [ -96.600319, 32.667192 ], [ -96.600245, 32.667189 ], [ -96.60016, 32.667209 ], [ -96.599997, 32.667271 ], [ -96.599937, 32.667306 ], [ -96.599994, 32.667356 ], [ -96.600017, 32.667377 ], [ -96.600121, 32.667434 ], [ -96.600185, 32.667451 ], [ -96.600245, 32.667447 ], [ -96.600294, 32.667417 ], [ -96.600324, 32.667385 ], [ -96.600354, 32.667339 ], [ -96.600374, 32.667288 ], [ -96.600379, 32.667226 ], [ -96.600319, 32.667192 ] ], [ [ -96.596124, 32.667879 ], [ -96.596202, 32.667944 ], [ -96.596244, 32.667952 ], [ -96.596296, 32.667949 ], [ -96.596301, 32.667901 ], [ -96.596296, 32.667856 ], [ -96.596223, 32.667783 ], [ -96.596145, 32.667748 ], [ -96.596084, 32.667761 ], [ -96.596057, 32.667796 ], [ -96.596124, 32.667879 ] ], [ [ -96.60417, 32.668395 ], [ -96.60422, 32.668492 ], [ -96.604286, 32.668526 ], [ -96.604326, 32.668517 ], [ -96.604367, 32.668499 ], [ -96.604453, 32.668423 ], [ -96.604539, 32.668355 ], [ -96.604579, 32.668305 ], [ -96.604619, 32.668246 ], [ -96.604638, 32.668183 ], [ -96.604649, 32.668107 ], [ -96.604669, 32.668086 ], [ -96.604714, 32.668076 ], [ -96.604755, 32.668056 ], [ -96.60477, 32.668025 ], [ -96.604765, 32.667992 ], [ -96.604739, 32.667958 ], [ -96.604699, 32.667937 ], [ -96.604654, 32.667924 ], [ -96.604614, 32.667899 ], [ -96.604574, 32.667865 ], [ -96.604533, 32.667839 ], [ -96.604498, 32.667822 ], [ -96.604427, 32.667817 ], [ -96.604368, 32.667834 ], [ -96.604191, 32.667869 ], [ -96.604004, 32.667886 ], [ -96.603908, 32.667883 ], [ -96.603858, 32.66792 ], [ -96.603782, 32.66795 ], [ -96.603717, 32.667988 ], [ -96.603622, 32.668072 ], [ -96.603606, 32.668097 ], [ -96.603611, 32.668127 ], [ -96.603637, 32.668144 ], [ -96.603762, 32.668178 ], [ -96.603817, 32.668187 ], [ -96.603872, 32.668187 ], [ -96.603912, 32.668195 ], [ -96.603953, 32.668207 ], [ -96.603978, 32.668238 ], [ -96.603998, 32.668285 ], [ -96.604023, 32.66831 ], [ -96.604135, 32.668365 ], [ -96.60417, 32.668395 ] ], [ [ -96.597012, 32.669597 ], [ -96.596995, 32.669598 ], [ -96.596975, 32.6696 ], [ -96.596955, 32.669608 ], [ -96.596949, 32.669637 ], [ -96.596954, 32.669665 ], [ -96.596993, 32.669699 ], [ -96.597046, 32.669727 ], [ -96.59709, 32.669741 ], [ -96.597317, 32.669749 ], [ -96.59748, 32.669786 ], [ -96.597525, 32.669786 ], [ -96.597564, 32.669774 ], [ -96.597599, 32.66975 ], [ -96.597618, 32.669718 ], [ -96.597614, 32.669689 ], [ -96.597596, 32.66965 ], [ -96.597581, 32.669635 ], [ -96.597496, 32.669568 ], [ -96.597447, 32.669539 ], [ -96.597383, 32.669509 ], [ -96.597323, 32.669489 ], [ -96.597264, 32.669509 ], [ -96.597086, 32.669593 ], [ -96.597047, 32.669602 ], [ -96.597012, 32.669597 ] ], [ [ -96.601332, 32.671727 ], [ -96.601336, 32.67174 ], [ -96.601356, 32.671779 ], [ -96.601391, 32.671802 ], [ -96.60143, 32.671808 ], [ -96.601474, 32.671802 ], [ -96.601499, 32.671795 ], [ -96.601519, 32.67177 ], [ -96.601524, 32.671738 ], [ -96.601558, 32.671702 ], [ -96.601603, 32.671663 ], [ -96.601667, 32.671623 ], [ -96.601711, 32.671585 ], [ -96.601746, 32.671544 ], [ -96.601775, 32.671494 ], [ -96.601781, 32.671361 ], [ -96.601732, 32.671341 ], [ -96.601579, 32.671329 ], [ -96.60151, 32.671336 ], [ -96.601466, 32.671348 ], [ -96.601436, 32.671381 ], [ -96.601421, 32.671426 ], [ -96.601441, 32.67151 ], [ -96.601421, 32.671564 ], [ -96.601357, 32.671617 ], [ -96.601328, 32.671654 ], [ -96.601323, 32.671696 ], [ -96.601332, 32.671727 ] ], [ [ -96.600528, 32.672206 ], [ -96.600468, 32.672252 ], [ -96.600419, 32.672272 ], [ -96.600389, 32.672302 ], [ -96.600389, 32.672348 ], [ -96.600444, 32.672344 ], [ -96.600508, 32.672319 ], [ -96.600552, 32.67228 ], [ -96.600617, 32.672235 ], [ -96.600691, 32.672202 ], [ -96.600774, 32.672186 ], [ -96.600829, 32.67214 ], [ -96.600878, 32.672114 ], [ -96.600908, 32.672086 ], [ -96.600942, 32.67204 ], [ -96.600947, 32.671985 ], [ -96.600942, 32.671923 ], [ -96.600799, 32.67194 ], [ -96.600725, 32.671965 ], [ -96.600656, 32.672007 ], [ -96.600617, 32.672065 ], [ -96.600597, 32.672114 ], [ -96.600528, 32.672206 ] ], [ [ -96.611648, 32.673693 ], [ -96.611632, 32.673629 ], [ -96.61161, 32.673565 ], [ -96.61155, 32.673523 ], [ -96.611429, 32.673457 ], [ -96.611407, 32.673426 ], [ -96.611374, 32.673426 ], [ -96.611368, 32.673477 ], [ -96.611368, 32.673541 ], [ -96.611385, 32.673611 ], [ -96.611418, 32.673657 ], [ -96.6115, 32.67375 ], [ -96.611563, 32.673786 ], [ -96.611637, 32.673782 ], [ -96.611654, 32.67374 ], [ -96.611648, 32.673693 ] ], [ [ -96.611198, 32.674567 ], [ -96.611153, 32.674628 ], [ -96.611089, 32.674782 ], [ -96.61108, 32.674827 ], [ -96.61108, 32.674889 ], [ -96.611098, 32.674934 ], [ -96.611135, 32.674982 ], [ -96.611198, 32.675027 ], [ -96.611253, 32.675043 ], [ -96.611308, 32.675051 ], [ -96.611372, 32.675043 ], [ -96.611454, 32.674996 ], [ -96.6115, 32.674943 ], [ -96.611536, 32.67472 ], [ -96.611536, 32.674613 ], [ -96.611506, 32.674559 ], [ -96.611463, 32.674536 ], [ -96.611399, 32.67452 ], [ -96.611335, 32.674497 ], [ -96.611271, 32.674512 ], [ -96.611235, 32.674536 ], [ -96.611198, 32.674567 ] ], [ [ -96.583047, 32.677356 ], [ -96.583079, 32.677338 ], [ -96.583074, 32.677293 ], [ -96.583084, 32.677194 ], [ -96.583145, 32.677066 ], [ -96.583181, 32.677028 ], [ -96.583236, 32.677 ], [ -96.583299, 32.676975 ], [ -96.583389, 32.676954 ], [ -96.583489, 32.676941 ], [ -96.583655, 32.676947 ], [ -96.583754, 32.676932 ], [ -96.583825, 32.676913 ], [ -96.583883, 32.676892 ], [ -96.583907, 32.676867 ], [ -96.583913, 32.676834 ], [ -96.583901, 32.676803 ], [ -96.583822, 32.676644 ], [ -96.583769, 32.676594 ], [ -96.583729, 32.67653 ], [ -96.583677, 32.676422 ], [ -96.583602, 32.676366 ], [ -96.583547, 32.67624 ], [ -96.583524, 32.676226 ], [ -96.58348, 32.676234 ], [ -96.583404, 32.67624 ], [ -96.583349, 32.676256 ], [ -96.583301, 32.676318 ], [ -96.583275, 32.676328 ], [ -96.583236, 32.676344 ], [ -96.583184, 32.676417 ], [ -96.583138, 32.676465 ], [ -96.583132, 32.676513 ], [ -96.583132, 32.676564 ], [ -96.583167, 32.676662 ], [ -96.583147, 32.676691 ], [ -96.583101, 32.67672 ], [ -96.583077, 32.676771 ], [ -96.583016, 32.676854 ], [ -96.582977, 32.6769 ], [ -96.582925, 32.676944 ], [ -96.582841, 32.677 ], [ -96.582804, 32.677028 ], [ -96.582786, 32.677051 ], [ -96.582788, 32.67707 ], [ -96.582815, 32.677085 ], [ -96.582856, 32.677079 ], [ -96.582904, 32.677121 ], [ -96.582926, 32.677149 ], [ -96.582965, 32.677174 ], [ -96.58296, 32.677211 ], [ -96.582965, 32.677325 ], [ -96.582987, 32.677349 ], [ -96.583011, 32.677356 ], [ -96.583047, 32.677356 ] ], [ [ -96.582604, 32.677183 ], [ -96.58256, 32.677194 ], [ -96.582512, 32.677211 ], [ -96.58249, 32.677233 ], [ -96.58246, 32.677261 ], [ -96.582437, 32.6773 ], [ -96.582437, 32.677362 ], [ -96.582444, 32.677405 ], [ -96.582474, 32.677421 ], [ -96.582547, 32.677442 ], [ -96.582609, 32.677446 ], [ -96.582651, 32.677422 ], [ -96.58266, 32.677411 ], [ -96.582684, 32.677382 ], [ -96.582701, 32.677354 ], [ -96.582716, 32.677281 ], [ -96.582692, 32.677239 ], [ -96.58266, 32.677205 ], [ -96.582604, 32.677183 ] ], [ [ -96.589876, 32.679209 ], [ -96.589787, 32.67919 ], [ -96.589753, 32.679194 ], [ -96.589727, 32.679217 ], [ -96.589718, 32.679262 ], [ -96.589727, 32.679311 ], [ -96.58976, 32.679398 ], [ -96.589813, 32.679431 ], [ -96.589847, 32.67946 ], [ -96.589876, 32.679469 ], [ -96.589906, 32.679474 ], [ -96.590006, 32.679443 ], [ -96.590055, 32.679403 ], [ -96.590124, 32.679374 ], [ -96.590193, 32.67932 ], [ -96.590209, 32.679282 ], [ -96.590154, 32.679265 ], [ -96.589988, 32.679269 ], [ -96.589945, 32.679262 ], [ -96.589915, 32.679244 ], [ -96.589876, 32.679209 ] ], [ [ -96.589069, 32.679256 ], [ -96.58906, 32.679307 ], [ -96.58906, 32.679343 ], [ -96.589095, 32.679426 ], [ -96.589164, 32.679527 ], [ -96.589198, 32.679589 ], [ -96.589219, 32.679654 ], [ -96.589245, 32.679693 ], [ -96.589284, 32.679722 ], [ -96.589339, 32.679733 ], [ -96.589395, 32.679712 ], [ -96.589455, 32.679679 ], [ -96.589531, 32.67965 ], [ -96.589588, 32.679589 ], [ -96.58964, 32.679541 ], [ -96.589653, 32.679509 ], [ -96.58964, 32.679408 ], [ -96.589601, 32.679307 ], [ -96.589567, 32.679234 ], [ -96.589533, 32.679212 ], [ -96.589481, 32.679201 ], [ -96.589425, 32.679195 ], [ -96.589356, 32.679178 ], [ -96.589292, 32.679195 ], [ -96.589146, 32.679187 ], [ -96.589095, 32.679206 ], [ -96.589069, 32.679256 ] ], [ [ -96.578397, 32.679595 ], [ -96.578345, 32.679602 ], [ -96.578308, 32.67962 ], [ -96.578293, 32.679627 ], [ -96.578259, 32.679667 ], [ -96.578233, 32.679707 ], [ -96.578224, 32.679751 ], [ -96.578255, 32.679788 ], [ -96.578345, 32.679834 ], [ -96.578397, 32.67985 ], [ -96.578445, 32.679857 ], [ -96.578501, 32.679857 ], [ -96.578558, 32.679828 ], [ -96.578605, 32.679802 ], [ -96.578644, 32.679788 ], [ -96.578657, 32.679761 ], [ -96.57864, 32.679733 ], [ -96.578601, 32.679699 ], [ -96.578497, 32.679637 ], [ -96.578458, 32.679605 ], [ -96.578397, 32.679595 ] ], [ [ -96.578185, 32.67985 ], [ -96.578146, 32.679824 ], [ -96.578103, 32.679802 ], [ -96.578012, 32.679853 ], [ -96.577964, 32.679893 ], [ -96.577925, 32.679944 ], [ -96.577912, 32.679988 ], [ -96.577917, 32.680036 ], [ -96.577947, 32.680072 ], [ -96.57799, 32.680101 ], [ -96.578077, 32.680116 ], [ -96.578133, 32.680104 ], [ -96.578177, 32.680087 ], [ -96.578229, 32.68005 ], [ -96.578255, 32.679996 ], [ -96.578263, 32.679958 ], [ -96.57825, 32.679926 ], [ -96.57824, 32.679913 ], [ -96.57822, 32.679886 ], [ -96.578185, 32.67985 ] ], [ [ -96.579885, 32.679937 ], [ -96.579855, 32.679951 ], [ -96.579822, 32.679955 ], [ -96.579768, 32.680017 ], [ -96.579763, 32.680058 ], [ -96.579768, 32.680075 ], [ -96.579773, 32.680123 ], [ -96.579768, 32.680231 ], [ -96.579779, 32.680276 ], [ -96.57982, 32.680287 ], [ -96.579851, 32.680276 ], [ -96.579903, 32.680242 ], [ -96.58002, 32.680185 ], [ -96.580069, 32.680152 ], [ -96.580046, 32.680093 ], [ -96.580007, 32.680021 ], [ -96.579989, 32.679977 ], [ -96.579968, 32.67994 ], [ -96.579959, 32.67991 ], [ -96.579933, 32.6799 ], [ -96.579907, 32.67991 ], [ -96.579885, 32.679937 ] ], [ [ -96.605196, 32.680875 ], [ -96.6052, 32.680833 ], [ -96.605187, 32.680729 ], [ -96.605213, 32.680705 ], [ -96.605251, 32.680684 ], [ -96.605391, 32.680641 ], [ -96.605467, 32.680612 ], [ -96.605615, 32.68054 ], [ -96.605683, 32.680484 ], [ -96.605767, 32.680422 ], [ -96.605848, 32.680352 ], [ -96.605894, 32.680301 ], [ -96.60592, 32.680259 ], [ -96.606021, 32.680128 ], [ -96.606047, 32.680081 ], [ -96.606064, 32.680021 ], [ -96.606, 32.679982 ], [ -96.605941, 32.67996 ], [ -96.605848, 32.679935 ], [ -96.605776, 32.679924 ], [ -96.605581, 32.679935 ], [ -96.605522, 32.679932 ], [ -96.605467, 32.67991 ], [ -96.605416, 32.679871 ], [ -96.605297, 32.679814 ], [ -96.605183, 32.679782 ], [ -96.605111, 32.679754 ], [ -96.605056, 32.679738 ], [ -96.60501, 32.679736 ], [ -96.604942, 32.67975 ], [ -96.604878, 32.679768 ], [ -96.604867, 32.679772 ], [ -96.604781, 32.679803 ], [ -96.604726, 32.679817 ], [ -96.604641, 32.679828 ], [ -96.604586, 32.67985 ], [ -96.60454, 32.679878 ], [ -96.604518, 32.679913 ], [ -96.604493, 32.679927 ], [ -96.604463, 32.679927 ], [ -96.604438, 32.679918 ], [ -96.6044, 32.679921 ], [ -96.604332, 32.679946 ], [ -96.604256, 32.679982 ], [ -96.60418, 32.680031 ], [ -96.604099, 32.68011 ], [ -96.603994, 32.68022 ], [ -96.603972, 32.680259 ], [ -96.603964, 32.680298 ], [ -96.604121, 32.680298 ], [ -96.604281, 32.680273 ], [ -96.60465, 32.680152 ], [ -96.604743, 32.680149 ], [ -96.604849, 32.680194 ], [ -96.604895, 32.680231 ], [ -96.604988, 32.680317 ], [ -96.605014, 32.68038 ], [ -96.604988, 32.680434 ], [ -96.604933, 32.68048 ], [ -96.604819, 32.680594 ], [ -96.604772, 32.680659 ], [ -96.604709, 32.68079 ], [ -96.604671, 32.680943 ], [ -96.604629, 32.681083 ], [ -96.60462, 32.681147 ], [ -96.604607, 32.681196 ], [ -96.604586, 32.681246 ], [ -96.604548, 32.681314 ], [ -96.604506, 32.681368 ], [ -96.604455, 32.681403 ], [ -96.604421, 32.681435 ], [ -96.604417, 32.681464 ], [ -96.604421, 32.681482 ], [ -96.604438, 32.681514 ], [ -96.60448, 32.681524 ], [ -96.604565, 32.681482 ], [ -96.604629, 32.681457 ], [ -96.604671, 32.681427 ], [ -96.604912, 32.681168 ], [ -96.605048, 32.681004 ], [ -96.605179, 32.680915 ], [ -96.605196, 32.680875 ] ], [ [ -96.603827, 32.681518 ], [ -96.603794, 32.681522 ], [ -96.603751, 32.681531 ], [ -96.603722, 32.681545 ], [ -96.603709, 32.68157 ], [ -96.603709, 32.681595 ], [ -96.603716, 32.681618 ], [ -96.60372, 32.681632 ], [ -96.603745, 32.681677 ], [ -96.603889, 32.681674 ], [ -96.604012, 32.681658 ], [ -96.604058, 32.681644 ], [ -96.604096, 32.681622 ], [ -96.604113, 32.681605 ], [ -96.60413, 32.681572 ], [ -96.604144, 32.681523 ], [ -96.604077, 32.68147 ], [ -96.604035, 32.681451 ], [ -96.603984, 32.681456 ], [ -96.603887, 32.681501 ], [ -96.603827, 32.681518 ] ], [ [ -96.563469, 32.681649 ], [ -96.563493, 32.681684 ], [ -96.56352, 32.681709 ], [ -96.563539, 32.681718 ], [ -96.563604, 32.681713 ], [ -96.56362, 32.681701 ], [ -96.563663, 32.681641 ], [ -96.563705, 32.681625 ], [ -96.563746, 32.681633 ], [ -96.563805, 32.681613 ], [ -96.563897, 32.681587 ], [ -96.563918, 32.681581 ], [ -96.564009, 32.68154 ], [ -96.564141, 32.681505 ], [ -96.564198, 32.681497 ], [ -96.564208, 32.681461 ], [ -96.564179, 32.681437 ], [ -96.563843, 32.681422 ], [ -96.563782, 32.681395 ], [ -96.563754, 32.681362 ], [ -96.563711, 32.681326 ], [ -96.563644, 32.681302 ], [ -96.56353, 32.681278 ], [ -96.56345, 32.681302 ], [ -96.563373, 32.68131 ], [ -96.563326, 32.681334 ], [ -96.563317, 32.681406 ], [ -96.563332, 32.68147 ], [ -96.56337, 32.68151 ], [ -96.563403, 32.681569 ], [ -96.563469, 32.681649 ] ], [ [ -96.585763, 32.682631 ], [ -96.585784, 32.682605 ], [ -96.585799, 32.682574 ], [ -96.585831, 32.682533 ], [ -96.585873, 32.682502 ], [ -96.58591, 32.682468 ], [ -96.585968, 32.68245 ], [ -96.58601, 32.68245 ], [ -96.586047, 32.682477 ], [ -96.586052, 32.682507 ], [ -96.586089, 32.682595 ], [ -96.586115, 32.682631 ], [ -96.586152, 32.682645 ], [ -96.586225, 32.682595 ], [ -96.586225, 32.682574 ], [ -96.586199, 32.682512 ], [ -96.586162, 32.682477 ], [ -96.586136, 32.682437 ], [ -96.586099, 32.682406 ], [ -96.586052, 32.682375 ], [ -96.58602, 32.682335 ], [ -96.585983, 32.682304 ], [ -96.585936, 32.682291 ], [ -96.585899, 32.682291 ], [ -96.585873, 32.682299 ], [ -96.585747, 32.682415 ], [ -96.585672, 32.682474 ], [ -96.585647, 32.682494 ], [ -96.585631, 32.68253 ], [ -96.585642, 32.682578 ], [ -96.585689, 32.68264 ], [ -96.58571, 32.682648 ], [ -96.585763, 32.682631 ] ], [ [ -96.565624, 32.682065 ], [ -96.565596, 32.682097 ], [ -96.565576, 32.6822 ], [ -96.565576, 32.682236 ], [ -96.565596, 32.682264 ], [ -96.565629, 32.682267 ], [ -96.565696, 32.682248 ], [ -96.565807, 32.682248 ], [ -96.565868, 32.682231 ], [ -96.565918, 32.682224 ], [ -96.565963, 32.682224 ], [ -96.566009, 32.682231 ], [ -96.566058, 32.68222 ], [ -96.566094, 32.682191 ], [ -96.566107, 32.682161 ], [ -96.566099, 32.68213 ], [ -96.565933, 32.682015 ], [ -96.565897, 32.681984 ], [ -96.565817, 32.681928 ], [ -96.565776, 32.681912 ], [ -96.565737, 32.681912 ], [ -96.565704, 32.681928 ], [ -96.56568, 32.681948 ], [ -96.565661, 32.681984 ], [ -96.565652, 32.682015 ], [ -96.565624, 32.682065 ] ], [ [ -96.579594, 32.682223 ], [ -96.579559, 32.68224 ], [ -96.579555, 32.682263 ], [ -96.579568, 32.682291 ], [ -96.579576, 32.682332 ], [ -96.579572, 32.682372 ], [ -96.57955, 32.682409 ], [ -96.57952, 32.682442 ], [ -96.57952, 32.682485 ], [ -96.579533, 32.682515 ], [ -96.579563, 32.682558 ], [ -96.579628, 32.682628 ], [ -96.579663, 32.682646 ], [ -96.579693, 32.682653 ], [ -96.57975, 32.682657 ], [ -96.579754, 32.682598 ], [ -96.579737, 32.682572 ], [ -96.579745, 32.682493 ], [ -96.579728, 32.682416 ], [ -96.579689, 32.682299 ], [ -96.579646, 32.682259 ], [ -96.579628, 32.682237 ], [ -96.579594, 32.682223 ] ], [ [ -96.580043, 32.683306 ], [ -96.580039, 32.683366 ], [ -96.580053, 32.683432 ], [ -96.580079, 32.683456 ], [ -96.580135, 32.683492 ], [ -96.580158, 32.683502 ], [ -96.580187, 32.683514 ], [ -96.580218, 32.683535 ], [ -96.580251, 32.683549 ], [ -96.580271, 32.683574 ], [ -96.580312, 32.683588 ], [ -96.580353, 32.683591 ], [ -96.580394, 32.683588 ], [ -96.580486, 32.683551 ], [ -96.58052, 32.68349 ], [ -96.580522, 32.683459 ], [ -96.580504, 32.683352 ], [ -96.580461, 32.683219 ], [ -96.580432, 32.683186 ], [ -96.580389, 32.683179 ], [ -96.580295, 32.683154 ], [ -96.58025, 32.683169 ], [ -96.580225, 32.683174 ], [ -96.580205, 32.683166 ], [ -96.580181, 32.683149 ], [ -96.580156, 32.683143 ], [ -96.58012, 32.683169 ], [ -96.580115, 32.683214 ], [ -96.580107, 32.683231 ], [ -96.580051, 32.683275 ], [ -96.580043, 32.683306 ] ], [ [ -96.583383, 32.683358 ], [ -96.583339, 32.683335 ], [ -96.583283, 32.683338 ], [ -96.583248, 32.683354 ], [ -96.583226, 32.68338 ], [ -96.583213, 32.683442 ], [ -96.583192, 32.683489 ], [ -96.583192, 32.683507 ], [ -96.583192, 32.683532 ], [ -96.583205, 32.683584 ], [ -96.583226, 32.683635 ], [ -96.583287, 32.683605 ], [ -96.583335, 32.683577 ], [ -96.583383, 32.683537 ], [ -96.583422, 32.683495 ], [ -96.583439, 32.683453 ], [ -96.583422, 32.683401 ], [ -96.583383, 32.683358 ] ], [ [ -96.577087, 32.683338 ], [ -96.577031, 32.683371 ], [ -96.576984, 32.683414 ], [ -96.576937, 32.68347 ], [ -96.576927, 32.683501 ], [ -96.576932, 32.683542 ], [ -96.576953, 32.683586 ], [ -96.577061, 32.683706 ], [ -96.577096, 32.683731 ], [ -96.577139, 32.683738 ], [ -96.577178, 32.683731 ], [ -96.577299, 32.683655 ], [ -96.577347, 32.683615 ], [ -96.577399, 32.683563 ], [ -96.577416, 32.68352 ], [ -96.577412, 32.683476 ], [ -96.577347, 32.683377 ], [ -96.577304, 32.683342 ], [ -96.577269, 32.683327 ], [ -96.577157, 32.683315 ], [ -96.577087, 32.683338 ] ], [ [ -96.574754, 32.683894 ], [ -96.574777, 32.683911 ], [ -96.574836, 32.683913 ], [ -96.574909, 32.683956 ], [ -96.574948, 32.683967 ], [ -96.57501, 32.684008 ], [ -96.575035, 32.684014 ], [ -96.575061, 32.68401 ], [ -96.575111, 32.683985 ], [ -96.575129, 32.683976 ], [ -96.575192, 32.683914 ], [ -96.575233, 32.683886 ], [ -96.575264, 32.68383 ], [ -96.575296, 32.683799 ], [ -96.575319, 32.683731 ], [ -96.575312, 32.683698 ], [ -96.575286, 32.683677 ], [ -96.575262, 32.683664 ], [ -96.575226, 32.683666 ], [ -96.575195, 32.683663 ], [ -96.575075, 32.683635 ], [ -96.575026, 32.683601 ], [ -96.575007, 32.68358 ], [ -96.574968, 32.683559 ], [ -96.574903, 32.683547 ], [ -96.574883, 32.683557 ], [ -96.574833, 32.683598 ], [ -96.574744, 32.683641 ], [ -96.574718, 32.683682 ], [ -96.574689, 32.683756 ], [ -96.574689, 32.683794 ], [ -96.574709, 32.68384 ], [ -96.574754, 32.683894 ] ], [ [ -96.568913, 32.683546 ], [ -96.568868, 32.68356 ], [ -96.568835, 32.683584 ], [ -96.568816, 32.683605 ], [ -96.568807, 32.683677 ], [ -96.568826, 32.683715 ], [ -96.568909, 32.683813 ], [ -96.568967, 32.683833 ], [ -96.569008, 32.683864 ], [ -96.569108, 32.68392 ], [ -96.569137, 32.683917 ], [ -96.569162, 32.6839 ], [ -96.569174, 32.683872 ], [ -96.569207, 32.683833 ], [ -96.569231, 32.683727 ], [ -96.569214, 32.683685 ], [ -96.569186, 32.683657 ], [ -96.569104, 32.683608 ], [ -96.569058, 32.68357 ], [ -96.568955, 32.683542 ], [ -96.568913, 32.683546 ] ], [ [ -96.575254, 32.683914 ], [ -96.575213, 32.683977 ], [ -96.575209, 32.684004 ], [ -96.575216, 32.684027 ], [ -96.575263, 32.684075 ], [ -96.575299, 32.684095 ], [ -96.57536, 32.68412 ], [ -96.575413, 32.684154 ], [ -96.575465, 32.684177 ], [ -96.575503, 32.684177 ], [ -96.57554, 32.684165 ], [ -96.575579, 32.684123 ], [ -96.575664, 32.684014 ], [ -96.575671, 32.684005 ], [ -96.575716, 32.683939 ], [ -96.575701, 32.683884 ], [ -96.575654, 32.683838 ], [ -96.57551, 32.683756 ], [ -96.575471, 32.683757 ], [ -96.575435, 32.683766 ], [ -96.5754, 32.683782 ], [ -96.575357, 32.683814 ], [ -96.575323, 32.683858 ], [ -96.575254, 32.683914 ] ], [ [ -96.57816, 32.68415 ], [ -96.578109, 32.684131 ], [ -96.578065, 32.684147 ], [ -96.578018, 32.684176 ], [ -96.577967, 32.684224 ], [ -96.577923, 32.684283 ], [ -96.577939, 32.684317 ], [ -96.57798, 32.684337 ], [ -96.578116, 32.684421 ], [ -96.578169, 32.68443 ], [ -96.57818, 32.68443 ], [ -96.578229, 32.68443 ], [ -96.578277, 32.684437 ], [ -96.578308, 32.684386 ], [ -96.578343, 32.684345 ], [ -96.578349, 32.684309 ], [ -96.578324, 32.684272 ], [ -96.57821, 32.684195 ], [ -96.57816, 32.68415 ] ], [ [ -96.590401, 32.684976 ], [ -96.590436, 32.684969 ], [ -96.590466, 32.684942 ], [ -96.590488, 32.684837 ], [ -96.590518, 32.684797 ], [ -96.590596, 32.684735 ], [ -96.590692, 32.684694 ], [ -96.590788, 32.68468 ], [ -96.590822, 32.684662 ], [ -96.590848, 32.68461 ], [ -96.590866, 32.684559 ], [ -96.59087, 32.684483 ], [ -96.590892, 32.68445 ], [ -96.590918, 32.684395 ], [ -96.590922, 32.684354 ], [ -96.590896, 32.684296 ], [ -96.590861, 32.684267 ], [ -96.590805, 32.684233 ], [ -96.590753, 32.684216 ], [ -96.590688, 32.684216 ], [ -96.590631, 32.68423 ], [ -96.590614, 32.684229 ], [ -96.590588, 32.684227 ], [ -96.590531, 32.684216 ], [ -96.59047, 32.684212 ], [ -96.590331, 32.684244 ], [ -96.590279, 32.684274 ], [ -96.590231, 32.684311 ], [ -96.590201, 32.684354 ], [ -96.590201, 32.684384 ], [ -96.59021, 32.684417 ], [ -96.590231, 32.68445 ], [ -96.59031, 32.684551 ], [ -96.590314, 32.684585 ], [ -96.59031, 32.684614 ], [ -96.59021, 32.684779 ], [ -96.590171, 32.684815 ], [ -96.590153, 32.684848 ], [ -96.590145, 32.684874 ], [ -96.590149, 32.68491 ], [ -96.590175, 32.684932 ], [ -96.590214, 32.68495 ], [ -96.590258, 32.684965 ], [ -96.590353, 32.684961 ], [ -96.590401, 32.684976 ] ], [ [ -96.5789, 32.684382 ], [ -96.578839, 32.684375 ], [ -96.578774, 32.684353 ], [ -96.578726, 32.684357 ], [ -96.578696, 32.684368 ], [ -96.57867, 32.684386 ], [ -96.578664, 32.6844 ], [ -96.578657, 32.684419 ], [ -96.578661, 32.684458 ], [ -96.5787, 32.684477 ], [ -96.578726, 32.68448 ], [ -96.57887, 32.684452 ], [ -96.578926, 32.684444 ], [ -96.578961, 32.684444 ], [ -96.579, 32.68443 ], [ -96.579, 32.684396 ], [ -96.578995, 32.684375 ], [ -96.578974, 32.684368 ], [ -96.578939, 32.684372 ], [ -96.5789, 32.684382 ] ], [ [ -96.565586, 32.684624 ], [ -96.565561, 32.684575 ], [ -96.565528, 32.684547 ], [ -96.565483, 32.684526 ], [ -96.565433, 32.684509 ], [ -96.565387, 32.684519 ], [ -96.565358, 32.68454 ], [ -96.565349, 32.684552 ], [ -96.565333, 32.684572 ], [ -96.565337, 32.68461 ], [ -96.565362, 32.684652 ], [ -96.565416, 32.684672 ], [ -96.565462, 32.68468 ], [ -96.565536, 32.684683 ], [ -96.565594, 32.684676 ], [ -96.565586, 32.684624 ] ], [ [ -96.604912, 32.685492 ], [ -96.604907, 32.685302 ], [ -96.604804, 32.68515 ], [ -96.604713, 32.68511 ], [ -96.604603, 32.685145 ], [ -96.604082, 32.685482 ], [ -96.604065, 32.685569 ], [ -96.604145, 32.685592 ], [ -96.604225, 32.685584 ], [ -96.604391, 32.685496 ], [ -96.604523, 32.685473 ], [ -96.604643, 32.685521 ], [ -96.604792, 32.685569 ], [ -96.604872, 32.685544 ], [ -96.604912, 32.685492 ] ], [ [ -96.607002, 32.686861 ], [ -96.60698, 32.686826 ], [ -96.606921, 32.68679 ], [ -96.606862, 32.686771 ], [ -96.606599, 32.686749 ], [ -96.606549, 32.68676 ], [ -96.606524, 32.686808 ], [ -96.606534, 32.686861 ], [ -96.606556, 32.687097 ], [ -96.606615, 32.687137 ], [ -96.606685, 32.687161 ], [ -96.606749, 32.687165 ], [ -96.606808, 32.687147 ], [ -96.606904, 32.687081 ], [ -96.606996, 32.686915 ], [ -96.607002, 32.686861 ] ], [ [ -96.575843, 32.687233 ], [ -96.575914, 32.687236 ], [ -96.575984, 32.68723 ], [ -96.576068, 32.68721 ], [ -96.576202, 32.687153 ], [ -96.576246, 32.687143 ], [ -96.576285, 32.687147 ], [ -96.576366, 32.687129 ], [ -96.576401, 32.687108 ], [ -96.576414, 32.687078 ], [ -96.576409, 32.687044 ], [ -96.576425, 32.687024 ], [ -96.576439, 32.686979 ], [ -96.576457, 32.686889 ], [ -96.576459, 32.686802 ], [ -96.576466, 32.686773 ], [ -96.576452, 32.686677 ], [ -96.576433, 32.686653 ], [ -96.576404, 32.686588 ], [ -96.576399, 32.686549 ], [ -96.576358, 32.686476 ], [ -96.576359, 32.686407 ], [ -96.576336, 32.686387 ], [ -96.576302, 32.686385 ], [ -96.576246, 32.686405 ], [ -96.576181, 32.68641 ], [ -96.576052, 32.686399 ], [ -96.575909, 32.6864 ], [ -96.575837, 32.686432 ], [ -96.575745, 32.686481 ], [ -96.575734, 32.686487 ], [ -96.575678, 32.686528 ], [ -96.575654, 32.686531 ], [ -96.575542, 32.686524 ], [ -96.575324, 32.68652 ], [ -96.575199, 32.686489 ], [ -96.575124, 32.686484 ], [ -96.575095, 32.686492 ], [ -96.575077, 32.68651 ], [ -96.57508, 32.686532 ], [ -96.575124, 32.68657 ], [ -96.575165, 32.686593 ], [ -96.575377, 32.686636 ], [ -96.575498, 32.686652 ], [ -96.575549, 32.686667 ], [ -96.575617, 32.686673 ], [ -96.575687, 32.686687 ], [ -96.575712, 32.686718 ], [ -96.575726, 32.686753 ], [ -96.575739, 32.686824 ], [ -96.575736, 32.686931 ], [ -96.575724, 32.686968 ], [ -96.575731, 32.687055 ], [ -96.575746, 32.687117 ], [ -96.57577, 32.687185 ], [ -96.57579, 32.687216 ], [ -96.575843, 32.687233 ] ], [ [ -96.579706, 32.687072 ], [ -96.579695, 32.687059 ], [ -96.579661, 32.687019 ], [ -96.579614, 32.686993 ], [ -96.579578, 32.686962 ], [ -96.579515, 32.686892 ], [ -96.579458, 32.686857 ], [ -96.579421, 32.68687 ], [ -96.5794, 32.686888 ], [ -96.57938, 32.686923 ], [ -96.579536, 32.687055 ], [ -96.579588, 32.687085 ], [ -96.579683, 32.687105 ], [ -96.579703, 32.687094 ], [ -96.579706, 32.687072 ] ], [ [ -96.584227, 32.687167 ], [ -96.584171, 32.687196 ], [ -96.584119, 32.687213 ], [ -96.584081, 32.687235 ], [ -96.584067, 32.68726 ], [ -96.584059, 32.687297 ], [ -96.584089, 32.687416 ], [ -96.584154, 32.68743 ], [ -96.584197, 32.687434 ], [ -96.584239, 32.68743 ], [ -96.584287, 32.68742 ], [ -96.584338, 32.687398 ], [ -96.584377, 32.687351 ], [ -96.584386, 32.687292 ], [ -96.584386, 32.687257 ], [ -96.584373, 32.687221 ], [ -96.584338, 32.687199 ], [ -96.584227, 32.687167 ] ], [ [ -96.585253, 32.687633 ], [ -96.585167, 32.687694 ], [ -96.58512, 32.687708 ], [ -96.585017, 32.687762 ], [ -96.585008, 32.687784 ], [ -96.585006, 32.687811 ], [ -96.585004, 32.687846 ], [ -96.585073, 32.687849 ], [ -96.585133, 32.687838 ], [ -96.585197, 32.687821 ], [ -96.585318, 32.687778 ], [ -96.585395, 32.687738 ], [ -96.585442, 32.68772 ], [ -96.585494, 32.687708 ], [ -96.585584, 32.687672 ], [ -96.585623, 32.687626 ], [ -96.585584, 32.687607 ], [ -96.585498, 32.687615 ], [ -96.585417, 32.68759 ], [ -96.585374, 32.68759 ], [ -96.585313, 32.687604 ], [ -96.585253, 32.687633 ] ], [ [ -96.58245, 32.688372 ], [ -96.582528, 32.688356 ], [ -96.582573, 32.688307 ], [ -96.582599, 32.688252 ], [ -96.582599, 32.688203 ], [ -96.582547, 32.688181 ], [ -96.582443, 32.688208 ], [ -96.582378, 32.688246 ], [ -96.582339, 32.688312 ], [ -96.582365, 32.688342 ], [ -96.582391, 32.688372 ], [ -96.58245, 32.688372 ] ], [ [ -96.583012, 32.68842 ], [ -96.582963, 32.688333 ], [ -96.58293, 32.688296 ], [ -96.582865, 32.688285 ], [ -96.582807, 32.688301 ], [ -96.582761, 32.688329 ], [ -96.582683, 32.6884 ], [ -96.582664, 32.688437 ], [ -96.582654, 32.688474 ], [ -96.582664, 32.688519 ], [ -96.582852, 32.68858 ], [ -96.582911, 32.688575 ], [ -96.582963, 32.688558 ], [ -96.583002, 32.688519 ], [ -96.583021, 32.688476 ], [ -96.583012, 32.68842 ] ], [ [ -96.578829, 32.68826 ], [ -96.578804, 32.688294 ], [ -96.578785, 32.688332 ], [ -96.57878, 32.688377 ], [ -96.578785, 32.688422 ], [ -96.578799, 32.688484 ], [ -96.578819, 32.688529 ], [ -96.578858, 32.688591 ], [ -96.578907, 32.688632 ], [ -96.57899, 32.688665 ], [ -96.579123, 32.688653 ], [ -96.579196, 32.688657 ], [ -96.57925, 32.688645 ], [ -96.579309, 32.688599 ], [ -96.579338, 32.688516 ], [ -96.57933, 32.688465 ], [ -96.579309, 32.688426 ], [ -96.579269, 32.688364 ], [ -96.57923, 32.688327 ], [ -96.579206, 32.688249 ], [ -96.579157, 32.688232 ], [ -96.579015, 32.688212 ], [ -96.578887, 32.68824 ], [ -96.578829, 32.68826 ] ], [ [ -96.582305, 32.688498 ], [ -96.582258, 32.688471 ], [ -96.582211, 32.688471 ], [ -96.582176, 32.688494 ], [ -96.582146, 32.688523 ], [ -96.582124, 32.688555 ], [ -96.582086, 32.688609 ], [ -96.582069, 32.68865 ], [ -96.582125, 32.688682 ], [ -96.582159, 32.688696 ], [ -96.582198, 32.688701 ], [ -96.582232, 32.688685 ], [ -96.582267, 32.688657 ], [ -96.58231, 32.688636 ], [ -96.582335, 32.688595 ], [ -96.582344, 32.688567 ], [ -96.582335, 32.688533 ], [ -96.582305, 32.688498 ] ], [ [ -96.579798, 32.689297 ], [ -96.579789, 32.68927 ], [ -96.579745, 32.68921 ], [ -96.579707, 32.689174 ], [ -96.57969, 32.689152 ], [ -96.57966, 32.689148 ], [ -96.579638, 32.689158 ], [ -96.579608, 32.68918 ], [ -96.579597, 32.689212 ], [ -96.579593, 32.689224 ], [ -96.579612, 32.689293 ], [ -96.579651, 32.689318 ], [ -96.57973, 32.689344 ], [ -96.579759, 32.689348 ], [ -96.579798, 32.689297 ] ], [ [ -96.588649, 32.689844 ], [ -96.588685, 32.689856 ], [ -96.588735, 32.689838 ], [ -96.588778, 32.689856 ], [ -96.588806, 32.68988 ], [ -96.58887, 32.689904 ], [ -96.588935, 32.689951 ], [ -96.588999, 32.689976 ], [ -96.589063, 32.690005 ], [ -96.589099, 32.69003 ], [ -96.589127, 32.690042 ], [ -96.589156, 32.690047 ], [ -96.589177, 32.690042 ], [ -96.589227, 32.689998 ], [ -96.589241, 32.689969 ], [ -96.589227, 32.689933 ], [ -96.58923, 32.689895 ], [ -96.589139, 32.689823 ], [ -96.589086, 32.689786 ], [ -96.589056, 32.68973 ], [ -96.588935, 32.689605 ], [ -96.588885, 32.689575 ], [ -96.588835, 32.689539 ], [ -96.588751, 32.689533 ], [ -96.588716, 32.689547 ], [ -96.58869, 32.689581 ], [ -96.588681, 32.689628 ], [ -96.588668, 32.689665 ], [ -96.588642, 32.689716 ], [ -96.588633, 32.689744 ], [ -96.588622, 32.689778 ], [ -96.588622, 32.689808 ], [ -96.588649, 32.689844 ] ], [ [ -96.571128, 32.691487 ], [ -96.571077, 32.691445 ], [ -96.571057, 32.691437 ], [ -96.571004, 32.691418 ], [ -96.570954, 32.691404 ], [ -96.570879, 32.69141 ], [ -96.57082, 32.691437 ], [ -96.570804, 32.691494 ], [ -96.570812, 32.691557 ], [ -96.570838, 32.691612 ], [ -96.570905, 32.69164 ], [ -96.570954, 32.691654 ], [ -96.571078, 32.691681 ], [ -96.571161, 32.691675 ], [ -96.571219, 32.691654 ], [ -96.571219, 32.691612 ], [ -96.571186, 32.69155 ], [ -96.571128, 32.691487 ] ], [ [ -96.568146, 32.69265 ], [ -96.56814, 32.692732 ], [ -96.568146, 32.69278 ], [ -96.568142, 32.692815 ], [ -96.568154, 32.692853 ], [ -96.56818, 32.692915 ], [ -96.568212, 32.692959 ], [ -96.56825, 32.692998 ], [ -96.568292, 32.693032 ], [ -96.568431, 32.693032 ], [ -96.568509, 32.693005 ], [ -96.568576, 32.692968 ], [ -96.568899, 32.692735 ], [ -96.569127, 32.69256 ], [ -96.569179, 32.692538 ], [ -96.569179, 32.692495 ], [ -96.569159, 32.692467 ], [ -96.569104, 32.692414 ], [ -96.569055, 32.692414 ], [ -96.568966, 32.692459 ], [ -96.568931, 32.692453 ], [ -96.568946, 32.692419 ], [ -96.568963, 32.6924 ], [ -96.56896, 32.692368 ], [ -96.568937, 32.692351 ], [ -96.568879, 32.692354 ], [ -96.568842, 32.692377 ], [ -96.568824, 32.692408 ], [ -96.568836, 32.692453 ], [ -96.568842, 32.692501 ], [ -96.568836, 32.692541 ], [ -96.568798, 32.692541 ], [ -96.568769, 32.692531 ], [ -96.568738, 32.692543 ], [ -96.568726, 32.692566 ], [ -96.568703, 32.69258 ], [ -96.568663, 32.692574 ], [ -96.568619, 32.69256 ], [ -96.568596, 32.692529 ], [ -96.568547, 32.692487 ], [ -96.56853, 32.692498 ], [ -96.568533, 32.692541 ], [ -96.568518, 32.69256 ], [ -96.568495, 32.692549 ], [ -96.568455, 32.692512 ], [ -96.568414, 32.692504 ], [ -96.568403, 32.69248 ], [ -96.56838, 32.692459 ], [ -96.568362, 32.692431 ], [ -96.568339, 32.692424 ], [ -96.568319, 32.692448 ], [ -96.568319, 32.692484 ], [ -96.568339, 32.692572 ], [ -96.568328, 32.692591 ], [ -96.568192, 32.692614 ], [ -96.568146, 32.69265 ] ], [ [ -96.572761, 32.693666 ], [ -96.572731, 32.693646 ], [ -96.572688, 32.693634 ], [ -96.572629, 32.693634 ], [ -96.572561, 32.693649 ], [ -96.572503, 32.693686 ], [ -96.572459, 32.693716 ], [ -96.572454, 32.693773 ], [ -96.572527, 32.693859 ], [ -96.57259, 32.693892 ], [ -96.572634, 32.693888 ], [ -96.572688, 32.693866 ], [ -96.572727, 32.693826 ], [ -96.572746, 32.693789 ], [ -96.572756, 32.693731 ], [ -96.572761, 32.693666 ] ], [ [ -96.571828, 32.69417 ], [ -96.571918, 32.694207 ], [ -96.571978, 32.694257 ], [ -96.572037, 32.694285 ], [ -96.572093, 32.694283 ], [ -96.572129, 32.694252 ], [ -96.572183, 32.694232 ], [ -96.572249, 32.694217 ], [ -96.572316, 32.694192 ], [ -96.572352, 32.694161 ], [ -96.572364, 32.694125 ], [ -96.572396, 32.694088 ], [ -96.572448, 32.694073 ], [ -96.572469, 32.694063 ], [ -96.572495, 32.694001 ], [ -96.57249, 32.693962 ], [ -96.572452, 32.69389 ], [ -96.572418, 32.693858 ], [ -96.572379, 32.693843 ], [ -96.57235, 32.69384 ], [ -96.572315, 32.693843 ], [ -96.572286, 32.693858 ], [ -96.572247, 32.693886 ], [ -96.572209, 32.693897 ], [ -96.57217, 32.693897 ], [ -96.572123, 32.693869 ], [ -96.572089, 32.693832 ], [ -96.572051, 32.693779 ], [ -96.572034, 32.693731 ], [ -96.572042, 32.6937 ], [ -96.572081, 32.693631 ], [ -96.572106, 32.693537 ], [ -96.572115, 32.693466 ], [ -96.572111, 32.693402 ], [ -96.572089, 32.693368 ], [ -96.572059, 32.693344 ], [ -96.572017, 32.69333 ], [ -96.571953, 32.693315 ], [ -96.571884, 32.693308 ], [ -96.571799, 32.693315 ], [ -96.571726, 32.693333 ], [ -96.571389, 32.693398 ], [ -96.5713, 32.693423 ], [ -96.571265, 32.693452 ], [ -96.571244, 32.693499 ], [ -96.571193, 32.693581 ], [ -96.571159, 32.69361 ], [ -96.57109, 32.693638 ], [ -96.571031, 32.693649 ], [ -96.570989, 32.693643 ], [ -96.570894, 32.693614 ], [ -96.570812, 32.693541 ], [ -96.57075, 32.693525 ], [ -96.570592, 32.693505 ], [ -96.570483, 32.693564 ], [ -96.570397, 32.693695 ], [ -96.570341, 32.693755 ], [ -96.570374, 32.693903 ], [ -96.57046, 32.694042 ], [ -96.570579, 32.694216 ], [ -96.57072, 32.69446 ], [ -96.570793, 32.694556 ], [ -96.570869, 32.694678 ], [ -96.5709, 32.694724 ], [ -96.570954, 32.69478 ], [ -96.571068, 32.694805 ], [ -96.571141, 32.694805 ], [ -96.571213, 32.694749 ], [ -96.571273, 32.694682 ], [ -96.571362, 32.694664 ], [ -96.57142, 32.694622 ], [ -96.571442, 32.694572 ], [ -96.571454, 32.694425 ], [ -96.57152, 32.694374 ], [ -96.571647, 32.694252 ], [ -96.571689, 32.694181 ], [ -96.571767, 32.69415 ], [ -96.571828, 32.69417 ] ], [ [ -96.579511, 32.700708 ], [ -96.579511, 32.70049 ], [ -96.579502, 32.700324 ], [ -96.579502, 32.700136 ], [ -96.57953, 32.699981 ], [ -96.579535, 32.699858 ], [ -96.579547, 32.699818 ], [ -96.579569, 32.699801 ], [ -96.579599, 32.699786 ], [ -96.579668, 32.699761 ], [ -96.579896, 32.699689 ], [ -96.579943, 32.699666 ], [ -96.580003, 32.69963 ], [ -96.580025, 32.699609 ], [ -96.580038, 32.699568 ], [ -96.580042, 32.69945 ], [ -96.580025, 32.699381 ], [ -96.57999, 32.699345 ], [ -96.579921, 32.699303 ], [ -96.57984, 32.699301 ], [ -96.57978, 32.699309 ], [ -96.579638, 32.699312 ], [ -96.579569, 32.699326 ], [ -96.579517, 32.699348 ], [ -96.579444, 32.699392 ], [ -96.579384, 32.699446 ], [ -96.579272, 32.699522 ], [ -96.579189, 32.69956 ], [ -96.579126, 32.699601 ], [ -96.579099, 32.69963 ], [ -96.579099, 32.699654 ], [ -96.57909, 32.699675 ], [ -96.578947, 32.699773 ], [ -96.578893, 32.699804 ], [ -96.578849, 32.699841 ], [ -96.578822, 32.699862 ], [ -96.578759, 32.69991 ], [ -96.578687, 32.699984 ], [ -96.578643, 32.700015 ], [ -96.578598, 32.700083 ], [ -96.578562, 32.700121 ], [ -96.578562, 32.700181 ], [ -96.578616, 32.700226 ], [ -96.578652, 32.700263 ], [ -96.578696, 32.700294 ], [ -96.578768, 32.700353 ], [ -96.578902, 32.700443 ], [ -96.578983, 32.700527 ], [ -96.579296, 32.700761 ], [ -96.579359, 32.700783 ], [ -96.579448, 32.700775 ], [ -96.579511, 32.700708 ] ], [ [ -96.57841, 32.700753 ], [ -96.578347, 32.700812 ], [ -96.578097, 32.701137 ], [ -96.578124, 32.701205 ], [ -96.578204, 32.701258 ], [ -96.578392, 32.701347 ], [ -96.578535, 32.701393 ], [ -96.578687, 32.701431 ], [ -96.578795, 32.701423 ], [ -96.57884, 32.701378 ], [ -96.578857, 32.701303 ], [ -96.578857, 32.701121 ], [ -96.578849, 32.701023 ], [ -96.578866, 32.700919 ], [ -96.578884, 32.700723 ], [ -96.578884, 32.700648 ], [ -96.578857, 32.700595 ], [ -96.578798, 32.700564 ], [ -96.578786, 32.700557 ], [ -96.578714, 32.700542 ], [ -96.578678, 32.700542 ], [ -96.578589, 32.700603 ], [ -96.578526, 32.700663 ], [ -96.578464, 32.700708 ], [ -96.57841, 32.700753 ] ], [ [ -96.580188, 32.701147 ], [ -96.58015, 32.701183 ], [ -96.580146, 32.701295 ], [ -96.580164, 32.701416 ], [ -96.580191, 32.701468 ], [ -96.580236, 32.701529 ], [ -96.580325, 32.701597 ], [ -96.580379, 32.701611 ], [ -96.58046, 32.701611 ], [ -96.580489, 32.701608 ], [ -96.580531, 32.701604 ], [ -96.580576, 32.701604 ], [ -96.580818, 32.701566 ], [ -96.580862, 32.701529 ], [ -96.580871, 32.701484 ], [ -96.580844, 32.701408 ], [ -96.5808, 32.701303 ], [ -96.580746, 32.70122 ], [ -96.580674, 32.701166 ], [ -96.580603, 32.70113 ], [ -96.580494, 32.701121 ], [ -96.580322, 32.701124 ], [ -96.580218, 32.701136 ], [ -96.580188, 32.701147 ] ] ], [ [ [ -96.55237, 32.874273 ], [ -96.552335, 32.873734 ], [ -96.552335, 32.873223 ], [ -96.552328, 32.87274 ], [ -96.552349, 32.871997 ], [ -96.552349, 32.871668 ], [ -96.552405, 32.871304 ], [ -96.552548, 32.870603 ], [ -96.55326, 32.86776 ], [ -96.553666, 32.86636 ], [ -96.553817, 32.865831 ], [ -96.554576, 32.862077 ], [ -96.554601, 32.861996 ], [ -96.554643, 32.862003 ], [ -96.554659, 32.862003 ], [ -96.554691, 32.862009 ], [ -96.554703, 32.862009 ], [ -96.554727, 32.862013 ], [ -96.554743, 32.862013 ], [ -96.554808, 32.862022 ], [ -96.554837, 32.862025 ], [ -96.554854, 32.862029 ], [ -96.55488, 32.862031 ], [ -96.554922, 32.862043 ], [ -96.554941, 32.862049 ], [ -96.554974, 32.86206 ], [ -96.555009, 32.862075 ], [ -96.555025, 32.86208 ], [ -96.555038, 32.862086 ], [ -96.555054, 32.862095 ], [ -96.555067, 32.8621 ], [ -96.55508, 32.862109 ], [ -96.555099, 32.862126 ], [ -96.555125, 32.862151 ], [ -96.555147, 32.86217 ], [ -96.555167, 32.862162 ], [ -96.555174, 32.862149 ], [ -96.555177, 32.862138 ], [ -96.555181, 32.862121 ], [ -96.555191, 32.862102 ], [ -96.555201, 32.862086 ], [ -96.555201, 32.862064 ], [ -96.555195, 32.86205 ], [ -96.555189, 32.862028 ], [ -96.55519, 32.862012 ], [ -96.555193, 32.862001 ], [ -96.5552, 32.861987 ], [ -96.55521, 32.861973 ], [ -96.55522, 32.861968 ], [ -96.555249, 32.861971 ], [ -96.555268, 32.861983 ], [ -96.555332, 32.862039 ], [ -96.555345, 32.862052 ], [ -96.555358, 32.862066 ], [ -96.555377, 32.862094 ], [ -96.555386, 32.862108 ], [ -96.55543, 32.862191 ], [ -96.555441, 32.862195 ], [ -96.55535, 32.862477 ], [ -96.555088, 32.863158 ], [ -96.554702, 32.863937 ], [ -96.554114, 32.865926 ], [ -96.553456, 32.868209 ], [ -96.553064, 32.869497 ], [ -96.552826, 32.870558 ], [ -96.552686, 32.871192 ], [ -96.55263, 32.871514 ], [ -96.55263, 32.871983 ], [ -96.552609, 32.872375 ], [ -96.552574, 32.872957 ], [ -96.552581, 32.873538 ], [ -96.552665, 32.874189 ], [ -96.552756, 32.874883 ], [ -96.552892, 32.875461 ], [ -96.55271, 32.875478 ], [ -96.552636, 32.875467 ], [ -96.552578, 32.875452 ], [ -96.552488, 32.875406 ], [ -96.552426, 32.874897 ], [ -96.55237, 32.874273 ] ] ], [ [ [ -96.55961, 32.880614 ], [ -96.559632, 32.880725 ], [ -96.559639, 32.880836 ], [ -96.559625, 32.88098 ], [ -96.559603, 32.881047 ], [ -96.559574, 32.881137 ], [ -96.559478, 32.881398 ], [ -96.55943, 32.881576 ], [ -96.559435, 32.881689 ], [ -96.559513, 32.882168 ], [ -96.559427, 32.882195 ], [ -96.559301, 32.882221 ], [ -96.559285, 32.882311 ], [ -96.559345, 32.882429 ], [ -96.55941, 32.882513 ], [ -96.559504, 32.882584 ], [ -96.559667, 32.882726 ], [ -96.55981, 32.88285 ], [ -96.55992, 32.882911 ], [ -96.559995, 32.882993 ], [ -96.560006, 32.883051 ], [ -96.559982, 32.883193 ], [ -96.559972, 32.883261 ], [ -96.55994, 32.883331 ], [ -96.559876, 32.88341 ], [ -96.559811, 32.883492 ], [ -96.559687, 32.883603 ], [ -96.559662, 32.883674 ], [ -96.559659, 32.883749 ], [ -96.559684, 32.883854 ], [ -96.559735, 32.883951 ], [ -96.559807, 32.884023 ], [ -96.559886, 32.884062 ], [ -96.559835, 32.884104 ], [ -96.559761, 32.884169 ], [ -96.559688, 32.884109 ], [ -96.55963, 32.884033 ], [ -96.559462, 32.883813 ], [ -96.559512, 32.883765 ], [ -96.559514, 32.883748 ], [ -96.559499, 32.883717 ], [ -96.559524, 32.883588 ], [ -96.559581, 32.883467 ], [ -96.559677, 32.883326 ], [ -96.559741, 32.883246 ], [ -96.559788, 32.883174 ], [ -96.559789, 32.883071 ], [ -96.559769, 32.88301 ], [ -96.559723, 32.882961 ], [ -96.559647, 32.882918 ], [ -96.559496, 32.882817 ], [ -96.559442, 32.882782 ], [ -96.559411, 32.882765 ], [ -96.559309, 32.882824 ], [ -96.559249, 32.882841 ], [ -96.559209, 32.882762 ], [ -96.559227, 32.882743 ], [ -96.559318, 32.882751 ], [ -96.559354, 32.882744 ], [ -96.55937, 32.88272 ], [ -96.559376, 32.882698 ], [ -96.559301, 32.882679 ], [ -96.559259, 32.882642 ], [ -96.559095, 32.8826 ], [ -96.559033, 32.882641 ], [ -96.559011, 32.88256 ], [ -96.559055, 32.882513 ], [ -96.559051, 32.882482 ], [ -96.559008, 32.882443 ], [ -96.558968, 32.882343 ], [ -96.558997, 32.882235 ], [ -96.558813, 32.882112 ], [ -96.558757, 32.881997 ], [ -96.558739, 32.881812 ], [ -96.558778, 32.88176 ], [ -96.558864, 32.881742 ], [ -96.558872, 32.881707 ], [ -96.558748, 32.881689 ], [ -96.558756, 32.881566 ], [ -96.558788, 32.881464 ], [ -96.558888, 32.881461 ], [ -96.558947, 32.881375 ], [ -96.558988, 32.881268 ], [ -96.55897, 32.881242 ], [ -96.559074, 32.881279 ], [ -96.55917, 32.881271 ], [ -96.55925, 32.881253 ], [ -96.559329, 32.881208 ], [ -96.559399, 32.881154 ], [ -96.559462, 32.881073 ], [ -96.559489, 32.881025 ], [ -96.559526, 32.880912 ], [ -96.559574, 32.880704 ], [ -96.559584, 32.880561 ], [ -96.559574, 32.88046 ], [ -96.55954, 32.880374 ], [ -96.559447, 32.880274 ], [ -96.559418, 32.880226 ], [ -96.559428, 32.880189 ], [ -96.559467, 32.880139 ], [ -96.559549, 32.880079 ], [ -96.559594, 32.88002 ], [ -96.559602, 32.880212 ], [ -96.559636, 32.880232 ], [ -96.559644, 32.880378 ], [ -96.559629, 32.880461 ], [ -96.55962, 32.880492 ], [ -96.55961, 32.880614 ] ] ], [ [ [ -96.932006, 32.911239 ], [ -96.932122, 32.911372 ], [ -96.932562, 32.911693 ], [ -96.932863, 32.911867 ], [ -96.933097, 32.911988 ], [ -96.933536, 32.912155 ], [ -96.933707, 32.912201 ], [ -96.933893, 32.912241 ], [ -96.934839, 32.912322 ], [ -96.934977, 32.912328 ], [ -96.935423, 32.912357 ], [ -96.936013, 32.912414 ], [ -96.936287, 32.912449 ], [ -96.936616, 32.91254 ], [ -96.936829, 32.912593 ], [ -96.937001, 32.91265 ], [ -96.937433, 32.912829 ], [ -96.93757, 32.912909 ], [ -96.937776, 32.913012 ], [ -96.937906, 32.913103 ], [ -96.938057, 32.913241 ], [ -96.938146, 32.913328 ], [ -96.938241, 32.913415 ], [ -96.938291, 32.913473 ], [ -96.938365, 32.913642 ], [ -96.938394, 32.913717 ], [ -96.938465, 32.913894 ], [ -96.938496, 32.913986 ], [ -96.938506, 32.914055 ], [ -96.938524, 32.914267 ], [ -96.938503, 32.914434 ], [ -96.938462, 32.914521 ], [ -96.938421, 32.914596 ], [ -96.938297, 32.914763 ], [ -96.938098, 32.915062 ], [ -96.937879, 32.915447 ], [ -96.937783, 32.915678 ], [ -96.937727, 32.915902 ], [ -96.937727, 32.916114 ], [ -96.937733, 32.916328 ], [ -96.937751, 32.9165 ], [ -96.93777, 32.916583 ], [ -96.937801, 32.91666 ], [ -96.937894, 32.916832 ], [ -96.938055, 32.917108 ], [ -96.938298, 32.917451 ], [ -96.938454, 32.917696 ], [ -96.938563, 32.917914 ], [ -96.938656, 32.918219 ], [ -96.938694, 32.918504 ], [ -96.938679, 32.919072 ], [ -96.938633, 32.919421 ], [ -96.938513, 32.919835 ], [ -96.938393, 32.920163 ], [ -96.938212, 32.920543 ], [ -96.938134, 32.920757 ], [ -96.938119, 32.920918 ], [ -96.938115, 32.92116 ], [ -96.938124, 32.921328 ], [ -96.938167, 32.921491 ], [ -96.938354, 32.922006 ], [ -96.93839, 32.922114 ], [ -96.938418, 32.922238 ], [ -96.938439, 32.922387 ], [ -96.938424, 32.922478 ], [ -96.938413, 32.922556 ], [ -96.938351, 32.922722 ], [ -96.938236, 32.922953 ], [ -96.938112, 32.923146 ], [ -96.938008, 32.92325 ], [ -96.937873, 32.923329 ], [ -96.937558, 32.923462 ], [ -96.937044, 32.923727 ], [ -96.936716, 32.923916 ], [ -96.936462, 32.924103 ], [ -96.936171, 32.924391 ], [ -96.93602, 32.924565 ], [ -96.935901, 32.924749 ], [ -96.935859, 32.924919 ], [ -96.935864, 32.925075 ], [ -96.935921, 32.925241 ], [ -96.93602, 32.925407 ], [ -96.936114, 32.925576 ], [ -96.936228, 32.925717 ], [ -96.936353, 32.925846 ], [ -96.936517, 32.926001 ], [ -96.936752, 32.926209 ], [ -96.936912, 32.926375 ], [ -96.937052, 32.926563 ], [ -96.937157, 32.926735 ], [ -96.937242, 32.926895 ], [ -96.937328, 32.92707 ], [ -96.937385, 32.927217 ], [ -96.937443, 32.927386 ], [ -96.93746, 32.927484 ], [ -96.937464, 32.927573 ], [ -96.937466, 32.927605 ], [ -96.937452, 32.927735 ], [ -96.937416, 32.927832 ], [ -96.937343, 32.927934 ], [ -96.937278, 32.927995 ], [ -96.937207, 32.928029 ], [ -96.937126, 32.928061 ], [ -96.937023, 32.928078 ], [ -96.936905, 32.928084 ], [ -96.936809, 32.928055 ], [ -96.936715, 32.928008 ], [ -96.93656, 32.927866 ], [ -96.936172, 32.927545 ], [ -96.936016, 32.927446 ], [ -96.935872, 32.927374 ], [ -96.935702, 32.927325 ], [ -96.935551, 32.927298 ], [ -96.935447, 32.927289 ], [ -96.935326, 32.927292 ], [ -96.935093, 32.927323 ], [ -96.934839, 32.927379 ], [ -96.934597, 32.92745 ], [ -96.934294, 32.927548 ], [ -96.934031, 32.927645 ], [ -96.933825, 32.927743 ], [ -96.933639, 32.927853 ], [ -96.933517, 32.92794 ], [ -96.933374, 32.928057 ], [ -96.933218, 32.928199 ], [ -96.933102, 32.92833 ], [ -96.93303, 32.928438 ], [ -96.932957, 32.928607 ], [ -96.932954, 32.928722 ], [ -96.93297, 32.928841 ], [ -96.933008, 32.92899 ], [ -96.933085, 32.929181 ], [ -96.933161, 32.929318 ], [ -96.933237, 32.929432 ], [ -96.933298, 32.92951 ], [ -96.93338, 32.929584 ], [ -96.93349, 32.929661 ], [ -96.933651, 32.929743 ], [ -96.933905, 32.92984 ], [ -96.934155, 32.929907 ], [ -96.934373, 32.929949 ], [ -96.934521, 32.929968 ], [ -96.934688, 32.929972 ], [ -96.935836, 32.929957 ], [ -96.935988, 32.929966 ], [ -96.936159, 32.929993 ], [ -96.936316, 32.930031 ], [ -96.936446, 32.930084 ], [ -96.937034, 32.93034 ], [ -96.938563, 32.931078 ], [ -96.939437, 32.931545 ], [ -96.939936, 32.931862 ], [ -96.940132, 32.932024 ], [ -96.940149, 32.932038 ], [ -96.940214, 32.932116 ], [ -96.940274, 32.932217 ], [ -96.940307, 32.932322 ], [ -96.940337, 32.932568 ], [ -96.940329, 32.932868 ], [ -96.940302, 32.933 ], [ -96.940249, 32.933206 ], [ -96.940182, 32.933408 ], [ -96.940128, 32.933543 ], [ -96.93995, 32.933906 ], [ -96.939703, 32.934298 ], [ -96.939444, 32.934666 ], [ -96.939359, 32.934776 ], [ -96.939248, 32.934899 ], [ -96.939105, 32.935023 ], [ -96.938967, 32.935132 ], [ -96.938833, 32.935222 ], [ -96.938663, 32.935308 ], [ -96.938551, 32.935353 ], [ -96.938386, 32.935402 ], [ -96.938171, 32.935447 ], [ -96.937993, 32.935457 ], [ -96.937801, 32.935435 ], [ -96.937688, 32.935408 ], [ -96.937477, 32.935353 ], [ -96.937007, 32.935187 ], [ -96.936565, 32.93499 ], [ -96.936184, 32.934835 ], [ -96.935793, 32.934713 ], [ -96.935698, 32.934703 ], [ -96.935598, 32.934708 ], [ -96.935495, 32.934737 ], [ -96.935409, 32.934778 ], [ -96.935321, 32.934832 ], [ -96.935272, 32.934883 ], [ -96.935226, 32.934947 ], [ -96.935187, 32.935 ], [ -96.935156, 32.935074 ], [ -96.935192, 32.935205 ], [ -96.93519, 32.935643 ], [ -96.935178, 32.936275 ], [ -96.935182, 32.936462 ], [ -96.935196, 32.936678 ], [ -96.935245, 32.937044 ], [ -96.935437, 32.937066 ], [ -96.935519, 32.937069 ], [ -96.935576, 32.937053 ], [ -96.935622, 32.937019 ], [ -96.935654, 32.936974 ], [ -96.935677, 32.936845 ], [ -96.935703, 32.936777 ], [ -96.935755, 32.936721 ], [ -96.935839, 32.936697 ], [ -96.935925, 32.936687 ], [ -96.936017, 32.936697 ], [ -96.93617, 32.936743 ], [ -96.93626, 32.936797 ], [ -96.936568, 32.937118 ], [ -96.936723, 32.937255 ], [ -96.93683, 32.937334 ], [ -96.936921, 32.937376 ], [ -96.937215, 32.937466 ], [ -96.937467, 32.937492 ], [ -96.937506, 32.937508 ], [ -96.937545, 32.93755 ], [ -96.937553, 32.937609 ], [ -96.937549, 32.937663 ], [ -96.937537, 32.937728 ], [ -96.937514, 32.937784 ], [ -96.937448, 32.937869 ], [ -96.937417, 32.937931 ], [ -96.937425, 32.938006 ], [ -96.937463, 32.938055 ], [ -96.937522, 32.93809 ], [ -96.937584, 32.9381 ], [ -96.937641, 32.938087 ], [ -96.937696, 32.938042 ], [ -96.937766, 32.937911 ], [ -96.93775, 32.938212 ], [ -96.937345, 32.938511 ], [ -96.936437, 32.938511 ], [ -96.934721, 32.938513 ], [ -96.934655, 32.938583 ], [ -96.93443, 32.938805 ], [ -96.934212, 32.939028 ], [ -96.934123, 32.93913 ], [ -96.934038, 32.939242 ], [ -96.933925, 32.939452 ], [ -96.933531, 32.940102 ], [ -96.933395, 32.940288 ], [ -96.933292, 32.940399 ], [ -96.933165, 32.940524 ], [ -96.933022, 32.94068 ], [ -96.93291, 32.940812 ], [ -96.932812, 32.940942 ], [ -96.932767, 32.941026 ], [ -96.93274, 32.941122 ], [ -96.932727, 32.941217 ], [ -96.932728, 32.941333 ], [ -96.932768, 32.94158 ], [ -96.932809, 32.941719 ], [ -96.932862, 32.941839 ], [ -96.932929, 32.941958 ], [ -96.933009, 32.942075 ], [ -96.933122, 32.942186 ], [ -96.933357, 32.942399 ], [ -96.933496, 32.94254 ], [ -96.933576, 32.942664 ], [ -96.933661, 32.942821 ], [ -96.933705, 32.942952 ], [ -96.933775, 32.94326 ], [ -96.933828, 32.943634 ], [ -96.933861, 32.944071 ], [ -96.93386, 32.944299 ], [ -96.934038, 32.944783 ], [ -96.934276, 32.945281 ], [ -96.934397, 32.94551 ], [ -96.934497, 32.945746 ], [ -96.934631, 32.946001 ], [ -96.935156, 32.947029 ], [ -96.935208, 32.947121 ], [ -96.935342, 32.947273 ], [ -96.935424, 32.947331 ], [ -96.935576, 32.947393 ], [ -96.935732, 32.947429 ], [ -96.935888, 32.94744 ], [ -96.93662, 32.947335 ], [ -96.936849, 32.947324 ], [ -96.937118, 32.947346 ], [ -96.937456, 32.947426 ], [ -96.937815, 32.947578 ], [ -96.938231, 32.947771 ], [ -96.938535, 32.947971 ], [ -96.938803, 32.948175 ], [ -96.939007, 32.948397 ], [ -96.939219, 32.948644 ], [ -96.93941, 32.948887 ], [ -96.939492, 32.949058 ], [ -96.939557, 32.949204 ], [ -96.939596, 32.949396 ], [ -96.939609, 32.949589 ], [ -96.939596, 32.949738 ], [ -96.939592, 32.949913 ], [ -96.939544, 32.950073 ], [ -96.939457, 32.950257 ], [ -96.939258, 32.950522 ], [ -96.939085, 32.950774 ], [ -96.93895, 32.951009 ], [ -96.938907, 32.951141 ], [ -96.938877, 32.951348 ], [ -96.938877, 32.951501 ], [ -96.938847, 32.951786 ], [ -96.93895, 32.951793 ], [ -96.938936, 32.951818 ], [ -96.93892, 32.951933 ], [ -96.938887, 32.952153 ], [ -96.939022, 32.952496 ], [ -96.939176, 32.952665 ], [ -96.939428, 32.952891 ], [ -96.939745, 32.953166 ], [ -96.93998, 32.953434 ], [ -96.940337, 32.953794 ], [ -96.940507, 32.953991 ], [ -96.940644, 32.954174 ], [ -96.940928, 32.954463 ], [ -96.941333, 32.954934 ], [ -96.941813, 32.955437 ], [ -96.942332, 32.95591 ], [ -96.942887, 32.956215 ], [ -96.943339, 32.956976 ], [ -96.943724, 32.957758 ], [ -96.943803, 32.958579 ], [ -96.943968, 32.959392 ], [ -96.944023, 32.960474 ], [ -96.944132, 32.961225 ], [ -96.944076, 32.962054 ], [ -96.943944, 32.962612 ], [ -96.944106, 32.962879 ], [ -96.94414, 32.963152 ], [ -96.944125, 32.963455 ], [ -96.944153, 32.963693 ], [ -96.944255, 32.963712 ], [ -96.944799, 32.964374 ], [ -96.944841, 32.964425 ], [ -96.944896, 32.964665 ], [ -96.944924, 32.964785 ], [ -96.945013, 32.965985 ], [ -96.945015, 32.966042 ], [ -96.945015, 32.966081 ], [ -96.945006, 32.966549 ], [ -96.943803, 32.967476 ], [ -96.94335, 32.967471 ], [ -96.943192, 32.967586 ], [ -96.942804, 32.967827 ], [ -96.942608, 32.967953 ], [ -96.942344, 32.968173 ], [ -96.942284, 32.968234 ], [ -96.942228, 32.968297 ], [ -96.942198, 32.968334 ], [ -96.942184, 32.968351 ], [ -96.942106, 32.968462 ], [ -96.942044, 32.968565 ], [ -96.942031, 32.968586 ], [ -96.942029, 32.968608 ], [ -96.941976, 32.968545 ], [ -96.941927, 32.968477 ], [ -96.941906, 32.968417 ], [ -96.941896, 32.968348 ], [ -96.941917, 32.968286 ], [ -96.941989, 32.968183 ], [ -96.941983, 32.966867 ], [ -96.939864, 32.966882 ], [ -96.93987, 32.96653 ], [ -96.93988, 32.96597 ], [ -96.939894, 32.965796 ], [ -96.939902, 32.965123 ], [ -96.940105, 32.965128 ], [ -96.940132, 32.965129 ], [ -96.940269, 32.965131 ], [ -96.943741, 32.965186 ], [ -96.944088, 32.965191 ], [ -96.943984, 32.964518 ], [ -96.943844, 32.96434 ], [ -96.943883, 32.964053 ], [ -96.943434, 32.962962 ], [ -96.943678, 32.961495 ], [ -96.943557, 32.959532 ], [ -96.943308, 32.95826 ], [ -96.943237, 32.957899 ], [ -96.943006, 32.957551 ], [ -96.942845, 32.957319 ], [ -96.942257, 32.956448 ], [ -96.94205, 32.956141 ], [ -96.941474, 32.955481 ], [ -96.941214, 32.9552 ], [ -96.938791, 32.952569 ], [ -96.938737, 32.952214 ], [ -96.938748, 32.95178 ], [ -96.938755, 32.951492 ], [ -96.938759, 32.951341 ], [ -96.938763, 32.951197 ], [ -96.938781, 32.951013 ], [ -96.938985, 32.950709 ], [ -96.939307, 32.950322 ], [ -96.939478, 32.950024 ], [ -96.939488, 32.949707 ], [ -96.939389, 32.949366 ], [ -96.939249, 32.949026 ], [ -96.939044, 32.948744 ], [ -96.938791, 32.948441 ], [ -96.938587, 32.948302 ], [ -96.93794, 32.947865 ], [ -96.937376, 32.947586 ], [ -96.937099, 32.947497 ], [ -96.936768, 32.9475 ], [ -96.936323, 32.947518 ], [ -96.935643, 32.947568 ], [ -96.935386, 32.947469 ], [ -96.93511, 32.947312 ], [ -96.934792, 32.947029 ], [ -96.934539, 32.946505 ], [ -96.934391, 32.946196 ], [ -96.934243, 32.945836 ], [ -96.934116, 32.945525 ], [ -96.934058, 32.94545 ], [ -96.933815, 32.945133 ], [ -96.933624, 32.944722 ], [ -96.933481, 32.94443 ], [ -96.933504, 32.94428 ], [ -96.933614, 32.943485 ], [ -96.933581, 32.943314 ], [ -96.933534, 32.943232 ], [ -96.93351, 32.943163 ], [ -96.933403, 32.942852 ], [ -96.933337, 32.942698 ], [ -96.93323, 32.942594 ], [ -96.933191, 32.942502 ], [ -96.933058, 32.942278 ], [ -96.932904, 32.942088 ], [ -96.932777, 32.941931 ], [ -96.932594, 32.941554 ], [ -96.932587, 32.941502 ], [ -96.932555, 32.94124 ], [ -96.932554, 32.941066 ], [ -96.932674, 32.940891 ], [ -96.932897, 32.940641 ], [ -96.933132, 32.940392 ], [ -96.933447, 32.939957 ], [ -96.933597, 32.939686 ], [ -96.93374, 32.939337 ], [ -96.933856, 32.939194 ], [ -96.933889, 32.939155 ], [ -96.934172, 32.938909 ], [ -96.934398, 32.938681 ], [ -96.934686, 32.938368 ], [ -96.934782, 32.938236 ], [ -96.934978, 32.937669 ], [ -96.935042, 32.9372 ], [ -96.935045, 32.936601 ], [ -96.935023, 32.936024 ], [ -96.934992, 32.935704 ], [ -96.934945, 32.935403 ], [ -96.934978, 32.935138 ], [ -96.934992, 32.935043 ], [ -96.93566, 32.934497 ], [ -96.935787, 32.934565 ], [ -96.935884, 32.934641 ], [ -96.935987, 32.934704 ], [ -96.936319, 32.934858 ], [ -96.936533, 32.934908 ], [ -96.936955, 32.935082 ], [ -96.937147, 32.935134 ], [ -96.937287, 32.935208 ], [ -96.937581, 32.935286 ], [ -96.937834, 32.935313 ], [ -96.938121, 32.93532 ], [ -96.938344, 32.935302 ], [ -96.938625, 32.935187 ], [ -96.938939, 32.934979 ], [ -96.939112, 32.934832 ], [ -96.939383, 32.934556 ], [ -96.939599, 32.934231 ], [ -96.939845, 32.933802 ], [ -96.940039, 32.933334 ], [ -96.940171, 32.932947 ], [ -96.940203, 32.93272 ], [ -96.940193, 32.932632 ], [ -96.940154, 32.932314 ], [ -96.939986, 32.932026 ], [ -96.939347, 32.931609 ], [ -96.937845, 32.930841 ], [ -96.937512, 32.930689 ], [ -96.937373, 32.930606 ], [ -96.937056, 32.93048 ], [ -96.936704, 32.930302 ], [ -96.936411, 32.93017 ], [ -96.936111, 32.930082 ], [ -96.935992, 32.930071 ], [ -96.935314, 32.930053 ], [ -96.934301, 32.930023 ], [ -96.933866, 32.929936 ], [ -96.933513, 32.929819 ], [ -96.933165, 32.929583 ], [ -96.932987, 32.929362 ], [ -96.932859, 32.929068 ], [ -96.932818, 32.928927 ], [ -96.932849, 32.928401 ], [ -96.932979, 32.928238 ], [ -96.933189, 32.928002 ], [ -96.933505, 32.927737 ], [ -96.933843, 32.927564 ], [ -96.934428, 32.927364 ], [ -96.934745, 32.927276 ], [ -96.935171, 32.927175 ], [ -96.935534, 32.927194 ], [ -96.935828, 32.927276 ], [ -96.93604, 32.927353 ], [ -96.936236, 32.927478 ], [ -96.936527, 32.927724 ], [ -96.93673, 32.927866 ], [ -96.936847, 32.927892 ], [ -96.937, 32.9279 ], [ -96.937089, 32.927901 ], [ -96.937158, 32.927882 ], [ -96.937241, 32.927794 ], [ -96.9373, 32.927648 ], [ -96.937325, 32.927434 ], [ -96.937227, 32.927177 ], [ -96.93715, 32.926986 ], [ -96.937146, 32.926945 ], [ -96.937087, 32.926797 ], [ -96.937018, 32.926647 ], [ -96.93684, 32.926423 ], [ -96.936502, 32.926136 ], [ -96.936446, 32.926076 ], [ -96.936062, 32.925665 ], [ -96.935893, 32.925416 ], [ -96.935772, 32.925168 ], [ -96.935694, 32.925015 ], [ -96.935693, 32.924845 ], [ -96.935711, 32.924749 ], [ -96.935716, 32.924682 ], [ -96.935806, 32.924583 ], [ -96.935973, 32.924327 ], [ -96.936112, 32.924181 ], [ -96.936425, 32.923913 ], [ -96.937762, 32.923222 ], [ -96.937937, 32.923125 ], [ -96.938054, 32.923008 ], [ -96.938164, 32.922828 ], [ -96.938211, 32.922683 ], [ -96.938275, 32.922499 ], [ -96.938284, 32.922247 ], [ -96.938263, 32.922116 ], [ -96.938239, 32.922012 ], [ -96.938176, 32.921929 ], [ -96.938174, 32.921807 ], [ -96.938144, 32.921714 ], [ -96.938115, 32.92157 ], [ -96.937314, 32.921563 ], [ -96.937284, 32.921025 ], [ -96.937576, 32.920036 ], [ -96.937857, 32.919272 ], [ -96.937883, 32.919244 ], [ -96.937891, 32.919128 ], [ -96.937926, 32.918962 ], [ -96.937943, 32.91879 ], [ -96.937926, 32.91874 ], [ -96.937909, 32.918667 ], [ -96.937849, 32.91856 ], [ -96.937789, 32.918515 ], [ -96.937686, 32.918473 ], [ -96.937662, 32.918352 ], [ -96.937279, 32.917147 ], [ -96.937376, 32.915442 ], [ -96.937877, 32.914427 ], [ -96.937863, 32.914383 ], [ -96.937842, 32.914317 ], [ -96.937827, 32.914268 ], [ -96.937805, 32.9142 ], [ -96.937761, 32.914059 ], [ -96.937747, 32.914014 ], [ -96.937696, 32.913851 ], [ -96.937507, 32.913766 ], [ -96.937048, 32.913572 ], [ -96.937033, 32.913539 ], [ -96.936927, 32.913379 ], [ -96.93681, 32.913243 ], [ -96.936661, 32.913113 ], [ -96.936512, 32.91303 ], [ -96.936364, 32.912926 ], [ -96.936234, 32.912895 ], [ -96.936103, 32.912832 ], [ -96.935986, 32.912812 ], [ -96.935893, 32.912838 ], [ -96.9358, 32.912838 ], [ -96.935744, 32.912765 ], [ -96.935695, 32.912728 ], [ -96.935595, 32.912739 ], [ -96.935558, 32.912801 ], [ -96.935577, 32.912869 ], [ -96.935551, 32.912892 ], [ -96.935169, 32.912722 ], [ -96.933267, 32.912618 ], [ -96.931584, 32.911523 ], [ -96.930675, 32.910735 ], [ -96.930402, 32.909671 ], [ -96.930244, 32.909249 ], [ -96.930542, 32.90871 ], [ -96.931182, 32.907519 ], [ -96.930177, 32.906917 ], [ -96.928171, 32.90641 ], [ -96.92647, 32.904815 ], [ -96.926316, 32.903761 ], [ -96.926646, 32.904018 ], [ -96.926747, 32.904114 ], [ -96.926817, 32.90422 ], [ -96.926876, 32.904339 ], [ -96.926978, 32.904517 ], [ -96.927117, 32.904729 ], [ -96.927337, 32.905001 ], [ -96.927494, 32.905164 ], [ -96.927714, 32.905329 ], [ -96.927999, 32.90549 ], [ -96.928146, 32.905561 ], [ -96.928307, 32.905645 ], [ -96.928533, 32.905804 ], [ -96.928768, 32.905927 ], [ -96.929149, 32.906066 ], [ -96.929495, 32.906186 ], [ -96.929795, 32.906318 ], [ -96.929966, 32.906385 ], [ -96.930027, 32.906405 ], [ -96.930069, 32.906425 ], [ -96.930115, 32.906429 ], [ -96.930142, 32.906405 ], [ -96.930188, 32.906402 ], [ -96.93023, 32.906416 ], [ -96.930665, 32.906695 ], [ -96.930939, 32.906888 ], [ -96.931004, 32.906943 ], [ -96.93105, 32.907013 ], [ -96.931213, 32.907162 ], [ -96.931272, 32.907266 ], [ -96.93124, 32.90737 ], [ -96.931285, 32.907486 ], [ -96.931292, 32.907546 ], [ -96.931337, 32.907601 ], [ -96.931377, 32.907684 ], [ -96.931364, 32.90777 ], [ -96.931324, 32.907837 ], [ -96.931142, 32.908088 ], [ -96.931044, 32.908243 ], [ -96.930985, 32.90838 ], [ -96.930933, 32.908555 ], [ -96.930899, 32.908793 ], [ -96.93088, 32.908934 ], [ -96.930874, 32.909059 ], [ -96.930893, 32.90918 ], [ -96.930959, 32.909291 ], [ -96.931075, 32.90943 ], [ -96.931113, 32.909558 ], [ -96.931217, 32.909909 ], [ -96.931279, 32.910047 ], [ -96.931649, 32.910773 ], [ -96.931875, 32.911078 ], [ -96.932006, 32.911239 ] ] ], [ [ [ -96.993475, 32.942926 ], [ -96.993461, 32.943725 ], [ -96.993433, 32.94401 ], [ -96.99344, 32.944294 ], [ -96.991859, 32.944339 ], [ -96.991762, 32.944387 ], [ -96.991714, 32.944443 ], [ -96.99169, 32.944539 ], [ -96.991666, 32.945126 ], [ -96.991662, 32.947544 ], [ -96.991662, 32.947708 ], [ -96.990779, 32.947702 ], [ -96.990444, 32.947676 ], [ -96.989984, 32.94767 ], [ -96.989592, 32.947676 ], [ -96.989258, 32.947676 ], [ -96.988741, 32.947683 ], [ -96.988507, 32.947708 ], [ -96.988381, 32.947727 ], [ -96.988059, 32.947771 ], [ -96.987756, 32.947847 ], [ -96.987466, 32.947935 ], [ -96.987163, 32.94803 ], [ -96.986879, 32.948162 ], [ -96.986532, 32.948333 ], [ -96.986261, 32.948497 ], [ -96.98604, 32.948654 ], [ -96.985781, 32.948863 ], [ -96.985554, 32.949064 ], [ -96.985195, 32.949456 ], [ -96.984986, 32.949752 ], [ -96.984772, 32.950049 ], [ -96.98462, 32.950293 ], [ -96.984419, 32.95056 ], [ -96.984217, 32.950875 ], [ -96.983983, 32.951178 ], [ -96.983775, 32.951481 ], [ -96.983535, 32.951714 ], [ -96.983289, 32.951961 ], [ -96.982671, 32.952453 ], [ -96.98257, 32.952522 ], [ -96.982172, 32.952749 ], [ -96.981825, 32.952901 ], [ -96.981579, 32.953021 ], [ -96.980942, 32.953267 ], [ -96.97913, 32.953873 ], [ -96.979277, 32.954129 ], [ -96.979236, 32.954138 ], [ -96.976787, 32.954994 ], [ -96.976718, 32.95501 ], [ -96.976593, 32.95504 ], [ -96.975077, 32.955556 ], [ -96.974819, 32.955637 ], [ -96.974636, 32.955685 ], [ -96.974406, 32.955737 ], [ -96.974172, 32.955779 ], [ -96.973973, 32.955808 ], [ -96.973773, 32.955829 ], [ -96.973549, 32.955845 ], [ -96.97338, 32.955851 ], [ -96.973137, 32.955851 ], [ -96.972883, 32.95584 ], [ -96.972692, 32.955824 ], [ -96.972535, 32.955806 ], [ -96.972359, 32.955781 ], [ -96.972139, 32.955742 ], [ -96.971944, 32.9557 ], [ -96.97168, 32.955631 ], [ -96.969246, 32.954914 ], [ -96.968221, 32.954613 ], [ -96.968225, 32.954378 ], [ -96.96822, 32.954236 ], [ -96.968223, 32.953947 ], [ -96.967886, 32.953865 ], [ -96.967749, 32.953816 ], [ -96.967646, 32.953722 ], [ -96.967525, 32.953643 ], [ -96.967356, 32.953584 ], [ -96.967231, 32.953522 ], [ -96.966258, 32.952709 ], [ -96.968235, 32.952728 ], [ -96.968244, 32.952223 ], [ -96.969978, 32.952212 ], [ -96.969991, 32.952139 ], [ -96.970022, 32.951633 ], [ -96.970071, 32.949523 ], [ -96.970057, 32.949522 ], [ -96.970065, 32.949425 ], [ -96.970065, 32.949155 ], [ -96.968987, 32.947526 ], [ -96.968462, 32.947505 ], [ -96.968323, 32.9475 ], [ -96.968103, 32.947502 ], [ -96.967569, 32.947477 ], [ -96.96763, 32.941486 ], [ -96.967613, 32.939689 ], [ -96.967647, 32.938739 ], [ -96.967495, 32.935516 ], [ -96.967652, 32.927321 ], [ -96.967656, 32.927149 ], [ -96.967707, 32.925344 ], [ -96.967892, 32.925331 ], [ -96.968213, 32.925331 ], [ -96.968536, 32.925331 ], [ -96.969926, 32.925367 ], [ -96.972104, 32.925424 ], [ -96.972382, 32.925431 ], [ -96.972502, 32.92544 ], [ -96.973112, 32.925448 ], [ -96.973741, 32.925458 ], [ -96.975498, 32.925494 ], [ -96.978452, 32.925587 ], [ -96.978498, 32.925588 ], [ -96.981688, 32.925666 ], [ -96.98205, 32.925677 ], [ -96.98404, 32.925696 ], [ -96.985019, 32.925706 ], [ -96.986383, 32.925709 ], [ -96.987661, 32.925713 ], [ -96.990522, 32.925717 ], [ -96.990586, 32.925718 ], [ -96.991372, 32.925719 ], [ -96.99145, 32.92572 ], [ -96.991408, 32.929951 ], [ -96.991398, 32.931026 ], [ -96.991391, 32.931226 ], [ -96.99352, 32.931249 ], [ -96.993513, 32.931832 ], [ -96.993503, 32.932662 ], [ -96.993466, 32.935223 ], [ -96.993468, 32.936897 ], [ -96.99347, 32.93885 ], [ -96.993455, 32.939163 ], [ -96.993461, 32.939946 ], [ -96.993475, 32.941633 ], [ -96.993475, 32.942926 ] ], [ [ -96.977645, 32.92741 ], [ -96.977706, 32.927386 ], [ -96.977748, 32.927356 ], [ -96.977812, 32.927273 ], [ -96.97784, 32.927219 ], [ -96.977879, 32.927186 ], [ -96.977901, 32.927175 ], [ -96.977943, 32.927169 ], [ -96.978103, 32.927172 ], [ -96.97817, 32.92718 ], [ -96.9784, 32.927185 ], [ -96.978471, 32.927186 ], [ -96.978503, 32.92718 ], [ -96.978514, 32.927151 ], [ -96.978489, 32.927112 ], [ -96.978362, 32.927005 ], [ -96.978287, 32.926957 ], [ -96.978181, 32.926876 ], [ -96.978081, 32.926826 ], [ -96.977922, 32.926707 ], [ -96.977869, 32.92666 ], [ -96.977801, 32.92662 ], [ -96.977766, 32.926627 ], [ -96.977748, 32.926645 ], [ -96.977624, 32.926951 ], [ -96.977514, 32.927249 ], [ -96.977511, 32.9273 ], [ -96.977535, 32.927374 ], [ -96.977585, 32.927401 ], [ -96.977645, 32.92741 ] ], [ [ -96.980539, 32.943502 ], [ -96.980889, 32.943152 ], [ -96.981437, 32.942977 ], [ -96.981868, 32.94314 ], [ -96.982113, 32.943467 ], [ -96.982322, 32.943793 ], [ -96.982765, 32.944166 ], [ -96.982789, 32.94391 ], [ -96.982812, 32.943618 ], [ -96.982905, 32.943478 ], [ -96.983231, 32.943432 ], [ -96.983861, 32.943222 ], [ -96.984245, 32.943175 ], [ -96.984473, 32.942756 ], [ -96.984543, 32.942313 ], [ -96.985219, 32.941812 ], [ -96.984426, 32.941439 ], [ -96.984286, 32.941194 ], [ -96.984146, 32.940868 ], [ -96.984111, 32.94046 ], [ -96.983995, 32.94032 ], [ -96.983855, 32.940285 ], [ -96.983692, 32.940285 ], [ -96.983587, 32.940483 ], [ -96.983529, 32.940716 ], [ -96.983412, 32.941182 ], [ -96.983459, 32.941532 ], [ -96.983331, 32.9418 ], [ -96.982969, 32.941788 ], [ -96.982748, 32.941684 ], [ -96.982468, 32.941707 ], [ -96.982107, 32.941579 ], [ -96.981885, 32.941252 ], [ -96.981652, 32.941031 ], [ -96.981291, 32.940926 ], [ -96.981256, 32.940763 ], [ -96.981314, 32.940413 ], [ -96.981477, 32.93976 ], [ -96.981815, 32.939224 ], [ -96.982293, 32.9387 ], [ -96.98241, 32.93828 ], [ -96.982678, 32.93736 ], [ -96.982713, 32.93659 ], [ -96.982864, 32.936147 ], [ -96.982724, 32.935949 ], [ -96.982468, 32.935751 ], [ -96.982153, 32.935728 ], [ -96.981769, 32.935903 ], [ -96.981466, 32.936159 ], [ -96.981163, 32.93645 ], [ -96.980965, 32.936882 ], [ -96.98079, 32.93722 ], [ -96.980755, 32.937383 ], [ -96.980918, 32.937651 ], [ -96.980813, 32.937756 ], [ -96.9803, 32.937907 ], [ -96.979758, 32.938036 ], [ -96.97921, 32.937476 ], [ -96.978791, 32.936847 ], [ -96.978103, 32.936229 ], [ -96.977742, 32.935856 ], [ -96.97738, 32.93551 ], [ -96.976996, 32.935425 ], [ -96.976821, 32.935973 ], [ -96.976984, 32.936427 ], [ -96.977276, 32.937056 ], [ -96.977439, 32.937849 ], [ -96.977066, 32.93821 ], [ -96.977229, 32.938583 ], [ -96.977544, 32.939434 ], [ -96.977835, 32.940017 ], [ -96.977824, 32.94025 ], [ -96.977392, 32.940192 ], [ -96.976763, 32.940122 ], [ -96.975935, 32.939912 ], [ -96.97512, 32.939376 ], [ -96.974811, 32.938991 ], [ -96.974519, 32.938362 ], [ -96.974519, 32.937779 ], [ -96.974205, 32.937266 ], [ -96.973669, 32.936544 ], [ -96.973331, 32.936182 ], [ -96.973121, 32.936206 ], [ -96.973039, 32.936649 ], [ -96.973144, 32.937056 ], [ -96.973004, 32.937523 ], [ -96.972713, 32.937686 ], [ -96.972573, 32.937686 ], [ -96.972328, 32.937616 ], [ -96.971932, 32.937593 ], [ -96.97192, 32.937721 ], [ -96.971979, 32.938129 ], [ -96.971955, 32.938572 ], [ -96.971909, 32.93877 ], [ -96.971606, 32.938758 ], [ -96.971233, 32.938502 ], [ -96.970941, 32.938374 ], [ -96.97044, 32.938234 ], [ -96.970289, 32.93821 ], [ -96.970254, 32.93849 ], [ -96.970405, 32.939154 ], [ -96.970358, 32.940005 ], [ -96.969869, 32.940401 ], [ -96.969787, 32.940739 ], [ -96.970137, 32.940996 ], [ -96.970708, 32.941287 ], [ -96.970965, 32.941695 ], [ -96.971163, 32.942453 ], [ -96.970848, 32.942861 ], [ -96.970343, 32.943069 ], [ -96.970318, 32.944003 ], [ -96.970399, 32.944597 ], [ -96.972241, 32.947907 ], [ -96.972812, 32.947476 ], [ -96.97315, 32.947243 ], [ -96.973581, 32.947546 ], [ -96.973791, 32.947767 ], [ -96.974199, 32.948094 ], [ -96.97449, 32.94877 ], [ -96.974595, 32.94891 ], [ -96.97477, 32.948828 ], [ -96.974805, 32.948607 ], [ -96.974805, 32.947919 ], [ -96.974852, 32.947709 ], [ -96.974572, 32.947441 ], [ -96.974385, 32.947115 ], [ -96.974429, 32.946615 ], [ -96.974432, 32.946299 ], [ -96.974315, 32.946066 ], [ -96.974444, 32.945903 ], [ -96.974712, 32.945786 ], [ -96.97491, 32.946124 ], [ -96.975644, 32.946299 ], [ -96.975834, 32.946246 ], [ -96.9759, 32.945833 ], [ -96.976029, 32.945554 ], [ -96.976308, 32.945716 ], [ -96.97646, 32.946182 ], [ -96.977194, 32.9468 ], [ -96.977882, 32.947022 ], [ -96.978395, 32.947266 ], [ -96.978546, 32.947558 ], [ -96.978896, 32.947826 ], [ -96.979653, 32.948362 ], [ -96.980131, 32.948665 ], [ -96.980469, 32.948513 ], [ -96.980306, 32.94828 ], [ -96.980166, 32.947919 ], [ -96.980434, 32.947441 ], [ -96.980527, 32.94722 ], [ -96.980306, 32.946905 ], [ -96.979968, 32.946812 ], [ -96.979525, 32.94652 ], [ -96.978838, 32.946043 ], [ -96.978779, 32.94553 ], [ -96.978977, 32.945262 ], [ -96.979267, 32.944982 ], [ -96.979863, 32.944656 ], [ -96.980224, 32.944504 ], [ -96.980761, 32.944434 ], [ -96.981157, 32.944294 ], [ -96.981017, 32.944131 ], [ -96.9809, 32.944061 ], [ -96.980621, 32.943723 ], [ -96.980539, 32.943502 ] ] ], [ [ [ -96.835682, 33.000321 ], [ -96.835597, 33.000228 ], [ -96.835493, 32.999997 ], [ -96.835462, 32.99995 ], [ -96.835416, 32.999917 ], [ -96.83522, 32.999845 ], [ -96.835227, 32.999806 ], [ -96.835279, 32.999752 ], [ -96.835338, 32.999719 ], [ -96.835455, 32.999769 ], [ -96.835638, 32.999917 ], [ -96.835677, 32.999961 ], [ -96.835695, 32.999997 ], [ -96.835741, 33.000162 ], [ -96.835754, 33.000266 ], [ -96.835754, 33.000304 ], [ -96.835682, 33.000321 ] ] ], [ [ [ -96.835312, 32.999955 ], [ -96.835351, 32.999999 ], [ -96.835473, 33.000155 ], [ -96.835505, 33.000256 ], [ -96.835526, 33.000321 ], [ -96.835265, 33.000146 ], [ -96.835193, 33.000047 ], [ -96.835199, 32.999997 ], [ -96.835188, 32.999955 ], [ -96.835213, 32.999924 ], [ -96.835233, 32.999917 ], [ -96.835312, 32.999955 ] ] ], [ [ [ -96.489865, 32.802446 ], [ -96.489867, 32.802328 ], [ -96.489883, 32.80136 ], [ -96.489885, 32.799729 ], [ -96.489886, 32.799521 ], [ -96.489896, 32.799018 ], [ -96.489907, 32.798543 ], [ -96.489907, 32.798344 ], [ -96.490914, 32.79834 ], [ -96.490915, 32.798072 ], [ -96.490925, 32.794847 ], [ -96.491509, 32.794387 ], [ -96.491545, 32.794358 ], [ -96.492007, 32.793993 ], [ -96.493411, 32.792882 ], [ -96.496235, 32.792908 ], [ -96.49709, 32.787732 ], [ -96.497411, 32.78579 ], [ -96.498102, 32.783103 ], [ -96.498541, 32.781393 ], [ -96.500089, 32.776511 ], [ -96.500752, 32.774416 ], [ -96.501128, 32.77449 ], [ -96.503262, 32.774909 ], [ -96.503554, 32.774975 ], [ -96.503189, 32.775972 ], [ -96.502938, 32.776528 ], [ -96.502183, 32.778933 ], [ -96.502249, 32.779704 ], [ -96.507362, 32.785677 ], [ -96.508525, 32.787036 ], [ -96.509052, 32.78899 ], [ -96.509178, 32.789433 ], [ -96.519349, 32.789626 ], [ -96.519304, 32.792648 ], [ -96.5193, 32.792972 ], [ -96.519263, 32.794747 ], [ -96.519268, 32.795727 ], [ -96.519261, 32.796028 ], [ -96.519377, 32.796037 ], [ -96.51956, 32.796072 ], [ -96.519723, 32.796097 ], [ -96.519957, 32.796089 ], [ -96.522606, 32.795875 ], [ -96.523298, 32.79584 ], [ -96.523675, 32.795797 ], [ -96.524541, 32.795746 ], [ -96.524827, 32.795806 ], [ -96.52556, 32.795806 ], [ -96.525733, 32.795814 ], [ -96.525896, 32.79584 ], [ -96.52611, 32.795917 ], [ -96.527303, 32.796225 ], [ -96.527547, 32.796286 ], [ -96.527781, 32.796397 ], [ -96.528189, 32.796611 ], [ -96.528321, 32.796663 ], [ -96.528464, 32.796671 ], [ -96.528596, 32.796697 ], [ -96.52878, 32.796774 ], [ -96.528912, 32.796799 ], [ -96.529075, 32.796808 ], [ -96.529177, 32.796825 ], [ -96.5293, 32.796868 ], [ -96.529564, 32.796988 ], [ -96.530094, 32.797262 ], [ -96.530655, 32.797493 ], [ -96.53151, 32.797888 ], [ -96.532151, 32.79815 ], [ -96.534865, 32.803778 ], [ -96.534871, 32.804364 ], [ -96.534911, 32.80812 ], [ -96.535154, 32.808753 ], [ -96.534276, 32.810831 ], [ -96.535053, 32.810792 ], [ -96.53507, 32.81156 ], [ -96.533776, 32.811548 ], [ -96.533659, 32.813418 ], [ -96.532877, 32.813429 ], [ -96.533596, 32.814771 ], [ -96.534974, 32.814703 ], [ -96.540874, 32.81814 ], [ -96.542557, 32.820332 ], [ -96.542349, 32.82182 ], [ -96.542783, 32.822167 ], [ -96.543472, 32.822519 ], [ -96.543477, 32.82363 ], [ -96.543572, 32.823726 ], [ -96.541866, 32.823546 ], [ -96.538898, 32.828038 ], [ -96.541373, 32.827956 ], [ -96.542181, 32.828629 ], [ -96.543448, 32.829243 ], [ -96.543356, 32.833616 ], [ -96.543643, 32.833577 ], [ -96.543984, 32.833571 ], [ -96.544258, 32.833573 ], [ -96.544872, 32.833579 ], [ -96.545544, 32.833583 ], [ -96.545544, 32.834011 ], [ -96.545544, 32.834113 ], [ -96.545534, 32.837689 ], [ -96.545535, 32.838124 ], [ -96.545437, 32.838149 ], [ -96.545093, 32.83818 ], [ -96.544806, 32.83824 ], [ -96.544591, 32.838299 ], [ -96.544393, 32.838375 ], [ -96.544165, 32.838481 ], [ -96.54395, 32.838606 ], [ -96.543859, 32.838684 ], [ -96.543817, 32.838731 ], [ -96.543667, 32.838866 ], [ -96.543528, 32.839011 ], [ -96.54341, 32.839193 ], [ -96.543327, 32.839351 ], [ -96.543224, 32.839503 ], [ -96.543117, 32.839726 ], [ -96.543046, 32.839924 ], [ -96.543003, 32.840002 ], [ -96.542953, 32.840049 ], [ -96.542882, 32.840055 ], [ -96.542796, 32.840054 ], [ -96.542732, 32.840026 ], [ -96.542689, 32.839954 ], [ -96.542675, 32.839846 ], [ -96.542647, 32.839756 ], [ -96.542568, 32.839576 ], [ -96.542542, 32.839472 ], [ -96.542509, 32.839365 ], [ -96.542488, 32.839219 ], [ -96.542509, 32.839081 ], [ -96.542568, 32.838941 ], [ -96.542732, 32.838648 ], [ -96.542875, 32.838462 ], [ -96.543103, 32.838216 ], [ -96.54316, 32.83818 ], [ -96.543223, 32.838115 ], [ -96.54329, 32.838028 ], [ -96.543337, 32.837924 ], [ -96.543388, 32.83746 ], [ -96.543427, 32.837032 ], [ -96.543431, 32.836655 ], [ -96.543441, 32.836266 ], [ -96.543457, 32.835986 ], [ -96.543488, 32.835952 ], [ -96.543537, 32.835946 ], [ -96.543732, 32.835955 ], [ -96.544246, 32.835966 ], [ -96.544316, 32.835974 ], [ -96.544353, 32.835991 ], [ -96.54447, 32.836075 ], [ -96.544515, 32.836121 ], [ -96.544609, 32.836156 ], [ -96.544718, 32.836176 ], [ -96.544798, 32.836163 ], [ -96.544864, 32.836143 ], [ -96.544891, 32.836123 ], [ -96.54491, 32.836083 ], [ -96.544915, 32.836031 ], [ -96.544901, 32.835957 ], [ -96.544886, 32.835921 ], [ -96.54481, 32.835886 ], [ -96.544781, 32.835845 ], [ -96.544767, 32.835765 ], [ -96.544771, 32.835673 ], [ -96.544795, 32.835633 ], [ -96.544843, 32.835625 ], [ -96.54502, 32.835621 ], [ -96.545039, 32.835596 ], [ -96.545054, 32.835555 ], [ -96.545053, 32.835473 ], [ -96.54503, 32.835152 ], [ -96.545006, 32.83511 ], [ -96.544964, 32.835076 ], [ -96.544912, 32.835053 ], [ -96.544814, 32.835047 ], [ -96.544699, 32.835045 ], [ -96.544562, 32.835065 ], [ -96.544487, 32.835096 ], [ -96.544425, 32.835155 ], [ -96.54434, 32.835211 ], [ -96.544288, 32.835234 ], [ -96.544213, 32.835243 ], [ -96.543882, 32.835223 ], [ -96.543552, 32.835211 ], [ -96.543493, 32.835202 ], [ -96.543458, 32.835171 ], [ -96.543436, 32.835126 ], [ -96.543427, 32.835031 ], [ -96.543386, 32.834879 ], [ -96.54336, 32.834839 ], [ -96.543328, 32.834822 ], [ -96.543268, 32.834808 ], [ -96.543167, 32.8348 ], [ -96.5431, 32.834804 ], [ -96.543048, 32.834812 ], [ -96.543011, 32.834843 ], [ -96.542943, 32.834997 ], [ -96.54286, 32.835136 ], [ -96.542808, 32.83518 ], [ -96.542746, 32.835189 ], [ -96.542709, 32.835158 ], [ -96.542694, 32.835123 ], [ -96.542663, 32.835101 ], [ -96.542611, 32.835093 ], [ -96.542543, 32.835088 ], [ -96.542174, 32.83512 ], [ -96.54215, 32.835108 ], [ -96.542059, 32.834957 ], [ -96.541935, 32.834654 ], [ -96.541914, 32.834603 ], [ -96.541824, 32.834347 ], [ -96.541777, 32.834134 ], [ -96.541763, 32.834021 ], [ -96.541773, 32.833865 ], [ -96.541815, 32.833731 ], [ -96.541872, 32.833624 ], [ -96.541929, 32.833538 ], [ -96.541961, 32.833462 ], [ -96.54206, 32.833319 ], [ -96.542273, 32.833079 ], [ -96.542324, 32.832998 ], [ -96.542367, 32.832961 ], [ -96.542453, 32.832916 ], [ -96.542468, 32.832887 ], [ -96.54248, 32.832834 ], [ -96.542495, 32.832801 ], [ -96.542546, 32.832764 ], [ -96.542647, 32.83271 ], [ -96.542686, 32.832667 ], [ -96.542698, 32.832611 ], [ -96.542706, 32.832505 ], [ -96.542714, 32.832469 ], [ -96.542745, 32.832426 ], [ -96.54278, 32.832412 ], [ -96.542839, 32.832403 ], [ -96.542874, 32.832383 ], [ -96.542905, 32.832341 ], [ -96.542952, 32.832259 ], [ -96.542983, 32.832164 ], [ -96.543007, 32.832038 ], [ -96.542999, 32.831813 ], [ -96.542975, 32.831551 ], [ -96.542917, 32.831308 ], [ -96.542875, 32.831168 ], [ -96.542808, 32.831047 ], [ -96.542726, 32.830943 ], [ -96.542495, 32.830701 ], [ -96.542285, 32.830512 ], [ -96.542214, 32.83041 ], [ -96.542186, 32.83033 ], [ -96.54217, 32.830113 ], [ -96.542175, 32.82997 ], [ -96.542164, 32.829873 ], [ -96.542109, 32.829804 ], [ -96.541868, 32.829632 ], [ -96.541576, 32.829434 ], [ -96.541246, 32.829229 ], [ -96.540993, 32.829086 ], [ -96.540387, 32.828809 ], [ -96.539952, 32.828587 ], [ -96.539776, 32.828522 ], [ -96.539677, 32.828503 ], [ -96.539484, 32.828494 ], [ -96.538846, 32.82855 ], [ -96.538631, 32.828564 ], [ -96.538408, 32.828544 ], [ -96.538144, 32.82854 ], [ -96.538039, 32.82852 ], [ -96.537973, 32.828492 ], [ -96.537946, 32.828441 ], [ -96.537951, 32.828373 ], [ -96.538001, 32.828298 ], [ -96.538094, 32.828225 ], [ -96.538259, 32.828128 ], [ -96.538413, 32.828011 ], [ -96.538545, 32.827864 ], [ -96.538589, 32.8278 ], [ -96.538611, 32.827721 ], [ -96.538633, 32.827507 ], [ -96.538622, 32.82736 ], [ -96.538639, 32.82729 ], [ -96.538677, 32.82724 ], [ -96.538804, 32.827134 ], [ -96.538974, 32.827009 ], [ -96.539051, 32.826916 ], [ -96.539112, 32.826806 ], [ -96.539156, 32.82655 ], [ -96.5392, 32.826463 ], [ -96.539288, 32.826384 ], [ -96.539414, 32.826293 ], [ -96.539491, 32.8262 ], [ -96.53959, 32.825997 ], [ -96.539634, 32.825891 ], [ -96.539755, 32.825789 ], [ -96.540305, 32.825216 ], [ -96.540514, 32.824879 ], [ -96.540586, 32.824737 ], [ -96.54067, 32.824313 ], [ -96.540718, 32.824102 ], [ -96.540811, 32.823876 ], [ -96.54092, 32.82365 ], [ -96.541129, 32.823271 ], [ -96.541255, 32.823173 ], [ -96.541354, 32.823145 ], [ -96.541464, 32.82315 ], [ -96.541569, 32.823173 ], [ -96.541668, 32.823229 ], [ -96.54175, 32.823252 ], [ -96.541876, 32.823243 ], [ -96.542184, 32.823248 ], [ -96.542365, 32.82326 ], [ -96.54247, 32.823229 ], [ -96.542563, 32.823141 ], [ -96.542596, 32.823072 ], [ -96.542596, 32.823026 ], [ -96.54258, 32.822984 ], [ -96.542498, 32.822876 ], [ -96.542178, 32.822601 ], [ -96.54186, 32.822319 ], [ -96.541811, 32.82223 ], [ -96.541778, 32.822151 ], [ -96.541772, 32.822069 ], [ -96.541827, 32.821985 ], [ -96.541925, 32.821921 ], [ -96.541969, 32.821852 ], [ -96.541975, 32.821763 ], [ -96.541945, 32.821727 ], [ -96.541891, 32.821695 ], [ -96.54188, 32.821659 ], [ -96.541901, 32.821608 ], [ -96.541958, 32.821542 ], [ -96.541977, 32.821496 ], [ -96.541969, 32.821413 ], [ -96.541947, 32.82131 ], [ -96.541909, 32.821237 ], [ -96.541909, 32.82113 ], [ -96.541936, 32.820969 ], [ -96.541958, 32.820877 ], [ -96.541936, 32.820803 ], [ -96.541865, 32.820687 ], [ -96.541799, 32.82046 ], [ -96.541772, 32.820409 ], [ -96.5417, 32.820359 ], [ -96.541662, 32.820304 ], [ -96.541574, 32.820049 ], [ -96.541508, 32.81997 ], [ -96.541497, 32.819906 ], [ -96.541502, 32.819846 ], [ -96.541475, 32.81979 ], [ -96.541271, 32.819634 ], [ -96.541112, 32.819454 ], [ -96.541002, 32.819287 ], [ -96.540991, 32.819209 ], [ -96.541013, 32.819125 ], [ -96.541046, 32.819056 ], [ -96.541051, 32.818987 ], [ -96.541029, 32.81889 ], [ -96.540903, 32.818723 ], [ -96.54054, 32.818414 ], [ -96.540144, 32.818146 ], [ -96.53966, 32.817854 ], [ -96.539325, 32.817707 ], [ -96.539083, 32.817606 ], [ -96.538951, 32.817573 ], [ -96.538791, 32.817541 ], [ -96.538703, 32.817504 ], [ -96.538593, 32.817443 ], [ -96.538153, 32.81718 ], [ -96.537994, 32.817134 ], [ -96.537884, 32.817111 ], [ -96.537639, 32.817077 ], [ -96.537365, 32.81701 ], [ -96.537276, 32.816975 ], [ -96.537227, 32.816938 ], [ -96.537067, 32.816772 ], [ -96.537018, 32.816762 ], [ -96.536935, 32.816776 ], [ -96.536858, 32.816762 ], [ -96.536798, 32.81672 ], [ -96.536655, 32.816582 ], [ -96.536508, 32.816503 ], [ -96.536358, 32.816447 ], [ -96.536105, 32.816382 ], [ -96.535626, 32.81623 ], [ -96.535494, 32.81618 ], [ -96.535357, 32.816088 ], [ -96.535219, 32.816008 ], [ -96.534829, 32.815884 ], [ -96.534344, 32.815801 ], [ -96.534256, 32.815773 ], [ -96.534108, 32.81574 ], [ -96.533877, 32.815722 ], [ -96.533816, 32.815709 ], [ -96.533783, 32.815676 ], [ -96.53375, 32.81549 ], [ -96.53369, 32.815352 ], [ -96.53358, 32.815219 ], [ -96.533475, 32.815135 ], [ -96.533321, 32.815025 ], [ -96.533145, 32.814941 ], [ -96.53309, 32.814932 ], [ -96.533052, 32.814891 ], [ -96.533052, 32.81484 ], [ -96.533079, 32.814784 ], [ -96.533118, 32.814738 ], [ -96.533134, 32.814696 ], [ -96.533123, 32.814654 ], [ -96.533057, 32.814618 ], [ -96.532925, 32.814572 ], [ -96.532876, 32.814539 ], [ -96.532733, 32.814345 ], [ -96.532364, 32.813828 ], [ -96.532293, 32.813675 ], [ -96.532271, 32.813568 ], [ -96.532227, 32.813513 ], [ -96.532144, 32.813467 ], [ -96.531869, 32.813292 ], [ -96.53177, 32.813208 ], [ -96.531721, 32.813148 ], [ -96.531715, 32.813088 ], [ -96.531743, 32.81305 ], [ -96.531776, 32.813019 ], [ -96.531781, 32.812982 ], [ -96.531765, 32.812908 ], [ -96.531699, 32.812774 ], [ -96.531671, 32.812621 ], [ -96.53166, 32.812538 ], [ -96.531627, 32.812473 ], [ -96.531561, 32.812431 ], [ -96.531479, 32.812418 ], [ -96.531396, 32.812431 ], [ -96.531336, 32.812422 ], [ -96.531314, 32.81238 ], [ -96.531347, 32.812315 ], [ -96.531385, 32.812256 ], [ -96.531413, 32.812182 ], [ -96.531385, 32.812107 ], [ -96.531314, 32.812011 ], [ -96.53116, 32.811873 ], [ -96.530951, 32.811753 ], [ -96.530824, 32.811716 ], [ -96.530747, 32.811716 ], [ -96.53067, 32.811693 ], [ -96.53061, 32.811646 ], [ -96.530527, 32.81148 ], [ -96.530511, 32.811341 ], [ -96.530472, 32.811243 ], [ -96.530378, 32.81111 ], [ -96.530164, 32.810865 ], [ -96.53001, 32.810725 ], [ -96.529399, 32.810227 ], [ -96.529361, 32.810148 ], [ -96.529322, 32.810042 ], [ -96.529245, 32.809936 ], [ -96.528811, 32.809469 ], [ -96.528739, 32.809419 ], [ -96.528651, 32.809368 ], [ -96.528596, 32.809326 ], [ -96.528541, 32.809256 ], [ -96.52847, 32.809132 ], [ -96.528431, 32.809081 ], [ -96.528343, 32.809016 ], [ -96.528211, 32.808933 ], [ -96.528162, 32.808906 ], [ -96.528134, 32.80885 ], [ -96.528145, 32.808775 ], [ -96.528195, 32.808702 ], [ -96.528305, 32.808637 ], [ -96.528399, 32.808605 ], [ -96.528574, 32.808601 ], [ -96.528668, 32.808581 ], [ -96.528729, 32.808549 ], [ -96.528773, 32.808471 ], [ -96.528833, 32.808254 ], [ -96.528822, 32.807963 ], [ -96.528762, 32.807818 ], [ -96.528635, 32.807486 ], [ -96.528531, 32.807265 ], [ -96.528481, 32.807209 ], [ -96.52821, 32.807039 ], [ -96.527942, 32.80694 ], [ -96.527827, 32.806909 ], [ -96.527777, 32.806886 ], [ -96.527728, 32.806835 ], [ -96.527662, 32.806784 ], [ -96.527438, 32.806728 ], [ -96.527112, 32.806673 ], [ -96.526727, 32.806576 ], [ -96.52546, 32.806318 ], [ -96.524888, 32.806171 ], [ -96.52359, 32.80589 ], [ -96.52326, 32.805848 ], [ -96.522996, 32.805797 ], [ -96.522814, 32.805741 ], [ -96.522457, 32.805648 ], [ -96.521984, 32.805564 ], [ -96.519633, 32.805035 ], [ -96.519348, 32.804961 ], [ -96.519129, 32.804935 ], [ -96.519066, 32.804917 ], [ -96.518692, 32.804812 ], [ -96.518522, 32.804774 ], [ -96.518208, 32.804699 ], [ -96.517622, 32.804583 ], [ -96.517012, 32.804482 ], [ -96.514433, 32.803901 ], [ -96.513993, 32.803807 ], [ -96.511578, 32.803296 ], [ -96.508583, 32.80265 ], [ -96.507111, 32.802326 ], [ -96.505515, 32.801972 ], [ -96.500002, 32.800793 ], [ -96.499176, 32.800612 ], [ -96.499058, 32.800609 ], [ -96.498906, 32.800685 ], [ -96.49873, 32.800677 ], [ -96.497632, 32.800519 ], [ -96.496616, 32.800365 ], [ -96.496501, 32.80032 ], [ -96.496491, 32.800247 ], [ -96.496515, 32.800188 ], [ -96.496491, 32.800126 ], [ -96.496286, 32.800029 ], [ -96.496233, 32.799979 ], [ -96.496253, 32.799898 ], [ -96.496423, 32.799345 ], [ -96.496499, 32.799096 ], [ -96.496501, 32.79894 ], [ -96.496439, 32.798873 ], [ -96.496333, 32.798794 ], [ -96.496158, 32.798682 ], [ -96.495975, 32.798502 ], [ -96.495909, 32.798412 ], [ -96.495864, 32.798316 ], [ -96.495829, 32.798174 ], [ -96.495897, 32.797694 ], [ -96.49597, 32.797266 ], [ -96.496091, 32.79666 ], [ -96.496032, 32.796543 ], [ -96.49588, 32.796432 ], [ -96.495585, 32.796549 ], [ -96.495246, 32.797963 ], [ -96.495119, 32.798121 ], [ -96.494969, 32.798259 ], [ -96.494775, 32.798411 ], [ -96.494532, 32.798523 ], [ -96.494401, 32.798597 ], [ -96.494332, 32.798688 ], [ -96.494332, 32.798785 ], [ -96.49438, 32.798854 ], [ -96.494604, 32.799078 ], [ -96.494598, 32.799169 ], [ -96.494564, 32.799259 ], [ -96.494522, 32.799343 ], [ -96.494592, 32.799577 ], [ -96.494598, 32.799709 ], [ -96.494562, 32.799777 ], [ -96.49455, 32.799799 ], [ -96.494427, 32.799813 ], [ -96.494024, 32.799777 ], [ -96.493935, 32.799813 ], [ -96.49385, 32.799875 ], [ -96.493726, 32.800055 ], [ -96.49342, 32.800823 ], [ -96.493317, 32.800891 ], [ -96.493176, 32.801214 ], [ -96.493165, 32.801586 ], [ -96.493186, 32.801972 ], [ -96.493241, 32.802491 ], [ -96.493338, 32.802809 ], [ -96.493403, 32.803109 ], [ -96.4935, 32.803714 ], [ -96.493537, 32.803832 ], [ -96.493563, 32.804063 ], [ -96.493535, 32.804204 ], [ -96.493522, 32.804316 ], [ -96.493513, 32.804462 ], [ -96.493507, 32.80455 ], [ -96.493466, 32.804667 ], [ -96.493397, 32.804737 ], [ -96.493306, 32.804744 ], [ -96.493189, 32.804764 ], [ -96.493064, 32.804833 ], [ -96.493016, 32.804875 ], [ -96.492933, 32.804882 ], [ -96.492829, 32.804861 ], [ -96.492774, 32.804806 ], [ -96.492677, 32.80482 ], [ -96.492663, 32.804868 ], [ -96.492663, 32.804937 ], [ -96.492756, 32.805038 ], [ -96.492839, 32.805114 ], [ -96.492946, 32.805225 ], [ -96.493019, 32.805238 ], [ -96.493096, 32.805287 ], [ -96.493096, 32.805383 ], [ -96.492895, 32.805764 ], [ -96.49286, 32.805821 ], [ -96.49185, 32.8058 ], [ -96.491021, 32.805807 ], [ -96.491024, 32.802848 ], [ -96.489871, 32.802859 ], [ -96.489865, 32.802446 ] ], [ [ -96.509675, 32.790535 ], [ -96.510285, 32.790563 ], [ -96.510851, 32.790729 ], [ -96.511712, 32.790814 ], [ -96.512524, 32.79079 ], [ -96.512973, 32.790777 ], [ -96.513409, 32.790377 ], [ -96.512943, 32.789819 ], [ -96.510131, 32.789691 ], [ -96.509299, 32.790159 ], [ -96.509675, 32.790535 ] ], [ [ -96.511888, 32.794373 ], [ -96.51227, 32.794385 ], [ -96.512375, 32.794396 ], [ -96.512428, 32.79434 ], [ -96.512362, 32.794285 ], [ -96.512283, 32.794207 ], [ -96.512244, 32.794041 ], [ -96.512244, 32.79372 ], [ -96.512277, 32.793608 ], [ -96.512283, 32.793587 ], [ -96.51223, 32.793408 ], [ -96.512217, 32.79331 ], [ -96.51227, 32.793253 ], [ -96.512402, 32.793177 ], [ -96.5126, 32.792988 ], [ -96.51272, 32.792867 ], [ -96.512679, 32.792245 ], [ -96.5126, 32.791514 ], [ -96.51256, 32.791435 ], [ -96.512507, 32.791392 ], [ -96.512402, 32.791414 ], [ -96.512283, 32.791446 ], [ -96.512006, 32.791646 ], [ -96.511795, 32.79178 ], [ -96.51169, 32.791913 ], [ -96.511624, 32.792046 ], [ -96.511558, 32.792124 ], [ -96.511466, 32.792189 ], [ -96.511294, 32.792178 ], [ -96.510806, 32.792167 ], [ -96.510596, 32.792189 ], [ -96.510385, 32.792157 ], [ -96.510055, 32.792112 ], [ -96.509923, 32.792135 ], [ -96.509831, 32.792201 ], [ -96.509778, 32.792323 ], [ -96.509712, 32.792789 ], [ -96.509673, 32.793253 ], [ -96.509699, 32.793408 ], [ -96.509778, 32.793509 ], [ -96.509804, 32.79363 ], [ -96.509752, 32.793864 ], [ -96.509725, 32.794141 ], [ -96.509765, 32.794328 ], [ -96.509831, 32.794485 ], [ -96.509936, 32.794584 ], [ -96.510121, 32.794651 ], [ -96.510741, 32.794795 ], [ -96.511202, 32.79486 ], [ -96.511505, 32.794894 ], [ -96.511598, 32.79486 ], [ -96.511598, 32.794795 ], [ -96.511505, 32.794705 ], [ -96.511347, 32.794651 ], [ -96.511268, 32.794595 ], [ -96.511294, 32.794528 ], [ -96.511387, 32.794473 ], [ -96.511598, 32.794407 ], [ -96.511888, 32.794373 ] ], [ [ -96.530316, 32.809256 ], [ -96.530301, 32.809301 ], [ -96.530252, 32.80934 ], [ -96.530154, 32.809369 ], [ -96.530109, 32.80939 ], [ -96.530059, 32.809436 ], [ -96.530059, 32.809464 ], [ -96.530099, 32.809532 ], [ -96.530217, 32.809645 ], [ -96.530262, 32.809657 ], [ -96.530292, 32.809645 ], [ -96.530347, 32.80956 ], [ -96.530372, 32.80949 ], [ -96.530575, 32.809023 ], [ -96.530723, 32.808709 ], [ -96.530753, 32.808635 ], [ -96.530748, 32.808568 ], [ -96.530718, 32.80851 ], [ -96.530435, 32.80825 ], [ -96.530163, 32.808012 ], [ -96.529944, 32.8078 ], [ -96.529899, 32.807776 ], [ -96.529859, 32.807776 ], [ -96.529819, 32.807801 ], [ -96.529641, 32.808164 ], [ -96.529512, 32.808459 ], [ -96.529482, 32.808489 ], [ -96.529487, 32.808531 ], [ -96.529557, 32.80858 ], [ -96.529791, 32.808784 ], [ -96.530178, 32.80911 ], [ -96.530306, 32.809218 ], [ -96.530316, 32.809256 ] ] ], [ [ [ -96.483275, 32.809821 ], [ -96.483234, 32.809829 ], [ -96.483173, 32.809842 ], [ -96.483167, 32.809801 ], [ -96.483158, 32.809734 ], [ -96.483224, 32.809796 ], [ -96.483275, 32.809821 ] ] ], [ [ [ -96.485859, 32.81169 ], [ -96.48546, 32.811943 ], [ -96.48562, 32.811805 ], [ -96.485766, 32.811723 ], [ -96.485858, 32.81165 ], [ -96.48598, 32.811535 ], [ -96.486063, 32.811515 ], [ -96.48654, 32.811453 ], [ -96.486748, 32.811383 ], [ -96.487102, 32.811301 ], [ -96.487289, 32.811266 ], [ -96.487379, 32.811266 ], [ -96.487496, 32.811287 ], [ -96.487593, 32.811363 ], [ -96.487787, 32.811557 ], [ -96.487836, 32.811653 ], [ -96.487801, 32.811827 ], [ -96.487669, 32.811976 ], [ -96.487528, 32.812168 ], [ -96.487396, 32.812244 ], [ -96.487375, 32.812442 ], [ -96.486914, 32.812245 ], [ -96.487551, 32.81175 ], [ -96.487471, 32.811609 ], [ -96.486924, 32.811581 ], [ -96.486837, 32.811515 ], [ -96.485859, 32.81169 ] ] ], [ [ [ -96.485511, 32.811398 ], [ -96.485748, 32.811141 ], [ -96.485616, 32.811335 ], [ -96.485552, 32.811551 ], [ -96.48548, 32.811645 ], [ -96.485365, 32.811728 ], [ -96.485264, 32.811814 ], [ -96.485195, 32.811911 ], [ -96.48514, 32.812022 ], [ -96.485065, 32.812146 ], [ -96.484953, 32.812237 ], [ -96.484787, 32.812292 ], [ -96.484516, 32.81241 ], [ -96.484282, 32.812569 ], [ -96.484264, 32.812576 ], [ -96.484411, 32.812316 ], [ -96.484653, 32.812224 ], [ -96.484822, 32.811998 ], [ -96.485053, 32.81182 ], [ -96.485326, 32.811609 ], [ -96.485511, 32.811398 ] ] ], [ [ [ -96.484962, 32.812653 ], [ -96.484855, 32.812497 ], [ -96.484592, 32.812596 ], [ -96.484558, 32.812853 ], [ -96.48367, 32.813295 ], [ -96.483205, 32.813299 ], [ -96.483242, 32.813139 ], [ -96.484097, 32.812871 ], [ -96.484112, 32.812844 ], [ -96.48415, 32.812866 ], [ -96.484267, 32.812804 ], [ -96.484454, 32.812672 ], [ -96.484842, 32.812417 ], [ -96.48496, 32.812375 ], [ -96.485098, 32.812299 ], [ -96.485258, 32.812165 ], [ -96.48546, 32.811943 ], [ -96.485351, 32.812094 ], [ -96.485337, 32.812281 ], [ -96.485202, 32.812392 ], [ -96.485052, 32.812549 ], [ -96.485039, 32.812614 ], [ -96.484962, 32.812653 ] ] ], [ [ [ -96.488405, 32.813232 ], [ -96.488477, 32.813152 ], [ -96.488724, 32.812887 ], [ -96.488799, 32.812814 ], [ -96.488851, 32.812807 ], [ -96.488845, 32.812824 ], [ -96.488765, 32.813009 ], [ -96.488749, 32.813046 ], [ -96.488642, 32.813229 ], [ -96.488584, 32.813229 ], [ -96.488405, 32.813232 ] ] ], [ [ [ -96.544003, 32.839807 ], [ -96.543885, 32.839716 ], [ -96.543843, 32.839647 ], [ -96.543833, 32.839588 ], [ -96.543843, 32.839534 ], [ -96.544019, 32.839312 ], [ -96.544142, 32.839171 ], [ -96.544299, 32.83903 ], [ -96.544469, 32.838923 ], [ -96.544657, 32.838816 ], [ -96.544841, 32.838745 ], [ -96.545002, 32.838689 ], [ -96.545195, 32.838645 ], [ -96.545383, 32.838625 ], [ -96.545488, 32.83863 ], [ -96.545535, 32.83864 ], [ -96.545526, 32.840425 ], [ -96.545526, 32.840759 ], [ -96.545074, 32.840469 ], [ -96.54486, 32.840342 ], [ -96.54439, 32.840037 ], [ -96.544003, 32.839807 ] ] ], [ [ [ -96.549376, 32.848597 ], [ -96.549344, 32.848557 ], [ -96.549183, 32.84837 ], [ -96.549079, 32.84827 ], [ -96.549015, 32.848188 ], [ -96.548946, 32.848072 ], [ -96.548895, 32.848 ], [ -96.548865, 32.847971 ], [ -96.548805, 32.847954 ], [ -96.548654, 32.84796 ], [ -96.54848, 32.847937 ], [ -96.548376, 32.847907 ], [ -96.548119, 32.847797 ], [ -96.548056, 32.847755 ], [ -96.548007, 32.847698 ], [ -96.54798, 32.847628 ], [ -96.547952, 32.847493 ], [ -96.547917, 32.847375 ], [ -96.547827, 32.847158 ], [ -96.547687, 32.847192 ], [ -96.54759, 32.847209 ], [ -96.547499, 32.84723 ], [ -96.547443, 32.847226 ], [ -96.547397, 32.847205 ], [ -96.547285, 32.847123 ], [ -96.546704, 32.846733 ], [ -96.547256, 32.846178 ], [ -96.547249, 32.84617 ], [ -96.547011, 32.845967 ], [ -96.54788, 32.846106 ], [ -96.54888, 32.847239 ], [ -96.549888, 32.847367 ], [ -96.549872, 32.848119 ], [ -96.549872, 32.848146 ], [ -96.549376, 32.848597 ] ] ], [ [ [ -96.547219, 32.851055 ], [ -96.547296, 32.851108 ], [ -96.547357, 32.851142 ], [ -96.547409, 32.851168 ], [ -96.547473, 32.851202 ], [ -96.547521, 32.851233 ], [ -96.547582, 32.851281 ], [ -96.547607, 32.851311 ], [ -96.547648, 32.851378 ], [ -96.547677, 32.851428 ], [ -96.547698, 32.851467 ], [ -96.547736, 32.851517 ], [ -96.547775, 32.851561 ], [ -96.547784, 32.851575 ], [ -96.547813, 32.851609 ], [ -96.547828, 32.851628 ], [ -96.547857, 32.851661 ], [ -96.547873, 32.851678 ], [ -96.547886, 32.851689 ], [ -96.54795, 32.851732 ], [ -96.547995, 32.851771 ], [ -96.548026, 32.851804 ], [ -96.548058, 32.851835 ], [ -96.548068, 32.851846 ], [ -96.548081, 32.851855 ], [ -96.548119, 32.851888 ], [ -96.548129, 32.851905 ], [ -96.548135, 32.851927 ], [ -96.548134, 32.851949 ], [ -96.548127, 32.851957 ], [ -96.548114, 32.851962 ], [ -96.548089, 32.851968 ], [ -96.548065, 32.851978 ], [ -96.548052, 32.851992 ], [ -96.548048, 32.852008 ], [ -96.548054, 32.852022 ], [ -96.548053, 32.852077 ], [ -96.54804, 32.852093 ], [ -96.54801, 32.852109 ], [ -96.54799, 32.852117 ], [ -96.547974, 32.852131 ], [ -96.54796, 32.85215 ], [ -96.547947, 32.852177 ], [ -96.547943, 32.852193 ], [ -96.547936, 32.852221 ], [ -96.547934, 32.852301 ], [ -96.547928, 32.852443 ], [ -96.547926, 32.852507 ], [ -96.547923, 32.85252 ], [ -96.547921, 32.852597 ], [ -96.547921, 32.852737 ], [ -96.547917, 32.852781 ], [ -96.54791, 32.852822 ], [ -96.547902, 32.852864 ], [ -96.547891, 32.852927 ], [ -96.547884, 32.852946 ], [ -96.54787, 32.853014 ], [ -96.547848, 32.853085 ], [ -96.547828, 32.853148 ], [ -96.54781, 32.853187 ], [ -96.547784, 32.853225 ], [ -96.54776, 32.853249 ], [ -96.547737, 32.853276 ], [ -96.547713, 32.853306 ], [ -96.547677, 32.853349 ], [ -96.547643, 32.853393 ], [ -96.547623, 32.853423 ], [ -96.547576, 32.853485 ], [ -96.547545, 32.853537 ], [ -96.547497, 32.853644 ], [ -96.54747, 32.853701 ], [ -96.547436, 32.853758 ], [ -96.547396, 32.853807 ], [ -96.547337, 32.85385 ], [ -96.547261, 32.853898 ], [ -96.547207, 32.853958 ], [ -96.54715, 32.854017 ], [ -96.547097, 32.854072 ], [ -96.547054, 32.85412 ], [ -96.54701, 32.854169 ], [ -96.546957, 32.854221 ], [ -96.546887, 32.854286 ], [ -96.546837, 32.854329 ], [ -96.546794, 32.854369 ], [ -96.546764, 32.854416 ], [ -96.546743, 32.854465 ], [ -96.546729, 32.854519 ], [ -96.546718, 32.854558 ], [ -96.546701, 32.854607 ], [ -96.546681, 32.854645 ], [ -96.54664, 32.854708 ], [ -96.546606, 32.854759 ], [ -96.546589, 32.854792 ], [ -96.546569, 32.854847 ], [ -96.546551, 32.854929 ], [ -96.54655, 32.854965 ], [ -96.546545, 32.855022 ], [ -96.54655, 32.855102 ], [ -96.546549, 32.85516 ], [ -96.546551, 32.855204 ], [ -96.546559, 32.855295 ], [ -96.546567, 32.855353 ], [ -96.546583, 32.8554 ], [ -96.546595, 32.85543 ], [ -96.546642, 32.855513 ], [ -96.546677, 32.855561 ], [ -96.546737, 32.855641 ], [ -96.546784, 32.855708 ], [ -96.546797, 32.855727 ], [ -96.546825, 32.855764 ], [ -96.546854, 32.855805 ], [ -96.546879, 32.855844 ], [ -96.546892, 32.855861 ], [ -96.546914, 32.855894 ], [ -96.546942, 32.855944 ], [ -96.546955, 32.855961 ], [ -96.546973, 32.855994 ], [ -96.546995, 32.85603 ], [ -96.547021, 32.856066 ], [ -96.547055, 32.856116 ], [ -96.547065, 32.856133 ], [ -96.547093, 32.856166 ], [ -96.547122, 32.856194 ], [ -96.547157, 32.856225 ], [ -96.547202, 32.856256 ], [ -96.547241, 32.856276 ], [ -96.54727, 32.856287 ], [ -96.547309, 32.856288 ], [ -96.547335, 32.856283 ], [ -96.547358, 32.856278 ], [ -96.547381, 32.856273 ], [ -96.54742, 32.856273 ], [ -96.547446, 32.856282 ], [ -96.547468, 32.856296 ], [ -96.547494, 32.856313 ], [ -96.547516, 32.85633 ], [ -96.547552, 32.856352 ], [ -96.547571, 32.856358 ], [ -96.547597, 32.856359 ], [ -96.547617, 32.856353 ], [ -96.54764, 32.856354 ], [ -96.547659, 32.85636 ], [ -96.547685, 32.856374 ], [ -96.547681, 32.856385 ], [ -96.547674, 32.856406 ], [ -96.547667, 32.856431 ], [ -96.547657, 32.856453 ], [ -96.547647, 32.856467 ], [ -96.547633, 32.856488 ], [ -96.547623, 32.856499 ], [ -96.547607, 32.856524 ], [ -96.547576, 32.856567 ], [ -96.547549, 32.856613 ], [ -96.547515, 32.856671 ], [ -96.547495, 32.856714 ], [ -96.547471, 32.856772 ], [ -96.547456, 32.856843 ], [ -96.547449, 32.856895 ], [ -96.547434, 32.856969 ], [ -96.54743, 32.857021 ], [ -96.547426, 32.857054 ], [ -96.547434, 32.857115 ], [ -96.547458, 32.857189 ], [ -96.54747, 32.857234 ], [ -96.547473, 32.857256 ], [ -96.547482, 32.857302 ], [ -96.547491, 32.857358 ], [ -96.547502, 32.857413 ], [ -96.547534, 32.85746 ], [ -96.547595, 32.857508 ], [ -96.547649, 32.857542 ], [ -96.547678, 32.857564 ], [ -96.547714, 32.857586 ], [ -96.547742, 32.857606 ], [ -96.547765, 32.857623 ], [ -96.547781, 32.857643 ], [ -96.5478, 32.857668 ], [ -96.547812, 32.857687 ], [ -96.547822, 32.857706 ], [ -96.547853, 32.857762 ], [ -96.547865, 32.857787 ], [ -96.547887, 32.85782 ], [ -96.547922, 32.857859 ], [ -96.547961, 32.857896 ], [ -96.547983, 32.857912 ], [ -96.548031, 32.857946 ], [ -96.548041, 32.857955 ], [ -96.548067, 32.857969 ], [ -96.548096, 32.857986 ], [ -96.548131, 32.858003 ], [ -96.548173, 32.858023 ], [ -96.548199, 32.858039 ], [ -96.548253, 32.858073 ], [ -96.548272, 32.858098 ], [ -96.548295, 32.858121 ], [ -96.54833, 32.858141 ], [ -96.548385, 32.858158 ], [ -96.548433, 32.858175 ], [ -96.548501, 32.858198 ], [ -96.548631, 32.858241 ], [ -96.548679, 32.858259 ], [ -96.548737, 32.858293 ], [ -96.548769, 32.858315 ], [ -96.548817, 32.858352 ], [ -96.548846, 32.858385 ], [ -96.548884, 32.858432 ], [ -96.548912, 32.858466 ], [ -96.548934, 32.858499 ], [ -96.548941, 32.858518 ], [ -96.548943, 32.858543 ], [ -96.548933, 32.858571 ], [ -96.548926, 32.85859 ], [ -96.548932, 32.858615 ], [ -96.548954, 32.858629 ], [ -96.548967, 32.858632 ], [ -96.548993, 32.858629 ], [ -96.549023, 32.858621 ], [ -96.549046, 32.858611 ], [ -96.549066, 32.858597 ], [ -96.549103, 32.858559 ], [ -96.549126, 32.858535 ], [ -96.549155, 32.858522 ], [ -96.549178, 32.858519 ], [ -96.54922, 32.858528 ], [ -96.549246, 32.858534 ], [ -96.549282, 32.858535 ], [ -96.549347, 32.858544 ], [ -96.549383, 32.858545 ], [ -96.549425, 32.858537 ], [ -96.549445, 32.858526 ], [ -96.549468, 32.858508 ], [ -96.549468, 32.858498 ], [ -96.549482, 32.858491 ], [ -96.549492, 32.858478 ], [ -96.549502, 32.858461 ], [ -96.549516, 32.85844 ], [ -96.549529, 32.858423 ], [ -96.549549, 32.858402 ], [ -96.549566, 32.858388 ], [ -96.549595, 32.858364 ], [ -96.549612, 32.858353 ], [ -96.549632, 32.858345 ], [ -96.549648, 32.858343 ], [ -96.549671, 32.858337 ], [ -96.549791, 32.858339 ], [ -96.549827, 32.858351 ], [ -96.549856, 32.858368 ], [ -96.549866, 32.858374 ], [ -96.549901, 32.858413 ], [ -96.549929, 32.858443 ], [ -96.549959, 32.858419 ], [ -96.549966, 32.858408 ], [ -96.549969, 32.858394 ], [ -96.549993, 32.858337 ], [ -96.55001, 32.858315 ], [ -96.550043, 32.858288 ], [ -96.550066, 32.858278 ], [ -96.550096, 32.858267 ], [ -96.550213, 32.858255 ], [ -96.550226, 32.858255 ], [ -96.55024, 32.858253 ], [ -96.550256, 32.858253 ], [ -96.550269, 32.858251 ], [ -96.550292, 32.858248 ], [ -96.550311, 32.858249 ], [ -96.550328, 32.858246 ], [ -96.550354, 32.858249 ], [ -96.550373, 32.858252 ], [ -96.550389, 32.858258 ], [ -96.550402, 32.858266 ], [ -96.550415, 32.858278 ], [ -96.550428, 32.858292 ], [ -96.550437, 32.858314 ], [ -96.550433, 32.858341 ], [ -96.550429, 32.858366 ], [ -96.550428, 32.858402 ], [ -96.550435, 32.858415 ], [ -96.550444, 32.858424 ], [ -96.550451, 32.858435 ], [ -96.550476, 32.858457 ], [ -96.550499, 32.858466 ], [ -96.550538, 32.858464 ], [ -96.550557, 32.858459 ], [ -96.55058, 32.858453 ], [ -96.550607, 32.858443 ], [ -96.550623, 32.85844 ], [ -96.550669, 32.858438 ], [ -96.550708, 32.858433 ], [ -96.550721, 32.858431 ], [ -96.550737, 32.858428 ], [ -96.550778, 32.858429 ], [ -96.550793, 32.858435 ], [ -96.550805, 32.858443 ], [ -96.550805, 32.858457 ], [ -96.550798, 32.858471 ], [ -96.550788, 32.858487 ], [ -96.550781, 32.858495 ], [ -96.550768, 32.858511 ], [ -96.550755, 32.858525 ], [ -96.550708, 32.858568 ], [ -96.550678, 32.85859 ], [ -96.550629, 32.858619 ], [ -96.550593, 32.858632 ], [ -96.550547, 32.858645 ], [ -96.550517, 32.858653 ], [ -96.550459, 32.858663 ], [ -96.550387, 32.858662 ], [ -96.550341, 32.858659 ], [ -96.550309, 32.858655 ], [ -96.550283, 32.858652 ], [ -96.55025, 32.858643 ], [ -96.550241, 32.858638 ], [ -96.550231, 32.858629 ], [ -96.550225, 32.858616 ], [ -96.550222, 32.858599 ], [ -96.550224, 32.858533 ], [ -96.550222, 32.858521 ], [ -96.550218, 32.858503 ], [ -96.550208, 32.858486 ], [ -96.550189, 32.858478 ], [ -96.550173, 32.858475 ], [ -96.550147, 32.858474 ], [ -96.550137, 32.858479 ], [ -96.55013, 32.858496 ], [ -96.550129, 32.858523 ], [ -96.550126, 32.858538 ], [ -96.550122, 32.858559 ], [ -96.550122, 32.85857 ], [ -96.550111, 32.8586 ], [ -96.550098, 32.858616 ], [ -96.550082, 32.858624 ], [ -96.550048, 32.858651 ], [ -96.550035, 32.858659 ], [ -96.550009, 32.85867 ], [ -96.549986, 32.85867 ], [ -96.549963, 32.858666 ], [ -96.549928, 32.858658 ], [ -96.549895, 32.858649 ], [ -96.549876, 32.858646 ], [ -96.54986, 32.85864 ], [ -96.549821, 32.85862 ], [ -96.549798, 32.858612 ], [ -96.549786, 32.858606 ], [ -96.549719, 32.85859 ], [ -96.549684, 32.858613 ], [ -96.549678, 32.858621 ], [ -96.549671, 32.858632 ], [ -96.549667, 32.858645 ], [ -96.549667, 32.858684 ], [ -96.549663, 32.858703 ], [ -96.549649, 32.858741 ], [ -96.549616, 32.858782 ], [ -96.549606, 32.858787 ], [ -96.549589, 32.858806 ], [ -96.549556, 32.858831 ], [ -96.549533, 32.858847 ], [ -96.54951, 32.85886 ], [ -96.54947, 32.85887 ], [ -96.549428, 32.858878 ], [ -96.549313, 32.858895 ], [ -96.54929, 32.858898 ], [ -96.549261, 32.8589 ], [ -96.549248, 32.858903 ], [ -96.549219, 32.858902 ], [ -96.549206, 32.858899 ], [ -96.549144, 32.858898 ], [ -96.549134, 32.858904 ], [ -96.549118, 32.858912 ], [ -96.549101, 32.858917 ], [ -96.549059, 32.858913 ], [ -96.549023, 32.858916 ], [ -96.549, 32.858921 ], [ -96.548974, 32.858929 ], [ -96.548938, 32.858939 ], [ -96.548902, 32.858949 ], [ -96.548888, 32.858963 ], [ -96.548865, 32.858971 ], [ -96.54881, 32.85897 ], [ -96.548787, 32.858967 ], [ -96.548752, 32.858958 ], [ -96.548723, 32.858949 ], [ -96.54871, 32.858944 ], [ -96.548671, 32.858932 ], [ -96.548622, 32.858918 ], [ -96.548583, 32.858909 ], [ -96.548551, 32.8589 ], [ -96.548499, 32.858885 ], [ -96.548464, 32.858877 ], [ -96.548431, 32.858879 ], [ -96.548337, 32.858877 ], [ -96.548317, 32.858874 ], [ -96.548278, 32.858874 ], [ -96.548246, 32.85887 ], [ -96.5482, 32.858864 ], [ -96.548161, 32.858858 ], [ -96.548112, 32.858846 ], [ -96.548041, 32.858834 ], [ -96.548015, 32.858831 ], [ -96.547928, 32.858813 ], [ -96.547902, 32.858807 ], [ -96.547872, 32.858799 ], [ -96.547814, 32.858781 ], [ -96.547766, 32.858761 ], [ -96.547734, 32.858747 ], [ -96.547679, 32.858727 ], [ -96.547614, 32.858704 ], [ -96.547543, 32.858686 ], [ -96.547523, 32.858683 ], [ -96.547481, 32.858674 ], [ -96.547426, 32.85866 ], [ -96.547394, 32.858648 ], [ -96.547355, 32.858631 ], [ -96.54731, 32.858614 ], [ -96.547287, 32.858603 ], [ -96.547174, 32.858549 ], [ -96.547152, 32.85854 ], [ -96.54711, 32.858517 ], [ -96.547068, 32.858497 ], [ -96.547029, 32.85848 ], [ -96.546987, 32.858463 ], [ -96.546929, 32.85844 ], [ -96.546868, 32.85842 ], [ -96.546774, 32.858394 ], [ -96.546745, 32.858385 ], [ -96.546667, 32.858367 ], [ -96.546609, 32.858355 ], [ -96.546537, 32.858338 ], [ -96.546421, 32.858311 ], [ -96.546379, 32.8583 ], [ -96.54634, 32.858291 ], [ -96.546255, 32.858273 ], [ -96.546213, 32.858264 ], [ -96.546174, 32.858255 ], [ -96.546136, 32.858244 ], [ -96.546116, 32.85824 ], [ -96.546068, 32.858223 ], [ -96.546051, 32.858215 ], [ -96.546032, 32.858206 ], [ -96.545987, 32.858183 ], [ -96.545897, 32.858127 ], [ -96.545836, 32.85809 ], [ -96.54582, 32.858082 ], [ -96.545807, 32.858073 ], [ -96.545759, 32.858048 ], [ -96.54572, 32.858031 ], [ -96.545701, 32.85802 ], [ -96.545659, 32.858002 ], [ -96.545614, 32.857982 ], [ -96.545594, 32.857974 ], [ -96.545575, 32.857963 ], [ -96.545536, 32.857945 ], [ -96.545501, 32.857928 ], [ -96.545485, 32.85792 ], [ -96.545472, 32.857914 ], [ -96.545459, 32.857906 ], [ -96.54544, 32.857894 ], [ -96.545427, 32.857886 ], [ -96.545408, 32.857875 ], [ -96.545398, 32.857866 ], [ -96.545388, 32.857861 ], [ -96.545375, 32.857855 ], [ -96.545366, 32.857847 ], [ -96.54534, 32.857835 ], [ -96.54533, 32.85783 ], [ -96.545311, 32.857821 ], [ -96.545295, 32.85781 ], [ -96.545279, 32.857804 ], [ -96.545259, 32.857795 ], [ -96.545227, 32.857778 ], [ -96.545208, 32.857773 ], [ -96.545192, 32.857764 ], [ -96.545172, 32.857758 ], [ -96.545156, 32.857753 ], [ -96.545137, 32.857747 ], [ -96.545124, 32.857741 ], [ -96.545108, 32.857735 ], [ -96.545091, 32.857732 ], [ -96.545075, 32.857727 ], [ -96.545062, 32.857724 ], [ -96.54503, 32.857718 ], [ -96.545017, 32.857715 ], [ -96.544984, 32.857709 ], [ -96.544971, 32.857708 ], [ -96.544952, 32.857705 ], [ -96.544864, 32.857704 ], [ -96.544844, 32.857706 ], [ -96.544822, 32.857706 ], [ -96.544782, 32.857711 ], [ -96.544766, 32.857716 ], [ -96.54474, 32.857721 ], [ -96.54473, 32.857727 ], [ -96.544717, 32.857729 ], [ -96.544704, 32.857734 ], [ -96.544687, 32.857737 ], [ -96.544622, 32.857763 ], [ -96.544612, 32.857771 ], [ -96.544602, 32.857777 ], [ -96.544592, 32.857785 ], [ -96.544572, 32.857809 ], [ -96.544565, 32.85782 ], [ -96.544558, 32.857828 ], [ -96.544545, 32.85785 ], [ -96.544535, 32.857861 ], [ -96.544528, 32.857872 ], [ -96.544508, 32.857894 ], [ -96.544501, 32.857902 ], [ -96.544491, 32.857913 ], [ -96.544481, 32.857921 ], [ -96.544472, 32.857926 ], [ -96.544445, 32.857942 ], [ -96.544422, 32.857939 ], [ -96.544406, 32.857936 ], [ -96.544315, 32.857935 ], [ -96.544305, 32.857923 ], [ -96.544293, 32.857912 ], [ -96.54428, 32.857904 ], [ -96.54427, 32.857898 ], [ -96.544251, 32.857892 ], [ -96.544225, 32.857886 ], [ -96.544183, 32.857886 ], [ -96.544173, 32.857891 ], [ -96.544179, 32.857902 ], [ -96.544189, 32.857911 ], [ -96.544208, 32.857927 ], [ -96.544224, 32.857936 ], [ -96.54423, 32.857944 ], [ -96.54424, 32.857955 ], [ -96.544239, 32.857969 ], [ -96.544233, 32.85798 ], [ -96.544219, 32.857988 ], [ -96.544187, 32.857987 ], [ -96.544174, 32.857985 ], [ -96.544161, 32.857982 ], [ -96.544145, 32.857976 ], [ -96.544122, 32.857967 ], [ -96.5441, 32.857959 ], [ -96.54408, 32.85795 ], [ -96.544058, 32.857941 ], [ -96.544022, 32.857933 ], [ -96.544006, 32.85793 ], [ -96.54395, 32.857932 ], [ -96.543937, 32.857937 ], [ -96.543921, 32.857939 ], [ -96.543901, 32.857942 ], [ -96.543865, 32.857938 ], [ -96.543849, 32.857935 ], [ -96.543836, 32.85793 ], [ -96.54382, 32.857924 ], [ -96.543801, 32.857915 ], [ -96.543788, 32.857907 ], [ -96.543775, 32.857901 ], [ -96.543765, 32.857896 ], [ -96.543759, 32.857885 ], [ -96.543766, 32.857876 ], [ -96.543763, 32.857854 ], [ -96.54376, 32.85783 ], [ -96.543751, 32.857818 ], [ -96.543741, 32.857813 ], [ -96.543728, 32.857807 ], [ -96.543692, 32.857807 ], [ -96.543614, 32.857805 ], [ -96.543601, 32.857802 ], [ -96.543585, 32.857799 ], [ -96.543572, 32.857799 ], [ -96.543559, 32.857796 ], [ -96.54353, 32.857793 ], [ -96.543494, 32.857787 ], [ -96.543475, 32.857787 ], [ -96.543455, 32.857784 ], [ -96.543377, 32.857782 ], [ -96.543358, 32.857779 ], [ -96.543143, 32.857776 ], [ -96.543126, 32.857773 ], [ -96.543094, 32.85777 ], [ -96.543061, 32.857766 ], [ -96.543048, 32.857766 ], [ -96.543032, 32.857763 ], [ -96.543019, 32.857763 ], [ -96.543003, 32.85776 ], [ -96.542974, 32.857759 ], [ -96.542961, 32.857757 ], [ -96.542935, 32.857756 ], [ -96.542918, 32.857753 ], [ -96.542749, 32.85775 ], [ -96.542723, 32.857753 ], [ -96.542671, 32.857755 ], [ -96.542732, 32.857609 ], [ -96.542869, 32.857579 ], [ -96.543042, 32.857454 ], [ -96.543185, 32.857532 ], [ -96.543453, 32.857406 ], [ -96.543656, 32.857383 ], [ -96.543846, 32.857436 ], [ -96.544019, 32.857514 ], [ -96.544192, 32.857502 ], [ -96.544341, 32.85746 ], [ -96.544633, 32.857448 ], [ -96.545145, 32.857365 ], [ -96.545175, 32.857472 ], [ -96.545271, 32.85752 ], [ -96.545487, 32.857552 ], [ -96.545595, 32.857539 ], [ -96.545755, 32.857489 ], [ -96.545867, 32.857472 ], [ -96.545991, 32.857478 ], [ -96.546136, 32.857518 ], [ -96.54627, 32.857581 ], [ -96.546367, 32.857644 ], [ -96.546509, 32.857729 ], [ -96.546633, 32.857819 ], [ -96.546757, 32.857897 ], [ -96.546977, 32.857987 ], [ -96.547017, 32.858013 ], [ -96.547073, 32.858092 ], [ -96.547177, 32.858102 ], [ -96.547213, 32.858092 ], [ -96.547257, 32.85801 ], [ -96.547281, 32.857974 ], [ -96.547376, 32.857925 ], [ -96.547455, 32.857878 ], [ -96.547565, 32.857906 ], [ -96.547642, 32.857897 ], [ -96.547643, 32.857844 ], [ -96.547547, 32.857788 ], [ -96.547513, 32.857722 ], [ -96.547488, 32.857661 ], [ -96.547451, 32.857659 ], [ -96.54743, 32.857633 ], [ -96.547451, 32.857577 ], [ -96.547493, 32.857554 ], [ -96.547443, 32.857498 ], [ -96.547376, 32.857484 ], [ -96.547343, 32.857428 ], [ -96.547279, 32.85707 ], [ -96.547259, 32.856917 ], [ -96.547251, 32.856755 ], [ -96.547261, 32.85655 ], [ -96.547279, 32.856363 ], [ -96.547179, 32.856319 ], [ -96.547062, 32.856279 ], [ -96.546912, 32.85618 ], [ -96.546778, 32.856071 ], [ -96.546622, 32.855886 ], [ -96.546405, 32.855603 ], [ -96.54629, 32.855415 ], [ -96.54625, 32.855331 ], [ -96.546214, 32.855311 ], [ -96.546156, 32.855307 ], [ -96.546103, 32.855282 ], [ -96.546066, 32.855224 ], [ -96.546072, 32.855156 ], [ -96.546128, 32.854903 ], [ -96.546164, 32.854767 ], [ -96.546203, 32.854671 ], [ -96.546216, 32.854581 ], [ -96.546241, 32.854568 ], [ -96.54639, 32.854546 ], [ -96.546472, 32.854509 ], [ -96.546504, 32.854483 ], [ -96.546529, 32.854441 ], [ -96.54656, 32.854345 ], [ -96.546592, 32.854304 ], [ -96.546652, 32.854266 ], [ -96.546747, 32.854222 ], [ -96.546853, 32.85416 ], [ -96.546917, 32.85412 ], [ -96.546974, 32.854075 ], [ -96.547012, 32.854024 ], [ -96.547043, 32.853955 ], [ -96.547094, 32.853862 ], [ -96.547149, 32.8538 ], [ -96.547305, 32.853682 ], [ -96.547391, 32.85356 ], [ -96.547453, 32.853391 ], [ -96.547465, 32.853341 ], [ -96.5475, 32.853298 ], [ -96.547554, 32.853264 ], [ -96.547642, 32.85322 ], [ -96.547695, 32.853138 ], [ -96.547736, 32.852896 ], [ -96.547748, 32.852849 ], [ -96.547774, 32.85279 ], [ -96.547837, 32.852688 ], [ -96.54784, 32.852643 ], [ -96.547812, 32.852567 ], [ -96.547766, 32.852502 ], [ -96.547744, 32.852455 ], [ -96.547725, 32.852373 ], [ -96.547728, 32.852276 ], [ -96.547757, 32.852119 ], [ -96.547751, 32.852052 ], [ -96.547723, 32.851962 ], [ -96.547637, 32.851801 ], [ -96.547575, 32.851599 ], [ -96.547473, 32.851356 ], [ -96.547428, 32.851295 ], [ -96.547361, 32.851239 ], [ -96.547168, 32.851132 ], [ -96.547016, 32.851031 ], [ -96.546918, 32.850941 ], [ -96.546887, 32.850882 ], [ -96.546952, 32.850913 ], [ -96.547, 32.850936 ], [ -96.547058, 32.850967 ], [ -96.547097, 32.850984 ], [ -96.547151, 32.851013 ], [ -96.547219, 32.851055 ] ] ], [ [ [ -96.522203, 32.873841 ], [ -96.522029, 32.873761 ], [ -96.521938, 32.87355 ], [ -96.521918, 32.873426 ], [ -96.521883, 32.87322 ], [ -96.521895, 32.873203 ], [ -96.521898, 32.873226 ], [ -96.521928, 32.873347 ], [ -96.521953, 32.873423 ], [ -96.521962, 32.873496 ], [ -96.521979, 32.873543 ], [ -96.522, 32.873572 ], [ -96.522042, 32.873597 ], [ -96.522084, 32.873614 ], [ -96.522249, 32.873702 ], [ -96.522296, 32.873738 ], [ -96.52233, 32.873848 ], [ -96.522347, 32.873876 ], [ -96.522402, 32.873906 ], [ -96.522545, 32.873952 ], [ -96.522592, 32.873962 ], [ -96.522651, 32.873962 ], [ -96.522736, 32.873955 ], [ -96.523104, 32.873862 ], [ -96.523378, 32.873785 ], [ -96.523721, 32.873668 ], [ -96.524148, 32.873496 ], [ -96.525582, 32.872886 ], [ -96.527772, 32.871937 ], [ -96.528436, 32.871636 ], [ -96.530838, 32.870613 ], [ -96.532496, 32.869863 ], [ -96.532767, 32.869755 ], [ -96.532894, 32.869699 ], [ -96.532953, 32.869688 ], [ -96.533008, 32.869699 ], [ -96.53305, 32.869716 ], [ -96.533151, 32.86984 ], [ -96.5332, 32.86989 ], [ -96.533211, 32.869961 ], [ -96.533216, 32.870061 ], [ -96.53321, 32.870106 ], [ -96.53318, 32.870135 ], [ -96.533003, 32.87018 ], [ -96.532171, 32.870549 ], [ -96.531589, 32.870799 ], [ -96.524843, 32.873777 ], [ -96.52413, 32.874131 ], [ -96.52361, 32.874416 ], [ -96.523185, 32.874714 ], [ -96.523024, 32.874818 ], [ -96.522998, 32.874835 ], [ -96.522945, 32.874885 ], [ -96.522932, 32.874904 ], [ -96.522824, 32.874747 ], [ -96.522753, 32.874645 ], [ -96.522674, 32.874531 ], [ -96.522661, 32.874512 ], [ -96.522553, 32.874353 ], [ -96.522203, 32.873841 ] ] ], [ [ [ -96.517278, 32.877012 ], [ -96.517762, 32.876796 ], [ -96.518306, 32.876517 ], [ -96.518301, 32.876651 ], [ -96.518295, 32.876848 ], [ -96.518292, 32.876931 ], [ -96.518287, 32.877101 ], [ -96.518285, 32.877165 ], [ -96.518279, 32.877341 ], [ -96.518134, 32.877405 ], [ -96.518037, 32.877448 ], [ -96.517142, 32.877873 ], [ -96.515889, 32.878468 ], [ -96.516458, 32.878616 ], [ -96.517274, 32.878912 ], [ -96.517491, 32.879375 ], [ -96.51754, 32.879463 ], [ -96.517954, 32.880356 ], [ -96.517793, 32.88083 ], [ -96.517882, 32.881041 ], [ -96.518176, 32.881704 ], [ -96.51795, 32.88182 ], [ -96.517374, 32.882114 ], [ -96.517362, 32.882979 ], [ -96.516504, 32.8838 ], [ -96.516374, 32.883924 ], [ -96.51604, 32.884239 ], [ -96.516126, 32.885832 ], [ -96.516483, 32.886467 ], [ -96.516525, 32.886541 ], [ -96.516178, 32.88724 ], [ -96.516461, 32.887644 ], [ -96.516763, 32.888074 ], [ -96.516841, 32.888186 ], [ -96.517017, 32.888266 ], [ -96.517606, 32.888536 ], [ -96.517703, 32.888661 ], [ -96.517941, 32.888966 ], [ -96.517918, 32.889501 ], [ -96.518115, 32.889497 ], [ -96.51825, 32.889491 ], [ -96.51825, 32.889502 ], [ -96.518249, 32.889592 ], [ -96.51825, 32.889713 ], [ -96.518253, 32.890034 ], [ -96.518256, 32.890285 ], [ -96.518256, 32.890309 ], [ -96.518136, 32.890307 ], [ -96.518089, 32.890304 ], [ -96.518008, 32.890302 ], [ -96.516771, 32.890287 ], [ -96.516177, 32.889719 ], [ -96.516257, 32.889481 ], [ -96.516294, 32.88946 ], [ -96.516486, 32.889387 ], [ -96.51674, 32.88935 ], [ -96.516931, 32.88935 ], [ -96.517197, 32.889372 ], [ -96.517464, 32.889424 ], [ -96.5176, 32.889398 ], [ -96.517643, 32.889372 ], [ -96.517662, 32.889336 ], [ -96.517581, 32.889252 ], [ -96.517476, 32.889211 ], [ -96.517256, 32.889068 ], [ -96.516977, 32.888914 ], [ -96.516517, 32.88866 ], [ -96.516393, 32.888572 ], [ -96.516288, 32.888458 ], [ -96.516266, 32.88837 ], [ -96.516212, 32.88833 ], [ -96.516147, 32.888289 ], [ -96.516072, 32.888203 ], [ -96.515952, 32.888066 ], [ -96.515809, 32.887807 ], [ -96.515726, 32.887558 ], [ -96.515732, 32.887275 ], [ -96.51575, 32.887165 ], [ -96.515756, 32.886966 ], [ -96.51572, 32.886871 ], [ -96.515685, 32.886826 ], [ -96.515643, 32.886742 ], [ -96.515667, 32.886688 ], [ -96.515727, 32.886623 ], [ -96.515828, 32.886584 ], [ -96.515946, 32.886529 ], [ -96.516011, 32.886479 ], [ -96.516118, 32.886429 ], [ -96.516153, 32.886405 ], [ -96.516148, 32.886305 ], [ -96.516112, 32.88627 ], [ -96.516059, 32.88626 ], [ -96.515982, 32.88626 ], [ -96.515916, 32.886251 ], [ -96.51581, 32.886201 ], [ -96.515721, 32.886186 ], [ -96.515656, 32.886131 ], [ -96.515597, 32.885922 ], [ -96.515597, 32.885848 ], [ -96.515644, 32.885798 ], [ -96.515614, 32.885509 ], [ -96.515602, 32.88533 ], [ -96.515591, 32.885241 ], [ -96.515597, 32.885176 ], [ -96.515703, 32.885016 ], [ -96.515697, 32.884942 ], [ -96.515573, 32.884763 ], [ -96.515489, 32.884678 ], [ -96.515472, 32.884628 ], [ -96.515436, 32.884484 ], [ -96.515418, 32.88434 ], [ -96.515416, 32.884256 ], [ -96.515355, 32.883947 ], [ -96.51537, 32.883895 ], [ -96.515371, 32.883877 ], [ -96.515468, 32.883769 ], [ -96.515438, 32.883724 ], [ -96.515383, 32.883678 ], [ -96.515395, 32.883654 ], [ -96.515474, 32.883609 ], [ -96.51564, 32.883598 ], [ -96.5158, 32.883594 ], [ -96.515989, 32.883564 ], [ -96.516155, 32.883535 ], [ -96.516286, 32.883485 ], [ -96.516351, 32.883375 ], [ -96.516375, 32.883221 ], [ -96.516443, 32.883142 ], [ -96.516526, 32.882953 ], [ -96.51655, 32.882769 ], [ -96.516526, 32.88263 ], [ -96.516502, 32.88254 ], [ -96.516597, 32.882491 ], [ -96.516651, 32.882446 ], [ -96.51668, 32.882351 ], [ -96.516657, 32.882222 ], [ -96.516523, 32.881923 ], [ -96.516546, 32.881754 ], [ -96.516621, 32.88154 ], [ -96.51668, 32.881421 ], [ -96.516763, 32.88138 ], [ -96.516858, 32.881371 ], [ -96.516959, 32.88138 ], [ -96.517065, 32.88138 ], [ -96.517219, 32.881351 ], [ -96.51732, 32.881296 ], [ -96.51735, 32.881207 ], [ -96.517314, 32.881112 ], [ -96.517302, 32.881023 ], [ -96.517214, 32.880519 ], [ -96.51719, 32.880346 ], [ -96.517154, 32.880276 ], [ -96.517083, 32.880256 ], [ -96.516929, 32.880316 ], [ -96.516817, 32.880366 ], [ -96.516775, 32.880356 ], [ -96.516775, 32.880296 ], [ -96.516905, 32.880177 ], [ -96.516941, 32.880062 ], [ -96.516905, 32.879978 ], [ -96.517004, 32.879931 ], [ -96.516977, 32.879789 ], [ -96.516988, 32.879724 ], [ -96.517036, 32.879679 ], [ -96.517012, 32.87961 ], [ -96.516953, 32.87959 ], [ -96.516664, 32.879554 ], [ -96.516308, 32.879555 ], [ -96.515012, 32.879589 ], [ -96.513702, 32.879745 ], [ -96.512833, 32.879893 ], [ -96.512057, 32.880058 ], [ -96.511106, 32.880328 ], [ -96.51037, 32.880595 ], [ -96.509628, 32.880899 ], [ -96.509128, 32.881121 ], [ -96.505422, 32.882852 ], [ -96.503454, 32.883755 ], [ -96.503159, 32.883926 ], [ -96.501971, 32.884459 ], [ -96.501887, 32.884504 ], [ -96.499942, 32.885426 ], [ -96.49808, 32.886277 ], [ -96.497952, 32.886342 ], [ -96.497369, 32.886609 ], [ -96.495908, 32.887289 ], [ -96.495658, 32.88741 ], [ -96.494599, 32.887893 ], [ -96.494455, 32.887969 ], [ -96.494213, 32.888077 ], [ -96.493925, 32.888223 ], [ -96.493607, 32.88837 ], [ -96.493395, 32.888478 ], [ -96.493373, 32.888484 ], [ -96.493153, 32.888598 ], [ -96.493025, 32.888655 ], [ -96.492502, 32.888923 ], [ -96.492268, 32.889049 ], [ -96.492109, 32.889125 ], [ -96.492033, 32.889139 ], [ -96.49199, 32.889133 ], [ -96.491963, 32.889124 ], [ -96.49191, 32.889041 ], [ -96.491928, 32.88899 ], [ -96.491817, 32.888833 ], [ -96.491778, 32.888765 ], [ -96.491755, 32.888689 ], [ -96.491728, 32.888623 ], [ -96.49928, 32.885011 ], [ -96.501181, 32.884119 ], [ -96.503176, 32.883234 ], [ -96.505539, 32.882163 ], [ -96.510377, 32.879787 ], [ -96.511238, 32.879371 ], [ -96.512394, 32.878825 ], [ -96.513498, 32.878278 ], [ -96.514243, 32.87794 ], [ -96.514878, 32.877623 ], [ -96.515434, 32.877358 ], [ -96.515494, 32.877214 ], [ -96.515863, 32.877004 ], [ -96.51606, 32.87684 ], [ -96.516179, 32.87668 ], [ -96.516192, 32.87653 ], [ -96.516279, 32.876474 ], [ -96.516485, 32.876814 ], [ -96.516574, 32.876961 ], [ -96.516621, 32.877043 ], [ -96.516741, 32.877266 ], [ -96.517278, 32.877012 ] ] ], [ [ [ -96.513479, 32.902302 ], [ -96.513474, 32.902361 ], [ -96.512348, 32.902188 ], [ -96.511933, 32.901178 ], [ -96.511634, 32.901132 ], [ -96.511103, 32.901052 ], [ -96.510002, 32.902744 ], [ -96.509144, 32.904077 ], [ -96.509068, 32.904195 ], [ -96.509035, 32.904578 ], [ -96.508994, 32.905047 ], [ -96.508567, 32.906131 ], [ -96.508615, 32.906214 ], [ -96.508809, 32.906551 ], [ -96.50914, 32.906663 ], [ -96.509357, 32.906737 ], [ -96.509569, 32.906808 ], [ -96.509686, 32.906848 ], [ -96.50978, 32.906883 ], [ -96.509911, 32.906933 ], [ -96.510404, 32.907421 ], [ -96.510683, 32.90742 ], [ -96.511021, 32.908571 ], [ -96.510679, 32.908659 ], [ -96.510595, 32.908674 ], [ -96.51043, 32.908654 ], [ -96.510049, 32.908588 ], [ -96.509784, 32.908606 ], [ -96.509782, 32.908473 ], [ -96.509296, 32.908393 ], [ -96.507852, 32.908482 ], [ -96.507624, 32.908595 ], [ -96.50762, 32.908766 ], [ -96.507542, 32.908767 ], [ -96.507043, 32.908881 ], [ -96.506831, 32.909248 ], [ -96.507066, 32.909553 ], [ -96.506935, 32.909733 ], [ -96.506294, 32.909713 ], [ -96.505178, 32.910296 ], [ -96.504728, 32.911067 ], [ -96.50464, 32.911472 ], [ -96.504597, 32.911686 ], [ -96.504675, 32.911867 ], [ -96.504744, 32.912025 ], [ -96.504815, 32.912188 ], [ -96.50486, 32.912295 ], [ -96.504926, 32.912443 ], [ -96.504943, 32.912489 ], [ -96.504758, 32.912585 ], [ -96.504667, 32.912633 ], [ -96.504327, 32.912527 ], [ -96.503969, 32.912415 ], [ -96.503912, 32.912679 ], [ -96.503812, 32.913149 ], [ -96.503725, 32.913554 ], [ -96.503665, 32.913577 ], [ -96.503594, 32.913599 ], [ -96.503396, 32.913658 ], [ -96.503247, 32.913455 ], [ -96.503042, 32.913193 ], [ -96.502707, 32.91354 ], [ -96.502524, 32.913731 ], [ -96.502346, 32.913909 ], [ -96.502127, 32.914026 ], [ -96.501794, 32.914202 ], [ -96.501509, 32.914356 ], [ -96.501504, 32.914409 ], [ -96.501487, 32.914606 ], [ -96.501819, 32.914866 ], [ -96.502029, 32.915034 ], [ -96.502214, 32.915385 ], [ -96.502443, 32.915708 ], [ -96.502565, 32.91581 ], [ -96.502634, 32.915819 ], [ -96.502744, 32.915982 ], [ -96.502981, 32.915985 ], [ -96.503217, 32.915992 ], [ -96.503296, 32.915992 ], [ -96.503377, 32.915991 ], [ -96.503385, 32.916099 ], [ -96.503391, 32.916192 ], [ -96.503395, 32.916246 ], [ -96.503412, 32.916504 ], [ -96.503702, 32.917133 ], [ -96.503876, 32.917364 ], [ -96.50403, 32.91762 ], [ -96.504015, 32.917832 ], [ -96.504002, 32.91796 ], [ -96.504025, 32.918031 ], [ -96.5041, 32.918263 ], [ -96.504168, 32.918473 ], [ -96.504225, 32.918651 ], [ -96.504288, 32.919119 ], [ -96.504305, 32.919278 ], [ -96.504521, 32.919557 ], [ -96.504607, 32.920172 ], [ -96.505176, 32.920695 ], [ -96.505363, 32.920834 ], [ -96.505497, 32.920953 ], [ -96.505705, 32.921144 ], [ -96.505532, 32.921444 ], [ -96.505474, 32.921547 ], [ -96.505341, 32.921757 ], [ -96.505327, 32.92178 ], [ -96.505257, 32.921968 ], [ -96.505239, 32.922016 ], [ -96.50524, 32.922196 ], [ -96.505394, 32.92246 ], [ -96.505687, 32.922737 ], [ -96.506224, 32.92319 ], [ -96.506401, 32.923351 ], [ -96.506566, 32.923448 ], [ -96.506766, 32.923575 ], [ -96.507471, 32.92401 ], [ -96.508162, 32.923998 ], [ -96.508852, 32.923664 ], [ -96.509138, 32.923949 ], [ -96.508927, 32.924695 ], [ -96.509093, 32.924951 ], [ -96.509598, 32.925333 ], [ -96.512213, 32.926769 ], [ -96.514149, 32.927325 ], [ -96.514502, 32.928206 ], [ -96.51535, 32.929039 ], [ -96.515861, 32.929646 ], [ -96.51659, 32.932284 ], [ -96.516526, 32.933479 ], [ -96.516461, 32.93435 ], [ -96.516014, 32.93554 ], [ -96.515921, 32.935835 ], [ -96.516006, 32.936167 ], [ -96.516125, 32.936629 ], [ -96.516815, 32.937956 ], [ -96.516875, 32.938069 ], [ -96.516957, 32.938226 ], [ -96.517288, 32.938291 ], [ -96.51747, 32.938298 ], [ -96.51747, 32.938273 ], [ -96.517631, 32.938287 ], [ -96.518296, 32.938278 ], [ -96.520717, 32.938246 ], [ -96.521121, 32.938241 ], [ -96.521215, 32.93773 ], [ -96.52204, 32.937729 ], [ -96.521949, 32.937488 ], [ -96.522674, 32.937475 ], [ -96.523098, 32.938174 ], [ -96.522863, 32.938374 ], [ -96.52249, 32.938709 ], [ -96.522094, 32.939027 ], [ -96.521865, 32.939216 ], [ -96.521773, 32.939317 ], [ -96.521696, 32.939403 ], [ -96.521638, 32.939294 ], [ -96.521576, 32.939346 ], [ -96.521639, 32.939465 ], [ -96.521684, 32.939548 ], [ -96.521908, 32.939946 ], [ -96.521297, 32.940573 ], [ -96.521323, 32.941251 ], [ -96.521343, 32.941535 ], [ -96.521349, 32.941607 ], [ -96.521354, 32.941696 ], [ -96.521531, 32.941864 ], [ -96.521413, 32.942111 ], [ -96.521113, 32.942185 ], [ -96.520687, 32.941924 ], [ -96.52088, 32.94196 ], [ -96.521154, 32.941702 ], [ -96.520163, 32.940911 ], [ -96.52002, 32.94117 ], [ -96.519738, 32.941227 ], [ -96.519588, 32.941258 ], [ -96.519557, 32.941237 ], [ -96.518705, 32.940782 ], [ -96.518429, 32.940893 ], [ -96.518128, 32.941015 ], [ -96.518219, 32.941523 ], [ -96.518234, 32.941611 ], [ -96.518353, 32.942298 ], [ -96.518455, 32.942464 ], [ -96.518511, 32.942555 ], [ -96.518954, 32.943139 ], [ -96.519053, 32.943269 ], [ -96.518412, 32.944148 ], [ -96.518308, 32.944342 ], [ -96.518281, 32.944329 ], [ -96.51807, 32.944226 ], [ -96.517763, 32.944324 ], [ -96.517339, 32.945112 ], [ -96.51732, 32.945925 ], [ -96.517408, 32.945736 ], [ -96.517456, 32.94719 ], [ -96.517779, 32.948255 ], [ -96.519175, 32.949517 ], [ -96.519781, 32.949702 ], [ -96.52, 32.949685 ], [ -96.520004, 32.949705 ], [ -96.520263, 32.950127 ], [ -96.520341, 32.950305 ], [ -96.520382, 32.950353 ], [ -96.519992, 32.950717 ], [ -96.520324, 32.951017 ], [ -96.519893, 32.951362 ], [ -96.519999, 32.951427 ], [ -96.519925, 32.951486 ], [ -96.51938, 32.951923 ], [ -96.519368, 32.952022 ], [ -96.519468, 32.953221 ], [ -96.519768, 32.954121 ], [ -96.520568, 32.954822 ], [ -96.520868, 32.955622 ], [ -96.521278, 32.956197 ], [ -96.521368, 32.956322 ], [ -96.521168, 32.957022 ], [ -96.521168, 32.957822 ], [ -96.521255, 32.958374 ], [ -96.521468, 32.959722 ], [ -96.521163, 32.959719 ], [ -96.520882, 32.959697 ], [ -96.52042, 32.959426 ], [ -96.520295, 32.959291 ], [ -96.519601, 32.957107 ], [ -96.519568, 32.956945 ], [ -96.519517, 32.95669 ], [ -96.5195, 32.956623 ], [ -96.519416, 32.956425 ], [ -96.519269, 32.95608 ], [ -96.518964, 32.955364 ], [ -96.518218, 32.954921 ], [ -96.517677, 32.9546 ], [ -96.517569, 32.954468 ], [ -96.517539, 32.954431 ], [ -96.517411, 32.954276 ], [ -96.517367, 32.954165 ], [ -96.517225, 32.953806 ], [ -96.517195, 32.953735 ], [ -96.517174, 32.953754 ], [ -96.517165, 32.954167 ], [ -96.517041, 32.954016 ], [ -96.516935, 32.953927 ], [ -96.51624, 32.952782 ], [ -96.516173, 32.952724 ], [ -96.516117, 32.952676 ], [ -96.51607, 32.952643 ], [ -96.515987, 32.952423 ], [ -96.515859, 32.952399 ], [ -96.515826, 32.952392 ], [ -96.51551, 32.95233 ], [ -96.514955, 32.953148 ], [ -96.515407, 32.953736 ], [ -96.515889, 32.954417 ], [ -96.51613, 32.954741 ], [ -96.516254, 32.954898 ], [ -96.516255, 32.955068 ], [ -96.516257, 32.955343 ], [ -96.516263, 32.956017 ], [ -96.51625, 32.956484 ], [ -96.516064, 32.957679 ], [ -96.515364, 32.960231 ], [ -96.515072, 32.960469 ], [ -96.514562, 32.960894 ], [ -96.514212, 32.961185 ], [ -96.514564, 32.9615 ], [ -96.513245, 32.962593 ], [ -96.513329, 32.962663 ], [ -96.512747, 32.963163 ], [ -96.510855, 32.963768 ], [ -96.509327, 32.96469 ], [ -96.508849, 32.965738 ], [ -96.508517, 32.96683 ], [ -96.508077, 32.968306 ], [ -96.507748, 32.969362 ], [ -96.50774, 32.96939 ], [ -96.507233, 32.970225 ], [ -96.506905, 32.971201 ], [ -96.506937, 32.971865 ], [ -96.506253, 32.973241 ], [ -96.506099, 32.973743 ], [ -96.505895, 32.975887 ], [ -96.505949, 32.976888 ], [ -96.505967, 32.977711 ], [ -96.505952, 32.978406 ], [ -96.505975, 32.978999 ], [ -96.505839, 32.979218 ], [ -96.50563, 32.979661 ], [ -96.505541, 32.9801 ], [ -96.505519, 32.980542 ], [ -96.505648, 32.981143 ], [ -96.505748, 32.981389 ], [ -96.506044, 32.982816 ], [ -96.50712, 32.982826 ], [ -96.507021, 32.982836 ], [ -96.506561, 32.983169 ], [ -96.506129, 32.983847 ], [ -96.505793, 32.984497 ], [ -96.505351, 32.985002 ], [ -96.504975, 32.985521 ], [ -96.504929, 32.985962 ], [ -96.504921, 32.986474 ], [ -96.505089, 32.987146 ], [ -96.505809, 32.988335 ], [ -96.50732, 32.990771 ], [ -96.507292, 32.991055 ], [ -96.50727, 32.991129 ], [ -96.506599, 32.991458 ], [ -96.505963, 32.991729 ], [ -96.505044, 32.99185 ], [ -96.504538, 32.991692 ], [ -96.504063, 32.991056 ], [ -96.50318, 32.990167 ], [ -96.502435, 32.989187 ], [ -96.501503, 32.988328 ], [ -96.500949, 32.988055 ], [ -96.500559, 32.988007 ], [ -96.500008, 32.988022 ], [ -96.499525, 32.988134 ], [ -96.498732, 32.988275 ], [ -96.497053, 32.989108 ], [ -96.496186, 32.990552 ], [ -96.497259, 32.99348 ], [ -96.497562, 32.994244 ], [ -96.497614, 32.994487 ], [ -96.497656, 32.994923 ], [ -96.497614, 32.995098 ], [ -96.497361, 32.995984 ], [ -96.497607, 32.997227 ], [ -96.49817, 32.998896 ], [ -96.497744, 32.99989 ], [ -96.497459, 33.000678 ], [ -96.497159, 33.001064 ], [ -96.497187, 33.001235 ], [ -96.497063, 33.001344 ], [ -96.496976, 33.002458 ], [ -96.496878, 33.002871 ], [ -96.496404, 33.003536 ], [ -96.495839, 33.004634 ], [ -96.49459, 33.005898 ], [ -96.493757, 33.006821 ], [ -96.493345, 33.007267 ], [ -96.492514, 33.007826 ], [ -96.492027, 33.007818 ], [ -96.491659, 33.007624 ], [ -96.491421, 33.008428 ], [ -96.490881, 33.008459 ], [ -96.490655, 33.008536 ], [ -96.490544, 33.008681 ], [ -96.490563, 33.009036 ], [ -96.490621, 33.009569 ], [ -96.490635, 33.010263 ], [ -96.490525, 33.011735 ], [ -96.490327, 33.012554 ], [ -96.489986, 33.013207 ], [ -96.48962, 33.01374 ], [ -96.489105, 33.014308 ], [ -96.488565, 33.014933 ], [ -96.486429, 33.014944 ], [ -96.486291, 33.017016 ], [ -96.486304, 33.018476 ], [ -96.486242, 33.019104 ], [ -96.486206, 33.019913 ], [ -96.486398, 33.020439 ], [ -96.486554, 33.020772 ], [ -96.486527, 33.021089 ], [ -96.48646, 33.021577 ], [ -96.486482, 33.022731 ], [ -96.486126, 33.023021 ], [ -96.485285, 33.023387 ], [ -96.484751, 33.023607 ], [ -96.484069, 33.023792 ], [ -96.482729, 33.023466 ], [ -96.479662, 33.022559 ], [ -96.477091, 33.021815 ], [ -96.476694, 33.0217 ], [ -96.476145, 33.021561 ], [ -96.470715, 33.020096 ], [ -96.468354, 33.020024 ], [ -96.468072, 33.020017 ], [ -96.467699, 33.020024 ], [ -96.467771, 33.019157 ], [ -96.467029, 33.017524 ], [ -96.46778, 33.015959 ], [ -96.466596, 33.015725 ], [ -96.466948, 33.014454 ], [ -96.46727, 33.013219 ], [ -96.467602, 33.012633 ], [ -96.467901, 33.012087 ], [ -96.468278, 33.009054 ], [ -96.468242, 33.009053 ], [ -96.468068, 33.008423 ], [ -96.467889, 33.007773 ], [ -96.46652, 33.002809 ], [ -96.466766, 33.002342 ], [ -96.46678, 33.002384 ], [ -96.470229, 33.004045 ], [ -96.472579, 33.003705 ], [ -96.474737, 33.002679 ], [ -96.475559, 33.002512 ], [ -96.475995, 33.002556 ], [ -96.476352, 33.002735 ], [ -96.47646, 33.00303 ], [ -96.475669, 33.004084 ], [ -96.474578, 33.005137 ], [ -96.474526, 33.005777 ], [ -96.474313, 33.006204 ], [ -96.474136, 33.0065 ], [ -96.473634, 33.007008 ], [ -96.472892, 33.007827 ], [ -96.47287, 33.007872 ], [ -96.472748, 33.008123 ], [ -96.472634, 33.008491 ], [ -96.472511, 33.008891 ], [ -96.471735, 33.00943 ], [ -96.471458, 33.00977 ], [ -96.471472, 33.010918 ], [ -96.471279, 33.011245 ], [ -96.471042, 33.011893 ], [ -96.47163, 33.011676 ], [ -96.471915, 33.011418 ], [ -96.472219, 33.010744 ], [ -96.472025, 33.009874 ], [ -96.472132, 33.009599 ], [ -96.473087, 33.009337 ], [ -96.473284, 33.008497 ], [ -96.473414, 33.00795 ], [ -96.473604, 33.007882 ], [ -96.474076, 33.007713 ], [ -96.474945, 33.006391 ], [ -96.475579, 33.005175 ], [ -96.476023, 33.004604 ], [ -96.476624, 33.003901 ], [ -96.477078, 33.003481 ], [ -96.477404, 33.003344 ], [ -96.477622, 33.003504 ], [ -96.477592, 33.005243 ], [ -96.477836, 33.00625 ], [ -96.477861, 33.006915 ], [ -96.478105, 33.007326 ], [ -96.479001, 33.008002 ], [ -96.479135, 33.008104 ], [ -96.479488, 33.008195 ], [ -96.481143, 33.00817 ], [ -96.481315, 33.00804 ], [ -96.481956, 33.007553 ], [ -96.482307, 33.007049 ], [ -96.4826, 33.005721 ], [ -96.482924, 33.005056 ], [ -96.483655, 33.004413 ], [ -96.484332, 33.004092 ], [ -96.484522, 33.00423 ], [ -96.484712, 33.004641 ], [ -96.485009, 33.004481 ], [ -96.485118, 33.004161 ], [ -96.48536, 33.004069 ], [ -96.485497, 33.00416 ], [ -96.485625, 33.004475 ], [ -96.485793, 33.004893 ], [ -96.485902, 33.005648 ], [ -96.485466, 33.005718 ], [ -96.485219, 33.005488 ], [ -96.484812, 33.005329 ], [ -96.484349, 33.005443 ], [ -96.483995, 33.005719 ], [ -96.48394, 33.006178 ], [ -96.484592, 33.007481 ], [ -96.484889, 33.007801 ], [ -96.484917, 33.008054 ], [ -96.48457, 33.008049 ], [ -96.483771, 33.007435 ], [ -96.483281, 33.007345 ], [ -96.482927, 33.00762 ], [ -96.482845, 33.007872 ], [ -96.482798, 33.008062 ], [ -96.482758, 33.008224 ], [ -96.482708, 33.008421 ], [ -96.482666, 33.008488 ], [ -96.482585, 33.008634 ], [ -96.482463, 33.008856 ], [ -96.482463, 33.009292 ], [ -96.48268, 33.009544 ], [ -96.483124, 33.009524 ], [ -96.483036, 33.009062 ], [ -96.483202, 33.008629 ], [ -96.483233, 33.008494 ], [ -96.48329, 33.008125 ], [ -96.483591, 33.00808 ], [ -96.483783, 33.00824 ], [ -96.483818, 33.008252 ], [ -96.484332, 33.008423 ], [ -96.484471, 33.00893 ], [ -96.484691, 33.00902 ], [ -96.485475, 33.008767 ], [ -96.485807, 33.008549 ], [ -96.485714, 33.008133 ], [ -96.485281, 33.007351 ], [ -96.484637, 33.006346 ], [ -96.484612, 33.006028 ], [ -96.484941, 33.005937 ], [ -96.485191, 33.006372 ], [ -96.485438, 33.00651 ], [ -96.485739, 33.006555 ], [ -96.486534, 33.006394 ], [ -96.486679, 33.006017 ], [ -96.48665, 33.005321 ], [ -96.486573, 33.004796 ], [ -96.486228, 33.003951 ], [ -96.486182, 33.00369 ], [ -96.486046, 33.002921 ], [ -96.486269, 33.002257 ], [ -96.486734, 33.001869 ], [ -96.486959, 33.001071 ], [ -96.487068, 33.000957 ], [ -96.487369, 33.000909 ], [ -96.487589, 33.001025 ], [ -96.487719, 33.00135 ], [ -96.488274, 33.001367 ], [ -96.488239, 33.001503 ], [ -96.488234, 33.001567 ], [ -96.488249, 33.001632 ], [ -96.488279, 33.001672 ], [ -96.488326, 33.001706 ], [ -96.488367, 33.001719 ], [ -96.488423, 33.001728 ], [ -96.48849, 33.001723 ], [ -96.488546, 33.001711 ], [ -96.488618, 33.00168 ], [ -96.48869, 33.001633 ], [ -96.488756, 33.001576 ], [ -96.488813, 33.00152 ], [ -96.488874, 33.001435 ], [ -96.488905, 33.001367 ], [ -96.489002, 33.001091 ], [ -96.489043, 33.00101 ], [ -96.489084, 33.000949 ], [ -96.489176, 33.000861 ], [ -96.489233, 33.000825 ], [ -96.489284, 33.000799 ], [ -96.489387, 33.000756 ], [ -96.489495, 33.000726 ], [ -96.489541, 33.000721 ], [ -96.489581, 33.000724 ], [ -96.489643, 33.000737 ], [ -96.489704, 33.000757 ], [ -96.489751, 33.000788 ], [ -96.489792, 33.00083 ], [ -96.489817, 33.00087 ], [ -96.48991, 33.001058 ], [ -96.489925, 33.001106 ], [ -96.48992, 33.001162 ], [ -96.489884, 33.001264 ], [ -96.489869, 33.001343 ], [ -96.489869, 33.001401 ], [ -96.489884, 33.001444 ], [ -96.48991, 33.001474 ], [ -96.489951, 33.001496 ], [ -96.490007, 33.001503 ], [ -96.490079, 33.001502 ], [ -96.490202, 33.001485 ], [ -96.490361, 33.001469 ], [ -96.490443, 33.00148 ], [ -96.49054, 33.001497 ], [ -96.490622, 33.001519 ], [ -96.49114, 33.001686 ], [ -96.491274, 33.001738 ], [ -96.491515, 33.001859 ], [ -96.491612, 33.001893 ], [ -96.491689, 33.001906 ], [ -96.491781, 33.001914 ], [ -96.491894, 33.001919 ], [ -96.491991, 33.001914 ], [ -96.49214, 33.001902 ], [ -96.492301, 33.001877 ], [ -96.492396, 33.001854 ], [ -96.492448, 33.001832 ], [ -96.492525, 33.001781 ], [ -96.492559, 33.001737 ], [ -96.492636, 33.001616 ], [ -96.492668, 33.001578 ], [ -96.492708, 33.001548 ], [ -96.492785, 33.001506 ], [ -96.493256, 33.001331 ], [ -96.493342, 33.001312 ], [ -96.493369, 33.001312 ], [ -96.493396, 33.001327 ], [ -96.49341, 33.001358 ], [ -96.493415, 33.001426 ], [ -96.493401, 33.001468 ], [ -96.493043, 33.001965 ], [ -96.492776, 33.002314 ], [ -96.492726, 33.002364 ], [ -96.492668, 33.002398 ], [ -96.4926, 33.002428 ], [ -96.492355, 33.002519 ], [ -96.492287, 33.002538 ], [ -96.492242, 33.002546 ], [ -96.492188, 33.002546 ], [ -96.492074, 33.002522 ], [ -96.492016, 33.002515 ], [ -96.491911, 33.002515 ], [ -96.491722, 33.002525 ], [ -96.491627, 33.002536 ], [ -96.491559, 33.002552 ], [ -96.491482, 33.002575 ], [ -96.490577, 33.002947 ], [ -96.490477, 33.002983 ], [ -96.48997, 33.003242 ], [ -96.489902, 33.003284 ], [ -96.48985, 33.003327 ], [ -96.489702, 33.003473 ], [ -96.489638, 33.003527 ], [ -96.48945, 33.003667 ], [ -96.489367, 33.003735 ], [ -96.489181, 33.00395 ], [ -96.488842, 33.004269 ], [ -96.488792, 33.004303 ], [ -96.488715, 33.00434 ], [ -96.488683, 33.004362 ], [ -96.488362, 33.004754 ], [ -96.488307, 33.00483 ], [ -96.488049, 33.005369 ], [ -96.487963, 33.005597 ], [ -96.48795, 33.005662 ], [ -96.487954, 33.005688 ], [ -96.487981, 33.005715 ], [ -96.488013, 33.005718 ], [ -96.488045, 33.005707 ], [ -96.488072, 33.005684 ], [ -96.488113, 33.005631 ], [ -96.48843, 33.005096 ], [ -96.488638, 33.004652 ], [ -96.488665, 33.004618 ], [ -96.488846, 33.004443 ], [ -96.488882, 33.00442 ], [ -96.488928, 33.004401 ], [ -96.489031, 33.004371 ], [ -96.489091, 33.004348 ], [ -96.489172, 33.004291 ], [ -96.489222, 33.004238 ], [ -96.489303, 33.004123 ], [ -96.489371, 33.004067 ], [ -96.489565, 33.003965 ], [ -96.489646, 33.003912 ], [ -96.489918, 33.003698 ], [ -96.490203, 33.003459 ], [ -96.490298, 33.003396 ], [ -96.490738, 33.00316 ], [ -96.490778, 33.00313 ], [ -96.490805, 33.003103 ], [ -96.490819, 33.003073 ], [ -96.490828, 33.003034 ], [ -96.490846, 33.002997 ], [ -96.490864, 33.002974 ], [ -96.490919, 33.002944 ], [ -96.491159, 33.00283 ], [ -96.491249, 33.002803 ], [ -96.49134, 33.002792 ], [ -96.491403, 33.002792 ], [ -96.491426, 33.002803 ], [ -96.491435, 33.002826 ], [ -96.491421, 33.002857 ], [ -96.491389, 33.002891 ], [ -96.491068, 33.003137 ], [ -96.490991, 33.003225 ], [ -96.490964, 33.003262 ], [ -96.49095, 33.003293 ], [ -96.49095, 33.003323 ], [ -96.490964, 33.003346 ], [ -96.490991, 33.003365 ], [ -96.491027, 33.003369 ], [ -96.491068, 33.003361 ], [ -96.491104, 33.003346 ], [ -96.491177, 33.003297 ], [ -96.49129, 33.003202 ], [ -96.491435, 33.003069 ], [ -96.491516, 33.003016 ], [ -96.491616, 33.002978 ], [ -96.491987, 33.002864 ], [ -96.492259, 33.002772 ], [ -96.492327, 33.002754 ], [ -96.492376, 33.002747 ], [ -96.492413, 33.002747 ], [ -96.492443, 33.002761 ], [ -96.492453, 33.002777 ], [ -96.492462, 33.002815 ], [ -96.492458, 33.002848 ], [ -96.492431, 33.002948 ], [ -96.492431, 33.002978 ], [ -96.49244, 33.003027 ], [ -96.492499, 33.003248 ], [ -96.492499, 33.003297 ], [ -96.49249, 33.003338 ], [ -96.492467, 33.00338 ], [ -96.49244, 33.003411 ], [ -96.492399, 33.003449 ], [ -96.492005, 33.003714 ], [ -96.491937, 33.003752 ], [ -96.491856, 33.00379 ], [ -96.491797, 33.003808 ], [ -96.491752, 33.003816 ], [ -96.491666, 33.003821 ], [ -96.491571, 33.003808 ], [ -96.49138, 33.003774 ], [ -96.491326, 33.003771 ], [ -96.491263, 33.003774 ], [ -96.491145, 33.003798 ], [ -96.490987, 33.003843 ], [ -96.490582, 33.004026 ], [ -96.490514, 33.004064 ], [ -96.49046, 33.004102 ], [ -96.490387, 33.004165 ], [ -96.490343, 33.004198 ], [ -96.49027, 33.004233 ], [ -96.490215, 33.004269 ], [ -96.490166, 33.004317 ], [ -96.489926, 33.004624 ], [ -96.489894, 33.004655 ], [ -96.489853, 33.004679 ], [ -96.489831, 33.004686 ], [ -96.489668, 33.004709 ], [ -96.489636, 33.004724 ], [ -96.4896, 33.004765 ], [ -96.489559, 33.004846 ], [ -96.489468, 33.005091 ], [ -96.489432, 33.005176 ], [ -96.489387, 33.00524 ], [ -96.489278, 33.005347 ], [ -96.489247, 33.005411 ], [ -96.489228, 33.005476 ], [ -96.489206, 33.005525 ], [ -96.489165, 33.005586 ], [ -96.489152, 33.005612 ], [ -96.489147, 33.005646 ], [ -96.489161, 33.005684 ], [ -96.489179, 33.005702 ], [ -96.48921, 33.005715 ], [ -96.489324, 33.005702 ], [ -96.489423, 33.005681 ], [ -96.489473, 33.005662 ], [ -96.489505, 33.005634 ], [ -96.489518, 33.005609 ], [ -96.489536, 33.005498 ], [ -96.489554, 33.00546 ], [ -96.489609, 33.005404 ], [ -96.489985, 33.004886 ], [ -96.490061, 33.004807 ], [ -96.490157, 33.004728 ], [ -96.490818, 33.004272 ], [ -96.490872, 33.004238 ], [ -96.490999, 33.004174 ], [ -96.491071, 33.004147 ], [ -96.491411, 33.004038 ], [ -96.491543, 33.004019 ], [ -96.491728, 33.004012 ], [ -96.491814, 33.004001 ], [ -96.491882, 33.003985 ], [ -96.491968, 33.003954 ], [ -96.492018, 33.003932 ], [ -96.492091, 33.00389 ], [ -96.492199, 33.003811 ], [ -96.492272, 33.003765 ], [ -96.492321, 33.003749 ], [ -96.492422, 33.003732 ], [ -96.492459, 33.003737 ], [ -96.492481, 33.003752 ], [ -96.49249, 33.003779 ], [ -96.492477, 33.003866 ], [ -96.49235, 33.004131 ], [ -96.4923, 33.004306 ], [ -96.492296, 33.004382 ], [ -96.4923, 33.004424 ], [ -96.492309, 33.004461 ], [ -96.492332, 33.004496 ], [ -96.492377, 33.004537 ], [ -96.492423, 33.004554 ], [ -96.492486, 33.004562 ], [ -96.492545, 33.004554 ], [ -96.492757, 33.004481 ], [ -96.492816, 33.004467 ], [ -96.492893, 33.004424 ], [ -96.493025, 33.00433 ], [ -96.493128, 33.004295 ], [ -96.493165, 33.004292 ], [ -96.493215, 33.004295 ], [ -96.49326, 33.004308 ], [ -96.493359, 33.004399 ], [ -96.4934, 33.004429 ], [ -96.493454, 33.004444 ], [ -96.493522, 33.004444 ], [ -96.493586, 33.004429 ], [ -96.493925, 33.00427 ], [ -96.49397, 33.004255 ], [ -96.494029, 33.004243 ], [ -96.494088, 33.004243 ], [ -96.494129, 33.00425 ], [ -96.494151, 33.004266 ], [ -96.494169, 33.004289 ], [ -96.494178, 33.004319 ], [ -96.494174, 33.004348 ], [ -96.49416, 33.004368 ], [ -96.494106, 33.004406 ], [ -96.494052, 33.00446 ], [ -96.494038, 33.004497 ], [ -96.494034, 33.004534 ], [ -96.494043, 33.004585 ], [ -96.494056, 33.004619 ], [ -96.494079, 33.004649 ], [ -96.49412, 33.004676 ], [ -96.494169, 33.004686 ], [ -96.494251, 33.00468 ], [ -96.49431, 33.004661 ], [ -96.494948, 33.004371 ], [ -96.495011, 33.004337 ], [ -96.495129, 33.004255 ], [ -96.495432, 33.003982 ], [ -96.495477, 33.003946 ], [ -96.49564, 33.00385 ], [ -96.495685, 33.003816 ], [ -96.495731, 33.003771 ], [ -96.495762, 33.003721 ], [ -96.495812, 33.003535 ], [ -96.49584, 33.003377 ], [ -96.495839, 33.003307 ], [ -96.495826, 33.003112 ], [ -96.495831, 33.003076 ], [ -96.49584, 33.003048 ], [ -96.495882, 33.003 ], [ -96.495946, 33.002951 ], [ -96.495976, 33.002915 ], [ -96.495997, 33.002876 ], [ -96.496014, 33.002826 ], [ -96.496082, 33.002443 ], [ -96.496099, 33.002394 ], [ -96.496116, 33.002376 ], [ -96.49621, 33.002311 ], [ -96.49624, 33.002283 ], [ -96.49627, 33.002226 ], [ -96.496287, 33.002179 ], [ -96.496282, 33.002097 ], [ -96.496265, 33.002046 ], [ -96.496193, 33.001936 ], [ -96.496176, 33.001886 ], [ -96.49618, 33.001835 ], [ -96.496236, 33.001528 ], [ -96.49624, 33.00141 ], [ -96.496284, 33.00124 ], [ -96.496305, 33.001193 ], [ -96.496335, 33.00114 ], [ -96.496386, 33.001081 ], [ -96.496408, 33.001064 ], [ -96.496642, 33.000815 ], [ -96.496706, 33.000725 ], [ -96.496748, 33.000642 ], [ -96.496782, 33.000554 ], [ -96.496808, 33.000453 ], [ -96.49683, 33.000326 ], [ -96.49685, 33.000211 ], [ -96.496893, 32.999913 ], [ -96.496893, 32.999789 ], [ -96.49688, 32.999643 ], [ -96.496671, 32.998058 ], [ -96.496658, 32.997988 ], [ -96.496645, 32.997948 ], [ -96.496624, 32.997906 ], [ -96.496428, 32.997677 ], [ -96.496398, 32.997627 ], [ -96.496381, 32.997577 ], [ -96.496381, 32.997534 ], [ -96.496394, 32.997495 ], [ -96.49642, 32.997463 ], [ -96.496458, 32.997438 ], [ -96.496496, 32.997422 ], [ -96.49659, 32.997394 ], [ -96.49665, 32.997383 ], [ -96.496748, 32.997377 ], [ -96.496833, 32.997356 ], [ -96.496901, 32.997315 ], [ -96.496927, 32.99729 ], [ -96.496969, 32.997238 ], [ -96.496999, 32.997172 ], [ -96.497012, 32.99712 ], [ -96.497032, 32.99695 ], [ -96.497032, 32.99685 ], [ -96.497024, 32.996782 ], [ -96.497007, 32.99671 ], [ -96.496985, 32.996654 ], [ -96.496951, 32.996586 ], [ -96.496823, 32.9964 ], [ -96.496589, 32.996111 ], [ -96.496521, 32.996014 ], [ -96.496496, 32.995953 ], [ -96.496398, 32.995525 ], [ -96.496363, 32.995435 ], [ -96.496227, 32.99525 ], [ -96.496197, 32.995189 ], [ -96.496185, 32.995153 ], [ -96.49618, 32.99512 ], [ -96.496185, 32.995089 ], [ -96.496197, 32.995057 ], [ -96.496225, 32.995016 ], [ -96.496466, 32.994774 ], [ -96.4965, 32.994729 ], [ -96.496543, 32.994645 ], [ -96.496624, 32.994467 ], [ -96.496653, 32.994377 ], [ -96.496683, 32.994245 ], [ -96.496734, 32.993944 ], [ -96.496734, 32.993848 ], [ -96.496717, 32.993699 ], [ -96.4967, 32.993626 ], [ -96.496683, 32.993581 ], [ -96.496628, 32.993474 ], [ -96.496343, 32.993026 ], [ -96.496313, 32.992959 ], [ -96.496304, 32.992894 ], [ -96.496317, 32.992834 ], [ -96.49633, 32.992798 ], [ -96.496385, 32.992699 ], [ -96.496401, 32.992652 ], [ -96.49641, 32.9926 ], [ -96.49641, 32.992556 ], [ -96.496388, 32.992471 ], [ -96.496363, 32.992424 ], [ -96.496303, 32.992364 ], [ -96.495622, 32.991885 ], [ -96.495592, 32.991853 ], [ -96.495575, 32.991807 ], [ -96.495575, 32.991764 ], [ -96.495592, 32.991723 ], [ -96.495609, 32.991703 ], [ -96.495852, 32.991467 ], [ -96.495899, 32.99141 ], [ -96.49595, 32.991298 ], [ -96.495967, 32.991231 ], [ -96.496009, 32.991007 ], [ -96.496022, 32.990859 ], [ -96.496021, 32.990692 ], [ -96.496013, 32.990481 ], [ -96.496021, 32.990423 ], [ -96.496051, 32.990302 ], [ -96.496315, 32.989628 ], [ -96.496345, 32.989531 ], [ -96.496345, 32.989485 ], [ -96.49629, 32.989263 ], [ -96.496285, 32.989213 ], [ -96.496298, 32.989134 ], [ -96.49637, 32.989044 ], [ -96.496413, 32.989006 ], [ -96.496767, 32.988742 ], [ -96.496843, 32.988698 ], [ -96.497474, 32.988377 ], [ -96.497687, 32.988281 ], [ -96.497929, 32.988124 ], [ -96.497997, 32.988084 ], [ -96.498078, 32.988048 ], [ -96.498172, 32.988017 ], [ -96.498304, 32.987992 ], [ -96.49864, 32.987856 ], [ -96.498674, 32.987845 ], [ -96.498717, 32.987838 ], [ -96.49887, 32.987851 ], [ -96.498917, 32.987845 ], [ -96.499173, 32.987769 ], [ -96.499215, 32.987744 ], [ -96.499275, 32.987692 ], [ -96.499309, 32.987674 ], [ -96.499492, 32.987631 ], [ -96.499701, 32.987569 ], [ -96.499726, 32.987552 ], [ -96.499735, 32.98753 ], [ -96.499735, 32.987499 ], [ -96.499722, 32.987456 ], [ -96.49965, 32.987352 ], [ -96.499603, 32.987295 ], [ -96.499569, 32.98727 ], [ -96.499535, 32.987256 ], [ -96.499501, 32.987249 ], [ -96.499198, 32.98722 ], [ -96.499134, 32.987206 ], [ -96.499083, 32.987188 ], [ -96.499024, 32.98716 ], [ -96.497669, 32.986351 ], [ -96.497639, 32.986324 ], [ -96.497622, 32.986283 ], [ -96.497618, 32.986234 ], [ -96.497668, 32.985692 ], [ -96.497677, 32.985464 ], [ -96.497639, 32.98485 ], [ -96.497643, 32.984681 ], [ -96.49766, 32.98462 ], [ -96.497681, 32.984581 ], [ -96.497702, 32.984558 ], [ -96.497728, 32.984544 ], [ -96.497932, 32.984481 ], [ -96.497975, 32.984456 ], [ -96.498013, 32.984426 ], [ -96.498039, 32.984391 ], [ -96.498056, 32.984352 ], [ -96.498064, 32.984309 ], [ -96.497984, 32.983727 ], [ -96.497988, 32.983677 ], [ -96.498022, 32.983587 ], [ -96.498052, 32.983552 ], [ -96.498086, 32.983531 ], [ -96.498128, 32.983517 ], [ -96.498182, 32.98352 ], [ -96.498237, 32.98353 ], [ -96.498318, 32.983555 ], [ -96.498612, 32.983668 ], [ -96.498718, 32.983716 ], [ -96.49909, 32.983926 ], [ -96.499139, 32.983969 ], [ -96.499182, 32.984022 ], [ -96.499277, 32.984183 ], [ -96.499322, 32.984283 ], [ -96.499336, 32.98434 ], [ -96.499353, 32.984505 ], [ -96.49937, 32.984584 ], [ -96.4994, 32.984687 ], [ -96.499426, 32.984748 ], [ -96.499519, 32.984926 ], [ -96.499656, 32.985083 ], [ -96.499715, 32.985137 ], [ -96.499771, 32.985179 ], [ -96.499886, 32.985241 ], [ -96.500976, 32.985651 ], [ -96.501066, 32.985669 ], [ -96.501142, 32.985676 ], [ -96.501206, 32.985669 ], [ -96.501491, 32.985583 ], [ -96.501551, 32.985569 ], [ -96.501588, 32.985565 ], [ -96.501655, 32.985572 ], [ -96.502081, 32.985686 ], [ -96.502192, 32.985707 ], [ -96.502298, 32.985715 ], [ -96.502349, 32.985707 ], [ -96.502387, 32.985693 ], [ -96.502426, 32.985665 ], [ -96.502668, 32.985403 ], [ -96.502736, 32.98535 ], [ -96.502792, 32.985315 ], [ -96.502843, 32.985296 ], [ -96.50303, 32.985261 ], [ -96.50309, 32.98524 ], [ -96.503128, 32.985215 ], [ -96.503158, 32.985186 ], [ -96.50332, 32.984964 ], [ -96.503379, 32.984897 ], [ -96.503537, 32.984753 ], [ -96.503596, 32.984682 ], [ -96.503643, 32.984565 ], [ -96.503673, 32.984382 ], [ -96.503673, 32.984219 ], [ -96.503652, 32.984058 ], [ -96.503626, 32.983927 ], [ -96.5036, 32.983844 ], [ -96.503166, 32.982794 ], [ -96.502988, 32.982365 ], [ -96.502962, 32.982287 ], [ -96.502941, 32.982158 ], [ -96.502936, 32.98208 ], [ -96.502945, 32.982022 ], [ -96.502962, 32.981973 ], [ -96.503025, 32.981842 ], [ -96.503101, 32.981699 ], [ -96.503105, 32.981672 ], [ -96.5031, 32.981485 ], [ -96.502989, 32.98125 ], [ -96.502958, 32.981141 ], [ -96.502975, 32.981067 ], [ -96.502962, 32.980907 ], [ -96.502916, 32.980798 ], [ -96.502836, 32.980716 ], [ -96.502739, 32.980683 ], [ -96.502684, 32.980638 ], [ -96.502646, 32.98057 ], [ -96.502575, 32.980503 ], [ -96.502528, 32.980437 ], [ -96.502507, 32.980373 ], [ -96.502494, 32.980309 ], [ -96.502499, 32.980269 ], [ -96.502549, 32.980186 ], [ -96.502663, 32.980125 ], [ -96.502844, 32.980051 ], [ -96.502967, 32.980019 ], [ -96.503047, 32.979987 ], [ -96.50314, 32.979914 ], [ -96.503247, 32.979806 ], [ -96.503359, 32.97963 ], [ -96.503474, 32.979526 ], [ -96.503643, 32.979444 ], [ -96.503745, 32.979369 ], [ -96.503825, 32.979318 ], [ -96.504178, 32.979059 ], [ -96.504399, 32.978848 ], [ -96.504566, 32.978769 ], [ -96.504747, 32.978713 ], [ -96.50498, 32.978586 ], [ -96.505043, 32.978512 ], [ -96.505047, 32.978454 ], [ -96.50503, 32.978413 ], [ -96.50503, 32.978367 ], [ -96.505064, 32.978274 ], [ -96.505186, 32.978094 ], [ -96.505241, 32.978023 ], [ -96.505237, 32.977945 ], [ -96.505195, 32.977877 ], [ -96.505202, 32.977527 ], [ -96.505219, 32.977396 ], [ -96.505189, 32.977311 ], [ -96.505181, 32.977187 ], [ -96.505248, 32.976882 ], [ -96.505303, 32.97673 ], [ -96.505519, 32.976362 ], [ -96.505645, 32.976184 ], [ -96.505692, 32.976045 ], [ -96.505755, 32.975954 ], [ -96.505751, 32.975869 ], [ -96.505688, 32.975774 ], [ -96.505667, 32.975653 ], [ -96.505705, 32.975568 ], [ -96.505781, 32.975507 ], [ -96.505797, 32.975448 ], [ -96.505772, 32.975341 ], [ -96.50573, 32.97527 ], [ -96.505752, 32.975232 ], [ -96.505823, 32.975175 ], [ -96.505845, 32.975093 ], [ -96.505832, 32.975043 ], [ -96.505798, 32.974975 ], [ -96.505798, 32.974933 ], [ -96.505828, 32.974874 ], [ -96.505925, 32.974742 ], [ -96.505959, 32.974665 ], [ -96.505963, 32.974565 ], [ -96.505959, 32.974487 ], [ -96.5059, 32.974395 ], [ -96.505849, 32.974324 ], [ -96.505828, 32.974193 ], [ -96.505824, 32.974038 ], [ -96.505828, 32.973995 ], [ -96.50585, 32.973931 ], [ -96.505879, 32.973293 ], [ -96.505921, 32.973157 ], [ -96.505989, 32.973038 ], [ -96.505993, 32.972956 ], [ -96.505955, 32.972859 ], [ -96.505955, 32.972701 ], [ -96.505925, 32.972603 ], [ -96.50587, 32.972537 ], [ -96.505854, 32.972474 ], [ -96.50587, 32.972406 ], [ -96.505913, 32.972355 ], [ -96.505985, 32.972316 ], [ -96.506069, 32.97231 ], [ -96.50615, 32.972271 ], [ -96.506259, 32.972146 ], [ -96.506263, 32.97211 ], [ -96.506237, 32.97206 ], [ -96.506237, 32.971943 ], [ -96.506267, 32.971885 ], [ -96.506326, 32.971829 ], [ -96.506373, 32.971755 ], [ -96.506373, 32.971702 ], [ -96.506356, 32.971638 ], [ -96.506314, 32.971584 ], [ -96.506246, 32.97152 ], [ -96.50622, 32.971431 ], [ -96.506242, 32.971384 ], [ -96.506246, 32.97135 ], [ -96.50622, 32.971321 ], [ -96.506165, 32.971296 ], [ -96.506144, 32.971235 ], [ -96.506148, 32.971133 ], [ -96.506174, 32.970941 ], [ -96.506144, 32.970813 ], [ -96.506174, 32.970641 ], [ -96.506246, 32.970511 ], [ -96.506293, 32.970467 ], [ -96.506348, 32.97045 ], [ -96.506386, 32.970404 ], [ -96.506445, 32.970208 ], [ -96.506466, 32.970101 ], [ -96.506517, 32.970024 ], [ -96.506589, 32.969977 ], [ -96.50667, 32.969952 ], [ -96.506712, 32.969913 ], [ -96.506704, 32.969884 ], [ -96.506644, 32.969835 ], [ -96.506653, 32.969782 ], [ -96.506704, 32.969749 ], [ -96.506776, 32.969718 ], [ -96.506886, 32.969693 ], [ -96.506941, 32.969644 ], [ -96.506988, 32.969541 ], [ -96.507039, 32.969451 ], [ -96.507115, 32.96936 ], [ -96.507123, 32.969299 ], [ -96.507106, 32.969214 ], [ -96.507068, 32.969146 ], [ -96.507022, 32.96904 ], [ -96.506971, 32.968944 ], [ -96.506979, 32.968809 ], [ -96.507022, 32.968719 ], [ -96.507115, 32.96861 ], [ -96.507191, 32.968553 ], [ -96.507225, 32.968471 ], [ -96.507348, 32.968325 ], [ -96.507377, 32.968218 ], [ -96.507386, 32.967956 ], [ -96.507415, 32.967761 ], [ -96.50742, 32.967622 ], [ -96.507386, 32.967548 ], [ -96.50736, 32.967477 ], [ -96.507352, 32.967402 ], [ -96.50736, 32.967292 ], [ -96.507556, 32.966654 ], [ -96.507569, 32.966521 ], [ -96.507561, 32.966416 ], [ -96.507603, 32.966338 ], [ -96.507692, 32.966276 ], [ -96.507785, 32.966234 ], [ -96.507889, 32.966166 ], [ -96.508148, 32.96546 ], [ -96.508177, 32.965321 ], [ -96.508321, 32.96503 ], [ -96.508385, 32.964972 ], [ -96.508437, 32.964895 ], [ -96.508489, 32.964782 ], [ -96.508691, 32.96459 ], [ -96.508737, 32.964415 ], [ -96.508806, 32.964376 ], [ -96.508864, 32.964376 ], [ -96.508916, 32.964419 ], [ -96.508968, 32.96443 ], [ -96.509032, 32.964401 ], [ -96.509066, 32.964346 ], [ -96.509049, 32.964264 ], [ -96.509049, 32.964173 ], [ -96.509084, 32.964095 ], [ -96.509159, 32.964047 ], [ -96.509268, 32.964022 ], [ -96.509378, 32.964008 ], [ -96.509499, 32.963999 ], [ -96.509597, 32.963935 ], [ -96.509723, 32.963811 ], [ -96.509824, 32.963727 ], [ -96.509977, 32.963648 ], [ -96.510147, 32.963569 ], [ -96.510316, 32.963555 ], [ -96.510656, 32.963456 ], [ -96.511046, 32.963243 ], [ -96.511283, 32.963164 ], [ -96.511566, 32.963116 ], [ -96.511716, 32.963064 ], [ -96.51186, 32.963008 ], [ -96.511919, 32.963015 ], [ -96.51197, 32.963001 ], [ -96.511996, 32.962866 ], [ -96.512013, 32.962738 ], [ -96.512038, 32.96266 ], [ -96.512102, 32.962546 ], [ -96.512148, 32.962511 ], [ -96.512218, 32.962507 ], [ -96.512258, 32.962517 ], [ -96.512305, 32.96257 ], [ -96.512345, 32.962589 ], [ -96.512445, 32.962609 ], [ -96.512513, 32.962595 ], [ -96.512581, 32.962531 ], [ -96.51264, 32.962466 ], [ -96.512556, 32.962133 ], [ -96.512581, 32.962026 ], [ -96.512725, 32.961969 ], [ -96.512895, 32.961862 ], [ -96.513081, 32.961897 ], [ -96.5132, 32.961905 ], [ -96.51335, 32.961843 ], [ -96.51335, 32.961809 ], [ -96.513396, 32.961779 ], [ -96.513448, 32.961775 ], [ -96.513558, 32.961727 ], [ -96.513835, 32.961587 ], [ -96.513979, 32.9615 ], [ -96.514049, 32.961422 ], [ -96.514048, 32.961357 ], [ -96.513997, 32.961272 ], [ -96.513997, 32.961193 ], [ -96.514023, 32.961129 ], [ -96.514089, 32.961078 ], [ -96.514303, 32.960845 ], [ -96.514361, 32.960788 ], [ -96.514464, 32.960696 ], [ -96.514595, 32.960465 ], [ -96.514753, 32.960186 ], [ -96.514799, 32.960133 ], [ -96.514829, 32.96004 ], [ -96.514896, 32.959884 ], [ -96.514998, 32.959812 ], [ -96.515108, 32.959684 ], [ -96.515185, 32.959677 ], [ -96.515253, 32.959642 ], [ -96.515307, 32.959519 ], [ -96.515296, 32.959407 ], [ -96.515267, 32.959325 ], [ -96.515284, 32.959218 ], [ -96.515342, 32.959125 ], [ -96.51544, 32.959015 ], [ -96.515487, 32.958883 ], [ -96.515556, 32.958651 ], [ -96.515571, 32.958353 ], [ -96.515604, 32.958204 ], [ -96.515596, 32.958046 ], [ -96.515562, 32.95782 ], [ -96.515545, 32.957655 ], [ -96.515554, 32.957528 ], [ -96.515545, 32.957385 ], [ -96.515528, 32.957222 ], [ -96.515588, 32.957137 ], [ -96.515604, 32.957094 ], [ -96.515638, 32.957036 ], [ -96.515681, 32.956994 ], [ -96.515732, 32.956951 ], [ -96.5158, 32.956886 ], [ -96.515833, 32.956816 ], [ -96.515874, 32.956635 ], [ -96.515844, 32.956542 ], [ -96.515791, 32.956467 ], [ -96.515749, 32.956416 ], [ -96.515715, 32.956317 ], [ -96.515698, 32.956147 ], [ -96.515689, 32.956111 ], [ -96.515689, 32.956067 ], [ -96.515653, 32.955999 ], [ -96.515647, 32.955926 ], [ -96.515659, 32.955819 ], [ -96.515659, 32.955714 ], [ -96.51562, 32.955593 ], [ -96.515631, 32.955515 ], [ -96.515614, 32.955461 ], [ -96.51562, 32.955407 ], [ -96.515637, 32.955345 ], [ -96.515614, 32.955301 ], [ -96.515568, 32.955267 ], [ -96.515504, 32.955247 ], [ -96.51523, 32.954858 ], [ -96.515179, 32.954793 ], [ -96.51514, 32.954695 ], [ -96.515127, 32.954638 ], [ -96.515093, 32.954574 ], [ -96.515035, 32.954531 ], [ -96.51496, 32.954464 ], [ -96.514919, 32.95438 ], [ -96.514848, 32.954188 ], [ -96.514792, 32.954064 ], [ -96.514683, 32.953968 ], [ -96.514613, 32.953847 ], [ -96.514574, 32.95377 ], [ -96.514557, 32.953673 ], [ -96.514516, 32.95358 ], [ -96.514424, 32.953475 ], [ -96.514355, 32.953359 ], [ -96.514326, 32.953286 ], [ -96.514274, 32.953121 ], [ -96.514251, 32.952965 ], [ -96.514257, 32.952767 ], [ -96.514512, 32.952385 ], [ -96.514558, 32.952293 ], [ -96.514678, 32.952149 ], [ -96.514753, 32.952073 ], [ -96.514808, 32.952031 ], [ -96.514824, 32.951997 ], [ -96.514917, 32.951933 ], [ -96.51501, 32.95191 ], [ -96.515146, 32.951904 ], [ -96.515307, 32.951933 ], [ -96.515485, 32.951947 ], [ -96.515581, 32.951961 ], [ -96.515673, 32.951919 ], [ -96.515726, 32.951868 ], [ -96.515773, 32.951789 ], [ -96.515806, 32.951695 ], [ -96.515846, 32.951628 ], [ -96.515986, 32.951533 ], [ -96.516059, 32.951488 ], [ -96.516159, 32.951454 ], [ -96.516279, 32.951482 ], [ -96.516426, 32.951572 ], [ -96.516536, 32.951654 ], [ -96.516752, 32.951817 ], [ -96.516805, 32.951885 ], [ -96.516892, 32.95189 ], [ -96.516985, 32.951886 ], [ -96.517058, 32.951869 ], [ -96.517204, 32.952065 ], [ -96.517786, 32.953229 ], [ -96.518225, 32.953438 ], [ -96.517959, 32.95318 ], [ -96.51791, 32.953135 ], [ -96.517871, 32.953093 ], [ -96.517825, 32.953025 ], [ -96.517724, 32.952889 ], [ -96.517572, 32.952604 ], [ -96.517534, 32.952502 ], [ -96.517519, 32.952439 ], [ -96.517523, 32.952145 ], [ -96.517504, 32.951788 ], [ -96.517491, 32.951694 ], [ -96.517469, 32.951595 ], [ -96.517426, 32.951459 ], [ -96.51739, 32.951395 ], [ -96.517419, 32.951331 ], [ -96.517447, 32.951324 ], [ -96.517494, 32.951338 ], [ -96.517526, 32.951359 ], [ -96.517583, 32.95143 ], [ -96.517641, 32.951523 ], [ -96.517689, 32.951576 ], [ -96.517704, 32.951616 ], [ -96.517699, 32.951637 ], [ -96.517699, 32.951703 ], [ -96.517694, 32.951761 ], [ -96.517699, 32.951827 ], [ -96.517709, 32.951871 ], [ -96.517736, 32.951898 ], [ -96.517788, 32.951929 ], [ -96.517863, 32.951952 ], [ -96.517978, 32.951966 ], [ -96.518046, 32.951952 ], [ -96.518099, 32.951914 ], [ -96.518257, 32.951808 ], [ -96.518305, 32.95178 ], [ -96.518367, 32.951732 ], [ -96.518462, 32.95168 ], [ -96.518504, 32.951622 ], [ -96.518562, 32.95153 ], [ -96.518616, 32.951453 ], [ -96.518615, 32.951409 ], [ -96.518635, 32.951334 ], [ -96.518641, 32.951268 ], [ -96.518657, 32.951211 ], [ -96.518646, 32.951137 ], [ -96.518603, 32.951053 ], [ -96.518564, 32.951019 ], [ -96.518519, 32.950998 ], [ -96.51845, 32.950987 ], [ -96.518357, 32.950995 ], [ -96.518294, 32.951026 ], [ -96.518241, 32.951035 ], [ -96.518168, 32.951004 ], [ -96.518115, 32.950946 ], [ -96.518067, 32.95084 ], [ -96.518052, 32.950664 ], [ -96.518005, 32.95047 ], [ -96.517985, 32.950432 ], [ -96.517893, 32.950332 ], [ -96.517884, 32.950303 ], [ -96.51788, 32.950233 ], [ -96.517884, 32.950204 ], [ -96.517868, 32.950161 ], [ -96.517836, 32.950127 ], [ -96.517794, 32.950104 ], [ -96.517727, 32.950038 ], [ -96.517662, 32.949983 ], [ -96.517631, 32.949926 ], [ -96.517631, 32.949855 ], [ -96.517647, 32.949758 ], [ -96.517689, 32.949661 ], [ -96.517692, 32.949619 ], [ -96.517689, 32.949581 ], [ -96.517658, 32.949494 ], [ -96.517554, 32.949379 ], [ -96.517397, 32.949156 ], [ -96.517268, 32.948887 ], [ -96.517168, 32.94868 ], [ -96.517041, 32.948406 ], [ -96.51696, 32.948151 ], [ -96.516947, 32.948043 ], [ -96.516934, 32.947882 ], [ -96.516899, 32.947725 ], [ -96.516853, 32.94759 ], [ -96.516813, 32.947519 ], [ -96.516766, 32.947412 ], [ -96.516733, 32.947265 ], [ -96.516733, 32.947171 ], [ -96.516676, 32.94658 ], [ -96.516649, 32.946492 ], [ -96.516632, 32.946157 ], [ -96.516663, 32.94562 ], [ -96.51676, 32.945176 ], [ -96.516912, 32.944571 ], [ -96.516954, 32.944488 ], [ -96.517023, 32.944419 ], [ -96.51719, 32.944339 ], [ -96.517351, 32.944274 ], [ -96.517537, 32.944198 ], [ -96.517606, 32.944163 ], [ -96.517689, 32.944105 ], [ -96.517731, 32.944035 ], [ -96.517745, 32.94393 ], [ -96.517717, 32.943801 ], [ -96.517634, 32.943663 ], [ -96.51742, 32.943305 ], [ -96.517472, 32.943185 ], [ -96.517503, 32.943101 ], [ -96.517549, 32.94303 ], [ -96.517578, 32.942919 ], [ -96.517578, 32.942872 ], [ -96.517523, 32.942825 ], [ -96.517495, 32.942756 ], [ -96.5175, 32.942693 ], [ -96.517495, 32.942337 ], [ -96.517454, 32.942079 ], [ -96.517467, 32.941906 ], [ -96.517454, 32.941637 ], [ -96.517454, 32.941591 ], [ -96.517454, 32.941381 ], [ -96.517439, 32.941171 ], [ -96.517448, 32.940823 ], [ -96.517444, 32.940643 ], [ -96.517457, 32.9405 ], [ -96.517533, 32.940378 ], [ -96.517644, 32.940285 ], [ -96.517783, 32.940227 ], [ -96.517928, 32.940192 ], [ -96.518115, 32.940168 ], [ -96.518309, 32.940155 ], [ -96.518378, 32.940151 ], [ -96.518586, 32.940146 ], [ -96.518766, 32.940157 ], [ -96.518953, 32.940163 ], [ -96.519043, 32.940181 ], [ -96.519092, 32.940175 ], [ -96.519113, 32.940146 ], [ -96.519113, 32.940064 ], [ -96.519085, 32.939999 ], [ -96.519071, 32.939931 ], [ -96.519078, 32.939878 ], [ -96.519133, 32.939832 ], [ -96.519244, 32.939808 ], [ -96.519327, 32.939749 ], [ -96.51939, 32.939692 ], [ -96.519417, 32.939593 ], [ -96.519434, 32.939557 ], [ -96.519459, 32.939506 ], [ -96.519459, 32.939349 ], [ -96.519448, 32.9392 ], [ -96.519373, 32.939113 ], [ -96.519277, 32.939068 ], [ -96.518762, 32.939 ], [ -96.518499, 32.938938 ], [ -96.518288, 32.938906 ], [ -96.518073, 32.938882 ], [ -96.517948, 32.938879 ], [ -96.517853, 32.938882 ], [ -96.517772, 32.93891 ], [ -96.517699, 32.938975 ], [ -96.517666, 32.938997 ], [ -96.517611, 32.939025 ], [ -96.51753, 32.939031 ], [ -96.517455, 32.939 ], [ -96.517442, 32.938994 ], [ -96.517346, 32.938929 ], [ -96.517279, 32.93891 ], [ -96.516974, 32.938896 ], [ -96.516891, 32.938873 ], [ -96.516842, 32.938846 ], [ -96.516725, 32.938745 ], [ -96.516593, 32.9386 ], [ -96.516489, 32.938472 ], [ -96.516344, 32.93835 ], [ -96.516177, 32.938153 ], [ -96.516096, 32.938032 ], [ -96.515984, 32.937831 ], [ -96.515581, 32.937103 ], [ -96.515468, 32.936868 ], [ -96.515333, 32.936519 ], [ -96.515219, 32.936167 ], [ -96.515178, 32.935935 ], [ -96.515207, 32.935817 ], [ -96.515198, 32.935619 ], [ -96.515283, 32.935386 ], [ -96.515401, 32.93509 ], [ -96.515527, 32.934824 ], [ -96.51559, 32.934635 ], [ -96.515763, 32.93403 ], [ -96.515921, 32.933239 ], [ -96.515928, 32.933019 ], [ -96.515873, 32.932667 ], [ -96.515817, 32.932527 ], [ -96.515762, 32.932355 ], [ -96.515735, 32.932088 ], [ -96.515728, 32.931852 ], [ -96.515684, 32.93173 ], [ -96.515604, 32.931613 ], [ -96.51557, 32.93151 ], [ -96.51548, 32.931182 ], [ -96.515411, 32.931008 ], [ -96.515353, 32.930643 ], [ -96.515353, 32.930582 ], [ -96.515398, 32.930491 ], [ -96.515407, 32.93043 ], [ -96.515407, 32.930338 ], [ -96.515264, 32.929951 ], [ -96.515231, 32.9298 ], [ -96.515111, 32.929575 ], [ -96.515017, 32.929547 ], [ -96.514984, 32.92947 ], [ -96.515024, 32.929391 ], [ -96.514997, 32.929268 ], [ -96.514957, 32.929201 ], [ -96.514877, 32.929173 ], [ -96.514771, 32.929122 ], [ -96.514684, 32.929017 ], [ -96.514658, 32.928916 ], [ -96.514538, 32.928815 ], [ -96.514391, 32.928748 ], [ -96.514244, 32.928648 ], [ -96.514131, 32.928547 ], [ -96.513974, 32.928295 ], [ -96.513913, 32.928189 ], [ -96.513813, 32.928154 ], [ -96.51368, 32.928154 ], [ -96.51356, 32.928165 ], [ -96.513447, 32.928122 ], [ -96.51332, 32.927999 ], [ -96.51302, 32.92783 ], [ -96.512406, 32.92745 ], [ -96.51216, 32.927343 ], [ -96.511933, 32.927265 ], [ -96.5116, 32.927086 ], [ -96.51124, 32.926845 ], [ -96.510946, 32.926689 ], [ -96.510539, 32.92644 ], [ -96.510416, 32.926347 ], [ -96.510375, 32.926299 ], [ -96.510364, 32.926226 ], [ -96.510308, 32.926178 ], [ -96.510189, 32.92613 ], [ -96.510126, 32.92613 ], [ -96.510075, 32.926161 ], [ -96.510007, 32.926174 ], [ -96.50993, 32.926139 ], [ -96.509526, 32.925905 ], [ -96.509314, 32.925766 ], [ -96.509293, 32.925666 ], [ -96.509231, 32.925621 ], [ -96.509138, 32.925592 ], [ -96.508807, 32.925505 ], [ -96.508657, 32.925427 ], [ -96.508507, 32.925323 ], [ -96.508409, 32.92521 ], [ -96.508357, 32.925127 ], [ -96.508326, 32.925058 ], [ -96.508305, 32.924971 ], [ -96.508269, 32.924892 ], [ -96.508264, 32.924805 ], [ -96.508285, 32.924697 ], [ -96.508285, 32.924611 ], [ -96.508238, 32.924557 ], [ -96.50816, 32.924498 ], [ -96.508098, 32.924467 ], [ -96.508016, 32.924472 ], [ -96.507896, 32.924492 ], [ -96.507766, 32.924506 ], [ -96.507583, 32.924484 ], [ -96.507427, 32.924448 ], [ -96.507235, 32.924374 ], [ -96.506905, 32.924228 ], [ -96.506653, 32.92409 ], [ -96.506514, 32.924003 ], [ -96.506427, 32.923915 ], [ -96.506383, 32.923834 ], [ -96.506322, 32.923689 ], [ -96.506244, 32.9236 ], [ -96.506149, 32.92355 ], [ -96.506053, 32.923527 ], [ -96.505791, 32.923502 ], [ -96.505682, 32.923564 ], [ -96.505482, 32.923534 ], [ -96.505382, 32.923542 ], [ -96.505313, 32.92352 ], [ -96.50527, 32.923486 ], [ -96.505243, 32.923447 ], [ -96.505256, 32.923399 ], [ -96.505356, 32.923345 ], [ -96.505365, 32.923294 ], [ -96.505348, 32.923235 ], [ -96.505369, 32.923086 ], [ -96.505361, 32.923019 ], [ -96.505309, 32.922895 ], [ -96.505248, 32.922794 ], [ -96.505178, 32.922721 ], [ -96.505126, 32.922709 ], [ -96.50507, 32.922688 ], [ -96.505026, 32.922641 ], [ -96.504983, 32.922532 ], [ -96.504957, 32.922101 ], [ -96.504911, 32.922044 ], [ -96.504905, 32.922036 ], [ -96.504821, 32.921871 ], [ -96.504818, 32.921735 ], [ -96.504774, 32.921625 ], [ -96.504739, 32.921484 ], [ -96.504739, 32.921425 ], [ -96.5048, 32.921404 ], [ -96.50487, 32.921338 ], [ -96.504888, 32.921205 ], [ -96.504835, 32.921132 ], [ -96.504605, 32.920903 ], [ -96.504341, 32.92064 ], [ -96.504224, 32.920495 ], [ -96.50409, 32.920263 ], [ -96.503949, 32.919871 ], [ -96.503839, 32.919598 ], [ -96.503777, 32.919476 ], [ -96.503727, 32.919431 ], [ -96.503685, 32.919424 ], [ -96.503332, 32.919479 ], [ -96.502987, 32.919562 ], [ -96.502937, 32.919545 ], [ -96.502921, 32.9195 ], [ -96.502971, 32.919448 ], [ -96.503519, 32.919283 ], [ -96.50366, 32.919204 ], [ -96.503747, 32.919099 ], [ -96.503789, 32.918953 ], [ -96.503793, 32.918782 ], [ -96.503777, 32.918663 ], [ -96.503723, 32.918531 ], [ -96.503648, 32.918411 ], [ -96.503602, 32.918419 ], [ -96.503565, 32.918405 ], [ -96.503544, 32.918353 ], [ -96.503544, 32.918304 ], [ -96.503602, 32.918276 ], [ -96.503623, 32.918213 ], [ -96.503627, 32.918129 ], [ -96.503515, 32.917814 ], [ -96.503453, 32.917682 ], [ -96.503403, 32.917679 ], [ -96.503378, 32.917655 ], [ -96.503353, 32.917592 ], [ -96.503355, 32.917535 ], [ -96.503342, 32.917296 ], [ -96.503276, 32.917125 ], [ -96.503078, 32.916874 ], [ -96.502759, 32.916587 ], [ -96.502605, 32.916477 ], [ -96.502377, 32.916254 ], [ -96.502238, 32.916038 ], [ -96.502121, 32.915891 ], [ -96.502072, 32.915804 ], [ -96.502047, 32.915689 ], [ -96.501864, 32.915455 ], [ -96.501818, 32.915421 ], [ -96.501781, 32.91541 ], [ -96.501748, 32.915354 ], [ -96.501688, 32.915298 ], [ -96.501607, 32.91527 ], [ -96.50154, 32.91527 ], [ -96.501499, 32.915246 ], [ -96.501465, 32.915194 ], [ -96.501457, 32.915156 ], [ -96.501416, 32.915121 ], [ -96.501324, 32.915086 ], [ -96.501291, 32.915027 ], [ -96.501258, 32.914873 ], [ -96.501178, 32.914752 ], [ -96.501062, 32.914633 ], [ -96.501042, 32.914581 ], [ -96.501046, 32.914543 ], [ -96.501083, 32.914507 ], [ -96.501104, 32.914431 ], [ -96.501104, 32.914344 ], [ -96.501104, 32.914292 ], [ -96.50117, 32.914184 ], [ -96.501344, 32.914031 ], [ -96.50188, 32.913682 ], [ -96.502158, 32.913511 ], [ -96.502203, 32.913463 ], [ -96.502249, 32.913397 ], [ -96.502456, 32.913249 ], [ -96.502539, 32.913218 ], [ -96.502631, 32.91317 ], [ -96.502695, 32.913112 ], [ -96.502762, 32.913027 ], [ -96.502853, 32.912954 ], [ -96.502919, 32.912909 ], [ -96.503218, 32.912833 ], [ -96.503342, 32.91276 ], [ -96.503396, 32.912691 ], [ -96.503467, 32.912287 ], [ -96.503467, 32.912193 ], [ -96.503496, 32.912157 ], [ -96.503579, 32.912098 ], [ -96.503637, 32.912095 ], [ -96.503678, 32.91212 ], [ -96.503782, 32.91216 ], [ -96.50386, 32.91216 ], [ -96.50393, 32.912129 ], [ -96.503983, 32.912063 ], [ -96.504022, 32.911956 ], [ -96.504035, 32.911831 ], [ -96.503997, 32.911744 ], [ -96.503943, 32.911702 ], [ -96.503889, 32.91169 ], [ -96.503873, 32.91165 ], [ -96.503877, 32.911622 ], [ -96.503894, 32.911594 ], [ -96.503989, 32.911468 ], [ -96.504188, 32.911315 ], [ -96.504211, 32.911274 ], [ -96.504211, 32.911212 ], [ -96.504086, 32.911116 ], [ -96.504076, 32.911082 ], [ -96.504095, 32.911034 ], [ -96.504139, 32.910997 ], [ -96.504311, 32.911009 ], [ -96.504404, 32.910989 ], [ -96.504399, 32.910956 ], [ -96.504325, 32.910877 ], [ -96.504286, 32.910815 ], [ -96.504247, 32.910725 ], [ -96.504257, 32.910672 ], [ -96.504301, 32.910631 ], [ -96.504389, 32.910594 ], [ -96.504482, 32.910549 ], [ -96.504531, 32.910511 ], [ -96.504531, 32.910462 ], [ -96.504487, 32.910421 ], [ -96.504502, 32.910368 ], [ -96.504546, 32.910364 ], [ -96.50459, 32.910302 ], [ -96.50459, 32.910244 ], [ -96.504541, 32.91019 ], [ -96.504492, 32.910158 ], [ -96.504409, 32.910154 ], [ -96.504345, 32.910142 ], [ -96.50433, 32.9101 ], [ -96.504355, 32.910075 ], [ -96.504423, 32.910058 ], [ -96.504551, 32.910035 ], [ -96.504668, 32.909976 ], [ -96.504737, 32.909903 ], [ -96.504796, 32.909784 ], [ -96.50484, 32.909714 ], [ -96.504923, 32.909619 ], [ -96.505104, 32.909517 ], [ -96.505256, 32.909418 ], [ -96.505457, 32.909356 ], [ -96.505667, 32.909336 ], [ -96.505809, 32.909332 ], [ -96.505892, 32.909319 ], [ -96.506172, 32.909343 ], [ -96.506206, 32.909274 ], [ -96.506216, 32.909208 ], [ -96.506128, 32.909122 ], [ -96.506128, 32.909073 ], [ -96.506147, 32.909003 ], [ -96.506142, 32.908966 ], [ -96.506088, 32.908915 ], [ -96.506064, 32.90887 ], [ -96.506088, 32.908813 ], [ -96.506206, 32.908752 ], [ -96.506284, 32.90867 ], [ -96.506319, 32.908616 ], [ -96.506412, 32.908558 ], [ -96.506649, 32.90849 ], [ -96.506983, 32.908309 ], [ -96.507341, 32.908147 ], [ -96.507547, 32.90804 ], [ -96.50764, 32.907961 ], [ -96.50783, 32.907888 ], [ -96.508002, 32.907856 ], [ -96.508046, 32.907852 ], [ -96.508262, 32.907881 ], [ -96.508679, 32.907893 ], [ -96.508988, 32.907863 ], [ -96.509247, 32.907831 ], [ -96.509399, 32.907823 ], [ -96.509488, 32.907794 ], [ -96.509546, 32.907756 ], [ -96.50961, 32.907601 ], [ -96.509586, 32.907531 ], [ -96.509537, 32.907473 ], [ -96.509463, 32.907432 ], [ -96.509385, 32.907407 ], [ -96.509252, 32.90735 ], [ -96.509169, 32.907321 ], [ -96.509071, 32.9073 ], [ -96.508943, 32.907283 ], [ -96.508306, 32.907061 ], [ -96.50812, 32.906979 ], [ -96.508105, 32.906942 ], [ -96.50812, 32.906897 ], [ -96.50812, 32.906843 ], [ -96.508076, 32.906731 ], [ -96.508061, 32.906646 ], [ -96.508022, 32.906599 ], [ -96.507994, 32.906449 ], [ -96.508028, 32.906363 ], [ -96.508063, 32.906021 ], [ -96.508249, 32.905181 ], [ -96.508303, 32.905046 ], [ -96.508293, 32.904995 ], [ -96.508303, 32.90493 ], [ -96.508362, 32.904881 ], [ -96.508376, 32.904807 ], [ -96.508367, 32.904663 ], [ -96.508416, 32.904502 ], [ -96.50845, 32.90446 ], [ -96.508479, 32.90439 ], [ -96.508509, 32.904218 ], [ -96.508587, 32.904111 ], [ -96.508636, 32.904013 ], [ -96.508626, 32.903917 ], [ -96.508587, 32.903848 ], [ -96.508548, 32.90379 ], [ -96.508509, 32.903691 ], [ -96.508565, 32.903596 ], [ -96.508588, 32.903557 ], [ -96.508743, 32.903503 ], [ -96.508895, 32.90343 ], [ -96.508998, 32.903309 ], [ -96.509028, 32.90319 ], [ -96.509096, 32.903079 ], [ -96.509293, 32.902859 ], [ -96.509342, 32.902765 ], [ -96.509416, 32.902658 ], [ -96.509583, 32.902468 ], [ -96.509706, 32.902265 ], [ -96.509789, 32.902093 ], [ -96.509809, 32.902023 ], [ -96.509873, 32.901957 ], [ -96.509966, 32.901833 ], [ -96.510123, 32.901556 ], [ -96.510123, 32.901437 ], [ -96.510162, 32.901351 ], [ -96.510251, 32.90126 ], [ -96.510349, 32.901074 ], [ -96.510452, 32.900897 ], [ -96.51054, 32.900711 ], [ -96.510629, 32.900472 ], [ -96.510778, 32.90019 ], [ -96.511005, 32.899949 ], [ -96.511108, 32.899879 ], [ -96.511196, 32.899825 ], [ -96.511304, 32.899808 ], [ -96.511476, 32.899818 ], [ -96.511597, 32.899839 ], [ -96.51179, 32.899912 ], [ -96.511883, 32.899974 ], [ -96.511927, 32.900024 ], [ -96.512021, 32.900028 ], [ -96.512165, 32.900017 ], [ -96.512777, 32.899763 ], [ -96.512826, 32.899718 ], [ -96.512836, 32.899639 ], [ -96.512836, 32.899529 ], [ -96.512875, 32.899479 ], [ -96.512875, 32.899417 ], [ -96.51284, 32.899375 ], [ -96.512786, 32.899343 ], [ -96.512639, 32.899298 ], [ -96.512512, 32.899236 ], [ -96.512443, 32.899166 ], [ -96.512296, 32.898964 ], [ -96.512212, 32.898828 ], [ -96.512197, 32.898742 ], [ -96.512207, 32.898564 ], [ -96.51227, 32.898414 ], [ -96.513573, 32.898846 ], [ -96.513587, 32.898903 ], [ -96.513673, 32.899455 ], [ -96.513686, 32.899899 ], [ -96.513611, 32.900779 ], [ -96.513479, 32.902302 ] ] ], [ [ [ -96.466752, 32.984171 ], [ -96.46674, 32.9826 ], [ -96.466739, 32.982467 ], [ -96.465938, 32.982459 ], [ -96.463801, 32.982442 ], [ -96.46371, 32.982439 ], [ -96.463721, 32.982002 ], [ -96.463724, 32.98183 ], [ -96.463729, 32.981608 ], [ -96.463758, 32.980362 ], [ -96.463774, 32.97968 ], [ -96.463778, 32.979498 ], [ -96.463779, 32.979471 ], [ -96.463781, 32.979377 ], [ -96.463781, 32.979346 ], [ -96.463853, 32.979344 ], [ -96.464014, 32.979342 ], [ -96.465048, 32.979324 ], [ -96.465083, 32.979128 ], [ -96.465201, 32.978476 ], [ -96.465394, 32.978119 ], [ -96.465493, 32.977951 ], [ -96.465978, 32.977657 ], [ -96.466556, 32.977307 ], [ -96.46671, 32.977305 ], [ -96.466881, 32.977303 ], [ -96.467568, 32.977298 ], [ -96.467759, 32.976638 ], [ -96.468147, 32.976191 ], [ -96.468583, 32.975932 ], [ -96.469342, 32.976127 ], [ -96.469559, 32.9759 ], [ -96.469608, 32.975388 ], [ -96.470134, 32.975814 ], [ -96.470734, 32.975453 ], [ -96.472005, 32.975285 ], [ -96.472037, 32.975248 ], [ -96.472063, 32.975217 ], [ -96.472233, 32.975023 ], [ -96.472485, 32.975094 ], [ -96.472738, 32.975165 ], [ -96.47282, 32.975057 ], [ -96.473094, 32.974696 ], [ -96.473123, 32.974682 ], [ -96.473561, 32.97452 ], [ -96.474826, 32.974498 ], [ -96.474867, 32.972692 ], [ -96.474868, 32.972451 ], [ -96.474935, 32.970868 ], [ -96.474936, 32.970773 ], [ -96.476264, 32.970771 ], [ -96.478258, 32.970786 ], [ -96.478258, 32.970407 ], [ -96.478338, 32.970321 ], [ -96.47833, 32.970313 ], [ -96.478612, 32.969721 ], [ -96.478849, 32.969043 ], [ -96.479332, 32.967469 ], [ -96.479126, 32.967111 ], [ -96.478972, 32.966492 ], [ -96.47944, 32.965856 ], [ -96.479497, 32.965775 ], [ -96.479551, 32.965776 ], [ -96.47977, 32.965785 ], [ -96.479829, 32.965787 ], [ -96.479913, 32.96579 ], [ -96.480034, 32.965795 ], [ -96.480222, 32.965798 ], [ -96.4804, 32.965809 ], [ -96.480433, 32.964556 ], [ -96.480807, 32.964335 ], [ -96.480903, 32.964278 ], [ -96.480922, 32.964004 ], [ -96.480544, 32.963591 ], [ -96.480809, 32.963043 ], [ -96.480731, 32.962741 ], [ -96.480439, 32.962532 ], [ -96.48044, 32.961051 ], [ -96.479505, 32.961048 ], [ -96.479493, 32.960737 ], [ -96.481251, 32.960764 ], [ -96.48128, 32.960829 ], [ -96.481457, 32.960873 ], [ -96.481608, 32.961039 ], [ -96.481743, 32.961264 ], [ -96.481815, 32.961427 ], [ -96.481705, 32.961783 ], [ -96.481751, 32.9619 ], [ -96.481968, 32.962194 ], [ -96.482174, 32.963026 ], [ -96.482157, 32.963752 ], [ -96.481931, 32.964577 ], [ -96.481437, 32.965072 ], [ -96.481531, 32.965823 ], [ -96.481458, 32.965939 ], [ -96.481405, 32.96605 ], [ -96.481431, 32.966161 ], [ -96.48151, 32.966175 ], [ -96.481669, 32.966161 ], [ -96.481713, 32.966293 ], [ -96.481766, 32.966552 ], [ -96.481704, 32.966797 ], [ -96.481581, 32.967049 ], [ -96.481378, 32.967212 ], [ -96.481122, 32.967382 ], [ -96.48099, 32.967492 ], [ -96.480973, 32.967626 ], [ -96.480929, 32.967751 ], [ -96.480743, 32.967914 ], [ -96.480611, 32.968048 ], [ -96.480311, 32.968558 ], [ -96.479974, 32.968944 ], [ -96.479636, 32.969078 ], [ -96.479427, 32.969177 ], [ -96.479251, 32.969302 ], [ -96.479118, 32.969465 ], [ -96.47903, 32.969659 ], [ -96.478888, 32.969999 ], [ -96.478906, 32.970236 ], [ -96.478888, 32.970325 ], [ -96.478791, 32.970407 ], [ -96.47863, 32.970588 ], [ -96.478312, 32.97115 ], [ -96.477855, 32.971704 ], [ -96.477661, 32.972008 ], [ -96.477378, 32.972304 ], [ -96.477113, 32.972526 ], [ -96.47695, 32.972762 ], [ -96.476791, 32.97291 ], [ -96.476544, 32.973028 ], [ -96.476305, 32.973162 ], [ -96.476054, 32.973309 ], [ -96.475842, 32.973554 ], [ -96.475696, 32.973813 ], [ -96.475573, 32.97411 ], [ -96.475538, 32.974502 ], [ -96.475573, 32.974894 ], [ -96.475652, 32.975332 ], [ -96.475688, 32.975583 ], [ -96.475705, 32.975746 ], [ -96.475555, 32.975887 ], [ -96.475387, 32.975924 ], [ -96.475184, 32.975893 ], [ -96.474964, 32.975828 ], [ -96.474646, 32.975754 ], [ -96.474346, 32.975776 ], [ -96.474019, 32.975872 ], [ -96.473728, 32.975983 ], [ -96.473596, 32.976101 ], [ -96.473507, 32.976317 ], [ -96.473463, 32.976582 ], [ -96.47349, 32.976753 ], [ -96.473649, 32.976841 ], [ -96.47394, 32.976857 ], [ -96.474187, 32.976864 ], [ -96.47439, 32.976931 ], [ -96.474937, 32.977309 ], [ -96.475202, 32.977486 ], [ -96.47548, 32.977708 ], [ -96.475621, 32.97784 ], [ -96.475797, 32.978056 ], [ -96.475938, 32.978219 ], [ -96.476018, 32.978411 ], [ -96.476141, 32.978589 ], [ -96.476265, 32.978678 ], [ -96.47645, 32.978796 ], [ -96.47653, 32.978915 ], [ -96.476486, 32.978989 ], [ -96.476424, 32.979114 ], [ -96.476521, 32.979314 ], [ -96.476636, 32.979439 ], [ -96.476847, 32.979529 ], [ -96.477094, 32.979596 ], [ -96.477324, 32.979795 ], [ -96.477439, 32.979906 ], [ -96.477562, 32.980114 ], [ -96.477597, 32.98024 ], [ -96.477571, 32.980387 ], [ -96.477456, 32.980528 ], [ -96.477551, 32.980849 ], [ -96.477589, 32.981067 ], [ -96.477621, 32.981161 ], [ -96.477632, 32.981226 ], [ -96.477675, 32.981288 ], [ -96.477721, 32.981335 ], [ -96.478025, 32.981437 ], [ -96.478144, 32.981488 ], [ -96.478214, 32.981547 ], [ -96.478235, 32.981614 ], [ -96.478225, 32.981718 ], [ -96.478181, 32.981817 ], [ -96.478194, 32.981875 ], [ -96.478206, 32.98192 ], [ -96.478247, 32.981964 ], [ -96.478273, 32.981981 ], [ -96.47831, 32.981994 ], [ -96.478507, 32.982028 ], [ -96.478574, 32.982046 ], [ -96.478704, 32.982119 ], [ -96.478766, 32.982136 ], [ -96.478943, 32.982155 ], [ -96.478989, 32.982167 ], [ -96.479026, 32.982189 ], [ -96.479062, 32.982237 ], [ -96.479135, 32.982411 ], [ -96.479077, 32.982509 ], [ -96.479054, 32.982576 ], [ -96.478989, 32.982611 ], [ -96.478657, 32.982733 ], [ -96.478585, 32.982772 ], [ -96.478346, 32.982916 ], [ -96.47831, 32.982934 ], [ -96.478268, 32.982938 ], [ -96.478185, 32.982938 ], [ -96.478149, 32.982941 ], [ -96.478118, 32.982964 ], [ -96.478102, 32.982995 ], [ -96.478092, 32.98306 ], [ -96.478102, 32.983116 ], [ -96.478134, 32.983226 ], [ -96.478155, 32.983269 ], [ -96.478186, 32.983308 ], [ -96.478217, 32.983334 ], [ -96.478259, 32.983356 ], [ -96.4783, 32.983369 ], [ -96.478357, 32.983377 ], [ -96.47856, 32.983363 ], [ -96.478617, 32.983373 ], [ -96.478648, 32.98339 ], [ -96.478679, 32.983425 ], [ -96.478731, 32.983521 ], [ -96.478773, 32.98356 ], [ -96.47883, 32.983599 ], [ -96.478887, 32.983616 ], [ -96.478996, 32.983625 ], [ -96.479042, 32.983621 ], [ -96.479125, 32.983625 ], [ -96.479162, 32.983638 ], [ -96.479291, 32.983739 ], [ -96.479343, 32.983765 ], [ -96.479483, 32.983777 ], [ -96.479764, 32.983781 ], [ -96.479821, 32.983784 ], [ -96.479904, 32.983807 ], [ -96.479992, 32.983851 ], [ -96.48005, 32.983848 ], [ -96.480107, 32.983839 ], [ -96.480164, 32.98382 ], [ -96.480311, 32.983753 ], [ -96.480379, 32.983677 ], [ -96.480424, 32.983525 ], [ -96.480504, 32.98344 ], [ -96.480753, 32.983383 ], [ -96.480876, 32.983287 ], [ -96.480965, 32.983197 ], [ -96.480976, 32.983144 ], [ -96.480981, 32.983093 ], [ -96.480965, 32.982997 ], [ -96.480908, 32.982797 ], [ -96.480882, 32.982649 ], [ -96.481123, 32.982692 ], [ -96.481602, 32.982654 ], [ -96.482043, 32.982658 ], [ -96.48235, 32.982678 ], [ -96.482386, 32.982712 ], [ -96.482417, 32.982735 ], [ -96.482469, 32.982757 ], [ -96.482635, 32.982792 ], [ -96.482692, 32.982809 ], [ -96.482749, 32.982835 ], [ -96.482874, 32.982883 ], [ -96.482941, 32.9829 ], [ -96.483019, 32.982905 ], [ -96.483102, 32.982886 ], [ -96.483211, 32.982857 ], [ -96.483279, 32.982847 ], [ -96.483393, 32.982839 ], [ -96.483787, 32.982843 ], [ -96.483865, 32.982839 ], [ -96.483943, 32.982821 ], [ -96.484005, 32.982799 ], [ -96.48414, 32.982729 ], [ -96.484202, 32.982712 ], [ -96.484358, 32.982695 ], [ -96.48442, 32.982695 ], [ -96.484462, 32.982704 ], [ -96.484498, 32.982729 ], [ -96.484591, 32.982833 ], [ -96.484622, 32.982878 ], [ -96.484659, 32.98292 ], [ -96.484711, 32.982956 ], [ -96.484757, 32.982978 ], [ -96.484825, 32.982995 ], [ -96.484903, 32.983004 ], [ -96.485105, 32.983016 ], [ -96.485168, 32.983036 ], [ -96.48524, 32.983067 ], [ -96.485821, 32.983365 ], [ -96.486039, 32.983469 ], [ -96.486548, 32.983683 ], [ -96.487456, 32.98405 ], [ -96.487508, 32.984085 ], [ -96.487544, 32.984124 ], [ -96.487591, 32.984203 ], [ -96.487917, 32.984988 ], [ -96.487945, 32.985055 ], [ -96.487951, 32.985103 ], [ -96.48794, 32.985146 ], [ -96.487914, 32.98519 ], [ -96.487883, 32.985221 ], [ -96.487821, 32.985255 ], [ -96.487219, 32.985456 ], [ -96.4871, 32.985498 ], [ -96.486949, 32.985523 ], [ -96.486926, 32.985425 ], [ -96.486972, 32.985326 ], [ -96.486972, 32.98519 ], [ -96.486949, 32.985112 ], [ -96.486879, 32.985014 ], [ -96.486715, 32.984975 ], [ -96.486529, 32.985053 ], [ -96.486505, 32.985228 ], [ -96.486459, 32.985366 ], [ -96.486295, 32.985484 ], [ -96.486272, 32.985816 ], [ -96.486119, 32.985968 ], [ -96.485378, 32.986328 ], [ -96.485289, 32.986359 ], [ -96.485222, 32.986376 ], [ -96.484454, 32.986524 ], [ -96.484383, 32.986531 ], [ -96.484336, 32.986531 ], [ -96.484289, 32.986522 ], [ -96.484217, 32.986465 ], [ -96.484154, 32.986435 ], [ -96.484092, 32.986417 ], [ -96.484025, 32.986404 ], [ -96.483859, 32.986382 ], [ -96.483719, 32.98637 ], [ -96.483615, 32.986373 ], [ -96.483532, 32.98639 ], [ -96.483137, 32.986486 ], [ -96.483054, 32.986496 ], [ -96.482966, 32.986491 ], [ -96.482893, 32.986478 ], [ -96.482831, 32.986457 ], [ -96.482551, 32.986339 ], [ -96.482468, 32.986317 ], [ -96.482364, 32.986309 ], [ -96.481134, 32.986269 ], [ -96.481042, 32.98626 ], [ -96.480678, 32.985588 ], [ -96.471365, 32.985674 ], [ -96.466774, 32.986235 ], [ -96.466763, 32.984806 ], [ -96.466755, 32.984575 ], [ -96.466752, 32.984171 ] ], [ [ -96.475785, 32.97162 ], [ -96.475843, 32.971632 ], [ -96.475964, 32.971635 ], [ -96.475989, 32.971632 ], [ -96.476012, 32.971629 ], [ -96.476117, 32.971587 ], [ -96.476176, 32.971556 ], [ -96.476246, 32.971508 ], [ -96.476259, 32.971483 ], [ -96.476261, 32.971465 ], [ -96.476273, 32.971446 ], [ -96.476273, 32.971418 ], [ -96.476289, 32.971404 ], [ -96.476319, 32.97141 ], [ -96.476338, 32.971401 ], [ -96.476336, 32.971383 ], [ -96.476318, 32.971362 ], [ -96.476288, 32.971348 ], [ -96.476221, 32.971303 ], [ -96.476187, 32.971255 ], [ -96.476133, 32.971167 ], [ -96.475973, 32.971009 ], [ -96.475933, 32.970986 ], [ -96.475895, 32.970975 ], [ -96.475839, 32.970971 ], [ -96.475775, 32.970979 ], [ -96.475755, 32.970988 ], [ -96.475755, 32.971009 ], [ -96.47578, 32.971043 ], [ -96.475782, 32.971065 ], [ -96.47576, 32.971204 ], [ -96.475751, 32.971293 ], [ -96.475735, 32.971335 ], [ -96.475715, 32.971367 ], [ -96.475683, 32.971397 ], [ -96.475625, 32.971397 ], [ -96.475627, 32.971418 ], [ -96.475647, 32.971431 ], [ -96.475668, 32.971435 ], [ -96.475686, 32.971466 ], [ -96.475672, 32.971494 ], [ -96.475647, 32.971503 ], [ -96.475645, 32.971525 ], [ -96.47567, 32.971556 ], [ -96.475701, 32.971576 ], [ -96.475785, 32.97162 ] ], [ [ -96.467078, 32.986019 ], [ -96.467083, 32.986054 ], [ -96.467099, 32.986085 ], [ -96.46712, 32.986106 ], [ -96.46714, 32.98612 ], [ -96.467177, 32.986129 ], [ -96.467271, 32.98612 ], [ -96.467654, 32.986051 ], [ -96.467691, 32.986028 ], [ -96.467707, 32.986002 ], [ -96.467733, 32.985935 ], [ -96.46777, 32.985892 ], [ -96.46778, 32.985865 ], [ -96.467781, 32.985773 ], [ -96.467786, 32.985568 ], [ -96.467781, 32.985528 ], [ -96.467766, 32.985487 ], [ -96.46774, 32.985466 ], [ -96.467677, 32.985444 ], [ -96.467551, 32.985427 ], [ -96.467468, 32.985427 ], [ -96.467378, 32.985438 ], [ -96.467289, 32.985474 ], [ -96.467247, 32.985505 ], [ -96.467215, 32.985545 ], [ -96.467189, 32.985601 ], [ -96.467158, 32.985699 ], [ -96.467126, 32.985819 ], [ -96.467088, 32.985965 ], [ -96.467078, 32.986019 ] ] ], [ [ [ -96.481533, 32.981082 ], [ -96.481714, 32.981139 ], [ -96.481794, 32.981149 ], [ -96.481918, 32.981119 ], [ -96.482088, 32.981111 ], [ -96.482213, 32.981206 ], [ -96.482292, 32.981319 ], [ -96.482383, 32.981462 ], [ -96.482474, 32.981623 ], [ -96.482542, 32.981719 ], [ -96.482587, 32.981795 ], [ -96.483001, 32.982611 ], [ -96.480879, 32.982592 ], [ -96.481023, 32.98183 ], [ -96.481023, 32.981634 ], [ -96.481057, 32.98151 ], [ -96.481136, 32.981319 ], [ -96.48125, 32.981187 ], [ -96.481408, 32.981073 ], [ -96.481533, 32.981082 ] ] ], [ [ [ -96.469584, 32.996646 ], [ -96.469589, 32.996688 ], [ -96.469614, 32.996726 ], [ -96.469645, 32.996755 ], [ -96.469695, 32.996794 ], [ -96.469738, 32.99682 ], [ -96.469754, 32.996874 ], [ -96.469999, 32.997169 ], [ -96.470701, 32.997821 ], [ -96.471263, 32.998393 ], [ -96.471925, 32.998997 ], [ -96.472338, 32.999366 ], [ -96.47243, 32.999556 ], [ -96.472441, 32.999983 ], [ -96.472157, 33.000124 ], [ -96.471786, 33.000146 ], [ -96.471265, 32.999974 ], [ -96.47032, 32.999726 ], [ -96.468203, 32.999222 ], [ -96.468683, 32.998244 ], [ -96.469513, 32.996558 ], [ -96.469655, 32.996535 ], [ -96.469614, 32.996564 ], [ -96.469589, 32.996603 ], [ -96.469584, 32.996646 ] ] ] ] } }
]
}
